,window_mean,window_mean,window_mean,faithfulness_prtb_p90,faithfulness_prtb_p90,faithfulness_prtb_p90,correlation_true_imp_mean,correlation_true_imp_mean,correlation_true_imp_mean,detection_time,detection_time,detection_time
,mean,std,count,mean,std,count,mean,std,count,mean,std,count
mc_reps,,,,,,,,,,,,
100,375.5033848339082,35.55079067904322,42,2.0804882900186557,0.08250270053250386,42,0.5345254058672347,0.031919304482273834,42,1105.0897761583328,801.6676772742529,42
200,376.3309877571069,34.442269075213076,42,2.0801107333809816,0.08054426487531735,42,0.5343951141766757,0.032021011642450595,42,1121.8735625232969,813.2482084073757,42
300,376.03712811451067,35.08880167890688,42,2.078140869249566,0.08392390406394215,42,0.5338826863175736,0.031723069319807486,42,1135.6487363463357,823.5357445374578,42
