,window_mean,window_mean,window_mean,faithfulness_prtb_p90,faithfulness_prtb_p90,faithfulness_prtb_p90,correlation_true_imp_mean,correlation_true_imp_mean,correlation_true_imp_mean,detection_time,detection_time,detection_time
,mean,std,count,mean,std,count,mean,std,count,mean,std,count
N0,,,,,,,,,,,,
75,334.4664342068188,28.522001368799963,21,1.9469542841683674,0.0189108420889255,21,0.5505034673287126,0.01652911515259013,21,2.0333698817661832e-05,4.948631820420363e-06,21
100,350.55354399824444,22.25494336101638,21,2.0458424805880364,0.007403482527956552,21,0.5612543410950275,0.01723278790682311,21,2.1684737432570684e-05,4.621555938801902e-06,21
125,374.1679598356915,25.240314086723817,21,2.0459726474735427,0.011300138834833922,21,0.546582247858962,0.014804174251268789,21,1720.5488091877528,201.70810338138665,21
150,379.5616432929245,14.540776148306175,21,2.1042350802795498,0.02629268728397481,21,0.551208975914015,0.012379118638956431,21,1639.4687357289451,114.87766782437564,21
175,407.89835482804233,19.531643306041424,21,2.1331388262527375,0.01428086881035861,21,0.5170625780440504,0.013202992503143938,21,1746.5818685463496,156.02290220562946,21
200,409.0950652493302,16.80134601913334,21,2.2013364665361728,0.014018847683615528,21,0.4789948024822008,0.010791721789701423,21,1618.624694574447,129.69135880238608,21
