{
  "scenario_name": "random_2",
  "scenario_type": "random_sampling",
  "max_pairwise_l2": 0.7929756955141304,
  "baseline_reference": "piecewise_ar3",
  "regimes": [
    {
      "regime_id": 0,
      "time_range": [
        0,
        500
      ],
      "parameters": {
        "phi_1": 0.34798904151118387,
        "phi_2": -0.4430920792693044,
        "phi_3": -0.47396153706351807
      },
      "l2_distance_from_baseline": 0.8626860958339402
    },
    {
      "regime_id": 1,
      "time_range": [
        500,
        1000
      ],
      "parameters": {
        "phi_1": 0.5909763572643391,
        "phi_2": 0.263285961864476,
        "phi_3": -0.20788320073528824
      },
      "l2_distance_from_baseline": 0.889050832754596
    },
    {
      "regime_id": 2,
      "time_range": [
        1000,
        1500
      ],
      "parameters": {
        "phi_1": 0.4773299533642002,
        "phi_2": -0.15720014327811288,
        "phi_3": 0.045971282631148455
      },
      "l2_distance_from_baseline": 0.9877845024671589
    }
  ],
  "generation_params": {
    "T": 1500,
    "noise_sigma": 1.0,
    "regime_lengths": [
      500,
      500,
      500
    ],
    "seed": 43
  },
  "stationarity_check": {
    "regime_0_stationary": true,
    "regime_1_stationary": true,
    "regime_2_stationary": true
  },
  "pairwise_l2_distances": {
    "regime_0_vs_1": 0.7929756955141304,
    "regime_0_vs_2": 0.6072836302251263,
    "regime_1_vs_2": 0.5041489546380695
  }
}