end_index,y_true,y_hat,shap_lag_t-1,shap_lag_t-2,shap_lag_t-3,faithfulness_prtb_p90,faithfulness_sqnc_p90,faithfulness_prtb_p70,faithfulness_sqnc_p70,faithfulness_prtb_p50,faithfulness_sqnc_p50,ablation_mif_p90,ablation_lif_p90,ablation_mif_p70,ablation_lif_p70,ablation_mif_p50,ablation_lif_p50
3,2.0175411701202393,-0.19854402542114258,0.14195551723862682,0.3496353339528044,0.22860017762208984,0.3047865629196167,0.14113998413085938,0.3047865629196167,0.14113998413085938,0.6859812140464783,0.2833344340324402,0.3047865629196167,0.17502175271511078,0.3047865629196167,0.17502175271511078,0.21289360523223877,0.3700491189956665
4,-0.2851603925228119,0.7933048009872437,0.6245302602524558,0.17306686700632157,0.5194651318589845,0.5662301778793335,0.5662301778793335,0.5662301778793335,0.5662301778793335,0.5728573799133301,0.7085144519805908,0.5662301778793335,0.1543617844581604,0.5662301778793335,0.1543617844581604,0.7246280908584595,0.14325135946273804
5,0.4178526997566223,0.40327128767967224,0.042202048624555344,0.6564053585877021,0.03330835777024421,0.6132416129112244,0.5411285758018494,0.6132416129112244,0.5411285758018494,0.1293763816356659,0.5411285758018494,0.6132416129112244,0.2013430893421173,0.6132416129112244,0.2013430893421173,0.5771850943565369,0.24472597241401672
6,-0.35487741231918335,0.6510734558105469,0.13565819956362246,0.06835152704268699,0.7613904478028417,0.5327481627464294,0.5662830471992493,0.5327481627464294,0.5662830471992493,0.19336533546447754,0.5662830471992493,0.5327481627464294,0.059014201164245605,0.5327481627464294,0.059014201164245605,0.5870257616043091,0.05296659469604492
7,-1.6080511808395386,0.016612045466899872,0.06028954132149611,0.1574011840795477,0.09712406722207861,0.11348509788513184,0.024358250200748444,0.11348509788513184,0.024358250200748444,0.1861509382724762,0.06817837059497833,0.11348509788513184,0.09057309478521347,0.11348509788513184,0.09057309478521347,0.06701066344976425,0.13491205871105194
8,-1.9011194705963135,-0.264424592256546,0.37073954774687695,0.04455252020309375,0.328491140206655,0.9609494209289551,0.3872328996658325,0.9609494209289551,0.3872328996658325,0.8340837955474854,0.34921500086784363,0.3872328996658325,0.08636149764060974,0.3872328996658325,0.08636149764060974,0.3214898407459259,0.0646660327911377
9,-4.298342704772949,-1.0079244375228882,0.4599764755492411,0.4284660416965683,0.058141744236151593,0.9530015587806702,0.49233418703079224,0.9530015587806702,0.49233418703079224,1.8109989166259766,0.976615309715271,0.49233418703079224,0.14505910873413086,0.49233418703079224,0.14505910873413086,0.734474778175354,0.3868171274662018
10,-2.1065316200256348,-2.2083399295806885,1.0284905448555945,0.5397414900362492,0.46248423017561446,1.826047658920288,0.9992069005966187,1.826047658920288,0.9992069005966187,2.58655047416687,1.6840057373046875,0.9992069005966187,0.6445870399475098,0.9992069005966187,0.6445870399475098,1.3416063785552979,0.933392345905304
11,-1.6955982446670532,-2.7315781116485596,0.5291569200779,1.420585228788356,0.604212298269073,2.2322394847869873,2.075230598449707,2.2322394847869873,2.075230598449707,2.9099602699279785,2.816368579864502,1.5719411373138428,0.548121452331543,1.5719411373138428,0.548121452331543,1.9365750551223755,0.9700080156326294
12,-2.2686688899993896,-2.75892972946167,0.3799536618466184,0.6279753774280343,1.5733767872552078,2.7422432899475098,2.843719959259033,2.7422432899475098,2.843719959259033,3.171292304992676,2.843719959259033,1.7647732496261597,0.3573458194732666,1.7647732496261597,0.3573458194732666,2.0974552631378174,0.718708872795105
13,-2.512169361114502,-1.9185998439788818,0.5419406187285978,0.4988858856012426,0.7001496751358112,1.090850830078125,2.003390312194824,1.090850830078125,2.003390312194824,1.8391141891479492,2.003390312194824,0.9293081760406494,0.6314972639083862,0.9293081760406494,0.6314972639083862,1.224836826324463,0.8995799422264099
14,-0.5288283228874207,-2.0216004848480225,0.6157019170187412,0.7022891502827406,0.5259857530333103,1.0207576751708984,1.4582960605621338,1.0207576751708984,1.4582960605621338,1.871530294418335,1.4582960605621338,0.8548644781112671,0.7474831342697144,0.8548644781112671,0.7474831342697144,1.1565802097320557,1.0878936052322388
15,-2.582125425338745,-1.8905272483825684,0.11055124969532093,0.8053567394365867,0.7969955947374303,1.5845001935958862,1.0643165111541748,1.5845001935958862,1.0643165111541748,2.8405308723449707,1.9753177165985107,0.9367287158966064,0.1307765245437622,0.9367287158966064,0.1307765245437622,1.3903687000274658,0.6702286601066589
16,-1.3263672590255737,-1.7173466682434082,0.6055172922089695,0.09624520782381296,0.8379605036973955,1.6299339532852173,1.8021371364593506,1.6299339532852173,1.8021371364593506,2.7853846549987793,1.8021371364593506,1.0279957056045532,0.18285417556762695,1.0279957056045532,0.18285417556762695,1.3451132774353027,0.48043569922447205
17,-1.4869612455368042,-1.3127089738845825,0.32537253286068646,0.7862122121391196,0.02350056437154624,1.4631640911102295,1.2208945751190186,1.4631640911102295,1.2208945751190186,2.114474296569824,1.2208945751190186,0.8946559429168701,0.23298108577728271,0.8946559429168701,0.23298108577728271,1.0577752590179443,0.419644832611084
18,-1.6467162370681763,-1.8048906326293945,0.34227702555557116,0.3783574932937819,0.9066323300575216,1.5928351879119873,1.8896809816360474,1.5928351879119873,1.8896809816360474,1.8884871006011963,1.8896809816360474,1.1442989110946655,0.34416258335113525,1.1442989110946655,0.34416258335113525,1.3356331586837769,0.5886844396591187
19,-1.511919379234314,-1.327244520187378,0.39198400638997544,0.4142818837799131,0.34335496550425915,0.5713650584220886,0.9249011874198914,0.5713650584220886,0.9249011874198914,1.0598113536834717,0.9249011874198914,0.5227063298225403,0.5719633102416992,0.5227063298225403,0.5719633102416992,0.7238037586212158,0.7837663888931274
20,-1.8299723863601685,-1.4316413402557373,0.3588494991883635,0.47569234274327765,0.41947583381086584,0.6415404081344604,0.9604256749153137,0.6415404081344604,0.9604256749153137,1.1881186962127686,1.5164318084716797,0.5920480489730835,0.3787645101547241,0.5920480489730835,0.3787645101547241,0.869851291179657,0.7139943242073059
21,-2.235732316970825,-1.5302159786224365,0.4361013780037559,0.42883202961335587,0.4876587872828049,0.7724280953407288,1.6150063276290894,0.7724280953407288,1.6150063276290894,1.3294498920440674,1.6150063276290894,0.719527006149292,0.5462640523910522,0.719527006149292,0.5462640523910522,0.9551182389259338,0.767494797706604
22,-2.050293207168579,-1.693308711051941,0.5426789133250716,0.5376828726381065,0.4353232605755326,0.7546935677528381,0.5587042570114136,0.7546935677528381,0.5587042570114136,1.5097815990447998,1.211223840713501,0.5587042570114136,0.6625511646270752,0.5587042570114136,0.6625511646270752,0.8849640488624573,0.9465731382369995
23,-3.243945837020874,-1.958526849746704,0.49761008148391994,0.6951861992975077,0.588106904452046,0.9672036170959473,1.3346080780029297,0.9672036170959473,1.3346080780029297,1.6417646408081055,2.0433173179626465,0.8430759906768799,0.512435793876648,0.8430759906768799,0.512435793876648,1.1926257610321045,0.9446602463722229
24,-1.94552481174469,-2.3328590393066406,0.7791608706489206,0.6203566163405776,0.755717649385333,1.0707154273986816,0.7606430053710938,1.0707154273986816,0.7606430053710938,2.2503509521484375,2.417649269104004,0.7606430053710938,0.7709591388702393,0.7606430053710938,0.7709591388702393,1.2882649898529053,1.1919214725494385
25,-0.7688453197479248,-2.412493944168091,0.4785180861751239,1.0660176283741993,0.6903345651055373,1.600524663925171,1.6875683069229126,1.600524663925171,1.6875683069229126,2.3709564208984375,2.497284412384033,1.2251676321029663,0.4944581985473633,1.2251676321029663,0.4944581985473633,1.6236627101898193,0.9767991304397583
26,0.6464933156967163,-2.151484251022339,0.1649986489675943,0.5992000897601246,1.2096618477813896,2.3409507274627686,2.2362747192382812,2.3409507274627686,2.2362747192382812,2.9351882934570312,2.2362747192382812,1.4623970985412598,0.1729142665863037,1.4623970985412598,0.1729142665863037,1.7545957565307617,0.528030276298523
27,0.7786812782287598,-0.7829233407974243,0.19908597532659766,0.2064496712014079,0.5979359804093838,1.520677089691162,0.8677137494087219,1.520677089691162,0.8677137494087219,2.065351963043213,0.8677137494087219,0.8345115184783936,0.1656014323234558,0.8345115184783936,0.1656014323234558,0.9366377592086792,0.13591912388801575
28,0.7419864535331726,0.22598141431808472,0.2515892988195022,0.22385734145840008,0.07184159124890965,0.21571239829063416,0.21571239829063416,0.21571239829063416,0.21571239829063416,0.3666365146636963,0.4054711163043976,0.21571239829063416,0.24797174334526062,0.21571239829063416,0.24797174334526062,0.31059175729751587,0.15731588006019592
29,1.2329363822937012,0.6833529472351074,0.24287873458117237,0.23372557800263183,0.3843722991645335,0.14175939559936523,0.5985625386238098,0.14175939559936523,0.5985625386238098,0.3391334116458893,0.5985625386238098,0.18035447597503662,0.21264740824699402,0.18035447597503662,0.21264740824699402,0.2838708162307739,0.3106498122215271
30,0.18027225136756897,0.8560422658920288,0.3923924606417615,0.21823413824041682,0.4230393315230808,0.08702242374420166,0.7712518572807312,0.08702242374420166,0.7712518572807312,0.44213950634002686,0.7712518572807312,0.21690773963928223,0.20873701572418213,0.21690773963928223,0.20873701572418213,0.39371171593666077,0.37708884477615356
31,1.4528483152389526,0.6849474310874939,0.08473172053694733,0.3705615245550871,0.40727779090404503,0.06570839881896973,0.6001569628715515,0.06570839881896973,0.6001569628715515,0.4077528119087219,0.6001569628715515,0.20278429985046387,0.051403939723968506,0.20278429985046387,0.051403939723968506,0.378315806388855,0.21781204640865326
32,1.8988364934921265,0.8758050203323364,0.4501937710369627,0.048078532616297576,0.5551565004015961,0.27086132764816284,0.7910147309303284,0.27086132764816284,0.7910147309303284,0.6773066520690918,0.7910147309303284,0.3364643454551697,0.04640871286392212,0.3364643454551697,0.04640871286392212,0.5399699211120605,0.2475060522556305
33,1.7099659442901611,1.1575658321380615,0.6301002909243107,0.46272102985531094,0.24236817587167003,0.6050333976745605,0.6050333976745605,0.6050333976745605,0.6050333976745605,0.9008573889732361,1.0172332525253296,0.6050333976745605,0.05405378341674805,0.6050333976745605,0.05405378341674805,0.8111333250999451,0.29328328371047974
34,0.5139702558517456,1.6174180507659912,0.5880183650925757,0.6051683948934077,0.6018549552932383,0.6562567949295044,1.1374645233154297,0.6562567949295044,1.1374645233154297,0.9183093309402466,1.5326275825500488,0.6562567949295044,0.5956535339355469,0.6562567949295044,0.5956535339355469,0.8530935645103455,0.781395673751831
35,0.09100660681724548,1.2142634391784668,0.1838239779074986,0.5068989568700396,0.7011641689141589,0.4708213210105896,1.1294729709625244,0.4708213210105896,1.1294729709625244,0.9439860582351685,1.1294729709625244,0.4708213210105896,0.16269123554229736,0.4708213210105896,0.16269123554229736,0.7327444553375244,0.39877110719680786
36,0.033379700034856796,0.6811341047286987,0.052097559738904176,0.14124020505696533,0.6654200044460595,0.43527093529701233,0.5963436961174011,0.43527093529701233,0.5963436961174011,0.2358887791633606,0.5963436961174011,0.43527093529701233,0.023716211318969727,0.43527093529701233,0.023716211318969727,0.5041780471801758,0.08315593004226685
37,1.0401691198349,0.26866403222084045,0.0407897969583671,0.051555877986053544,0.3539420217896501,0.151392862200737,0.18387362360954285,0.151392862200737,0.18387362360954285,0.06275534629821777,0.18387362360954285,0.151392862200737,0.008457392454147339,0.151392862200737,0.008457392454147339,0.1633814573287964,0.019674435257911682
38,0.9762221574783325,0.40425169467926025,0.3248007798194885,0.030454572476446562,0.22662000689655548,0.28248119354248047,0.28248119354248047,0.28248119354248047,0.28248119354248047,0.040888845920562744,0.31946128606796265,0.28248119354248047,0.008936673402786255,0.28248119354248047,0.008936673402786255,0.2965816259384155,0.022940143942832947
39,-0.2619403004646301,0.6661086082458496,0.318653654952844,0.3259798216943939,0.199098796111842,0.3069390654563904,0.5708690285682678,0.3069390654563904,0.5708690285682678,0.5545597076416016,0.5708690285682678,0.3069390654563904,0.009824395179748535,0.3069390654563904,0.009824395179748535,0.4389040470123291,0.1517694592475891
40,0.3979851007461548,0.5600028038024902,0.03815012176831578,0.286068327339987,0.4897083223486941,0.2768317759037018,0.4752124547958374,0.2768317759037018,0.4752124547958374,0.5242437720298767,0.4752124547958374,0.2768317759037018,0.07045120000839233,0.2768317759037018,0.07045120000839233,0.4088960886001587,0.12573623657226562
41,-0.3407117426395416,0.4038957357406616,0.1368687175462644,0.05055568036933744,0.49520642268160975,0.2847324311733246,0.3191053867340088,0.2847324311733246,0.3191053867340088,0.23621585965156555,0.3191053867340088,0.2847324311733246,0.06080108880996704,0.2847324311733246,0.06080108880996704,0.3363644480705261,0.051059871912002563
42,-1.3592067956924438,0.02222161740064621,0.05659079983830456,0.15135783549398185,0.10507823880761863,0.10779540985822678,0.02220465987920761,0.10779540985822678,0.02220465987920761,0.1721164435148239,0.06256880611181259,0.10779540985822678,0.08689061552286148,0.10779540985822678,0.08689061552286148,0.0652254968881607,0.12758132815361023
43,-1.7875521183013916,-0.2073291540145874,0.3090947351977229,0.0434586350992322,0.322847880795598,0.1288069784641266,0.292119562625885,0.1288069784641266,0.292119562625885,0.6984825134277344,0.292119562625885,0.1288069784641266,0.08328122645616531,0.1288069784641266,0.08328122645616531,0.16560645401477814,0.247630774974823
44,-0.7493968605995178,-0.883090615272522,0.4272630932057898,0.3452514034944276,0.06704754594092577,0.8772408962249756,0.45582279562950134,0.8772408962249756,0.45582279562950134,1.5756787061691284,0.8566004633903503,0.45582279562950134,0.13564330339431763,0.45582279562950134,0.13564330339431763,0.6562116146087646,0.33369019627571106
45,-0.3903472423553467,-1.2363255023956299,0.16747826958696055,0.5267563015098371,0.3644672667856019,0.9483673572540283,0.820054292678833,0.9483673572540283,0.820054292678833,1.5785377025604248,1.3211159706115723,0.6342850923538208,0.19279074668884277,0.6342850923538208,0.19279074668884277,0.8853082060813904,0.5003809928894043
46,1.4764325618743896,-0.9617738723754883,0.07411541671802602,0.18585402240355808,0.5241807687406739,1.178974986076355,1.0465643405914307,1.178974986076355,1.0465643405914307,1.4145945310592651,1.0465643405914307,0.7483071088790894,0.09574443101882935,0.7483071088790894,0.09574443101882935,0.8487164974212646,0.22641506791114807
47,1.6077300310134888,0.12692151963710785,0.45702514735360933,0.08637131916979951,0.06610864403347166,0.41543179750442505,0.41543179750442505,0.41543179750442505,0.41543179750442505,0.27974921464920044,0.29912155866622925,0.41543179750442505,0.2658974528312683,0.41543179750442505,0.2658974528312683,0.35727667808532715,0.3178078830242157
48,1.9814800024032593,0.8956072926521301,0.5327822793026764,0.4823217608531316,0.058126917009552415,0.5045509338378906,0.5045509338378906,0.5045509338378906,0.5045509338378906,0.9025484919548035,0.9390531778335571,0.5045509338378906,0.12062293291091919,0.5045509338378906,0.12062293291091919,0.7218020558357239,0.23991945385932922
49,0.9123896360397339,1.6018062829971313,0.669271074583133,0.5005667403091989,0.6095922518273195,0.6728350520133972,0.6728350520133972,0.6728350520133972,0.6728350520133972,0.9095659255981445,1.5170159339904785,0.6728350520133972,0.5513827800750732,0.6728350520133972,0.5513827800750732,0.8614501953125,0.7514907717704773
50,0.7222998738288879,1.390516757965088,0.31776743291566767,0.6158457148323454,0.634527274730305,0.3075432777404785,1.3057262897491455,0.3075432777404785,1.3057262897491455,0.9482365250587463,1.3057262897491455,0.41496729850769043,0.3072025775909424,0.41496729850769043,0.3072025775909424,0.7374828457832336,0.5910362005233765
51,0.20032235980033875,1.0283825397491455,0.2333509485920271,0.24868816192572307,0.7239670937446256,0.4898887872695923,0.9435921311378479,0.4898887872695923,0.9435921311378479,0.43996351957321167,0.9435921311378479,0.4898887872695923,0.20885837078094482,0.4898887872695923,0.20885837078094482,0.6207027435302734,0.320262610912323
52,1.0241808891296387,0.5813146233558655,0.08653123710304489,0.21426123183220613,0.4581458189338447,0.24765363335609436,0.49652421474456787,0.24765363335609436,0.49652421474456787,0.39453545212745667,0.49652421474456787,0.24765363335609436,0.053840458393096924,0.24765363335609436,0.053840458393096924,0.3463283181190491,0.14457860589027405
53,0.43165749311447144,0.6228035092353821,0.3200410143037638,0.06619221919526641,0.41419399985422695,0.1160423755645752,0.5380131602287292,0.1160423755645752,0.5380131602287292,0.3952716588973999,0.5380131602287292,0.20537802577018738,0.05156731605529785,0.20537802577018738,0.05156731605529785,0.3452690839767456,0.18948501348495483
54,1.3144583702087402,0.5462555289268494,0.15567642717932673,0.31786864918967084,0.25033411707108216,0.2875865399837494,0.39987707138061523,0.2875865399837494,0.39987707138061523,0.11232280731201172,0.46146512031555176,0.2875865399837494,0.1211901605129242,0.2875865399837494,0.1211901605129242,0.31821775436401367,0.14991652965545654
55,-1.1775184869766235,0.8510225415229797,0.4114994920169315,0.12249510457118329,0.4946516094480953,0.19647109508514404,0.7662321329116821,0.19647109508514404,0.7662321329116821,0.5665810108184814,0.7662321329116821,0.2813572883605957,0.11552292108535767,0.2813572883605957,0.11552292108535767,0.4663892984390259,0.2958231568336487
56,-0.15068407356739044,0.2594805359840393,0.2783439569361509,0.3990945412032306,0.31635364603251226,0.33013060688972473,0.04513457417488098,0.33013060688972473,0.04513457417488098,0.20240110158920288,0.1746901571750641,0.33013060688972473,0.31811532378196716,0.33013060688972473,0.31811532378196716,0.39636117219924927,0.25769108533859253
57,1.712525486946106,0.15966841578483582,0.008598663943509277,0.2761735314006606,0.6220642458399136,0.43635883927345276,0.07487796992063522,0.43635883927345276,0.07487796992063522,0.6493958234786987,0.07487796992063522,0.43635883927345276,0.036936014890670776,0.43635883927345276,0.036936014890670776,0.2746291160583496,0.16215313971042633
58,2.3248891830444336,0.10150221735239029,0.5307678519810239,0.01684080806871252,0.23480116204669083,0.4892140030860901,0.4892140030860901,0.4892140030860901,0.4892140030860901,0.6337695717811584,0.016711801290512085,0.4892140030860901,0.04832848161458969,0.4892140030860901,0.04832848161458969,0.272761732339859,0.2575467824935913
59,1.771134376525879,1.300653338432312,0.7802024625862636,0.5639092929909629,0.13416512815902637,0.758183479309082,0.758183479309082,0.758183479309082,0.758183479309082,1.0970216989517212,1.264012336730957,0.758183479309082,0.046813011169433594,0.758183479309082,0.046813011169433594,1.0110979080200195,0.2969368100166321
60,3.3511977195739746,1.8730387687683105,0.6264542466898759,0.7610100893055396,0.6631980972861252,0.832680344581604,1.3339340686798096,0.832680344581604,1.3339340686798096,1.108961582183838,1.7882483005523682,0.832680344581604,0.651566743850708,0.832680344581604,0.651566743850708,1.0597963333129883,0.8627269864082336
61,2.68668532371521,2.314765691757202,1.115091232955456,0.559109843894839,0.8181882794201374,1.1620651483535767,1.1620651483535767,1.1620651483535767,1.1620651483535767,1.4350274801254272,2.2299752235412598,1.1620651483535767,0.6799716949462891,1.1620651483535767,0.6799716949462891,1.435112476348877,0.9808450937271118
62,3.613248825073242,2.6242311000823975,0.9878402078710495,1.1482185257226232,0.6657960310019551,1.2928705215454102,2.0722532272338867,1.2928705215454102,2.0722532272338867,1.8995803594589233,2.0722532272338867,1.2928705215454102,0.4741218090057373,1.2928705215454102,0.4741218090057373,1.6825618743896484,0.9756550192832947
63,1.9313273429870605,2.966883897781372,1.2455849904691183,0.8966878038768962,1.002234767948588,1.3652052879333496,1.3652052879333496,1.3652052879333496,1.3652052879333496,1.9679310321807861,2.8820934295654297,1.3652052879333496,1.0755689144134521,1.3652052879333496,1.0755689144134521,1.703073501586914,1.4743274450302124
64,3.037905693054199,2.5516812801361084,0.7241559429963429,1.177281473254164,0.8278675283988317,1.265291690826416,1.8216578960418701,1.265291690826416,1.8216578960418701,1.6546438932418823,2.466890811920166,1.265291690826416,0.7930327653884888,1.265291690826416,0.7930327653884888,1.5910122394561768,1.0588507652282715
65,1.2968825101852417,2.503434419631958,1.0346308079237745,0.6044991249839464,1.0419281512374674,0.8533048629760742,2.4186439514160156,0.8533048629760742,2.4186439514160156,1.6598141193389893,2.4186439514160156,0.8533048629760742,0.7264997959136963,0.8533048629760742,0.7264997959136963,1.3476262092590332,1.1803001165390015
66,-0.05835624784231186,1.9879684448242188,0.47674755702416105,0.9928531660015382,0.6959912671024604,1.0460115671157837,1.401710867881775,1.0460115671157837,1.401710867881775,1.2368497848510742,1.9031778573989868,1.0460115671157837,0.4976494312286377,1.0460115671157837,0.4976494312286377,1.2955882549285889,0.7200236320495605
67,0.7293523550033569,1.1027839183807373,0.007975795951982612,0.34548422635843357,0.9269475605835515,0.6679669618606567,1.017993450164795,0.6679669618606567,1.017993450164795,0.5237244963645935,1.017993450164795,0.6679669618606567,0.016547441482543945,0.6679669618606567,0.016547441482543945,0.850377082824707,0.16604235768318176
68,2.0866236686706543,0.6204138994216919,0.2287150822083155,0.00731361615781978,0.5766360978844265,0.35717231035232544,0.5356234908103943,0.35717231035232544,0.5356234908103943,0.4017789363861084,0.5356234908103943,0.35717231035232544,0.013662219047546387,0.35717231035232544,0.013662219047546387,0.45406606793403625,0.09564311802387238
69,1.027628779411316,0.882919430732727,0.6654262040431299,0.22474385129908736,0.1703730399037401,0.6183174848556519,0.6183174848556519,0.6183174848556519,0.6183174848556519,0.4296637773513794,0.8165833353996277,0.6183174848556519,0.017502665519714355,0.6183174848556519,0.017502665519714355,0.7174503803253174,0.10915842652320862
70,-0.18198394775390625,1.260969877243042,0.3607569410155216,0.6732394929851095,0.40459710775564117,0.6868427395820618,0.9636585712432861,0.6868427395820618,0.9636585712432861,0.5277460813522339,1.1761794090270996,0.6868427395820618,0.3466970920562744,0.6868427395820618,0.3466970920562744,0.7920698523521423,0.4460967183113098
71,0.5062604546546936,0.8236488103866577,0.021827306561172044,0.27874105274677285,0.7443587287142872,0.5042329430580139,0.7388584017753601,0.5042329430580139,0.7388584017753601,0.49500226974487305,0.7388584017753601,0.5042329430580139,0.049651265144348145,0.5042329430580139,0.049651265144348145,0.6444703340530396,0.1275421679019928
72,-1.3220065832138062,0.46413737535476685,0.16663467484215888,0.03230811641861997,0.5074344516421359,0.29486000537872314,0.37934693694114685,0.29486000537872314,0.37934693694114685,0.29077789187431335,0.37934693694114685,0.29486000537872314,0.04250016808509827,0.29486000537872314,0.04250016808509827,0.3610180616378784,0.06542845070362091
73,0.05355535447597504,-0.16644585132598877,0.3052216240701576,0.1878691972295443,0.1285302102255325,0.8608309030532837,0.3307933807373047,0.8608309030532837,0.3307933807373047,0.7128981351852417,0.19287779927253723,0.3307933807373047,0.05634715408086777,0.3307933807373047,0.05634715408086777,0.26183557510375977,0.0639355331659317
74,1.0310497283935547,-0.08280351012945175,0.04648875416566933,0.32895942023644853,0.37729080555339656,0.18378612399101257,0.16759394109249115,0.18378612399101257,0.16759394109249115,0.7250726819038391,0.16759394109249115,0.18378612399101257,0.013994038105010986,0.18378612399101257,0.013994038105010986,0.18251927196979523,0.1661960333585739
75,-0.3982219696044922,-0.1011015996336937,0.31851129565387964,0.05175613693892955,0.29374541241675617,0.28234052658081055,0.28234052658081055,0.28234052658081055,0.28234052658081055,0.7821660041809082,0.18589206039905548,0.28234052658081055,0.017486095428466797,0.28234052658081055,0.017486095428466797,0.24116085469722748,0.24162589013576508
76,-0.13172675669193268,0.2785775065422058,0.07216855088869734,0.3246053974827131,0.20376432446142034,0.2763325870037079,0.1770591139793396,0.2763325870037079,0.1770591139793396,0.012884438037872314,0.1937870979309082,0.2763325870037079,0.106657475233078,0.2763325870037079,0.106657475233078,0.284745991230011,0.09887252748012543
77,1.1668537855148315,0.25489628314971924,0.0033945876732469626,0.07824491651728752,0.514159451853484,0.30828985571861267,0.17010587453842163,0.30828985571861267,0.17010587453842163,0.20100289583206177,0.17010587453842163,0.30828985571861267,0.03218710422515869,0.30828985571861267,0.03218710422515869,0.25583240389823914,0.07697270810604095
78,-0.49334150552749634,0.23755797743797302,0.36230431184172623,0.010894488692283544,0.06377181880176064,0.32048872113227844,0.32048872113227844,0.32048872113227844,0.32048872113227844,0.24020853638648987,0.15276756882667542,0.32048872113227844,0.037324994802474976,0.32048872113227844,0.037324994802474976,0.25393542647361755,0.1020423024892807
79,-1.11520254611969,0.23831185698509216,0.09763822787751764,0.3693644666547577,0.14420928272108235,0.31846654415130615,0.19552293419837952,0.31846654415130615,0.19552293419837952,0.08604374527931213,0.15352144837379456,0.31846654415130615,0.1336245834827423,0.31846654415130615,0.1336245834827423,0.29732179641723633,0.15305852890014648
80,-0.3234957456588745,0.041520580649375916,0.24689492466549084,0.09008171039323015,0.5561207833637795,0.3602597117424011,0.04326993227005005,0.3602597117424011,0.04326993227005005,0.570830762386322,0.04326993227005005,0.3602597117424011,0.10536309331655502,0.3602597117424011,0.10536309331655502,0.22368267178535461,0.237360879778862
81,-0.7912420630455017,-0.49485719203948975,0.05425516835103428,0.2813118835041921,0.018333524328966955,0.5563684105873108,0.4155890643596649,0.5563684105873108,0.4155890643596649,0.6414501667022705,0.4155890643596649,0.3340284526348114,0.1924820840358734,0.3340284526348114,0.1924820840358734,0.37480875849723816,0.23410259187221527
82,-1.518708348274231,-0.6123327016830444,0.17292185925568132,0.04202202132592603,0.21976515658820678,0.6610920429229736,0.697123110294342,0.6610920429229736,0.697123110294342,0.9706297516822815,0.697123110294342,0.41746625304222107,0.10094165802001953,0.41746625304222107,0.10094165802001953,0.514717161655426,0.1992194503545761
83,-1.8025565147399902,-0.620807409286499,0.3534780205848317,0.16908055002490674,0.07937482583646971,0.7084923982620239,0.3761856257915497,0.7084923982620239,0.3761856257915497,1.0648198127746582,0.6001521944999695,0.3761856257915497,0.11952722072601318,0.3761856257915497,0.11952722072601318,0.4881688952445984,0.22734875977039337
84,-0.6306650042533875,-1.1364929676055908,0.4333937398840984,0.4104683165376383,0.11500724667062379,0.7479739189147949,0.4605756998062134,0.7479739189147949,0.4605756998062134,1.449021339416504,0.9485675096511841,0.4605756998062134,0.33043837547302246,0.4605756998062134,0.33043837547302246,0.7045716047286987,0.5559437274932861
85,-1.711656093597412,-1.2886676788330078,0.13692813344299815,0.5370462760701775,0.43706960480660184,1.0092836618423462,0.8036189079284668,1.0092836618423462,0.8036189079284668,1.769747018814087,1.3734581470489502,0.6472519636154175,0.16114437580108643,0.6472519636154175,0.16114437580108643,0.9323263764381409,0.508249044418335
86,0.5167556405067444,-1.2387442588806152,0.4002999851169685,0.13279587768639123,0.5280246123547356,1.112926721572876,1.323534607887268,1.112926721572876,1.323534607887268,1.799335241317749,1.323534607887268,0.7367676496505737,0.21526825428009033,0.7367676496505737,0.21526825428009033,0.9464240074157715,0.4212658405303955
87,0.29964178800582886,-0.527518093585968,0.17389842898895333,0.48306606809298175,0.04072673036406449,1.2687973976135254,0.3991088569164276,1.2687973976135254,0.3991088569164276,1.1005975008010864,0.3991088569164276,0.5356401205062866,0.26894545555114746,0.5356401205062866,0.26894545555114746,0.4673745036125183,0.19650188088417053
88,-0.8766613602638245,-0.3210761249065399,0.10898900171120962,0.20132017792512966,0.45376166983197125,1.1627904176712036,0.4058665633201599,1.1627904176712036,0.4058665633201599,1.04230535030365,0.4058665633201599,0.6233643293380737,0.07955968379974365,0.6233643293380737,0.07955968379974365,0.553380012512207,0.16449153423309326
89,-2.2505717277526855,0.0975257158279419,0.19132790435726443,0.1162291633648177,0.35024812133361893,0.15119728446006775,0.01273529976606369,0.15119728446006775,0.01273529976606369,0.457708477973938,0.01273529976606369,0.15119728446006775,0.07185415178537369,0.15119728446006775,0.07185415178537369,0.10887643694877625,0.10644347965717316
90,-2.6167705059051514,-0.6018073558807373,0.5360427320872745,0.18191496585806205,0.29377400657782954,1.2975220680236816,0.5545479655265808,1.2975220680236816,0.5545479655265808,1.2012776136398315,0.6865977644920349,0.5545479655265808,0.2294476330280304,0.5545479655265808,0.2294476330280304,0.5028334259986877,0.1824071854352951
91,-2.7001888751983643,-1.6703441143035889,0.6526566612720486,0.673146280348301,0.16691750817000894,1.1489390134811401,1.4498428106307983,1.1489390134811401,1.4498428106307983,2.4095001220703125,1.4498428106307983,0.8070647120475769,0.3761308193206787,0.8070647120475769,0.3761308193206787,1.1284537315368652,0.7297940254211426
92,-2.496333599090576,-2.4433858394622803,0.6566092083603143,0.8351925818994645,0.773960384689271,1.1075421571731567,1.625589370727539,1.1075421571731567,1.625589370727539,1.9499351978302002,2.5281763076782227,0.9952335357666016,0.6539356708526611,0.9952335357666016,0.6539356708526611,1.4290952682495117,1.1891043186187744
93,-1.5393297672271729,-2.576056480407715,0.6005827476456762,0.8646077442914251,0.9332420855388041,1.1799989938735962,2.660846710205078,1.1799989938735962,2.660846710205078,2.1346020698547363,2.660846710205078,1.1296141147613525,0.5917348861694336,1.1296141147613525,0.5917348861694336,1.588579535484314,1.0900626182556152
94,-2.5797841548919678,-2.3139894008636475,0.36134533348182885,0.7952108639168238,0.9798095389517645,1.6897172927856445,2.39877986907959,1.6897172927856445,2.39877986907959,2.572866916656494,2.39877986907959,1.2097502946853638,0.3653850555419922,1.2097502946853638,0.3653850555419922,1.6165435314178467,0.8266843557357788
95,-3.6459362506866455,-2.098329782485962,0.6102933108930787,0.4429810349394878,0.8674317721401652,1.4458612203598022,2.1831202507019043,1.4458612203598022,2.1831202507019043,2.3845465183258057,2.1831202507019043,1.0860826969146729,0.5711706876754761,1.0860826969146729,0.5711706876754761,1.4181321859359741,0.8687543272972107
96,-2.3782958984375,-2.3301446437835693,0.8972742907827098,0.8036145710324245,0.4516321174552047,1.5336196422576904,0.8969273567199707,1.5336196422576904,0.8969273567199707,2.8185312747955322,1.8360742330551147,0.8969273567199707,0.6423497200012207,0.8969273567199707,0.6423497200012207,1.3665008544921875,1.0747876167297363
97,-2.09152889251709,-2.8527629375457764,0.5801983030140399,1.1939801658317446,0.9009608041867616,1.6949758529663086,1.88215970993042,1.6949758529663086,1.88215970993042,2.7116544246673584,2.9375534057617188,1.3345725536346436,0.573676586151123,1.3345725536346436,0.573676586151123,1.8443573713302612,1.1612811088562012
98,-2.742445945739746,-2.7397987842559814,0.48296846500287494,0.7337830060223736,1.3454238871360817,2.167135238647461,2.824589490890503,2.167135238647461,2.824589490890503,2.8120617866516113,2.824589490890503,1.533229947090149,0.45969247817993164,1.533229947090149,0.45969247817993164,1.923201560974121,0.8820514678955078
99,-3.0405406951904297,-2.3025200366973877,0.6577773854136468,0.6416814112290739,0.8254375755414367,1.1550925970077515,2.38731050491333,1.1550925970077515,2.38731050491333,2.078073740005493,2.38731050491333,1.0392260551452637,0.7899578809738159,1.0392260551452637,0.7899578809738159,1.4052690267562866,1.1076443195343018
100,-3.5210788249969482,-2.500227689743042,0.7438570094481112,0.8782080373540522,0.7005389784276483,1.230006217956543,1.7562360763549805,1.230006217956543,1.7562360763549805,2.240337610244751,1.7562360763549805,1.0439202785491943,0.8938009738922119,1.0439202785491943,0.8938009738922119,1.4000781774520874,1.3142590522766113
101,-0.9832109212875366,-2.9534220695495605,0.8407565123463674,0.9732566811392702,0.9617852115506927,1.214118480682373,1.9080815315246582,1.214118480682373,1.9080815315246582,2.229463815689087,3.038212537765503,1.1231634616851807,0.7995049953460693,1.1231634616851807,0.7995049953460693,1.6427663564682007,1.4380321502685547
102,-2.976677656173706,-2.652106523513794,0.2242248915384213,1.1405258535842098,1.1097321138779326,2.0346364974975586,1.4725584983825684,2.0346364974975586,1.4725584983825684,3.695913791656494,2.7368969917297363,1.2484681606292725,0.22985601425170898,1.2484681606292725,0.22985601425170898,1.8721197843551636,0.9123042821884155
103,-3.877161741256714,-2.375251054763794,0.6824510928491752,0.246447189139823,1.2687291082615655,2.257617950439453,2.4600415229797363,2.257617950439453,2.4600415229797363,3.459085702896118,2.4600415229797363,1.451210856437683,0.34671998023986816,1.451210856437683,0.34671998023986816,1.8227667808532715,0.6685845255851746
104,-2.682570219039917,-2.302253484725952,0.9714960859095059,0.9363013002400593,0.21683219564457756,1.9653034210205078,0.9926363229751587,1.9653034210205078,0.9926363229751587,3.6225357055664062,2.040224075317383,0.9926363229751587,0.3951609134674072,0.9926363229751587,0.3951609134674072,1.516430139541626,0.9079529047012329
105,-5.4657745361328125,-3.1178195476531982,0.646206042654812,1.2520712326467038,1.041918607838452,1.701761245727539,1.9666545391082764,1.701761245727539,1.9666545391082764,2.9001784324645996,3.2026100158691406,1.3652867078781128,0.617262601852417,1.3652867078781128,0.617262601852417,1.9535887241363525,1.2729978561401367
106,-3.994288921356201,-3.4486818313598633,1.1613797207549208,0.7916026450693612,1.3180760394409299,1.7595551013946533,3.5334725379943848,1.7595551013946533,3.5334725379943848,4.1113691329956055,3.5334725379943848,1.353407859802246,0.8960983753204346,1.353407859802246,0.8960983753204346,2.0293684005737305,1.4095097780227661
107,-4.4945173263549805,-3.633702516555786,0.946147954550882,1.6789447683220111,0.8309861291696627,2.293546199798584,2.615776300430298,2.293546199798584,2.615776300430298,4.100348949432373,2.615776300430298,1.7359187602996826,0.8042171001434326,1.7359187602996826,0.8042171001434326,2.1758475303649902,1.363887071609497
108,-4.106866359710693,-3.931867837905884,0.9587218220904474,1.137685646861791,1.657836704440415,1.9991679191589355,4.016658306121826,1.9991679191589355,4.016658306121826,3.3021700382232666,4.016658306121826,1.4867291450500488,0.768791675567627,1.4867291450500488,0.768791675567627,2.1924703121185303,1.3373537063598633
109,-3.230907678604126,-3.7585513591766357,0.9261349544053279,1.355287381534775,1.2995053587233023,1.504145622253418,2.188704490661621,1.504145622253418,2.188704490661621,2.9229249954223633,3.843341827392578,1.357790470123291,0.7927248477935791,1.357790470123291,0.7927248477935791,2.088686227798462,1.5720371007919312
110,-3.2590503692626953,-3.635103464126587,0.735119204868873,1.2341666254711652,1.4881939692733184,1.8984971046447754,3.7198939323425293,1.8984971046447754,3.7198939323425293,3.4498751163482666,3.7198939323425293,1.4264540672302246,0.6328554153442383,1.4264540672302246,0.6328554153442383,2.17246675491333,1.2614758014678955
111,-2.300143241882324,-3.3566243648529053,0.7483337544898192,0.9931289569909381,1.437537988858918,1.8390828371047974,3.4414148330688477,1.8390828371047974,3.4414148330688477,2.8936257362365723,3.4414148330688477,1.490738868713379,0.6691386699676514,1.490738868713379,0.6691386699676514,2.061753273010254,1.2073179483413696
112,-2.421552896499634,-2.936742067337036,0.5457272824272517,1.044772210232913,1.1686186717450622,1.6974331140518188,3.0215322971343994,1.6974331140518188,3.0215322971343994,2.941498279571533,3.0215322971343994,1.3123245239257812,0.5229990482330322,1.3123245239257812,0.5229990482330322,1.8850785493850708,1.0985077619552612
113,-3.355226993560791,-2.654010057449341,0.5670873211696743,0.712557906769216,1.1967411649972202,1.781256914138794,2.738800525665283,1.781256914138794,2.738800525665283,2.431295394897461,2.738800525665283,1.391076683998108,0.5438487529754639,1.391076683998108,0.5438487529754639,1.7677640914916992,0.9615166187286377
114,-5.4779767990112305,-2.528517007827759,0.8084264985099432,0.7565013476274907,0.7859654971770946,1.0582704544067383,0.787362813949585,1.0582704544067383,0.787362813949585,2.203734874725342,2.613307476043701,0.787362813949585,0.9157216548919678,0.787362813949585,0.9157216548919678,1.3339416980743408,1.3478412628173828
115,-3.7174324989318848,-3.2338008880615234,1.225681305639445,1.048289807550609,0.782206110358239,1.9856762886047363,1.1127278804779053,1.9856762886047363,1.1127278804779053,3.613118886947632,2.336510181427002,1.1127278804779053,0.8698310852050781,1.1127278804779053,0.8698310852050781,1.7246190309524536,1.4239003658294678
116,-1.8512232303619385,-3.7455408573150635,0.8653037032112478,1.6406466761976481,1.0619668133929372,2.108442783355713,2.4297728538513184,2.108442783355713,2.4297728538513184,3.3345999717712402,3.830331325531006,1.6367640495300293,0.7630887031555176,1.6367640495300293,0.7630887031555176,2.270601749420166,1.3975197076797485
117,-2.6175694465637207,-3.459888219833374,0.4102563511331878,1.0863139030461513,1.7856943011408046,3.275351047515869,3.5446786880493164,3.275351047515869,3.5446786880493164,4.326668739318848,3.5446786880493164,1.7777810096740723,0.35259151458740234,1.7777810096740723,0.35259151458740234,2.435319185256958,0.8917316198348999
118,-2.9876646995544434,-2.689512014389038,0.6019375331824024,0.546002380189796,1.3639484365036094,2.263439416885376,2.7743024826049805,2.263439416885376,2.7743024826049805,3.1037657260894775,2.7743024826049805,1.551894187927246,0.6609721183776855,1.551894187927246,0.6609721183776855,1.8959596157073975,0.9433428645133972
119,-4.589937686920166,-2.3389270305633545,0.7348828350504237,0.8309658027191957,0.5954547282805047,1.2083384990692139,1.7053440809249878,1.2083384990692139,1.7053440809249878,2.284526824951172,1.7053440809249878,0.9960800409317017,0.7981147766113281,0.9960800409317017,0.7981147766113281,1.3507120609283447,1.2088176012039185
120,-1.9124006032943726,-3.0692131519317627,1.0641141018271445,0.939034522101283,0.8884408634901049,1.4977195262908936,0.985621452331543,1.4977195262908936,0.985621452331543,2.774898052215576,2.081179141998291,0.985621452331543,1.0068824291229248,0.985621452331543,1.0068824291229248,1.533400297164917,1.5098308324813843
121,-2.15881085395813,-3.1310651302337646,0.46013777200132644,1.4646451903134583,1.0286585034057496,2.28188419342041,1.975001335144043,2.28188419342041,1.975001335144043,3.730170488357544,3.215855598449707,1.5422813892364502,0.44464540481567383,1.5422813892364502,0.44464540481567383,2.145604133605957,1.0681819915771484
122,-2.0062880516052246,-2.8680219650268555,0.4840776935840645,0.5534461313734449,1.6528747139746947,2.8083643913269043,2.952812671661377,2.8083643913269043,2.952812671661377,3.1214022636413574,2.952812671661377,1.826120376586914,0.44589924812316895,1.826120376586914,0.44589924812316895,2.125354528427124,0.7689590454101562
123,-2.712139368057251,-1.9545886516571045,0.48459515692045274,0.6681557401021322,0.6242140901212891,0.8908593654632568,1.2930810451507568,0.8908593654632568,1.2930810451507568,1.6103020906448364,2.039379119873047,0.8135712146759033,0.497356653213501,0.8135712146759033,0.497356653213501,1.1813756227493286,0.9486643671989441
124,-1.5041284561157227,-2.1675846576690674,0.6534132131809993,0.6092483208204309,0.7272994591544069,1.0073018074035645,2.2523751258850098,1.0073018074035645,2.2523751258850098,1.9330401420593262,2.2523751258850098,0.9456689357757568,0.7562665939331055,0.9456689357757568,0.7562665939331055,1.3056895732879639,1.0743393898010254
125,-2.2836849689483643,-2.0893423557281494,0.3620486391708253,0.8745255785807967,0.675144473463297,1.3875751495361328,1.3847172260284424,1.3875751495361328,1.3847172260284424,2.253225088119507,2.174132823944092,1.0248477458953857,0.3801560401916504,1.0248477458953857,0.3801560401916504,1.4160484075546265,0.8576070070266724
126,-1.5760375261306763,-2.1109373569488525,0.5353966847931344,0.4341320094962915,0.9637849981461963,1.635898470878601,2.195727825164795,1.635898470878601,2.195727825164795,2.408409357070923,2.195727825164795,1.1869512796401978,0.5568984746932983,1.1869512796401978,0.5568984746932983,1.4804153442382812,0.8181778788566589
127,-2.0768074989318848,-1.7099064588546753,0.38140888927504424,0.7082941000349818,0.4425798050314189,1.0778299570083618,1.2312190532684326,1.0778299570083618,1.2312190532684326,1.6046836376190186,1.7946969270706177,0.8476517796516418,0.4062114953994751,0.8476517796516418,0.4062114953994751,1.1289840936660767,0.7587460875511169
128,-3.0415701866149902,-1.9060571193695068,0.4913167327145733,0.459301236222188,0.7778154859195153,1.2807033061981201,1.9908475875854492,1.2807033061981201,1.9908475875854492,1.9449633359909058,1.9908475875854492,1.009493112564087,0.5854591131210327,1.009493112564087,0.5854591131210327,1.2778810262680054,0.8291614651679993
129,-1.1759936809539795,-2.0115818977355957,0.7450558885807792,0.6231023203457395,0.46580002429584666,1.168737530708313,0.7512063980102539,1.168737530708313,0.7512063980102539,2.0848686695098877,1.5013833045959473,0.7512063980102539,0.6776784658432007,0.7512063980102539,0.6776784658432007,1.1262948513031006,1.010653018951416
130,-2.4826486110687256,-2.15944504737854,0.27969495327522376,0.9936236240466434,0.7085028055434425,1.709562063217163,1.422264575958252,1.709562063217163,1.422264575958252,2.6987857818603516,2.2442355155944824,1.1404063701629639,0.2991669178009033,1.1404063701629639,0.2991669178009033,1.5485538244247437,0.7906812429428101
131,-1.3476715087890625,-2.1629109382629395,0.5759748749186595,0.3175627960761387,1.0917493643363319,1.9395062923431396,2.2477011680603027,1.9395062923431396,2.2477011680603027,2.858163833618164,2.2477011680603027,1.3008887767791748,0.42659568786621094,1.3008887767791748,0.42659568786621094,1.613386869430542,0.7047513723373413
132,-0.34703266620635986,-1.5769782066345215,0.327123778089881,0.7731350314244627,0.29909573260694744,1.2791402339935303,1.2373244762420654,1.2791402339935303,1.2373244762420654,1.6942156553268433,1.2373244762420654,0.9063425064086914,0.5305026769638062,0.9063425064086914,0.5305026769638062,1.0718334913253784,0.7186843156814575
133,-1.0062077045440674,-1.5041965246200562,0.06307406503707202,0.3963196866586802,0.8671791084110736,1.8100080490112305,1.5889869928359985,1.8100080490112305,1.5889869928359985,2.2858729362487793,1.5889869928359985,1.1249351501464844,0.08181309700012207,1.1249351501464844,0.08181309700012207,1.3135700225830078,0.3301810920238495
134,-1.3304128646850586,-0.7707595825195312,0.2268462656127911,0.04775354901949569,0.31853610337401417,0.8230685591697693,0.8555499911308289,0.8230685591697693,0.8555499911308289,1.2312675714492798,0.8555499911308289,0.5178971290588379,0.11150836944580078,0.5178971290588379,0.11150836944580078,0.6410292387008667,0.23544928431510925
135,-0.8255198001861572,-0.6519516110420227,0.30807414067288236,0.23639462882032003,0.07014082296441004,0.6058154106140137,0.33353766798973083,0.6058154106140137,0.33353766798973083,1.0831725597381592,0.6233131289482117,0.33353766798973083,0.1323341727256775,0.33353766798973083,0.1323341727256775,0.47842538356781006,0.27214229106903076
136,-1.0127646923065186,-0.9179638624191284,0.1846270555009445,0.35844311510523164,0.19727002729972198,0.5899118185043335,0.6468420028686523,0.5899118185043335,0.6468420028686523,0.9832882881164551,1.0027543306350708,0.44180727005004883,0.2106921672821045,0.44180727005004883,0.2106921672821045,0.620705246925354,0.4226491451263428
137,-0.5417144298553467,-0.9284323453903198,0.22942189129069435,0.1972500485554337,0.32413680063560624,0.7140129208564758,1.0132228136062622,0.7140129208564758,1.0132228136062622,1.0092594623565674,1.0132228136062622,0.5406344532966614,0.2748376727104187,0.5406344532966614,0.2748376727104187,0.6663577556610107,0.39960771799087524
138,-0.9606351256370544,-0.6553385257720947,0.11094019795457533,0.25332209712515275,0.11345256617913635,0.4551723003387451,0.4544174373149872,0.4551723003387451,0.4544174373149872,0.811579704284668,0.7401289343833923,0.3186843991279602,0.13790661096572876,0.3186843991279602,0.13790661096572876,0.46218302845954895,0.3019181787967682
139,0.04315215349197388,-0.6808140277862549,0.21519777783503133,0.10534852185597027,0.18264406358202298,0.34741389751434326,0.23751488327980042,0.34741389751434326,0.23751488327980042,0.8816525936126709,0.7656044363975525,0.23751488327980042,0.1692681908607483,0.23751488327980042,0.1692681908607483,0.42987197637557983,0.3495902717113495
140,0.03207026422023773,-0.3704996705055237,0.041970831143359366,0.23802909148236118,0.003182254346708435,0.5764123201370239,0.2741032540798187,0.5764123201370239,0.2741032540798187,0.56462562084198,0.2741032540798187,0.28518059849739075,0.20721080899238586,0.28518059849739075,0.20721080899238586,0.27964192628860474,0.20161639153957367
141,-0.4546741247177124,-0.23182913661003113,0.03852226804941887,0.056359628029167705,0.14908739797770978,0.6195549964904785,0.3166195750236511,0.6195549964904785,0.3166195750236511,0.6095219850540161,0.3166195750236511,0.33614879846572876,0.008250117301940918,0.33614879846572876,0.008250117301940918,0.3304688632488251,0.014784291386604309
142,-1.6108741760253906,-0.006534896790981293,0.08509901652733484,0.04834067167093356,0.20784715728213388,0.013533234596252441,0.09132526814937592,0.013533234596252441,0.09132526814937592,0.23030498623847961,0.09132526814937592,0.013533234596252441,0.00829632580280304,0.013533234596252441,0.00829632580280304,0.05664656683802605,0.05655772611498833
143,-1.1554927825927734,-0.41713643074035645,0.3733420799051721,0.07012157713373518,0.20395089081178114,0.8541348576545715,0.392569899559021,0.8541348576545715,0.392569899559021,0.8437659740447998,0.501926839351654,0.392569899559021,0.11933374404907227,0.392569899559021,0.11933374404907227,0.38723504543304443,0.1141931414604187
144,-1.4342344999313354,-0.8608312606811523,0.2699018910403054,0.4359508736307422,0.02264516850312548,0.8221781253814697,0.795114278793335,0.8221781253814697,0.795114278793335,1.3320341110229492,0.795114278793335,0.5105301141738892,0.18829190731048584,0.5105301141738892,0.18829190731048584,0.6528221964836121,0.33910849690437317
145,-1.431596040725708,-1.2798339128494263,0.3350130913903315,0.30730342052256066,0.45989373642330383,0.8543778657913208,1.3646243810653687,0.8543778657913208,1.3646243810653687,1.2838239669799805,1.3646243810653687,0.6878827810287476,0.40568745136260986,0.6878827810287476,0.40568745136260986,0.8683730363845825,0.5799687504768372
146,-1.0784581899642944,-1.1753361225128174,0.33801505071421467,0.39324959357579553,0.26644781370957693,0.5752977132797241,0.8440864086151123,0.5752977132797241,0.8440864086151123,1.0029199123382568,0.8440864086151123,0.49274158477783203,0.49267780780792236,0.49274158477783203,0.49267780780792236,0.6684139966964722,0.6763834357261658
147,-0.5901956558227539,-1.2165570259094238,0.24862908036758502,0.4016303024937708,0.38867397853483765,0.6121593117713928,0.7681612372398376,0.6121593117713928,0.7681612372398376,1.23296320438385,1.3013474941253662,0.5033409595489502,0.270008385181427,0.5033409595489502,0.270008385181427,0.7703202962875366,0.5860681533813477
148,-0.7893258929252625,-0.9632298946380615,0.12454630225896834,0.2858793405070902,0.37518058735877263,0.8945003151893616,1.048020362854004,0.8945003151893616,1.048020362854004,1.2626115083694458,1.048020362854004,0.6047090291976929,0.14746487140655518,0.6047090291976929,0.14746487140655518,0.7532464861869812,0.3317177891731262
149,-1.1218043565750122,-0.6830085515975952,0.17276134931792803,0.1225525717933974,0.21007096597303948,0.5771739482879639,0.7677989602088928,0.5771739482879639,0.7677989602088928,0.819909930229187,0.7677989602088928,0.4162556529045105,0.18687593936920166,0.4162556529045105,0.18687593936920166,0.5137925148010254,0.2849496006965637
150,-1.8608397245407104,-0.6270703077316284,0.25520127426832917,0.17504242736846204,0.019202881976962127,0.42108702659606934,0.27937525510787964,0.42108702659606934,0.27937525510787964,0.7115885615348816,0.5133092999458313,0.27937525510787964,0.22322818636894226,0.27937525510787964,0.22322818636894226,0.39634227752685547,0.3303031027317047
151,-1.946014642715454,-1.0035912990570068,0.4432428303857642,0.27623453074445337,0.10649027341355899,0.7653070092201233,0.46537238359451294,0.7653070092201233,0.46537238359451294,1.2112064361572266,0.8163892030715942,0.46537238359451294,0.3159153461456299,0.46537238359451294,0.3159153461456299,0.640880823135376,0.4750519394874573
152,-3.778123378753662,-1.4552011489868164,0.473274871284763,0.5406630883241694,0.2636395248646537,0.8673512935638428,1.1376855373382568,0.8673512935638428,1.1376855373382568,1.5953421592712402,1.1376855373382568,0.6614254713058472,0.4882817268371582,0.6614254713058472,0.4882817268371582,0.899555504322052,0.7453924417495728
153,-2.3527727127075195,-2.2374393939971924,0.9088930854325492,0.5698547176023327,0.5810679264490801,1.4334349632263184,0.886542797088623,1.4334349632263184,0.886542797088623,2.352743625640869,2.3222298622131348,0.886542797088623,0.7161123752593994,0.886542797088623,0.7161123752593994,1.3213114738464355,1.0485299825668335
154,-3.13565993309021,-2.650024652481079,0.5881138593020538,1.2510342852274574,0.6332528434383375,1.9060959815979004,1.9731132984161377,1.9060959815979004,1.9731132984161377,2.59883713722229,2.7348151206970215,1.4132788181304932,0.6036112308502197,1.4132788181304932,0.6036112308502197,1.785563588142395,1.0504355430603027
155,-4.817659854888916,-2.983301877975464,0.7229990843186775,0.7136705696086092,1.3690085595349466,2.0833773612976074,3.0680923461914062,2.0833773612976074,3.0680923461914062,3.1437630653381348,3.0680923461914062,1.5142736434936523,0.829413652420044,1.5142736434936523,0.829413652420044,1.9371531009674072,1.1625632047653198
156,-6.348302841186523,-3.0584986209869385,1.1174764225259424,0.9891168763861062,0.7742816575616596,1.726385235786438,1.0403602123260498,1.726385235786438,1.0403602123260498,3.2166404724121094,2.193175792694092,1.0403602123260498,0.8924665451049805,1.0403602123260498,0.8924665451049805,1.6167680025100708,1.4205713272094727
157,-5.854704856872559,-3.868446111679077,1.2975339721515777,1.4334300515055665,0.9598584235087029,1.7749261856079102,2.64705753326416,1.7749261856079102,2.64705753326416,4.301210880279541,2.64705753326416,1.462949275970459,0.8845765590667725,1.462949275970459,0.8845765590667725,2.0550034046173096,1.6194719076156616
158,-5.592875003814697,-4.291652202606201,1.1548171193152665,1.6428523602336644,1.3163590585440395,1.767474889755249,2.444751739501953,1.767474889755249,2.444751739501953,3.1613430976867676,4.3764424324035645,1.4334793090820312,0.870032548904419,1.4334793090820312,0.870032548904419,2.1962485313415527,1.6130547523498535
159,-4.7302045822143555,-4.343863010406494,1.0903369096666573,1.4791270408779382,1.5967753953486676,1.331589937210083,4.428653240203857,1.331589937210083,4.428653240203857,3.298816442489624,4.428653240203857,1.1575138568878174,0.7906966209411621,1.1575138568878174,0.7906966209411621,2.110800266265869,1.4565571546554565
160,-5.16879415512085,-4.213437557220459,0.9801804306854809,1.4748752490555244,1.5807586898033814,1.5031802654266357,4.2982282638549805,1.5031802654266357,4.2982282638549805,3.5634188652038574,4.2982282638549805,1.2132492065429688,0.7412204742431641,1.2132492065429688,0.7412204742431641,2.168600082397461,1.4181097745895386
161,-3.648948907852173,-4.131089687347412,1.0587872490783519,1.3021333034460756,1.5925454703097541,1.564563512802124,4.215879917144775,1.564563512802124,4.215879917144775,3.170799732208252,4.215879917144775,1.3143596649169922,0.8150734901428223,1.3143596649169922,0.8150734901428223,2.1281282901763916,1.4444096088409424
162,-3.9457767009735107,-3.917341947555542,0.8138661568984404,1.476073296871036,1.4497788292728355,1.7393620014190674,2.0971603393554688,1.7393620014190674,2.0971603393554688,3.688366651535034,4.002132415771484,1.3693792819976807,0.6681654453277588,1.3693792819976807,0.6681654453277588,2.2315173149108887,1.4810212850570679
163,-2.0102381706237793,-3.7570722103118896,0.8660077208528913,1.0636553587267799,1.6497854662189881,2.1330394744873047,3.841862678527832,2.1330394744873047,3.841862678527832,3.2871665954589844,3.841862678527832,1.5586743354797363,0.7190141677856445,1.5586743354797363,0.7190141677856445,2.208493232727051,1.264066219329834
164,-2.8004369735717773,-3.1834115982055664,0.47131245677669886,1.2440353571002678,1.2904403582339485,2.0323615074157715,3.268202304840088,2.0323615074157715,3.268202304840088,3.6733946800231934,3.268202304840088,1.367117166519165,0.439943790435791,1.367117166519165,0.439943790435791,2.0720696449279785,1.0933809280395508
165,-1.7846043109893799,-2.8523523807525635,0.6414050467933217,0.5951756698514021,1.4381479995946094,2.3569862842559814,2.937142848968506,2.3569862842559814,2.937142848968506,3.260399580001831,2.937142848968506,1.6061830520629883,0.705359697341919,1.6061830520629883,0.705359697341919,1.9776549339294434,1.0029925107955933
166,-1.078320026397705,-2.193962574005127,0.4341525653377176,0.9064164192415776,0.6757699249126015,1.3644707202911377,1.4875171184539795,1.3644707202911377,1.4875171184539795,2.159282922744751,2.2787530422210693,1.0619425773620605,0.45081615447998047,1.0619425773620605,0.45081615447998047,1.4526381492614746,0.9288639426231384
167,-1.0011500120162964,-1.9818050861358643,0.24274828128516734,0.5434290339425205,1.018004106394946,1.9053945541381836,2.0665955543518066,1.9053945541381836,2.0665955543518066,2.422746419906616,2.0665955543518066,1.2685844898223877,0.24942433834075928,1.2685844898223877,0.24942433834075928,1.5355827808380127,0.5797318816184998
168,-0.7141605615615845,-1.2281748056411743,0.2268116197362543,0.28825287777930486,0.5354866436123848,1.0417536497116089,1.3129652738571167,1.0417536497116089,1.3129652738571167,1.3171287775039673,1.3129652738571167,0.7676968574523926,0.24315929412841797,0.7676968574523926,0.24315929412841797,0.917609691619873,0.43398958444595337
169,-1.1334446668624878,-0.8047292232513428,0.15513317932685217,0.25262460154791677,0.21934777786334353,0.41298770904541016,0.504799485206604,0.41298770904541016,0.504799485206604,0.895330011844635,0.8895196318626404,0.3269538879394531,0.17973744869232178,0.3269538879394531,0.17973744869232178,0.5201013088226318,0.39919787645339966
170,-2.3555071353912354,-0.7748210430145264,0.2586961501464247,0.15640628322958955,0.1820949451252818,0.3907528519630432,0.28038156032562256,0.3907528519630432,0.28038156032562256,0.8750084042549133,0.859611451625824,0.28038156032562256,0.22600996494293213,0.28038156032562256,0.22600996494293213,0.4748523235321045,0.40416795015335083
171,-1.8181592226028442,-1.0979950428009033,0.5682076652534307,0.27409868365153656,0.07806502938270576,1.0663561820983887,0.5883099436759949,1.0663561820983887,0.5883099436759949,1.5328319072723389,0.9389184713363647,0.5883099436759949,0.2820916175842285,0.5883099436759949,0.2820916175842285,0.7636141777038574,0.44361019134521484
172,-1.0416514873504639,-1.6280829906463623,0.4474189745634798,0.7241938180848954,0.27884653348475696,1.1966034173965454,1.3058326244354248,1.1966034173965454,1.3058326244354248,1.8837394714355469,1.3058326244354248,0.860734224319458,0.5040454864501953,0.860734224319458,0.5040454864501953,1.0832834243774414,0.7539398670196533
173,-2.7308332920074463,-1.7902816534042358,0.2368678574015699,0.5544464890410503,0.8213436424483853,1.5738648176193237,1.8750721216201782,1.5738648176193237,1.8750721216201782,2.1652510166168213,1.8750721216201782,1.0747324228286743,0.24912703037261963,1.0747324228286743,0.24912703037261963,1.347307562828064,0.5864072442054749
174,-2.7802722454071045,-1.634767770767212,0.6521900778636336,0.25838993247598463,0.5465640959143635,1.1191480159759521,0.6471167802810669,1.1191480159759521,0.6471167802810669,2.1753814220428467,1.7195582389831543,0.6471167802810669,0.3649578094482422,0.6471167802810669,0.3649578094482422,1.0420730113983154,0.7057323455810547
175,-2.924100399017334,-1.9812870025634766,0.7007610079894463,0.8589416397611301,0.24396069029966982,1.429053783416748,1.6960617303848267,1.429053783416748,1.6960617303848267,2.7863264083862305,1.6960617303848267,1.0151853561401367,0.44703030586242676,1.0151853561401367,0.44703030586242676,1.355623483657837,0.8335554599761963
176,-2.60495662689209,-2.7406623363494873,0.7016300464545688,0.8882463512321314,0.9731622741495569,1.1483545303344727,2.8254528045654297,1.1483545303344727,2.8254528045654297,2.1148366928100586,2.8254528045654297,1.1483545303344727,0.6794829368591309,1.1483545303344727,0.6794829368591309,1.6256177425384521,1.1900559663772583
177,-1.2013976573944092,-2.740722894668579,0.6257587110996243,0.94087145332247,0.9964690657332543,1.2451099157333374,2.8255133628845215,1.2451099157333374,2.8255133628845215,2.314631938934326,2.8255133628845215,1.172255516052246,0.6099133491516113,1.172255516052246,0.6099133491516113,1.6784228086471558,1.144021987915039
178,-1.843614935874939,-2.3625237941741943,0.2758464847753439,0.8320180335144203,1.0770356113711999,2.015237331390381,2.4473142623901367,2.015237331390381,2.4473142623901367,2.9492363929748535,2.4473142623901367,1.3083213567733765,0.28095102310180664,1.3083213567733765,0.28095102310180664,1.730989694595337,0.7579200863838196
179,-0.8786505460739136,-1.8479119539260864,0.4281318349639571,0.33154027430961563,0.9106161801392834,1.6293011903762817,1.9327024221420288,1.6293011903762817,1.9327024221420288,2.230339527130127,1.9327024221420288,1.1387660503387451,0.4393378496170044,1.1387660503387451,0.4393378496170044,1.3710590600967407,0.6525150537490845
180,-0.23983600735664368,-1.215881109237671,0.2010886414845786,0.5414933379863698,0.2956754652534922,0.9336847066879272,0.8657650947570801,0.9336847066879272,0.8657650947570801,1.4280651807785034,1.3006715774536133,0.6481841802597046,0.22810626029968262,0.6481841802597046,0.22810626029968262,0.8664510846138,0.4985187351703644
181,-0.5229371786117554,-0.998877763748169,0.036088587058087485,0.23065912933399257,0.5545065020521481,1.2799623012542725,1.0836683511734009,1.2799623012542725,1.0836683511734009,1.6034324169158936,1.0836683511734009,0.7865285873413086,0.059026122093200684,0.7865285873413086,0.059026122093200684,0.9049682021141052,0.21389168500900269
182,0.7054926156997681,-0.42449623346328735,0.10478884148101014,0.019998290004829666,0.12208543746421725,0.5123635530471802,0.509286642074585,0.5123635530471802,0.509286642074585,0.7116265296936035,0.509286642074585,0.31668275594711304,0.07210785150527954,0.31668275594711304,0.07210785150527954,0.3814535439014435,0.13766829669475555
183,-0.4607793986797333,0.05141209065914154,0.2253156717369954,0.11580226649840675,0.11952235738436379,0.1880491077899933,0.1880491077899933,0.1880491077899933,0.1880491077899933,0.18446043133735657,0.03337831795215607,0.1880491077899933,0.14391693472862244,0.1880491077899933,0.14391693472862244,0.1464962661266327,0.18234536051750183
184,-0.6701880693435669,-0.008089527487754822,0.0883809442569812,0.24366244333485765,0.014252652848760233,0.1972135305404663,0.08163478225469589,0.1972135305404663,0.08163478225469589,0.2396690845489502,0.08163478225469589,0.1972135305404663,0.16406376659870148,0.1972135305404663,0.16406376659870148,0.1394241601228714,0.22368106245994568
185,1.1021780967712402,0.020216509699821472,0.13832243990153065,0.08483699582517157,0.4209995875880122,0.22269988059997559,0.06457392871379852,0.22269988059997559,0.06457392871379852,0.32387787103652954,0.06457392871379852,0.22269988059997559,0.10770248621702194,0.22269988059997559,0.10770248621702194,0.13989213109016418,0.1891617774963379
186,-0.5757313966751099,0.04293286055326462,0.3424337398385008,0.16277206054578222,0.04089484577377636,0.3037557601928711,0.3037557601928711,0.3037557601928711,0.3037557601928711,0.4247902035713196,0.1107812374830246,0.3037557601928711,0.1650974452495575,0.3037557601928711,0.1650974452495575,0.20726850628852844,0.2537621259689331
187,-0.9951017498970032,0.027071818709373474,0.11970865365117786,0.36293596033006903,0.03853183835744858,0.3139224946498871,0.16992256045341492,0.3139224946498871,0.16992256045341492,0.3072839677333832,0.16992256045341492,0.3139224946498871,0.20970866084098816,0.3139224946498871,0.20970866084098816,0.241922527551651,0.28685739636421204
188,-0.23883435130119324,0.03297711908817291,0.217774923828741,0.1119723859926065,0.5403480934227507,0.3454859256744385,0.05181329697370529,0.3454859256744385,0.05181329697370529,0.5021895170211792,0.05181329697370529,0.3454859256744385,0.12499044835567474,0.3454859256744385,0.12499044835567474,0.2231142222881317,0.24335381388664246
189,-0.09825579077005386,-0.46815621852874756,0.032317612133920204,0.24635337509214886,0.011861566789448164,0.5141842365264893,0.35959678888320923,0.5141842365264893,0.35959678888320923,0.5770765542984009,0.35959678888320923,0.2991132438182831,0.22259417176246643,0.2991132438182831,0.22259417176246643,0.32935500144958496,0.25320756435394287
190,-0.6072708964347839,-0.36518746614456177,0.0036823245386283787,0.024427528580029848,0.16681859758992998,0.6277481317520142,0.4499778747558594,0.6277481317520142,0.4499778747558594,0.7157881855964661,0.4499778747558594,0.3623946011066437,0.02499973773956299,0.3623946011066437,0.02499973773956299,0.39375752210617065,0.061731159687042236
191,-1.0551434755325317,-0.16984021663665771,0.12408890025069322,0.017848836692670983,0.11402351143459483,0.28444531559944153,0.15078648924827576,0.28444531559944153,0.15078648924827576,0.405725359916687,0.2546306252479553,0.15078648924827576,0.026535123586654663,0.15078648924827576,0.026535123586654663,0.189798966050148,0.06539180874824524
192,-2.5658771991729736,-0.3702946901321411,0.23612463325882949,0.11886677632729212,0.16232038396721082,0.5193163156509399,0.2600550353527069,0.5193163156509399,0.2600550353527069,0.5527375936508179,0.4550850987434387,0.2600550353527069,0.16495341062545776,0.2600550353527069,0.16495341062545776,0.27702102065086365,0.18080107867717743
193,-1.2099918127059937,-1.0781681537628174,0.6205392422713337,0.2446875584870578,0.03531768849119554,1.2178255319595337,0.6393076777458191,1.2178255319595337,0.6393076777458191,1.657329797744751,0.958243727684021,0.6393076777458191,0.23457372188568115,0.6393076777458191,0.23457372188568115,0.7987756729125977,0.3832792043685913
194,-2.527385711669922,-1.5171871185302734,0.2928046832668285,0.7998598672511679,0.24689890349904675,1.3596928119659424,1.2265647649765015,1.3596928119659424,1.2265647649765015,1.7421090602874756,1.2265647649765015,0.9284560680389404,0.47592639923095703,0.9284560680389404,0.47592639923095703,1.0775103569030762,0.6463313102722168
195,-3.0222156047821045,-1.9870672225952148,0.5938278479749961,0.32732562067607995,0.8882900894309084,1.5811240673065186,2.0718576908111572,1.5811240673065186,2.0718576908111572,2.5460164546966553,2.0718576908111572,1.102425217628479,0.44164609909057617,1.102425217628479,0.44164609909057617,1.4211881160736084,0.7322671413421631
196,-3.0246963500976562,-2.029693365097046,0.7547554915646708,0.7843246420348685,0.3129895669842764,1.2632460594177246,1.6760258674621582,1.2632460594177246,1.6760258674621582,2.6522622108459473,1.6760258674621582,0.939821720123291,0.5174859762191772,0.939821720123291,0.5174859762191772,1.3079237937927246,0.930394172668457
197,-3.366396903991699,-2.7709102630615234,0.7326735085621476,0.976525215320289,0.8840881130844355,1.281903624534607,1.8245347738265991,1.281903624534607,1.8245347738265991,2.220926284790039,2.855700969696045,1.133087396621704,0.7144930362701416,1.133087396621704,0.7144930362701416,1.6201900243759155,1.3077106475830078
198,-2.852792739868164,-3.0137343406677246,0.798282754383981,0.962997043319046,1.074830878451467,1.2073147296905518,3.098524808883667,1.2073147296905518,3.098524808883667,2.2628989219665527,3.098524808883667,1.2073147296905518,0.7522130012512207,1.2073147296905518,0.7522130012512207,1.7348132133483887,1.2972604036331177
199,-2.517437696456909,-3.020758628845215,0.682728334081669,1.0839679780540372,1.0764388906148574,1.3701125383377075,1.8482317924499512,1.3701125383377075,1.8482317924499512,2.5719642639160156,3.1055493354797363,1.2124512195587158,0.6509149074554443,1.2124512195587158,0.6509149074554443,1.8068608045578003,1.3361425399780273
200,-3.133513927459717,-2.8986172676086426,0.5924879315371312,0.901846285673479,1.2266596243033812,1.7345798015594482,2.983407974243164,1.7345798015594482,2.983407974243164,2.691551923751831,2.983407974243164,1.3832178115844727,0.5627298355102539,1.3832178115844727,0.5627298355102539,1.8739829063415527,1.0704333782196045
201,-3.791356086730957,-2.734466314315796,0.7448989974583191,0.7903006021926797,1.0216430501515668,1.333781123161316,2.8192567825317383,1.333781123161316,2.8192567825317383,2.146446466445923,2.8192567825317383,1.1981383562088013,0.7131059169769287,1.1981383562088013,0.7131059169769287,1.6205079555511475,1.1760342121124268
202,-4.241240501403809,-2.954876661300659,0.9075751036405559,1.006085311807692,0.8635925813391809,1.3362947702407837,2.0131072998046875,1.3362947702407837,2.0131072998046875,2.5818116664886475,2.0131072998046875,1.1628472805023193,1.0019606351852417,1.1628472805023193,1.0019606351852417,1.5879772901535034,1.5225143432617188
203,-3.51906681060791,-3.4225659370422363,0.9819141510501508,1.1979772418364885,1.0650508796423668,1.4892743825912476,2.202115297317505,1.4892743825912476,2.202115297317505,2.581223487854004,3.5073564052581787,1.3045704364776611,0.8891003131866455,1.3045704364776611,0.8891003131866455,1.8774924278259277,1.577015995979309
204,-3.0530333518981934,-3.5759668350219727,0.814148413153986,1.308251374537746,1.2759433828170104,1.554215908050537,2.08323073387146,1.554215908050537,2.08323073387146,3.0186026096343994,3.660757303237915,1.3452129364013672,0.7200334072113037,1.3452129364013672,0.7200334072113037,2.0653207302093506,1.4881551265716553
205,-4.16319465637207,-3.4235873222351074,0.7010655950009821,1.0786599244549875,1.4662381382659073,1.964310884475708,3.50837779045105,1.964310884475708,3.50837779045105,3.1911678314208984,3.50837779045105,1.4912747144699097,0.6224546432495117,1.4912747144699097,0.6224546432495117,2.121980905532837,1.1935278177261353
206,-4.652228832244873,-3.3074114322662354,0.9512312738349047,0.9466217112292843,1.2319347826888158,1.481308102607727,3.3922019004821777,1.481308102607727,3.3922019004821777,2.983917236328125,3.3922019004821777,1.3055126667022705,1.0603575706481934,1.3055126667022705,1.0603575706481934,1.8656846284866333,1.491896152496338
207,-3.9041199684143066,-3.5523951053619385,1.061410924357673,1.305230536920329,1.0081299795707062,1.67221999168396,2.367321729660034,1.67221999168396,2.367321729660034,3.2208898067474365,2.367321729660034,1.3969368934631348,1.0153532028198242,1.3969368934631348,1.0153532028198242,1.8821293115615845,1.6378083229064941
208,-3.133599281311035,-3.788419485092163,0.8812916137898958,1.3883886727193988,1.3411155340696381,1.577665090560913,2.1570427417755127,1.577665090560913,2.1570427417755127,3.1262614727020264,3.8732099533081055,1.3665027618408203,0.7490406036376953,1.3665027618408203,0.7490406036376953,2.1333136558532715,1.538693904876709
209,-4.817325115203857,-3.603720188140869,0.7107469905540347,1.170169410854577,1.5451801222190271,2.087495803833008,3.6885106563568115,2.087495803833008,3.6885106563568115,3.488325595855713,3.6885106563568115,1.4973347187042236,0.6117446422576904,1.4973347187042236,0.6117446422576904,2.2047221660614014,1.2098197937011719
210,-2.0579993724823,-3.5161116123199463,1.0584238684425746,0.949002582828204,1.3310614965359373,1.6256141662597656,3.6009020805358887,1.6256141662597656,3.6009020805358887,3.4951086044311523,3.6009020805358887,1.3509783744812012,1.037909984588623,1.3509783744812012,1.037909984588623,1.9776246547698975,1.5090057849884033
211,-3.1472930908203125,-3.254488229751587,0.493504922327896,1.5166296060507498,1.066730036859711,2.312441349029541,2.0340001583099365,2.312441349029541,2.0340001583099365,3.8305306434631348,3.3392786979675293,1.5727165937423706,0.46826910972595215,1.5727165937423706,0.46826910972595215,2.204467535018921,1.1043930053710938
212,-3.3895657062530518,-3.155466318130493,0.7039530792956548,0.5888709847753253,1.6850185895462828,2.8404300212860107,3.2402567863464355,2.8404300212860107,3.2402567863464355,3.8538031578063965,3.2402567863464355,1.802389144897461,0.6710400581359863,1.802389144897461,0.6710400581359863,2.2191147804260254,0.9898535013198853
213,-3.671342372894287,-2.70978045463562,0.8317540136600533,1.021585231559972,0.6788175449023646,1.4736807346343994,1.981294870376587,1.4736807346343994,1.981294870376587,2.7444467544555664,1.981294870376587,1.1908551454544067,0.8464410305023193,1.1908551454544067,0.8464410305023193,1.5860750675201416,1.319615125656128
214,-4.36368465423584,-3.2216858863830566,0.8637922909855846,1.0781146644428365,1.1021552664414052,1.1905925273895264,3.306476354598999,1.1905925273895264,3.306476354598999,2.446519374847412,3.306476354598999,1.1905925273895264,0.7990782260894775,1.1905925273895264,0.7990782260894775,1.7914460897445679,1.3971478939056396
215,-4.646515369415283,-3.476518392562866,0.9959746453290186,1.1475595925872524,1.155360490133365,1.1816768646240234,3.5613088607788086,1.1816768646240234,3.5613088607788086,2.5329842567443848,3.5613088607788086,1.1816768646240234,0.887845516204834,1.1816768646240234,0.887845516204834,1.8280646800994873,1.5170682668685913
216,-2.4509060382843018,-3.7408735752105713,1.0359885526572667,1.329492043716212,1.1977693143238624,1.5562191009521484,2.295342445373535,1.5562191009521484,2.295342445373535,2.800767660140991,3.8256640434265137,1.3644468784332275,0.8909931182861328,1.3644468784332275,0.8909931182861328,2.0177454948425293,1.6347440481185913
217,-2.2670907974243164,-3.5752274990081787,0.5636549519374969,1.39116510566324,1.4427837768942116,2.0931224822998047,3.660017967224121,2.0931224822998047,3.660017967224121,4.058392524719238,3.660017967224121,1.379422664642334,0.4912090301513672,1.379422664642334,0.4912090301513672,2.218829393386841,1.1825910806655884
218,-2.1585190296173096,-3.0709664821624756,0.5111139868572354,0.7288229401409627,1.653405890651047,2.7474563121795654,3.155756950378418,2.7474563121795654,3.155756950378418,3.2690107822418213,3.155756950378418,1.7880935668945312,0.46485471725463867,1.7880935668945312,0.46485471725463867,2.1942336559295654,0.8709002733230591
219,-1.093076467514038,-2.269705057144165,0.5160713368902599,0.7106555543343231,0.8653545014063516,1.210963487625122,2.3544955253601074,1.210963487625122,2.3544955253601074,1.944040298461914,2.3544955253601074,1.089700698852539,0.5157817602157593,1.089700698852539,0.5157817602157593,1.4580225944519043,0.9372831583023071
220,-1.1938488483428955,-1.8940404653549194,0.2519564970210195,0.6759393892809746,0.7885207953304054,1.509814977645874,1.9788308143615723,1.509814977645874,1.9788308143615723,2.296112537384033,1.9788308143615723,1.040773868560791,0.2662069797515869,1.040773868560791,0.2662069797515869,1.37601900100708,0.6673852205276489
221,-0.6840313076972961,-1.4543089866638184,0.272792025183638,0.29672415034224575,0.7071690274154148,1.3094282150268555,1.5390993356704712,1.3094282150268555,1.5390993356704712,1.5564919710159302,1.5390993356704712,0.9416223764419556,0.2828400135040283,0.9416223764419556,0.2828400135040283,1.0944424867630005,0.48105597496032715
222,-1.9193962812423706,-0.8724699020385742,0.14827199796835577,0.31613343340034283,0.23044080615664525,0.5480735301971436,0.5665903091430664,0.5480735301971436,0.5665903091430664,1.0387569665908813,0.9572603106498718,0.3961127996444702,0.1735948920249939,0.3961127996444702,0.1735948920249939,0.592194676399231,0.4018736183643341
223,-2.2680506706237793,-1.0367968082427979,0.45392562795430436,0.14096017241477976,0.26428734336048343,0.8106625080108643,0.4680989980697632,0.8106625080108643,0.4680989980697632,1.4433213472366333,1.1215872764587402,0.4680989980697632,0.22056782245635986,0.4680989980697632,0.22056782245635986,0.7038326859474182,0.4367479979991913
224,-2.945920467376709,-1.3630365133285522,0.5588228919605412,0.5465739118556183,0.08001604499916226,1.0722531080245972,0.5922044515609741,1.0722531080245972,0.5922044515609741,2.065011501312256,1.2150957584381104,0.5922044515609741,0.289972186088562,0.5922044515609741,0.289972186088562,0.9036501049995422,0.5910874009132385
225,-2.32710862159729,-2.2200775146484375,0.7182530254001418,0.70157722538958,0.6226235993454854,0.9926817417144775,0.7180442810058594,0.9926817417144775,0.7180442810058594,1.9544682502746582,1.5553674697875977,0.7180442810058594,0.8337318897247314,0.7180442810058594,0.8337318897247314,1.1367058753967285,1.2052133083343506
226,-3.5107157230377197,-2.4874026775360107,0.5680650176449371,0.9572772380026675,0.7844367573751758,1.3205029964447021,1.6614794731140137,1.3205029964447021,1.6614794731140137,2.1635732650756836,2.572193145751953,1.1162850856781006,0.5726077556610107,1.1162850856781006,0.5726077556610107,1.5589923858642578,1.1093189716339111
227,-2.5681586265563965,-2.7720839977264404,0.8257658263420065,0.7164282236744963,1.0522662831967073,1.4636273384094238,2.856874465942383,1.4636273384094238,2.856874465942383,2.7719995975494385,2.856874465942383,1.2208940982818604,0.8616070747375488,1.2208940982818604,0.8616070747375488,1.6894433498382568,1.2481369972229004
228,-2.9668631553649902,-2.76066517829895,0.6316127158701417,1.1536862468719482,0.7977427894622091,1.641007423400879,1.9072773456573486,1.641007423400879,1.9072773456573486,2.488349437713623,2.8454558849334717,1.3091715574264526,0.6304364204406738,1.3091715574264526,0.6304364204406738,1.7615365982055664,1.1688108444213867
229,-1.8839420080184937,-2.9420158863067627,0.692217322438955,0.796290808655322,1.2758840906992555,1.8092832565307617,3.026806354522705,1.8092832565307617,3.026806354522705,2.5746331214904785,3.026806354522705,1.4270672798156738,0.6467738151550293,1.4270672798156738,0.6467738151550293,1.860161304473877,1.1041203737258911
230,-2.509843349456787,-2.5108084678649902,0.4525637899960082,0.9631380951652926,0.9174829181904591,1.4343211650848389,1.5455751419067383,1.4343211650848389,1.5455751419067383,2.591416597366333,2.5955989360809326,1.1091980934143066,0.4555091857910156,1.1091980934143066,0.4555091857910156,1.622450590133667,1.058549404144287
231,-2.963991403579712,-2.4109132289886475,0.5892164709667367,0.5672294075662887,1.0768436859423918,1.7118453979492188,2.49570369720459,1.7118453979492188,2.49570369720459,2.532092332839966,2.49570369720459,1.2886017560958862,0.699614405632019,1.2886017560958862,0.699614405632019,1.6195409297943115,0.9818722009658813
232,-3.0242409706115723,-2.3052399158477783,0.7268969013541935,0.7913306718692182,0.6093886781111362,1.1315553188323975,1.6567407846450806,1.1315553188323975,1.6567407846450806,2.169311285018921,1.6567407846450806,0.954012393951416,0.8151845932006836,0.954012393951416,0.8151845932006836,1.3053765296936035,1.220212459564209
233,-2.6376211643218994,-2.743842840194702,0.7324189832558234,0.956108053655674,0.8776919003513953,1.2508074045181274,1.8055908679962158,1.2508074045181274,1.8055908679962158,2.185009479522705,2.8286330699920654,1.1135315895080566,0.7148714065551758,1.1135315895080566,0.7148714065551758,1.596936583518982,1.3052856922149658
234,-3.4131460189819336,-2.8466978073120117,0.6305747302497431,0.9712948747227585,1.0672047762448589,1.3626010417938232,2.931488513946533,1.3626010417938232,2.931488513946533,2.472036838531494,2.931488513946533,1.227818250656128,0.6082239151000977,1.227818250656128,0.6082239151000977,1.7550288438796997,1.1547107696533203
235,-4.623472213745117,-2.8925864696502686,0.8052475778261823,0.8271426155480246,1.0825723733442523,1.3910024166107178,2.977376699447632,1.3910024166107178,2.977376699447632,2.2470035552978516,2.977376699447632,1.236764907836914,0.759009599685669,1.236764907836914,0.759009599685669,1.6829686164855957,1.2396353483200073
236,-4.092807292938232,-3.219554901123047,1.0720336608837047,1.084282794321577,0.8856150198231139,1.4286060333251953,2.2222867012023926,1.4286060333251953,2.2222867012023926,3.080299139022827,2.2222867012023926,1.2273890972137451,0.9773433208465576,1.2273890972137451,0.9773433208465576,1.7248378992080688,1.589980959892273
237,-4.740368366241455,-3.6634128093719482,0.9422431193664673,1.424922363013028,1.1186236624792225,1.7767808437347412,2.323305606842041,1.7767808437347412,2.323305606842041,2.9600796699523926,3.7482032775878906,1.4666037559509277,0.8318343162536621,1.4666037559509277,0.8318343162536621,2.097269296646118,1.5223584175109863
238,-4.617227554321289,-3.867694139480591,1.0215068049480522,1.2018402148534857,1.4667234551658228,1.5164079666137695,3.952484607696533,1.5164079666137695,3.952484607696533,2.923712730407715,3.952484607696533,1.3408207893371582,0.8403036594390869,1.3408207893371582,0.8403036594390869,2.0583267211914062,1.4606415033340454
239,-3.8949027061462402,-3.886823892593384,1.0143792738641308,1.4017506236458814,1.2930703305701412,1.5579986572265625,2.2807931900024414,1.5579986572265625,2.2807931900024414,2.946617603302002,3.971614360809326,1.3768138885498047,0.8469488620758057,1.3768138885498047,0.8469488620758057,2.1003661155700684,1.6223682165145874
240,-4.540387153625488,-3.87030029296875,0.8642192385594054,1.3441018697495255,1.4843557585651679,1.600752353668213,3.9550909996032715,1.600752353668213,3.9550909996032715,3.3627145290374756,3.9550909996032715,1.3228230476379395,0.7140891551971436,1.3228230476379395,0.7140891551971436,2.153573989868164,1.3805352449417114
241,-4.6921234130859375,-3.803807020187378,0.9883052245154977,1.1510700875520696,1.48680804360658,1.6361265182495117,3.8885974884033203,1.6361265182495117,3.8885974884033203,2.961920738220215,3.8885974884033203,1.3877570629119873,0.8215415477752686,1.3877570629119873,0.8215415477752686,2.073464870452881,1.4203107357025146
242,-4.188126087188721,-3.8249471187591553,1.0350189058358468,1.3621757510180281,1.2501287973920499,1.547652244567871,2.2924344539642334,1.547652244567871,2.2924344539642334,2.865474224090576,3.9097375869750977,1.367380142211914,0.8751497268676758,1.367380142211914,0.8751497268676758,2.055880546569824,1.6386916637420654
243,-2.01680588722229,-3.894517183303833,0.9245805214469636,1.3699023871620488,1.4224106101815903,1.3733749389648438,3.9793076515197754,1.3733749389648438,3.9793076515197754,3.136626720428467,3.9793076515197754,1.2606866359710693,0.7642390727996826,1.2606866359710693,0.7642390727996826,2.0980629920959473,1.4493764638900757
244,-4.545241832733154,-3.462786912918091,0.45793956695745397,1.254722956853608,1.5725007245937985,2.6603541374206543,3.547577381134033,2.6603541374206543,3.547577381134033,4.210331916809082,3.547577381134033,1.5534244775772095,0.4007411003112793,1.5534244775772095,0.4007411003112793,2.3040947914123535,1.0275890827178955
245,-4.732890605926514,-3.210967779159546,0.9977208455155293,0.5745969937617579,1.4610262753690284,2.3296096324920654,3.2957582473754883,2.3296096324920654,3.2957582473754883,4.218962669372559,3.2957582473754883,1.5497684478759766,0.6817574501037598,1.5497684478759766,0.6817574501037598,2.127631187438965,1.1262359619140625
246,-4.778402328491211,-3.356253147125244,1.119784813473622,1.4532895870010059,0.605554843718807,2.030388832092285,2.646780252456665,2.030388832092285,2.646780252456665,4.496411323547363,2.646780252456665,1.585693359375,0.6702961921691895,1.585693359375,0.6702961921691895,2.116236686706543,1.301100254058838
247,-4.382499694824219,-3.973327398300171,1.026923478543758,1.368712333068252,1.4000683990120888,1.217299222946167,4.0581183433532715,1.217299222946167,4.0581183433532715,2.910478115081787,4.0581183433532715,1.217299222946167,0.8345127105712891,1.217299222946167,0.8345127105712891,2.0449531078338623,1.5231304168701172
248,-4.728496551513672,-3.95979380607605,0.9539875186110529,1.3754305725793046,1.452752050372462,1.368706464767456,4.044584274291992,1.368706464767456,4.044584274291992,3.1308095455169678,4.044584274291992,1.259711742401123,0.7757694721221924,1.259711742401123,0.7757694721221924,2.106436014175415,1.4572757482528687
249,-3.042541742324829,-3.941607713699341,1.0138293054451553,1.2696601654340816,1.4804945783068737,1.4391703605651855,4.026398181915283,1.4391703605651855,4.026398181915283,2.9636669158935547,4.026398181915283,1.312530755996704,0.8228354454040527,1.312530755996704,0.8228354454040527,2.0825252532958984,1.4647293090820312
250,-3.009160041809082,-3.7002310752868652,0.6961053611089789,1.4048375146587688,1.4216647734244665,1.7824336290359497,3.7850217819213867,1.7824336290359497,3.7850217819213867,3.7556490898132324,3.7850217819213867,1.3177423477172852,0.5965056419372559,1.3177423477172852,0.5965056419372559,2.174884796142578,1.2945504188537598
251,-2.2727720737457275,-3.393474817276001,0.6801766946539285,0.91044249214232,1.6252319659665222,2.3784542083740234,3.4782652854919434,2.3784542083740234,3.4782652854919434,3.230088472366333,3.4782652854919434,1.6695096492767334,0.5978968143463135,1.6695096492767334,0.5978968143463135,2.201679229736328,1.0858590602874756
252,-2.5431742668151855,-2.7893712520599365,0.5408727143084011,0.9662429415558773,1.1046319316824278,1.5960326194763184,2.874161720275879,1.5960326194763184,2.874161720275879,2.710376262664795,2.874161720275879,1.275432825088501,0.5249483585357666,1.275432825088501,0.5249483585357666,1.7963913679122925,1.0669430494308472
253,-0.6628844738006592,-2.5798285007476807,0.6002334411318102,0.7058326855177681,1.0961389480034511,1.5952404737472534,2.664619207382202,1.5952404737472534,2.664619207382202,2.263052463531494,2.664619207382202,1.2959271669387817,0.579730749130249,1.2959271669387817,0.579730749130249,1.667673110961914,0.9969650506973267
254,1.814461588859558,-1.9368412494659424,0.144843989337484,0.8160555783907573,0.7983180172244708,1.5546330213546753,1.1087226867675781,1.5546330213546753,1.1087226867675781,2.7881524562835693,2.0216317176818848,0.9495012760162354,0.16385209560394287,0.9495012760162354,0.16385209560394287,1.4036341905593872,0.7042705416679382
255,-0.22845782339572906,-0.7089139223098755,0.5406821777671575,0.19220894653350107,0.8797634890303017,2.0544471740722656,0.7937043309211731,2.0544471740722656,0.7937043309211731,1.5607249736785889,0.7937043309211731,1.1346237659454346,0.25664252042770386,1.1346237659454346,0.25664252042770386,0.8760454654693604,0.25070539116859436
256,-0.11318659782409668,0.34936729073524475,0.026438750475644923,0.5891685714572668,0.03573886573314672,0.5474597215652466,0.48953908681869507,0.5474597215652466,0.48953908681869507,0.2894171178340912,0.26457688212394714,0.5474597215652466,0.0678119957447052,0.5474597215652466,0.0678119957447052,0.4347342252731323,0.16989880800247192
257,0.5304730534553528,0.48733437061309814,0.0023017628863454265,0.04535745609551667,0.7126172541081905,0.4911384582519531,0.40254396200180054,0.4911384582519531,0.40254396200180054,0.17802035808563232,0.40254396200180054,0.4911384582519531,0.027125298976898193,0.4911384582519531,0.027125298976898193,0.4611477255821228,0.05058583617210388
258,-1.0327038764953613,0.11980205029249191,0.17597833787401518,0.0002004915600021806,0.12124690027286605,0.1394408941268921,0.1394408941268921,0.1394408941268921,0.1394408941268921,0.15871009230613708,0.0350116491317749,0.1394408941268921,0.031037844717502594,0.1394408941268921,0.031037844717502594,0.10209743678569794,0.06765496730804443
259,-0.05057839676737785,-0.06727242469787598,0.23247420322149986,0.1908848005160689,0.15194067977368828,0.7083650827407837,0.2595750391483307,0.7083650827407837,0.2595750391483307,0.5547364354133606,0.11604829877614975,0.2595750391483307,0.03460916876792908,0.2595750391483307,0.03460916876792908,0.18781167268753052,0.06779120862483978
260,-0.44527217745780945,-0.024481065571308136,0.018734452513356953,0.24558414193491143,0.37999228091289605,0.18377874791622162,0.10927148908376694,0.18377874791622162,0.10927148908376694,0.5467914342880249,0.10927148908376694,0.18377874791622162,0.012883752584457397,0.18377874791622162,0.012883752584457397,0.14011156558990479,0.13989420235157013
261,0.8969452977180481,-0.4089893400669098,0.08552263612548514,0.034574705188473054,0.18041777441898976,0.653213620185852,0.4937797784805298,0.653213620185852,0.4937797784805298,0.8623940348625183,0.4937797784805298,0.3696915805339813,0.015409290790557861,0.3696915805339813,0.015409290790557861,0.4250892698764801,0.07137192785739899
262,-0.42257407307624817,0.19131600856781006,0.28105122222254675,0.09708739293118318,0.1849758437896768,0.24100057780742645,0.24100057780742645,0.24100057780742645,0.24100057780742645,0.06258797645568848,0.10652559250593185,0.24100057780742645,0.11896321177482605,0.24100057780742645,0.11896321177482605,0.2325209379196167,0.1268787682056427
263,-0.24279750883579254,0.08159567415714264,0.07860733602816863,0.2969564960648616,0.04087017118309941,0.25009778141975403,0.14403635263442993,0.25009778141975403,0.14403635263442993,0.22268366813659668,0.14403635263442993,0.25009778141975403,0.13698706030845642,0.25009778141975403,0.13698706030845642,0.19706706702709198,0.19273297488689423
264,-0.7147467136383057,0.18581518530845642,0.03137842883666353,0.08182765466471506,0.47664493332306535,0.2733969986438751,0.10102476924657822,0.2733969986438751,0.10102476924657822,0.2047971487045288,0.10102476924657822,0.2733969986438751,0.05925449728965759,0.2733969986438751,0.05925449728965759,0.2177090048789978,0.1076974868774414
265,-1.7251965999603271,-0.3000617027282715,0.15160065151751048,0.019791352525353384,0.0489539360255003,0.30108222365379333,0.1772649884223938,0.30108222365379333,0.1772649884223938,0.5007451772689819,0.3848521411418915,0.1772649884223938,0.06789728999137878,0.1772649884223938,0.06789728999137878,0.24913710355758667,0.13816843926906586
266,-1.068265438079834,-0.617668867111206,0.40436517003923644,0.14374855358153593,0.10806852102279663,0.8433242440223694,0.42538902163505554,0.8433242440223694,0.42538902163505554,1.1759058237075806,0.6240544319152832,0.42538902163505554,0.08812487125396729,0.42538902163505554,0.08812487125396729,0.5247217416763306,0.18487480282783508
267,-0.023552222177386284,-0.9946615695953369,0.24902056004852058,0.483631683178246,0.08438578106462957,0.8521379232406616,0.8353676795959473,0.8521379232406616,0.8353676795959473,1.2315233945846558,0.8353676795959473,0.5714073181152344,0.3049345016479492,0.5714073181152344,0.3049345016479492,0.7033874988555908,0.4458594024181366
268,-1.1883198022842407,-0.9585027694702148,0.019961415740350708,0.29386748177309824,0.5069731581335266,1.2793231010437012,1.0432933568954468,1.2793231010437012,1.0432933568954468,1.7524058818817139,1.0432933568954468,0.7469300627708435,0.005909562110900879,0.7469300627708435,0.005909562110900879,0.8921209573745728,0.19391754269599915
269,-2.4924848079681396,-0.5958241820335388,0.27164704026033487,0.05040370247016357,0.1969571797301372,0.6144377589225769,0.2926763892173767,0.6144377589225769,0.2926763892173767,1.2863948345184326,0.6806145906448364,0.2926763892173767,0.0071021318435668945,0.2926763892173767,0.0071021318435668945,0.4835500419139862,0.19860625267028809
270,-2.111182689666748,-0.8774878978729248,0.6035521338010827,0.27808225667725023,0.18177015711863853,1.3679887056350708,0.6279857158660889,1.3679887056350708,0.6279857158660889,2.041104316711426,0.9548590183258057,0.6279857158660889,0.008892357349395752,0.6279857158660889,0.008892357349395752,0.7914223670959473,0.17942285537719727
271,-0.8061473369598389,-1.7835702896118164,0.524218568789462,0.7764667218054335,0.305261215294401,1.2735756635665894,1.4388468265533447,1.2735756635665894,1.4388468265533447,2.121082305908203,1.4388468265533447,0.9229854941368103,0.5256756544113159,0.9229854941368103,0.5256756544113159,1.1809161901474,0.8177801370620728
272,-0.9960519075393677,-1.9080438613891602,0.17851834774017394,0.6613273390382525,0.8905745100975035,1.7991148233413696,1.9928343296051025,1.7991148233413696,1.9928343296051025,2.563770055770874,1.9928343296051025,1.1492253541946411,0.19284820556640625,1.1492253541946411,0.19284820556640625,1.471789836883545,0.5853421092033386
273,-1.4849820137023926,-1.2778505086898804,0.22399265846858396,0.201704528766374,0.6745297761509816,1.318148136138916,1.3626410961151123,1.318148136138916,1.3626410961151123,1.5980876684188843,1.3626410961151123,0.8997564315795898,0.28556883335113525,0.8997564315795898,0.28556883335113525,1.0233291387557983,0.40516403317451477
274,-0.5377950072288513,-0.8739879727363586,0.3477528652548789,0.23914953380823134,0.10946190916001808,0.5543776750564575,0.37043923139572144,0.5543776750564575,0.37043923139572144,0.9188503623008728,0.6804242134094238,0.37043923139572144,0.3193473219871521,0.37043923139572144,0.3193473219871521,0.525431752204895,0.45794644951820374
275,-0.39246460795402527,-0.8973491191864014,0.11195697208245592,0.41227278613795854,0.19549575605740138,0.7747426629066467,0.6302484273910522,0.7747426629066467,0.6302484273910522,1.2288728952407837,0.9821395874023438,0.495500773191452,0.13952988386154175,0.495500773191452,0.13952988386154175,0.6720736622810364,0.35291174054145813
276,1.7941398620605469,-0.7475994825363159,0.07392002105712886,0.11461072877049444,0.3814450681954623,0.9262844920158386,0.8323898911476135,0.9262844920158386,0.8323898911476135,1.077196717262268,0.8323898911476135,0.591991126537323,0.09752094745635986,0.591991126537323,0.09752094745635986,0.6632113456726074,0.18738245964050293
277,2.501974105834961,0.30476728081703186,0.5584879093368849,0.09075894246498745,0.014661948656042367,0.5127482414245605,0.5127482414245605,0.5127482414245605,0.5127482414245605,0.28310060501098633,0.39976856112480164,0.5127482414245605,0.18423056602478027,0.5127482414245605,0.18423056602478027,0.4562584161758423,0.23630154132843018
278,0.8194143772125244,1.313612699508667,0.8399860637510819,0.5990572232628864,0.05219307700792908,0.8170638084411621,0.8170638084411621,0.8170638084411621,0.8170638084411621,1.158748984336853,1.3577861785888672,0.8170638084411621,0.12380790710449219,0.8170638084411621,0.12380790710449219,1.0874249935150146,0.3158976435661316
279,2.349514961242676,1.5873016119003296,0.29760360490530724,0.7941440669819713,0.6731776045262813,0.814501941204071,1.0303189754486084,0.814501941204071,1.0303189754486084,1.0783054828643799,1.5025111436843872,0.814501941204071,0.2907499074935913,0.814501941204071,0.2907499074935913,1.0488460063934326,0.5083067417144775
280,0.6657748818397522,1.6387306451797485,0.7568899181485176,0.2135529816523194,0.8459115291014313,0.6282727718353271,1.5539402961730957,0.6282727718353271,1.5539402961730957,1.289973497390747,1.5539402961730957,0.6282727718353271,0.2524538040161133,0.6282727718353271,0.2524538040161133,0.9796857833862305,0.5968166589736938
281,2.5179693698883057,1.2550325393676758,0.2471899484718838,0.7574471963072819,0.42801905910174054,0.7589842081069946,0.9335511922836304,0.7589842081069946,0.9335511922836304,0.5837548971176147,1.1702420711517334,0.7589842081069946,0.22669196128845215,0.7589842081069946,0.22669196128845215,0.876424252986908,0.33695122599601746
282,2.5800981521606445,1.6105655431747437,0.8052936047067246,0.16613130034257972,0.8167643026386697,0.5525588989257812,1.5257750749588013,0.5525588989257812,1.5257750749588013,1.2974131107330322,1.5257750749588013,0.6021444797515869,0.20205271244049072,0.6021444797515869,0.20205271244049072,0.974329948425293,0.5715792775154114
283,1.5543192625045776,1.9798734188079834,0.9078807199498018,0.8647475426395733,0.3848688207318385,0.93216872215271,0.93216872215271,0.93216872215271,0.93216872215271,1.6848628520965576,1.6998786926269531,0.93216872215271,0.20111393928527832,0.93216872215271,0.20111393928527832,1.3160237073898315,0.6763989925384521
284,2.352985382080078,2.0310661792755127,0.5534293716649217,0.8292751491318147,0.8259853229920067,0.8948922157287598,1.3306357860565186,0.8948922157287598,1.3306357860565186,1.4917997121810913,1.9462757110595703,0.8948922157287598,0.5818864107131958,0.8948922157287598,0.5818864107131958,1.2028841972351074,0.8620728850364685
285,0.8560133576393127,1.9431846141815186,0.7926638710622984,0.4679765102391442,0.8601678973933062,0.6529853343963623,1.8583941459655762,0.6529853343963623,1.8583941459655762,1.3420900106430054,1.8583941459655762,0.6529853343963623,0.5411742925643921,0.6529853343963623,0.5411742925643921,1.0310394763946533,0.8864335417747498
286,2.084768533706665,1.4976885318756104,0.3078454093510905,0.7483658841500678,0.6191009028876824,0.7677513360977173,0.9942130446434021,0.7677513360977173,0.9942130446434021,0.9540961384773254,1.412898063659668,0.7677513360977173,0.2992525100708008,0.7677513360977173,0.2992525100708008,0.9754853844642639,0.4939485788345337
287,2.75211238861084,1.534109354019165,0.6710038289800289,0.22748244043439625,0.8132467491179702,0.5916485786437988,1.4493188858032227,0.5916485786437988,1.4493188858032227,1.142801284790039,1.4493188858032227,0.5916485786437988,0.2600972652435303,0.5916485786437988,0.2600972652435303,0.9037855863571167,0.5620471239089966
288,1.452971339225769,1.9004802703857422,0.9418112848078214,0.6951554006276031,0.44113724946354793,0.9548637866973877,0.9548637866973877,0.9548637866973877,0.9548637866973877,1.402056097984314,1.569295883178711,0.9548637866973877,0.26094865798950195,0.9548637866973877,0.26094865798950195,1.2620798349380493,0.6422793865203857
289,2.1517558097839355,1.980147361755371,0.5248661408449211,0.896910453295956,0.7359944321277243,0.9586737155914307,1.362305998802185,0.9586737155914307,1.362305998802185,1.2972338199615479,1.8953568935394287,0.9586737155914307,0.5499475002288818,0.9586737155914307,0.5499475002288818,1.2246272563934326,0.7907555103302002
290,1.6783177852630615,1.8569223880767822,0.7178759965300561,0.42677888534963127,0.8898911707103252,0.6713738441467285,1.7721319198608398,0.6713738441467285,1.7721319198608398,1.1768927574157715,1.7721319198608398,0.6713738441467285,0.488211989402771,0.6713738441467285,0.488211989402771,1.0136395692825317,0.8020050525665283
291,2.0466134548187256,1.7091610431671143,0.5869423887195686,0.6990826392608385,0.6007596796999375,0.7577088475227356,1.229178547859192,0.7577088475227356,1.229178547859192,0.9496427774429321,1.6243705749511719,0.7577088475227356,0.6008834838867188,0.7577088475227356,0.6008834838867188,0.954508900642395,0.7858829498291016
292,2.6549885272979736,1.8026255369186401,0.6947192579880355,0.5167564391717316,0.7687735042721033,0.5594997406005859,1.7178350687026978,0.5594997406005859,1.7178350687026978,1.1960477828979492,1.7178350687026978,0.5594997406005859,0.5810106992721558,0.5594997406005859,0.5810106992721558,0.8934186697006226,0.8761954307556152
293,2.2088913917541504,2.0748236179351807,0.9178180971493323,0.6712472279866537,0.6633819573124251,0.954581618309021,0.954581618309021,0.954581618309021,0.954581618309021,1.4001379013061523,1.5433142185211182,0.954581618309021,0.4807819128036499,0.954581618309021,0.4807819128036499,1.2489478588104248,0.8530218601226807
294,2.7798655033111572,2.244750738143921,0.7966790456448991,0.8873894116592903,0.7383059453529617,0.994404673576355,1.6346485614776611,0.994404673576355,1.6346485614776611,1.521305799484253,1.6346485614776611,0.994404673576355,0.5300965309143066,0.994404673576355,0.5300965309143066,1.3145265579223633,0.9299595355987549
295,2.063631534576416,2.3900630474090576,0.9708077314868571,0.7198047504760328,0.877073991540819,1.0366877317428589,1.0366877317428589,1.0366877317428589,1.0366877317428589,1.5960196256637573,2.305272340774536,1.0366877317428589,0.8435708284378052,1.0366877317428589,0.8435708284378052,1.3342063426971436,1.174525260925293
296,1.3544650077819824,2.2634522914886475,0.7489467302833996,0.9243694121514758,0.7677598135670022,1.0247890949249268,1.6209584474563599,1.0247890949249268,1.6209584474563599,1.422318458557129,2.178661823272705,1.0247890949249268,0.8034363985061646,1.0247890949249268,0.8034363985061646,1.306549072265625,1.0543711185455322
297,3.110065221786499,1.8001047372817993,0.4631405477101602,0.6336030809643369,0.8809847731205325,0.6375967264175415,1.715314269065857,0.6375967264175415,1.715314269065857,1.1316165924072266,1.715314269065857,0.6375967264175415,0.47383832931518555,0.6375967264175415,0.47383832931518555,0.9888558387756348,0.764086127281189
298,3.3984251022338867,2.002257823944092,1.0197245802109438,0.4038357850660881,0.756320884761711,1.0338525772094727,1.0338525772094727,1.0338525772094727,1.0338525772094727,1.2549582719802856,1.9174671173095703,1.0338525772094727,0.4869852066040039,1.0338525772094727,0.4869852066040039,1.2833449840545654,0.7581551671028137
299,3.6613330841064453,2.652992010116577,1.1832578889032206,1.0791012787198024,0.5682565070067844,1.2508342266082764,1.2508342266082764,1.2508342266082764,1.2508342266082764,2.1300368309020996,2.1963396072387695,1.2508342266082764,0.4029254913330078,1.2508342266082764,0.4029254913330078,1.723586916923523,1.005781650543213
300,1.9146424531936646,3.1965320110321045,1.2897625147861735,1.1425116471325358,0.9418815136266256,1.4359610080718994,1.4359610080718994,1.4359610080718994,1.4359610080718994,2.343902111053467,2.398228168487549,1.4359610080718994,0.7807183265686035,1.4359610080718994,0.7807183265686035,1.9170945882797241,1.4364182949066162
301,2.460145950317383,2.637859582901001,0.7134956634417171,1.1701298493891954,0.9318579730018977,1.24638032913208,1.7975982427597046,1.24638032913208,1.7975982427597046,1.9292850494384766,2.5530693531036377,1.24638032913208,0.7825180292129517,1.24638032913208,0.7825180292129517,1.6271861791610718,1.0896141529083252
302,1.9902029037475586,2.290722608566284,0.8416746167093516,0.5905499027669427,1.0361217536032201,0.8140437602996826,2.205932140350342,0.8140437602996826,2.205932140350342,1.241528034210205,2.205932140350342,0.8140437602996826,0.6858158111572266,0.8140437602996826,0.6858158111572266,1.2245193719863892,1.050469160079956
303,1.3825641870498657,2.055392026901245,0.7102186194558939,0.812768274632593,0.7100287973259884,0.9017907381057739,1.4726427793502808,0.9017907381057739,1.4726427793502808,1.3527939319610596,1.4726427793502808,0.9017907381057739,0.4998941421508789,0.9017907381057739,0.4998941421508789,1.1872167587280273,0.8542692065238953
304,2.1488568782806396,1.7314590215682983,0.47290795353551696,0.6132850629215436,0.8228895504151785,0.5886611938476562,1.6466684341430664,0.5886611938476562,1.6466684341430664,1.1297752857208252,1.6466684341430664,0.5886611938476562,0.4823300838470459,0.5886611938476562,0.4823300838470459,0.9258574843406677,0.7619137167930603
305,2.8371362686157227,1.6851786375045776,0.7162185677389303,0.41240383847306195,0.7341797765965261,0.48066139221191406,1.6003880500793457,0.48066139221191406,1.6003880500793457,1.1613306999206543,1.6003880500793457,0.5285015106201172,0.46564388275146484,0.5285015106201172,0.46564388275146484,0.8676517009735107,0.7761505842208862
306,1.1135257482528687,2.1033308506011963,0.9776581838168199,0.7158849821984772,0.5874113490991295,1.0115039348602295,1.0115039348602295,1.0115039348602295,1.0115039348602295,1.4729796648025513,1.6399738788604736,1.0115039348602295,0.4108999967575073,1.0115039348602295,0.4108999967575073,1.3257389068603516,0.8069317936897278
307,1.4304118156433105,1.8832165002822876,0.4047357248142358,0.9114429217576978,0.7446615182235843,0.9518741369247437,1.2525463104248047,0.9518741369247437,1.2525463104248047,1.29523503780365,1.7984260320663452,0.9518741369247437,0.4158531427383423,0.9518741369247437,0.4158531427383423,1.2232069969177246,0.660638689994812
308,1.7821015119552612,1.4807639122009277,0.4574056652250389,0.30273971511671927,0.8982421963723999,0.6562244296073914,1.3959734439849854,0.6562244296073914,1.3959734439849854,0.6638247966766357,1.3959734439849854,0.6562244296073914,0.3288087844848633,0.6562244296073914,0.3288087844848633,0.8712335824966431,0.5271645188331604
309,2.1987555027008057,1.3691949844360352,0.5932801001022261,0.4399382140363257,0.5136003348107137,0.5814832448959351,0.5814832448959351,0.5814832448959351,0.5814832448959351,0.6920596957206726,1.2844045162200928,0.5814832448959351,0.46937572956085205,0.5814832448959351,0.46937572956085205,0.7284730672836304,0.624550461769104
310,0.43060240149497986,1.74114990234375,0.7512802881374953,0.5685798591375355,0.5989134195819497,0.7639638781547546,0.7639638781547546,0.7639638781547546,0.7639638781547546,0.9217234253883362,1.6563594341278076,0.7639638781547546,0.6355504989624023,0.7639638781547546,0.6355504989624023,0.947391152381897,0.8303915858268738
311,0.5454989671707153,1.336746096611023,0.165900688742598,0.6765375073750812,0.6719316842158636,0.6727674603462219,0.7823790311813354,0.6727674603462219,0.7823790311813354,1.015061855316162,1.2519557476043701,0.6727674603462219,0.14381146430969238,0.6727674603462219,0.14381146430969238,0.9061949253082275,0.36289072036743164
312,1.3926668167114258,0.8819366693496704,0.17394618978103005,0.10770971064766244,0.7779044334342082,0.5364463329315186,0.7971462607383728,0.5364463329315186,0.7971462607383728,0.2090139389038086,0.7971462607383728,0.5364463329315186,0.10178971290588379,0.5364463329315186,0.10178971290588379,0.6095338463783264,0.1716078221797943
313,0.15830101072788239,0.7514786720275879,0.4391489002729457,0.16524722161392358,0.32470621465394894,0.39761385321617126,0.39761385321617126,0.39761385321617126,0.39761385321617126,0.25883764028549194,0.6666882634162903,0.39761385321617126,0.1524357795715332,0.39761385321617126,0.1524357795715332,0.45920848846435547,0.21623972058296204
314,1.8225750923156738,0.678707480430603,0.08016564277932048,0.4253459864296019,0.35081951573491094,0.39181917905807495,0.4320622384548187,0.39181917905807495,0.4320622384548187,0.30983278155326843,0.5939170718193054,0.39181917905807495,0.04588675498962402,0.39181917905807495,0.04588675498962402,0.47256147861480713,0.1214931309223175
315,1.1320607662200928,1.0228654146194458,0.5670350378255049,0.03592439285169058,0.5975296484554806,0.2514263391494751,0.9380750060081482,0.2514263391494751,0.9380750060081482,0.7694705724716187,0.9380750060081482,0.37712299823760986,0.041485488414764404,0.37712299823760986,0.041485488414764404,0.636737048625946,0.2992965281009674
316,0.2557043433189392,1.0359629392623901,0.38783323785911006,0.5899414509038132,0.23581191501269716,0.5935325622558594,0.9022849798202515,0.5935325622558594,0.9022849798202515,0.7194294929504395,0.9022849798202515,0.5935325622558594,0.046574413776397705,0.5935325622558594,0.046574413776397705,0.7479087710380554,0.22920721769332886
317,-1.3281476497650146,0.9248617887496948,0.10060823405161501,0.3171009964123368,0.6847762227989733,0.45295244455337524,0.8400713801383972,0.45295244455337524,0.8400713801383972,0.5852716565132141,0.8400713801383972,0.45295244455337524,0.07323199510574341,0.45295244455337524,0.07323199510574341,0.6135201454162598,0.2174815833568573
318,-0.6779893040657043,0.14343994855880737,0.3024668918115397,0.09826035468528654,0.5252701203959684,0.31801509857177734,0.05864950269460678,0.31801509857177734,0.05864950269460678,0.7217344045639038,0.05864950269460678,0.31801509857177734,0.05501507222652435,0.31801509857177734,0.05501507222652435,0.16346752643585205,0.15688663721084595
319,-1.062685489654541,-0.3612622022628784,0.14387468087176475,0.3295900329823295,0.2898261761044461,0.7856091856956482,0.5242084860801697,0.7856091856956482,0.5242084860801697,0.7132014036178589,0.446052610874176,0.35758328437805176,0.17381593585014343,0.35758328437805176,0.17381593585014343,0.31805720925331116,0.12620475888252258
320,-0.008709590882062912,-0.8877140283584595,0.241349615858247,0.14962607720245935,0.3191146707845229,0.7457714080810547,0.9725044369697571,0.7457714080810547,0.9725044369697571,1.1005622148513794,0.9725044369697571,0.5301694869995117,0.22303557395935059,0.5301694869995117,0.22303557395935059,0.6611535549163818,0.3538266718387604
321,1.563296914100647,-0.4732184410095215,0.0277024371301135,0.27123530490944786,0.05206190871695682,0.6351088881492615,0.32750123739242554,0.6351088881492615,0.32750123739242554,1.0313163995742798,0.5580088496208191,0.32526931166648865,0.0022763609886169434,0.32526931166648865,0.0022763609886169434,0.44053220748901367,0.13583257794380188
322,0.8556143045425415,0.14694038033485413,0.48462149451176323,0.026397900643448102,0.1864553354059657,0.4432681202888489,0.4432681202888489,0.4432681202888489,0.4432681202888489,0.5708703398704529,0.062149979174137115,0.4432681202888489,0.002745315432548523,0.4432681202888489,0.002745315432548523,0.2538538873195648,0.18935781717300415
323,1.078742265701294,0.7973825931549072,0.2921117751424511,0.49914252900828915,0.1837520727266868,0.4857412576675415,0.7153314352035522,0.4857412576675415,0.7153314352035522,0.5273056030273438,0.7153314352035522,0.4857412576675415,0.002570033073425293,0.4857412576675415,0.002570033073425293,0.6005363464355469,0.13145270943641663
324,1.3002090454101562,1.033903956413269,0.3441529948140183,0.23916957580174025,0.6282050503107408,0.40605515241622925,0.9491135478019714,0.40605515241622925,0.9491135478019714,0.5819095373153687,0.9491135478019714,0.40605515241622925,0.23771071434020996,0.40605515241622925,0.23771071434020996,0.5609438419342041,0.3830416202545166
325,2.4508910179138184,1.0088666677474976,0.4218515902633466,0.3222526690239709,0.44238619218269987,0.11045444011688232,0.9240763783454895,0.11045444011688232,0.9240763783454895,0.5002800822257996,0.9240763783454895,0.23800474405288696,0.32126522064208984,0.23800474405288696,0.32126522064208984,0.4314405620098114,0.4995265007019043
326,1.831771969795227,1.5302464962005615,0.8080198186015088,0.3956866671641668,0.5041636749481162,0.792330265045166,0.792330265045166,0.792330265045166,0.792330265045166,0.723981499671936,1.4454560279846191,0.792330265045166,0.43861496448516846,0.792330265045166,0.43861496448516846,0.9351602792739868,0.5890635251998901
327,3.309943199157715,1.8536298274993896,0.652906247663001,0.8176552259425323,0.5606920184070867,0.8919773101806641,1.4100346565246582,0.8919773101806641,1.4100346565246582,1.2490923404693604,1.4100346565246582,0.8919773101806641,0.3589057922363281,0.8919773101806641,0.3589057922363281,1.1510059833526611,0.6845204830169678
328,1.599814772605896,2.357028007507324,1.1085763498023151,0.5810800027102234,0.844995319508016,1.1619138717651367,1.1619138717651367,1.1619138717651367,1.1619138717651367,1.4978058338165283,2.272237539291382,1.1619138717651367,0.7055710554122925,1.1619138717651367,0.7055710554122925,1.4458379745483398,1.0197780132293701
329,1.6728105545043945,2.1863512992858887,0.5957344799054165,1.098042124484976,0.6701981209901473,1.172723412513733,1.6212408542633057,1.172723412513733,1.6212408542633057,1.2530536651611328,2.101560592651367,1.172723412513733,0.6346817016601562,1.172723412513733,0.6346817016601562,1.4125432968139648,0.8435041904449463
330,0.6136158108711243,1.8186289072036743,0.5534483209624887,0.46689379900693884,0.975910451747477,0.7323325872421265,1.733838438987732,0.7323325872421265,1.733838438987732,0.7443687915802002,1.733838438987732,0.7323325872421265,0.5180140733718872,0.7323325872421265,0.5180140733718872,1.000922679901123,0.7544435262680054
331,1.264658808708191,1.1717123985290527,0.21552059633036436,0.5019032970567546,0.631912169655164,0.38864338397979736,1.0869219303131104,0.38864338397979736,1.0869219303131104,0.9023302793502808,1.0869219303131104,0.40992772579193115,0.19431614875793457,0.40992772579193115,0.19431614875793457,0.6674258708953857,0.4260881245136261
332,2.3910906314849854,1.0419927835464478,0.397010466530919,0.16445608749985707,0.6581498940289021,0.4329370856285095,0.9572023749351501,0.4329370856285095,0.9572023749351501,0.682644248008728,0.9572023749351501,0.4329370856285095,0.16590094566345215,0.4329370856285095,0.16590094566345215,0.6127136945724487,0.3388063907623291
333,3.2179293632507324,1.3669843673706055,0.7842617653061945,0.38876734544833513,0.37157892112930613,0.7567238211631775,0.7567238211631775,0.7567238211631775,0.7567238211631775,0.7992110252380371,1.1013562679290771,0.7567238211631775,0.18121957778930664,0.7567238211631775,0.18121957778930664,0.9290400743484497,0.38751402497291565
334,3.096689462661743,2.288219928741455,1.0999139577647048,0.8122391894956431,0.5536904459943375,1.1397886276245117,1.1397886276245117,1.1397886276245117,1.1397886276245117,1.647132396697998,1.853259801864624,1.1397886276245117,0.3865177631378174,1.1397886276245117,0.3865177631378174,1.4965242147445679,0.8372147083282471
335,3.2301928997039795,2.845672845840454,1.119288938691219,1.095532810849448,0.8084749992315965,1.1859633922576904,1.2295680046081543,1.1859633922576904,1.2295680046081543,2.138685703277588,2.168435573577881,1.2295680046081543,0.6278574466705322,1.2295680046081543,0.6278574466705322,1.6990017890930176,1.2520231008529663
336,1.401332139968872,2.9798390865325928,1.1576015178735055,1.0388422340030472,0.9610189991692706,1.2822341918945312,1.2822341918945312,1.2822341918945312,1.2822341918945312,2.1387345790863037,2.1654305458068848,1.2822341918945312,0.7751803398132324,1.2822341918945312,0.7751803398132324,1.723832368850708,1.375823974609375
337,0.9712430834770203,2.2607462406158447,0.511353068376581,1.026308558123807,0.9007082786286871,1.0773038864135742,1.4644746780395508,1.0773038864135742,1.4644746780395508,1.74595046043396,2.1759557723999023,1.0773038864135742,0.5439006090164185,1.0773038864135742,0.5439006090164185,1.4320071935653687,0.8480488657951355
338,1.9981658458709717,1.4838706254959106,0.3127678337693214,0.3893801076896488,0.9593463485501708,0.7049921751022339,1.3990801572799683,0.7049921751022339,1.3990801572799683,0.5467469692230225,1.3990801572799683,0.7049921751022339,0.3029235601425171,0.7049921751022339,0.3029235601425171,0.9207348227500916,0.48529309034347534
339,1.6879312992095947,1.3391125202178955,0.6476338138058779,0.2785167138278486,0.5905856570973993,0.6257042288780212,0.6257042288780212,0.6257042288780212,0.6257042288780212,0.8218919038772583,1.2543220520019531,0.6257042288780212,0.3017016649246216,0.6257042288780212,0.3017016649246216,0.8064659833908081,0.4927675724029541
340,0.6170474290847778,1.5300593376159668,0.5837138853718838,0.6496043698427576,0.4743648661238451,0.6954162120819092,1.1687681674957275,0.6954162120819092,1.1687681674957275,1.089660406112671,1.1687681674957275,0.6954162120819092,0.276419997215271,0.6954162120819092,0.276419997215271,0.9320921897888184,0.560917854309082
341,-1.2318379878997803,1.2602312564849854,0.21479417341450846,0.4992195349807541,0.723841212602953,0.49191081523895264,1.175440788269043,0.49191081523895264,1.175440788269043,0.9283665418624878,1.175440788269043,0.49191081523895264,0.19638335704803467,0.49191081523895264,0.19638335704803467,0.7522054314613342,0.42822426557540894
342,-0.44669827818870544,0.37651339173316956,0.2834486548602581,0.17707007233053446,0.6605156685784459,0.436286985874176,0.29172301292419434,0.436286985874176,0.29172301292419434,0.7274685502052307,0.29172301292419434,0.436286985874176,0.12808027863502502,0.436286985874176,0.12808027863502502,0.2811722159385681,0.1426084190607071
343,-1.0240951776504517,-0.14771699905395508,0.08375335950404406,0.29670296136289837,0.41036298632621765,0.22121819853782654,0.23250740766525269,0.22121819853782654,0.23250740766525269,0.6488257050514221,0.23250740766525269,0.22121819853782654,0.11289826035499573,0.22121819853782654,0.11289826035499573,0.1712350994348526,0.2635965347290039
344,-0.5046405792236328,-0.7579792737960815,0.23120035578186315,0.07726364577809974,0.2718916077228883,0.7217705845832825,0.8427696824073792,0.7217705845832825,0.8427696824073792,1.1150577068328857,0.8427696824073792,0.47392797470092773,0.1425924301147461,0.47392797470092773,0.1425924301147461,0.5994006395339966,0.26892468333244324
345,2.2333669662475586,-0.49244868755340576,0.10042253695428371,0.25072427988052365,0.03632179379463191,0.4626391530036926,0.42951151728630066,0.4626391530036926,0.42951151728630066,0.6074466705322266,0.42951151728630066,0.30323511362075806,0.17149710655212402,0.30323511362075806,0.17149710655212402,0.36637330055236816,0.2356373369693756
346,3.489104747772217,0.22016122937202454,0.6995052769780159,0.1269480578228831,0.17477226566523318,0.6563198566436768,0.6563198566436768,0.6563198566436768,0.6563198566436768,0.5131047964096069,0.1353708803653717,0.6563198566436768,0.15517473220825195,0.6563198566436768,0.15517473220825195,0.4625486135482788,0.3306557536125183
347,2.6234920024871826,1.7331249713897705,1.1441861767942703,0.7611945275093119,0.005367931599418618,1.1181704998016357,1.1181704998016357,1.1181704998016357,1.1181704998016357,1.4490529298782349,1.8163764476776123,1.1181704998016357,0.16080331802368164,1.1181704998016357,0.16080331802368164,1.467273473739624,0.414151668548584
348,3.5648770332336426,2.7362802028656006,0.9743500677372015,1.178276895793776,0.7612769038478535,1.319957971572876,2.089019298553467,1.319957971572876,2.089019298553467,1.860660195350647,2.089019298553467,1.319957971572876,0.5562255382537842,1.319957971572876,0.5562255382537842,1.7044886350631714,1.0513875484466553
349,2.673820972442627,2.9468867778778076,1.229405948917071,0.8714896440009281,1.0236143726358808,1.34584379196167,1.34584379196167,1.34584379196167,1.34584379196167,2.0214486122131348,2.862095832824707,1.34584379196167,1.0460278987884521,1.34584379196167,1.0460278987884521,1.6943860054016113,1.4549813270568848
350,3.379425287246704,2.841949939727783,0.994935109044115,1.1913259255016841,0.8333125696952144,1.3329613208770752,2.1228461265563965,1.3329613208770752,2.1228461265563965,1.887852668762207,2.1228461265563965,1.3329613208770752,0.6194531917572021,1.3329613208770752,0.6194531917572021,1.7279037237167358,1.1243922710418701
351,2.2622902393341064,2.919401168823242,1.1805096343159676,0.8873175361379979,1.029197662882507,1.2316367626190186,1.2944543361663818,1.2316367626190186,1.2944543361663818,1.9353963136672974,2.8346107006073,1.2944543361663818,1.0545620918273926,1.2944543361663818,1.0545620918273926,1.6461901664733887,1.4670696258544922
352,2.8054003715515137,2.6237094402313232,0.84140784105286,1.1197739128395912,0.8401513508521024,1.2333664894104004,1.8958930969238281,1.2333664894104004,1.8958930969238281,1.594753384590149,1.8958930969238281,1.2333664894104004,0.6047694683074951,1.2333664894104004,0.6047694683074951,1.5646297931671143,1.0362964868545532
353,2.302062511444092,2.530339002609253,0.9796897033601997,0.7297688860073688,0.9985040777549148,0.7964332103729248,2.4455485343933105,0.7964332103729248,2.4455485343933105,1.563908338546753,2.4455485343933105,0.7964332103729248,0.8558411598205566,0.7964332103729248,0.8558411598205566,1.2748279571533203,1.2742886543273926
354,2.2031280994415283,2.378957986831665,0.8360539632538952,0.939116662542025,0.7814110255489752,1.054610013961792,1.7261041402816772,1.054610013961792,1.7261041402816772,1.5978684425354004,1.7261041402816772,1.054610013961792,0.5695004463195801,1.054610013961792,0.5695004463195801,1.3903570175170898,0.9907688498497009
355,2.68176531791687,2.2325005531311035,0.7759760364641745,0.7413833059494692,0.8927646368121109,0.6707264184951782,2.147709846496582,0.6707264184951782,2.147709846496582,1.2414679527282715,2.147709846496582,0.6707264184951782,0.8381540775299072,0.6707264184951782,0.8381540775299072,1.0560559034347534,1.1603204011917114
356,0.2777954638004303,2.2881133556365967,0.9381221936518952,0.7221447713921465,0.8054700551057853,0.9962282180786133,0.9962282180786133,0.9962282180786133,0.9962282180786133,1.4254341125488281,2.2033228874206543,0.9962282180786133,0.8402059078216553,0.9962282180786133,0.8402059078216553,1.264014482498169,1.1355905532836914
357,3.5174357891082764,1.525282382965088,0.12134055245667708,0.8255605699680745,0.7560049250535666,0.8145595788955688,0.883915364742279,0.8145595788955688,0.883915364742279,1.2262787818908691,1.4404919147491455,0.8145595788955688,0.09656381607055664,0.8145595788955688,0.09656381607055664,1.0916355848312378,0.3488059639930725
358,2.163482427597046,1.8305597305297852,1.0796905078118044,0.0394948513184985,0.8889982743312916,1.0430481433868408,1.0430481433868408,1.0430481433868408,1.0430481433868408,1.4377813339233398,1.7457695007324219,1.0430481433868408,0.08120083808898926,1.0430481433868408,0.08120083808898926,1.3576802015304565,0.41980475187301636
359,3.858274459838867,2.110358476638794,0.8027921948209404,1.2240088348090647,0.2611811115220193,1.3223938941955566,1.940856695175171,1.3223938941955566,1.940856695175171,1.566917896270752,1.940856695175171,1.3223938941955566,0.07789349555969238,1.3223938941955566,0.07789349555969238,1.6316252946853638,0.4949578046798706
360,4.407897472381592,2.8377339839935303,1.2761918649077413,0.698596118986607,1.0405696646124125,1.3723899126052856,1.3723899126052856,1.3723899126052856,1.3723899126052856,1.9994982481002808,2.752943515777588,1.3723899126052856,0.8643362522125244,1.3723899126052856,0.8643362522125244,1.7338659763336182,1.2779536247253418
361,4.306821823120117,3.3076932430267334,1.4440480650154257,1.2928967637320357,0.7483720787925026,1.562193751335144,1.562193751335144,1.562193751335144,1.562193751335144,2.5494513511657715,2.6741254329681396,1.562193751335144,0.6186087131500244,1.562193751335144,0.6186087131500244,2.118159532546997,1.3390253782272339
362,3.047157049179077,3.692819833755493,1.462150853003065,1.3917406877006089,1.0165517191464706,1.608654260635376,1.6468658447265625,1.608654260635376,1.6468658447265625,2.7682301998138428,2.7924299240112305,1.6468658447265625,0.8644697666168213,1.6468658447265625,0.8644697666168213,2.2196478843688965,1.6631324291229248
363,3.2099063396453857,3.3616316318511963,1.1351464805503686,1.3544438754518828,1.0496651787807543,1.4587292671203613,2.3988990783691406,1.4587292671203613,2.3988990783691406,2.0046839714050293,2.3988990783691406,1.4852750301361084,0.8032550811767578,1.4852750301361084,0.8032550811767578,1.9420870542526245,1.3756091594696045
364,3.530690908432007,3.074608325958252,1.1459529158845543,1.0043485454842451,1.1019305291026829,0.8672432899475098,1.2699034214019775,0.8672432899475098,1.2699034214019775,1.6224172115325928,2.9898178577423096,1.2699034214019775,1.1619455814361572,1.2699034214019775,1.1619455814361572,1.6479322910308838,1.619127631187439
365,3.71677565574646,3.088937520980835,1.24778987472256,1.0827466749151555,0.93602463585635,1.3836603164672852,1.3836603164672852,1.3836603164672852,1.3836603164672852,2.23299241065979,2.300260305404663,1.3836603164672852,0.7706542015075684,1.3836603164672852,0.7706542015075684,1.8419603109359741,1.3922033309936523
366,3.028064012527466,3.2661800384521484,1.3089976109936823,1.1811093953624372,0.9536964581906804,1.4620163440704346,1.4620163440704346,1.4620163440704346,1.4620163440704346,2.415266990661621,2.4529519081115723,1.4620163440704346,0.7924156188964844,1.4620163440704346,0.7924156188964844,1.9574841260910034,1.4710735082626343
367,4.860396862030029,3.1360201835632324,1.1169423334176347,1.2208311796436702,0.9758703350151579,1.37348473072052,2.2776479721069336,1.37348473072052,2.2776479721069336,2.1014652252197266,2.2776479721069336,1.37348473072052,0.7583916187286377,1.37348473072052,0.7583916187286377,1.825566291809082,1.3185880184173584
368,4.7649054527282715,3.4044137001037598,1.517231018369396,1.005298279089232,1.059508067158362,1.6651860475540161,1.6651860475540161,1.6651860475540161,1.6651860475540161,2.073002815246582,3.3196232318878174,1.6651860475540161,1.2227742671966553,1.6651860475540161,1.2227742671966553,2.013653516769409,1.654878854751587
369,4.6383209228515625,3.7384097576141357,1.5332422770932312,1.4971786260232332,0.8856125190109014,1.6587975025177002,1.6959753036499023,1.6587975025177002,1.6959753036499023,2.9295711517333984,2.9526891708374023,1.6959753036499023,0.7600152492523193,1.6959753036499023,0.7600152492523193,2.3243322372436523,1.5972784757614136
370,3.1213345527648926,3.889862298965454,1.5241528769085804,1.437192889774839,1.1061401967952653,1.6279373168945312,1.7126758098602295,1.6279373168945312,1.7126758098602295,2.8097243309020996,2.88246488571167,1.7126758098602295,0.9427604675292969,1.7126758098602295,0.9427604675292969,2.29757022857666,1.7737843990325928
371,4.2114458084106445,3.477936029434204,1.1640395225832858,1.4213162031086781,1.0702039682554703,1.5095908641815186,2.479509115219116,1.5095908641815186,2.479509115219116,1.9900263547897339,2.479509115219116,1.5430777072906494,0.8174800872802734,1.5430777072906494,0.8174800872802734,2.011293411254883,1.4029018878936768
372,5.298768043518066,3.4165189266204834,1.408344631834577,1.0292360197069743,1.1565617011735836,1.414311408996582,1.5644207000732422,1.414311408996582,1.5644207000732422,2.191094398498535,3.331728219985962,1.5644207000732422,1.2251288890838623,1.5644207000732422,1.2251288890838623,1.9538938999176025,1.7137521505355835
373,4.336146354675293,3.69223690032959,1.5981912228589252,1.3466893874605501,0.9249799545233448,1.7538057565689087,1.7538057565689087,1.7538057565689087,1.7538057565689087,2.623898506164551,2.8922269344329834,1.7538057565689087,0.8252480030059814,1.7538057565689087,0.8252480030059814,2.323016405105591,1.5721409320831299
374,2.3580708503723145,3.871325969696045,1.4748214002326137,1.549645036868751,1.024483197107911,1.7058689594268799,2.9297869205474854,1.7058689594268799,2.9297869205474854,2.6776914596557617,2.9297869205474854,1.7058689594268799,0.8560147285461426,1.7058689594268799,0.8560147285461426,2.3178279399871826,1.5552747249603271
375,3.4870643615722656,3.129767656326294,0.886735127394398,1.3237799751137689,1.0968762183313574,1.0959680080413818,2.0840463638305664,1.0959680080413818,2.0840463638305664,2.0666275024414062,3.0449771881103516,1.3899128437042236,0.9917831420898438,1.3899128437042236,0.9917831420898438,1.8781269788742065,1.3504104614257812
376,2.668874979019165,2.9136147499084473,1.191518415659666,0.7635874912515281,1.1361325075104831,1.0063700675964355,1.293898582458496,1.0063700675964355,1.293898582458496,1.8148729801177979,2.828824281692505,1.293898582458496,0.9219446182250977,1.293898582458496,0.9219446182250977,1.6983394622802734,1.385203242301941
377,1.5793671607971191,2.7744481563568115,0.9902904570475219,1.175109451785684,0.786671912036836,1.3188464641571045,2.1033806800842285,1.3188464641571045,2.1033806800842285,1.888698935508728,2.1033806800842285,1.3188464641571045,0.5807645320892334,1.3188464641571045,0.5807645320892334,1.7111135721206665,1.0830520391464233
378,3.7886464595794678,2.2021875381469727,0.5575161689519883,0.8426054517924784,0.9796895819157363,0.7110435962677002,2.1173970699310303,0.7110435962677002,2.1173970699310303,1.4307022094726562,2.1173970699310303,0.7110435962677002,0.5883076190948486,0.7110435962677002,0.5883076190948486,1.1927239894866943,0.9690103530883789
379,2.960716724395752,2.41093111038208,1.216969694743554,0.4805635379130644,0.8910217806572711,1.2612085342407227,1.2612085342407227,1.2612085342407227,1.2612085342407227,1.5730472803115845,2.326140880584717,1.2612085342407227,0.6028988361358643,1.2612085342407227,0.6028988361358643,1.5648950338363647,0.9410549402236938
380,1.6529781818389893,2.8103482723236084,1.0851882222605242,1.292700128418704,0.6100835861576104,1.4499708414077759,2.3011467456817627,1.4499708414077759,2.3011467456817627,2.0826611518859863,2.3011467456817627,1.4499708414077759,0.4278683662414551,1.4499708414077759,0.4278683662414551,1.875558853149414,0.9802375435829163
381,0.533046305179596,2.360304594039917,0.591471352117757,0.9378718552241723,1.008585051211218,0.7257405519485474,2.2755141258239746,0.7257405519485474,2.2755141258239746,1.5624520778656006,2.2755141258239746,0.7257405519485474,0.6306123733520508,0.7257405519485474,0.6306123733520508,1.267951250076294,1.0495667457580566
382,0.5222334861755371,1.3872201442718506,0.18267570946365597,0.47009050833061305,0.9120775909908119,0.6580504179000854,1.3024296760559082,0.6580504179000854,1.3024296760559082,0.7771645784378052,1.3024296760559082,0.6580504179000854,0.16640424728393555,0.6580504179000854,0.16640424728393555,0.9102485775947571,0.38923168182373047
383,2.352818727493286,0.7912983298301697,0.1718242401008805,0.1450922205423315,0.6520054740955432,0.42332592606544495,0.7065078616142273,0.42332592606544495,0.7065078616142273,0.24703681468963623,0.7065078616142273,0.42332592606544495,0.13126599788665771,0.42332592606544495,0.13126599788665771,0.4936853051185608,0.19835993647575378
384,0.9055446982383728,1.0673625469207764,0.7444466255853575,0.14802163266266377,0.35251795318598544,0.6918461322784424,0.6918461322784424,0.6918461322784424,0.6918461322784424,0.38471388816833496,0.9825721383094788,0.6918461322784424,0.15082859992980957,0.6918461322784424,0.15082859992980957,0.767460823059082,0.22815948724746704
385,0.26630890369415283,1.2642979621887207,0.3267531353607773,0.7710429305210711,0.3441255608201026,0.7818828225135803,1.0241947174072266,0.7818828225135803,1.0241947174072266,0.4591705799102783,1.1795074939727783,0.7818828225135803,0.3111732006072998,0.7818828225135803,0.3111732006072998,0.8588085174560547,0.38324296474456787
386,0.8852550387382507,0.9621654748916626,0.09858196208874381,0.2392220655332009,0.8019850521783034,0.5566282272338867,0.8773750066757202,0.5566282272338867,0.8773750066757202,0.3853018879890442,0.8773750066757202,0.5566282272338867,0.07391113042831421,0.5566282272338867,0.07391113042831421,0.6826195120811462,0.1829977035522461
387,0.13496515154838562,0.6476283669471741,0.27855052430182686,0.08247798506170512,0.4642235817015172,0.2520785331726074,0.5628380179405212,0.2520785331726074,0.5628380179405212,0.48722806572914124,0.5628380179405212,0.2520785331726074,0.06771254539489746,0.2520785331726074,0.06771254539489746,0.37226104736328125,0.18556657433509827
388,1.8578336238861084,0.43949759006500244,0.07089489350716283,0.2754007823268573,0.2708256383488574,0.23897209763526917,0.2734007239341736,0.23897209763526917,0.2734007239341736,0.13817864656448364,0.3547072410583496,0.23897209763526917,0.03663375973701477,0.23897209763526917,0.03663375973701477,0.27954986691474915,0.07473054528236389
389,1.4870210886001587,0.8995823860168457,0.5792195003107189,0.036571742706001054,0.4614148075133562,0.5287157893180847,0.5287157893180847,0.5287157893180847,0.5287157893180847,0.506267786026001,0.8147919774055481,0.5287157893180847,0.035723865032196045,0.5287157893180847,0.035723865032196045,0.6539761424064636,0.1613743007183075
390,0.7307555675506592,1.1662404537200928,0.5074980259810886,0.6078940087308484,0.22847208352138604,0.6252437829971313,1.0396645069122314,0.6252437829971313,1.0396645069122314,0.943486213684082,1.0396645069122314,0.6252437829971313,0.040285706520080566,0.6252437829971313,0.040285706520080566,0.8324541449546814,0.2851681709289551
391,0.6128025054931641,1.198398470878601,0.24721178325513993,0.4353814482937258,0.6934289038429656,0.46567583084106445,1.1136080026626587,0.46567583084106445,1.1136080026626587,0.8177251815795898,1.1136080026626587,0.46567583084106445,0.2283707857131958,0.46567583084106445,0.2283707857131958,0.692425012588501,0.4280366897583008
392,0.04164055362343788,0.8361833095550537,0.2010765637829901,0.20385727278888216,0.608873077891767,0.3850342631340027,0.7513928413391113,0.3850342631340027,0.7513928413391113,0.37740933895111084,0.7513928413391113,0.3850342631340027,0.1709170937538147,0.3850342631340027,0.1709170937538147,0.48732632398605347,0.2595835328102112
393,1.3707646131515503,0.46272918581962585,0.04349238673845923,0.1880789208101729,0.408781542784224,0.20249348878860474,0.37793877720832825,0.20249348878860474,0.37793877720832825,0.33622562885284424,0.37793877720832825,0.20249348878860474,0.010941833257675171,0.20249348878860474,0.010941833257675171,0.284909725189209,0.08798997104167938
394,1.158186674118042,0.6541616916656494,0.42497221252570544,0.02101438264052069,0.38579876101265353,0.3786420226097107,0.3786420226097107,0.3786420226097107,0.3786420226097107,0.33918485045433044,0.5693712830543518,0.3786420226097107,0.010782778263092041,0.3786420226097107,0.010782778263092041,0.46853014826774597,0.10003769397735596
395,0.24002288281917572,0.8405908346176147,0.3835881001998981,0.4343570887421567,0.20026925058414546,0.42595139145851135,0.7427769899368286,0.42595139145851135,0.7427769899368286,0.6880990266799927,0.7427769899368286,0.42595139145851135,0.012315750122070312,0.42595139145851135,0.012315750122070312,0.5843641757965088,0.18914823234081268
396,0.7554804682731628,0.8306879997253418,0.09870623341451101,0.33428710939983525,0.5753183810288707,0.35505563020706177,0.745897650718689,0.35505563020706177,0.745897650718689,0.6274597644805908,0.745897650718689,0.35505563020706177,0.0686529278755188,0.35505563020706177,0.0686529278755188,0.5195374488830566,0.21939730644226074
397,0.14880524575710297,0.6667658686637878,0.23907774450878289,0.0724024566883843,0.5329093915844957,0.3154742419719696,0.581975519657135,0.3154742419719696,0.581975519657135,0.4127979278564453,0.581975519657135,0.3154742419719696,0.05926871299743652,0.3154742419719696,0.05926871299743652,0.4170267581939697,0.15865615010261536
398,-0.39113569259643555,0.3984319269657135,0.07407177917659291,0.23810619693249457,0.2638776451721787,0.07562065124511719,0.3136415481567383,0.07562065124511719,0.3136415481567383,0.12241283059120178,0.3136415481567383,0.0691826343536377,0.039894938468933105,0.0691826343536377,0.039894938468933105,0.17233406007289886,0.14002615213394165
399,-2.2913215160369873,0.24343758821487427,0.06927453720942145,0.06765547636896374,0.4226803135685623,0.21749506890773773,0.15864717960357666,0.21749506890773773,0.15864717960357666,0.19560843706130981,0.15864717960357666,0.21749506890773773,0.03511592745780945,0.21749506890773773,0.03511592745780945,0.16846461594104767,0.04802246391773224
400,-2.8910536766052246,-0.5286491513252258,0.5440065085639556,0.04601517998923854,0.23899620174119865,1.2601003646850586,0.5587735772132874,1.2601003646850586,0.5587735772132874,1.2141749858856201,0.6134395599365234,0.5587735772132874,0.09925675392150879,0.5587735772132874,0.09925675392150879,0.5345592498779297,0.07560878992080688
401,-2.7582836151123047,-1.5445891618728638,0.7278602061296501,0.669465814853708,0.030360523623724767,1.5908465385437012,0.7713398337364197,1.5908465385437012,0.7713398337364197,2.9037015438079834,1.5008723735809326,0.7713398337364197,0.1628589630126953,0.7713398337364197,0.1628589630126953,1.1361061334609985,0.5390735864639282
402,-2.8547415733337402,-2.5751760005950928,0.6730713777119917,0.9345780602345863,0.7899028981352845,1.274627447128296,1.7384312152862549,1.274627447128296,1.7384312152862549,2.1193747520446777,2.659966468811035,1.0964622497558594,0.6690071821212769,1.0964622497558594,0.6690071821212769,1.5381782054901123,1.2116693258285522
403,-1.343880534172058,-2.7767789363861084,0.6814066300665345,0.8781955620025593,1.0395530798037844,1.2664027214050293,2.861569404602051,1.2664027214050293,2.861569404602051,2.1987109184265137,2.861569404602051,1.2116442918777466,0.6562223434448242,1.2116442918777466,0.6562223434448242,1.6842176914215088,1.1601136922836304
404,-0.698517382144928,-2.418389081954956,0.31427396463851176,0.921922695195923,1.004568757607291,1.8183486461639404,2.5031795501708984,1.8183486461639404,2.5031795501708984,2.929758310317993,2.5031795501708984,1.2255480289459229,0.32018232345581055,1.2255480289459229,0.32018232345581055,1.7003401517868042,0.8430005311965942
405,-0.8531931638717651,-1.7508288621902466,0.14875553538401975,0.3930095997576908,1.0314399433260162,1.9843826293945312,1.8356192111968994,1.9843826293945312,1.8356192111968994,2.3575122356414795,1.8356192111968994,1.2830348014831543,0.1594938039779663,1.2830348014831543,0.1594938039779663,1.4730827808380127,0.4069686532020569
406,0.4434194564819336,-0.851409912109375,0.18939494426672665,0.15855359786500534,0.3258377054644127,0.752587080001831,0.9362003207206726,0.752587080001831,0.9362003207206726,0.9984018802642822,0.9362003207206726,0.5388716459274292,0.2306891679763794,0.5388716459274292,0.2306891679763794,0.6445400714874268,0.33616912364959717
407,0.5855944752693176,-0.29400938749313354,0.15036495925237736,0.21175832139949002,0.0549923012281458,0.6554033756256104,0.1407243013381958,0.6554033756256104,0.1407243013381958,0.5274749994277954,0.1407243013381958,0.2573866844177246,0.26691046357154846,0.2573866844177246,0.26691046357154846,0.1990554928779602,0.20841214060783386
408,0.283007949590683,0.07814795523881912,0.1930890860781074,0.16644266597926616,0.1037601323053241,0.15823163092136383,0.15823163092136383,0.15823163092136383,0.15823163092136383,0.24735715985298157,0.28963562846183777,0.15823163092136383,0.2821086645126343,0.15823163092136383,0.2821086645126343,0.2239336371421814,0.22153262794017792
409,1.2533491849899292,0.4434885084629059,0.10985523835445443,0.18462137973556914,0.326635584688435,0.08464235067367554,0.35869812965393066,0.08464235067367554,0.35869812965393066,0.24172231554985046,0.35869812965393066,0.12635454535484314,0.07535001635551453,0.12635454535484314,0.07535001635551453,0.20595106482505798,0.15056078135967255
410,1.416555404663086,0.6762008666992188,0.3912999545286099,0.0888232727597158,0.37370130392412343,0.348323792219162,0.348323792219162,0.348323792219162,0.348323792219162,0.32623091340065,0.5914104580879211,0.348323792219162,0.07521247863769531,0.348323792219162,0.07521247863769531,0.4324430227279663,0.1607736200094223
411,1.980368733406067,0.9525159597396851,0.4642024746102593,0.3906410542440911,0.2752960953985649,0.434651255607605,0.434651255607605,0.434651255607605,0.434651255607605,0.7399611473083496,0.781471848487854,0.434651255607605,0.08266675472259521,0.434651255607605,0.08266675472259521,0.6080615520477295,0.2782870829105377
412,0.9208892583847046,1.4679409265518188,0.6598233561093607,0.4342024405548972,0.5515387944007912,0.6518570184707642,0.6518570184707642,0.6518570184707642,0.6518570184707642,0.7802238464355469,1.3831504583358765,0.6518570184707642,0.472412645816803,0.6518570184707642,0.472412645816803,0.815263032913208,0.6452418565750122
413,1.7239949703216553,1.350934624671936,0.32128259969254325,0.6195084727307161,0.5877673359711965,0.6344257593154907,0.8795201778411865,0.6344257593154907,0.8795201778411865,0.8525828719139099,1.2661442756652832,0.6344257593154907,0.3093376159667969,0.6344257593154907,0.3093376159667969,0.8262063264846802,0.49090373516082764
414,3.741379976272583,1.3595107793807983,0.5540801272603373,0.2534333441096046,0.7296210917333763,0.5079699754714966,1.2747204303741455,0.5079699754714966,1.2747204303741455,0.952141523361206,1.2747204303741455,0.5079699754714966,0.2752366065979004,0.5079699754714966,0.2752366065979004,0.7652053236961365,0.519131064414978
415,3.682129383087158,2.0059144496917725,1.1854202304780481,0.547340782675892,0.4507771010510626,1.167909860610962,1.167909860610962,1.167909860610962,1.167909860610962,1.0675334930419922,1.6576972007751465,1.167909860610962,0.28745007514953613,1.167909860610962,0.28745007514953613,1.4128035306930542,0.5858231782913208
416,2.250218152999878,3.028191089630127,1.281779241152108,1.2761611130088562,0.6478741615638142,1.3577244281768799,1.3796924352645874,1.3577244281768799,1.3796924352645874,2.471912384033203,2.4865529537200928,1.3796924352645874,0.49022412300109863,1.3796924352645874,0.49022412300109863,1.9331226348876953,1.20473051071167
417,5.230979919433594,2.824897050857544,0.838803700630864,1.1823021436979375,0.9814151094605519,1.2634713649749756,1.939054012298584,1.2634713649749756,1.939054012298584,2.07729434967041,2.7401068210601807,1.2781522274017334,0.9287295341491699,1.2781522274017334,0.9287295341491699,1.685854196548462,1.253208041191101
418,4.985515594482422,3.140533685684204,1.5261723081270857,0.7210444515446821,1.0709405905256664,1.6271178722381592,1.6271178722381592,1.6271178722381592,1.6271178722381592,1.9780911207199097,3.0557432174682617,1.6271178722381592,0.9174971580505371,1.6271178722381592,0.9174971580505371,1.9973913431167603,1.3463962078094482
419,5.290996074676514,3.664198398590088,1.5382597819219026,1.5778810046116512,0.7256810381511856,1.7563707828521729,3.0136735439300537,1.7563707828521729,3.0136735439300537,2.9526143074035645,3.0136735439300537,1.7563707828521729,0.600151538848877,1.7563707828521729,0.600151538848877,2.3850221633911133,1.329612374305725
420,3.592393398284912,4.017453193664551,1.6114865261378384,1.4537825391689938,1.1298077928709493,1.7881829738616943,1.7881829738616943,1.7881829738616943,1.7881829738616943,2.9138505458831787,2.977365493774414,1.7881829738616943,0.9787375926971436,1.7881829738616943,0.9787375926971436,2.3827743530273438,1.8119444847106934
421,4.970974922180176,3.7494256496429443,1.3086454805483425,1.539276161020001,1.079127672587831,1.663217306137085,2.730621814727783,1.663217306137085,2.730621814727783,2.2537612915039062,2.730621814727783,1.663217306137085,0.8507237434387207,1.663217306137085,0.8507237434387207,2.1969194412231445,1.492340326309204
422,4.594756603240967,3.728832960128784,1.5553061539431412,1.1527346434568368,1.1984158272420364,1.6109647750854492,1.7257955074310303,1.6109647750854492,1.7257955074310303,2.3906071186065674,3.644042491912842,1.7257955074310303,1.3449230194091797,1.7257955074310303,1.3449230194091797,2.1169004440307617,1.8706378936767578
423,2.910919666290283,3.80871319770813,1.5154993488267068,1.5057246273383496,0.9651128860563039,1.548731803894043,1.6972856521606445,1.548731803894043,1.6972856521606445,2.8491294384002686,2.9421238899230957,1.6972856521606445,0.8243687152862549,1.6972856521606445,0.8243687152862549,2.31970477104187,1.6773645877838135
424,2.871668577194214,3.400372266769409,1.0930536141991614,1.4040214766375718,1.080920840445906,1.404937982559204,2.3828742504119873,1.404937982559204,2.3828742504119873,1.6891378164291382,2.3828742504119873,1.509831428527832,0.8069419860839844,1.509831428527832,0.8069419860839844,1.9463528394699097,1.363600492477417
425,3.1442673206329346,2.9252307415008545,1.0283289118483665,0.9486274578794833,1.1258980362862347,0.8918695449829102,2.840440273284912,0.8918695449829102,2.840440273284912,1.2834057807922363,2.840440273284912,0.8918695449829102,1.0828297138214111,0.8918695449829102,1.0828297138214111,1.4070940017700195,1.5131045579910278
426,4.119632720947266,2.825805187225342,1.1210790703818203,0.9660213544964789,0.9163284268602729,1.2307286262512207,1.2307286262512207,1.2307286262512207,1.2307286262512207,2.0018503665924072,2.058584690093994,1.2307286262512207,0.7344107627868652,1.2307286262512207,0.7344107627868652,1.6446566581726074,1.289259910583496
427,4.589590072631836,3.1853559017181396,1.38348421604683,1.064186073852082,0.915309276332458,1.5205659866333008,1.5205659866333008,1.5205659866333008,1.5205659866333008,2.1885290145874023,2.4244751930236816,1.5205659866333008,0.7848854064941406,1.5205659866333008,0.7848854064941406,1.9725205898284912,1.3864667415618896
428,3.452754020690918,3.591682195663452,1.5019257272531583,1.3371729119618738,0.9302072209616505,1.6686214208602905,1.6686214208602905,1.6686214208602905,1.6686214208602905,2.6864025592803955,2.788217544555664,1.6686214208602905,0.8057875633239746,1.6686214208602905,0.8057875633239746,2.228419542312622,1.5599596500396729
429,3.8862080574035645,3.537970781326294,1.2648419548571108,1.428591724745929,1.0221607662364844,1.5806262493133545,2.606740951538086,1.5806262493133545,2.606740951538086,2.303210973739624,2.606740951538086,1.5806262493133545,0.8107070922851562,1.5806262493133545,0.8107070922851562,2.0936837196350098,1.4348502159118652
430,3.977072238922119,3.4348690509796143,1.348605073957394,1.133475992611299,1.1304116489241518,1.2527508735656738,1.5110002756118774,1.2527508735656738,1.5110002756118774,1.965157389640808,2.453533172607422,1.5110002756118774,0.9575018882751465,1.5110002756118774,0.9575018882751465,1.9822666645050049,1.6202555894851685
431,4.101494789123535,3.4612953662872314,1.3823882657289501,1.27654975939542,0.9799810056760916,1.5521717071533203,1.5521717071533203,1.5521717071533203,1.5521717071533203,2.595609664916992,2.613511323928833,1.5521717071533203,0.8249192237854004,1.5521717071533203,0.8249192237854004,2.082841396331787,1.5581036806106567
432,2.543517827987671,3.5609757900238037,1.4130987632709244,1.290481956476966,1.0350187347891437,1.5907137393951416,1.5907137393951416,1.5907137393951416,1.5907137393951416,2.6325623989105225,2.6571805477142334,1.5907137393951416,0.8778171539306641,1.5907137393951416,0.8778171539306641,2.1239471435546875,1.6224400997161865
433,3.2830584049224854,3.0776760578155518,0.9575312637041011,1.2997551695505778,0.9980132890741029,1.4066742658615112,2.162986993789673,1.4066742658615112,2.162986993789673,2.2229065895080566,2.9928855895996094,1.4066742658615112,1.0755641460418701,1.4066742658615112,1.0755641460418701,1.8333466053009033,1.395453691482544
434,2.2741684913635254,2.8978278636932373,1.1436373649537561,0.832348351068795,1.0994658121839165,0.9657528400421143,1.2485971450805664,0.9657528400421143,1.2485971450805664,1.739019513130188,2.813037395477295,1.2485971450805664,0.9884337186813354,1.2485971450805664,0.9884337186813354,1.6352101564407349,1.4349007606506348
435,1.985572338104248,2.579591989517212,0.8431443035478392,1.0932943861807385,0.8207769643018645,1.2092311382293701,1.8745896816253662,1.2092311382293701,1.8745896816253662,1.6052597761154175,1.8745896816253662,1.2092311382293701,0.5918576717376709,1.2092311382293701,0.5918576717376709,1.5419104099273682,1.022984266281128
436,1.9022197723388672,2.200099229812622,0.6925221103429795,0.7182360338792201,0.9669647501036527,0.7253572940826416,2.1153087615966797,0.7253572940826416,2.1153087615966797,1.2352080345153809,2.1153087615966797,0.7253572940826416,0.731701135635376,0.7253572940826416,0.731701135635376,1.1370024681091309,1.0539538860321045
437,1.3341093063354492,1.8976322412490845,0.6573775590459503,0.6264434835563104,0.7914348631600541,0.5746363401412964,1.812841773033142,0.5746363401412964,1.812841773033142,1.1003012657165527,1.812841773033142,0.5746363401412964,0.6970654726028442,0.5746363401412964,0.6970654726028442,0.895999014377594,0.9697796702384949
438,1.222928524017334,1.5925264358520508,0.45614007028440673,0.5892136276389159,0.7247964024419585,0.502013087272644,1.5077359676361084,0.502013087272644,1.5077359676361084,1.1158382892608643,1.5077359676361084,0.502013087272644,0.4595494270324707,0.502013087272644,0.4595494270324707,0.8203173279762268,0.7272562980651855
439,1.1256111860275269,1.3191609382629395,0.401263259028395,0.3886254427333671,0.706895781805118,0.4830986261367798,1.2343703508377075,0.4830986261367798,1.2343703508377075,0.6556136608123779,1.2343703508377075,0.4830986261367798,0.40564799308776855,0.4830986261367798,0.40564799308776855,0.6696494817733765,0.5723404884338379
440,-0.870557963848114,1.1207363605499268,0.3686786422257621,0.36052512388055535,0.5691562589568396,0.3555107116699219,1.0359458923339844,0.3555107116699219,1.0359458923339844,0.6336729526519775,1.0359458923339844,0.3555107116699219,0.3644486665725708,0.3555107116699219,0.3644486665725708,0.5240702033042908,0.5167070627212524
441,-1.2285908460617065,0.48639756441116333,0.19817649022365602,0.32541149237503597,0.5367861671683689,0.3199261426925659,0.40160709619522095,0.3199261426925659,0.40160709619522095,0.5905246734619141,0.40160709619522095,0.3199261426925659,0.23179090023040771,0.3199261426925659,0.23179090023040771,0.46776872873306274,0.14672236144542694
442,-0.5454923510551453,-0.08091456443071365,0.2754751211528977,0.1848979804975291,0.5570822166341046,0.37281525135040283,0.16570496559143066,0.37281525135040283,0.16570496559143066,0.6218718886375427,0.16570496559143066,0.37281525135040283,0.19080665707588196,0.37281525135040283,0.19080665707588196,0.22043608129024506,0.3361518085002899
443,0.5854612588882446,-0.7504416108131409,0.1127474584678807,0.3236117958898347,0.13645869194219518,0.5940884351730347,0.5322891473770142,0.5940884351730347,0.5322891473770142,0.9724838137626648,0.8352320194244385,0.39562076330184937,0.14016062021255493,0.39562076330184937,0.14016062021255493,0.5477429032325745,0.3189699053764343
444,1.9433542490005493,-0.383060097694397,0.18736728417376675,0.12538219836850956,0.26742151898642386,0.982549250125885,0.4678505063056946,0.982549250125885,0.4678505063056946,0.83608078956604,0.4678505063056946,0.47768622636795044,0.17703157663345337,0.47768622636795044,0.17703157663345337,0.40057170391082764,0.09935887157917023
445,1.7481645345687866,0.6386984586715698,0.6157032354424398,0.19212418957302962,0.008494698169330794,0.569467306137085,0.569467306137085,0.569467306137085,0.569467306137085,0.3352925181388855,0.7364407777786255,0.569467306137085,0.1712021827697754,0.569467306137085,0.1712021827697754,0.6529540419578552,0.08564549684524536
446,2.283651351928711,1.423732042312622,0.6010903178527953,0.6356266600824891,0.3646387288905679,0.6740401983261108,1.1659194231033325,0.6740401983261108,1.1659194231033325,1.1162172555923462,1.1659194231033325,0.6740401983261108,0.17181241512298584,0.6740401983261108,0.17181241512298584,0.9199798107147217,0.4649503827095032
447,1.4112290143966675,1.8759973049163818,0.7798762747024495,0.5491103189190232,0.7246343758081395,0.8028699159622192,0.8028699159622192,0.8028699159622192,0.8028699159622192,1.1811975240707397,1.7912068367004395,0.8028699159622192,0.6250287294387817,0.8028699159622192,0.6250287294387817,1.040023684501648,0.8798510432243347
448,1.2328766584396362,1.723314642906189,0.4966937030603489,0.735292058524986,0.6689526650433739,0.7860908508300781,1.1763609647750854,0.7860908508300781,1.1763609647750854,1.0892188549041748,1.6385242938995361,0.7860908508300781,0.5085530281066895,0.7860908508300781,0.5085530281066895,1.0161988735198975,0.7236169576644897
449,2.544802188873291,1.425055742263794,0.4046743294720847,0.40859610592325524,0.7894089713816842,0.5576449036598206,1.3402652740478516,0.5576449036598206,1.3402652740478516,0.7442643046379089,1.3402652740478516,0.5576449036598206,0.39709174633026123,0.5576449036598206,0.39709174633026123,0.7794504165649414,0.5825953483581543
450,1.6544307470321655,1.6204605102539062,0.8368232888976732,0.36771454161653905,0.5935463442529243,0.8263915181159973,0.8263915181159973,0.8263915181159973,0.8263915181159973,0.8904796838760376,1.5356700420379639,0.8263915181159973,0.4171353578567505,0.8263915181159973,0.4171353578567505,1.0078282356262207,0.6097840666770935
451,1.0693631172180176,1.8058756589889526,0.5929754517724114,0.8490656720598537,0.5414580804606284,0.9151581525802612,1.3786885738372803,0.9151581525802612,1.3786885738372803,1.1420636177062988,1.3786885738372803,0.9151581525802612,0.3371896743774414,0.9151581525802612,0.3371896743774414,1.146923303604126,0.6333053112030029
452,2.3476059436798096,1.5033409595489502,0.3557710362225772,0.48605311594903455,0.8391403526812793,0.5994340181350708,1.4185503721237183,0.5994340181350708,1.4185503721237183,0.867232084274292,1.4185503721237183,0.5994340181350708,0.3502720594406128,0.5994340181350708,0.3502720594406128,0.8634918332099915,0.5741907954216003
453,0.8743380904197693,1.552433729171753,0.7670353387792905,0.3077499568214017,0.655272098084291,0.7547423839569092,0.7547423839569092,0.7547423839569092,0.7547423839569092,0.9811824560165405,1.4676432609558105,0.7547423839569092,0.34814465045928955,0.7547423839569092,0.34814465045928955,0.9630067348480225,0.5701247453689575
454,0.4859080910682678,1.391836404800415,0.31543302898605674,0.757511827809115,0.49651521251847375,0.773110032081604,1.005433440208435,0.773110032081604,1.005433440208435,0.7215608358383179,1.3070459365844727,0.773110032081604,0.30338847637176514,0.773110032081604,0.30338847637176514,0.9226365685462952,0.4440374970436096
455,0.19915635883808136,1.0154484510421753,0.16079522944986824,0.23059085503220533,0.8016861502826216,0.5573925971984863,0.9306581616401672,0.5573925971984863,0.9306581616401672,0.36365270614624023,0.9306581616401672,0.5573925971984863,0.13688945770263672,0.5573925971984863,0.13688945770263672,0.6804187893867493,0.24161875247955322
456,1.7245433330535889,0.5074276924133301,0.08522143089522927,0.1490453228292365,0.4507846628067394,0.2406732439994812,0.42263734340667725,0.2406732439994812,0.42263734340667725,0.26744040846824646,0.42263734340667725,0.2406732439994812,0.05224430561065674,0.2406732439994812,0.05224430561065674,0.30604642629623413,0.11182746291160583
457,0.11223199963569641,0.7685316801071167,0.5385282795503736,0.062107468824833534,0.34551959624513984,0.48915576934814453,0.48915576934814453,0.48915576934814453,0.48915576934814453,0.29414451122283936,0.6837412714958191,0.48915576934814453,0.05374431610107422,0.48915576934814453,0.05374431610107422,0.5601766109466553,0.1251739263534546
458,-0.9442374110221863,0.6813772320747375,0.07002734258770937,0.5416076650470496,0.24736588895320882,0.5067256689071655,0.5353496670722961,0.5067256689071655,0.5353496670722961,0.15660858154296875,0.5965868234634399,0.5067256689071655,0.03370183706283569,0.5067256689071655,0.03370183706283569,0.5372973680496216,0.06212109327316284
459,-0.6712734699249268,0.3441275954246521,0.2079239135297636,0.04816529144843407,0.6815099118215343,0.46220847964286804,0.2593372166156769,0.46220847964286804,0.2593372166156769,0.540064811706543,0.2593372166156769,0.46220847964286804,0.02246922254562378,0.46220847964286804,0.02246922254562378,0.34599605202674866,0.11005018651485443
460,0.31606557965278625,-0.2983938455581665,0.14077127505093823,0.21804874628782264,0.2380497806891799,0.040404677391052246,0.3831843137741089,0.040404677391052246,0.3831843137741089,0.4972899556159973,0.3831843137741089,0.040404677391052246,0.1685110628604889,0.040404677391052246,0.1685110628604889,0.12884658575057983,0.2932639718055725
461,0.5116815567016602,-0.3734663128852844,0.11403457193324973,0.15808158346762258,0.15179566664000363,0.5123834609985352,0.12674197554588318,0.5123834609985352,0.12674197554588318,1.1480698585510254,0.4582567512989044,0.2092992663383484,0.08266499638557434,0.2092992663383484,0.08266499638557434,0.37470871210098267,0.18119603395462036
462,1.6461926698684692,0.08472786843776703,0.17170645639300341,0.1270761057734489,0.0364309994131326,0.13658390939235687,0.13658390939235687,0.13658390939235687,0.13658390939235687,0.17136982083320618,0.22797717154026031,0.13658390939235687,0.2196274846792221,0.13658390939235687,0.2196274846792221,0.1822805404663086,0.17693760991096497
463,1.6169053316116333,0.7873682379722595,0.5190967111041148,0.15533625415836771,0.2905589372230073,0.47434335947036743,0.47434335947036743,0.47434335947036743,0.47434335947036743,0.21508783102035522,0.7025778293609619,0.47434335947036743,0.14479798078536987,0.47434335947036743,0.14479798078536987,0.5201576948165894,0.19204354286193848
464,0.9600918292999268,1.2352876663208008,0.5445167120670278,0.5253573833157621,0.3430372354512412,0.5197721123695374,0.5284740924835205,0.5197721123695374,0.5284740924835205,0.9907692670822144,0.9981613159179688,0.5284740924835205,0.1494990587234497,0.5284740924835205,0.1494990587234497,0.7633177042007446,0.4228043556213379
465,0.9041042923927307,1.2787091732025146,0.32421138962109897,0.48716801778723773,0.6449534303074083,0.42502278089523315,1.1939187049865723,0.42502278089523315,1.1939187049865723,0.9266200661659241,1.1939187049865723,0.42502278089523315,0.3100072145462036,0.42502278089523315,0.3100072145462036,0.6797727346420288,0.5321972966194153
466,2.4805142879486084,1.023937463760376,0.29167409793784216,0.2702204485734304,0.6396665817623337,0.41582822799682617,0.9391470551490784,0.41582822799682617,0.9391470551490784,0.47324949502944946,0.9391470551490784,0.41582822799682617,0.26613354682922363,0.41582822799682617,0.26613354682922363,0.545586884021759,0.38617387413978577
467,-0.47910216450691223,1.3528741598129272,0.7986070150695742,0.2605816464871169,0.471309043560177,0.7627682685852051,0.7627682685852051,0.7627682685852051,0.7627682685852051,0.6322058439254761,1.2680835723876953,0.7627682685852051,0.2837209701538086,0.7627682685852051,0.2837209701538086,0.8917396068572998,0.4186062812805176
468,-1.2323640584945679,0.9403132200241089,0.1012129422898096,0.7699233715732894,0.44922633604456974,0.7132169008255005,0.5964821577072144,0.7132169008255005,0.5964821577072144,0.5463880300521851,0.8555226922035217,0.7132169008255005,0.15410101413726807,0.7132169008255005,0.15410101413726807,0.8439590930938721,0.12025514245033264
469,-0.3384953439235687,0.3382934629917145,0.27307590651015445,0.09502337147171303,0.884016465091457,0.6813787221908569,0.25350311398506165,0.6813787221908569,0.25350311398506165,0.6641491651535034,0.25350311398506165,0.6813787221908569,0.07894492149353027,0.6813787221908569,0.07894492149353027,0.5307210683822632,0.2171599119901657
470,-0.056880321353673935,-0.5312283039093018,0.058387396174172546,0.31763356304417056,0.022416319822271658,0.6229062676429749,0.45696479082107544,0.6229062676429749,0.45696479082107544,0.712692141532898,0.45696479082107544,0.3716886043548584,0.18971368670463562,0.3716886043548584,0.18971368670463562,0.4143266975879669,0.23357604444026947
471,-0.3764098286628723,-0.4857044816017151,0.013410847509900625,0.05516827398290233,0.2663233906154831,0.810033917427063,0.5704948902130127,0.810033917427063,0.5704948902130127,0.9501041173934937,0.5704948902130127,0.4669858515262604,0.014451086521148682,0.4669858515262604,0.014451086521148682,0.5115301012992859,0.0686074048280716
472,1.2750942707061768,-0.13588571548461914,0.06586664409687121,0.027474785993496564,0.08012980713198581,0.1987859308719635,0.22067612409591675,0.1987859308719635,0.22067612409591675,0.374439001083374,0.22067612409591675,0.11181991547346115,0.015626661479473114,0.11181991547346115,0.015626661479473114,0.158773735165596,0.06288734078407288
473,-0.33730071783065796,0.3176327645778656,0.39500257290899754,0.08288957748562087,0.18314340386539685,0.3509212136268616,0.3509212136268616,0.3509212136268616,0.3509212136268616,0.05247405171394348,0.2328423261642456,0.3509212136268616,0.10093915462493896,0.3509212136268616,0.10093915462493896,0.3414727747440338,0.10981421172618866
474,1.0538671016693115,0.23770728707313538,0.05637599824617312,0.4082363271464904,0.06347062268604842,0.3612499237060547,0.2763720750808716,0.3612499237060547,0.2763720750808716,0.20661690831184387,0.15291687846183777,0.3612499237060547,0.09313163161277771,0.3612499237060547,0.09313163161277771,0.29927510023117065,0.14989693462848663
475,0.7047736048698425,0.6430662870407104,0.3228065147375066,0.08183645161489639,0.5797198884313305,0.3615248501300812,0.5582758784294128,0.3615248501300812,0.5582758784294128,0.5902866125106812,0.5582758784294128,0.3615248501300812,0.07802915573120117,0.3615248501300812,0.07802915573120117,0.5043054223060608,0.1417970210313797
476,1.253454327583313,0.4759508967399597,0.23608818011358368,0.3390504964441061,0.078435944300145,0.31330907344818115,0.5012832283973694,0.31330907344818115,0.5012832283973694,0.41027310490608215,0.5012832283973694,0.31330907344818115,0.10228931903839111,0.31330907344818115,0.10228931903839111,0.40729615092277527,0.10086902976036072
477,2.072462797164917,0.9210960865020752,0.3975772551819682,0.20202391065657144,0.4991185851767659,0.2289743423461914,0.8363056778907776,0.2289743423461914,0.8363056778907776,0.5882046222686768,0.8363056778907776,0.2873193025588989,0.19619596004486084,0.2873193025588989,0.19619596004486084,0.4667046070098877,0.3674115538597107
478,1.1863662004470825,1.2872310876846313,0.6812426961710053,0.3842379334320625,0.3993740033855042,0.6568466424942017,0.6568466424942017,0.6568466424942017,0.6568466424942017,0.4965885877609253,1.2024405002593994,0.6568466424942017,0.4067456126213074,0.6568466424942017,0.4067456126213074,0.7532369494438171,0.5080790519714355
479,2.082115411758423,1.4451651573181152,0.41331835684676976,0.6620633597796162,0.5474071052049595,0.690487802028656,1.012939691543579,0.690487802028656,1.012939691543579,0.800883412361145,1.3603746891021729,0.690487802028656,0.4086763858795166,0.690487802028656,0.4086763858795166,0.862795352935791,0.5716577768325806
480,1.3665322065353394,1.6008365154266357,0.6846417486046754,0.34168651433040687,0.7521317977954941,0.5378079414367676,1.5160459280014038,0.5378079414367676,1.5160459280014038,1.1812230348587036,1.5160459280014038,0.5407180786132812,0.38458287715911865,0.5407180786132812,0.38458287715911865,0.8623752593994141,0.6850327849388123
481,0.08668658882379532,1.4996843338012695,0.4755642299850784,0.6709429900099833,0.5308008975287278,0.7078138589859009,1.08396315574646,0.7078138589859009,1.08396315574646,0.7817845344543457,1.4148939847946167,0.7078138589859009,0.4753526449203491,0.7078138589859009,0.4753526449203491,0.8719484210014343,0.630569577217102
482,0.5713149905204773,1.0011266469955444,0.053084145113825754,0.3841171754524113,0.7415489909425377,0.5031017661094666,0.9163362383842468,0.5031017661094666,0.9163362383842468,0.6999996304512024,0.9163362383842468,0.5031017661094666,0.025332927703857422,0.5031017661094666,0.025332927703857422,0.6986444592475891,0.20457696914672852
483,0.2973249554634094,0.6277135610580444,0.18406381879001865,0.030699913054704653,0.5905734937265514,0.3693163990974426,0.5429231524467468,0.3693163990974426,0.5429231524467468,0.30706852674484253,0.5429231524467468,0.3693163990974426,0.020331144332885742,0.3693163990974426,0.020331144332885742,0.44471144676208496,0.09425410628318787
484,2.6995444297790527,0.3425805866718292,0.11412254370749003,0.1877005288936197,0.21838120838627217,0.11206912994384766,0.257790207862854,0.11206912994384766,0.257790207862854,0.03677752614021301,0.257790207862854,0.025594890117645264,0.07917574048042297,0.025594890117645264,0.07917574048042297,0.10323324799537659,0.15499356389045715
485,2.372446060180664,1.1087356805801392,0.8447385114555557,0.07765215442826356,0.3639686792095502,0.7811101675033569,0.7811101675033569,0.7811101675033569,0.7811101675033569,0.41768890619277954,1.0239452123641968,0.7811101675033569,0.08271539211273193,0.7811101675033569,0.08271539211273193,0.8631918430328369,0.16465097665786743
486,2.1209373474121094,1.8786389827728271,0.845340988927831,0.9368461212826271,0.2740755370755994,1.0230965614318848,1.703366756439209,1.0230965614318848,1.703366756439209,1.618972897529602,1.703366756439209,1.0230965614318848,0.0894855260848999,1.0230965614318848,0.0894855260848999,1.3632316589355469,0.5188611149787903
487,1.3938320875167847,2.2112929821014404,0.7503011264279487,0.7673134073242545,0.8713021128624676,0.6473277807235718,2.126502513885498,0.6473277807235718,2.126502513885498,1.4260437488555908,2.126502513885498,0.6473277807235718,0.7983736991882324,0.6473277807235718,0.7983736991882324,1.083071231842041,1.138722538948059
488,0.14978288114070892,1.7711162567138672,0.481812082789838,0.6625047040358184,0.8044232536107306,0.5713604688644409,1.6863259077072144,0.5713604688644409,1.6863259077072144,1.2294960021972656,1.6863259077072144,0.5713604688644409,0.494004487991333,0.5713604688644409,0.494004487991333,0.9353460669517517,0.7956801652908325
489,-0.3660922944545746,1.0360599756240845,0.07098641255249571,0.3927287525994081,0.7499684749854109,0.5109834671020508,0.9512695670127869,0.5109834671020508,0.9512695670127869,0.7146948575973511,0.9512695670127869,0.5109834671020508,0.044152021408081055,0.5109834671020508,0.044152021408081055,0.7119220495223999,0.2275521457195282
490,-1.1801892518997192,0.41025668382644653,0.06476401762415951,0.056718622657159934,0.5959257433066765,0.3778762221336365,0.3254662752151489,0.3778762221336365,0.3254662752151489,0.21395641565322876,0.3254662752151489,0.3778762221336365,0.03278321027755737,0.3778762221336365,0.03278321027755737,0.3319355249404907,0.04428049921989441
491,0.8453454375267029,-0.25018808245658875,0.2656917236434917,0.05095862256983921,0.24408592826997247,0.6529437303543091,0.28710201382637024,0.6529437303543091,0.28710201382637024,0.6053940653800964,0.33497849106788635,0.28710201382637024,0.09364721179008484,0.28710201382637024,0.09364721179008484,0.26281869411468506,0.07004034519195557
492,-0.2630629539489746,-0.14608797430992126,0.2680384833427767,0.30939496240889025,0.0728921692694226,1.0047048330307007,0.11095239967107773,1.0047048330307007,0.11095239967107773,0.7308609485626221,0.11095239967107773,0.3386029899120331,0.14078161120414734,0.3386029899120331,0.14078161120414734,0.2247776985168457,0.11648067831993103
493,-1.234546184539795,-0.14998319745063782,0.03860992824037873,0.29640503319601214,0.23015463789304091,0.25794321298599243,0.19139474630355835,0.25794321298599243,0.19139474630355835,0.6927374601364136,0.23477360606193542,0.25794321298599243,0.0699397549033165,0.25794321298599243,0.0699397549033165,0.2133452445268631,0.2675130069255829
494,-0.08750222623348236,-0.025812797248363495,0.2770083914635081,0.028313993600507625,0.4571332970323661,0.2595786154270172,0.11060316860675812,0.2595786154270172,0.11060316860675812,0.6357492804527283,0.11060316860675812,0.2595786154270172,0.05926288664340973,0.2595786154270172,0.05926288664340973,0.15049724280834198,0.20671942830085754
495,1.2373970746994019,-0.37916314601898193,0.007971861821909676,0.315803785274426,0.10629244194676468,0.6811516880989075,0.3788056969642639,0.6811516880989075,0.3788056969642639,0.8101212978363037,0.46395355463027954,0.3565666377544403,0.023011505603790283,0.3565666377544403,0.023011505603790283,0.3991855978965759,0.07386617362499237
496,3.2619802951812744,-0.0486295148730278,0.38102118002871654,0.00682996733735014,0.25885704242934776,0.34291043877601624,0.34291043877601624,0.34291043877601624,0.34291043877601624,0.7234818935394287,0.1334199756383896,0.34291043877601624,0.02829916775226593,0.34291043877601624,0.02829916775226593,0.22666826844215393,0.2510335147380829
497,1.7176463603973389,1.385790228843689,1.0343119250113764,0.38091646990428374,0.14818537923196962,0.9788695573806763,0.9788695573806763,0.9788695573806763,0.9788695573806763,0.7174890637397766,1.3287614583969116,0.9788695573806763,0.026520729064941406,0.9788695573806763,0.026520729064941406,1.153815507888794,0.20052319765090942
498,2.6885173320770264,2.0973801612854004,0.6385786400238673,1.1042793879347543,0.5321455594214299,1.1862088441848755,1.6690843105316162,1.1862088441848755,1.6690843105316162,1.2391235828399658,1.6690843105316162,1.1862088441848755,0.32443416118621826,1.1862088441848755,0.32443416118621826,1.4276466369628906,0.6515315175056458
499,3.3181049823760986,2.2411158084869385,0.9111182463044923,0.5235950099180138,0.9840262167776626,0.7810136079788208,2.156325340270996,0.7810136079788208,2.156325340270996,1.4760140180587769,2.156325340270996,0.7810136079788208,0.6199138164520264,0.7810136079788208,0.6199138164520264,1.2168092727661133,1.0200934410095215
500,2.445157527923584,2.5645430088043213,1.1505521410455306,0.9216473780324062,0.6699671542396151,1.2220745086669922,1.2220745086669922,1.2220745086669922,1.2220745086669922,1.8759666681289673,2.024306535720825,1.2220745086669922,0.5078811645507812,1.2220745086669922,0.5078811645507812,1.6231905221939087,1.0236964225769043
501,2.5319340229034424,2.6828744411468506,0.9059148588466148,1.1060376457000771,0.848545601113389,1.232162356376648,1.9525374174118042,1.232162356376648,1.9525374174118042,1.722861886024475,1.9525374174118042,1.232162356376648,0.6232459545135498,1.232162356376648,0.6232459545135498,1.592349886894226,1.084755778312683
502,1.7037957906723022,2.4909908771514893,0.8961233830079436,0.793367810510099,0.979123348146677,0.759068489074707,2.406200408935547,0.759068489074707,2.406200408935547,1.3812737464904785,2.406200408935547,0.759068489074707,0.9104939699172974,0.759068489074707,0.9104939699172974,1.2042901515960693,1.2862809896469116
503,2.507087230682373,2.062793731689453,0.6067230178912482,0.8186405553792916,0.8150538229321436,0.8926270008087158,1.3755733966827393,0.8926270008087158,1.3755733966827393,1.4706649780273438,1.9780032634735107,0.8926270008087158,0.6404780149459839,0.8926270008087158,0.6404780149459839,1.1949061155319214,0.915662944316864
504,1.7488131523132324,2.053574323654175,0.8527276050547759,0.5258698221544424,0.8526005609581867,0.8790030479431152,0.8865580558776855,0.8790030479431152,0.8865580558776855,1.4623444080352783,1.9687838554382324,0.8865580558776855,0.6126413345336914,0.8865580558776855,0.6126413345336914,1.1781432628631592,0.9295527935028076
505,0.8026922941207886,1.9346750974655151,0.6253941543276109,0.8280622125665347,0.6588422758753103,0.9032255411148071,1.3975028991699219,0.9032255411148071,1.3975028991699219,1.1256698369979858,1.8498845100402832,0.9032255411148071,0.654181718826294,0.9032255411148071,0.654181718826294,1.129288673400879,0.8628122210502625
506,1.581386923789978,1.4381850957870483,0.2715869322543345,0.514435828452309,0.8297861188029247,0.5873914361000061,1.3533947467803955,0.5873914361000061,1.3533947467803955,0.9235892295837402,1.3533947467803955,0.5873914361000061,0.26066863536834717,0.5873914361000061,0.26066863536834717,0.8630906343460083,0.5001904368400574
507,0.9765099883079529,1.22172212600708,0.5038691295435033,0.21958305337776718,0.6758936075990398,0.4546891450881958,1.1369316577911377,0.4546891450881958,1.1369316577911377,0.8737586736679077,1.1369316577911377,0.4546891450881958,0.2320725917816162,0.4546891450881958,0.2320725917816162,0.6867893934249878,0.45334935188293457
508,1.0142687559127808,1.0693979263305664,0.3308552836005887,0.49057229356219373,0.42559401368101435,0.49042534828186035,0.752372682094574,0.49042534828186035,0.752372682094574,0.49679648876190186,0.9846075177192688,0.49042534828186035,0.30862241983413696,0.49042534828186035,0.30862241983413696,0.605457067489624,0.4175015389919281
509,-0.5413618683815002,1.0565357208251953,0.3264824951315921,0.27622065276528385,0.6314563566508392,0.4094381332397461,0.9717454314231873,0.4094381332397461,0.9717454314231873,0.5435466766357422,0.9717454314231873,0.4094381332397461,0.27502429485321045,0.4094381332397461,0.27502429485321045,0.5562657117843628,0.41094908118247986
510,0.9123790860176086,0.4820321202278137,0.11137136549378435,0.2988983018447956,0.4721288483900328,0.25025269389152527,0.3972417116165161,0.25025269389152527,0.3972417116165161,0.5196920037269592,0.3972417116165161,0.26126134395599365,0.14406341314315796,0.26126134395599365,0.14406341314315796,0.39643222093582153,0.131722092628479
511,-0.02485092170536518,0.49036774039268494,0.2822696648538112,0.12889149636030184,0.5146132364124059,0.30326923727989197,0.40557733178138733,0.30326923727989197,0.40557733178138733,0.5227929353713989,0.40557733178138733,0.30326923727989197,0.12521681189537048,0.30326923727989197,0.12521681189537048,0.4260634779930115,0.12161135673522949
512,2.2653439044952393,0.15996861457824707,0.027114786996195683,0.302214624552677,0.008262897344927078,0.2625960409641266,0.25623947381973267,0.2625960409641266,0.25623947381973267,0.0018402338027954102,0.25623947381973267,0.2625960409641266,0.16791501641273499,0.2625960409641266,0.16791501641273499,0.2594177722930908,0.17126336693763733
513,0.7786790132522583,0.9871844053268433,0.7059737434610724,0.01191479183733457,0.4707491182163357,0.6469883322715759,0.6469883322715759,0.6469883322715759,0.6469883322715759,0.5363997220993042,0.9023939967155457,0.6469883322715759,0.006484270095825195,0.6469883322715759,0.006484270095825195,0.7779573202133179,0.12890365719795227
514,2.903730869293213,1.031018853187561,0.28308929308007147,0.7476803720059495,0.17787285261477037,0.7461422681808472,0.9540579319000244,0.7461422681808472,0.9540579319000244,0.5389993190765381,0.9540579319000244,0.7461422681808472,0.00729060173034668,0.7461422681808472,0.00729060173034668,0.8501001000404358,0.1300593614578247
515,0.21838410198688507,1.7530083656311035,0.9295745768273868,0.20140830940256538,0.7996491439143817,0.915884256362915,0.915884256362915,0.915884256362915,0.915884256362915,1.2799007892608643,1.6682178974151611,0.915884256362915,0.24897658824920654,0.915884256362915,0.24897658824920654,1.1864638328552246,0.541748583316803
516,2.4402825832366943,1.2822411060333252,0.11093516091505684,0.9365394870067635,0.4123900034154456,0.9161313772201538,0.9716399908065796,0.9161313772201538,0.9716399908065796,0.602011501789093,1.1974505186080933,0.9161313772201538,0.07621800899505615,0.9161313772201538,0.07621800899505615,1.0286774635314941,0.17899209260940552
517,2.2826995849609375,1.5451574325561523,0.7632554492230215,0.029243424894908943,0.9302821037421627,0.6965653896331787,1.4603668451309204,0.6965653896331787,1.4603668451309204,1.280630111694336,1.4603668451309204,0.6965653896331787,0.05860137939453125,0.6965653896331787,0.05860137939453125,1.0496431589126587,0.41884708404541016
518,1.7390412092208862,1.7148582935333252,0.8033405377094943,0.8377993416724105,0.2513420786646505,0.9086852073669434,1.563055396080017,0.9086852073669434,1.563055396080017,1.5227705240249634,1.563055396080017,0.9086852073669434,0.06647980213165283,0.9086852073669434,0.06647980213165283,1.235870361328125,0.4707866609096527
519,1.7180445194244385,1.9810587167739868,0.6102154641474287,0.7293346704045933,0.8191323659444847,0.5903441905975342,1.896268367767334,0.5903441905975342,1.896268367767334,1.361026644706726,1.896268367767334,0.5903441905975342,0.6392955780029297,0.5903441905975342,0.6392955780029297,0.9975288510322571,0.967013955116272
520,1.414686918258667,1.7289032936096191,0.5820699739083649,0.5318855790793893,0.7925714051350952,0.5713855028152466,1.6441128253936768,0.5713855028152466,1.6441128253936768,0.9589065313339233,1.6441128253936768,0.5713855028152466,0.5850882530212402,0.5713855028152466,0.5850882530212402,0.8522775769233704,0.828608512878418
521,1.0185693502426147,1.4995850324630737,0.47864884246140704,0.5286962923780084,0.6698635621368885,0.4543023109436035,1.4147945642471313,0.4543023109436035,1.4147945642471313,1.0158166885375977,1.4147945642471313,0.4543023109436035,0.4777871370315552,0.4543023109436035,0.4777871370315552,0.7379201650619507,0.7162107229232788
522,-0.04815296828746796,1.2398601770401,0.33770684057225786,0.4170509142552813,0.6627260867257914,0.44096577167510986,1.1550697088241577,0.44096577167510986,1.1550697088241577,0.7952661514282227,1.1550697088241577,0.44096577167510986,0.3219413757324219,0.44096577167510986,0.3219413757324219,0.6598880290985107,0.5107384920120239
523,1.3795469999313354,0.7169762849807739,0.017622162786622875,0.2902967104439934,0.586681076263388,0.3641434609889984,0.6321858763694763,0.3641434609889984,0.6321858763694763,0.5394065380096436,0.6321858763694763,0.3641434609889984,0.013236761093139648,0.3641434609889984,0.013236761093139648,0.504271388053894,0.12961995601654053
524,1.0131222009658813,0.7415120601654053,0.4254103069379924,0.008859636411070793,0.5025851137563587,0.17888939380645752,0.6567217111587524,0.17888939380645752,0.6567217111587524,0.5596297979354858,0.6567217111587524,0.2870597243309021,0.012021780014038086,0.2870597243309021,0.012021780014038086,0.4782184660434723,0.19003531336784363
525,-0.7952010035514832,0.770257830619812,0.3374997736016908,0.4386186332131426,0.17176308831820886,0.4258353114128113,0.7006778120994568,0.4258353114128113,0.7006778120994568,0.6054092645645142,0.7006778120994568,0.4258353114128113,0.014291644096374512,0.4258353114128113,0.014291644096374512,0.563256561756134,0.1535683572292328
526,0.28957244753837585,0.5115072131156921,0.178175918503354,0.2894886284259458,0.5778181677063307,0.3567149043083191,0.42671680450439453,0.3567149043083191,0.42671680450439453,0.528137743473053,0.42671680450439453,0.3567149043083191,0.20918720960617065,0.3567149043083191,0.20918720960617065,0.48963573575019836,0.12902769446372986
527,0.2791280448436737,0.26695576310157776,0.10757396933933094,0.18456062989930314,0.5215661179771026,0.3193513751029968,0.18216538429260254,0.3193513751029968,0.18216538429260254,0.44093018770217896,0.18216538429260254,0.3193513751029968,0.07291573286056519,0.3193513751029968,0.07291573286056519,0.21331968903541565,0.08901399374008179
528,1.660588026046753,-0.030801504850387573,0.1064619408175349,0.12338986821472644,0.08302964936941862,0.08588653057813644,0.15861967206001282,0.08588653057813644,0.15861967206001282,0.15593889355659485,0.15861967206001282,0.08588653057813644,0.2651245594024658,0.08588653057813644,0.2651245594024658,0.12225310504436493,0.22865858674049377
529,0.9794996380805969,0.7159756422042847,0.5196332220360638,0.08858112543821328,0.2853849592432379,0.47167158126831055,0.47167158126831055,0.47167158126831055,0.47167158126831055,0.19135957956314087,0.6311852335929871,0.47167158126831055,0.07673990726470947,0.47167158126831055,0.07673990726470947,0.5145220160484314,0.12012913823127747
530,0.6912847757339478,0.9572676420211792,0.33392137120167414,0.5280677518496912,0.27290218348304407,0.5232537984848022,0.7873713970184326,0.5232537984848022,0.7873713970184326,0.6074110269546509,0.7873713970184326,0.5232537984848022,0.08092743158340454,0.5232537984848022,0.08092743158340454,0.6553125977516174,0.23442211747169495
531,-0.2866646647453308,0.9733603596687317,0.22695392653346047,0.2749138515070081,0.6491162461414934,0.4229115843772888,0.8885699510574341,0.4229115843772888,0.8885699510574341,0.5144329071044922,0.8885699510574341,0.4229115843772888,0.20070427656173706,0.4229115843772888,0.20070427656173706,0.5640170574188232,0.32325777411460876
532,2.1419589519500732,0.46123868227005005,0.04404107633978127,0.2066793012991548,0.47622409202158444,0.26468414068222046,0.37644824385643005,0.26468414068222046,0.37644824385643005,0.3728424608707428,0.37644824385643005,0.26468414068222046,0.07442358136177063,0.26468414068222046,0.07442358136177063,0.3565031886100769,0.08611971139907837
533,0.7836503982543945,0.8254402875900269,0.6657823432112733,0.07679619797815862,0.4140778068701425,0.6064763069152832,0.6064763069152832,0.6064763069152832,0.6064763069152832,0.4072260558605194,0.7406498789787292,0.6064763069152832,0.07222044467926025,0.6064763069152832,0.07222044467926025,0.7112718820571899,0.09941905736923218
534,2.299258232116699,0.9068429470062256,0.28193243541444346,0.7094137439007558,0.09312043220425659,0.7051093578338623,0.9150935411453247,0.7051093578338623,0.9150935411453247,0.5374355912208557,0.9150935411453247,0.7051093578338623,0.08599352836608887,0.7051093578338623,0.08599352836608887,0.8101014494895935,0.1289963722229004
535,1.6207228899002075,1.5387741327285767,0.7395217271397511,0.20676165464023732,0.7701145346711081,0.5090339183807373,1.4539837837219238,0.5090339183807373,1.4539837837219238,1.1957443952560425,1.4539837837219238,0.5555479526519775,0.24017345905303955,0.5555479526519775,0.24017345905303955,0.8984688520431519,0.5748239755630493
536,2.304917573928833,1.579147219657898,0.5714190993706385,0.7644391111905375,0.42091279281924177,0.8142555356025696,1.2672139406204224,0.8142555356025696,1.2672139406204224,1.0890635251998901,1.2672139406204224,0.8142555356025696,0.2242804765701294,0.8142555356025696,0.2242804765701294,1.0407347679138184,0.5066500902175903
537,2.4031543731689453,1.9020938873291016,0.7804940692397456,0.4961673294814921,0.8030561531210941,0.5976927280426025,1.8173034191131592,0.5976927280426025,1.8173034191131592,1.3443946838378906,1.8173034191131592,0.599433183670044,0.5693814754486084,0.599433183670044,0.5693814754486084,0.9727351069450378,0.9057677984237671
538,2.6371524333953857,2.084644317626953,0.8473877110332251,0.7686165440455075,0.6462637270614509,0.8886364698410034,0.8886364698410034,0.8886364698410034,0.8886364698410034,1.54456627368927,1.56605863571167,0.8886364698410034,0.45525598526000977,0.8886364698410034,0.45525598526000977,1.2273476123809814,0.881585955619812
539,2.974339485168457,2.356691598892212,0.9337632631945114,0.7975681808094186,0.8029835809829332,0.9990203380584717,0.9990203380584717,0.9990203380584717,0.9990203380584717,1.436983585357666,2.2719008922576904,0.9990203380584717,0.9214062690734863,0.9990203380584717,0.9214062690734863,1.2645039558410645,1.2168009281158447
540,1.0888606309890747,2.590256452560425,1.0554459498574336,0.8885454627250631,0.8238887044911585,1.1419838666915894,1.1419838666915894,1.1419838666915894,1.1419838666915894,1.8382219076156616,1.910778522491455,1.1419838666915894,0.6437712907791138,1.1419838666915894,0.6437712907791138,1.526381254196167,1.148306131362915
541,0.009182240813970566,1.99381685256958,0.3956682958826423,0.9428034065291285,0.8329688146710396,0.9795577526092529,1.2723360061645508,0.9795577526092529,1.2723360061645508,1.5112675428390503,1.9090263843536377,0.9795577526092529,0.40898990631103516,0.9795577526092529,0.40898990631103516,1.2959511280059814,0.6892467737197876
542,1.0549598932266235,1.0487802028656006,0.025714553588380262,0.28336886220922075,0.9173204515812299,0.6592072248458862,0.963989794254303,0.6592072248458862,0.963989794254303,0.4003056287765503,0.963989794254303,0.6592072248458862,0.0025426149368286133,0.6592072248458862,0.0025426149368286133,0.8104304075241089,0.13700467348098755
543,1.7191202640533447,0.6777045726776123,0.3261632790416479,0.009146016053855344,0.5200189420953394,0.3036213219165802,0.5929141640663147,0.3036213219165802,0.5929141640663147,0.5818612575531006,0.5929141640663147,0.3036213219165802,0.0022547245025634766,0.3036213219165802,0.0022547245025634766,0.4470605254173279,0.14431172609329224
544,0.14519667625427246,0.8993141651153564,0.5562797969952225,0.32985329341143377,0.19080473922193053,0.5198044180870056,0.5198044180870056,0.5198044180870056,0.5198044180870056,0.6329963207244873,0.8116416335105896,0.5198044180870056,0.0027437210083007812,0.5198044180870056,0.0027437210083007812,0.6657230257987976,0.1658909022808075
545,2.510608434677124,0.9133861064910889,0.07732305432359388,0.5218248247976105,0.4918618918831148,0.49409157037734985,0.5306393504142761,0.49409157037734985,0.5306393504142761,0.5970300436019897,0.8285956978797913,0.49409157037734985,0.0443192720413208,0.49409157037734985,0.0443192720413208,0.6427321434020996,0.18434882164001465
546,1.2057205438613892,1.307485580444336,0.7849381369849047,0.020993688454230552,0.679177419518431,0.7352367043495178,0.7352367043495178,0.7352367043495178,0.7352367043495178,0.9586682915687561,1.2226951122283936,0.7352367043495178,0.03945207595825195,0.7352367043495178,0.03945207595825195,0.9598363637924194,0.2694028615951538
547,2.674833059310913,1.3303813934326172,0.43277471664051215,0.8444593403364222,0.23077088175962368,0.8702503442764282,1.2006871700286865,0.8702503442764282,1.2006871700286865,0.8408747911453247,1.2006871700286865,0.8702503442764282,0.04231226444244385,0.8702503442764282,0.04231226444244385,1.0354688167572021,0.2541128993034363
548,2.7010045051574707,1.897762417793274,0.8809550923854109,0.34438564710319053,0.8500452236086132,0.8931509256362915,0.8931509256362915,0.8931509256362915,0.8931509256362915,1.4278732538223267,1.812971830368042,0.8931509256362915,0.41002511978149414,0.8931509256362915,0.41002511978149414,1.184067964553833,0.7263035774230957
549,3.47636342048645,2.2374441623687744,0.9595224658275645,0.9195231914396087,0.5360221696148315,1.006614327430725,1.006614327430725,1.006614327430725,1.006614327430725,1.8110103607177734,1.8169385194778442,1.006614327430725,0.35378265380859375,1.006614327430725,0.35378265380859375,1.4117764234542847,0.8643335103988647
550,1.2658430337905884,2.8243446350097656,1.2069500810777147,0.911805267383655,0.8832127126430471,1.3137245178222656,1.3137245178222656,1.3137245178222656,1.3137245178222656,1.9155817031860352,2.0963542461395264,1.3137245178222656,0.7261161804199219,1.3137245178222656,0.7261161804199219,1.705039381980896,1.2438945770263672
551,3.2908992767333984,2.2254488468170166,0.4700733036796252,1.105389335217575,0.8276098724330467,1.1469510793685913,1.4929783344268799,1.1469510793685913,1.4929783344268799,1.5692942142486572,2.140658378601074,1.1469510793685913,0.4982109069824219,1.1469510793685913,0.4982109069824219,1.4694130420684814,0.7689090967178345
552,2.7021000385284424,2.2754437923431396,1.0702363614737989,0.35648853356018684,1.0263425618223843,1.0488269329071045,1.101846694946289,1.0488269329071045,1.101846694946289,1.78132963180542,2.1906533241271973,1.101846694946289,0.4470806121826172,1.101846694946289,0.4470806121826172,1.4679083824157715,0.8520696759223938
553,3.7118947505950928,2.4885976314544678,0.9850935010487833,1.1392584333072104,0.5418696000302834,1.2773761749267578,2.053349018096924,1.2773761749267578,2.053349018096924,1.9006046056747437,2.053349018096924,1.2773761749267578,0.3561360836029053,1.2773761749267578,0.3561360836029053,1.6653625965118408,0.8583781719207764
554,2.944709539413452,2.991727590560913,1.2716695547973114,0.903527452958127,0.994154247318705,1.3934762477874756,1.3934762477874756,1.3934762477874756,1.3934762477874756,1.944701910018921,2.9069371223449707,1.3934762477874756,1.0869486331939697,1.3934762477874756,1.0869486331939697,1.7269577980041504,1.4816392660140991
555,3.0814688205718994,2.9991295337677,1.0902395245184497,1.2389164001246296,0.847597273637851,1.3960005044937134,2.266472101211548,1.3960005044937134,2.266472101211548,2.0667972564697266,2.266472101211548,1.3960005044937134,0.646186113357544,1.3960005044937134,0.646186113357544,1.8312363624572754,1.194743275642395
556,1.3886499404907227,2.9346697330474854,1.103310694210231,0.9764246795326472,1.0325580238178373,0.9930895566940308,1.217808723449707,0.9930895566940308,1.217808723449707,1.696144461631775,2.849879264831543,1.217808723449707,1.1317031383514404,1.217808723449707,1.1317031383514404,1.56907057762146,1.5504131317138672
557,2.5409677028656006,2.1917974948883057,0.5041845781356096,0.9824844551831483,0.8827521260827781,1.0356601476669312,1.4191765785217285,1.0356601476669312,1.4191765785217285,1.6798219680786133,2.1070070266723633,1.0356601476669312,0.5339498519897461,1.0356601476669312,0.5339498519897461,1.3786137104034424,0.8328641653060913
558,1.2230859994888306,2.0232601165771484,0.8451855105658368,0.40265933637817697,0.953038934146365,0.7435684204101562,1.938469648361206,0.7435684204101562,1.938469648361206,1.383678913116455,1.938469648361206,0.7435684204101562,0.4760035276412964,0.7435684204101562,0.4760035276412964,1.143252968788147,0.8526571393013
559,2.708268404006958,1.67154860496521,0.4392965480312707,0.8311327895522115,0.5787429318949582,0.8734430074691772,1.20674467086792,0.8734430074691772,1.20674467086792,0.9309245347976685,1.5867581367492676,0.8734430074691772,0.4450948238372803,0.8734430074691772,0.4450948238372803,1.062044382095337,0.6207660436630249
560,2.0558245182037354,1.9216053485870361,0.8925270008047423,0.3502375466128189,0.8564644656827052,0.9063913822174072,0.9063913822174072,0.9063913822174072,0.9063913822174072,1.4454784393310547,1.8368148803710938,0.9063913822174072,0.4180154800415039,0.9063913822174072,0.4180154800415039,1.199920654296875,0.7375093698501587
561,1.5048682689666748,2.024071455001831,0.7424353843554855,0.9203711679577828,0.5388885672017931,1.0131430625915527,1.599289059638977,1.0131430625915527,1.599289059638977,1.4291062355041504,1.599289059638977,1.0131430625915527,0.3411611318588257,1.0131430625915527,0.3411611318588257,1.3062160015106201,0.7159035205841064
562,2.436877965927124,1.8439772129058838,0.5161944223443666,0.6356703798534972,0.8697360752212502,0.631223201751709,1.7591867446899414,0.631223201751709,1.7591867446899414,1.1489622592926025,1.7591867446899414,0.631223201751709,0.5317661762237549,0.631223201751709,0.5317661762237549,0.9849870800971985,0.8210176229476929
563,0.3852277994155884,1.8507943153381348,0.8189710679650306,0.45796015836298487,0.7514867535233496,0.8357712030410767,0.8357712030410767,0.8357712030410767,0.8357712030410767,1.225801706314087,1.7660038471221924,0.8357712030410767,0.5284392833709717,0.8357712030410767,0.5284392833709717,1.084341049194336,0.7963009476661682
564,0.628683865070343,1.3476786613464355,0.15610777211685978,0.7645812408005197,0.6046133129422864,0.7575652599334717,0.85560142993927,0.7575652599334717,0.85560142993927,0.8977451324462891,1.2628881931304932,0.7575652599334717,0.13135337829589844,0.7575652599334717,0.13135337829589844,0.9601233601570129,0.3202322721481323
565,0.42888328433036804,0.9378187656402588,0.19566520548115174,0.09151063925276226,0.8282665854195752,0.5818531513214111,0.8530283570289612,0.5818531513214111,0.8530283570289612,0.23078978061676025,0.8530283570289612,0.5818531513214111,0.09030717611312866,0.5818531513214111,0.09030717611312866,0.6663098931312561,0.1712123155593872
566,1.6559780836105347,0.4796050786972046,0.1510309362163147,0.19701285128792118,0.30918498550852136,0.03961065411567688,0.39481469988822937,0.03961065411567688,0.39481469988822937,0.20882877707481384,0.39481469988822937,0.11019197106361389,0.11574587225914001,0.11019197106361389,0.11574587225914001,0.19656704366207123,0.19719500839710236
567,1.1080774068832397,0.8523237705230713,0.5203982743248342,0.12552411653101458,0.3840250441804528,0.4756309390068054,0.4756309390068054,0.4756309390068054,0.4756309390068054,0.3734431266784668,0.7675333619117737,0.4756309390068054,0.11868643760681152,0.4756309390068054,0.11868643760681152,0.5645525455474854,0.20997759699821472
568,2.623020887374878,1.0409467220306396,0.375512844050924,0.525030828366677,0.31802671412626893,0.5264990329742432,0.8273969888687134,0.5264990329742432,0.8273969888687134,0.6842260956764221,0.8273969888687134,0.5264990329742432,0.1235201358795166,0.5264990329742432,0.1235201358795166,0.6769480109214783,0.2983286678791046
569,2.8566200733184814,1.6559979915618896,0.8567700433668991,0.3207494183381403,0.6561021943700807,0.8464294075965881,0.8464294075965881,0.8464294075965881,0.8464294075965881,1.0043017864227295,1.5712075233459473,0.8464294075965881,0.3702883720397949,0.8464294075965881,0.3702883720397949,1.054780125617981,0.5929076671600342
570,1.740863561630249,2.2387030124664307,1.0044474122176568,0.9022602761785187,0.5096189885834854,1.0474238395690918,1.0474238395690918,1.0474238395690918,1.0474238395690918,1.7879244089126587,1.8425238132476807,1.0474238395690918,0.331373929977417,1.0474238395690918,0.331373929977417,1.4449738264083862,0.8321908712387085
571,3.007350206375122,2.2224345207214355,0.6303412348280351,0.9297446136797467,0.839972098308305,1.0083355903625488,1.5034126043319702,1.0083355903625488,1.5034126043319702,1.5752196311950684,2.137643814086914,1.0083355903625488,0.6735882759094238,1.0083355903625488,0.6735882759094238,1.326934576034546,0.9557875394821167
572,2.429119825363159,2.2986338138580322,1.0156713792433343,0.5397034061265491,0.9208826930013791,1.0656309127807617,1.0656309127807617,1.0656309127807617,1.0656309127807617,1.6590925455093384,2.21384334564209,1.0656309127807617,0.649465799331665,1.0656309127807617,0.649465799331665,1.3839575052261353,1.000969648361206
573,3.0494003295898438,2.4015181064605713,0.8878143812095127,1.0265814422195152,0.6647459475447737,1.1525301933288574,1.8561668395996094,1.1525301933288574,1.8561668395996094,1.7070059776306152,1.8561668395996094,1.1525301933288574,0.46697115898132324,1.1525301933288574,0.46697115898132324,1.5043485164642334,0.9165559411048889
574,2.6150503158569336,2.6341822147369385,1.0688432075207432,0.8013413053875174,0.9416213663419084,1.1568269729614258,1.1568269729614258,1.1568269729614258,1.1568269729614258,1.7863061428070068,2.549391746520996,1.1568269729614258,0.9468528032302856,1.1568269729614258,0.9468528032302856,1.4775850772857666,1.3119168281555176
575,3.248152732849121,2.6199769973754883,0.956027987524867,1.028571003526449,0.8130016708374026,1.1661708354949951,1.9357023239135742,1.1661708354949951,1.9357023239135742,1.826004147529602,1.9357023239135742,1.1661708354949951,0.6081209182739258,1.1661708354949951,0.6081209182739258,1.5509365797042847,1.0893527269363403
576,1.836927056312561,2.7826285362243652,1.1393808197230098,0.8722106577455997,0.9486607232689859,1.2427866458892822,1.2427866458892822,1.2427866458892822,1.2427866458892822,1.8257932662963867,2.697838068008423,1.2427866458892822,1.0335384607315063,1.2427866458892822,1.0335384607315063,1.562200665473938,1.4041637182235718
577,1.6597578525543213,2.391864061355591,0.6786945014571149,1.0635138440628844,0.8272793803488219,1.1483964920043945,1.6742337942123413,1.1483964920043945,1.6742337942123413,1.6021311283111572,2.3070735931396484,1.1483964920043945,0.7350051403045654,1.1483964920043945,0.7350051403045654,1.4670380353927612,1.0062742233276367
578,-1.562814712524414,1.8973639011383057,0.5584304984038075,0.5523450109486778,0.9642122947176297,0.7199866771697998,1.8125736713409424,0.7199866771697998,1.8125736713409424,0.7446846961975098,1.8125736713409424,0.7199866771697998,0.6097488403320312,0.7199866771697998,0.6097488403320312,0.9941609501838684,0.8441405892372131
579,-0.1587405800819397,0.5831318497657776,0.38949520293623197,0.4630837903730569,0.6871668076328934,0.4530802071094513,0.49834132194519043,0.4530802071094513,0.49834132194519043,0.834726095199585,0.49834132194519043,0.4530802071094513,0.4393119215965271,0.4530802071094513,0.4393119215965271,0.6662905812263489,0.22811293601989746
580,-1.6941442489624023,0.17522767186164856,0.011665812755624283,0.3725667405749362,0.737083859903117,0.57328200340271,0.09043722599744797,0.57328200340271,0.09043722599744797,0.8757104873657227,0.09043722599744797,0.57328200340271,0.03891846537590027,0.57328200340271,0.03891846537590027,0.351878821849823,0.1955270916223526
581,-0.8404983878135681,-0.9663236141204834,0.3969823669269682,0.0159550594538449,0.40767264213412985,1.007756233215332,1.0511140823364258,1.007756233215332,1.0511140823364258,1.8238064050674438,1.0511140823364258,0.5970534086227417,0.0507737398147583,0.5970534086227417,0.0507737398147583,0.8032257556915283,0.2563592195510864
582,-2.5087389945983887,-0.6848717927932739,0.18930919793744877,0.4561155838643512,0.13817665352175634,0.9307945370674133,0.718891978263855,0.9307945370674133,0.718891978263855,1.3720121383666992,0.718891978263855,0.5115256309509277,0.0648953914642334,0.5115256309509277,0.0648953914642334,0.6152088046073914,0.17600266635417938
583,-1.0064525604248047,-1.4525184631347656,0.5979122332918148,0.19140610127399338,0.4855764640557271,1.066990852355957,0.5980274081230164,1.066990852355957,0.5980274081230164,2.053675651550293,1.537308931350708,0.5980274081230164,0.2872065305709839,0.5980274081230164,0.2872065305709839,0.9550034999847412,0.6040322780609131
584,-1.8725404739379883,-1.3400967121124268,0.23987977986534448,0.7704512153317531,0.15214205240209888,1.3615509271621704,1.1334645748138428,1.3615509271621704,1.1334645748138428,1.6972815990447998,1.1334645748138428,0.8844265341758728,0.3771768808364868,0.8844265341758728,0.3771768808364868,1.0089455842971802,0.5188379883766174
585,-0.6551281213760376,-1.7367780208587646,0.4352469640970229,0.26344607122242447,0.8604613210260871,1.5876867771148682,1.821568489074707,1.5876867771148682,1.821568489074707,2.2463607788085938,1.821568489074707,1.0827457904815674,0.36385369300842285,1.0827457904815674,0.36385369300842285,1.315964937210083,0.5814456939697266
586,-1.4792886972427368,-1.0777294635772705,0.1439195719982187,0.5463382570693891,0.2098479699964324,1.0008985996246338,0.8065105676651001,1.0008985996246338,0.8065105676651001,1.4257396459579468,1.162519931793213,0.6430066823959351,0.17296934127807617,0.6430066823959351,0.17296934127807617,0.8217703104019165,0.397043377161026
587,-0.24954821169376373,-1.225032091140747,0.3430153679723541,0.1440497189263502,0.5603433397288125,1.1616147756576538,1.3098225593566895,1.1616147756576538,1.3098225593566895,1.7202363014221191,1.3098225593566895,0.7728480100631714,0.22571110725402832,0.7728480100631714,0.22571110725402832,0.9542754292488098,0.40372344851493835
588,-0.11692177504301071,-0.6673897504806519,0.036259368807077585,0.4024657639861106,0.05104095317423335,0.8252217769622803,0.5300577282905579,0.8252217769622803,0.5300577282905579,1.1424593925476074,0.7521801590919495,0.46685293316841125,0.0660443902015686,0.46685293316841125,0.0660443902015686,0.578180193901062,0.20207971334457397
589,-0.10844137519598007,-0.5794976353645325,0.0031497467060883078,0.028555655491848797,0.37016856865336506,0.9555672407150269,0.6642880439758301,0.9555672407150269,0.6642880439758301,1.038921594619751,0.6642880439758301,0.5691994428634644,0.02945888042449951,0.5691994428634644,0.02945888042449951,0.6019678711891174,0.07053682208061218
590,-0.7592788338661194,-0.05523179471492767,0.003339656814932812,0.007000557407736752,0.11205167047679426,0.12629340589046478,0.1400221884250641,0.12629340589046478,0.1400221884250641,0.1585085391998291,0.1400221884250641,0.08193551003932953,0.027478627860546112,0.08193551003932953,0.027478627860546112,0.09726881235837936,0.043426673859357834
591,-1.9280726909637451,-0.16869711875915527,0.1618792158241074,0.015733204272886103,0.15507255730529632,0.3594453036785126,0.1872754693031311,0.3594453036785126,0.1872754693031311,0.399540513753891,0.2534875273704529,0.1872754693031311,0.02869027853012085,0.1872754693031311,0.02869027853012085,0.20613375306129456,0.047503504902124405
592,-0.7230733036994934,-0.6317979097366333,0.4551928849269945,0.15391257525732127,0.15493121496091278,0.997423529624939,0.475482702255249,0.997423529624939,0.475482702255249,1.0344607830047607,0.7165883183479309,0.475482702255249,0.21049708127975464,0.475482702255249,0.21049708127975464,0.49467000365257263,0.22813978791236877
593,-2.108959913253784,-1.001999020576477,0.16174856803069526,0.5572313567871846,0.10539543124536688,0.9901507496833801,0.8260992169380188,0.9901507496833801,0.8260992169380188,1.185874342918396,0.8260992169380188,0.6459881067276001,0.33124780654907227,0.6459881067276001,0.33124780654907227,0.7360436916351318,0.4289787709712982
594,-0.38798457384109497,-1.4218595027923584,0.497225866789619,0.15988610769311595,0.5871238637963931,1.1897705793380737,1.5066499710083008,1.1897705793380737,1.5066499710083008,2.0602574348449707,1.5066499710083008,0.794980525970459,0.249902606010437,0.794980525970459,0.249902606010437,1.0544450283050537,0.501538872718811
595,-0.25831061601638794,-0.9646823406219482,0.07472025653968262,0.6203625622267523,0.09197597655157252,1.2169438600540161,0.8022966980934143,1.2169438600540161,0.8022966980934143,1.5354377031326294,1.0494729280471802,0.7045600414276123,0.10604727268218994,0.7045600414276123,0.10604727268218994,0.828587532043457,0.26673921942710876
596,1.3795865774154663,-0.9511529207229614,0.041406679712235994,0.0745965622738003,0.6575260142236948,1.3817355632781982,1.0359433889389038,1.3817355632781982,1.0359433889389038,1.485337257385254,1.0359433889389038,0.8689601421356201,0.06265246868133545,0.8689601421356201,0.06265246868133545,0.9200279712677002,0.13087177276611328
597,0.08341171592473984,0.26900699734687805,0.42751773775865626,0.04907752762238177,0.06819042192151148,0.383868008852005,0.383868008852005,0.383868008852005,0.383868008852005,0.2290375828742981,0.18421655893325806,0.383868008852005,0.072896808385849,0.383868008852005,0.072896808385849,0.31800907850265503,0.13570113480091095
598,0.659385621547699,0.42434099316596985,0.059678027257323185,0.4392567185685039,0.10302991185337307,0.40172460675239563,0.4231142997741699,0.40172460675239563,0.4231142997741699,0.1187986433506012,0.33955058455467224,0.40172460675239563,0.023821592330932617,0.40172460675239563,0.023821592330932617,0.3599833846092224,0.03845299780368805
599,-0.1368645429611206,0.6541661024093628,0.2089862682297825,0.028671017400920373,0.5941324812918902,0.3723878562450409,0.5693756937980652,0.3723878562450409,0.5693756937980652,0.355467289686203,0.5693756937980652,0.3723878562450409,0.019678056240081787,0.3723878562450409,0.019678056240081787,0.4599050283432007,0.10559788346290588
600,0.25930675864219666,0.2509946823120117,0.003044222580889766,0.21579059678440288,0.21587200242405133,0.13706347346305847,0.1662043035030365,0.13706347346305847,0.1662043035030365,0.030004024505615234,0.1662043035030365,0.024542778730392456,0.03579583764076233,0.024542778730392456,0.03579583764076233,0.11265247315168381,0.08801564574241638
601,-0.43388858437538147,0.3113757073879242,0.10045536952093237,0.012854171451181173,0.40139817383140325,0.19578847289085388,0.2265852987766266,0.19578847289085388,0.2265852987766266,0.1586456000804901,0.2265852987766266,0.19578847289085388,0.033088624477386475,0.19578847289085388,0.033088624477386475,0.22916938364505768,0.03311082720756531
602,0.359225869178772,0.00155610591173172,0.08022453660766282,0.11209880405416087,0.14730549552788336,0.15952572226524353,0.08323431760072708,0.15952572226524353,0.08323431760072708,0.09532789140939713,0.08323431760072708,0.04267137497663498,0.10929998010396957,0.04267137497663498,0.10929998010396957,0.03377797454595566,0.07443457841873169
603,0.4493744373321533,0.14677387475967407,0.1281385212826232,0.08858070007835828,0.2848397776732842,0.0506734624505043,0.06198351830244064,0.0506734624505043,0.06198351830244064,0.143565833568573,0.06198351830244064,0.08336953818798065,0.11017221212387085,0.08336953818798065,0.11017221212387085,0.12991556525230408,0.06370779871940613
604,1.297932744026184,0.16164514422416687,0.15493394690255324,0.1361420160035292,0.048192816028992336,0.11952734738588333,0.11952734738588333,0.11952734738588333,0.11952734738588333,0.1949019730091095,0.22012874484062195,0.11952734738588333,0.13754859566688538,0.11952734738588333,0.13754859566688538,0.16982804238796234,0.08903272449970245
605,0.5548642873764038,0.6741979122161865,0.4078445101032654,0.1394669074254733,0.3045101592006782,0.3656473755836487,0.3656473755836487,0.3656473755836487,0.3656473755836487,0.21216100454330444,0.5894075036048889,0.3656473755836487,0.1238020658493042,0.3656473755836487,0.1238020658493042,0.417718768119812,0.1774420142173767
606,-0.11048442125320435,0.7400879859924316,0.1949892474462589,0.39889560246219236,0.3238268005972107,0.37564826011657715,0.5206671953201294,0.37564826011657715,0.5206671953201294,0.2666149139404297,0.655297577381134,0.37564826011657715,0.16292285919189453,0.37564826011657715,0.16292285919189453,0.4425124526023865,0.22573548555374146
607,-1.2974214553833008,0.5473150610923767,0.00084615210692085,0.16165219696859523,0.5624403765300909,0.3427715301513672,0.4625246524810791,0.3427715301513672,0.4625246524810791,0.29063913226127625,0.4625246524810791,0.3427715301513672,0.02854698896408081,0.3427715301513672,0.02854698896408081,0.41661497950553894,0.06640896201133728
608,-1.7425284385681152,-0.0892958715558052,0.29359830322985847,0.01438620787734779,0.36753991811225817,0.17123475670814514,0.17408625781536102,0.17123475670814514,0.17408625781536102,0.6702616214752197,0.17408625781536102,0.17123475670814514,0.026033930480480194,0.17123475670814514,0.026033930480480194,0.15814433991909027,0.18229997158050537
609,-0.11266998201608658,-0.7583151459693909,0.41432113266239556,0.3204071776817242,0.15403682888795922,0.919885516166687,0.4425176680088043,0.919885516166687,0.4425176680088043,1.640796422958374,0.8079615831375122,0.4425176680088043,0.04295027256011963,0.4425176680088043,0.04295027256011963,0.6252396106719971,0.23048515617847443
610,-2.9987082481384277,-1.0260344743728638,0.002148568655053862,0.5125058934340874,0.33375634777049223,1.1239479780197144,0.6358984708786011,1.1239479780197144,0.6358984708786011,1.8625645637512207,1.1108249425888062,0.6072367429733276,0.029604792594909668,0.6072367429733276,0.029604792594909668,0.8447892069816589,0.3210460841655731
611,0.5546761155128479,-1.3347914218902588,0.7182282751550277,0.04223636104414852,0.48117584326614926,1.5764195919036865,0.7124465703964233,1.5764195919036865,0.7124465703964233,2.6583456993103027,1.4195818901062012,0.7124465703964233,0.03491795063018799,0.7124465703964233,0.03491795063018799,1.051210880279541,0.35638436675071716
612,-0.4997333884239197,-0.7405014634132385,0.19287157047539966,0.9071899699419739,0.15144054096192128,2.1248979568481445,0.7894439101219177,2.1248979568481445,0.7894439101219177,1.9192026853561401,0.7894439101219177,0.935532808303833,0.050545454025268555,0.935532808303833,0.050545454025268555,0.8624883890151978,0.08560216426849365
613,0.8316537737846375,-1.0891414880752563,0.10475884410863112,0.2180336505422989,1.0247926299956938,1.9507317543029785,1.1739319562911987,1.9507317543029785,1.1739319562911987,1.8369406461715698,1.1739319562911987,1.1947696208953857,0.12069833278656006,1.1947696208953857,0.12069833278656006,1.1222429275512695,0.09626913070678711
614,-0.25063639879226685,0.3481481373310089,0.26081875205660865,0.11406515303378306,0.37901820282141363,0.08397799730300903,0.2633577287197113,0.08397799730300903,0.2633577287197113,0.30510213971138,0.2633577287197113,0.1729797124862671,0.12238535284996033,0.1729797124862671,0.12238535284996033,0.2842136323451996,0.11065800487995148
615,-1.1993389129638672,0.0899178609251976,0.033432177205880514,0.27841536733011407,0.022558365116516738,0.23483207821846008,0.17143811285495758,0.23483207821846008,0.17143811285495758,0.12503889203071594,0.17143811285495758,0.23483207821846008,0.15501484274864197,0.23483207821846008,0.15501484274864197,0.20313510298728943,0.18812550604343414
616,-1.0410994291305542,-0.01864977926015854,0.26843144853909806,0.02545834969108307,0.4528636685820917,0.2549819350242615,0.10344021022319794,0.2549819350242615,0.10344021022319794,0.616954505443573,0.10344021022319794,0.2549819350242615,0.05662059783935547,0.2549819350242615,0.05662059783935547,0.14625626802444458,0.20000213384628296
617,0.8858386278152466,-0.6051822900772095,0.23661270402371892,0.2971866950020194,0.1062407734617592,0.6037986874580383,0.6089633703231812,0.6037986874580383,0.6089633703231812,1.099804162979126,0.6089633703231812,0.3527759313583374,0.09718382358551025,0.3527759313583374,0.09718382358551025,0.4808696508407593,0.2292090654373169
618,-0.14934666454792023,-0.4525704085826874,0.2749686642612019,0.28340850764264663,0.2665068410833676,1.0069324970245361,0.10330414772033691,1.0069324970245361,0.10330414772033691,0.7233150005340576,0.10330414772033691,0.3433184027671814,0.4977720081806183,0.3433184027671814,0.4977720081806183,0.22331127524375916,0.37638169527053833
619,-0.3364647924900055,-0.055383868515491486,0.007793794050812708,0.30551061678677793,0.1754770490899682,0.2676403224468231,0.22962087392807007,0.2676403224468231,0.22962087392807007,0.6045491695404053,0.14017429947853088,0.2676403224468231,0.04003974050283432,0.2676403224468231,0.04003974050283432,0.18506410717964172,0.21113184094429016
620,-1.3470605611801147,0.22222861647605896,0.055273361913859814,0.011207944005727777,0.46633358690887683,0.26066669821739197,0.13743820786476135,0.26066669821739197,0.13743820786476135,0.15831848978996277,0.13743820786476135,0.26066669821739197,0.034236013889312744,0.26066669821739197,0.034236013889312744,0.21867552399635315,0.07552440464496613
621,-0.7589096426963806,-0.38289180397987366,0.30812960495551417,0.03985067320366703,0.14271213869253785,0.657666802406311,0.3292386829853058,0.657666802406311,0.3292386829853058,0.7066783905029297,0.46768221259117126,0.3292386829853058,0.09025785326957703,0.3292386829853058,0.09025785326957703,0.35416609048843384,0.1145620048046112
622,0.021673060953617096,-0.6179067492485046,0.16642638238767782,0.3478795005256931,0.07402273857345176,0.6792852878570557,0.5928581953048706,0.6792852878570557,0.5928581953048706,0.9977548122406006,0.5928581953048706,0.40471845865249634,0.13381421566009521,0.40471845865249634,0.13381421566009521,0.49878832697868347,0.23164522647857666
623,-1.3744672536849976,-0.6577897071838379,0.03321962462117267,0.18718702892462402,0.32619875757644573,0.9633746147155762,0.742580235004425,0.9633746147155762,0.742580235004425,1.3158092498779297,0.742580235004425,0.5455113053321838,0.005527794361114502,0.5455113053321838,0.005527794361114502,0.646804690361023,0.12610375881195068
624,-0.561830997467041,-0.5078179836273193,0.3172191212574641,0.06352024409299101,0.07649544194961594,0.7297004461288452,0.33842939138412476,0.7297004461288452,0.33842939138412476,1.2097315788269043,0.5926083922386169,0.33842939138412476,0.00621485710144043,0.33842939138412476,0.00621485710144043,0.46836861968040466,0.13168898224830627
625,-1.1286519765853882,-0.43439632654190063,0.11511101984729372,0.3495645326872667,0.2079029203082125,0.7674087285995483,0.5259799361228943,0.7674087285995483,0.5259799361228943,0.7611309289932251,0.5191867351531982,0.3866952061653137,0.14589262008666992,0.3866952061653137,0.14589262008666992,0.3832697868347168,0.1417367309331894
626,0.1311921924352646,-0.8840194940567017,0.2574248983338475,0.11288178622722622,0.3360891449823976,0.8044611811637878,0.9688099026679993,0.8044611811637878,0.9688099026679993,1.2194721698760986,0.9688099026679993,0.543120265007019,0.18402057886123657,0.543120265007019,0.18402057886123657,0.6815649271011353,0.32263439893722534
627,-2.737340211868286,-0.4090965986251831,0.06555892635136853,0.2908421786874533,0.006189681775868011,0.7129892110824585,0.3055192232131958,0.7129892110824585,0.3055192232131958,0.6759719848632812,0.3055192232131958,0.33936530351638794,0.2205289602279663,0.33936530351638794,0.2205289602279663,0.32244226336479187,0.20327477157115936
628,0.790492057800293,-0.9521276354789734,0.6608096436411142,0.10870556412264709,0.222399891447276,1.5225374698638916,0.672422468662262,1.5225374698638916,0.672422468662262,2.2430360317230225,1.036918044090271,0.672422468662262,0.03720027208328247,0.672422468662262,0.03720027208328247,0.8719497919082642,0.19970157742500305
629,-1.180689811706543,-0.4627552032470703,0.264231128655374,0.8006496437638997,0.25128697637468567,1.9962449073791504,0.5881794691085815,1.9962449073791504,0.5881794691085815,1.699202537536621,0.5881794691085815,0.7990009784698486,0.05744665861129761,0.7990009784698486,0.05744665861129761,0.6935902237892151,0.179154634475708
630,0.9972234964370728,-1.0621790885925293,0.2761155338957906,0.2941864460706709,0.9026263362541793,1.8173184394836426,1.1469695568084717,1.8173184394836426,1.1469695568084717,1.663378119468689,1.1469695568084717,1.0596458911895752,0.2918248176574707,1.0596458911895752,0.2918248176574707,0.9589748978614807,0.15549802780151367
631,-1.3331835269927979,0.30576184391975403,0.31137624204158776,0.295869125202298,0.4678783617913722,0.19239479303359985,0.22097140550613403,0.19239479303359985,0.22097140550613403,0.46857309341430664,0.22097140550613403,0.26659008860588074,0.27592766284942627,0.26659008860588074,0.27592766284942627,0.4053839445114136,0.14196544885635376
632,0.9696541428565979,-0.38250648975372314,0.31637361641352374,0.3438081261018912,0.2323173349288603,0.2865411043167114,0.040922731161117554,0.2865411043167114,0.040922731161117554,0.7265324592590332,0.040922731161117554,0.2865411043167114,0.39493080973625183,0.2865411043167114,0.39493080973625183,0.1637319177389145,0.5685105919837952
633,-0.9435855746269226,0.32619473338127136,0.3030507848535975,0.33438251482943704,0.5351501278703412,0.3382863402366638,0.24140432476997375,0.3382863402366638,0.24140432476997375,0.8048746585845947,0.24140432476997375,0.3382863402366638,0.2626355290412903,0.3382863402366638,0.2626355290412903,0.1795138269662857,0.1522139608860016
634,0.0013235906371846795,-0.34841078519821167,0.21642138520876564,0.33782915423934656,0.2921948301109175,0.2896568775177002,0.05681663751602173,0.2896568775177002,0.05681663751602173,0.7935910820960999,0.4332011342048645,0.2896568775177002,0.24845582246780396,0.2896568775177002,0.24845582246780396,0.24563480913639069,0.47414088249206543
635,-0.11646909266710281,0.147912859916687,0.031553024426102694,0.21927427079528578,0.5132578006014228,0.31719258427619934,0.0631224736571312,0.31719258427619934,0.0631224736571312,0.5077345371246338,0.0631224736571312,0.31719258427619934,0.0003298074007034302,0.31719258427619934,0.0003298074007034302,0.18998922407627106,0.10664873570203781
636,0.6515915989875793,-0.2757760286331177,0.000551003664731986,0.04569571606814862,0.143297076523304,0.6016603708267212,0.3605664372444153,0.6016603708267212,0.3605664372444153,0.6013538837432861,0.3605664372444153,0.33147546648979187,0.02970677614212036,0.33147546648979187,0.02970677614212036,0.3313019275665283,0.029506608843803406
637,1.4605112075805664,0.22666415572166443,0.2103521997357408,0.004587526259323016,0.19852314675847693,0.1720568686723709,0.1720568686723709,0.1720568686723709,0.1720568686723709,0.021123290061950684,0.14187374711036682,0.1720568686723709,0.030996590852737427,0.1720568686723709,0.030996590852737427,0.17226770520210266,0.030790209770202637
638,0.9323765635490417,0.6458948850631714,0.46261690116177,0.2070372670950988,0.15386438131953284,0.42078834772109985,0.42078834772109985,0.42078834772109985,0.42078834772109985,0.37597015500068665,0.5981771349906921,0.42078834772109985,0.03511101007461548,0.42078834772109985,0.03511101007461548,0.509482741355896,0.0945836752653122
639,1.0231847763061523,0.9705617427825928,0.3139964047260584,0.4513293449394405,0.38285965763032426,0.44481444358825684,0.6944593191146851,0.44481444358825684,0.6944593191146851,0.40257132053375244,0.8857713341712952,0.44481444358825684,0.2880967855453491,0.44481444358825684,0.2880967855453491,0.5395703315734863,0.37760016322135925
640,-0.23760086297988892,1.0177979469299316,0.32883280704418816,0.26463008067260185,0.6019587237263719,0.38230419158935547,0.933007538318634,0.38230419158935547,0.933007538318634,0.5559208393096924,0.933007538318634,0.38230419158935547,0.2615237832069397,0.38230419158935547,0.2615237832069397,0.5298322439193726,0.39878684282302856
641,0.5415115356445312,0.5535372495651245,0.031325869734088574,0.302179286715885,0.4603074970965584,0.22397810220718384,0.4687468409538269,0.22397810220718384,0.4687468409538269,0.5001054406166077,0.4687468409538269,0.25028327107429504,0.06433647871017456,0.25028327107429504,0.06433647871017456,0.38936758041381836,0.1333313286304474
642,1.6810957193374634,0.45964479446411133,0.1763658090432486,0.04686070716629431,0.5077633571003873,0.29551962018013,0.3748543858528137,0.29551962018013,0.3748543858528137,0.311676949262619,0.3748543858528137,0.29551962018013,0.05534708499908447,0.29551962018013,0.05534708499908447,0.3664235770702362,0.07017375528812408
643,0.37984561920166016,0.6424704790115356,0.530749207517753,0.17468193522344028,0.11466300078357272,0.4856932759284973,0.4856932759284973,0.4856932759284973,0.4856932759284973,0.31088778376579285,0.6343607902526855,0.4856932759284973,0.07267212867736816,0.4856932759284973,0.07267212867736816,0.560027003288269,0.07822251319885254
644,0.688042402267456,0.8425039052963257,0.14781268759320176,0.5227212627107899,0.3495936195055644,0.49900683760643005,0.5969778299331665,0.49900683760643005,0.5969778299331665,0.34131377935409546,0.7577134966850281,0.49900683760643005,0.11608737707138062,0.49900683760643005,0.11608737707138062,0.5789735317230225,0.191185861825943
645,2.1777148246765137,0.8039664030075073,0.21788061585277307,0.10167483169585467,0.6620346199721099,0.4328329861164093,0.7191759943962097,0.4328329861164093,0.7191759943962097,0.345134437084198,0.7191759943962097,0.4328329861164093,0.09255194664001465,0.4328329861164093,0.09255194664001465,0.5255988240242004,0.18219494819641113
646,0.2975878119468689,1.0251942873001099,0.6937436692292492,0.20281003023187316,0.30626425235221777,0.6465377807617188,0.6465377807617188,0.6465377807617188,0.6465377807617188,0.3044207692146301,0.9404038786888123,0.6465377807617188,0.2036125659942627,0.6465377807617188,0.2036125659942627,0.7007173895835876,0.2596070468425751
647,-0.9952208995819092,1.0319762229919434,0.12857259450480374,0.690124048348516,0.390903244651854,0.6697356104850769,0.745892345905304,0.6697356104850769,0.745892345905304,0.46820783615112305,0.9471858143806458,0.6697356104850769,0.09662866592407227,0.6697356104850769,0.09662866592407227,0.7699668407440186,0.1906089186668396
648,1.5551835298538208,0.4661139249801636,0.2226896956500907,0.08543753352637073,0.7809897516171138,0.5491326451301575,0.38132351636886597,0.5491326451301575,0.38132351636886597,0.6049808263778687,0.38132351636886597,0.5491326451301575,0.05748486518859863,0.5491326451301575,0.05748486518859863,0.4258570969104767,0.11387398838996887
649,0.5577214360237122,0.360504150390625,0.4844232228212058,0.2551772374846041,0.3088817997649312,0.44015568494796753,0.44015568494796753,0.44015568494796753,0.44015568494796753,0.14060339331626892,0.275713711977005,0.44015568494796753,0.24916210770606995,0.44015568494796753,0.24916210770606995,0.49251461029052734,0.2045549750328064
650,0.5456385612487793,0.3831479847431183,0.19883019976317884,0.5189542412012815,0.15701282151043416,0.5020046234130859,0.6499199867248535,0.5020046234130859,0.6499199867248535,0.3773813843727112,0.6499199867248535,0.5020046234130859,0.3192448019981384,0.5020046234130859,0.3192448019981384,0.5759623050689697,0.23523607850074768
651,1.2008589506149292,0.7832124829292297,0.1793311854327717,0.15360778598735736,0.6278971164176862,0.401650607585907,0.6984220147132874,0.401650607585907,0.6984220147132874,0.26778507232666016,0.6984220147132874,0.401650607585907,0.13891303539276123,0.401650607585907,0.13891303539276123,0.4754115045070648,0.20922595262527466
652,0.8080785274505615,0.7277010679244995,0.37896708705772963,0.16438936909039814,0.3619682762896021,0.3393484055995941,0.3393484055995941,0.3393484055995941,0.3393484055995941,0.31665441393852234,0.6429106593132019,0.3393484055995941,0.1499078869819641,0.3393484055995941,0.1499078869819641,0.41816776990890503,0.2316364347934723
653,1.4297130107879639,0.8115411996841431,0.2698734485916794,0.3665084819309413,0.3527829336747527,0.35014981031417847,0.5648568868637085,0.35014981031417847,0.5648568868637085,0.31998777389526367,0.7267507910728455,0.35014981031417847,0.23890823125839233,0.35014981031417847,0.23890823125839233,0.43038883805274963,0.3145873546600342
654,1.6224251985549927,1.0465450286865234,0.45600431893020876,0.2303760951384901,0.5377882791310549,0.25846320390701294,0.9617546200752258,0.25846320390701294,0.9617546200752258,0.6762796640396118,0.9617546200752258,0.32528531551361084,0.2320595383644104,0.32528531551361084,0.2320595383644104,0.533726692199707,0.4296495020389557
655,2.3006813526153564,1.2335206270217896,0.5390155376121399,0.4432655394449829,0.428863214477897,0.5209587812423706,0.5209587812423706,0.5209587812423706,0.5209587812423706,0.8687997460365295,0.9150584936141968,0.5209587812423706,0.23034417629241943,0.5209587812423706,0.23034417629241943,0.7180086374282837,0.46150490641593933
656,0.7253828048706055,1.7082488536834717,0.7775454162309566,0.5093727689484759,0.5989543330172695,0.7847474813461304,0.7847474813461304,0.7847474813461304,0.7847474813461304,0.9167009592056274,1.6234583854675293,0.7847474813461304,0.5721538066864014,0.7847474813461304,0.5721538066864014,0.9681866765022278,0.7670029997825623
657,1.5066503286361694,1.444962501525879,0.2630968911945821,0.7243338648229837,0.6351554100215434,0.7362828850746155,0.9259922504425049,0.7362828850746155,0.9259922504425049,0.9702285528182983,1.3601720333099365,0.7362828850746155,0.25003480911254883,0.7362828850746155,0.25003480911254883,0.951759934425354,0.4521843492984772
658,3.291414260864258,1.283451795578003,0.4745046275667848,0.18761568626388914,0.7989551462605593,0.5648038387298584,1.1986613273620605,0.5648038387298584,1.1986613273620605,0.7813832759857178,1.1986613273620605,0.5648038387298584,0.2026432752609253,0.5648038387298584,0.2026432752609253,0.7837156057357788,0.4129420220851898
659,0.6983909010887146,1.750479817390442,1.060728910950323,0.4699850316469869,0.3973895393063622,1.033963680267334,1.033963680267334,1.033963680267334,1.033963680267334,0.9411197900772095,1.454243540763855,1.033963680267334,0.22173655033111572,1.033963680267334,0.22173655033111572,1.2441036701202393,0.4768524765968323
660,2.5060765743255615,1.7487754821777344,0.2714853817907472,1.062024755900105,0.5928890090001125,1.073889970779419,1.2562851905822754,1.073889970779419,1.2562851905822754,1.0118299722671509,1.663985013961792,1.073889970779419,0.2620542049407959,1.073889970779419,0.2620542049407959,1.2762269973754883,0.44134414196014404
661,0.33516815304756165,1.7773277759552002,0.8001199315488339,0.16643185578286657,0.9883997723460197,0.7615898847579956,1.6925374269485474,0.7615898847579956,1.6925374269485474,1.2859371900558472,1.6925374269485474,0.7615898847579956,0.208962082862854,0.7615898847579956,0.208962082862854,1.132854700088501,0.5805967450141907
662,2.285703420639038,1.1651891469955444,0.14402503738800698,0.8059100933993855,0.3928776807213824,0.7903058528900146,0.8762842416763306,0.7903058528900146,0.8762842416763306,0.52068030834198,1.080398678779602,0.7903058528900146,0.11325991153717041,0.7903058528900146,0.11325991153717041,0.8918963670730591,0.2077856957912445
663,-0.09173019230365753,1.4593534469604492,0.7181820102160177,0.06707660687466444,0.8517184943829975,0.6222519278526306,1.3745629787445068,0.6222519278526306,1.3745629787445068,1.2282462120056152,1.3745629787445068,0.6222519278526306,0.09236538410186768,0.6222519278526306,0.09236538410186768,0.9540063142776489,0.4267139434814453
664,1.3736363649368286,0.8501766920089722,0.01332686992983012,0.7265968738930922,0.2878766723039249,0.6868624687194824,0.6637887954711914,0.6868624687194824,0.6637887954711914,0.2822001576423645,0.7653863430023193,0.6868624687194824,0.02925795316696167,0.6868624687194824,0.02925795316696167,0.7377314567565918,0.04703927040100098
665,0.42034482955932617,1.0154505968093872,0.41522972888002796,0.03586237770815659,0.8137069101507463,0.5745035409927368,0.9306601881980896,0.5745035409927368,0.9306601881980896,0.7095991373062134,0.9306601881980896,0.5745035409927368,0.021243810653686523,0.5745035409927368,0.021243810653686523,0.7646341919898987,0.1896723210811615
666,1.386519193649292,0.5711909532546997,0.15654314712931716,0.4348018812512357,0.1574697085966667,0.40579167008399963,0.5155175924301147,0.40579167008399963,0.5155175924301147,0.019025444984436035,0.48640066385269165,0.40579167008399963,0.12255525588989258,0.40579167008399963,0.12255525588989258,0.3913033902645111,0.10911014676094055
667,0.23160724341869354,0.955305278301239,0.4328593467424313,0.1129649259398382,0.5871047297368446,0.3632280230522156,0.8705149292945862,0.3632280230522156,0.8705149292945862,0.7548903226852417,0.8705149292945862,0.36709660291671753,0.11180269718170166,0.36709660291671753,0.11180269718170166,0.5629322528839111,0.30293846130371094
668,1.446084976196289,0.6646859645843506,0.10137604181965187,0.4264907035728296,0.31444288370509943,0.3943125903606415,0.4535898268222809,0.3943125903606415,0.4535898268222809,0.2459678053855896,0.579895555973053,0.3943125903606415,0.06727379560470581,0.3943125903606415,0.06727379560470581,0.45726478099823,0.12615938484668732
669,1.1259100437164307,0.9244190454483032,0.4482437962417799,0.059789677498241156,0.5940092362215125,0.3546510934829712,0.8396286368370056,0.3546510934829712,0.8396286368370056,0.7603324055671692,0.8396286368370056,0.3726426362991333,0.05980730056762695,0.3726426362991333,0.05980730056762695,0.575556218624115,0.2599644362926483
670,0.9711791276931763,0.9126936793327332,0.3754247427980104,0.4559225263322391,0.258970074715714,0.45022493600845337,0.7569326162338257,0.45022493600845337,0.7569326162338257,0.6742767095565796,0.7569326162338257,0.45022493600845337,0.0675344467163086,0.45022493600845337,0.0675344467163086,0.6035788059234619,0.24071896076202393
671,1.1747881174087524,1.0622482299804688,0.3168223447787264,0.3259705504837136,0.5970789992312591,0.37893807888031006,0.9774578213691711,0.37893807888031006,0.9774578213691711,0.6267420649528503,0.9774578213691711,0.37893807888031006,0.29307204484939575,0.37893807888031006,0.29307204484939575,0.5469057559967041,0.43847647309303284
672,-0.14995937049388885,0.9999097585678101,0.378586380891502,0.28288567595183844,0.5160612470284104,0.29040706157684326,0.9151192307472229,0.29040706157684326,0.9151192307472229,0.6338047981262207,0.9151192307472229,0.3048257827758789,0.28013432025909424,0.3048257827758789,0.28013432025909424,0.47643470764160156,0.4396933317184448
673,0.6145300269126892,0.6313052177429199,0.007850906414290426,0.3467265794302027,0.4700532092402379,0.20119309425354004,0.5465148091316223,0.20119309425354004,0.5465148091316223,0.5216395854949951,0.5465148091316223,0.2593753933906555,0.041646480560302734,0.2593753933906555,0.041646480560302734,0.4218650162220001,0.1558385193347931
674,-0.004839291796088219,0.5379166603088379,0.19630448117852212,0.027482141964137563,0.5467179856076836,0.33072730898857117,0.4531262516975403,0.33072730898857117,0.4531262516975403,0.3455427289009094,0.4531262516975403,0.33072730898857117,0.034828007221221924,0.33072730898857117,0.034828007221221924,0.4116303324699402,0.07994711399078369
675,0.13267961144447327,0.20319050550460815,0.03198531921952963,0.2070349030941725,0.14179394770413634,0.16754716634750366,0.166314035654068,0.16754716634750366,0.166314035654068,0.10238736867904663,0.11840008944272995,0.16754716634750366,0.0012714266777038574,0.16754716634750366,0.0012714266777038574,0.14358876645565033,0.023918673396110535
676,1.903700351715088,0.2983366549015045,0.06679990295320748,0.023715769276022924,0.3854446769878268,0.18083301186561584,0.2135462760925293,0.18083301186561584,0.2135462760925293,0.08871591091156006,0.2135462760925293,0.18083301186561584,0.0011789798736572266,0.18083301186561584,0.0011789798736572266,0.19782575964927673,0.016817212104797363
677,-0.09545784443616867,0.6618109941482544,0.5954497310643394,0.04953322452803455,0.19445164346446597,0.5435675382614136,0.5435675382614136,0.5435675382614136,0.5435675382614136,0.051919519901275635,0.577020525932312,0.5435675382614136,0.03676372766494751,0.5435675382614136,0.03676372766494751,0.5428181290626526,0.03601992130279541
678,1.612847924232483,0.6610498428344727,0.011247228148082988,0.6007477549339334,0.22667858387033135,0.5592687726020813,0.5351715087890625,0.5592687726020813,0.5351715087890625,0.13238799571990967,0.5762594938278198,0.5592687726020813,0.028956711292266846,0.5592687726020813,0.028956711292266846,0.5798406600952148,0.019025474786758423
679,0.4771697521209717,1.0102276802062988,0.4934872949620086,0.03523599522809162,0.7296000449856122,0.49813103675842285,0.9254372715950012,0.49813103675842285,0.9254372715950012,0.8754515647888184,0.9254372715950012,0.49813103675842285,0.0230100154876709,0.49813103675842285,0.0230100154876709,0.7243261337280273,0.2263985276222229
680,0.4371182918548584,0.6693835854530334,0.1766803525512416,0.5145758925502498,0.1557510644694171,0.48988795280456543,0.6149060726165771,0.48988795280456543,0.6149060726165771,0.3041820526123047,0.6149060726165771,0.48988795280456543,0.02813643217086792,0.48988795280456543,0.02813643217086792,0.5523970127105713,0.07203999161720276
681,-0.23640671372413635,0.743942141532898,0.14746732867012424,0.1309662085647384,0.6431323284159104,0.415302574634552,0.6591517925262451,0.415302574634552,0.6591517925262451,0.20271658897399902,0.6591517925262451,0.415302574634552,0.11557263135910034,0.415302574634552,0.11557263135910034,0.47363758087158203,0.17135462164878845
682,-0.04786607623100281,0.2776809632778168,0.02952424454192326,0.14727728993942335,0.337551582393547,0.1371496617794037,0.19289055466651917,0.1371496617794037,0.19289055466651917,0.2418231964111328,0.19289055466651917,0.1371496617794037,0.06027373671531677,0.1371496617794037,0.06027373671531677,0.1947242170572281,0.055304184556007385
683,0.9620389938354492,0.14569157361984253,0.01939659290015694,0.03233042359352109,0.33624905392527576,0.13516473770141602,0.06090114265680313,0.13516473770141602,0.06090114265680313,0.1079324334859848,0.06090114265680313,0.13516473770141602,0.01198461651802063,0.13516473770141602,0.01198461651802063,0.10410343110561371,0.041102536022663116
684,0.36615562438964844,0.25594332814216614,0.30107208515206973,0.013258062365154366,0.11923684513817231,0.26046067476272583,0.26046067476272583,0.26046067476272583,0.26046067476272583,0.15198978781700134,0.17115291953086853,0.26046067476272583,0.013259202241897583,0.26046067476272583,0.013259202241897583,0.22209686040878296,0.051031023263931274
685,1.3157639503479004,0.4365936517715454,0.13639139993737148,0.30462105090419445,0.1732048654432098,0.2717258930206299,0.3669224977493286,0.2717258930206299,0.3669224977493286,0.028339117765426636,0.3518032431602478,0.2717258930206299,0.10150665044784546,0.2717258930206299,0.10150665044784546,0.264198899269104,0.0944669246673584
686,1.958223819732666,0.8171296119689941,0.4109791441758474,0.10503989595298968,0.4787342363533874,0.1630457043647766,0.7323392033576965,0.1630457043647766,0.7323392033576965,0.5319631099700928,0.7323392033576965,0.2661867141723633,0.09718215465545654,0.2661867141723633,0.09718215465545654,0.45070016384124756,0.27770039439201355
687,1.0838401317596436,1.1779463291168213,0.6448947566996017,0.4111952141920727,0.2994801419476667,0.6176953315734863,0.6176953315734863,0.6176953315734863,0.6176953315734863,0.815586507320404,0.9825202226638794,0.6176953315734863,0.10833001136779785,0.6176953315734863,0.10833001136779785,0.8001077771186829,0.3215709328651428
688,-1.1354306936264038,1.3778855800628662,0.37523127870013306,0.6170551449929675,0.5632228208829958,0.638236403465271,0.9305319786071777,0.638236403465271,0.9305319786071777,0.811001181602478,1.2930951118469238,0.638236403465271,0.36643683910369873,0.638236403465271,0.36643683910369873,0.8180568814277649,0.536766529083252
689,1.707177758216858,0.568005383014679,0.2672382383234799,0.29566299566999066,0.7172043497860432,0.48161765933036804,0.4832150340080261,0.48161765933036804,0.4832150340080261,0.5372670888900757,0.4832150340080261,0.48161765933036804,0.2966405153274536,0.48161765933036804,0.2966405153274536,0.6212982535362244,0.16025876998901367
690,-1.31362783908844,0.6155786514282227,0.5288895656789341,0.290404838596781,0.5547175888592998,0.13734346628189087,0.530788242816925,0.13734346628189087,0.530788242816925,0.6231967210769653,0.530788242816925,0.3455559015274048,0.25383561849594116,0.3455559015274048,0.25383561849594116,0.5931004285812378,0.23967339098453522
691,0.37597236037254333,-0.15810120105743408,0.32262465320527556,0.5547556937113405,0.2126085770502687,0.48787933588027954,0.1649581789970398,0.48787933588027954,0.1649581789970398,0.7300434708595276,0.1649581789970398,0.48787933588027954,0.3711422383785248,0.48787933588027954,0.3711422383785248,0.32641875743865967,0.557113766670227
692,-0.399921178817749,0.37322866916656494,0.12818384642402336,0.31359520067771285,0.7362636879334847,0.5499998927116394,0.28843826055526733,0.5499998927116394,0.28843826055526733,0.7992058992385864,0.28843826055526733,0.5499998927116394,0.09362629055976868,0.5499998927116394,0.09362629055976868,0.3703479766845703,0.12915943562984467
693,0.989984393119812,-0.3805141746997833,0.07494130140791344,0.16051070922364796,0.28845988819996515,0.9005957245826721,0.46530455350875854,0.9005957245826721,0.46530455350875854,0.8187368512153625,0.46530455350875854,0.46376487612724304,0.1020464301109314,0.46376487612724304,0.1020464301109314,0.41464000940322876,0.059247493743896484
694,1.5184807777404785,0.3641890585422516,0.3079238246877988,0.08866221832732357,0.3225511166950067,0.06969770789146423,0.279398649930954,0.06969770789146423,0.279398649930954,0.19420072436332703,0.279398649930954,0.11758077144622803,0.10094144940376282,0.11758077144622803,0.10094144940376282,0.25120508670806885,0.13342638313770294
695,0.8828653693199158,0.686782717704773,0.48859625531981377,0.3185441440592208,0.057265982838968665,0.45114874839782715,0.45114874839782715,0.45114874839782715,0.45114874839782715,0.5856629610061646,0.7335218191146851,0.45114874839782715,0.12310755252838135,0.45114874839782715,0.12310755252838135,0.5923352837562561,0.1502743661403656
696,3.1229560375213623,1.0628228187561035,0.2991447916502754,0.4643757698560752,0.4769259217629832,0.12060439586639404,0.9780324101448059,0.12060439586639404,0.9780324101448059,0.5851008892059326,0.9780324101448059,0.27029871940612793,0.2762501835823059,0.27029871940612793,0.2762501835823059,0.5055111646652222,0.4864741265773773
697,-0.1567860245704651,1.675564169883728,0.9917608329281211,0.24263706875964974,0.618790051918477,0.9613363742828369,0.9613363742828369,0.9613363742828369,0.9613363742828369,0.9425712823867798,1.5907738208770752,0.9613363742828369,0.2884809970855713,0.9613363742828369,0.2884809970855713,1.1554627418518066,0.4939004182815552
698,4.222268581390381,1.2469170093536377,0.005292776462932247,0.9914529407272737,0.43838062881181605,0.9475115537643433,0.9086569547653198,0.9475115537643433,0.9086569547653198,0.6360383033752441,1.1621266603469849,0.9475115537643433,0.05451309680938721,0.9475115537643433,0.05451309680938721,1.0745937824249268,0.11387312412261963
699,1.5304759740829468,1.9400007724761963,1.2293645965307944,0.08542721755802551,0.9736870580166579,1.169126272201538,1.169126272201538,1.169126272201538,1.169126272201538,1.581444501876831,1.855210304260254,1.169126272201538,0.04113972187042236,1.169126272201538,0.04113972187042236,1.5327693223953247,0.3825252652168274
700,4.05234956741333,1.963460922241211,0.5884292859459919,1.4279026315237084,0.12475266928474094,1.4998027086257935,1.928804636001587,1.4998027086257935,1.928804636001587,1.1511722803115845,1.928804636001587,1.4998027086257935,0.04075312614440918,1.4998027086257935,0.04075312614440918,1.714303731918335,0.30564165115356445
701,2.7460436820983887,2.68942928314209,1.2800217946867147,0.449252995240192,1.1377783961469925,1.2900707721710205,1.3398418426513672,1.2900707721710205,1.3398418426513672,2.11336612701416,2.6046390533447266,1.3398418426513672,0.5782716274261475,1.3398418426513672,0.5782716274261475,1.751505732536316,1.041550636291504
702,2.62798810005188,2.8016650676727295,1.0230135905804731,1.365701836893956,0.5905733047115307,1.5117137432098389,2.3036699295043945,1.5117137432098389,2.3036699295043945,1.945439100265503,2.3036699295043945,1.5117137432098389,0.40082740783691406,1.5117137432098389,0.40082740783691406,1.9076918363571167,0.9264699220657349
703,2.456772804260254,2.723383665084839,0.9393988452479245,0.8931567464396353,1.0684517379105094,0.8319404125213623,2.6385931968688965,0.8319404125213623,2.6385931968688965,1.260058879852295,2.6385931968688965,0.8319404125213623,1.0164520740509033,0.8319404125213623,1.0164520740509033,1.304417371749878,1.4081650972366333
704,1.912621021270752,2.4525747299194336,0.8817674873769279,0.8684095584601166,0.8800213485956194,0.8535968065261841,0.9531760215759277,0.8535968065261841,0.9531760215759277,1.4493653774261475,2.367784261703491,0.9531760215759277,0.9879659414291382,0.9531760215759277,0.9879659414291382,1.250112533569336,1.3240432739257812
705,1.6023693084716797,2.14848256111145,0.6787530796850723,0.7939143520469467,0.8534387938926615,0.622128963470459,2.063692092895508,0.622128963470459,2.063692092895508,1.4716095924377441,2.063692092895508,0.622128963470459,0.7202694416046143,0.622128963470459,0.7202694416046143,1.0706796646118164,1.074432373046875
706,2.774602174758911,1.7847338914871216,0.5471708226079743,0.5900730355704824,0.8251136978218951,0.5963252782821655,1.6999434232711792,0.5963252782821655,1.6999434232711792,1.093118667602539,1.6999434232711792,0.5963252782821655,0.5618516206741333,0.5963252782821655,0.5618516206741333,0.9231478571891785,0.8286198973655701
707,1.3414405584335327,1.9738701581954956,0.9325754868114988,0.4981398046078782,0.720778531289349,0.9551584720611572,0.9551584720611572,0.9551584720611572,0.9551584720611572,1.1912360191345215,1.8890796899795532,0.9551584720611572,0.5845378637313843,0.9551584720611572,0.5845378637313843,1.18953275680542,0.837642252445221
708,3.1972529888153076,1.8510887622833252,0.4873044010003409,0.9134246259306866,0.6279831614469489,0.9677732586860657,1.3366565704345703,0.9677732586860657,1.3366565704345703,1.070251703262329,1.7662980556488037,0.9677732586860657,0.5036442279815674,0.9677732586860657,0.5036442279815674,1.1813832521438599,0.6991989016532898
709,1.8914103507995605,2.1678054332733154,1.047840302226444,0.3908438271408281,0.9067449684192737,1.0764484405517578,1.0764484405517578,1.0764484405517578,1.0764484405517578,1.5841138362884521,2.083014965057373,1.0764484405517578,0.481414794921875,1.0764484405517578,0.481414794921875,1.3894848823547363,0.8270498514175415
710,1.0255829095840454,2.1695303916931152,0.7005521590014299,1.0861718664069975,0.5604300307979182,1.1794651746749878,1.7159990072250366,1.1794651746749878,1.7159990072250366,1.3580095767974854,1.7159990072250366,1.1794651746749878,0.3539799451828003,1.1794651746749878,0.3539799451828003,1.4477320909500122,0.7127992510795593
711,2.6170570850372314,1.675156831741333,0.34309560786932725,0.5590555317327377,0.9506292374432088,0.6955565214157104,1.590366244316101,0.6955565214157104,1.590366244316101,0.9127488136291504,1.590366244316101,0.6955565214157104,0.34118056297302246,0.6955565214157104,0.34118056297302246,1.0038163661956787,0.60248863697052
712,2.923011302947998,1.677369236946106,0.8520865408765773,0.28939440252880244,0.7135120772632461,0.84332275390625,0.84332275390625,0.84332275390625,0.84332275390625,1.1107828617095947,1.5925788879394531,0.84332275390625,0.3381277322769165,0.84332275390625,0.3381277322769165,1.0763304233551025,0.5883636474609375
713,3.0360589027404785,2.2329585552215576,1.0231023928026357,0.9010836664835614,0.4863961604485909,1.0629372596740723,1.0629372596740723,1.0629372596740723,1.0629372596740723,1.7850693464279175,1.8577008247375488,1.0629372596740723,0.3093996047973633,1.0629372596740723,0.3093996047973633,1.4603190422058105,0.8093361854553223
714,2.927953004837036,2.7601864337921143,1.0893974314505854,0.9885106804470218,0.8599019864077371,1.1930018663406372,1.1930018663406372,1.1930018663406372,1.1930018663406372,2.019209861755371,2.042205572128296,1.1930018663406372,0.6760210990905762,1.1930018663406372,0.6760210990905762,1.6176037788391113,1.2412484884262085
715,2.9703528881073,2.8107125759124756,1.0603214842453599,1.0193084236979482,0.908706094063819,1.130070686340332,1.1681311130523682,1.130070686340332,1.1681311130523682,2.015303373336792,2.041553497314453,1.1681311130523682,0.7104165554046631,1.1681311130523682,0.7104165554046631,1.6048423051834106,1.2980570793151855
716,2.11445689201355,2.8038294315338135,1.0690706385796274,0.9805548684423164,0.9318275890251,1.152834177017212,1.1756541728973389,1.152834177017212,1.1756541728973389,1.9792287349700928,2.016869068145752,1.1756541728973389,0.7355880737304688,1.1756541728973389,0.7355880737304688,1.5962616205215454,1.3015313148498535
717,3.4644806385040283,2.4615747928619385,0.7707788241406281,0.9744769603510699,0.8939426728834708,1.075455665588379,1.6916255950927734,1.075455665588379,1.6916255950927734,1.758143663406372,2.376784324645996,1.075455665588379,0.8364007472991943,1.075455665588379,0.8364007472991943,1.4232547283172607,1.1375010013580322
718,2.0130131244659424,2.6249732971191406,1.171358433489998,0.6849480978523692,0.9462904302900037,1.2526206970214844,1.2526206970214844,1.2526206970214844,1.2526206970214844,1.7624489068984985,2.5401828289031982,1.2526206970214844,0.834052324295044,1.2526206970214844,0.834052324295044,1.5761921405792236,1.1995595693588257
719,3.4751570224761963,2.459728479385376,0.7534824443484345,1.154631549331049,0.7292381502191227,1.256414771080017,1.8359177112579346,1.256414771080017,1.8359177112579346,1.4327073097229004,1.8359177112579346,1.256414771080017,0.5013923645019531,1.256414771080017,0.5013923645019531,1.546166181564331,0.8894581198692322
720,1.2101250886917114,2.659177541732788,1.168457861368855,0.6402619540815553,1.028081629214187,1.2485768795013428,1.2485768795013428,1.2485768795013428,1.2485768795013428,1.966282844543457,2.574387311935425,1.2485768795013428,0.7844111919403076,1.2485768795013428,0.7844111919403076,1.608974814414978,1.1905988454818726
721,1.7680543661117554,2.1031930446624756,0.45429046468188394,1.1257432355110844,0.7007827705641585,1.1704096794128418,1.4999687671661377,1.1704096794128418,1.4999687671661377,1.2916107177734375,2.018402338027954,1.1704096794128418,0.4761998653411865,1.1704096794128418,0.4761998653411865,1.4282652139663696,0.6969599723815918
722,2.2225403785705566,1.727174997329712,0.5703275066489972,0.3308028608808917,1.0036682943130533,0.7588149309158325,1.6423845291137695,0.7588149309158325,1.6423845291137695,0.7785688638687134,1.6423845291137695,0.7588149309158325,0.37302255630493164,0.7588149309158325,0.37302255630493164,1.0309250354766846,0.6246728897094727
723,1.2150893211364746,1.6871532201766968,0.7574765822788081,0.5663878728946048,0.5409124295165142,0.7648053169250488,0.7648053169250488,0.7648053169250488,0.7648053169250488,1.1575074195861816,1.2655613422393799,0.7648053169250488,0.3489696979522705,0.7648053169250488,0.3489696979522705,1.0151833295822144,0.6565344333648682
724,1.552977204322815,1.6281819343566895,0.4260539940868817,0.7071060139064985,0.6726458292951187,0.7458775639533997,1.0768764019012451,0.7458775639533997,1.0768764019012451,1.0751103162765503,1.5433917045593262,0.7458775639533997,0.43003034591674805,0.7458775639533997,0.43003034591674805,0.9777604341506958,0.6475386619567871
725,2.9260470867156982,1.4541525840759277,0.5058438077569007,0.3460158772021533,0.779916563630104,0.5537964105606079,1.3693621158599854,0.5537964105606079,1.3693621158599854,0.8336970806121826,1.3693621158599854,0.5537964105606079,0.37404513359069824,0.5537964105606079,0.37404513359069824,0.7911362051963806,0.5915207862854004
726,3.729276180267334,1.81838059425354,0.9684642583504319,0.48668924767524,0.5408507527410984,0.9667631387710571,0.9667631387710571,0.9667631387710571,0.9667631387710571,0.8570981025695801,1.7335901260375977,0.9667631387710571,0.5595176219940186,0.9667631387710571,0.5595176219940186,1.1257472038269043,0.7266979217529297
727,2.922490358352661,2.716869592666626,1.2613034684459365,1.0097875320600966,0.6234024950924022,1.331305742263794,1.331305742263794,1.331305742263794,1.331305742263794,2.0172786712646484,2.2137019634246826,1.331305742263794,0.47143054008483887,1.331305742263794,0.47143054008483887,1.7725038528442383,1.034584641456604
728,1.4438966512680054,3.0275704860687256,1.0839039463053148,1.2372040769333643,0.8840861273432767,1.3905079364776611,2.2579259872436523,1.3905079364776611,2.2579259872436523,2.0475621223449707,2.2579259872436523,1.3905079364776611,0.6751909255981445,1.3905079364776611,0.6751909255981445,1.8242169618606567,1.2209653854370117
729,1.8046473264694214,2.2554404735565186,0.5138959649950263,0.9183193764090535,1.000848796665669,0.7159239053726196,2.170650005340576,0.7159239053726196,2.170650005340576,1.530165433883667,2.170650005340576,0.7159239053726196,0.5425024032592773,0.7159239053726196,0.5425024032592773,1.2422654628753662,0.9568167924880981
730,0.8136895895004272,1.7516753673553467,0.5960294408723712,0.4177035266533493,0.9155660643428564,0.6826770305633545,1.6668848991394043,0.6826770305633545,1.6668848991394043,0.9099524617195129,1.6668848991394043,0.6826770305633545,0.4667888879776001,0.6826770305633545,0.4667888879776001,0.9681345820426941,0.7246943712234497
731,0.8728207945823669,1.2532974481582642,0.2821416728198527,0.5543277341499925,0.5944518249109388,0.27459514141082764,1.1685070991516113,0.27459514141082764,1.1685070991516113,0.8427028656005859,1.1685070991516113,0.37808072566986084,0.2654995322227478,0.37808072566986084,0.2654995322227478,0.6644412875175476,0.5204718112945557
732,0.2636851370334625,1.0081688165664673,0.2783061137298741,0.22222177221129324,0.6852645951385302,0.4557526707649231,0.9233784079551697,0.4557526707649231,0.9233784079551697,0.4380946755409241,0.9233784079551697,0.4557526707649231,0.2179570198059082,0.4557526707649231,0.2179570198059082,0.5789670944213867,0.33343327045440674
733,0.7297803163528442,0.617051362991333,0.10540154351542386,0.2596695274362961,0.42960395655284334,0.20473337173461914,0.5322609543800354,0.20473337173461914,0.5322609543800354,0.4457876682281494,0.5322609543800354,0.22200852632522583,0.07236713171005249,0.22200852632522583,0.07236713171005249,0.3430967926979065,0.18473049998283386
734,-0.7093560099601746,0.5941976308822632,0.2330091739445923,0.08388047475367788,0.4549316466972233,0.2436281442642212,0.5094072222709656,0.2436281442642212,0.5094072222709656,0.4026905596256256,0.5094072222709656,0.2436281442642212,0.06643569469451904,0.2436281442642212,0.06643569469451904,0.34167003631591797,0.1625078320503235
735,-0.1372677981853485,0.1760304570198059,0.15161528448263795,0.23532591236134365,0.26994349365433057,0.05597969889640808,0.0912400409579277,0.05597969889640808,0.0912400409579277,0.12513044476509094,0.0912400409579277,0.07627058774232864,0.18195107579231262,0.07627058774232864,0.18195107579231262,0.17130997776985168,0.09633175283670425
736,0.1330687254667282,0.09670650959014893,0.0040344888220230635,0.15651163554439954,0.4348762984698018,0.23575562238693237,0.011916093528270721,0.23575562238693237,0.011916093528270721,0.3607611060142517,0.011916093528270721,0.23575562238693237,0.0340365469455719,0.23575562238693237,0.0340365469455719,0.1411653459072113,0.1173786073923111
737,0.3245457708835602,-0.16323170065879822,0.06595149366805948,0.0017280133316913832,0.05328760274996355,0.03430277109146118,0.03430277109146118,0.03430277109146118,0.03430277109146118,0.45873087644577026,0.2480221688747406,0.03430277109146118,0.04030568152666092,0.03430277109146118,0.04030568152666092,0.12312698364257812,0.1612088829278946
738,0.0571952760219574,0.16129155457019806,0.1196031327048937,0.06938968407611051,0.14992244700590773,0.17873281240463257,0.07650118321180344,0.17873281240463257,0.07650118321180344,0.09476032853126526,0.07650118321180344,0.04300212860107422,0.03603050112724304,0.04300212860107422,0.03603050112724304,0.04222435504198074,0.07816371321678162
739,1.024011254310608,0.22536614537239075,0.0478745740652084,0.12031449669972061,0.23480070931836966,0.017142176628112793,0.14057570695877075,0.017142176628112793,0.14057570695877075,0.06710851192474365,0.14057570695877075,0.039843976497650146,0.014756977558135986,0.039843976497650146,0.014756977558135986,0.08291495591402054,0.057062938809394836
740,-0.6054531931877136,0.475058376789093,0.31978293941666686,0.033704246257742376,0.2991949152325589,0.27736788988113403,0.27736788988113403,0.27736788988113403,0.27736788988113403,0.17209672927856445,0.3902680277824402,0.27736788988113403,0.01497352123260498,0.27736788988113403,0.01497352123260498,0.3262942135334015,0.06370338797569275
741,2.133707284927368,0.2235049307346344,0.12642902633175257,0.32293252661824234,0.20462509496137493,0.27063101530075073,0.12085670977830887,0.27063101530075073,0.12085670977830887,0.009838700294494629,0.1387145221233368,0.27063101530075073,0.16068238019943237,0.27063101530075073,0.16068238019943237,0.2796432375907898,0.15236973762512207
742,-0.47917288541793823,0.8402623534202576,0.6611752037083107,0.16162159937123421,0.5183324135964114,0.600899338722229,0.600899338722229,0.600899338722229,0.600899338722229,0.5772935748100281,0.75547194480896,0.600899338722229,0.14335519075393677,0.600899338722229,0.14335519075393677,0.7584880590438843,0.14364206790924072
743,1.0828391313552856,0.4009486734867096,0.09721193601687739,0.691047399031619,0.015263095212479372,0.6404144763946533,0.5202157497406006,0.6404144763946533,0.5202157497406006,0.24290376901626587,0.5202157497406006,0.6404144763946533,0.18443554639816284,0.6404144763946533,0.18443554639816284,0.580315113067627,0.25771933794021606
744,1.1304364204406738,0.8181906938552856,0.32413216569771386,0.12460007170836129,0.7962822643791634,0.565545916557312,0.733400285243988,0.565545916557312,0.733400285243988,0.5748404860496521,0.733400285243988,0.565545916557312,0.1010596752166748,0.565545916557312,0.1010596752166748,0.712762713432312,0.14579671621322632
745,1.3502342700958252,0.5706610679626465,0.3669450867610673,0.35127993958691756,0.03005964652324722,0.33214613795280457,0.33214613795280457,0.33214613795280457,0.33214613795280457,0.6315354108810425,0.6449493169784546,0.33214613795280457,0.14791059494018555,0.33214613795280457,0.14791059494018555,0.48854774236679077,0.16247239708900452
746,0.35537028312683105,1.1015135049819946,0.4393527733907102,0.33535296343266974,0.504431432671845,0.21888309717178345,1.0167230367660522,0.21888309717178345,1.0167230367660522,0.6257730722427368,1.0167230367660522,0.29677438735961914,0.34043341875076294,0.29677438735961914,0.34043341875076294,0.49931061267852783,0.526066243648529
747,-0.2161848545074463,0.8709487915039062,0.13491125145306193,0.4007204453026254,0.5129406400521597,0.23693358898162842,0.7861582636833191,0.23693358898162842,0.7861582636833191,0.6267578601837158,0.7861582636833191,0.2998834252357483,0.10488772392272949,0.2998834252357483,0.10488772392272949,0.4968874454498291,0.2870224714279175
748,0.2364189475774765,0.4837678074836731,0.026807485880951054,0.1085405782734355,0.579658379604419,0.3599044680595398,0.3989773988723755,0.3599044680595398,0.3989773988723755,0.18305623531341553,0.3989773988723755,0.3599044680595398,0.054330289363861084,0.3599044680595398,0.054330289363861084,0.406629741191864,0.041229248046875
749,0.5477240681648254,0.1986924409866333,0.09479183892409002,0.02985472013552981,0.3113789867113034,0.10998650640249252,0.1139020249247551,0.10998650640249252,0.1139020249247551,0.14037680625915527,0.1139020249247551,0.10998650640249252,0.054186731576919556,0.10998650640249252,0.054186731576919556,0.14035986363887787,0.03029613196849823
750,0.5136146545410156,0.22490042448043823,0.18223543190707764,0.096885073458155,0.12340355382611351,0.1454944610595703,0.1454944610595703,0.1454944610595703,0.1454944610595703,0.13895103335380554,0.14010998606681824,0.1454944610595703,0.0653235912322998,0.1454944610595703,0.0653235912322998,0.11158327758312225,0.03459466993808746
751,-0.26107150316238403,0.4386322498321533,0.1746105995463828,0.17635052182401217,0.26529479297498865,0.0211637020111084,0.3538418412208557,0.0211637020111084,0.3538418412208557,0.12512260675430298,0.3538418412208557,0.06887587904930115,0.1384243667125702,0.06887587904930115,0.1384243667125702,0.14400428533554077,0.2099289745092392
752,-0.5545488595962524,0.310342937707901,0.0360790096471707,0.1668243077521523,0.3572213041161497,0.1555512547492981,0.2255525290966034,0.1555512547492981,0.2255525290966034,0.2821684777736664,0.2255525290966034,0.1555512547492981,0.06684303283691406,0.1555512547492981,0.06684303283691406,0.22331808507442474,0.06495833396911621
753,-0.6673440337181091,0.03873211890459061,0.1096816390380263,0.033059151135385045,0.3590965139865875,0.15983031690120697,0.04605835676193237,0.15983031690120697,0.04605835676193237,0.26706260442733765,0.04605835676193237,0.15983031690120697,0.06290066242218018,0.15983031690120697,0.06290066242218018,0.09121692180633545,0.1309203803539276
754,-0.45093807578086853,-0.31930971145629883,0.13968356351057687,0.10853785521040366,0.106535371777912,0.27250319719314575,0.16615498065948486,0.27250319719314575,0.16615498065948486,0.5071468949317932,0.3196163475513458,0.16615498065948486,0.09196755290031433,0.16615498065948486,0.09196755290031433,0.24288566410541534,0.16556161642074585
755,-1.7344634532928467,-0.40999168157577515,0.08612807271381226,0.1450696887945135,0.0011702555542190685,0.2567186653614044,0.3090178072452545,0.2567186653614044,0.3090178072452545,0.3705957531929016,0.3090178072452545,0.19583231210708618,0.2044324278831482,0.19583231210708618,0.2044324278831482,0.25242507457733154,0.2608794569969177
756,0.33259937167167664,-0.7001442909240723,0.40664169128984207,0.06823032114654765,0.04764861397445225,0.7821926474571228,0.4253830909729004,0.7821926474571228,0.4253830909729004,0.9151077270507812,0.5583372712135315,0.4253830909729004,0.24293732643127441,0.4253830909729004,0.24293732643127441,0.49186018109321594,0.3023824989795685
757,-1.0687862634658813,-0.5079236030578613,0.12240113275746506,0.48359843415518605,0.030897422457734747,1.1859431266784668,0.4435092806816101,1.1859431266784668,0.4435092806816101,1.0809022188186646,0.4435092806816101,0.5302411317825317,0.1894455850124359,0.5302411317825317,0.1894455850124359,0.4868752062320709,0.14323125779628754
758,-0.8477973937988281,-0.7352616786956787,0.24459690960745017,0.15604972680409746,0.46909083137909563,1.1694316864013672,0.8200520873069763,1.1694316864013672,0.8200520873069763,1.8224929571151733,0.8200520873069763,0.643272876739502,0.10576105117797852,0.643272876739502,0.10576105117797852,0.7757192254066467,0.13014006614685059
759,-0.8004960417747498,-0.29956939816474915,0.18505677005276094,0.25000876929610977,0.31311980569735187,0.12005862593650818,0.38435980677604675,0.12005862593650818,0.38435980677604675,0.5507014989852905,0.38435980677604675,0.12005862593650818,0.21198686957359314,0.12005862593650818,0.21198686957359314,0.1479490101337433,0.3485962152481079
760,-0.9670231938362122,-0.7684332132339478,0.17626444991678003,0.20260946743190283,0.2119355717673898,0.5200086832046509,0.8532235622406006,0.5200086832046509,0.8532235622406006,0.750881552696228,0.8532235622406006,0.42601215839385986,0.1999680995941162,0.42601215839385986,0.1999680995941162,0.5410593748092651,0.3361528813838959
761,-0.9759597182273865,-0.6984149217605591,0.2172783298790455,0.18305308628827338,0.12045996028929945,0.28459566831588745,0.2412099838256836,0.28459566831588745,0.2412099838256836,0.5321069359779358,0.4889928102493286,0.2412099838256836,0.3290310800075531,0.2412099838256836,0.3290310800075531,0.3651013970375061,0.437503457069397
762,-1.8945207595825195,-0.7366839647293091,0.22020886498192938,0.23443600567678613,0.10441542955736327,0.3516480326652527,0.5452602505683899,0.3516480326652527,0.5452602505683899,0.6400307416915894,0.5452602505683899,0.3036279082298279,0.3161223232746124,0.3036279082298279,0.3161223232746124,0.4244440793991089,0.43825292587280273
763,-1.825022578239441,-1.035656213760376,0.4501107628643513,0.23152440264821056,0.1763973837345838,0.7235709428787231,0.4688441753387451,0.7235709428787231,0.4688441753387451,1.0349647998809814,0.7799999713897705,0.4688441753387451,0.38565438985824585,0.4688441753387451,0.38565438985824585,0.6244220733642578,0.5217959880828857
764,-1.7504209280014038,-1.371626853942871,0.443743867340187,0.5491375777746244,0.20112174431482943,0.91612708568573,1.112455129623413,0.91612708568573,1.112455129623413,1.6319043636322021,1.112455129623413,0.6648447513580322,0.4237097501754761,0.6648447513580322,0.4237097501754761,0.8886499404907227,0.6656758785247803
765,-3.583282232284546,-1.7510979175567627,0.4171540531640252,0.546869630900522,0.609450330560406,0.9069545865058899,1.835888147354126,0.9069545865058899,1.835888147354126,1.47308349609375,1.835888147354126,0.8484599590301514,0.4298887252807617,0.8484599590301514,0.4298887252807617,1.1286628246307373,0.7638275623321533
766,-3.93131685256958,-2.1036932468414307,0.8627769596129653,0.49993299035355454,0.5633596323616805,1.3655433654785156,0.8451273441314697,1.3655433654785156,0.8451273441314697,2.2759029865264893,2.188483715057373,0.8451273441314697,0.6387534141540527,0.8451273441314697,0.6387534141540527,1.266343116760254,0.9677509665489197
767,-3.2886788845062256,-2.848006010055542,0.9672707507386802,1.1679362260550261,0.5351753687486052,1.732410192489624,2.2600808143615723,1.732410192489624,2.2600808143615723,3.597494125366211,2.2600808143615723,1.3384629487991333,0.6791138648986816,1.3384629487991333,0.6791138648986816,1.799271821975708,1.2232760190963745
768,-3.4452855587005615,-3.417327642440796,0.7699667778114478,1.233455308849613,1.236281891266505,1.3722047805786133,3.5021181106567383,1.3722047805786133,3.5021181106567383,2.913628101348877,3.5021181106567383,1.2614259719848633,0.697533130645752,1.2614259719848633,0.697533130645752,1.9736425876617432,1.3523521423339844
769,-4.280246734619141,-3.3637588024139404,0.7930527806654575,1.01697198394686,1.3761103732883928,1.6797337532043457,3.448549270629883,1.6797337532043457,3.448549270629883,2.7847812175750732,3.448549270629883,1.4280691146850586,0.7107634544372559,1.4280691146850586,0.7107634544372559,2.0100884437561035,1.2641171216964722
770,-3.145948886871338,-3.375972032546997,0.9831632857148849,1.0815070518602927,1.1336780304585892,1.1884880065917969,3.4607625007629395,1.1884880065917969,3.4607625007629395,2.4277846813201904,3.4607625007629395,1.1884880065917969,0.88606858253479,1.1884880065917969,0.88606858253479,1.7913719415664673,1.4872668981552124
771,-5.805802822113037,-3.4392871856689453,0.7423905057087543,1.3438480790331955,1.1754249364137652,1.718656301498413,2.0857796669006348,1.718656301498413,2.0857796669006348,3.077662944793701,3.5240776538848877,1.405637502670288,0.6762902736663818,1.405637502670288,0.6762902736663818,2.0750699043273926,1.3911070823669434
772,-2.76930570602417,-3.6972997188568115,1.1938286910826958,0.9221122830982016,1.4037350801626838,1.7381248474121094,3.782090187072754,1.7381248474121094,3.782090187072754,4.175082683563232,3.782090187072754,1.3678393363952637,0.9867849349975586,1.3678393363952637,0.9867849349975586,2.074326515197754,1.5057471990585327
773,-3.638108015060425,-3.5820984840393066,0.6617579384644827,1.7399633365248643,1.0027533061181502,2.472414255142212,2.3562164306640625,2.472414255142212,2.3562164306640625,3.824721336364746,3.66688871383667,1.7422289848327637,0.6049344539642334,1.7422289848327637,0.6049344539642334,2.363112449645996,1.192183494567871
774,-4.160271167755127,-3.6016719341278076,0.7926442832996441,0.7827107679968077,1.8486932183181253,3.045590877532959,3.68646240234375,3.045590877532959,3.68646240234375,4.180656433105469,3.68646240234375,1.836683750152588,0.7978670597076416,1.836683750152588,0.7978670597076416,2.3314387798309326,1.1460775136947632
775,-2.9516992568969727,-3.2608144283294678,0.9788044696301221,1.164342975206673,0.9400433189794426,1.5290791988372803,2.2032182216644287,1.5290791988372803,2.2032182216644287,2.901120901107788,2.2032182216644287,1.2980072498321533,1.0207271575927734,1.2980072498321533,1.0207271575927734,1.750612735748291,1.5902862548828125
776,-2.448918104171753,-3.4220457077026367,0.6934570776298643,1.3008368038758633,1.2501279232650995,1.6876535415649414,1.9897924661636353,1.6876535415649414,1.9897924661636353,3.236900806427002,3.5068359375,1.3549766540527344,0.6292095184326172,1.3549766540527344,0.6292095184326172,2.066077709197998,1.3800803422927856
777,-3.052344799041748,-3.138352632522583,0.562882706522942,0.9077975429967045,1.4900487184897062,2.316429615020752,3.2231431007385254,2.316429615020752,3.2231431007385254,3.2005677223205566,3.2231431007385254,1.6003061532974243,0.515272855758667,1.6003061532974243,0.515272855758667,2.1110854148864746,1.0116465091705322
778,-2.639439582824707,-2.7294039726257324,0.7231247014179829,0.7651536339521408,1.0635017343237994,1.4450693130493164,2.8141942024230957,1.4450693130493164,2.8141942024230957,2.212599277496338,2.8141942024230957,1.2419517040252686,0.6908068656921387,1.2419517040252686,0.6908068656921387,1.6503161191940308,1.1401033401489258
779,-1.7089475393295288,-2.6683452129364014,0.642395164159437,0.9916210473825537,0.8567053368811803,1.3301728963851929,1.758347511291504,1.3301728963851929,1.758347511291504,2.2449615001678467,2.7531356811523438,1.148320198059082,0.6359741687774658,1.148320198059082,0.6359741687774658,1.6258716583251953,1.211511492729187
780,-2.4669041633605957,-2.540729284286499,0.40000430891911165,0.8399812940011424,1.1231197784344356,1.8917782306671143,2.6255195140838623,1.8917782306671143,2.6255195140838623,2.793712615966797,2.6255195140838623,1.332900047302246,0.3952672481536865,1.332900047302246,0.3952672481536865,1.7707836627960205,0.8756135702133179
781,-1.0702760219573975,-2.2012133598327637,0.5825295967981219,0.5055535978451373,0.9355062622576951,1.5141139030456543,2.286003589630127,1.5141139030456543,2.286003589630127,2.354182004928589,2.286003589630127,1.1559114456176758,0.6376398801803589,1.1559114456176758,0.6376398801803589,1.47727370262146,0.9203737378120422
782,-1.684776782989502,-1.7497680187225342,0.25199353955686066,0.7811209626123309,0.5390299712494018,1.3432681560516357,1.1804832220077515,1.3432681560516357,1.1804832220077515,2.1153147220611572,1.8345586061477661,0.9196234941482544,0.2756448984146118,0.9196234941482544,0.2756448984146118,1.2460517883300781,0.6805065274238586
783,-2.1993041038513184,-1.6998982429504395,0.3903090339154005,0.28694555934518573,0.8450199851766229,1.548359751701355,1.7846887111663818,1.548359751701355,1.7846887111663818,2.0999953746795654,1.7846887111663818,1.0725877285003662,0.38836050033569336,1.0725877285003662,0.38836050033569336,1.283226490020752,0.5849571228027344
784,-0.6903140544891357,-1.424243688583374,0.5352345323562621,0.47391146883368473,0.23747402288019703,0.8810563087463379,0.5586607456207275,0.8810563087463379,0.5586607456207275,1.6344521045684814,1.127549648284912,0.5586607456207275,0.45681822299957275,0.5586607456207275,0.45681822299957275,0.8431051969528198,0.7137436866760254
785,-1.394990086555481,-1.5378812551498413,0.1532402161012092,0.6836591647627452,0.523358328981946,1.2798337936401367,0.9794177412986755,1.2798337936401367,0.9794177412986755,2.127605438232422,1.6226718425750732,0.8093985319137573,0.17706727981567383,0.8093985319137573,0.17706727981567383,1.130783200263977,0.57306969165802
786,-0.6398038268089294,-1.3682005405426025,0.3208764369289079,0.1598684383059541,0.7098320007945103,1.3993237018585205,1.452991008758545,1.3993237018585205,1.452991008758545,1.8982667922973633,1.452991008758545,0.9264707565307617,0.24297940731048584,0.9264707565307617,0.24297940731048584,1.0978598594665527,0.408604234457016
787,-0.011726797558367252,-0.7538354396820068,0.13717446223522217,0.3731233426618079,0.06591397027174639,0.657602846622467,0.603579044342041,0.657602846622467,0.603579044342041,0.823643147945404,0.603579044342041,0.443864107131958,0.28463906049728394,0.443864107131958,0.28463906049728394,0.5237215757369995,0.367676317691803
788,-1.8650768995285034,-0.6470813751220703,0.024294153377413752,0.14987936437129973,0.34387249961495403,0.9728642702102661,0.7318717837333679,0.9728642702102661,0.7318717837333679,1.258567452430725,0.7318717837333679,0.5589396953582764,0.002975761890411377,0.5589396953582764,0.002975761890411377,0.6439156532287598,0.10925832390785217
789,-0.9096245169639587,-0.593040406703949,0.43946187910934287,0.05813872011999294,0.03409358320136874,0.989210844039917,0.45791468024253845,0.989210844039917,0.45791468024253845,0.9926660656929016,0.46130385994911194,0.45791468024253845,0.21961915493011475,0.45791468024253845,0.21961915493011475,0.4596092700958252,0.2211056649684906
790,-0.45961055159568787,-0.7024712562561035,0.20822182230651387,0.5085713805630803,0.19194561112672093,1.0692530870437622,0.7835724353790283,1.0692530870437622,0.7835724353790283,1.6207032203674316,0.7835724353790283,0.5601081848144531,0.00483095645904541,0.5601081848144531,0.00483095645904541,0.6718403100967407,0.12659385800361633
791,0.06012081354856491,-1.0736868381500244,0.09167213853448641,0.23876044888049364,0.5656305862218141,1.243735432624817,1.1584773063659668,1.243735432624817,1.1584773063659668,1.5329535007476807,1.1584773063659668,0.7974262237548828,0.11214983463287354,0.7974262237548828,0.11214983463287354,0.9207444787025452,0.2729716897010803
792,-0.08152678608894348,-0.358772337436676,0.04539896129320062,0.09133498029162493,0.13521262412269902,0.6304546594619751,0.44356271624565125,0.6304546594619751,0.44356271624565125,0.8622970581054688,0.44356271624565125,0.33753567934036255,0.015444457530975342,0.33753567934036255,0.015444457530975342,0.39821845293045044,0.07048693299293518
793,-0.842989444732666,-0.07135241478681564,0.010144210966924846,0.057852019841472306,0.03827501891801751,0.016864627599716187,0.003912374377250671,0.016864627599716187,0.003912374377250671,0.2903059720993042,0.15614283084869385,0.016864627599716187,0.020804189145565033,0.016864627599716187,0.020804189145565033,0.07618235051631927,0.09638243913650513
794,-0.34807389974594116,-0.12449166923761368,0.1823560050440331,0.02221651714916026,0.21327148317048947,0.01921369880437851,0.20928208529949188,0.01921369880437851,0.20928208529949188,0.4305137097835541,0.20928208529949188,0.01921369880437851,0.020936474204063416,0.01921369880437851,0.020936474204063416,0.10353589057922363,0.12449189275503159
795,-2.1650302410125732,-0.2586655020713806,0.05888318033268053,0.193831910652419,0.17167325342694922,0.43448448181152344,0.3176073729991913,0.43448448181152344,0.3176073729991913,0.4587724208831787,0.3434559106826782,0.23044368624687195,0.08828872442245483,0.23044368624687195,0.08828872442245483,0.24343040585517883,0.10285896062850952
796,-0.8474867939949036,-0.8420077562332153,0.5145417429879307,0.0340309277176859,0.11581142101436848,1.0508882999420166,0.5293481349945068,1.0508882999420166,0.5293481349945068,1.4992828369140625,0.9267981648445129,0.5293481349945068,0.10290145874023438,0.5293481349945068,0.10290145874023438,0.6822408437728882,0.24995967745780945
797,-2.234807014465332,-0.9399670958518982,0.19552626133585965,0.6255685523773233,0.058751441979159935,1.2123240232467651,0.9109743237495422,1.2123240232467651,0.9109743237495422,1.6124589443206787,0.9109743237495422,0.7013115286827087,0.1502535343170166,0.7013115286827087,0.1502535343170166,0.8061429262161255,0.2667146325111389
798,0.3682880699634552,-1.6042803525924683,0.5261793277040123,0.20245149679481989,0.6980258635804057,1.3472702503204346,1.6890708208084106,1.3472702503204346,1.6890708208084106,2.24692440032959,1.6890708208084106,0.9088299870491028,0.2994053363800049,0.9088299870491028,0.2994053363800049,1.1853071451187134,0.5628136992454529
799,-2.874868392944336,-0.8602626323699951,0.1321468510106204,0.6707805575057862,0.14400526136159897,1.6219568252563477,0.6509592533111572,1.6219568252563477,0.6509592533111572,2.1965136528015137,0.9450530409812927,0.7474597692489624,0.10414659976959229,0.7474597692489624,0.10414659976959229,0.8941054940223694,0.19154691696166992
800,-1.1143819093704224,-1.368664264678955,0.6900008703519902,0.1809708715106051,0.6820106013243397,1.6701874732971191,0.6848477125167847,1.6701874732971191,0.6848477125167847,3.1430115699768066,1.4534547328948975,0.6848477125167847,0.11181282997131348,0.6848477125167847,0.11181282997131348,1.118000864982605,0.4276639223098755
801,-1.9690989255905151,-0.9787379503250122,0.2725156656155985,0.8526972853640715,0.3240986651678881,1.8177199363708496,1.1747840642929077,1.8177199363708496,1.1747840642929077,1.7190861701965332,1.0635284185409546,0.9043822884559631,0.3226360082626343,0.9043822884559631,0.3226360082626343,0.8476075530052185,0.2432880997657776
802,-0.8149018287658691,-1.958538293838501,0.4551244005809225,0.3012902679170171,1.024499960827331,1.8407038450241089,2.0433287620544434,1.8407038450241089,2.0433287620544434,2.510523557662964,2.0433287620544434,1.2461093664169312,0.4049854278564453,1.2461093664169312,0.4049854278564453,1.4928770065307617,0.629023551940918
803,0.2791903614997864,-1.2070834636688232,0.1856305996701122,0.5838059252873062,0.2600232741981745,1.0296423435211182,0.8925808668136597,1.0296423435211182,0.8925808668136597,1.4810560941696167,1.2918739318847656,0.6902742385864258,0.21428310871124268,0.6902742385864258,0.21428310871124268,0.8907785415649414,0.46608635783195496
804,-0.3836144804954529,-0.9069105386734009,0.09853583076347916,0.2175732560331622,0.6102493892858427,1.475698709487915,0.9917008876800537,1.475698709487915,0.9917008876800537,1.9101958274841309,0.9917008876800537,0.8463395833969116,0.0697891116142273,0.8463395833969116,0.0697891116142273,0.9550936818122864,0.14459380507469177
805,0.289063036441803,-0.21204528212547302,0.06896765341361366,0.1268926343570153,0.09234656875332198,0.08152380585670471,0.015160709619522095,0.08152380585670471,0.015160709619522095,0.5112654566764832,0.29683566093444824,0.08152380585670471,0.09754974395036697,0.08152380585670471,0.09754974395036697,0.1412876844406128,0.23410741984844208
806,-1.852698802947998,0.1472775638103485,0.10900989406431713,0.0743459565502902,0.2902372610072295,0.08579440414905548,0.06248711794614792,0.08579440414905548,0.06248711794614792,0.16032390296459198,0.06248711794614792,0.0890381932258606,0.09705883264541626,0.0890381932258606,0.09705883264541626,0.12631049752235413,0.059848010540008545
807,-1.1257996559143066,-0.4195672869682312,0.4376472665742039,0.13710635900497425,0.05859728511422874,1.0803791284561157,0.458779513835907,1.0803791284561157,0.458779513835907,0.9962793588638306,0.3784329891204834,0.458779513835907,0.12413322925567627,0.458779513835907,0.12413322925567627,0.4186062514781952,0.08815284073352814
808,-0.26007944345474243,-0.6330829858779907,0.26275518141686915,0.4937980553135276,0.30109391536563634,1.1119072437286377,0.8059169054031372,1.1119072437286377,0.8059169054031372,1.0304818153381348,0.7178733944892883,0.5322441458702087,0.29860907793045044,0.5322441458702087,0.29860907793045044,0.4873364567756653,0.24085639417171478
809,-1.8282707929611206,-1.0998353958129883,0.0412659977003933,0.31295769471675144,0.5679881580919028,1.3237237930297852,1.1846259832382202,1.3237237930297852,1.1846259832382202,1.7563683986663818,1.1846259832382202,0.8104568719863892,0.06416833400726318,0.8104568719863892,0.06416833400726318,0.9648982286453247,0.26487457752227783
810,-1.8010993003845215,-0.8464253544807434,0.43039516231666014,0.012012850331763358,0.22639367731908966,0.8894863128662109,0.4456351399421692,0.8894863128662109,0.4456351399421692,1.5528745651245117,0.931215763092041,0.4456351399421692,0.07968151569366455,0.4456351399421692,0.07968151569366455,0.6542253494262695,0.2823663353919983
811,-1.8168151378631592,-1.0250229835510254,0.43785307319213973,0.5022752609973151,0.09272901515165977,0.9853476881980896,1.0256602764129639,0.9853476881980896,1.0256602764129639,1.974858283996582,1.0256602764129639,0.5844913721084595,0.10798823833465576,0.5844913721084595,0.10798823833465576,0.8050758242607117,0.34558406472206116
812,-3.0266261100769043,-1.7268519401550293,0.4341537786150971,0.5365927777315177,0.5784817192951841,0.8268227577209473,1.8116424083709717,0.8268227577209473,1.8116424083709717,1.3770265579223633,1.8116424083709717,0.8157538771629333,0.4473305940628052,0.8157538771629333,0.4473305940628052,1.0920263528823853,0.7755183577537537
813,-1.7898576259613037,-2.002302885055542,0.733259847573936,0.5311159122362734,0.5603034607321024,1.0639865398406982,0.730147123336792,1.0639865398406982,0.730147123336792,1.9266960620880127,2.0870933532714844,0.730147123336792,0.6715793609619141,0.730147123336792,0.6715793609619141,1.1472055912017822,1.0048842430114746
814,-0.598463773727417,-2.1949756145477295,0.44024229331562914,0.987586635264258,0.5895230214546119,1.5057299137115479,1.5770301818847656,1.5057299137115479,1.5770301818847656,2.1573293209075928,2.279766082763672,1.1467669010162354,0.4625396728515625,1.1467669010162354,0.4625396728515625,1.4949110746383667,0.8929386734962463
815,-2.491417169570923,-1.9685885906219482,0.1239993739376466,0.5482801953578988,1.1186853568131725,2.2133662700653076,2.0533790588378906,2.2133662700653076,2.0533790588378906,2.7920279502868652,2.0533790588378906,1.378983736038208,0.13628804683685303,1.378983736038208,0.13628804683685303,1.642059326171875,0.46574681997299194
816,-0.22662541270256042,-1.4029207229614258,0.5918830099080998,0.11362626337756732,0.5197877851625283,1.1283494234085083,0.5899300575256348,1.1283494234085083,0.5899300575256348,2.2164509296417236,1.4877111911773682,0.5899300575256348,0.20097708702087402,0.5899300575256348,0.20097708702087402,0.959465742111206,0.5383171439170837
817,-1.9707616567611694,-1.007167935371399,0.03224170695990325,0.7519560476765037,0.04534663543105122,1.5323582887649536,0.8904257416725159,1.5323582887649536,0.8904257416725159,1.8176859617233276,1.0919585227966309,0.8329918384552002,0.06409800052642822,0.8329918384552002,0.06409800052642822,0.9339871406555176,0.1989842653274536
818,-1.758445382118225,-1.4646800756454468,0.45945668254047645,0.00630850922316295,0.8212911001592875,1.6384735107421875,1.5494704246520996,1.6384735107421875,1.5494704246520996,2.5604100227355957,1.5494704246520996,1.0097426176071167,0.07698559761047363,1.0097426176071167,0.07698559761047363,1.2498159408569336,0.30597636103630066
819,-2.2529494762420654,-1.0541448593139648,0.4292222041015824,0.5515114973237119,0.10421250662455972,1.0848665237426758,1.0658888816833496,1.0848665237426758,1.0658888816833496,2.0806150436401367,1.0658888816833496,0.6353909373283386,0.09503817558288574,0.6353909373283386,0.09503817558288574,0.8506399393081665,0.3297119438648224
820,-1.1424150466918945,-1.8787786960601807,0.5405685507257779,0.5200738548611599,0.6405126259600126,0.9551129341125488,1.963569164276123,0.9551129341125488,1.963569164276123,1.6828570365905762,1.963569164276123,0.870307445526123,0.6545519828796387,0.870307445526123,0.6545519828796387,1.1651586294174194,0.9225271940231323
821,-2.238471746444702,-1.7077713012695312,0.2686636338134607,0.7035468039413293,0.5579370797922214,1.1770899295806885,1.1162290573120117,1.1770899295806885,1.1162290573120117,1.9701523780822754,1.792561650276184,0.8386516571044922,0.2902648448944092,0.8386516571044922,0.2902648448944092,1.1758837699890137,0.7051538228988647
822,-2.4377713203430176,-1.7581379413604736,0.5276749212667345,0.30415265630930666,0.7486866992712022,1.3611199855804443,1.842928409576416,1.3611199855804443,1.842928409576416,2.196972370147705,1.842928409576416,0.9688391089439392,0.4139132499694824,0.9688391089439392,0.4139132499694824,1.2499288320541382,0.67657470703125
823,-0.5687297582626343,-1.7404747009277344,0.6040682617823282,0.6781114695469537,0.2806713050852223,1.1068557500839233,1.4145678281784058,1.1068557500839233,1.4145678281784058,2.1386966705322266,1.4145678281784058,0.8186742067337036,0.49802231788635254,0.8186742067337036,0.49802231788635254,1.1166210174560547,0.8279436826705933
824,-1.2322427034378052,-1.8589550256729126,0.12069473548481846,0.7784098865712683,0.7822268583128851,1.7095112800598145,1.9437456130981445,1.7095112800598145,1.9437456130981445,2.7465567588806152,1.9437456130981445,1.0441575050354004,0.1406569480895996,1.0441575050354004,0.1406569480895996,1.4234416484832764,0.5937202572822571
825,0.5366899371147156,-1.3949220180511475,0.2801015259077151,0.1239336915997169,0.8132631360304852,1.5799717903137207,1.4797124862670898,1.5799717903137207,1.4797124862670898,2.0230326652526855,1.4797124862670898,1.0270695686340332,0.2003992795944214,1.0270695686340332,0.2003992795944214,1.1780593395233154,0.3452492654323578
826,0.8105992674827576,-0.3344816565513611,0.17803529215355707,0.3268413391957679,0.008051944995919935,0.9316605925559998,0.22843369841575623,0.9316605925559998,0.22843369841575623,0.7666409015655518,0.22843369841575623,0.3703444302082062,0.22621247172355652,0.3703444302082062,0.22621247172355652,0.2993890643119812,0.1534702628850937
827,1.033192753791809,0.027828320860862732,0.2578863146093984,0.19890229900677997,0.25133661334092416,0.22372734546661377,0.22372734546661377,0.22372734546661377,0.22372734546661377,0.7036961317062378,0.05696208029985428,0.22372734546661377,0.17230013012886047,0.22372734546661377,0.17230013012886047,0.21207661926746368,0.22304792702198029
828,0.7243277430534363,0.7514985799789429,0.331781985250612,0.24436433947955571,0.3529758601573607,0.010897934436798096,0.6667081117630005,0.010897934436798096,0.6667081117630005,0.30699265003204346,0.6667081117630005,0.15179210901260376,0.22845184803009033,0.15179210901260376,0.22845184803009033,0.2990952134132385,0.36788931488990784
829,0.25599798560142517,0.7999704480171204,0.24104609632243723,0.30790350475658973,0.42864451145132376,0.15834718942642212,0.7151800394058228,0.15834718942642212,0.7151800394058228,0.4548170566558838,0.7151800394058228,0.22253549098968506,0.20953160524368286,0.22253549098968506,0.20953160524368286,0.37253740429878235,0.34518396854400635
830,0.47855156660079956,0.626923143863678,0.10149065975099802,0.21212288644164795,0.4909332621842623,0.27751535177230835,0.5421327352523804,0.27751535177230835,0.5421327352523804,0.3935144543647766,0.5421327352523804,0.27751535177230835,0.06914299726486206,0.27751535177230835,0.06914299726486206,0.3767938017845154,0.15943218767642975
831,0.236409991979599,0.4840032458305359,0.16176726698875427,0.08694921527057897,0.41291042808443296,0.20514842867851257,0.3992128372192383,0.20514842867851257,0.3992128372192383,0.2675864100456238,0.3992128372192383,0.20514842867851257,0.06411132216453552,0.20514842867851257,0.06411132216453552,0.2683568596839905,0.12608200311660767
832,-0.27236923575401306,0.349404901266098,0.09674457462504504,0.1587705024890602,0.2715134886652231,0.00954785943031311,0.2646144926548004,0.00954785943031311,0.2646144926548004,0.13563135266304016,0.2646144926548004,0.07474511861801147,0.062233179807662964,0.07474511861801147,0.062233179807662964,0.1392129510641098,0.12430219352245331
833,-0.6375948190689087,0.21832731366157532,0.038697518346210324,0.09397307221467294,0.3406754839109878,0.13998669385910034,0.13353696465492249,0.13998669385910034,0.13353696465492249,0.13848036527633667,0.13353696465492249,0.13998669385910034,0.0684061050415039,0.13998669385910034,0.0684061050415039,0.17092852294445038,0.0389089435338974
834,0.0898209810256958,-0.06834481656551361,0.13072485885893306,0.03269947259997327,0.27270317195604243,0.07586661726236343,0.1531352400779724,0.07586661726236343,0.1531352400779724,0.31546565890312195,0.1531352400779724,0.07586661726236343,0.0685734823346138,0.07586661726236343,0.0685734823346138,0.07867942750453949,0.1470571607351303
835,-0.09484732151031494,-0.15777122974395752,0.05513822530706719,0.14090844227621946,0.10562265173842506,0.38032498955726624,0.15430662035942078,0.38032498955726624,0.15430662035942078,0.5664128065109253,0.24256163835525513,0.17735245823860168,0.023143500089645386,0.17735245823860168,0.023143500089645386,0.22143404185771942,0.0481824167072773
836,0.31111323833465576,-0.12927544116973877,0.006239291392266692,0.06825402997434141,0.026145038418471787,0.02585059404373169,0.0016562044620513916,0.02585059404373169,0.0016562044620513916,0.40239590406417847,0.2140657901763916,0.02585059404373169,0.024244435131549835,0.02585059404373169,0.024244435131549835,0.10795857012271881,0.1309765726327896
837,-0.8742690086364746,0.16841325163841248,0.11539560026178758,0.004483071441451658,0.22615824444840354,0.04021143913269043,0.08362283557653427,0.04021143913269043,0.08362283557653427,0.039884746074676514,0.08362283557653427,0.028146862983703613,0.024767905473709106,0.028146862983703613,0.024767905473709106,0.06834671646356583,0.040222954005002975
838,0.19396941363811493,-0.07960643619298935,0.19147985085224112,0.12985268185536067,0.1596443973171214,0.5466572642326355,0.21760597825050354,0.5466572642326355,0.21760597825050354,0.6937350034713745,0.16439685225486755,0.21760597825050354,0.08100546151399612,0.21760597825050354,0.08100546151399612,0.23218074440956116,0.06575336307287216
839,0.3106219470500946,0.007254093885421753,0.08365085805455849,0.2060460966577133,0.3072729895512263,0.10678812861442566,0.07753632962703705,0.10678812861442566,0.07753632962703705,0.4638039171695709,0.07753632962703705,0.10678812861442566,0.05004752427339554,0.10678812861442566,0.05004752427339554,0.11709649860858917,0.11106285452842712
840,0.9544370770454407,-0.08022167533636093,0.11442584807674086,0.09644720199207465,0.11347109069426853,0.08156032115221024,0.08156032115221024,0.08156032115221024,0.08156032115221024,0.540382444858551,0.16501212120056152,0.08156032115221024,0.05825094133615494,0.08156032115221024,0.05825094133615494,0.14887049794197083,0.15184375643730164
841,0.18980230391025543,0.4855234920978546,0.3012140642975768,0.10641094313313548,0.25552217898269497,0.2606945335865021,0.2606945335865021,0.2606945335865021,0.2606945335865021,0.10414242744445801,0.4007331132888794,0.2606945335865021,0.08388122916221619,0.2606945335865021,0.08388122916221619,0.2896001935005188,0.11342133581638336
842,-0.37662768363952637,0.48735448718070984,0.08643307074904438,0.29477107942104336,0.28377397172153,0.25962573289871216,0.30816665291786194,0.25962573289871216,0.30816665291786194,0.1651255488395691,0.40256404876708984,0.25962573289871216,0.05209749937057495,0.25962573289871216,0.05209749937057495,0.3067023456096649,0.09626355767250061
843,0.6643081903457642,0.3087114691734314,0.06609295571843776,0.07467111011346189,0.47775697929163763,0.26848679780960083,0.2239210605621338,0.26848679780960083,0.2239210605621338,0.11506682634353638,0.2239210605621338,0.26848679780960083,0.09308624267578125,0.26848679780960083,0.09308624267578125,0.29323720932006836,0.07065826654434204
844,0.7249521017074585,0.22168976068496704,0.21344194223483406,0.0767857829357187,0.262657265899082,0.08643734455108643,0.13689935207366943,0.08643734455108643,0.13689935207366943,0.08723083138465881,0.13689935207366943,0.06069985032081604,0.09705215692520142,0.06069985032081604,0.09705215692520142,0.14841951429843903,0.08776618540287018
845,-0.3627985417842865,0.3474966883659363,0.23677877394482483,0.22128379167988899,0.06705781705677516,0.20008093118667603,0.20008093118667603,0.20008093118667603,0.20008093118667603,0.3694039583206177,0.38623619079589844,0.20008093118667603,0.11616882681846619,0.20008093118667603,0.11616882681846619,0.29315856099128723,0.09303012490272522
846,-0.634422242641449,0.3707854747772217,0.06302029582361379,0.2232137857129176,0.38821564940114817,0.16666880249977112,0.2859950661659241,0.16666880249977112,0.2859950661659241,0.3576309084892273,0.2859950661659241,0.18451273441314697,0.09419602155685425,0.18451273441314697,0.09419602155685425,0.28058621287345886,0.09269437193870544
847,-1.1779096126556396,0.05736807733774185,0.1294524029269815,0.060139284953475036,0.4245834520831705,0.2248472273349762,0.027422316372394562,0.2248472273349762,0.027422316372394562,0.30748435854911804,0.027422316372394562,0.2248472273349762,0.08441179990768433,0.2248472273349762,0.08441179990768433,0.14649702608585358,0.16158166527748108
848,-0.2539249658584595,-0.5044998526573181,0.2677199297336239,0.1264741783527037,0.06731791994223979,0.5110557675361633,0.291186660528183,0.5110557675361633,0.291186660528183,0.7667238712310791,0.4704890549182892,0.291186660528183,0.13136577606201172,0.291186660528183,0.13136577606201172,0.3808378577232361,0.21633011102676392
849,-2.8858656883239746,-0.5564662218093872,0.03674626375238105,0.3044179925943414,0.03767830094943447,0.6278959512710571,0.42668986320495605,0.6278959512710571,0.42668986320495605,0.9343284368515015,0.6412566304206848,0.3623981475830078,0.06604582071304321,0.3623981475830078,0.06604582071304321,0.4699477553367615,0.1924596130847931
850,-1.8343521356582642,-1.1202714443206787,0.6944017943739892,0.0003140848875046176,0.24855995111167428,1.4802439212799072,0.6995298862457275,1.4802439212799072,0.6995298862457275,2.1591060161590576,1.2050617933273315,0.6995298862457275,0.07572674751281738,0.6995298862457275,0.07572674751281738,0.9189074039459229,0.2840140461921692
851,-3.041140556335449,-1.4518795013427734,0.46467218437542523,0.8905885365729531,0.08100512253741421,1.7078065872192383,1.454566240310669,1.7078065872192383,1.454566240310669,2.8521862030029297,1.454566240310669,1.0052380561828613,0.10954117774963379,1.0052380561828613,0.10954117774963379,1.2299021482467651,0.37125730514526367
852,-2.4234986305236816,-2.4719293117523193,0.7153339134777588,0.5447394559967018,1.0342322777646284,1.6365537643432617,2.5567197799682617,1.6365537643432617,2.5567197799682617,2.767965316772461,2.5567197799682617,1.232737421989441,0.6810085773468018,1.232737421989441,0.6810085773468018,1.6304006576538086,1.02125084400177
853,-1.9620519876480103,-2.3639934062957764,0.6013508174257973,0.9916093978906674,0.5934095264660812,1.4920458793640137,1.7380844354629517,1.4920458793640137,1.7380844354629517,2.307152032852173,1.7380844354629517,1.1589055061340332,0.7957327365875244,1.1589055061340332,0.7957327365875244,1.4484949111938477,1.1413190364837646
854,-3.349045991897583,-2.5179927349090576,0.4605613263696433,0.762876708395779,1.116931035630405,1.7725738286972046,2.602783203125,1.7725738286972046,2.602783203125,2.539248466491699,2.602783203125,1.328089714050293,0.45159339904785156,1.328089714050293,0.45159339904785156,1.7258254289627075,0.894886314868927
855,-3.3385367393493652,-2.3978402614593506,0.7979785757636031,0.5876410818596682,0.834596939322849,1.2115384340286255,2.482630729675293,1.2115384340286255,2.482630729675293,2.51064395904541,2.482630729675293,1.0323865413665771,0.7347233295440674,1.0323865413665771,0.7347233295440674,1.471713900566101,1.1171846389770508
856,-1.078965425491333,-2.7331619262695312,0.8247279332329831,1.0946479148914419,0.636162413631876,1.6103988885879517,2.0488879680633545,1.6103988885879517,2.0488879680633545,2.938471794128418,2.0488879680633545,1.2653254270553589,0.798633337020874,1.2653254270553589,0.798633337020874,1.657106637954712,1.2694621086120605
857,-3.4589743614196777,-2.7245519161224365,0.2449537574996552,1.0702743019287781,1.2317001921807726,2.3706746101379395,2.809342384338379,2.3706746101379395,2.809342384338379,3.6972856521606445,2.809342384338379,1.4153292179107666,0.2448592185974121,1.4153292179107666,0.2448592185974121,1.9802508354187012,0.8281275033950806
858,-1.5680205821990967,-2.436539888381958,0.7943407379960017,0.27409201086809265,1.1904834750046334,2.1033706665039062,2.5213303565979004,2.1033706665039062,2.5213303565979004,3.564655303955078,2.5213303565979004,1.36177659034729,0.3825244903564453,1.36177659034729,0.3825244903564453,1.7948787212371826,0.7551776170730591
859,-1.1164965629577637,-1.9692180156707764,0.3951117581749952,1.1313463801766437,0.26513621280590716,1.9591463804244995,1.6690285205841064,1.9591463804244995,1.6690285205841064,2.6087894439697266,1.6690285205841064,1.2843340635299683,0.47078919410705566,1.2843340635299683,0.47078919410705566,1.4766812324523926,0.7029454112052917
860,-2.0116825103759766,-2.1731669902801514,0.2469112126839661,0.46361563653995597,1.285016476542999,2.323066234588623,2.2579574584960938,2.323066234588623,2.2579574584960938,2.675358533859253,2.2579574584960938,1.5252854824066162,0.24603033065795898,1.5252854824066162,0.24603033065795898,1.7550190687179565,0.5300028920173645
861,0.4092341959476471,-1.3831520080566406,0.4781827440485358,0.2877040294557811,0.43964157003909343,0.7283695340156555,0.48847734928131104,0.7283695340156555,0.48847734928131104,1.5666520595550537,1.467942476272583,0.48847734928131104,0.38947010040283203,0.48847734928131104,0.38947010040283203,0.8260582089424133,0.6829366683959961
862,-0.4053049385547638,-0.8969999551773071,0.1416231417035062,0.6031522272030512,0.25784720516453186,1.5120693445205688,0.5816394090652466,1.5120693445205688,0.5816394090652466,2.251918077468872,0.9817903637886047,0.6890851259231567,0.11286747455596924,0.6890851259231567,0.11286747455596924,0.8887444734573364,0.2530737817287445
863,0.12770076096057892,-0.6706395745277405,0.07890540793538092,0.17444255005568254,0.588552992530167,1.343027949333191,0.7554299235343933,1.343027949333191,0.7554299235343933,1.2582180500030518,0.7554299235343933,0.7613208293914795,0.10205018520355225,0.7613208293914795,0.10205018520355225,0.707819938659668,0.06926080584526062
864,-0.8706520199775696,0.14006072282791138,0.06557122282683847,0.07884090524166826,0.33095406975597147,0.12950092554092407,0.05527030676603317,0.12950092554092407,0.05527030676603317,0.2005506157875061,0.05527030676603317,0.12950092554092407,0.03230626881122589,0.12950092554092407,0.03230626881122589,0.07603324949741364,0.050071410834789276
865,-1.0131019353866577,-0.22911089658737183,0.19077528369923435,0.08443074010933435,0.05485731151575848,0.4886605441570282,0.21609777212142944,0.4886605441570282,0.21609777212142944,0.45222580432891846,0.18051660060882568,0.21609777212142944,0.13277244567871094,0.21609777212142944,0.13277244567871094,0.19830718636512756,0.11632345616817474
866,0.205209419131279,-0.355444073677063,0.22602783478175603,0.19330713917811715,0.24151462440068527,0.045640408992767334,0.4402344226837158,0.045640408992767334,0.4402344226837158,0.5216983556747437,0.4402344226837158,0.045640408992767334,0.23214596509933472,0.045640408992767334,0.23214596509933472,0.12604323029518127,0.35597386956214905
867,-0.5123720169067383,-0.4831238389015198,0.08434542308251058,0.2613483641420802,0.12849723332871987,0.6907817721366882,0.2649351954460144,0.6907817721366882,0.2649351954460144,1.2536215782165527,0.5679142475128174,0.31818410754203796,0.05397844314575195,0.31818410754203796,0.05397844314575195,0.4694458842277527,0.17379826307296753
868,-0.42907604575157166,-0.3408059775829315,0.10250601374854643,0.10910443453739083,0.16978073385854564,0.6864498853683472,0.4255963861942291,0.6864498853683472,0.4255963861942291,0.6408213376998901,0.4255963861942291,0.35161614418029785,0.12930408120155334,0.35161614418029785,0.12930408120155334,0.32495713233947754,0.09812673926353455
869,-0.4190880060195923,-0.08955436199903488,0.07849348937471712,0.0995585646977027,0.26612134168545404,0.06814893335103989,0.17434479296207428,0.06814893335103989,0.17434479296207428,0.2568822503089905,0.17434479296207428,0.06814893335103989,0.10643891990184784,0.06814893335103989,0.10643891990184784,0.06777691841125488,0.1719207465648651
870,-0.18773864209651947,-0.31441619992256165,0.07750200769553585,0.0758659376824895,0.016575409968694,0.10524216294288635,0.10524216294288635,0.10524216294288635,0.10524216294288635,0.23126333951950073,0.2284330427646637,0.10524216294288635,0.18162816762924194,0.10524216294288635,0.18162816762924194,0.16683760285377502,0.2381715029478073
871,-1.070150375366211,-0.22299686074256897,0.017917741959293618,0.07566143066932765,0.048205976399282605,0.18295399844646454,0.1661829650402069,0.18295399844646454,0.1661829650402069,0.3934710919857025,0.3077872693538666,0.11859840899705887,0.04755851626396179,0.11859840899705887,0.04755851626396179,0.1895497739315033,0.12240646779537201
872,0.2255857288837433,-0.36930930614471436,0.24016991523404918,0.00043643256028491617,0.04892064655820527,0.5011419653892517,0.26330071687698364,0.5011419653892517,0.26330071687698364,0.7128794193267822,0.45409977436065674,0.26330071687698364,0.05214989185333252,0.26330071687698364,0.05214989185333252,0.3340286314487457,0.12210077047348022
873,-0.3995989263057709,-0.21664515137672424,0.09211042669912181,0.26753406780461475,0.136402154241999,0.6762429475784302,0.24119216203689575,0.6762429475784302,0.24119216203689575,0.8481343984603882,0.30143555998802185,0.29945632815361023,0.0596369206905365,0.29945632815361023,0.0596369206905365,0.32949894666671753,0.035142719745635986
874,-0.5611568689346313,-0.32892465591430664,0.07394684719542663,0.11442046822359161,0.19177458262691893,0.7248954772949219,0.41371503472328186,0.7248954772949219,0.41371503472328186,0.6746993064880371,0.41371503472328186,0.3728167712688446,0.1013452410697937,0.3728167712688446,0.1013452410697937,0.3434107303619385,0.06681312620639801
875,-0.37430664896965027,-0.08584659546613693,0.11164901530990999,0.06757866716633243,0.2710047515233358,0.07370466738939285,0.17063701152801514,0.07370466738939285,0.17063701152801514,0.2748103737831116,0.17063701152801514,0.07370466738939285,0.1012643426656723,0.07370466738939285,0.1012643426656723,0.06949836015701294,0.17053544521331787
876,0.6057578921318054,-0.2999844253063202,0.065947367635866,0.11410945994158588,0.05769606678436201,0.21081984043121338,0.25335636734962463,0.21081984043121338,0.25335636734962463,0.3053746819496155,0.25335636734962463,0.1592816412448883,0.14249077439308167,0.1592816412448883,0.14249077439308167,0.20631900429725647,0.18932361900806427
877,0.8496646881103516,-0.05079282075166702,0.19621760345995426,0.07215015254914761,0.002763400301337232,0.1606292426586151,0.1606292426586151,0.1606292426586151,0.1606292426586151,0.2313496470451355,0.05254339426755905,0.1606292426586151,0.1963174194097519,0.1606292426586151,0.1963174194097519,0.10658632218837738,0.245870441198349
878,-0.825867772102356,0.36677086353302,0.2730152053075532,0.20309852177898083,0.06828080095971634,0.2353646457195282,0.2353646457195282,0.2353646457195282,0.2353646457195282,0.33703288435935974,0.4047155976295471,0.2353646457195282,0.11579632759094238,0.2353646457195282,0.11579632759094238,0.32004010677337646,0.08494918048381805
879,1.6840800046920776,0.2713884115219116,0.18245086273799327,0.26160141554971533,0.3698615232234199,0.09856092929840088,0.186598002910614,0.09856092929840088,0.186598002910614,0.3141314387321472,0.186598002910614,0.16889570653438568,0.21315333247184753,0.16889570653438568,0.21315333247184753,0.27936428785324097,0.1105453222990036
880,1.2638493776321411,0.6080445051193237,0.5206736028815311,0.21119331849118095,0.4761878256375591,0.46890342235565186,0.46890342235565186,0.46890342235565186,0.46890342235565186,0.47345829010009766,0.5232540369033813,0.46890342235565186,0.1936078667640686,0.46890342235565186,0.1936078667640686,0.6066981554031372,0.12102317810058594
881,1.9550317525863647,0.7179456949234009,0.42508392158895725,0.5654572552815079,0.09497181743383398,0.5676863193511963,0.918999195098877,0.5676863193511963,0.918999195098877,0.8085376024246216,0.918999195098877,0.5676863193511963,0.26270878314971924,0.5676863193511963,0.26270878314971924,0.7433427572250366,0.201716810464859
882,0.8614220023155212,1.5023832321166992,0.6454078843692939,0.37374219488973415,0.6608568173709015,0.3731241226196289,1.4175927639007568,0.3731241226196289,1.4175927639007568,0.9845842719078064,1.4175927639007568,0.4535742998123169,0.41138195991516113,0.4535742998123169,0.41138195991516113,0.7575536370277405,0.6904860734939575
883,1.3338216543197632,1.2849903106689453,0.30164844897886134,0.6121689037730296,0.5487966224302847,0.6218597888946533,0.8502275943756104,0.6218597888946533,0.8502275943756104,0.7686487436294556,1.200199842453003,0.6218597888946533,0.28646957874298096,0.6218597888946533,0.28646957874298096,0.795423150062561,0.45088785886764526
884,1.5163155794143677,1.2025001049041748,0.4238346018393837,0.234556023267408,0.721733263519903,0.49384474754333496,1.117709755897522,0.49384474754333496,1.117709755897522,0.709418535232544,1.117709755897522,0.49384474754333496,0.24434888362884521,0.49384474754333496,0.24434888362884521,0.6882961988449097,0.4278161823749542
885,0.05374838784337044,1.1748571395874023,0.5003612621004383,0.40835362582157064,0.4437659161786237,0.4795459508895874,0.4795459508895874,0.4795459508895874,0.4795459508895874,0.5321234464645386,1.09006667137146,0.4795459508895874,0.4209291338920593,0.4795459508895874,0.4209291338920593,0.5957669019699097,0.5435497760772705
886,-0.6427083015441895,0.8828571438789368,0.048405173346400154,0.44761811275035146,0.5644575819000601,0.293412446975708,0.7980667948722839,0.293412446975708,0.7980667948722839,0.7281872034072876,0.7980667948722839,0.3456164002418518,0.015926718711853027,0.3456164002418518,0.015926718711853027,0.5649876594543457,0.22354111075401306
887,-0.7148846387863159,0.3532392382621765,0.13360041660567118,0.033961269396046656,0.6305019903803866,0.4134915769100189,0.26844877004623413,0.4134915769100189,0.26844877004623413,0.3654838800430298,0.26844877004623413,0.4134915769100189,0.011251777410507202,0.4134915769100189,0.011251777410507202,0.3339001536369324,0.0763697475194931
888,-1.3347821235656738,-0.24467721581459045,0.15091197540362672,0.13216175192346175,0.2160202058280507,0.018588900566101074,0.3294675946235657,0.018588900566101074,0.3294675946235657,0.3641946613788605,0.3294675946235657,0.018588900566101074,0.169996976852417,0.018588900566101074,0.169996976852417,0.08866170048713684,0.25812622904777527
889,-0.8931669592857361,-0.6761062741279602,0.3080565902714928,0.15086241535221545,0.039563603991021656,0.5164495706558228,0.3304740786552429,0.5164495706558228,0.3304740786552429,0.749411940574646,0.5433107614517212,0.3304740786552429,0.24196550250053406,0.3304740786552429,0.24196550250053406,0.43689242005348206,0.3385072350502014
890,-1.2522488832473755,-0.8072800040245056,0.20139432503531374,0.35218441351006424,0.07607760096589733,0.600723147392273,0.6479347944259644,0.600723147392273,0.6479347944259644,0.8760895729064941,0.6479347944259644,0.42646080255508423,0.293239951133728,0.42646080255508423,0.293239951133728,0.5371978282928467,0.40791618824005127
891,-0.6468071341514587,-1.0122874975204468,0.28914250144114106,0.2167935861212512,0.3287277454448242,0.700846791267395,1.0970779657363892,0.700846791267395,1.0970779657363892,1.100850224494934,1.0970779657363892,0.5460460186004639,0.2992016077041626,0.5460460186004639,0.2992016077041626,0.701496958732605,0.45279234647750854
892,-1.9182301759719849,-0.794333815574646,0.13873039984454716,0.33109506734957295,0.14688468386729558,0.5817849636077881,0.567464292049408,0.5817849636077881,0.567464292049408,0.948570728302002,0.8791242241859436,0.4059509038925171,0.16577565670013428,0.4059509038925171,0.16577565670013428,0.5625525712966919,0.3501827120780945
893,-2.267153739929199,-1.0488486289978027,0.4533462025721867,0.12985666097452264,0.2880221009378631,0.819515585899353,0.4667090177536011,0.819515585899353,0.4667090177536011,1.5033084154129028,1.1336390972137451,0.4667090177536011,0.20920097827911377,0.4667090177536011,0.20920097827911377,0.7142488956451416,0.43723469972610474
894,-1.1982671022415161,-1.346031665802002,0.5587404221296308,0.5449475908651951,0.06471998829394576,1.0854377746582031,0.5926969647407532,1.0854377746582031,0.5926969647407532,2.0854239463806152,1.211740493774414,0.5926969647407532,0.27364635467529297,0.5926969647407532,0.27364635467529297,0.9022186994552612,0.5745348334312439
895,-2.386286497116089,-1.8019254207611084,0.2817786617328726,0.711317916897436,0.63120505840828,1.1771347522735596,1.137749195098877,1.1771347522735596,1.137749195098877,2.0659804344177246,1.8867157697677612,0.8486683368682861,0.30079901218414307,0.8486683368682861,0.30079901218414307,1.2212412357330322,0.7549824714660645
896,-0.9197656512260437,-1.8197803497314453,0.5638402261088289,0.322198812092344,0.7561176470170421,1.3564072847366333,1.9045708179473877,1.3564072847366333,1.9045708179473877,2.2612645626068115,1.9045708179473877,0.9747461676597595,0.4355485439300537,0.9747461676597595,0.4355485439300537,1.2754484415054321,0.7149112820625305
897,-2.297105073928833,-1.4373407363891602,0.21524157014985867,0.7380321633567412,0.30644345757861946,1.2936336994171143,1.0885169506072998,1.2936336994171143,1.0885169506072998,1.766983985900879,1.522131323814392,0.8609710931777954,0.2454768419265747,0.8609710931777954,0.2454768419265747,1.0786240100860596,0.5237616300582886
898,-2.250459909439087,-1.7449051141738892,0.5390943341950574,0.22834587751577295,0.7998412379498284,1.5018413066864014,1.8296955823898315,1.5018413066864014,1.8296955823898315,2.4088306427001953,1.8296955823898315,1.0116803646087646,0.3290032148361206,1.0116803646087646,0.3290032148361206,1.2968627214431763,0.596502423286438
899,-0.5830843448638916,-1.6170215606689453,0.5594610392985242,0.6941282072414956,0.1858086496156952,1.1843215227127075,1.379839539527893,1.1843215227127075,1.379839539527893,2.208355188369751,1.379839539527893,0.8277038335800171,0.4006044864654541,0.8277038335800171,0.4006044864654541,1.103771686553955,0.7071146368980408
900,-3.0042872428894043,-1.8189597129821777,0.12368969493856019,0.7115474461143219,0.8060989074160655,1.7365939617156982,1.9037501811981201,1.7365939617156982,1.9037501811981201,2.648630142211914,1.9037501811981201,1.0696145296096802,0.14260661602020264,1.0696145296096802,0.14260661602020264,1.4144279956817627,0.5610659718513489
901,-0.11097358167171478,-1.714684009552002,0.7099992905929681,0.10717695273458983,0.7198841017112136,1.4253120422363281,1.7994744777679443,1.4253120422363281,1.7994744777679443,2.8088736534118652,1.7994744777679443,0.9037127494812012,0.19885706901550293,0.9037127494812012,0.19885706901550293,1.2743213176727295,0.5478982925415039
902,-1.2824852466583252,-1.1613023281097412,0.0012382554014523928,0.9367925398920971,0.045647868302961414,1.9489988088607788,1.0501009225845337,1.9489988088607788,1.0501009225845337,2.2485249042510986,1.2460927963256836,1.021827220916748,0.03241753578186035,1.021827220916748,0.03241753578186035,1.119931697845459,0.16523316502571106
903,-0.8038477897644043,-1.4932653903961182,0.29065616682171846,0.019958725739270378,1.0449442848004398,1.956660509109497,1.5780558586120605,1.956660509109497,1.5780558586120605,2.5503287315368652,1.5780558586120605,1.2362080812454224,0.038046836853027344,1.2362080812454224,0.038046836853027344,1.3925515413284302,0.18392455577850342
904,-1.4281551837921143,-0.5178159475326538,0.17675057753920553,0.3221152155101301,0.15867345042526737,0.6818320751190186,0.5673048496246338,0.6818320751190186,0.5673048496246338,1.0979843139648438,0.5673048496246338,0.3689674437046051,0.042922377586364746,0.3689674437046051,0.042922377586364746,0.46813613176345825,0.14594978094100952
905,-2.186105966567993,-0.9993710517883301,0.3323935893302161,0.18533708359425272,0.304016714350631,0.5155990123748779,0.3499768376350403,0.5155990123748779,0.3499768376350403,1.193489670753479,1.0841615200042725,0.3499768376350403,0.26566725969314575,0.3499768376350403,0.26566725969314575,0.6095196008682251,0.5006909370422363
906,-1.9406700134277344,-1.2031724452972412,0.5292966073378917,0.37670743271708496,0.1195447407290342,0.954521894454956,0.5534242391586304,0.954521894454956,0.5534242391586304,1.5913190841674805,1.0104798078536987,0.5534242391586304,0.33078432083129883,0.5534242391586304,0.33078432083129883,0.7819520235061646,0.5418448448181152
907,-1.6822872161865234,-1.7268141508102417,0.4738677077429987,0.6689952719087404,0.4063275066452723,1.0268787145614624,1.281036615371704,1.0268787145614624,1.281036615371704,1.6629810333251953,1.281036615371704,0.8090998530387878,0.6367162466049194,0.8090998530387878,0.6367162466049194,1.0450682640075684,0.8996776938438416
908,-1.3842042684555054,-1.9142041206359863,0.398246428854764,0.5932077439129348,0.7451262833550573,1.1896650791168213,1.9989945888519287,1.1896650791168213,1.9989945888519287,1.8038021326065063,1.9989945888519287,0.9864102602005005,0.4072225093841553,0.9864102602005005,0.4072225093841553,1.2875404357910156,0.7667922973632812
909,-0.9309599995613098,-1.6275067329406738,0.32418706954767273,0.4984793598142767,0.627216400646915,1.0886585712432861,1.712296962738037,1.0886585712432861,1.712296962738037,1.6136858463287354,1.712296962738037,0.8712789416313171,0.3382071256637573,0.8712789416313171,0.3382071256637573,1.1228870153427124,0.6456271409988403
910,0.33262988924980164,-1.279489517211914,0.21078684240579626,0.3917707036063074,0.4993083066865801,1.0161077976226807,1.3642799854278564,1.0161077976226807,1.3642799854278564,1.4643372297286987,1.3642799854278564,0.739942729473114,0.2299811840057373,0.739942729473114,0.2299811840057373,0.937836766242981,0.4760598838329315
911,-0.6855558753013611,-0.6542627811431885,0.11640427482624849,0.2461338802675408,0.34690951118866586,1.092556357383728,0.7390531897544861,1.092556357383728,0.7390531897544861,1.6217670440673828,0.7390531897544861,0.5757337808609009,0.0864642858505249,0.5757337808609009,0.0864642858505249,0.7005135416984558,0.15689954161643982
912,0.5066444873809814,-0.31483957171440125,0.14627842313299577,0.14630125676592187,0.13723871103177465,0.09767985343933105,0.07329896092414856,0.09767985343933105,0.07329896092414856,0.35186800360679626,0.07329896092414856,0.09767985343933105,0.3162909746170044,0.09767985343933105,0.3162909746170044,0.08548940718173981,0.40202128887176514
913,0.8209606409072876,0.14553362131118774,0.16900477455308044,0.15833604051421085,0.31248861139019324,0.05137678235769272,0.060743264853954315,0.05137678235769272,0.060743264853954315,0.18413898348808289,0.060743264853954315,0.10986237972974777,0.17231035232543945,0.10986237972974777,0.17231035232543945,0.17652204632759094,0.10621090233325958
914,1.3984769582748413,0.22424644231796265,0.262740645762533,0.18028153065592045,0.04115203978493809,0.22586017847061157,0.22586017847061157,0.22586017847061157,0.22586017847061157,0.28168079257011414,0.37274885177612305,0.22586017847061157,0.22096607089042664,0.22586017847061157,0.22096607089042664,0.2993045151233673,0.15063385665416718
915,0.21454258263111115,0.8603525161743164,0.4468279188871384,0.24669316750019776,0.3444550943002105,0.4102049171924591,0.4102049171924591,0.4102049171924591,0.4102049171924591,0.3106957674026489,0.7755621075630188,0.4102049171924591,0.23812878131866455,0.4102049171924591,0.23812878131866455,0.481240451335907,0.31265130639076233
916,0.4072662889957428,0.768524169921875,0.09558677890648459,0.4217191632588704,0.4288418922697504,0.06290191411972046,0.6837337613105774,0.06290191411972046,0.6837337613105774,0.45821961760520935,0.6837337613105774,0.22304868698120117,0.06275999546051025,0.22304868698120117,0.06275999546051025,0.4257786273956299,0.25469574332237244
917,0.5754991173744202,0.6215155124664307,0.13870970245450742,0.06505996681749804,0.5953695077076555,0.3732143044471741,0.5367251038551331,0.3732143044471741,0.5367251038551331,0.20973733067512512,0.5367251038551331,0.3732143044471741,0.05040508508682251,0.3732143044471741,0.05040508508682251,0.42665669322013855,0.10239216685295105
918,-0.3547555208206177,0.41044944524765015,0.19119227278977635,0.13669360758736732,0.2601872293837368,0.04158109426498413,0.32565903663635254,0.04158109426498413,0.32565903663635254,0.11249864101409912,0.32565903663635254,0.06315895915031433,0.10868889093399048,0.06315895915031433,0.10868889093399048,0.14030395448207855,0.18424375355243683
919,-0.8140000104904175,0.26454290747642517,0.06022259362662841,0.18732679386933648,0.315062341944625,0.06743314862251282,0.17975246906280518,0.06743314862251282,0.17975246906280518,0.21625453233718872,0.17975246906280518,0.11684656143188477,0.09096822142601013,0.11684656143188477,0.09096822142601013,0.19264179468154907,0.07409058511257172
920,-1.4701653718948364,-0.027117058634757996,0.17405233055353175,0.054717063717544034,0.3792760076001287,0.18157431483268738,0.1119074672460556,0.18157431483268738,0.1119074672460556,0.4030997157096863,0.1119074672460556,0.18157431483268738,0.08446942269802094,0.18157431483268738,0.08446942269802094,0.10002294927835464,0.18331164121627808
921,-2.1729798316955566,-0.6279557943344116,0.3416052560880781,0.1766669060662388,0.06794003233313561,0.67360919713974,0.3647157847881317,0.67360919713974,0.3647157847881317,1.0354549884796143,0.5966882109642029,0.3647157847881317,0.13185513019561768,0.3647157847881317,0.13185513019561768,0.4807019829750061,0.24298274517059326
922,-1.112062692642212,-1.220313310623169,0.5265667097767196,0.3915677238752443,0.12455509324868519,0.9456806182861328,0.5512336492538452,0.9456806182861328,0.5512336492538452,1.60797119140625,1.023771047592163,0.5512336492538452,0.33660179376602173,0.5512336492538452,0.33660179376602173,0.7875023484230042,0.5549676418304443
923,-2.113247871398926,-1.5322470664978027,0.2621036305154365,0.667698330829541,0.42482144063959504,1.1127276420593262,1.068321704864502,1.1127276420593262,1.068321704864502,1.7201249599456787,1.6170375347137451,0.7956525087356567,0.2875252962112427,0.7956525087356567,0.2875252962112427,1.0702764987945557,0.6300992369651794
924,-2.869495391845703,-1.6816520690917969,0.4978298838809132,0.2940625734627249,0.7121359472349285,1.3074243068695068,1.7664425373077393,1.3074243068695068,1.7664425373077393,2.085360288619995,1.7664425373077393,0.9337561130523682,0.4013540744781494,0.9337561130523682,0.4013540744781494,1.198596477508545,0.6506291031837463
925,-3.7685787677764893,-1.7796413898468018,0.7108564571912087,0.62679071644942,0.2643705516929429,1.2659633159637451,0.7335647344589233,1.2659633159637451,0.7335647344589233,2.303466796875,1.4660793542861938,0.7335647344589233,0.47506141662597656,0.7335647344589233,0.47506141662597656,1.0998220443725586,0.8154658079147339
926,-0.2467636615037918,-2.70406174659729,0.9125499469911058,0.9151983630408842,0.6986900104706488,1.2835171222686768,1.9500138759613037,1.2835171222686768,1.9500138759613037,2.6936113834381104,1.9500138759613037,1.082077980041504,0.8666239976882935,1.082077980041504,0.8666239976882935,1.5160459280014038,1.3789472579956055
927,-4.241778373718262,-2.488541841506958,0.03859055110563814,1.2260043979932864,1.046323227894803,2.583381175994873,1.3854904174804688,2.583381175994873,1.3854904174804688,4.128026962280273,2.5733323097229004,1.3275847434997559,0.05866241455078125,1.3275847434997559,0.05866241455078125,1.919467806816101,0.6989772915840149
928,-1.695867657661438,-2.426783800125122,0.951960482609769,0.001240220914283885,1.298439873916407,2.3012473583221436,2.5115742683410645,2.3012473583221436,2.5115742683410645,4.367873191833496,2.5115742683410645,1.3975417613983154,0.07964611053466797,1.3975417613983154,0.07964611053466797,1.9221136569976807,0.5112810730934143
929,-2.821173667907715,-1.9340928792953491,0.44321811148275936,1.385429162097474,0.0721779395888249,2.6154990196228027,1.9391614198684692,2.6154990196228027,1.9391614198684692,3.7754855155944824,1.9391614198684692,1.523916244506836,0.0985802412033081,1.523916244506836,0.0985802412033081,1.7315387725830078,0.3563971519470215
930,-2.3733930587768555,-2.8339016437530518,0.6390976949781184,0.4825574431754651,1.534622841086238,2.6205363273620605,2.918692111968994,2.6205363273620605,2.918692111968994,3.550367593765259,2.918692111968994,1.7027723789215088,0.5834927558898926,1.7027723789215088,0.5834927558898926,2.069176197052002,0.8791098594665527
931,-3.3486807346343994,-2.2082021236419678,0.5885268638779718,0.9095576596756778,0.5324939355750877,1.385284662246704,1.6447770595550537,1.385284662246704,1.6447770595550537,2.2074100971221924,1.6447770595550537,1.074112892150879,0.7446780204772949,1.074112892150879,0.7446780204772949,1.3594449758529663,1.079054832458496
932,-3.4626073837280273,-2.712543487548828,0.7932304788753393,0.7364421610161664,1.005246944725513,1.359984278678894,2.7973337173461914,1.359984278678894,2.7973337173461914,2.5637035369873047,2.7973337173461914,1.1819700002670288,0.8848526477813721,1.1819700002670288,0.8848526477813721,1.631925344467163,1.2581069469451904
933,-3.450911283493042,-2.913735866546631,0.8412142538030944,1.0883607687925299,0.8065371794377763,1.5096338987350464,2.0388259887695312,1.5096338987350464,2.0388259887695312,2.6855947971343994,2.0388259887695312,1.2477531433105469,0.9490551948547363,1.2477531433105469,0.9490551948547363,1.643289566040039,1.4350285530090332
934,-3.1437501907348633,-3.2619149684906006,0.8105990596736476,1.0970736739846565,1.176618570319066,1.2532782554626465,3.346705436706543,1.2532782554626465,3.346705436706543,2.5152342319488525,3.346705436706543,1.2532782554626465,0.746065616607666,1.2532782554626465,0.746065616607666,1.871050238609314,1.3474894762039185
935,-2.958173990249634,-3.2335731983184814,0.7393343307077891,1.0920391859114165,1.2245760171860454,1.4319264888763428,3.318363666534424,1.4319264888763428,3.318363666534424,2.705812454223633,3.318363666534424,1.3059096336364746,0.6823348999023438,1.3059096336364746,0.6823348999023438,1.9226313829421997,1.2776051759719849
936,-3.285501480102539,-3.105149030685425,0.6957383781423174,0.9938439599921309,1.2379430280377464,1.5516326427459717,3.189939498901367,1.5516326427459717,3.189939498901367,2.6507787704467773,3.189939498901367,1.3521108627319336,0.648418664932251,1.3521108627319336,0.648418664932251,1.9053653478622437,1.1988612413406372
937,-2.4750959873199463,-3.016206979751587,0.7763793303693336,0.9376970833788316,1.1245069014901914,1.3322739601135254,3.1009974479675293,1.3322739601135254,3.1009974479675293,2.343156337738037,3.1009974479675293,1.2576489448547363,0.7292711734771729,1.2576489448547363,0.7292711734771729,1.7716017961502075,1.2602779865264893
938,-2.8667619228363037,-2.8937113285064697,0.5935545497760173,1.0617361867800357,1.0607969274371865,1.436750888824463,1.7508111000061035,1.436750888824463,1.7508111000061035,2.6998400688171387,2.978501796722412,1.1935582160949707,0.5743341445922852,1.1935582160949707,0.5743341445922852,1.7820731401443481,1.249530553817749
939,-1.7317224740982056,-2.817673444747925,0.6730724919959903,0.7700923728011551,1.1968849154375492,1.695997953414917,2.902463912963867,1.695997953414917,2.902463912963867,2.438824415206909,2.902463912963867,1.3669874668121338,0.6370265483856201,1.3669874668121338,0.6370265483856201,1.7807953357696533,1.084275245666504
940,-4.116195201873779,-2.4020473957061768,0.4149922311430174,0.9291672204931577,0.8802642795567712,1.418434977531433,1.479902744293213,1.418434977531433,1.479902744293213,2.5509212017059326,2.486837863922119,1.0761321783065796,0.4218556880950928,1.0761321783065796,0.4218556880950928,1.570267677307129,1.006066083908081
941,-1.271864414215088,-2.6246182918548584,0.9507893931865694,0.4947256654873491,1.0014790918305514,1.5736653804779053,2.7094082832336426,1.5736653804779053,2.7094082832336426,3.3445181846618652,2.7094082832336426,1.1655323505401611,0.6314284801483154,1.1655323505401611,0.6314284801483154,1.6900700330734253,1.0771145820617676
942,-1.8348299264907837,-2.395540475845337,0.31366657890379424,1.361759798415005,0.5424904340133074,2.3780479431152344,1.8160303831100464,2.3780479431152344,1.8160303831100464,3.091346263885498,2.4803309440612793,1.5074093341827393,0.3408315181732178,1.5074093341827393,0.3408315181732178,1.838544487953186,0.7304797768592834
943,-2.0610170364379883,-2.4482343196868896,0.4109695910786588,0.35016647433241244,1.509474589762588,2.6193959712982178,2.533024787902832,2.6193959712982178,2.533024787902832,3.136918783187866,2.533024787902832,1.718086838722229,0.44118595123291016,1.718086838722229,0.44118595123291016,1.9503412246704102,0.637460470199585
944,-3.0349037647247314,-1.542170763015747,0.5009897118496396,0.5346882954860728,0.3288690911668044,0.8205582499504089,1.1627583503723145,0.8205582499504089,1.1627583503723145,1.5566067695617676,1.1627583503723145,0.6599452495574951,0.5550163984298706,0.6599452495574951,0.5550163984298706,0.9113517999649048,0.8265813589096069
945,-0.5934655666351318,-2.1186845302581787,0.7382785429805518,0.6221309092640874,0.5806514135003091,1.06319260597229,0.7366771697998047,1.06319260597229,0.7366771697998047,1.900388240814209,1.4925583600997925,0.7366771697998047,0.7927296161651611,0.7366771697998047,0.7927296161651611,1.1146178245544434,1.1225864887237549
946,-2.739309310913086,-2.0023858547210693,0.129386710325877,0.9906118669236699,0.7047636129582922,1.9278289079666138,1.2725056409835815,1.9278289079666138,1.2725056409835815,3.02205753326416,2.0871763229370117,1.1280919313430786,0.15178871154785156,1.1280919313430786,0.15178871154785156,1.534118890762329,0.6397143602371216
947,-1.581874966621399,-1.995373010635376,0.6350868669152261,0.11864116584882134,1.0640213133580982,1.9742381572723389,2.0801634788513184,1.9742381572723389,2.0801634788513184,3.1753411293029785,2.0801634788513184,1.248190999031067,0.20685815811157227,1.248190999031067,0.20685815811157227,1.5854995250701904,0.512589693069458
948,-3.332848072052002,-1.4740338325500488,0.394403456673026,0.848423493709415,0.053583217654377346,1.5558991432189941,1.359094500541687,1.5558991432189941,1.359094500541687,2.3565683364868164,1.359094500541687,0.9705052375793457,0.26108336448669434,0.9705052375793457,0.26108336448669434,1.1647999286651611,0.4853847622871399
949,-1.5773584842681885,-2.373893976211548,0.7827209157248334,0.4509232005787398,0.9626261953947443,1.5828886032104492,2.4586844444274902,1.5828886032104492,2.4586844444274902,2.9309873580932617,2.4586844444274902,1.1565155982971191,0.582982063293457,1.1565155982971191,0.582982063293457,1.5843815803527832,0.9564842581748962
950,-1.7382512092590332,-2.1492104530334473,0.39094797084728894,1.0954432029897967,0.4851956146831313,1.7583122253417969,1.6364390850067139,1.7583122253417969,1.6364390850067139,2.303462505340576,2.2340009212493896,1.25339674949646,0.42070555686950684,1.25339674949646,0.42070555686950684,1.5513476133346558,0.7915657758712769
951,-3.0447652339935303,-2.266728639602661,0.3970475873102741,0.46269360122581316,1.2293637865533436,2.0955922603607178,2.3515191078186035,2.0955922603607178,2.3515191078186035,2.416013717651367,2.3515191078186035,1.4565554857254028,0.3860657215118408,1.4565554857254028,0.3860657215118408,1.6920192241668701,0.673247754573822
952,-2.7513301372528076,-1.8742231130599976,0.7403795956758161,0.4976456638922293,0.4585741889787218,1.1572679281234741,0.7422679662704468,1.1572679281234741,0.7422679662704468,1.8307137489318848,1.3634424209594727,0.7422679662704468,0.6706119775772095,0.7422679662704468,0.6706119775772095,1.0528552532196045,0.9380298256874084
953,-3.6361312866210938,-2.40179705619812,0.6851997701699531,0.9903410965825126,0.5486325249324242,1.505328893661499,1.8193507194519043,1.505328893661499,1.8193507194519043,2.5525078773498535,1.8193507194519043,1.1609920263290405,0.744168758392334,1.1609920263290405,0.744168758392334,1.4901714324951172,1.133758306503296
954,-2.279813766479492,-2.9797322750091553,0.8547126111760739,0.8640128649212417,1.0833828959800302,1.3384616374969482,3.0645225048065186,1.3384616374969482,3.0645225048065186,2.2483720779418945,3.0645225048065186,1.2227286100387573,0.7994461059570312,1.2227286100387573,0.7994461059570312,1.6910195350646973,1.2988803386688232
955,-4.124146938323975,-2.887493371963501,0.5523093272000552,1.1858844279870389,0.9716759522631764,1.7035067081451416,1.8380961418151855,1.7035067081451416,1.8380961418151855,2.8702151775360107,2.9722838401794434,1.3175328969955444,0.5422372817993164,1.3175328969955444,0.5422372817993164,1.865617036819458,1.164747953414917
956,-0.041993647813797,-3.086662530899048,0.9350760486349459,0.6805499072000387,1.293412910550833,1.9229519367218018,3.1714529991149902,1.9229519367218018,3.1714529991149902,3.581413745880127,3.1714529991149902,1.4122052192687988,0.8045706748962402,1.4122052192687988,0.8045706748962402,1.9508085250854492,1.2298864126205444
957,-3.208270788192749,-2.306246757507324,0.014843008319536555,1.3522925543536743,0.7911737853785354,2.9482905864715576,1.474853754043579,2.9482905864715576,1.474853754043579,4.097002983093262,2.3910374641418457,1.464522123336792,0.010703563690185547,1.464522123336792,0.010703563690185547,1.922452449798584,0.5193514823913574
958,-0.7998443841934204,-2.299553632736206,0.7285664179051916,0.05466080182542399,1.4480243521432081,2.5394816398620605,2.3843441009521484,2.5394816398620605,2.3843441009521484,4.163036346435547,2.3843441009521484,1.5786445140838623,0.013437747955322266,1.5786445140838623,0.013437747955322266,1.975975751876831,0.3478116989135742
959,-2.1244094371795654,-1.1953411102294922,0.19121221418182044,0.992802439170579,0.16629720763613753,2.0030977725982666,1.2668758630752563,2.0030977725982666,1.2668758630752563,2.548086166381836,1.2668758630752563,1.0697565078735352,0.018274545669555664,1.0697565078735352,0.018274545669555664,1.168316125869751,0.13684183359146118
960,-0.7819712162017822,-2.0107250213623047,0.4876003480330109,0.1937756371870636,1.151725371629,2.090927839279175,2.095515489578247,2.090927839279175,2.095515489578247,2.8964545726776123,2.095515489578247,1.357216477394104,0.2838563919067383,1.357216477394104,0.2838563919067383,1.6193735599517822,0.520813524723053
961,-3.657444715499878,-1.1113134622573853,0.17834865110615883,0.6285622780273357,0.12677898781995,1.110486388206482,0.9201365113258362,1.110486388206482,0.9201365113258362,1.3252432346343994,0.9201365113258362,0.725647509098053,0.35415953397750854,0.725647509098053,0.35415953397750854,0.8228920102119446,0.4614264667034149
962,-0.8404207229614258,-1.8689732551574707,0.8643727570399644,0.16374548846855763,0.6632313451357184,1.6791728734970093,0.8299252986907959,1.6791728734970093,0.8299252986907959,2.9704012870788574,1.953763723373413,0.8299252986907959,0.26549673080444336,0.8299252986907959,0.26549673080444336,1.2873352766036987,0.6543103456497192
963,-2.339787244796753,-1.706024169921875,0.20345057701071112,1.187225557838877,0.13772425134976696,2.185722589492798,1.52159583568573,2.185722589492798,1.52159583568573,2.482548713684082,1.52159583568573,1.3128911256790161,0.3432978391647339,1.3128911256790161,0.3432978391647339,1.417243480682373,0.47058600187301636
964,-2.9901835918426514,-2.2426655292510986,0.5329926260684927,0.20483605348815503,1.3272131851812206,2.362185001373291,2.327455997467041,2.362185001373291,2.327455997467041,3.2503867149353027,2.327455997467041,1.5230709314346313,0.2940647602081299,1.5230709314346313,0.2940647602081299,1.8126096725463867,0.5483705997467041
965,-3.4661762714385986,-1.7821567058563232,0.7490894577031333,0.7023916285795471,0.15305207426970213,1.4669444561004639,0.7816102504730225,1.4669444561004639,0.7816102504730225,2.7159857749938965,1.575554370880127,0.7816102504730225,0.35531604290008545,0.7816102504730225,0.35531604290008545,1.1785823106765747,0.7413610816001892
966,-2.2970049381256104,-2.7782304286956787,0.8395931533848244,0.9622979567696648,0.7987156540279592,1.3093304634094238,1.9189459085464478,1.3093304634094238,1.9189459085464478,2.4566774368286133,1.9189459085464478,1.1254940032958984,0.9619091749191284,1.1254940032958984,0.9619091749191284,1.5222198963165283,1.4410884380340576
967,-2.1199793815612793,-2.920819044113159,0.5507972596461577,1.1218647226567071,1.0705333972970639,1.585474967956543,1.7636330127716064,1.585474967956543,1.7636330127716064,2.9131221771240234,3.0056095123291016,1.2461543083190918,0.5338716506958008,1.2461543083190918,0.5338716506958008,1.8444271087646484,1.208938479423523
968,-2.3441503047943115,-2.6591498851776123,0.4917311309278014,0.7094892309606073,1.2803056203573941,2.024351119995117,2.7439401149749756,2.024351119995117,2.7439401149749756,2.6511588096618652,2.7439401149749756,1.4774909019470215,0.4713411331176758,1.4774909019470215,0.4713411331176758,1.8514569997787476,0.8841572403907776
969,-0.7294018864631653,-2.189462184906006,0.5625645175700384,0.6552002576117715,0.7940739836295447,1.0914472341537476,2.2742528915405273,1.0914472341537476,2.2742528915405273,1.7555789947509766,2.2742528915405273,1.0186610221862793,0.5619741678237915,1.0186610221862793,0.5619741678237915,1.3590614795684814,0.9560243487358093
970,-4.178229808807373,-1.8088732957839966,0.16189705700923995,0.7432143870120247,0.7261381872495016,1.3888965845108032,1.0517065525054932,1.3888965845108032,1.0517065525054932,2.5118703842163086,1.893663763999939,0.875455915927887,0.18143367767333984,0.875455915927887,0.18143367767333984,1.294582486152649,0.6850621700286865
971,-1.6920630931854248,-2.041182041168213,0.9733423448354005,0.14271628130227332,0.7474997505173088,1.9432475566864014,0.9167850017547607,1.9432475566864014,0.9167850017547607,3.3664796352386475,2.1259725093841553,0.9167850017547607,0.24449825286865234,0.9167850017547607,0.24449825286865234,1.4241371154785156,0.6645224094390869
972,-4.4073567390441895,-2.108769178390503,0.4373546857138473,1.3759994619836413,0.11779136617978403,2.502439498901367,1.9440293312072754,2.502439498901367,1.9440293312072754,3.4407124519348145,1.9440293312072754,1.5283970832824707,0.2976419925689697,1.5283970832824707,0.2976419925689697,1.736213207244873,0.5544751882553101
973,-2.230860710144043,-3.0807979106903076,0.971058013985554,0.46682906093696763,1.4652871712545554,2.4309844970703125,3.16558837890625,2.4309844970703125,3.16558837890625,4.26949405670166,3.16558837890625,1.5716207027435303,0.5748486518859863,1.5716207027435303,0.5748486518859863,2.127666473388672,1.0094552040100098
974,-2.6307618618011475,-2.713897466659546,0.5657098945975305,1.4577325907349588,0.5128313168138265,2.3535261154174805,2.152175188064575,2.3535261154174805,2.152175188064575,3.2780866622924805,2.152175188064575,1.6151793003082275,0.6635606288909912,1.6151793003082275,0.6635606288909912,1.8836772441864014,1.000011920928955
975,-2.8340818881988525,-3.0177109241485596,0.5966635528455173,0.6603993399317067,1.5830243668581052,2.590226888656616,3.102501392364502,2.590226888656616,3.102501392364502,3.054582118988037,3.102501392364502,1.7277748584747314,0.5444371700286865,1.7277748584747314,0.5444371700286865,2.09138822555542,0.9230636954307556
976,-1.6897523403167725,-2.4702861309051514,0.6896722140163185,0.8392036159522831,0.7637863980047404,1.1217079162597656,1.6616519689559937,1.1217079162597656,1.6616519689559937,1.9494844675064087,2.5550763607025146,1.0005956888198853,0.6849262714385986,1.0005956888198853,0.6849262714385986,1.4280946254730225,1.215477466583252
977,0.027900192886590958,-2.4430058002471924,0.40212215202550117,0.9158080256233613,0.9474519580850996,1.5573328733444214,2.5277962684631348,1.5573328733444214,2.5277962684631348,2.655277967453003,2.5277962684631348,1.1618719100952148,0.4061098098754883,1.1618719100952148,0.4061098098754883,1.6387584209442139,0.9275023937225342
978,-1.2104392051696777,-1.7053810358047485,0.031832153995831725,0.5203531842182081,1.0392362218598523,2.210385799407959,1.7901713848114014,2.210385799407959,1.7901713848114014,2.940131187438965,1.7901713848114014,1.3166494369506836,0.006474614143371582,1.3166494369506836,0.006474614143371582,1.5569632053375244,0.31241071224212646
979,0.4636003375053406,-0.8461251258850098,0.2781688680127264,0.0667597101256252,0.4570923034846782,1.111748218536377,0.9309155344963074,1.111748218536377,0.9309155344963074,1.731024980545044,0.9309155344963074,0.6422382593154907,0.00899416208267212,0.6422382593154907,0.00899416208267212,0.7902456521987915,0.147215336561203
980,-0.8546902537345886,-0.11195669323205948,0.15860147897154087,0.3080497555062174,0.21511527761816973,0.8349213004112244,0.20548616349697113,0.8349213004112244,0.20548616349697113,0.9497852921485901,0.1967470794916153,0.32663682103157043,0.12485792487859726,0.32663682103157043,0.12485792487859726,0.3222910165786743,0.1300753951072693
981,-1.0723050832748413,-0.42606306076049805,0.19030115722989038,0.18854627885545283,0.2466844880705078,0.8543382883071899,0.5108534693717957,0.8543382883071899,0.5108534693717957,1.441047191619873,0.5108534693717957,0.41994282603263855,0.13954022526741028,0.41994282603263855,0.13954022526741028,0.5271402597427368,0.10587534308433533
982,-0.9504286646842957,-0.2501625120639801,0.2394311303459108,0.18575747575610874,0.3526497883535921,0.1606961488723755,0.3349528908729553,0.1606961488723755,0.3349528908729553,0.5403082370758057,0.3349528908729553,0.1606961488723755,0.21393349766731262,0.1606961488723755,0.21393349766731262,0.13317163288593292,0.34378930926322937
983,-0.9539949297904968,-0.7898106575012207,0.21448577219620335,0.2692309855297208,0.12847023526206625,0.40540093183517456,0.5777492523193359,0.40540093183517456,0.5777492523193359,0.6672340035438538,0.5777492523193359,0.3423018157482147,0.3437155783176422,0.3423018157482147,0.3437155783176422,0.4600255489349365,0.4634518027305603
984,-2.3250019550323486,-0.8431383371353149,0.21508793393770864,0.2339180901894967,0.21650864849487927,0.3095059394836426,0.5456286668777466,0.3095059394836426,0.5456286668777466,0.7322143316268921,0.9279287457466125,0.3095059394836426,0.23824822902679443,0.3095059394836426,0.23824822902679443,0.5016703605651855,0.45490866899490356
985,-2.191995620727539,-1.1254931688308716,0.5578816064447165,0.21987117737531653,0.17011660128831863,0.9628304243087769,0.5733823180198669,0.9628304243087769,0.5733823180198669,1.2625386714935303,0.8763461709022522,0.5733823180198669,0.37461864948272705,0.5733823180198669,0.37461864948272705,0.7248642444610596,0.507469892501831
986,-1.0036489963531494,-1.6290757656097412,0.5446197849636276,0.705957858649393,0.20087445748349042,1.198978066444397,1.3785320520401,1.198978066444397,1.3785320520401,2.1759588718414307,1.3785320520401,0.8409865498542786,0.4170348644256592,0.8409865498542786,0.4170348644256592,1.1097593307495117,0.7163856625556946
987,-1.131950855255127,-1.911342740058899,0.22929443013543893,0.6887587356815736,0.815665909728656,1.595402717590332,1.9961332082748413,1.595402717590332,1.9961332082748413,2.4031405448913574,1.9961332082748413,1.0695728063583374,0.2437211275100708,1.0695728063583374,0.2437211275100708,1.4098310470581055,0.6513277292251587
988,-0.5944032073020935,-1.4213123321533203,0.25723153995970915,0.267337476412455,0.7191196512679259,1.3510531187057495,1.5061028003692627,1.3510531187057495,1.5061028003692627,1.5698573589324951,1.5061028003692627,0.9513542652130127,0.2673311233520508,0.9513542652130127,0.2673311233520508,1.0902656316757202,0.4490332305431366
989,-1.584264874458313,-0.7877942323684692,0.12515943969289467,0.2946341640750567,0.19037696408728755,0.5278967618942261,0.5176863074302673,0.5278967618942261,0.5176863074302673,0.9832730889320374,0.8725846409797668,0.3690463900566101,0.1512630581855774,0.3690463900566101,0.1512630581855774,0.5471864342689514,0.35750651359558105
990,2.589595079421997,-0.8990955948829651,0.3702918797607223,0.11586298594872146,0.23531706466029095,0.6571351289749146,0.38747304677963257,0.6571351289749146,0.38747304677963257,1.2641698122024536,0.9838860034942627,0.38747304677963257,0.18906599283218384,0.38747304677963257,0.18906599283218384,0.6068748831748962,0.39328330755233765
991,-1.2915277481079102,0.19900265336036682,0.8323697468390066,0.44336194987098365,0.012381479094425774,0.8099846839904785,0.8099846839904785,0.8099846839904785,0.8099846839904785,1.0254381895065308,0.31428009271621704,0.8099846839904785,0.23985275626182556,0.8099846839904785,0.23985275626182556,0.5621323585510254,0.4358821511268616
992,0.789444088935852,-0.04865685850381851,0.3343937414387862,0.8501513050993281,0.38679074274996894,0.7799252271652222,0.46516844630241394,0.7799252271652222,0.46516844630241394,0.710002064704895,0.13344725966453552,0.7799252271652222,0.4182642996311188,0.7799252271652222,0.4182642996311188,0.4809380769729614,0.6795236468315125
993,-0.8890976905822754,0.6943368911743164,0.2344162512073914,0.3071133767565093,0.9446576216320197,0.7475792765617371,0.609546422958374,0.7475792765617371,0.609546422958374,0.9116596579551697,0.609546422958374,0.7475792765617371,0.19445443153381348,0.7475792765617371,0.19445443153381348,0.5731250047683716,0.10664162039756775
994,-0.04445601999759674,-0.37090349197387695,0.20100823647653066,0.2841967145229378,0.2764683055070538,0.2365882396697998,0.016754895448684692,0.2365882396697998,0.016754895448684692,0.7828980684280396,0.45569390058517456,0.2365882396697998,0.2303575575351715,0.2365882396697998,0.2303575575351715,0.23690620064735413,0.45015060901641846
995,-0.664337158203125,0.0949305072426796,0.01998057900617517,0.20504319650431474,0.45761680415521067,0.260556161403656,0.010140106081962585,0.260556161403656,0.010140106081962585,0.4673159122467041,0.010140106081962585,0.260556161403656,0.011119149625301361,0.260556161403656,0.011119149625301361,0.14098714292049408,0.11483664810657501
996,-0.24035565555095673,-0.4043136239051819,0.14037769842892872,0.03808551773428914,0.12439780849963439,0.33059751987457275,0.16565966606140137,0.33059751987457275,0.16565966606140137,0.8836514949798584,0.4891040623188019,0.16565966606140137,0.013215124607086182,0.16565966606140137,0.013215124607086182,0.3215397894382477,0.169051393866539
997,-1.027896523475647,-0.16797703504562378,0.030873991188903688,0.14388447811206181,0.18440506896624964,0.015456825494766235,0.2527674734592438,0.015456825494766235,0.2527674734592438,0.3568573296070099,0.2527674734592438,0.015456825494766235,0.060738854110240936,0.015456825494766235,0.060738854110240936,0.10391736030578613,0.1497347354888916
998,0.40388092398643494,-0.4644619822502136,0.23047268485650418,0.014857529401779257,0.0415080438740551,0.4649306833744049,0.2535495162010193,0.4649306833744049,0.2535495162010193,0.8253269195556641,0.5492523312568665,0.2535495162010193,0.06964695453643799,0.2535495162010193,0.06964695453643799,0.36980128288269043,0.18351006507873535
999,0.029281342402100563,-0.1759723424911499,0.14101378024866185,0.25752540721247597,0.11816294898589452,0.7170663475990295,0.18316832184791565,0.7170663475990295,0.18316832184791565,0.59874427318573,0.18316832184791565,0.2886943519115448,0.0894610807299614,0.2886943519115448,0.0894610807299614,0.23593133687973022,0.053627949208021164
1000,-0.9243252277374268,-0.14953604340553284,0.03848642909278477,0.16191541024794176,0.17231427783767383,0.7257705926895142,0.23432651162147522,0.7257705926895142,0.23432651162147522,0.6317999362945557,0.23432651162147522,0.34920990467071533,0.007641851902008057,0.34920990467071533,0.007641851902008057,0.2954971194267273,0.06892247498035431
1001,-0.4539715349674225,-0.011412817984819412,0.2021491893132528,0.048179055384049846,0.32018096928174294,0.12319552898406982,0.09620324522256851,0.12319552898406982,0.09620324522256851,0.4715254306793213,0.09620324522256851,0.12319552898406982,0.007105864584445953,0.12319552898406982,0.007105864584445953,0.11354982107877731,0.11243608593940735
1002,0.8113275170326233,-0.2685542702674866,0.08586877858887118,0.2152684502924482,0.21020662312706312,0.5034825801849365,0.36251506209373474,0.5034825801849365,0.36251506209373474,0.49492448568344116,0.3533446788787842,0.24954169988632202,0.11487644910812378,0.24954169988632202,0.11487644910812378,0.2449255883693695,0.10963916778564453
1003,0.36470845341682434,-0.16004949808120728,0.253966381959617,0.09817631185054779,0.1382159036770462,0.21843329071998596,0.21843329071998596,0.21843329071998596,0.21843329071998596,0.6123700141906738,0.24483990669250488,0.21843329071998596,0.1399591863155365,0.21843329071998596,0.1399591863155365,0.17171713709831238,0.3009190559387207
1004,-0.04478081315755844,0.2647998631000519,0.13434998383124663,0.2686023659755786,0.03947114800413454,0.23497697710990906,0.33027175068855286,0.23497697710990906,0.33027175068855286,0.21297810971736908,0.33027175068855286,0.23497697710990906,0.14010778069496155,0.23497697710990906,0.14010778069496155,0.28262436389923096,0.09030857682228088
1005,0.2888457477092743,0.3967345058917999,0.019816948150595093,0.11965504919489228,0.43488620286186525,0.22673851251602173,0.3119441270828247,0.22673851251602173,0.3119441270828247,0.20466390252113342,0.3119441270828247,0.22673851251602173,0.01144397258758545,0.22673851251602173,0.01144397258758545,0.2750214636325836,0.044425174593925476
1006,0.3085322380065918,0.2579771876335144,0.10920213999847572,0.014734119332085072,0.3116645928161839,0.11034536361694336,0.1731867790222168,0.11034536361694336,0.1731867790222168,0.16560351848602295,0.1731867790222168,0.11034536361694336,0.01129138469696045,0.11034536361694336,0.01129138469696045,0.1476508229970932,0.03713156282901764
1007,1.5576552152633667,0.22827371954917908,0.11582527752965688,0.11107382670044896,0.1789983096346259,0.11723753809928894,0.14348334074020386,0.11723753809928894,0.14348334074020386,0.03672716021537781,0.14348334074020386,0.013682126998901367,0.07769784331321716,0.013682126998901367,0.07769784331321716,0.04037941247224808,0.11766047775745392
1008,0.5658173561096191,0.6927045583724976,0.4874223234007756,0.09800971901665134,0.2848961804683009,0.4409744143486023,0.4409744143486023,0.4409744143486023,0.4409744143486023,0.18507075309753418,0.6079141497612,0.4409744143486023,0.08483803272247314,0.4409744143486023,0.08483803272247314,0.4836101830005646,0.12817087769508362
1009,0.9757243394851685,0.7939420342445374,0.20243682030588395,0.4877910166978835,0.28133792135864494,0.4670902490615845,0.6153689622879028,0.4670902490615845,0.6153689622879028,0.2162332534790039,0.7091516852378845,0.4670902490615845,0.17149507999420166,0.4670902490615845,0.17149507999420166,0.5136666893959045,0.21512410044670105
1010,2.6050565242767334,0.9125863313674927,0.3067655428871511,0.1537646900862456,0.6296798225119711,0.4047788381576538,0.8277959823608398,0.4047788381576538,0.8277959823608398,0.5185078978538513,0.8277959823608398,0.4047788381576538,0.1476372480392456,0.4047788381576538,0.1476372480392456,0.5405466556549072,0.27799180150032043
1011,0.3415866196155548,1.305877447128296,0.8378903494899475,0.28875512731572006,0.3568556348358587,0.7955060601234436,0.7955060601234436,0.7955060601234436,0.7955060601234436,0.4568706750869751,1.2210869789123535,0.7955060601234436,0.3077467679977417,0.7955060601234436,0.3077467679977417,0.8740867376327515,0.3891414403915405
1012,-0.604974091053009,1.2713806629180908,0.1463793081293503,0.8342246872062484,0.4684003320957224,0.821640133857727,0.908932089805603,0.821640133857727,0.908932089805603,0.6643785834312439,1.1865901947021484,0.821640133857727,0.11723971366882324,0.821640133857727,0.11723971366882324,0.9598093628883362,0.2455470860004425
1013,1.5055233240127563,0.6438656449317932,0.12971198202421258,0.08563098459194096,0.8655703664819399,0.6203262209892273,0.5590752959251404,0.6203262209892273,0.5590752959251404,0.44924020767211914,0.5590752959251404,0.6203262209892273,0.06741631031036377,0.6203262209892273,0.06741631031036377,0.5444387197494507,0.06971591711044312
1014,0.9285187125205994,0.45495322346687317,0.4660279658933479,0.14963215971986443,0.31618108180661997,0.41818082332611084,0.41818082332611084,0.41818082332611084,0.41818082332611084,0.177143394947052,0.37016281485557556,0.41818082332611084,0.15248486399650574,0.41818082332611084,0.15248486399650574,0.474409282207489,0.10147792100906372
1015,1.6950916051864624,0.6146925091743469,0.3129233700409531,0.49440149962902064,0.015008695982396514,0.4817532002925873,0.733786404132843,0.4817532002925873,0.733786404132843,0.5807727575302124,0.733786404132843,0.4817532002925873,0.18789130449295044,0.4817532002925873,0.18789130449295044,0.607769787311554,0.1422433853149414
1016,0.5904446244239807,1.247652530670166,0.5458631508611145,0.26316043969243763,0.6162524854205547,0.3468778133392334,1.162861943244934,0.3468778133392334,1.162861943244934,0.8537889719009399,1.162861943244934,0.40266358852386475,0.2786029577255249,0.40266358852386475,0.2786029577255249,0.6555050015449524,0.5170131325721741
1017,-0.28877225518226624,1.0151339769363403,0.21119237185766293,0.522540034049501,0.4590252355424067,0.5111635327339172,0.66492760181427,0.5111635327339172,0.66492760181427,0.5537185668945312,0.9303435683250427,0.5111635327339172,0.18498164415359497,0.5111635327339172,0.18498164415359497,0.6429325342178345,0.3095984160900116
1018,1.4650330543518066,0.5997780561447144,0.04746389571577292,0.16426875032484517,0.6605968064442277,0.43128371238708496,0.514987587928772,0.43128371238708496,0.514987587928772,0.2863200306892395,0.514987587928772,0.43128371238708496,0.07387363910675049,0.43128371238708496,0.07387363910675049,0.5093334913253784,0.06920519471168518
1019,0.7336044311523438,0.5929667949676514,0.4523468950390816,0.06767311271280063,0.3859166771546007,0.4032738208770752,0.4032738208770752,0.4032738208770752,0.4032738208770752,0.3236190378665924,0.5081763863563538,0.4032738208770752,0.07250404357910156,0.4032738208770752,0.07250404357910156,0.4937122166156769,0.08613461256027222
1020,0.20273417234420776,0.6389204263687134,0.2519697720433275,0.4714252593989174,0.09314905943969887,0.45195022225379944,0.6478779911994934,0.45195022225379944,0.6478779911994934,0.4525594711303711,0.6478779911994934,0.45195022225379944,0.08694612979888916,0.45195022225379944,0.08694612979888916,0.5499141216278076,0.11047139763832092
1021,-0.3412330746650696,0.7158594131469727,0.0848035456240176,0.20624788254499438,0.602431649491191,0.3782908320426941,0.631069004535675,0.3782908320426941,0.631069004535675,0.3789174258708954,0.631069004535675,0.3782908320426941,0.0547257661819458,0.3782908320426941,0.0547257661819458,0.4786054790019989,0.14388979971408844
1022,0.402422159910202,0.26266056299209595,0.05664754775663211,0.08146814210961262,0.41546363315234575,0.2102891057729721,0.17787015438079834,0.2102891057729721,0.17787015438079834,0.12353828549385071,0.17787015438079834,0.2102891057729721,0.08489227294921875,0.2102891057729721,0.08489227294921875,0.2367560863494873,0.0603468120098114
1023,-0.8647149205207825,0.16409675776958466,0.14006603019932906,0.0639594309901198,0.2656138379747669,0.0009506642818450928,0.07930635660886765,0.0009506642818450928,0.07930635660886765,0.10498494654893875,0.07930635660886765,0.06469130516052246,0.08749032020568848,0.06469130516052246,0.08749032020568848,0.11692474782466888,0.05224153399467468
1024,-1.3773877620697021,-0.132229745388031,0.189983728112032,0.15870007066677014,0.07667757657046118,0.5726637244224548,0.21699434518814087,0.5726637244224548,0.21699434518814087,0.456161230802536,0.10556244105100632,0.21699434518814087,0.1078793853521347,0.21699434518814087,0.1078793853521347,0.1612783968448639,0.05615147203207016
1025,0.13115859031677246,-0.3472639322280884,0.31557354769359025,0.1859433334755401,0.3318766134542723,0.14115166664123535,0.432054340839386,0.14115166664123535,0.432054340839386,0.7104976177215576,0.432054340839386,0.14115166664123535,0.2201766073703766,0.14115166664123535,0.2201766073703766,0.1705431491136551,0.3866865038871765
1026,-0.6434269547462463,-0.6244304180145264,0.064587352151672,0.3774208205689986,0.13397322547932466,0.908597469329834,0.40852344036102295,0.908597469329834,0.40852344036102295,1.4480206966400146,0.7092207670211792,0.44241368770599365,0.03495258092880249,0.44241368770599365,0.03495258092880249,0.5926156640052795,0.18083573877811432
1027,-1.311468243598938,-0.5427453517913818,0.13681765078877406,0.0912194895620147,0.3195234664467474,0.9104207158088684,0.6275357007980347,0.9104207158088684,0.6275357007980347,1.2704637050628662,0.6275357007980347,0.5023540258407593,0.04123431444168091,0.5023540258407593,0.04123431444168091,0.5822198987007141,0.07998110353946686
1028,0.9937822818756104,-0.36259907484054565,0.29911206039910515,0.12572342998658617,0.23986008005837597,0.722505509853363,0.3208753764629364,0.722505509853363,0.3208753764629364,0.6792775392532349,0.44738948345184326,0.3208753764629364,0.16867667436599731,0.3208753764629364,0.16867667436599731,0.2986679673194885,0.14792600274085999
1029,0.28880152106285095,-0.2590864300727844,0.31225657402227325,0.35713966683795056,0.036579613139232026,1.1906222105026245,0.12602868676185608,1.1906222105026245,0.12602868676185608,0.8555301427841187,0.12602868676185608,0.3970402479171753,0.2603960633277893,0.3970402479171753,0.2603960633277893,0.2615344524383545,0.13945667445659637
1030,-1.964684009552002,-0.003700070083141327,0.1119810250028968,0.34310175273567434,0.28115919075906276,0.3172473907470703,0.3923516869544983,0.3172473907470703,0.3923516869544983,0.7368462681770325,0.08849049359560013,0.3172473907470703,0.0801171287894249,0.3172473907470703,0.0801171287894249,0.24020619690418243,0.22118954360485077
1031,0.3568023443222046,-0.03838997334241867,0.4615513071045281,0.11502144999802111,0.4857635855302216,0.28511255979537964,0.12318035215139389,0.28511255979537964,0.12318035215139389,1.0518842935562134,0.12318035215139389,0.28511255979537964,0.061513908207416534,0.28511255979537964,0.061513908207416534,0.24234387278556824,0.23350298404693604
1032,-0.616374671459198,-0.27002429962158203,0.13155512312427142,0.5334143542312084,0.3094585959985853,1.266705870628357,0.44278088212013245,1.266705870628357,0.44278088212013245,1.20448637008667,0.35481470823287964,0.5350266695022583,0.1007142961025238,0.5350266695022583,0.1007142961025238,0.4912441372871399,0.15919162333011627
1033,-1.7186024188995361,-0.7185963988304138,0.13207548306634032,0.16012646308789658,0.5690237143387398,1.3114384412765503,0.8033868074417114,1.3114384412765503,0.8033868074417114,1.239647626876831,0.8033868074417114,0.743293046951294,0.1536458134651184,0.743293046951294,0.1536458134651184,0.697044312953949,0.09337949752807617
1034,-1.1084473133087158,-0.3782363533973694,0.3993672194766502,0.11357224548856415,0.3123267760810753,1.0086348056793213,0.41694557666778564,1.0086348056793213,0.41694557666778564,0.8964108824729919,0.463026762008667,0.41694557666778564,0.1549922525882721,0.41694557666778564,0.1549922525882721,0.35820144414901733,0.09940049052238464
1035,-1.5178791284561157,-0.9587950706481934,0.25917325766136257,0.4780510124688346,0.04394713600476585,0.8645713329315186,0.8355743885040283,0.8645713329315186,0.8355743885040283,1.2978720664978027,0.8355743885040283,0.5620085000991821,0.26097649335861206,0.5620085000991821,0.26097649335861206,0.6987914443016052,0.40702342987060547
1036,-1.719438076019287,-1.3319108486175537,0.35494358442723734,0.2923561191745103,0.5069875997118654,0.9534090161323547,1.4167014360427856,0.9534090161323547,1.4167014360427856,1.4340832233428955,1.4167014360427856,0.734067440032959,0.39106500148773193,0.734067440032959,0.39106500148773193,0.9244104027748108,0.5746798515319824
1037,-2.721315622329712,-1.2573113441467285,0.41152650224665793,0.4191647864754001,0.2489963909114401,0.6420031785964966,0.9452146291732788,0.6420031785964966,0.9452146291732788,1.2359626293182373,0.9452146291732788,0.5239343643188477,0.4727780222892761,0.5239343643188477,0.4727780222892761,0.7345744967460632,0.6943538188934326
1038,-1.8489388227462769,-1.7660911083221436,0.6618915584559238,0.49303242814416715,0.43354345720882215,1.005915641784668,0.6705317497253418,1.005915641784668,0.6705317497253418,1.6815210580825806,1.2814046144485474,0.6705317497253418,0.6516275405883789,0.6705317497253418,0.6516275405883789,0.9759681820869446,0.9159455299377441
1039,-0.3544960618019104,-2.0505001544952393,0.45358767610043316,0.8744139642640945,0.5448748496174814,1.3223963975906372,1.4765088558197021,1.3223963975906372,1.4765088558197021,1.9300159215927124,2.1352906227111816,1.030653953552246,0.47620511054992676,1.030653953552246,0.47620511054992676,1.3573431968688965,0.8845121264457703
1040,-1.0019547939300537,-1.8040651082992554,0.06445133232822009,0.5719645505522689,0.9900255609055361,2.0760865211486816,1.8888555765151978,2.0760865211486816,1.8888555765151978,2.7717137336730957,1.8888555765151978,1.2590383291244507,0.08288991451263428,1.2590383291244507,0.08288991451263428,1.5296366214752197,0.425637423992157
1041,-1.7581642866134644,-0.9956676959991455,0.22594926154861839,0.05334603744248567,0.5387487324948111,1.1789751052856445,1.080458164215088,1.1789751052856445,1.080458164215088,1.575670599937439,1.080458164215088,0.7418283224105835,0.11979174613952637,0.7418283224105835,0.11979174613952637,0.8644596338272095,0.2414582073688507
1042,-1.1364792585372925,-0.7592825889587402,0.41551550917327407,0.23145586136728524,0.06531244609504938,0.8387582898139954,0.43925225734710693,0.8387582898139954,0.43925225734710693,1.3121087551116943,0.7281033992767334,0.43925225734710693,0.1351262927055359,0.43925225734710693,0.1351262927055359,0.5836778283119202,0.2751379609107971
1043,-1.289469599723816,-1.1552608013153076,0.26658289987593886,0.5039838801696896,0.2070703567564488,0.8223851919174194,0.8858239650726318,0.8223851919174194,0.8858239650726318,1.1507130861282349,0.8858239650726318,0.6053978204727173,0.43627357482910156,0.6053978204727173,0.43627357482910156,0.7456108927726746,0.5864289999008179
1044,-0.8500291705131531,-1.3065989017486572,0.29844374032070253,0.30476450280596806,0.5257669941087564,0.9801445007324219,1.3913893699645996,0.9801445007324219,1.3913893699645996,1.2644330263137817,1.3913893699645996,0.7566496133804321,0.31279563903808594,0.7566496133804321,0.31279563903808594,0.9165688753128052,0.5139895677566528
1045,-0.43630751967430115,-0.9683347940444946,0.19068740494549274,0.34767555702477704,0.25234816756099454,0.5652971267700195,0.6448482871055603,0.5652971267700195,0.6448482871055603,1.0416744947433472,1.053125262260437,0.434054970741272,0.21538466215133667,0.434054970741272,0.21538466215133667,0.6390609741210938,0.4563862979412079
1046,-1.82262122631073,-0.7780907154083252,0.0849218904102843,0.2104343924547235,0.3051107680300871,0.8059664964675903,0.8628811240196228,0.8059664964675903,0.8628811240196228,1.0999140739440918,0.8628811240196228,0.5247447490692139,0.1095169186592102,0.5247447490692139,0.1095169186592102,0.6394572257995605,0.2504069209098816
1047,0.03752708062529564,-0.7888768315315247,0.42894989972313247,0.06359347244103764,0.11870973524947953,0.8344285488128662,0.446187824010849,0.8344285488128662,0.446187824010849,1.2711743116378784,0.8736671805381775,0.446187824010849,0.1311730146408081,0.446187824010849,0.1311730146408081,0.6023658514022827,0.28003352880477905
1048,-1.849602222442627,-0.6144108176231384,0.040882068748275324,0.5113230964665612,0.03365387460837771,1.1312675476074219,0.5550872087478638,1.1312675476074219,0.5550872087478638,1.1199147701263428,0.5550872087478638,0.5647075176239014,0.1847873330116272,0.5647075176239014,0.1847873330116272,0.5598973631858826,0.1796160191297531
1049,-1.0648465156555176,-1.0528607368469238,0.43572915870075424,0.07596788084755357,0.5154757944804929,1.2080340385437012,1.1376512050628662,1.2080340385437012,1.1376512050628662,2.1718225479125977,1.1376512050628662,0.6957138776779175,0.012006282806396484,0.6957138776779175,0.012006282806396484,0.9216177463531494,0.222143292427063
1050,-0.7488225698471069,-0.7174067497253418,0.2479541621419291,0.5013901357601087,0.20956121268992633,1.064789056777954,0.8139393925666809,1.064789056777954,0.8139393925666809,1.7328110933303833,0.8139393925666809,0.5533655881881714,0.015389859676361084,0.5533655881881714,0.015389859676361084,0.6836525201797485,0.14192524552345276
1051,-0.6716234087944031,-1.1934852600097656,0.16406205400824547,0.28729809850454335,0.5645014429837465,1.1717711687088013,1.278275728225708,1.1717711687088013,1.278275728225708,1.4792054891586304,1.278275728225708,0.799582302570343,0.18201947212219238,0.799582302570343,0.18201947212219238,0.9466060400009155,0.3713298439979553
1052,-0.15965336561203003,-0.7014604806900024,0.14362626827011515,0.17275362874070796,0.207456919165949,0.5526469349861145,0.7862508893013,0.5526469349861145,0.7862508893013,0.7590585947036743,0.7862508893013,0.4189337491989136,0.16790956258773804,0.4189337491989136,0.16790956258773804,0.5196020603179932,0.2874283790588379
1053,0.48130524158477783,-0.4157888889312744,0.01188194500903289,0.15108973513046903,0.07519354427854219,0.35197487473487854,0.24380365014076233,0.35197487473487854,0.24380365014076233,0.7625530958175659,0.500579297542572,0.20317941904067993,0.040780603885650635,0.20317941904067993,0.040780603885650635,0.3317459225654602,0.18136724829673767
1054,-1.5182859897613525,-0.06328767538070679,0.1611952904239297,0.008851037509739423,0.03800826378166675,0.12664908170700073,0.12664908170700073,0.12664908170700073,0.12664908170700073,0.43488889932632446,0.1480780839920044,0.12664908170700073,0.04682315140962601,0.12664908170700073,0.04682315140962601,0.1163855791091919,0.16043590009212494
1055,-0.5258186459541321,-0.21443167328834534,0.35439347439135105,0.18223412975048023,0.1353513060634334,0.9607509970664978,0.3788091838359833,0.9607509970664978,0.3788091838359833,0.820375382900238,0.2481546252965927,0.3788091838359833,0.049521178007125854,0.3788091838359833,0.049521178007125854,0.3134818971157074,0.06031195819377899
1056,1.7960889339447021,-0.29718777537345886,0.10534170344471938,0.38348552573472255,0.36926314812153577,0.9578216075897217,0.5257094502449036,0.9578216075897217,0.5257094502449036,0.8244710564613342,0.3819781541824341,0.396476149559021,0.1364014446735382,0.396476149559021,0.1364014446735382,0.3239392638206482,0.09036174416542053
1057,-1.5525404214859009,-0.14817318320274353,0.5536800582955279,0.13375165597846106,0.3904779210065801,0.5130068063735962,0.5130068063735962,0.5130068063735962,0.5130068063735962,0.886695146560669,0.23296359181404114,0.5130068063735962,0.17928779125213623,0.5130068063735962,0.17928779125213623,0.30343687534332275,0.4605974555015564
1058,-1.497572422027588,0.010149918496608734,0.3874227569748959,0.565063371087114,0.010132983798782136,0.48217758536338806,0.10089613497257233,0.48217758536338806,0.10089613497257233,0.8629974126815796,0.10089613497257233,0.48217758536338806,0.16136300563812256,0.48217758536338806,0.16136300563812256,0.2915368676185608,0.3831516206264496
1059,1.2715413570404053,-0.09476952999830246,0.34287621149172376,0.35540465590854486,0.7811350019151965,0.6451401114463806,0.17955994606018066,0.6451401114463806,0.17955994606018066,0.7408679723739624,0.17955994606018066,0.6451401114463806,0.35068196058273315,0.6451401114463806,0.35068196058273315,0.4154355227947235,0.5014284253120422
1060,-2.1370763778686523,-0.6754745244979858,0.3901029626528423,0.44662795183559273,0.44132587080200514,1.5860645771026611,0.17560988664627075,1.5860645771026611,0.17560988664627075,2.702455997467041,0.7602649331092834,0.5280698537826538,0.3532830476760864,0.5280698537826538,0.3532830476760864,0.8194053769111633,0.34687861800193787
1061,-2.099348306655884,-0.6438506245613098,0.5323388826474548,0.42612658843398066,0.3600147254392501,1.622657299041748,0.5768797993659973,1.622657299041748,0.5768797993659973,1.1842119693756104,0.1680191159248352,0.5768797993659973,0.5124751329421997,0.5768797993659973,0.5124751329421997,0.37244945764541626,0.359163761138916
1062,0.7993615865707397,-0.6031420826911926,0.5121373120571174,0.5502095164234442,0.6368283506979546,0.509850263595581,0.687932550907135,0.509850263595581,0.687932550907135,1.066807746887207,0.687932550907135,0.509850263595581,0.5474773049354553,0.509850263595581,0.5474773049354553,0.3422079086303711,0.7936280965805054
1063,-1.5215909481048584,-1.3380794525146484,0.24463414729883248,0.6666964119548597,0.7383935233453909,1.9888617992401123,1.4228699207305908,1.9888617992401123,1.4228699207305908,3.235607624053955,1.4228699207305908,1.0392849445343018,0.2055034637451172,1.0392849445343018,0.2055034637451172,1.337910771369934,0.38924574851989746
1064,-1.7615293264389038,-0.8629193902015686,0.362774375018974,0.29757997878516695,0.6201013294545312,1.444846749305725,0.9477097988128662,1.444846749305725,0.9477097988128662,2.55324649810791,0.9477097988128662,0.7765087485313416,0.24713057279586792,0.7765087485313416,0.24713057279586792,0.9706531763076782,0.1812194585800171
1065,0.542299747467041,-0.4938609004020691,0.4172745270468294,0.3700353546999395,0.4710726458579301,0.3027166724205017,0.5786513090133667,0.3027166724205017,0.5786513090133667,0.9392350912094116,0.5786513090133667,0.3027166724205017,0.389139324426651,0.3027166724205017,0.389139324426651,0.22701343894004822,0.5995680689811707
1066,0.04224882274866104,-0.968514084815979,0.17569847208758183,0.5304486790920299,0.4361402132983007,1.4347290992736816,0.4822060465812683,1.4347290992736816,0.4822060465812683,2.4355783462524414,1.0533045530319214,0.6249748468399048,0.14484047889709473,0.6249748468399048,0.14484047889709473,0.9103893041610718,0.3467862010002136
1067,-0.9943164587020874,-0.40284913778305054,0.039022762589156657,0.2109614465013146,0.4752096823602915,1.1966817378997803,0.48763954639434814,1.1966817378997803,0.48763954639434814,1.0739712715148926,0.48763954639434814,0.6437045335769653,0.011062055826187134,0.6437045335769653,0.011062055826187134,0.5710561275482178,0.10057298839092255
1068,-0.357075959444046,0.015116296708583832,0.21932995431746055,0.05038651676227651,0.3616834062275788,0.16324469447135925,0.06967411190271378,0.16324469447135925,0.06967411190271378,0.511267900466919,0.06967411190271378,0.16324469447135925,0.010021619498729706,0.16324469447135925,0.010021619498729706,0.12201592326164246,0.12032635509967804
1069,1.1038551330566406,-0.25985589623451233,0.06121434457600117,0.23644362896680834,0.2154257120192051,0.5475934743881226,0.3578590452671051,0.5475934743881226,0.3578590452671051,0.53529953956604,0.3446463346481323,0.26867222785949707,0.0910051167011261,0.26867222785949707,0.0910051167011261,0.26203131675720215,0.08337549865245819
1070,-1.2939581871032715,-0.07384263724088669,0.3407102950414021,0.07272626488159098,0.1642030028874675,0.3029875159263611,0.3029875159263611,0.3029875159263611,0.3029875159263611,0.6246024966239929,0.1586330533027649,0.3029875159263611,0.11123468726873398,0.3029875159263611,0.11123468726873398,0.18378466367721558,0.28546342253685
1071,1.0858711004257202,-0.058044128119945526,0.3055963500340779,0.356786241463075,0.06838961516196529,0.2918263375759125,0.025985702872276306,0.2918263375759125,0.025985702872276306,0.7209648489952087,0.025985702872276306,0.2918263375759125,0.10870802402496338,0.2918263375759125,0.10870802402496338,0.1589060127735138,0.2791692614555359
1072,-0.39405134320259094,0.40092819929122925,0.3367947013055284,0.32409531286607174,0.5658524753650028,0.3669816255569458,0.31613779067993164,0.3669816255569458,0.31613779067993164,0.6684763431549072,0.31613779067993164,0.3669816255569458,0.2872753143310547,0.3669816255569458,0.2872753143310547,0.5201063752174377,0.146543487906456
1073,-0.30147847533226013,-0.15441033244132996,0.07361547003810609,0.37142235106478144,0.274593548954775,0.3332615792751312,0.23426944017410278,0.3332615792751312,0.23426944017410278,0.736835241317749,0.23920074105262756,0.3332615792751312,0.10676831752061844,0.3332615792751312,0.10676831752061844,0.23705704510211945,0.3236607611179352
1074,0.9679535627365112,0.22979676723480225,0.04665476140876612,0.07536058430870374,0.52943574766318,0.32428398728370667,0.14500632882118225,0.32428398728370667,0.14500632882118225,0.19440650939941406,0.14500632882118225,0.32428398728370667,0.07284638285636902,0.32428398728370667,0.07284638285636902,0.27241450548171997,0.11681516468524933
1075,-1.5237641334533691,0.13313087821006775,0.30195023781309527,0.05633843885113787,0.06514277356366308,0.2623395025730133,0.2623395025730133,0.2623395025730133,0.2623395025730133,0.26024314761161804,0.04834049195051193,0.2623395025730133,0.08502599596977234,0.2623395025730133,0.08502599596977234,0.195005863904953,0.14917095005512238
1076,-0.6220664978027344,-0.13618257641792297,0.36270034518092864,0.3175160905532538,0.08662537252530456,1.148857831954956,0.3961426317691803,1.148857831954956,0.3961426317691803,0.8449872136116028,0.12295548617839813,0.3961426317691803,0.09193278104066849,0.3961426317691803,0.09193278104066849,0.2595490515232086,0.12130829691886902
1077,1.1548044681549072,-0.1510215401649475,0.12892942375193028,0.373075302975873,0.5286068510760861,0.3553721308708191,0.23581194877624512,0.3553721308708191,0.23581194877624512,0.8116769194602966,0.23581194877624512,0.3553721308708191,0.1569962203502655,0.3553721308708191,0.1569962203502655,0.21860603988170624,0.33422940969467163
1078,-2.135787010192871,-0.38223397731781006,0.35180529873818145,0.15849626343697304,0.39791934810578816,1.3000491857528687,0.46702438592910767,1.3000491857528687,0.46702438592910767,1.001227617263794,0.46702438592910767,0.6184095144271851,0.2125626504421234,0.6184095144271851,0.2125626504421234,0.46015897393226624,0.15879331529140472
1079,-0.9800747036933899,-0.3547212779521942,0.5273343693340817,0.3762734791574379,0.026036723262320094,1.5511555671691895,0.5688744783401489,1.5511555671691895,0.5688744783401489,1.1819106340408325,0.22943606972694397,0.5688744783401489,0.19504401087760925,0.5688744783401489,0.19504401087760925,0.39915525913238525,0.13899941742420197
1080,0.2130204141139984,-0.3548927903175354,0.22456535415103052,0.5544073033829531,0.6017035913343233,0.45963460206985474,0.43968313932418823,0.45963460206985474,0.43968313932418823,1.1527936458587646,0.43968313932418823,0.45963460206985474,0.25776079297065735,0.45963460206985474,0.25776079297065735,0.3294735252857208,0.5102665424346924
1081,-3.487096071243286,-1.0657169818878174,0.08032740544527772,0.27393697194755073,0.6944837508723141,1.6126986742019653,1.1505074501037598,1.6126986742019653,1.1505074501037598,2.0988991260528564,1.1505074501037598,0.9414846897125244,0.052407026290893555,0.9414846897125244,0.052407026290893555,1.0734102725982666,0.1768152117729187
1082,0.19739004969596863,-1.0580281019210815,0.8513652035966517,0.13433426201343535,0.163373495824635,1.9287540912628174,0.8616514205932617,1.9287540912628174,0.8616514205932617,2.5516066551208496,1.142818570137024,0.8616514205932617,0.05581939220428467,0.8616514205932617,0.05581939220428467,1.0303459167480469,0.16574448347091675
1083,-0.615717887878418,-0.8904057145118713,0.08859917012353757,1.0696956485758224,0.26831448805828867,2.2709476947784424,1.0405998229980469,2.2709476947784424,1.0405998229980469,2.2151999473571777,0.9751960635185242,1.0911864042282104,0.061755359172821045,1.0911864042282104,0.061755359172821045,1.058570384979248,0.10799750685691833
1084,-3.6969358921051025,-1.441415548324585,0.13065407702078424,0.10676320082197588,1.2399010076125463,2.2180733680725098,1.5262060165405273,2.2180733680725098,1.5262060165405273,2.5746123790740967,1.5262060165405273,1.4249135255813599,0.06688797473907471,1.4249135255813599,0.06688797473907471,1.5015974044799805,0.06873947381973267
1085,0.7451029419898987,-0.9279306530952454,0.9029798934670787,0.09388845954711222,0.2465613644321759,1.997431755065918,0.9154177904129028,1.997431755065918,0.9154177904129028,1.9411134719848633,1.012721061706543,0.9154177904129028,0.15212911367416382,0.9154177904129028,0.15212911367416382,0.8823739290237427,0.1220826804637909
1086,-1.3774535655975342,-1.1679383516311646,0.2501666186874111,1.179074726204077,0.06140646039197872,2.7483749389648438,1.0449556112289429,2.7483749389648438,1.0449556112289429,2.455763339996338,1.0449556112289429,1.2447609901428223,0.2851165533065796,1.2447609901428223,0.2851165533065796,1.1448583602905273,0.16513299942016602
1087,-3.6415746212005615,-1.5232691764831543,0.3188479671937723,0.27643168088669534,1.303229225662847,2.3366265296936035,1.6080596446990967,2.3366265296936035,1.6080596446990967,3.3216028213500977,1.6080596446990967,1.4596136808395386,0.23396050930023193,1.4596136808395386,0.23396050930023193,1.6346466541290283,0.15076684951782227
1088,-1.4686423540115356,-0.9533081650733948,0.8986121978176134,0.3116286225741107,0.43455626022691485,2.1373374462127686,0.9230631589889526,2.1373374462127686,0.9230631589889526,1.924048900604248,1.038098692893982,0.9230631589889526,0.3519023656845093,0.9230631589889526,0.3519023656845093,0.7893198728561401,0.2417011260986328
1089,-1.4057319164276123,-2.1402902603149414,0.3670646718144417,1.2015819927677511,0.3940199312195183,2.0137228965759277,1.7162449359893799,2.0137228965759277,1.7162449359893799,2.4739646911621094,2.225080728530884,1.357313871383667,0.4024174213409424,1.357313871383667,0.4024174213409424,1.6120641231536865,0.7202253341674805
1090,-2.656515598297119,-2.2671964168548584,0.31439829975366584,0.42527918964624356,1.3498952629417187,2.3432857990264893,2.351986885070801,2.3432857990264893,2.351986885070801,2.6091649532318115,2.351986885070801,1.5794532299041748,0.30612802505493164,1.5794532299041748,0.30612802505493164,1.7942129373550415,0.569841206073761
1091,0.506396472454071,-1.6027438640594482,0.6420715157066782,0.37978568853189554,0.4032629953076442,0.9975480437278748,0.6491563320159912,0.9975480437278748,0.6491563320159912,1.6792786121368408,1.6875343322753906,0.6491563320159912,0.49654531478881836,0.6491563320159912,0.49654531478881836,0.9727340936660767,0.7650055289268494
1092,-1.2304810285568237,-1.255804419517517,0.16952899799992638,0.8436668843651813,0.4040427494297423,2.090508460998535,0.8196614980697632,2.090508460998535,0.8196614980697632,2.9657678604125977,1.34059476852417,0.952984094619751,0.14049434661865234,0.952984094619751,0.14049434661865234,1.2131662368774414,0.33127906918525696
1093,-2.880366802215576,-1.1261460781097412,0.28512180137758447,0.2096996112788716,0.873100223497798,1.7553433179855347,1.2109365463256836,1.7553433179855347,1.2109365463256836,2.5616581439971924,1.2109365463256836,1.0386539697647095,0.1655888557434082,1.0386539697647095,0.1655888557434082,1.1923749446868896,0.14288771152496338
1094,-0.6153193712234497,-0.7958520650863647,0.7016297223853571,0.27862210989619274,0.36202343170841544,1.7148001194000244,0.7240027189254761,1.7148001194000244,0.7240027189254761,1.5562279224395752,0.8806424736976624,0.7240027189254761,0.32487690448760986,0.7240027189254761,0.32487690448760986,0.6333138346672058,0.24708473682403564
1095,-1.5708681344985962,-1.56266188621521,0.13780524920672166,0.9196485684439539,0.32758440405130407,1.7518876791000366,1.2005031108856201,1.7518876791000366,1.2005031108856201,2.318413257598877,1.6474523544311523,1.0470315217971802,0.16857314109802246,1.0470315217971802,0.16857314109802246,1.2710742950439453,0.4571917653083801
1096,-3.0328216552734375,-1.6844247579574585,0.35869840494046623,0.1378667246798675,1.0102359638238945,1.8822907209396362,1.7692152261734009,1.8822907209396362,1.7692152261734009,2.4680492877960205,1.7692152261734009,1.2212474346160889,0.2177058458328247,1.2212474346160889,0.2177058458328247,1.4135899543762207,0.3970867395401001
1097,-1.825751543045044,-1.3852970600128174,0.7465184050363799,0.4134563811620078,0.04769860930119929,1.5210161209106445,0.7697454690933228,1.5210161209106445,0.7697454690933228,2.2715845108032227,1.2624588012695312,0.7697454690933228,0.24672412872314453,0.7697454690933228,0.24672412872314453,1.0161020755767822,0.48315757513046265
1098,-2.4340336322784424,-2.0973970890045166,0.45283304406950875,0.9870149100075163,0.47992547041426126,1.559540033340454,1.5894749164581299,1.559540033340454,1.5894749164581299,2.1006181240081787,2.182187557220459,1.1469477415084839,0.4811338186264038,1.1469477415084839,0.4811338186264038,1.4417955875396729,0.8522834181785583
1099,-2.572434425354004,-2.398005247116089,0.5695050499215719,0.5466571087390182,1.1042194239422685,1.7851217985153198,2.4827957153320312,1.7851217985153198,2.4827957153320312,2.570425510406494,2.4827957153320312,1.3174372911453247,0.6758115291595459,1.3174372911453247,0.6758115291595459,1.6372183561325073,0.9488437175750732
1100,-1.8284662961959839,-2.1604015827178955,0.6308980602274337,0.7657429288203519,0.5861369291568796,1.1008683443069458,1.5383998155593872,1.1008683443069458,1.5383998155593872,1.9453418254852295,1.5383998155593872,0.9241926670074463,0.8033678531646729,0.9241926670074463,0.8033678531646729,1.2312963008880615,1.1556332111358643
1101,-0.3379952907562256,-2.3008487224578857,0.4373306082499524,0.8234155207996565,0.8624789288950465,1.3410167694091797,2.385639190673828,1.3410167694091797,2.385639190673828,2.2944986820220947,2.385639190673828,1.0872926712036133,0.4432014226913452,1.0872926712036133,0.4432014226913452,1.513359546661377,0.9204815030097961
1102,-3.2241227626800537,-1.726041555404663,0.06057798432807138,0.5646361329282323,0.9232037736351291,1.9694535732269287,1.8108320236206055,1.9694535732269287,1.8108320236206055,2.6727967262268066,1.8108320236206055,1.1924132108688354,0.07998287677764893,1.1924132108688354,0.07998287677764893,1.4593452215194702,0.41940778493881226
1103,-0.9257932901382446,-1.4947260618209839,0.7697311452279485,0.023992245836804704,0.5233790062430004,1.618301510810852,0.7554500102996826,1.618301510810852,0.7554500102996826,2.7296929359436035,1.5795165300369263,0.7554500102996826,0.10784399509429932,0.7554500102996826,0.10784399509429932,1.1229861974716187,0.443844735622406
1104,-0.8311450481414795,-1.3682584762573242,0.22526787625625744,1.0135201047360896,0.04815316924825308,1.9626119136810303,1.3426904678344727,1.9626119136810303,1.3426904678344727,2.4720077514648438,1.3426904678344727,1.1140871047973633,0.1484084129333496,1.1140871047973633,0.1484084129333496,1.228388786315918,0.28538545966148376
1105,-2.4558587074279785,-1.7798523902893066,0.17926884027818857,0.24988383846978346,1.1730760470281043,2.1129908561706543,1.864642858505249,2.1129908561706543,1.864642858505249,2.284869909286499,1.864642858505249,1.407110571861267,0.18423748016357422,1.407110571861267,0.18423748016357422,1.533623218536377,0.35214483737945557
1106,0.5454347729682922,-1.1037867069244385,0.5896509625328084,0.17875676994522421,0.15775530993317566,1.0696042776107788,0.6032903790473938,1.0696042776107788,0.6032903790473938,1.3262699842453003,0.8642591238021851,0.6032903790473938,0.3578857183456421,0.6032903790473938,0.3578857183456421,0.7337747812271118,0.47171297669410706
1107,-1.153274655342102,-0.8822965621948242,0.18416534734268986,0.7485318847248953,0.14030636029938848,1.8616008758544922,0.6792330741882324,1.8616008758544922,0.6792330741882324,1.667706847190857,0.6792330741882324,0.823759138584137,0.3842250108718872,0.823759138584137,0.3842250108718872,0.7514960765838623,0.30306190252304077
1108,-3.05248761177063,-1.0067676305770874,0.267058134774367,0.2212111167361337,0.7832969480256238,1.6357166767120361,1.0915580987930298,1.6357166767120361,1.0915580987930298,2.4171438217163086,1.0915580987930298,0.9482153058052063,0.17766380310058594,0.9482153058052063,0.17766380310058594,1.092820405960083,0.13560599088668823
1109,0.044568147510290146,-0.8024861216545105,0.7443268455006182,0.2529865882731974,0.37245097663253546,1.800062894821167,0.7643946409225464,1.800062894821167,0.7643946409225464,1.6347198486328125,0.8872765302658081,0.7643946409225464,0.298245906829834,0.7643946409225464,0.298245906829834,0.6682819724082947,0.21498596668243408
1110,-1.2212392091751099,-1.407717227935791,0.040920492485165605,0.9770588263869286,0.29395522952079767,2.137096881866455,1.077374815940857,2.137096881866455,1.077374815940857,2.7883121967315674,1.4925076961517334,1.0888243913650513,0.012584686279296875,1.0888243913650513,0.012584686279296875,1.2963464260101318,0.2694759666919708
1111,-3.267465353012085,-1.4469635486602783,0.276755881700665,0.06753181071951997,1.060116051584482,1.9824872016906738,1.5317542552947998,1.9824872016906738,1.5317542552947998,2.5987372398376465,1.5317542552947998,1.244739055633545,0.015122413635253906,1.244739055633545,0.015122413635253906,1.3941082954406738,0.13862693309783936
1112,-0.2475077211856842,-1.0580506324768066,0.8017585779974858,0.2796274748320382,0.2009590848659477,1.814740777015686,0.8242509961128235,1.814740777015686,0.8242509961128235,2.506849765777588,1.1567755937576294,0.8242509961128235,0.01639854907989502,0.8242509961128235,0.01639854907989502,0.9905133247375488,0.17421531677246094
1113,-1.0655624866485596,-1.6011286973953247,0.039827403537928685,1.0575716190412643,0.32610612951219087,2.178452968597412,1.2428042888641357,2.178452968597412,1.2428042888641357,2.806344985961914,1.6859192848205566,1.1801762580871582,0.06937193870544434,1.1801762580871582,0.06937193870544434,1.4019646644592285,0.3541497588157654
1114,-0.4431808888912201,-1.603476643562317,0.23666961388662444,0.02646550724282859,1.1627178579196336,2.1116819381713867,1.6882671117782593,2.1116819381713867,1.6882671117782593,2.5509157180786133,1.6882671117782593,1.362823247909546,0.08565366268157959,1.362823247909546,0.08565366268157959,1.4930027723312378,0.20534855127334595
1115,0.9676790237426758,-0.4115065336227417,0.08424117214977744,0.2607741352915763,0.11113234892487517,0.5279623866081238,0.4163278341293335,0.5279623866081238,0.4163278341293335,0.6028131246566772,0.49629703164100647,0.30547305941581726,0.11365580558776855,0.30547305941581726,0.11365580558776855,0.3456878662109375,0.16024896502494812
1116,0.3089558482170105,-0.1708756387233734,0.29929267760366207,0.09725436620414263,0.19529025580734016,0.26305338740348816,0.26305338740348816,0.26305338740348816,0.26305338740348816,0.6919244527816772,0.25566601753234863,0.26305338740348816,0.13992096483707428,0.26305338740348816,0.13992096483707428,0.20088104903697968,0.32858219742774963
1117,0.6877392530441284,0.30047234892845154,0.11995235485335182,0.31561002386113013,0.04253360492487751,0.2817407548427582,0.36218520998954773,0.2817407548427582,0.36218520998954773,0.1868249475955963,0.36218520998954773,0.2817407548427582,0.1357702910900116,0.2817407548427582,0.1357702910900116,0.32196298241615295,0.0930648148059845
1118,-0.31717994809150696,0.6182599067687988,0.22083502107610298,0.09488784333070122,0.48016064727058017,0.2669868469238281,0.5334694385528564,0.2669868469238281,0.5334694385528564,0.37846583127975464,0.5334694385528564,0.2669868469238281,0.07755661010742188,0.2669868469238281,0.07755661010742188,0.3593374192714691,0.16772319376468658
1119,-0.5353396534919739,0.27661430835723877,0.05052965155492217,0.22017383278657987,0.2845937916388114,0.01935642957687378,0.19182389974594116,0.01935642957687378,0.19182389974594116,0.15634781122207642,0.19182389974594116,0.0888623297214508,0.0823330283164978,0.0888623297214508,0.0823330283164978,0.18005235493183136,0.09012474119663239
1120,0.4426441192626953,0.08079353719949722,0.1048223610656957,0.04936611880237862,0.41260570393254364,0.21208396553993225,0.003996856510639191,0.21208396553993225,0.003996856510639191,0.2555467188358307,0.003996856510639191,0.21208396553993225,0.07435101270675659,0.21208396553993225,0.07435101270675659,0.14578548073768616,0.13977931439876556
1121,-0.7860826253890991,-0.05178597569465637,0.15093800095220414,0.11612524556616946,0.09102490363021687,0.11617124080657959,0.11617124080657959,0.11617124080657959,0.11617124080657959,0.30985310673713684,0.033265553414821625,0.11617124080657959,0.11043833196163177,0.11617124080657959,0.11043833196163177,0.0747184008359909,0.18128925561904907
1122,0.7284091711044312,-0.1668606996536255,0.17080043633158015,0.1723718347338339,0.009191566457351058,0.12245386838912964,0.07273278385400772,0.12245386838912964,0.07273278385400772,0.4126390218734741,0.07273278385400772,0.12245386838912964,0.1721646785736084,0.12245386838912964,0.1721646785736084,0.09759332239627838,0.2708030045032501
1123,0.6608073115348816,0.2159021496772766,0.23187275463094315,0.18822255885849393,0.3498755886157353,0.05015215277671814,0.13111171126365662,0.05015215277671814,0.13111171126365662,0.24391184747219086,0.13111171126365662,0.14610230922698975,0.1942865550518036,0.14610230922698975,0.1942865550518036,0.24368686974048615,0.09793971478939056
1124,0.1847580522298813,0.21139439940452576,0.21784468406190471,0.249544303206106,0.07837092335025464,0.22097378969192505,0.39737266302108765,0.22097378969192505,0.39737266302108765,0.37996914982795715,0.39737266302108765,0.22097378969192505,0.25285205245018005,0.22097378969192505,0.25285205245018005,0.30917322635650635,0.16156911849975586
1125,0.25726237893104553,0.5133422017097473,0.08252908941358339,0.20067539028823367,0.40776138652116056,0.20145592093467712,0.4285517930984497,0.20145592093467712,0.4285517930984497,0.3632009029388428,0.4285517930984497,0.20145592093467712,0.04924345016479492,0.20145592093467712,0.04924345016479492,0.29126662015914917,0.13276483118534088
1126,0.7964935898780823,0.38996803760528564,0.10058653968075909,0.07139306611071033,0.3956120963270465,0.189649760723114,0.30517762899398804,0.189649760723114,0.30517762899398804,0.15070432424545288,0.30517762899398804,0.189649760723114,0.045646220445632935,0.189649760723114,0.045646220445632935,0.22304993867874146,0.07849079370498657
1127,0.76934814453125,0.42278915643692017,0.2539951317633191,0.09334325297425194,0.2530744362125794,0.21463042497634888,0.21463042497634888,0.21463042497634888,0.21463042497634888,0.09431755542755127,0.33799874782562256,0.21463042497634888,0.06873568892478943,0.21463042497634888,0.06873568892478943,0.2423223853111267,0.09693755209445953
1128,0.5323750376701355,0.5907186269760132,0.25178548875575263,0.24681617661689725,0.26974062611659355,0.07758593559265137,0.5059282183647156,0.07758593559265137,0.5059282183647156,0.13151568174362183,0.5059282183647156,0.0742524266242981,0.22274374961853027,0.0742524266242981,0.22274374961853027,0.18195702135562897,0.32502639293670654
1129,0.9944918751716614,0.658447802066803,0.1809655691310763,0.22879275269806382,0.4263131447508931,0.21875357627868652,0.5736573934555054,0.21875357627868652,0.5736573934555054,0.4266180098056793,0.5736573934555054,0.21875357627868652,0.14718151092529297,0.21875357627868652,0.14718151092529297,0.32630521059036255,0.24512979388237
1130,-2.3436026573181152,0.7178459167480469,0.3149696248273054,0.15814917712161947,0.4223507793123523,0.1485169529914856,0.6330555081367493,0.1485169529914856,0.6330555081367493,0.4250050485134125,0.6330555081367493,0.21436578035354614,0.1425674557685852,0.21436578035354614,0.1425674557685852,0.3525712192058563,0.27615833282470703
1131,0.2857006788253784,-0.10359034687280655,0.5761727008968593,0.30645576596260077,0.34375026747584353,1.597935438156128,0.6106189489364624,1.597935438156128,0.6106189489364624,1.5774507522583008,0.18838074803352356,0.6106189489364624,0.22213488817214966,0.6106189489364624,0.22213488817214966,0.5364909172058105,0.30420351028442383
1132,0.19068312644958496,-0.13874489068984985,0.11202443610876789,0.6283724050596355,0.5552267427742481,1.6356120109558105,0.5060296058654785,1.6356120109558105,0.5060296058654785,1.3844454288482666,0.22353529930114746,0.5787279009819031,0.08109191060066223,0.5787279009819031,0.08109191060066223,0.4380609691143036,0.2811669111251831
1133,-0.17193156480789185,-0.7137457132339478,0.0743165568510692,0.13165114908168718,0.7420897546534738,1.54245924949646,0.7985361218452454,1.54245924949646,0.7985361218452454,1.4807624816894531,0.7985361218452454,0.9236489534378052,0.04825091361999512,0.9236489534378052,0.04825091361999512,0.8855996131896973,0.09778189659118652
1134,-0.14059318602085114,0.17695680260658264,0.012610240814586449,0.08396884648750225,0.28322186144689715,0.08547355979681015,0.09216638654470444,0.08547355979681015,0.09216638654470444,0.11060529947280884,0.09216638654470444,0.08547355979681015,0.043423205614089966,0.08547355979681015,0.043423205614089966,0.11048886179924011,0.024269863963127136
1135,0.10064747929573059,0.06428851932287216,0.0045948421706756,0.011662007806201774,0.25816898910949626,0.06008332967758179,0.020501941442489624,0.06008332967758179,0.020501941442489624,0.08065830916166306,0.020501941442489624,0.06008332967758179,0.03526000678539276,0.06008332967758179,0.03526000678539276,0.0375370979309082,0.05722330883145332
1136,1.8609665632247925,0.017553716897964478,0.05849034825960797,0.002693622907002785,0.1393806411574284,0.14043094217777252,0.06723671406507492,0.14043094217777252,0.06723671406507492,0.11489297449588776,0.06723671406507492,0.05596496909856796,0.03796838968992233,0.05596496909856796,0.03796838968992233,0.04312831535935402,0.025066718459129333
1137,1.4319850206375122,0.5977662205696106,0.5816566790640355,0.043170486725866763,0.1505627788975834,0.5308380126953125,0.5308380126953125,0.5308380126953125,0.5308380126953125,0.024388432502746582,0.5129758715629578,0.5308380126953125,0.028132498264312744,0.5308380126953125,0.028132498264312744,0.5086581707000732,0.021939396858215332
1138,0.5052878260612488,1.138131022453308,0.48896017736444874,0.6090162039051454,0.21777830569694423,0.6240584254264832,1.022064208984375,0.6240584254264832,1.022064208984375,0.9103266000747681,1.022064208984375,0.6240584254264832,0.030048251152038574,0.6240584254264832,0.030048251152038574,0.8230613470077515,0.26545751094818115
1139,2.2605764865875244,1.1068599224090576,0.1770712020123999,0.4141675561169784,0.6932448287929096,0.463264524936676,1.0220694541931152,0.463264524936676,1.0220694541931152,0.7729542255401611,1.0220694541931152,0.463264524936676,0.15394574403762817,0.463264524936676,0.15394574403762817,0.6764403581619263,0.34472033381462097
1140,3.261174440383911,1.2707557678222656,0.716273939975848,0.13034201727559136,0.6017633558747669,0.6767453551292419,0.6767453551292419,0.6767453551292419,0.6767453551292419,0.8221861124038696,1.1859651803970337,0.6767453551292419,0.14613091945648193,0.6767453551292419,0.14613091945648193,0.8639272451400757,0.3412246108055115
1141,0.7888377904891968,2.012796640396118,1.0930558057501913,0.7646324762329457,0.3327320229262114,1.0963327884674072,1.0963327884674072,1.0963327884674072,1.0963327884674072,1.5111744403839111,1.7774770259857178,1.0963327884674072,0.15897035598754883,1.0963327884674072,0.15897035598754883,1.4369049072265625,0.5803508758544922
1142,2.0701255798339844,1.905914068222046,0.2981821047266324,1.0315232434992987,0.7538323845093452,1.0468411445617676,1.2533904314041138,1.0468411445617676,1.2533904314041138,1.3286970853805542,1.8211236000061035,1.0468411445617676,0.29780805110931396,1.0468411445617676,0.29780805110931396,1.328629732131958,0.5426144003868103
1143,1.8602077960968018,1.6545093059539795,0.6586999219655991,0.19578198488801712,0.9776513020321727,0.7393525838851929,1.5697190761566162,0.7393525838851929,1.5697190761566162,1.013454794883728,1.5697190761566162,0.7393525838851929,0.23162293434143066,0.7393525838851929,0.23162293434143066,1.0474977493286133,0.5327033996582031
1144,1.7798477411270142,1.5737626552581787,0.6457175165042283,0.6822569218277931,0.4234118814393877,0.7347850799560547,1.2604402303695679,0.7347850799560547,1.2604402303695679,1.2071229219436646,1.2604402303695679,0.7347850799560547,0.2296382188796997,0.7347850799560547,0.2296382188796997,0.9976126551628113,0.546845555305481
1145,1.5308868885040283,1.7609599828720093,0.6097200389206408,0.5812071469053626,0.7476565807685258,0.5325649976730347,1.6761696338653564,0.5325649976730347,1.6761696338653564,1.0345113277435303,1.6761696338653564,0.5325649976730347,0.6403508186340332,0.5325649976730347,0.6403508186340332,0.8282605409622192,0.8932153582572937
1146,1.669930100440979,1.592510461807251,0.5204266819482049,0.5509386931111415,0.6987687512611349,0.48274755477905273,1.5077199935913086,0.48274755477905273,1.5077199935913086,1.057368278503418,1.5077199935913086,0.48274755477905273,0.5253325700759888,0.48274755477905273,0.5253325700759888,0.7810816764831543,0.7733200192451477
1147,3.1979687213897705,1.5275404453277588,0.5591191620628037,0.46435647560904414,0.6816884721691412,0.469366192817688,1.4427499771118164,0.469366192817688,1.4427499771118164,0.9690424203872681,1.4427499771118164,0.469366192817688,0.5035651922225952,0.469366192817688,0.5035651922225952,0.7352560758590698,0.7386144995689392
1148,0.6079768538475037,2.032994270324707,1.0569199413682027,0.5281295081848898,0.6255682468662658,1.071423888206482,1.071423888206482,1.071423888206482,1.071423888206482,1.042273998260498,1.9482035636901855,1.071423888206482,0.6240928173065186,1.071423888206482,0.6240928173065186,1.265970230102539,0.8308930993080139
1149,1.590211033821106,1.7160433530807495,0.23853357511262097,1.0230838696161908,0.6320495728651679,1.0290595293045044,1.1864055395126343,1.0290595293045044,1.1864055395126343,1.0610544681549072,1.6312528848648071,1.0290595293045044,0.22558307647705078,1.0290595293045044,0.22558307647705078,1.2499315738677979,0.42174142599105835
1150,2.15147066116333,1.421985387802124,0.4928050183256465,0.14177623966087882,0.965027794328829,0.7144047021865845,1.3371949195861816,0.7144047021865845,1.3371949195861816,0.7089642286300659,1.3371949195861816,0.7144047021865845,0.16391253471374512,0.7144047021865845,0.16391253471374512,0.9442266821861267,0.3872160017490387
1151,0.8304916620254517,1.421604037284851,0.7216982717687883,0.5067366050804656,0.37079294415811703,0.7079935669898987,0.7079935669898987,0.7079935669898987,0.7079935669898987,1.015708327293396,1.1575379371643066,0.7079935669898987,0.18053650856018066,0.7079935669898987,0.18053650856018066,0.9327657222747803,0.45022517442703247
1152,0.9789196848869324,1.4210948944091797,0.29474708799272786,0.6749254362657666,0.6290460346639155,0.6902285814285278,0.9094241857528687,0.6902285814285278,0.9094241857528687,0.9490619897842407,1.3363044261932373,0.6902285814285278,0.28354763984680176,0.6902285814285278,0.28354763984680176,0.9020411372184753,0.48323196172714233
1153,1.6739921569824219,1.1162128448486328,0.309212692938745,0.22150416780263193,0.7631196486204862,0.5266874432563782,1.0314223766326904,0.5266874432563782,1.0314223766326904,0.467587947845459,1.0314223766326904,0.5266874432563782,0.22391074895858765,0.5266874432563782,0.22391074895858765,0.6660405397415161,0.35446736216545105
1154,1.3768938779830933,1.089468002319336,0.5405203992376726,0.29021177685509125,0.4363594907398024,0.5099704265594482,0.5099704265594482,0.5099704265594482,0.5099704265594482,0.5067017674446106,1.0046775341033936,0.5099704265594482,0.29595494270324707,0.5099704265594482,0.29595494270324707,0.6226413249969482,0.4144436717033386
1155,0.9073053598403931,1.288756012916565,0.4654138246675332,0.5252897407052418,0.47567599284773066,0.5461878776550293,0.9254826903343201,0.5461878776550293,0.9254826903343201,0.6211159229278564,1.203965425491333,0.5461878776550293,0.4533088207244873,0.5461878776550293,0.4533088207244873,0.6841191053390503,0.584113359451294
1156,0.9042471051216125,1.1793444156646729,0.30137665153791504,0.40388526947548,0.6517061591645081,0.4295589327812195,1.0945539474487305,0.4295589327812195,1.0945539474487305,0.7688449621200562,1.0945539474487305,0.4295589327812195,0.2827720642089844,0.4295589327812195,0.2827720642089844,0.6399185657501221,0.4657859206199646
1157,1.6112663745880127,0.9530731439590454,0.29177308738231655,0.2583131955564021,0.5806105255335571,0.3618119955062866,0.8682827353477478,0.3618119955062866,0.8682827353477478,0.48876693844795227,0.8682827353477478,0.3618119955062866,0.2506777048110962,0.3618119955062866,0.2506777048110962,0.490893691778183,0.37087181210517883
1158,1.9397879838943481,1.0633742809295654,0.517792291274915,0.2650593306372564,0.45814632353062434,0.4862707853317261,0.4862707853317261,0.4862707853317261,0.4862707853317261,0.5377088785171509,0.9785838723182678,0.4862707853317261,0.2686673402786255,0.4862707853317261,0.2686673402786255,0.6087201833724976,0.3972882032394409
1159,1.6075867414474487,1.4415870904922485,0.6534195529793699,0.5094968185511728,0.456294383474936,0.6454728841781616,0.6454728841781616,0.6454728841781616,0.6454728841781616,1.018655776977539,1.0977187156677246,0.6454728841781616,0.2612684965133667,0.6454728841781616,0.2612684965133667,0.8715957999229431,0.5326657295227051
1160,1.1103006601333618,1.6320701837539673,0.5537919721007347,0.6157018304243682,0.6401999265328051,0.33334386348724365,1.5472795963287354,0.33334386348724365,1.5472795963287354,0.9975842237472534,1.5472795963287354,0.43069887161254883,0.5621930360794067,0.43069887161254883,0.5621930360794067,0.7632105946540833,0.8389077186584473
1161,1.667293667793274,1.3889334201812744,0.3717738330736755,0.4807979696616529,0.7139852819591762,0.4890139102935791,1.304142951965332,0.4890139102935791,1.304142951965332,0.909176230430603,1.304142951965332,0.4890139102935791,0.36310243606567383,0.4890139102935791,0.36310243606567383,0.7451069355010986,0.5820024013519287
1162,-0.28756093978881836,1.3270517587661743,0.5427483335385719,0.32116669448713475,0.6407605144629875,0.4096728563308716,1.2422614097595215,0.4096728563308716,1.2422614097595215,0.9161911010742188,1.2422614097595215,0.4274504780769348,0.3428150415420532,0.4274504780769348,0.3428150415420532,0.6804802417755127,0.5771262049674988
1163,0.4610038101673126,0.7800863981246948,0.04608981844037774,0.4979372924193737,0.5058625886589292,0.13835394382476807,0.6952959895133972,0.13835394382476807,0.6952959895133972,0.6015084385871887,0.6952959895133972,0.2921339273452759,0.08481454849243164,0.2921339273452759,0.08481454849243164,0.529762864112854,0.23408129811286926
1164,1.6399718523025513,0.5850327610969543,0.15004181340336809,0.06558703910559416,0.6782017109170555,0.4558025300502777,0.5002424120903015,0.4558025300502777,0.5002424120903015,0.2458379566669464,0.5002424120903015,0.4558025300502777,0.06183600425720215,0.4558025300502777,0.06183600425720215,0.5158495903015137,0.05890995264053345
1165,-1.0353996753692627,0.5892654657363892,0.5161173850297927,0.1521247765049339,0.09864696871489298,0.4708322584629059,0.4708322584629059,0.4708322584629059,0.4708322584629059,0.2608681619167328,0.5978166460990906,0.4708322584629059,0.08868670463562012,0.4708322584629059,0.08868670463562012,0.5343244671821594,0.06588220596313477
1166,1.279524803161621,0.39868277311325073,0.2459180916349094,0.49751311113437013,0.3247114181270203,0.4268936514854431,0.17594069242477417,0.4268936514854431,0.17594069242477417,0.2302250862121582,0.3138923645019531,0.4268936514854431,0.29250794649124146,0.4268936514854431,0.29250794649124146,0.49723538756370544,0.22814562916755676
1167,2.8996174335479736,0.6570531725883484,0.38873454509923855,0.2581199332078299,0.7040622848148147,0.4932669699192047,0.5722628235816956,0.4932669699192047,0.5722628235816956,0.7574720978736877,0.5722628235816956,0.4932669699192047,0.21612656116485596,0.4932669699192047,0.21612656116485596,0.6731262803077698,0.17512792348861694
1168,0.42427554726600647,1.0065759420394897,0.9377285603061317,0.42320340525358935,0.1767323590070009,0.8956121206283569,0.8956121206283569,0.8956121206283569,0.8956121206283569,0.782977283000946,1.2893056869506836,0.8956121206283569,0.3306986093521118,0.8956121206283569,0.3306986093521118,1.092458963394165,0.2099492847919464
1169,1.5489383935928345,1.471663475036621,0.17535295157382902,0.9297874106342596,0.5441467773417628,0.9244542121887207,1.033084750175476,0.9244542121887207,1.033084750175476,0.845059871673584,1.3868730068206787,0.9244542121887207,0.1512157917022705,0.9244542121887207,0.1512157917022705,1.1003446578979492,0.3119000792503357
1170,0.8371121287345886,1.3092756271362305,0.4765241508682567,0.09214665937547872,0.9182284814057253,0.6702820062637329,1.224485158920288,0.6702820062637329,1.224485158920288,0.730799674987793,1.224485158920288,0.6702820062637329,0.10993003845214844,0.6702820062637329,0.10993003845214844,0.8909780383110046,0.32690176367759705
1171,-0.9345828294754028,0.9097898006439209,0.2860412758837144,0.4850278295079868,0.31634435976545,0.47438767552375793,0.6975635886192322,0.47438767552375793,0.6975635886192322,0.28773486614227295,0.8249993920326233,0.47438767552375793,0.25864315032958984,0.47438767552375793,0.25864315032958984,0.5375317931175232,0.31805598735809326
1172,1.2658764123916626,0.46946024894714355,0.212114766581605,0.23693958881621568,0.6222590912257632,0.39779654145240784,0.38466984033584595,0.39779654145240784,0.38466984033584595,0.4308386445045471,0.38466984033584595,0.39779654145240784,0.23863106966018677,0.39779654145240784,0.23863106966018677,0.5059438943862915,0.1357060670852661
1173,-0.2618546187877655,0.4547853469848633,0.39076988062510887,0.23395011489590023,0.47558930537352967,0.12473955750465393,0.36999499797821045,0.12473955750465393,0.36999499797821045,0.47438761591911316,0.36999499797821045,0.268132746219635,0.21775192022323608,0.268132746219635,0.21775192022323608,0.4449906647205353,0.17317771911621094
1174,0.4136034846305847,0.06989683210849762,0.03697253433987502,0.4191887093894183,0.1346956411749124,0.3791891932487488,0.3128504157066345,0.3791891932487488,0.3128504157066345,0.5084568858146667,0.0148935467004776,0.3791891932487488,0.07262889295816422,0.3791891932487488,0.07262889295816422,0.21501116454601288,0.22210808098316193
1175,0.7436451315879822,0.48227953910827637,0.1396763411412637,0.05403650560726725,0.5742633680875102,0.3589356541633606,0.39748913049697876,0.3589356541633606,0.39748913049697876,0.2385309636592865,0.39748913049697876,0.3589356541633606,0.05880671739578247,0.3589356541633606,0.05880671739578247,0.412646621465683,0.05291464924812317
1176,-0.8296651244163513,0.31541651487350464,0.2398327364772558,0.14589344371110194,0.1073139991983772,0.2019500732421875,0.2019500732421875,0.2019500732421875,0.2019500732421875,0.22504019737243652,0.31537100672721863,0.2019500732421875,0.08098316192626953,0.2019500732421875,0.08098316192626953,0.25866055488586426,0.05678762495517731
1177,0.30230194330215454,0.19126710295677185,0.18237415115038558,0.23660595019658404,0.3146589386214813,0.023096531629562378,0.10647665709257126,0.023096531629562378,0.10647665709257126,0.20905277132987976,0.10647665709257126,0.11801417171955109,0.21205341815948486,0.11801417171955109,0.21205341815948486,0.2143206000328064,0.11497123539447784
1178,1.059912085533142,0.18341916799545288,0.11208364007373661,0.19386859598259137,0.44282781821986034,0.24192510545253754,0.09862878173589706,0.24192510545253754,0.09862878173589706,0.44675126671791077,0.09862878173589706,0.24192510545253754,0.07712674885988235,0.24192510545253754,0.07712674885988235,0.1311618685722351,0.09744133055210114
1179,-0.31491783261299133,0.1802271604537964,0.3318002377202113,0.12050593012322985,0.09445537267873683,0.2933540940284729,0.2933540940284729,0.2933540940284729,0.2933540940284729,0.1582709550857544,0.382726788520813,0.2933540940284729,0.2761904299259186,0.2933540940284729,0.2761904299259186,0.33804044127464294,0.2345026284456253
1180,0.4076893925666809,0.37916263937950134,0.05038616719345246,0.32724379760523625,0.27992867348094785,0.2808222472667694,0.2024236023426056,0.2808222472667694,0.2024236023426056,0.15183180570602417,0.29437223076820374,0.2808222472667694,0.08498901128768921,0.2808222472667694,0.08498901128768921,0.3270271122455597,0.04291646182537079
1181,0.41258108615875244,0.4164546728134155,0.13908518125613534,0.06499023976425322,0.5199834554394085,0.30869460105895996,0.3316643238067627,0.30869460105895996,0.3316643238067627,0.24250328540802002,0.3316643238067627,0.30869460105895996,0.07211169600486755,0.30869460105895996,0.07211169600486755,0.3616222143173218,0.05228070914745331
1182,-1.6078232526779175,0.20444956421852112,0.1450824902330835,0.14815174945940573,0.08883898903926218,0.11289235949516296,0.22220617532730103,0.11289235949516296,0.22220617532730103,0.22086019814014435,0.22220617532730103,0.1142493337392807,0.09811237454414368,0.1142493337392807,0.09811237454414368,0.16822776198387146,0.054723575711250305
1183,-0.2757522761821747,-0.0834752693772316,0.37484159716094545,0.15433695162956917,0.31465307046969737,0.9820157289505005,0.3958593010902405,0.9820157289505005,0.3958593010902405,0.8651648759841919,0.16826565563678741,0.3958593010902405,0.09756620973348618,0.3958593010902405,0.09756620973348618,0.33688583970069885,0.1607152670621872
1184,-0.4899880290031433,-0.2849422097206116,0.04086759111533561,0.4141408052171271,0.34768982132275905,1.008497953414917,0.49380382895469666,1.008497953414917,0.49380382895469666,0.8933455944061279,0.36973264813423157,0.42518967390060425,0.07291615009307861,0.42518967390060425,0.07291615009307861,0.3628753423690796,0.07895183563232422
1185,-1.0501797199249268,-0.7374677062034607,0.09871787947913013,0.03308960260202498,0.4280365596090753,1.0123867988586426,0.8222581148147583,1.0123867988586426,0.8222581148147583,1.1820497512817383,0.8222581148147583,0.6281912326812744,0.09144306182861328,0.6281912326812744,0.09144306182861328,0.688956618309021,0.1523386836051941
1186,-0.07893580198287964,-0.39898207783699036,0.23513954505945245,0.08597111406425634,0.09975224579994874,0.46615660190582275,0.2588147222995758,0.46615660190582275,0.2588147222995758,0.5606293082237244,0.48377248644828796,0.2588147222995758,0.1359069049358368,0.2588147222995758,0.1359069049358368,0.30655527114868164,0.18121884763240814
1187,-0.4177658259868622,-0.40966182947158813,0.009731389905015597,0.2633720599984129,0.02160253493736186,0.5894272327423096,0.33157381415367126,0.5894272327423096,0.33157381415367126,0.8559580445289612,0.49445220828056335,0.31144818663597107,0.020565569400787354,0.31144818663597107,0.020565569400787354,0.3929555118083954,0.11501088738441467
1188,-0.6970201730728149,-0.41790249943733215,0.07860359549522386,0.02606577787548292,0.1877410173043609,0.6594187021255493,0.5026929378509521,0.6594187021255493,0.5026929378509521,0.8472235202789307,0.5026929378509521,0.3779345452785492,0.024154573678970337,0.3779345452785492,0.024154573678970337,0.42994213104248047,0.07671105861663818
1189,0.9902825355529785,-0.22411662340164185,0.14636420307060077,0.06983017758776747,0.1697014515722791,0.02674880623817444,0.30890700221061707,0.02674880623817444,0.30890700221061707,0.36153167486190796,0.30890700221061707,0.02674880623817444,0.11150576919317245,0.02674880623817444,0.11150576919317245,0.11273757368326187,0.1976964920759201
1190,-2.073007583618164,0.018575385212898254,0.3088935079177221,0.16905044215420884,0.05635595416029293,0.27098286151885986,0.27098286151885986,0.27098286151885986,0.27098286151885986,0.4338305592536926,0.07147266715765,0.27098286151885986,0.14973972737789154,0.27098286151885986,0.14973972737789154,0.17122776806354523,0.24202126264572144
1191,-1.5491446256637573,-0.4042167067527771,0.5067174360218148,0.3327563665000101,0.05263194291541967,1.459154486656189,0.5425355434417725,1.459154486656189,0.5425355434417725,1.1456435918807983,0.25148484110832214,0.5425355434417725,0.2215213179588318,0.5425355434417725,0.2215213179588318,0.3970102071762085,0.11965656280517578
1192,3.0517539978027344,-0.5454856157302856,0.37099538665885734,0.5409783489505449,0.5441118439969916,0.3970523476600647,0.6302759647369385,0.3970523476600647,0.6302759647369385,1.0934052467346191,0.6302759647369385,0.3970523476600647,0.40710097551345825,0.3970523476600647,0.40710097551345825,0.3247484564781189,0.6593940258026123
1193,-1.997125267982483,-0.3897930681705475,0.9569952546432614,0.4820960231125355,0.6870686053857207,0.9132602214813232,0.9132602214813232,0.9132602214813232,0.9132602214813232,1.2272380590438843,0.4745834469795227,0.9132602214813232,0.5706984996795654,0.9132602214813232,0.5706984996795654,0.47590017318725586,0.9591538906097412
1194,-0.33803465962409973,-0.12192746251821518,0.5506912378408015,0.9758255870454013,0.3694381472095847,0.8602666258811951,0.3764466941356659,0.8602666258811951,0.3764466941356659,1.0183637142181396,0.3764466941356659,0.8602666258811951,0.5216833353042603,0.8602666258811951,0.5216833353042603,0.6183566451072693,0.8468925356864929
1195,1.9809569120407104,0.41855984926223755,0.06221822973340729,0.4506386088207366,1.1090403225272893,1.0103199481964111,0.33376941084861755,1.0103199481964111,0.33376941084861755,1.0264618396759033,0.33376941084861755,1.0103199481964111,0.07499900460243225,1.0103199481964111,0.07499900460243225,0.7143269181251526,0.22291281819343567
1196,0.4104563891887665,-0.25453513860702515,0.6073025432229042,0.07989956866949799,0.6043144486472011,0.5635702013969421,0.5635702013969421,0.5635702013969421,0.5635702013969421,1.1102008819580078,0.33932554721832275,0.5635702013969421,0.12393683195114136,0.5635702013969421,0.12393683195114136,0.4069456458091736,0.5142602920532227
1197,-1.5284568071365356,0.7067536115646362,0.16182271089404832,0.6465073645487427,0.07604720063507553,0.624919056892395,0.7323348522186279,0.624919056892395,0.7323348522186279,0.2901296019554138,0.7323348522186279,0.624919056892395,0.10133010149002075,0.624919056892395,0.10133010149002075,0.6786269545555115,0.06470736861228943
1198,1.3140840530395508,0.32674238085746765,0.35302278785655883,0.1213114381146928,0.736077395112564,0.5117620229721069,0.24195197224617004,0.5117620229721069,0.24195197224617004,0.8570559024810791,0.24195197224617004,0.5117620229721069,0.077994704246521,0.5117620229721069,0.077994704246521,0.322320818901062,0.17392976582050323
1199,1.0354104042053223,0.18892383575439453,0.41410380775729816,0.4013755829756458,0.35381927548597253,0.3783240020275116,0.3783240020275116,0.3783240020275116,0.3783240020275116,0.902883768081665,0.019325703382492065,0.3783240020275116,0.15127283334732056,0.3783240020275116,0.15127283334732056,0.19882485270500183,0.20513886213302612
1200,-2.0857338905334473,0.24591022729873657,0.3387066579734286,0.4538815834124883,0.36905434957395,0.4529608488082886,0.735220193862915,0.4529608488082886,0.735220193862915,0.7867805361747742,0.16111981868743896,0.4529608488082886,0.31111276149749756,0.4529608488082886,0.31111276149749756,0.2864893078804016,0.2609158754348755
1201,0.851686954498291,0.1730383038520813,0.508586496617645,0.29823018897324793,0.5610182760097087,0.3482127785682678,0.0882478877902031,0.3482127785682678,0.0882478877902031,1.194197654724121,0.0882478877902031,0.3482127785682678,0.2162918746471405,0.3482127785682678,0.2162918746471405,0.27307194471359253,0.2451009601354599
1202,0.49359509348869324,0.11754005402326584,0.2750954251363873,0.547032004185021,0.567100312486291,0.3956649601459503,0.03274965286254883,0.3956649601459503,0.03274965286254883,1.2669260501861572,0.03274965286254883,0.3956649601459503,0.24325057864189148,0.3956649601459503,0.24325057864189148,0.29568350315093994,0.25173914432525635
1203,-0.2246224731206894,-0.31875360012054443,0.1637934587895869,0.3086256778985262,0.6135490722954272,1.4290987253189087,0.40354400873184204,1.4290987253189087,0.40354400873184204,1.2147775888442993,0.40354400873184204,0.7721381187438965,0.13572394847869873,0.7721381187438965,0.13572394847869873,0.6524860858917236,0.27914005517959595
1204,0.7306241393089294,0.39401721954345703,0.02728943217545743,0.15499606549739842,0.44393425073474635,0.2353472113609314,0.3092268109321594,0.2353472113609314,0.3092268109321594,0.27156054973602295,0.3092268109321594,0.2353472113609314,0.0574040412902832,0.2353472113609314,0.0574040412902832,0.3005259037017822,0.06069009006023407
1205,1.469923973083496,0.3691532015800476,0.23200725289682544,0.04001620670159667,0.35478581989804914,0.07580894231796265,0.28436279296875,0.07580894231796265,0.28436279296875,0.2687554955482483,0.28436279296875,0.14966925978660583,0.05604657530784607,0.14966925978660583,0.05604657530784607,0.2465428113937378,0.09659525752067566
1206,-1.8716800212860107,0.6406140923500061,0.46713120033343625,0.23330632892747727,0.1178002276023229,0.42623353004455566,0.42623353004455566,0.42623353004455566,0.42623353004455566,0.4237450063228607,0.6282079219818115,0.42623353004455566,0.06826752424240112,0.42623353004455566,0.06826752424240112,0.5272207260131836,0.10710254311561584
1207,-0.703220784664154,0.1930912733078003,0.4648234966645637,0.43429077047233783,0.4012476640132565,1.5549157857894897,0.5127996206283569,1.5549157857894897,0.5127996206283569,1.0405712127685547,0.10456424951553345,0.5127996206283569,0.2004992663860321,0.5127996206283569,0.2004992663860321,0.3086819350719452,0.38283419609069824
1208,-1.274176001548767,-0.09328731149435043,0.15050550296902665,0.46065385635942213,0.695495742149651,0.5523423552513123,0.17807769775390625,0.5523423552513123,0.17807769775390625,0.9972137808799744,0.17807769775390625,0.5523423552513123,0.1764056384563446,0.5523423552513123,0.1764056384563446,0.2783971428871155,0.3768206238746643
1209,-1.507224678993225,-1.1940271854400635,0.29281049050390706,0.16197444012388607,0.56161859029904,1.1533442735671997,1.2788176536560059,1.1533442735671997,1.2788176536560059,1.5974359512329102,1.2788176536560059,0.7779764533042908,0.2435472011566162,0.7779764533042908,0.2435472011566162,0.9347556829452515,0.3973352313041687
1210,-0.0874389261007309,-0.9340165853500366,0.35582342765604447,0.3275202519011995,0.07304924127956236,0.6046687364578247,0.3818150758743286,0.6046687364578247,0.3818150758743286,1.1668957471847534,0.7789924144744873,0.3818150758743286,0.28551292419433594,0.3818150758743286,0.28551292419433594,0.580403745174408,0.4683418869972229
1211,-3.6590118408203125,-0.9202283024787903,0.0046493178978561644,0.430773611739278,0.3164802845194934,0.9640856981277466,0.5398480892181396,0.9640856981277466,0.5398480892181396,1.6965522766113281,1.005018711090088,0.5175693035125732,0.02279561758041382,0.5175693035125732,0.02279561758041382,0.7502274513244629,0.3024965822696686
1212,-0.5108803510665894,-1.3797645568847656,0.881028188423564,0.055364451843003204,0.3764771557909745,1.9338819980621338,0.8710523247718811,1.9338819980621338,0.8710523247718811,2.8237621784210205,1.464555025100708,0.8710523247718811,0.025421619415283203,0.8710523247718811,0.025421619415283203,1.1563149690628052,0.2894689440727234
1213,-0.9327675700187683,-1.302473783493042,0.1141625170285504,1.1559705418224135,0.14528293987115237,2.314746379852295,1.3595227003097534,2.314746379852295,1.3595227003097534,2.338357448577881,1.3872642517089844,1.2323864698410034,0.15545570850372314,1.2323864698410034,0.15545570850372314,1.246358036994934,0.1745990514755249
1214,-3.3347067832946777,-1.8234715461730957,0.20228275020917263,0.11253129364301762,1.3310338378076751,2.340866804122925,1.908262014389038,2.340866804122925,1.908262014389038,2.6398963928222656,1.908262014389038,1.5439013242721558,0.17750072479248047,1.5439013242721558,0.17750072479248047,1.6585407257080078,0.28017866611480713
1215,-1.211859107017517,-1.18515944480896,0.8123986430714527,0.19607093485693128,0.0009337976326544428,1.6730824708938599,0.8245775103569031,1.6730824708938599,0.8245775103569031,2.045746326446533,1.0997036695480347,0.8245775103569031,0.1875593662261963,0.8245775103569031,0.1875593662261963,0.9621405601501465,0.3147149682044983
1216,-2.039593458175659,-1.7593719959259033,0.30058842945223063,1.0796022544180353,0.20155764754240701,1.9176111221313477,1.5171265602111816,1.9176111221313477,1.5171265602111816,2.3867642879486084,1.5171265602111816,1.2183557748794556,0.41310620307922363,1.2183557748794556,0.41310620307922363,1.3677411079406738,0.5924975275993347
1217,-2.544375419616699,-2.196315050125122,0.4671641176690662,0.33378229902436285,1.2177449689184627,2.1476218700408936,2.2811055183410645,2.1476218700408936,2.2811055183410645,2.81138277053833,2.2811055183410645,1.4343862533569336,0.4368692636489868,1.4343862533569336,0.4368692636489868,1.691514492034912,0.6630488038063049
1218,-1.6832139492034912,-1.7163188457489014,0.6268322590117651,0.6050393610571823,0.3068234419574343,1.0373215675354004,0.6494704484939575,1.0373215675354004,0.6494704484939575,2.0067973136901855,1.361878752708435,0.6494704484939575,0.5247825384140015,0.6494704484939575,0.5247825384140015,1.0056746006011963,0.850193202495575
1219,-3.0160210132598877,-2.0845625400543213,0.40566156776001083,0.8130631793787078,0.6882141284023725,1.2248990535736084,1.3645775318145752,1.2248990535736084,1.3645775318145752,2.0749683380126953,2.1693530082702637,0.9632904529571533,0.421114444732666,0.9632904529571533,0.421114444732666,1.361046314239502,0.9065430164337158
1220,-3.4415972232818604,-2.2694199085235596,0.7147087680672607,0.49043496034418554,0.8866525155988831,1.4205724000930786,2.354210376739502,1.4205724000930786,2.354210376739502,2.5785775184631348,2.354210376739502,1.0936646461486816,0.6262853145599365,1.0936646461486816,0.6262853145599365,1.4844352006912231,0.9707337021827698
1221,-1.684990406036377,-2.520012617111206,0.8526081142450379,0.9718576366702714,0.5179232016826665,1.467142105102539,1.9622474908828735,1.467142105102539,1.9622474908828735,2.9480621814727783,1.9622474908828735,1.1439757347106934,0.6988393068313599,1.1439757347106934,0.6988393068313599,1.5531115531921387,1.1755974292755127
1222,-0.7862654328346252,-2.7834084033966064,0.39938579550633824,1.1147521789247792,1.0916467644522587,1.7417759895324707,1.6147313117980957,1.7417759895324707,1.6147313117980957,3.2501444816589355,2.868198871612549,1.233233094215393,0.39406919479370117,1.233233094215393,0.39406919479370117,1.8452231884002686,1.0749362707138062
1223,-2.041306257247925,-2.136305809020996,0.16786053368200826,0.5068788026397428,1.2839428081860147,2.4170711040496826,2.2210962772369385,2.4170711040496826,2.2210962772369385,2.87461519241333,2.2210962772369385,1.53352689743042,0.17362046241760254,1.53352689743042,0.17362046241760254,1.780469536781311,0.47897636890411377
1224,-1.781130313873291,-1.3194692134857178,0.4825922992204626,0.17853062899162375,0.4807226207604011,0.8308883905410767,0.488869309425354,0.8308883905410767,0.488869309425354,1.821901798248291,1.4042596817016602,0.488869309425354,0.26877760887145996,0.488869309425354,0.26877760887145996,0.8414592146873474,0.587066113948822
1225,0.4574706554412842,-1.3330185413360596,0.4354364649330579,0.5965537793685991,0.12340463252117218,1.0443756580352783,1.146971344947815,1.0443756580352783,1.146971344947815,1.8188140392303467,1.146971344947815,0.7095873355865479,0.34116804599761963,0.7095873355865479,0.34116804599761963,0.9282793402671814,0.5801530480384827
1226,-1.4427694082260132,-1.260087490081787,0.14842609832684195,0.5496538548668225,0.6812360690285761,1.7719981670379639,1.3448779582977295,1.7719981670379639,1.3448779582977295,2.750805377960205,1.3448779582977295,0.9623680114746094,0.1161034107208252,0.9623680114746094,0.1161034107208252,1.2133971452713013,0.3277076482772827
1227,-0.6133515238761902,-0.8078064918518066,0.3387208693039915,0.19586595643932603,0.4873279144739109,1.2166327238082886,0.8925969004631042,1.2166327238082886,0.8925969004631042,2.1266980171203613,0.8925969004631042,0.6556631326675415,0.14258956909179688,0.6556631326675415,0.14258956909179688,0.8350386619567871,0.17430591583251953
1228,0.6721218824386597,-0.3055552840232849,0.12745279836157958,0.3605333347866933,0.3600545136382183,0.902198314666748,0.527289092540741,0.902198314666748,0.527289092540741,0.775131344795227,0.3903456926345825,0.37694066762924194,0.15783807635307312,0.37694066762924194,0.15783807635307312,0.3077142834663391,0.08508916199207306
1229,-2.038503408432007,-0.479350745677948,0.21046034753322596,0.14971163317561165,0.3624758551269768,1.155103325843811,0.5641412138938904,1.155103325843811,0.5641412138938904,0.9873731136322021,0.5641412138938904,0.5797621011734009,0.2061074674129486,0.5797621011734009,0.2061074674129486,0.49057742953300476,0.11669100821018219
1230,-1.895765781402588,-0.4466141164302826,0.4908892039706309,0.24476871619621912,0.02286999394496289,1.3221783638000488,0.5181592106819153,1.3221783638000488,0.5181592106819153,1.1164579391479492,0.32448887825012207,0.5181592106819153,0.19663625955581665,0.5181592106819153,0.19663625955581665,0.4213240444660187,0.11491662263870239
1231,2.335785150527954,-0.749428391456604,0.46258798441539206,0.5419357884178557,0.4327190458898742,1.265979290008545,1.0311614274978638,1.265979290008545,1.0311614274978638,2.808032989501953,1.0311614274978638,0.5758610367774963,0.2716025114059448,0.5758610367774963,0.2716025114059448,0.8035112619400024,0.2540568709373474
1232,-2.6899662017822266,-0.7455897331237793,0.7270628598332403,0.6034222534298894,0.6916066750138998,0.6729849576950073,0.6729849576950073,0.6729849576950073,0.6729849576950073,1.4712227582931519,0.8303801417350769,0.6729849576950073,0.7109271287918091,0.6729849576950073,0.7109271287918091,0.47708576917648315,1.1066713333129883
1233,-1.682457685470581,-0.6988084316253662,0.7287181353755294,0.7311540968716141,0.5236207286082206,0.5945662260055542,0.04490828514099121,0.5945662260055542,0.04490828514099121,1.4667679071426392,0.04490828514099121,0.5945662260055542,0.6752173900604248,0.5945662260055542,0.6752173900604248,0.3197372555732727,1.088506817817688
1234,0.9763796925544739,-0.26291346549987793,0.4024912060424686,0.6734693907573818,0.9906708554178475,0.957974374294281,0.34770381450653076,0.957974374294281,0.34770381450653076,1.227417230606079,0.34770381450653076,0.957974374294281,0.42324328422546387,0.957974374294281,0.42324328422546387,0.5103181600570679,0.6765142679214478
1235,-2.451965093612671,-1.4072246551513672,0.2867811256026227,0.5298078495884934,0.9865742666522662,2.291821241378784,1.4920151233673096,2.291821241378784,1.4920151233673096,3.387866735458374,1.4920151233673096,1.294438362121582,0.23747014999389648,1.294438362121582,0.23747014999389648,1.5252673625946045,0.3116878867149353
1236,-1.7043899297714233,-0.875413179397583,0.6051815192215144,0.3454248320311306,0.438032827693969,1.6811745166778564,0.6362918615341187,1.6811745166778564,0.6362918615341187,2.93188738822937,0.9602035880088806,0.6362918615341187,0.2715517282485962,0.6362918615341187,0.2715517282485962,0.9325545430183411,0.31485259532928467
1237,-1.0427557229995728,-0.7275301218032837,0.41894390377526514,0.6723204548408587,0.5413579013260703,1.5723985433578491,1.090147852897644,1.5723985433578491,1.090147852897644,1.3277883529663086,0.8123205304145813,0.6856037378311157,0.4659084677696228,0.6856037378311157,0.4659084677696228,0.5410943627357483,0.2672252357006073
1238,-2.1039235591888428,-1.7901129722595215,0.23604728334893754,0.5145596672718726,0.861882357125481,1.6378540992736816,1.8749034404754639,1.6378540992736816,1.8749034404754639,2.159437894821167,1.8749034404754639,1.1142414808273315,0.24673306941986084,1.1142414808273315,0.24673306941986084,1.366844892501831,0.5627169609069824
1239,-0.3732830286026001,-1.4390065670013428,0.4994426601380111,0.26389677088707697,0.4980434714630244,0.7907871007919312,0.5058438777923584,0.7907871007919312,0.5058438777923584,1.7558740377426147,1.5237970352172852,0.5058438777923584,0.3651163578033447,0.5058438777923584,0.3651163578033447,0.8733963370323181,0.6872023344039917
1240,1.3121354579925537,-1.1093947887420654,0.07118773203343143,0.6306174333393575,0.22996607806533576,1.258853554725647,0.8237283825874329,1.258853554725647,0.8237283825874329,1.7761911153793335,1.1941853761672974,0.7296375632286072,0.10045385360717773,0.7296375632286072,0.10045385360717773,0.9152894020080566,0.3371724784374237
1241,-0.9011216163635254,-0.5286321043968201,0.39316932216286665,0.0870676951855422,0.6571100668609142,1.6535325050354004,0.6134225130081177,1.6535325050354004,0.6134225130081177,1.305603265762329,0.6134225130081177,0.8766344785690308,0.13677659630775452,0.8766344785690308,0.13677659630775452,0.6958526372909546,0.1789369434118271
1242,-0.14028805494308472,0.09833133220672607,0.20597305038323005,0.4183882783601681,0.06353976874301831,0.35865887999534607,0.13592571020126343,0.35865887999534607,0.13592571020126343,0.5035929679870605,0.13592571020126343,0.35865887999534607,0.1127673089504242,0.35865887999534607,0.1127673089504242,0.24729229509830475,0.23522517085075378
1243,-0.5975260734558105,0.22130250930786133,0.006126071040828962,0.2053660486762722,0.6104183531428375,0.4148269593715668,0.1365121603012085,0.4148269593715668,0.1365121603012085,0.4945034384727478,0.1365121603012085,0.4148269593715668,0.0340023934841156,0.4148269593715668,0.0340023934841156,0.29337772727012634,0.12958890199661255
1244,-1.4474067687988281,-0.42143145203590393,0.12361902454247084,0.009770743983487318,0.1299595367660125,0.5493181943893433,0.5062218904495239,0.5493181943893433,0.5062218904495239,0.8116451501846313,0.5062218904495239,0.32165324687957764,0.04204213619232178,0.32165324687957764,0.04204213619232178,0.3955051600933075,0.11676323413848877
1245,-0.37897032499313354,-0.4776430130004883,0.3338441735940673,0.11209176242972413,0.14591658753653347,0.7178972959518433,0.35537341237068176,0.7178972959518433,0.35537341237068176,0.7654824256896973,0.5624334216117859,0.35537341237068176,0.16365393996238708,0.35537341237068176,0.16365393996238708,0.3796756863594055,0.18648649752140045
1246,-0.4327838718891144,-0.6648638248443604,0.06985720710208004,0.3895549676691492,0.027827985559900792,0.7582256197929382,0.5484599471092224,0.7582256197929382,0.5484599471092224,0.8603976964950562,0.5484599471092224,0.4530377984046936,0.24592137336730957,0.4530377984046936,0.24592137336730957,0.500748872756958,0.29572445154190063
1247,-2.0606398582458496,-0.6866483688354492,0.08390895524372671,0.06452821747710302,0.3605874123920996,0.8839712142944336,0.7714386582374573,0.8839712142944336,0.7714386582374573,1.0012531280517578,0.7714386582374573,0.563916802406311,0.12432146072387695,0.563916802406311,0.12432146072387695,0.6177467107772827,0.1784457266330719
1248,-1.6731359958648682,-0.6661878824234009,0.4876827098242939,0.05915595134720203,0.05827444326132536,0.9820272326469421,0.505093514919281,0.9820272326469421,0.505093514919281,1.1185024976730347,0.6266459226608276,0.505093514919281,0.1337077021598816,0.505093514919281,0.1337077021598816,0.5658696889877319,0.19048410654067993
1249,-0.6447243094444275,-1.1555628776550293,0.40865014074991146,0.5913073249409597,0.022018371758361743,1.1140364408493042,1.09746253490448,1.1140364408493042,1.09746253490448,1.973405122756958,1.09746253490448,0.6869750022888184,0.1848890781402588,0.6869750022888184,0.1848890781402588,0.8922187685966492,0.40995800495147705
1250,-1.9850142002105713,-1.5019057989120483,0.13881136212497958,0.5023360027372836,0.6831347695365548,1.456615924835205,1.5866962671279907,1.456615924835205,1.5866962671279907,2.0641465187072754,1.5866962671279907,0.9399362802505493,0.15754497051239014,0.9399362802505493,0.15754497051239014,1.1835836172103882,0.4648723900318146
1251,-1.1962286233901978,-1.2495882511138916,0.468266324152549,0.13294307847817743,0.4707551839699349,1.012091040611267,1.334378719329834,1.012091040611267,1.334378719329834,1.8441555500030518,1.334378719329834,0.6762539148330688,0.2173703908920288,0.6762539148330688,0.2173703908920288,0.9196750521659851,0.45684748888015747
1252,-1.2410637140274048,-1.095471978187561,0.284448378359278,0.5725234509756167,0.06087636513014649,1.0353423357009888,0.9619408845901489,1.0353423357009888,0.9619408845901489,1.5217552185058594,0.9619408845901489,0.6670429110527039,0.2791094183921814,0.6670429110527039,0.2791094183921814,0.814491868019104,0.4399847686290741
1253,-1.2784477472305298,-1.4241303205490112,0.28568541606267295,0.3293181474444766,0.6315030925286313,1.149975061416626,1.5089207887649536,1.149975061416626,1.5089207887649536,1.4404468536376953,1.5089207887649536,0.8673157691955566,0.2977942228317261,0.8673157691955566,0.2977942228317261,1.036508321762085,0.5135469436645508
1254,-0.5878649950027466,-1.0833208560943604,0.2979209349676966,0.3293317079171538,0.27844454869627966,0.43479830026626587,0.7353379726409912,0.43479830026626587,0.7353379726409912,0.7705644369125366,0.7353379726409912,0.4211517572402954,0.5028418302536011,0.4211517572402954,0.5028418302536011,0.5782448649406433,0.6648852825164795
1255,0.09878414869308472,-0.9472801685333252,0.12434495574484272,0.34853439381967,0.2967772736648717,0.6432923078536987,0.5807225108146667,0.6432923078536987,0.5807225108146667,1.2493993043899536,1.0320707559585571,0.43398451805114746,0.14928597211837769,0.43398451805114746,0.14928597211837769,0.6601924896240234,0.4144723415374756
1256,-1.6101592779159546,-0.5486493110656738,0.05397582033028209,0.1335721362630526,0.2914294498289626,0.9105109572410583,0.633439838886261,0.9105109572410583,0.633439838886261,1.2036486864089966,0.633439838886261,0.5028978586196899,0.02529829740524292,0.5028978586196899,0.02529829740524292,0.580797553062439,0.09588895738124847
1257,1.188844084739685,-0.4810878038406372,0.3758666245204707,0.08581858706350132,0.013416101870437513,0.8835170269012451,0.3964391350746155,0.8835170269012451,0.3964391350746155,0.8544377684593201,0.3681662082672119,0.3964391350746155,0.19820910692214966,0.3964391350746155,0.19820910692214966,0.3823026716709137,0.18569371104240417
1258,1.1259324550628662,0.01282837986946106,0.37661583295712864,0.43190188509722544,0.24573805181930458,1.4099475145339966,0.10266564041376114,1.4099475145339966,0.10266564041376114,0.9796204566955566,0.10266564041376114,0.4282985329627991,0.038262687623500824,0.4282985329627991,0.038262687623500824,0.265482097864151,0.2108841985464096
1259,-0.902851939201355,0.19602355360984802,0.3636562048271298,0.41374902114272116,0.4037580078467726,0.41288354992866516,0.7212908267974854,0.41288354992866516,0.7212908267974854,0.8564702272415161,0.11123313754796982,0.41288354992866516,0.3356795012950897,0.41288354992866516,0.3356795012950897,0.30458375811576843,0.2786117196083069
1260,0.3804577887058258,0.47020450234413147,0.2063726561764876,0.3263059552324315,0.5278948678014179,0.31203949451446533,0.38541409373283386,0.31203949451446533,0.38541409373283386,0.5909761786460876,0.38541409373283386,0.31203949451446533,0.24010297656059265,0.31203949451446533,0.24010297656059265,0.4596177637577057,0.14698627591133118
1261,-0.23425625264644623,0.29868096113204956,0.131893415649732,0.21326637944827473,0.5576775894438226,0.35652151703834534,0.21389055252075195,0.35652151703834534,0.21389055252075195,0.5170723795890808,0.21389055252075195,0.35652151703834534,0.0962083637714386,0.35652151703834534,0.0962083637714386,0.23573791980743408,0.09909515082836151
1262,-0.039382465183734894,-0.17733672261238098,0.030591472722590024,0.15564728878438475,0.1247688741609454,0.11270198225975037,0.05328056216239929,0.11270198225975037,0.05328056216239929,0.559571385383606,0.2621271312236786,0.11270198225975037,0.06026088446378708,0.11270198225975037,0.06026088446378708,0.15797774493694305,0.21168211102485657
1263,-0.27586236596107483,0.13151517510414124,0.021653956534961827,0.031321988565226416,0.3188068716476361,0.1182805746793747,0.04672475904226303,0.1182805746793747,0.04672475904226303,0.10797247290611267,0.04672475904226303,0.1182805746793747,0.009879201650619507,0.1182805746793747,0.009879201650619507,0.0874994546175003,0.03897137939929962
1264,-1.1573630571365356,-0.07090688496828079,0.039896427753071007,0.03012181544055538,0.11649137695630393,0.1366918683052063,0.1556973159313202,0.1366918683052063,0.1556973159313202,0.26627665758132935,0.1556973159313202,0.07620426267385483,0.010660767555236816,0.07620426267385483,0.010660767555236816,0.11077527701854706,0.04539289325475693
1265,-0.18576456606388092,-0.28333693742752075,0.2605968146336576,0.02579393999030194,0.18067748170966907,0.5870479345321655,0.28268706798553467,0.5870479345321655,0.28268706798553467,0.5997228026390076,0.36812734603881836,0.28268706798553467,0.07243555784225464,0.28268706798553467,0.07243555784225464,0.28912463784217834,0.07875846326351166
1266,-2.0953028202056885,-0.3855341076850891,0.017850677892565753,0.2914979102090001,0.10143814492970707,0.6045762300491333,0.3809015154838562,0.6045762300491333,0.3809015154838562,0.7137246131896973,0.4703245162963867,0.3339047133922577,0.04840841889381409,0.3339047133922577,0.04840841889381409,0.37871789932250977,0.10121019184589386
1267,-3.0926454067230225,-0.9006396532058716,0.4971240249897041,0.012586790633698164,0.23847875433663535,1.061631202697754,0.5102312564849854,1.061631202697754,0.5102312564849854,1.7561616897583008,0.9854300618171692,0.5102312564849854,0.05632781982421875,0.5102312564849854,0.05632781982421875,0.7234187722206116,0.2647000551223755
1268,0.5885279178619385,-1.4295307397842407,0.7760441250850758,0.587721725044151,0.11185889406750604,1.7654082775115967,0.8178608417510986,1.7654082775115967,0.8178608417510986,2.9763598442077637,1.4547245502471924,0.8178608417510986,0.07537686824798584,0.8178608417510986,0.07537686824798584,1.1362926959991455,0.4119126498699188
1269,-0.9435650110244751,-1.7332547903060913,0.18867596770326278,1.0137714809676013,0.7305356125285226,2.5488719940185547,0.9875165224075317,2.5488719940185547,0.9875165224075317,3.732090950012207,1.8180452585220337,1.1395306587219238,0.1534125804901123,1.1395306587219238,0.1534125804901123,1.5563465356826782,0.49511316418647766
1270,-2.7812340259552,-1.2233012914657593,0.2142894751019775,0.23083258243277616,1.0622207342833276,2.007847785949707,1.3080917596817017,2.007847785949707,1.3080917596817017,1.8941932916641235,1.3080917596817017,1.2275891304016113,0.22456300258636475,1.2275891304016113,0.22456300258636475,1.1520487070083618,0.12266504764556885
1271,-0.06936986744403839,-0.6563968062400818,0.6709250277777514,0.19362082613011206,0.385772712181012,1.6500632762908936,0.6863418221473694,1.6500632762908936,0.6863418221473694,1.4741191864013672,0.7411872148513794,0.6863418221473694,0.23536789417266846,0.6863418221473694,0.23536789417266846,0.5865613222122192,0.1453045904636383
1272,-1.9261903762817383,-1.2367106676101685,0.009839321834345327,0.8712580022464194,0.19766832268486412,1.8583730459213257,0.9902491569519043,1.8583730459213257,0.9902491569519043,2.3790102005004883,1.3215011358261108,0.9725147485733032,0.019629359245300293,0.9725147485733032,0.019629359245300293,1.1382200717926025,0.23821505904197693
1273,-1.8928126096725464,-1.5271906852722168,0.44720894022534285,0.04084264864524201,0.9432007291788858,1.82777738571167,1.6119811534881592,1.82777738571167,1.6119811534881592,2.7773385047912598,1.6119811534881592,1.1240036487579346,0.02338099479675293,1.1240036487579346,0.02338099479675293,1.358877420425415,0.24377089738845825
1274,-0.5020125508308411,-1.0062472820281982,0.462962714396417,0.5298955645412207,0.1642347806319593,1.0767531394958496,1.0690734386444092,1.0767531394958496,1.0690734386444092,2.2270069122314453,1.0690734386444092,0.6064620018005371,0.028693079948425293,0.6064620018005371,0.028693079948425293,0.8377677202224731,0.2801433801651001
1275,-2.5859858989715576,-1.4878697395324707,0.10350001682837817,0.5791560099025567,0.6275900482883057,1.4231314659118652,1.572660207748413,1.4231314659118652,1.572660207748413,2.1933393478393555,1.572660207748413,0.8882782459259033,0.12523925304412842,0.8882782459259033,0.12523925304412842,1.1680834293365479,0.47264349460601807
1276,-1.3705780506134033,-1.4358125925064087,0.6139517523348329,0.08262968871742515,0.5616073677316309,1.206694483757019,0.60861736536026,1.206694483757019,0.60861736536026,2.3786206245422363,1.5206029415130615,0.60861736536026,0.1677689552307129,0.60861736536026,0.1677689552307129,0.9982595443725586,0.526140034198761
1277,0.25079450011253357,-1.3141705989837646,0.3371066889291008,0.7867033063744506,0.01273693916698293,1.4695717096328735,1.2318464517593384,1.4695717096328735,1.2318464517593384,2.160475730895996,1.2318464517593384,0.8949394822120667,0.22073900699615479,0.8949394822120667,0.22073900699615479,1.063392996788025,0.41354721784591675
1278,-1.3455415964126587,-1.4196704626083374,0.08915807334085346,0.4120067288229867,0.9191981426129738,2.0168590545654297,1.5044609308242798,2.0168590545654297,1.5044609308242798,2.6870012283325195,1.5044609308242798,1.1915334463119507,0.059587836265563965,1.1915334463119507,0.059587836265563965,1.3803458213806152,0.2528957724571228
1279,-0.028281422331929207,-0.6739335060119629,0.31246851494535804,0.1327236951887607,0.31656502174213524,0.9309897422790527,0.7587239146232605,0.9309897422790527,0.7587239146232605,1.7047936916351318,0.7587239146232605,0.49388399720191956,0.07657164335250854,0.49388399720191956,0.07657164335250854,0.6594350934028625,0.16469602286815643
1280,0.5113590955734253,-0.2017221748828888,0.024601010481516528,0.3398374895130595,0.29113796866188446,0.8126736879348755,0.3632073998451233,0.8126736879348755,0.3632073998451233,0.7414220571517944,0.2865125834941864,0.35605788230895996,0.0074409544467926025,0.35605788230895996,0.0074409544467926025,0.31769484281539917,0.046842917799949646
1281,0.05367571488022804,-0.2848258912563324,0.16696171312282487,0.032061599033574195,0.30622550909717877,0.9800617098808289,0.3696162700653076,0.9800617098808289,0.3696162700653076,0.8493818044662476,0.3696162700653076,0.4961903393268585,0.009171783924102783,0.4961903393268585,0.009171783924102783,0.42918646335601807,0.06740571558475494
1282,0.9975292682647705,0.2268475592136383,0.04743099999303624,0.1750429246822992,0.18199741826082272,0.16155830025672913,0.14205726981163025,0.16155830025672913,0.14205726981163025,0.03171294927597046,0.14205726981163025,0.008488625288009644,0.014031052589416504,0.008488625288009644,0.014031052589416504,0.06842829287052155,0.08250097930431366
1283,0.901642918586731,0.5194899439811707,0.3114201568439603,0.030249175336211853,0.3554442763142288,0.0070359110832214355,0.43469953536987305,0.0070359110832214355,0.43469953536987305,0.27633386850357056,0.43469953536987305,0.1500028371810913,0.013797760009765625,0.1500028371810913,0.013797760009765625,0.28529074788093567,0.14812621474266052
1284,-0.5568345189094543,0.6352196931838989,0.2949386732776959,0.31222903081526365,0.20567565360416973,0.2911633849143982,0.5336639285087585,0.2911633849143982,0.5336639285087585,0.5091726779937744,0.5336639285087585,0.2911633849143982,0.015755295753479004,0.2911633849143982,0.015755295753479004,0.41241365671157837,0.14565014839172363
1285,-0.4270762503147125,0.4525499939918518,0.11481503749887134,0.26626912580182144,0.47871954039980963,0.2673007845878601,0.3677595555782318,0.2673007845878601,0.3677595555782318,0.4809942841529846,0.3677595555782318,0.2673007845878601,0.14602544903755188,0.2673007845878601,0.14602544903755188,0.38659363985061646,0.11525487899780273
1286,-0.08768175542354584,0.11260039359331131,0.07779724638909102,0.11363257892429826,0.48165389832109207,0.2819032371044159,0.0278099924325943,0.2819032371044159,0.0278099924325943,0.2700292766094208,0.0278099924325943,0.2819032371044159,0.1033838763833046,0.2819032371044159,0.1033838763833046,0.20808154344558716,0.1669849455356598
1287,-0.5220629572868347,-0.2476474940776825,0.007734518262247234,0.0791494391982754,0.0013911807785431385,0.21984954178333282,0.14585676789283752,0.21984954178333282,0.14585676789283752,0.24246801435947418,0.14585676789283752,0.12349676340818405,0.19761699438095093,0.12349676340818405,0.19761699438095093,0.1346767693758011,0.2086966335773468
1288,0.24074432253837585,-0.2110455334186554,0.10308734707534312,0.021344389021396577,0.04832108914852145,0.24415698647499084,0.13035708665847778,0.24415698647499084,0.13035708665847778,0.48921653628349304,0.295835942029953,0.13035708665847778,0.02439919114112854,0.13035708665847778,0.02439919114112854,0.20157599449157715,0.0952872633934021
1289,0.418529212474823,-0.020997680723667145,0.0959121787920594,0.10995731126517061,0.17067107155919076,0.13614726066589355,0.10578814148902893,0.13614726066589355,0.10578814148902893,0.47125425934791565,0.10578814148902893,0.029746346175670624,0.06215819716453552,0.029746346175670624,0.06215819716453552,0.09880079329013824,0.07006356120109558
1290,2.873661518096924,0.08935850858688354,0.14550495449453588,0.1041703234612942,0.017306895144283768,0.11058604717254639,0.11058604717254639,0.11058604717254639,0.11058604717254639,0.12840992212295532,0.17877298593521118,0.11058604717254639,0.16907283663749695,0.11058604717254639,0.16907283663749695,0.14467951655387878,0.13680215179920197
1291,-0.5524753332138062,1.099243402481079,0.8986968862265348,0.11635776640847317,0.26181241435930147,0.8324135541915894,0.8324135541915894,0.8324135541915894,0.8324135541915894,0.28778982162475586,1.0144529342651367,0.8324135541915894,0.1186896562576294,0.8324135541915894,0.1186896562576294,0.8678054213523865,0.1537977159023285
1292,2.4960732460021973,0.9213288426399231,0.12230575371533625,0.9102674870565535,0.3109907142072913,0.8466042280197144,0.710754930973053,0.8466042280197144,0.710754930973053,0.36059296131134033,0.8365383744239807,0.8466042280197144,0.1830378770828247,0.8466042280197144,0.1830378770828247,0.9101044535636902,0.1259823739528656
1293,4.054354190826416,1.3763821125030518,0.7655992983778319,0.16472901600102596,0.9531356138487657,0.7144021987915039,1.291591763496399,0.7144021987915039,1.291591763496399,1.3396838903427124,1.291591763496399,0.7144021987915039,0.12265205383300781,0.7144021987915039,0.12265205383300781,1.0761349201202393,0.36891502141952515
1294,0.4252455234527588,1.9442365169525146,1.2844339751824734,0.8528568951040507,0.015430688820778915,1.2505052089691162,1.2505052089691162,1.2505052089691162,1.2505052089691162,1.5777227878570557,2.0444700717926025,1.2505052089691162,0.1744382381439209,1.2505052089691162,0.1744382381439209,1.6474876403808594,0.4668458104133606
1295,0.03605223074555397,1.99818754196167,0.18041621694962195,1.2251007935653129,0.7702940767506758,1.1944938898086548,1.301701545715332,1.1944938898086548,1.301701545715332,1.3853039741516113,1.913396954536438,1.1944938898086548,0.1640911102294922,1.1944938898086548,0.1640911102294922,1.4984965324401855,0.406100332736969
1296,2.047715902328491,1.0236287117004395,0.026429573620359026,0.08800528664762786,1.086817515945683,0.8164058923721313,0.9388383030891418,0.8164058923721313,0.9388383030891418,0.22110140323638916,0.9388383030891418,0.8164058923721313,0.009004950523376465,0.8164058923721313,0.009004950523376465,0.8730292320251465,0.054447948932647705
1297,0.5841211676597595,0.8051168918609619,0.6393026950458686,0.014260716127852402,0.3291770855958265,0.5836490392684937,0.5836490392684937,0.5836490392684937,0.5836490392684937,0.27831554412841797,0.7203264236450195,0.5836490392684937,0.009614229202270508,0.5836490392684937,0.009614229202270508,0.6472465395927429,0.07220587134361267
1298,0.8761393427848816,0.9001703262329102,0.21657974436879146,0.6640959534794093,0.1971182928979397,0.6502611637115479,0.8040974140167236,0.6502611637115479,0.8040974140167236,0.39628922939300537,0.8040974140167236,0.6502611637115479,0.010519266128540039,0.6502611637115479,0.010519266128540039,0.7271792888641357,0.10439962148666382
1299,1.428186297416687,0.9907171130180359,0.2739233736197154,0.1511487758780521,0.7432686876381436,0.5068017244338989,0.9059267640113831,0.5068017244338989,0.9059267640113831,0.41887474060058594,0.9059267640113831,0.5068017244338989,0.14877581596374512,0.5068017244338989,0.14877581596374512,0.6280957460403442,0.2645830810070038
1300,-0.44388434290885925,0.9090409278869629,0.4577105020855863,0.26232722525795316,0.36662686505665376,0.42264610528945923,0.42264610528945923,0.42264610528945923,0.42264610528945923,0.35575759410858154,0.8242505192756653,0.42264610528945923,0.25637614727020264,0.42264610528945923,0.25637614727020264,0.5038331151008606,0.34165579080581665
1301,0.02642744407057762,0.6038781404495239,0.08727834947407254,0.4257515685260296,0.44302858591079713,0.0827566385269165,0.5190877318382263,0.0827566385269165,0.5190877318382263,0.4646720886230469,0.5190877318382263,0.23519766330718994,0.1252613663673401,0.23519766330718994,0.1252613663673401,0.43242597579956055,0.1963241547346115
1302,1.6195708513259888,0.38662993907928467,0.035738029343386435,0.09513267985234647,0.623648254101475,0.4122648537158966,0.30183953046798706,0.4122648537158966,0.30183953046798706,0.2624729871749878,0.30183953046798706,0.4122648537158966,0.006423145532608032,0.4122648537158966,0.006423145532608032,0.35368722677230835,0.046975716948509216
1303,1.005651831626892,0.40349453687667847,0.5042702801028885,0.029285472246507904,0.04756244904051232,0.45804154872894287,0.45804154872894287,0.45804154872894287,0.45804154872894287,0.21552640199661255,0.31870412826538086,0.45804154872894287,0.007602870464324951,0.45804154872894287,0.007602870464324951,0.38489779829978943,0.07204800844192505
1304,0.6460152268409729,0.8775075674057007,0.3411045136799414,0.5192077526946863,0.19481896554430334,0.5119997262954712,0.7844380140304565,0.5119997262954712,0.7844380140304565,0.6224138736724854,0.7844380140304565,0.5119997262954712,0.007811188697814941,0.5119997262954712,0.007811188697814941,0.6482188701629639,0.16482245922088623
1305,0.9183328151702881,0.9589135646820068,0.2140190031938255,0.28361228380352255,0.6389059421978891,0.41357487440109253,0.8741231560707092,0.41357487440109253,0.8741231560707092,0.5327379703521729,0.8741231560707092,0.41357487440109253,0.18743926286697388,0.41357487440109253,0.18743926286697388,0.5583898425102234,0.31401363015174866
1306,0.24380187690258026,0.7882722020149231,0.29291272882372144,0.18705430220812547,0.4859288951009512,0.2735217809677124,0.7034818530082703,0.2735217809677124,0.7034818530082703,0.5066438913345337,0.7034818530082703,0.2735217809677124,0.1731865406036377,0.2735217809677124,0.1731865406036377,0.4016345143318176,0.295653373003006
1307,0.9188236594200134,0.5817813873291016,0.10062557999665545,0.27668658577526606,0.38209288607041036,0.10080009698867798,0.49699097871780396,0.10080009698867798,0.49699097871780396,0.35130414366722107,0.49699097871780396,0.17867708206176758,0.06706798076629639,0.17867708206176758,0.06706798076629639,0.3064005672931671,0.1871400624513626
1308,-0.6011759638786316,0.654679536819458,0.2882577641184131,0.07581825117270147,0.4682271860415738,0.25557607412338257,0.5698891282081604,0.25557607412338257,0.5698891282081604,0.5053374171257019,0.5698891282081604,0.2557253837585449,0.06190168857574463,0.2557253837585449,0.06190168857574463,0.3806065320968628,0.1845155656337738
1309,0.16410964727401733,0.2485644519329071,0.12486421436692274,0.28833502530430755,0.26271730550875266,0.23731976747512817,0.08916270732879639,0.23731976747512817,0.08916270732879639,0.11266167461872101,0.1637740433216095,0.23731976747512817,0.15773066878318787,0.23731976747512817,0.15773066878318787,0.2749982476234436,0.12281592190265656
1310,0.6413120627403259,0.25180336833000183,0.07415460052589584,0.13299033888926107,0.48826277120659733,0.2842646837234497,0.16701295971870422,0.2842646837234497,0.16701295971870422,0.3190448582172394,0.16701295971870422,0.2842646837234497,0.04099580645561218,0.2842646837234497,0.04099580645561218,0.2045799046754837,0.06843534111976624
1311,-1.1772338151931763,0.10081363469362259,0.20788703275223575,0.0811857882638772,0.010635529259840681,0.1715087592601776,0.1715087592601776,0.1715087592601776,0.1715087592601776,0.08173336833715439,0.21853521466255188,0.1715087592601776,0.197773277759552,0.1715087592601776,0.197773277759552,0.19502198696136475,0.17568552494049072
1312,-1.2750730514526367,0.008462794125080109,0.2693949031891923,0.21634592267995084,0.23913546894987425,0.8289042711257935,0.29666945338249207,0.8289042711257935,0.29666945338249207,0.9179720282554626,0.07632759213447571,0.29666945338249207,0.15985020995140076,0.29666945338249207,0.15985020995140076,0.27270954847335815,0.18567778170108795
1313,-0.5473960638046265,-0.3276069760322571,0.29140174491330983,0.2735981734469532,0.41501660684123626,0.23164111375808716,0.4123973846435547,0.23164111375808716,0.4123973846435547,0.6532609462738037,0.4123973846435547,0.23164111375808716,0.29445624351501465,0.23164111375808716,0.29445624351501465,0.1609276682138443,0.44766899943351746
1314,-1.5702528953552246,-0.9063518047332764,0.11395784070094428,0.34621502139916016,0.2685552781199416,0.6484395265579224,0.5661885738372803,0.6484395265579224,0.5661885738372803,1.2221195697784424,0.991142213344574,0.4292582869529724,0.13954180479049683,0.4292582869529724,0.13954180479049683,0.6422851085662842,0.38964441418647766
1315,-3.4440042972564697,-0.9413204193115234,0.3666323838072518,0.10269237582261381,0.2943719355637827,0.6607763171195984,0.38245904445648193,0.6607763171195984,0.38245904445648193,1.3822412490844727,1.0261107683181763,0.38245904445648193,0.1764175295829773,0.38245904445648193,0.1764175295829773,0.631831705570221,0.40977850556373596
1316,-1.0582913160324097,-1.4548087120056152,0.8490774598903954,0.40657381962984784,0.021533767972141682,1.7797346115112305,0.8693051934242249,1.7797346115112305,0.8693051934242249,2.5247015953063965,1.3563876152038574,0.8693051934242249,0.21434807777404785,0.8693051934242249,0.21434807777404785,1.1128463745117188,0.44891682267189026
1317,-0.1785110980272293,-2.046795606613159,0.2557977464298411,1.1324010661120214,0.48097312955806637,2.0102341175079346,1.5391442775726318,2.0102341175079346,1.5391442775726318,2.681222438812256,2.1315860748291016,1.2800490856170654,0.2852005958557129,1.2800490856170654,0.2852005958557129,1.5762205123901367,0.6517444849014282
1318,-3.0446174144744873,-1.7742018699645996,0.021016333500544215,0.30155189606050636,1.2740099758903187,2.3929171562194824,1.858992338180542,2.3929171562194824,1.858992338180542,2.756898880004883,1.858992338180542,1.52559494972229,0.03922247886657715,1.52559494972229,0.03922247886657715,1.6698026657104492,0.2302248477935791
1319,-1.0649679899215698,-1.0882595777511597,0.7351155087972681,0.02362949562569472,0.19914990006635602,1.5904338359832764,0.7410870790481567,1.5904338359832764,0.7410870790481567,2.1977481842041016,1.173050045967102,0.7410870790481567,0.05150282382965088,0.7410870790481567,0.05150282382965088,0.9336107969284058,0.23551252484321594
1320,0.7716561555862427,-1.2672266960144043,0.26147199420258405,0.9412643129006026,0.1131332756020127,1.8583433628082275,1.294795036315918,1.8583433628082275,1.294795036315918,2.5208568572998047,1.294795036315918,1.033139944076538,0.07794058322906494,1.033139944076538,0.07794058322906494,1.163967490196228,0.23338669538497925
1321,-0.8502548336982727,-1.390453815460205,0.22414211468150236,0.31775434977064543,1.1192179158578317,2.3124728202819824,1.4752442836761475,2.3124728202819824,1.4752442836761475,3.0374579429626465,1.4752442836761475,1.3961460590362549,0.1799640655517578,1.3961460590362549,0.1799640655517578,1.5386346578598022,0.19453293085098267
1322,-1.3911609649658203,-0.27949953079223633,0.19022341862320902,0.27515452887862923,0.18680697653442624,0.22603541612625122,0.015062540769577026,0.22603541612625122,0.015062540769577026,0.4464977979660034,0.015062540769577026,0.22603541612625122,0.3550143241882324,0.22603541612625122,0.3550143241882324,0.12054897844791412,0.46423792839050293
1323,1.1059855222702026,-0.22492468357086182,0.31705639556671183,0.1795036667833726,0.4492590432924529,0.26256489753723145,0.3097150921821594,0.26256489753723145,0.3097150921821594,0.711529016494751,0.3097150921821594,0.26256489753723145,0.20099276304244995,0.26256489753723145,0.20099276304244995,0.17210893332958221,0.3673170208930969
1324,-1.9243501424789429,-0.3438259959220886,0.34577461406588533,0.38881959602236726,0.12315734945237639,1.3251142501831055,0.13346341252326965,1.3251142501831055,0.13346341252326965,0.9418100714683533,0.13346341252326965,0.4377603530883789,0.3562910854816437,0.4377603530883789,0.3562910854816437,0.2856118679046631,0.19908683001995087
1325,-1.638250708580017,-0.5884279012680054,0.47192307662218813,0.37834128789603727,0.31722238842397943,1.440882921218872,0.5094593167304993,1.440882921218872,0.5094593167304993,1.062618374824524,0.15852579474449158,0.5094593167304993,0.4737788140773773,0.5094593167304993,0.4737788140773773,0.33399254083633423,0.338556170463562
1326,0.688755989074707,-0.4753772020339966,0.39021407005687553,0.48769110159327594,0.5801516341293852,0.43477094173431396,0.5601676106452942,0.43477094173431396,0.5601676106452942,0.9851515293121338,0.5601676106452942,0.43477094173431396,0.42109814286231995,0.43477094173431396,0.42109814286231995,0.2976904511451721,0.6460641026496887
1327,-0.7613457441329956,-1.0860509872436523,0.21330691362420717,0.4997262328614793,0.62200800349315,1.7066092491149902,1.1708414554595947,1.7066092491149902,1.1708414554595947,2.707582712173462,1.1708414554595947,0.9004195928573608,0.17844486236572266,0.9004195928573608,0.17844486236572266,1.1270033121109009,0.29875844717025757
1328,-1.9294124841690063,-0.5093040466308594,0.16904591251164675,0.2583905485272408,0.42102495852857835,1.1436893939971924,0.5940943956375122,1.1436893939971924,0.5940943956375122,0.9992462396621704,0.5940943956375122,0.5851206183433533,0.19560250639915466,0.5851206183433533,0.19560250639915466,0.4957726001739502,0.11201252043247223
1329,-0.10169623047113419,-0.3593329191207886,0.45112305634344607,0.15025655721003817,0.41967035894592597,1.2158485651016235,0.46530112624168396,1.2158485651016235,0.46530112624168396,1.0069324970245361,0.4441233277320862,0.46530112624168396,0.1823154091835022,0.46530112624168396,0.1823154091835022,0.353060781955719,0.10466475784778595
1330,-0.04845261573791504,-0.8380041122436523,0.002090913541614947,0.5593137473240494,0.10315767355263233,1.1967368125915527,0.6613293886184692,1.1967368125915527,0.6613293886184692,1.6142702102661133,0.9227945804595947,0.6353789567947388,0.02775275707244873,0.6353789567947388,0.02775275707244873,0.7662251591682434,0.19500750303268433
1331,-1.6795519590377808,-0.7162408828735352,0.012849200392762938,0.01431225682298326,0.5657787351806958,1.259033203125,0.8010313510894775,1.259033203125,0.8010313510894775,1.2912688255310059,0.8010313510894775,0.7620423436164856,0.01208508014678955,0.7620423436164856,0.01208508014678955,0.7753921747207642,0.029513806104660034
1332,1.5621975660324097,-0.3704718053340912,0.3910412342101336,0.041731095500290416,0.1564619978889823,0.8689075708389282,0.4100226163864136,0.8689075708389282,0.4100226163864136,0.9172090291976929,0.4552622139453888,0.4100226163864136,0.012568265199661255,0.4100226163864136,0.012568265199661255,0.4262753129005432,0.0290878564119339
1333,1.6277128458023071,0.054659463465213776,0.4965424175436298,0.4585445436214408,0.19428525405625507,0.46718844771385193,0.46718844771385193,0.46718844771385193,0.46718844771385193,1.044235348701477,0.014825455844402313,0.46718844771385193,0.019152693450450897,0.46718844771385193,0.019152693450450897,0.24100695550441742,0.2435353845357895
1334,-1.7605690956115723,0.4764549136161804,0.5382451739162204,0.548384840078652,0.43255143586546163,0.5483594536781311,1.0325835943222046,0.5483594536781311,1.0325835943222046,1.0108091831207275,1.0325835943222046,0.5711595416069031,0.5798230767250061,0.5711595416069031,0.5798230767250061,0.8018715381622314,0.32002657651901245
1335,2.3789448738098145,0.46232524514198303,0.4407558177535733,0.45910541834930585,0.6215993388618032,0.3774683475494385,0.3775348663330078,0.3774683475494385,0.3775348663330078,0.7860859632492065,0.3775348663330078,0.3965069651603699,0.49198228120803833,0.3965069651603699,0.49198228120803833,0.6017778515815735,0.2674684524536133
1336,1.5405446290969849,0.8569940328598022,0.7498235571384428,0.4488526811450717,0.7336468213796614,0.6967638731002808,0.6967638731002808,0.6967638731002808,0.6967638731002808,0.9905949234962463,0.7722036242485046,0.6967638731002808,0.3503490686416626,0.6967638731002808,0.3503490686416626,0.9866122603416443,0.21887454390525818
1337,-0.3616279363632202,0.7604376077651978,0.5410132843380171,0.8586830438425144,0.4616350559021034,0.91971755027771,1.3529375791549683,0.91971755027771,1.3529375791549683,1.1291249990463257,1.3529375791549683,0.91971755027771,0.5981007814407349,0.91971755027771,0.5981007814407349,1.1363275051116943,0.327923059463501
1338,0.1669381856918335,0.9820308685302734,0.07178208081672577,0.4282606920351584,0.8031758622204264,0.5555900931358337,0.897240400314331,0.5555900931358337,0.897240400314331,0.7640495300292969,0.897240400314331,0.5555900931358337,0.1048009991645813,0.5555900931358337,0.1048009991645813,0.7716035842895508,0.20592862367630005
1339,2.234971284866333,0.4654223322868347,0.07176404212911924,0.07815223279098671,0.6494341874619325,0.4331565201282501,0.3806319236755371,0.4331565201282501,0.3806319236755371,0.23733681440353394,0.3806319236755371,0.4331565201282501,0.040928423404693604,0.4331565201282501,0.040928423404693604,0.38546884059906006,0.03790956735610962
1340,-0.42208829522132874,0.6602073311805725,0.7017733008041976,0.061520928703248656,0.0745368257910013,0.6475929617881775,0.6475929617881775,0.6475929617881775,0.6475929617881775,0.08856379985809326,0.5754169821739197,0.6475929617881775,0.047846078872680664,0.6475929617881775,0.047846078872680664,0.5895004272460938,0.057208627462387085
1341,-0.03692319989204407,0.6838409900665283,0.08195853042105827,0.706389996682604,0.23703318831821285,0.6524316072463989,0.5475432872772217,0.6524316072463989,0.5475432872772217,0.16932356357574463,0.5990505814552307,0.6524316072463989,0.1312117576599121,0.6524316072463989,0.1312117576599121,0.6783547401428223,0.10743844509124756
1342,-1.0226460695266724,0.5584089756011963,0.014682771402100947,0.09648505420734466,0.8178349229196703,0.5943053364753723,0.4736185669898987,0.5943053364753723,0.4736185669898987,0.344973623752594,0.4736185669898987,0.5943053364753723,0.008688688278198242,0.5943053364753723,0.008688688278198242,0.5386472940444946,0.048925936222076416
1343,1.3214272260665894,-0.3168761432170868,0.22845754909639554,0.0409091164978842,0.04829595389465485,0.5200791358947754,0.2521544396877289,0.5200791358947754,0.2521544396877289,0.7738975286483765,0.4016665518283844,0.2521544396877289,0.010173231363296509,0.2521544396877289,0.010173231363296509,0.3220580816268921,0.08061210811138153
1344,1.8946398496627808,0.1667722761631012,0.4120540627961359,0.26296418676773714,0.19530604974677157,0.37253236770629883,0.37253236770629883,0.37253236770629883,0.37253236770629883,0.6284710764884949,0.0936303585767746,0.37253236770629883,0.013201341032981873,0.37253236770629883,0.013201341032981873,0.2330813705921173,0.14827406406402588
1345,-0.9372148513793945,0.7186332941055298,0.620501070531706,0.44491190916548184,0.16915602107842775,0.5895106792449951,0.5895106792449951,0.5895106792449951,0.5895106792449951,0.8226355910301208,0.996282696723938,0.5895106792449951,0.33256685733795166,0.5895106792449951,0.33256685733795166,0.7928966879844666,0.21371281147003174
1346,0.274456650018692,0.7144238948822021,0.2258214207304019,0.557589009410391,0.5602800303200881,0.18164926767349243,0.6296335458755493,0.18164926767349243,0.6296335458755493,0.6869415044784546,0.6296335458755493,0.3392942547798157,0.2765609622001648,0.3392942547798157,0.2765609622001648,0.5994913578033447,0.2711329162120819
1347,1.9064598083496094,0.4662352204322815,0.09832057169328134,0.2192557060842713,0.7647940193365017,0.5620661973953247,0.3814448118209839,0.5620661973953247,0.3814448118209839,0.6042702794075012,0.3814448118209839,0.5620661973953247,0.06637406349182129,0.5620661973953247,0.06637406349182129,0.43630391359329224,0.08933156728744507
1348,0.0037351278588175774,0.3916718363761902,0.5979804775615533,0.10619635385771586,0.13488133052984863,0.5532509088516235,0.5532509088516235,0.5532509088516235,0.5532509088516235,0.42190444469451904,0.3068814277648926,0.5532509088516235,0.08552849292755127,0.5532509088516235,0.08552849292755127,0.3937827944755554,0.16061604022979736
1349,-0.3102276027202606,0.7318438291549683,0.039616050782303125,0.5998857271547118,0.26996577533582844,0.5623854398727417,0.563330888748169,0.5623854398727417,0.563330888748169,0.20979279279708862,0.6470534801483154,0.5623854398727417,0.001142263412475586,0.5623854398727417,0.001142263412475586,0.6042444109916687,0.04003980755805969
1350,0.3151783347129822,0.5074675679206848,0.052724102598925626,0.011633761587242386,0.7261815138409536,0.49940282106399536,0.42267709970474243,0.49940282106399536,0.42267709970474243,0.21485090255737305,0.42267709970474243,0.49940282106399536,0.0007618069648742676,0.49940282106399536,0.0007618069648742676,0.46054893732070923,0.03715887665748596
1351,1.0372850894927979,0.08572672307491302,0.11623280157645541,0.053078124361733536,0.20019571782400208,0.09672034531831741,0.0009363144636154175,0.09672034531831741,0.0009363144636154175,0.015893451869487762,0.0009363144636154175,0.0012150928378105164,0.08185938745737076,0.0012150928378105164,0.08185938745737076,0.04189815744757652,0.04104803875088692
1352,-0.03245525807142258,0.35634371638298035,0.32616940156867114,0.11583367203672729,0.09196430729081223,0.2857338786125183,0.2857338786125183,0.2857338786125183,0.2857338786125183,0.17116597294807434,0.37251800298690796,0.2857338786125183,0.09707123041152954,0.2857338786125183,0.09707123041152954,0.32912594079971313,0.05359956622123718
1353,0.15983693301677704,0.45208221673965454,0.025578681379556656,0.3198322447761893,0.2842949550971388,0.27974826097488403,0.27155518531799316,0.27974826097488403,0.27155518531799316,0.1648622751235962,0.36729180812835693,0.27974826097488403,0.00887143611907959,0.27974826097488403,0.00887143611907959,0.3276394307613373,0.04471158981323242
1354,0.45843133330345154,0.4110075831413269,0.07265258310983586,0.010106526228288892,0.5058721681187549,0.2937670946121216,0.3262172043323517,0.2937670946121216,0.3262172043323517,0.099161297082901,0.3262172043323517,0.2937670946121216,0.007524460554122925,0.2937670946121216,0.007524460554122925,0.3142574429512024,0.02014300227165222
1355,0.12684962153434753,0.23733893036842346,0.1568184725070993,0.07369887253890434,0.18444527963797253,0.15336483716964722,0.15254855155944824,0.15336483716964722,0.15254855155944824,0.033556222915649414,0.15254855155944824,0.010010957717895508,0.04292142391204834,0.010010957717895508,0.04292142391204834,0.06021463871002197,0.10285192728042603
1356,-0.09626729786396027,0.2872479557991028,0.06693799519290528,0.15600016109024487,0.24193346402918295,0.039760082960128784,0.20245754718780518,0.039760082960128784,0.20245754718780518,0.07927656173706055,0.20245754718780518,0.047207415103912354,0.03313669562339783,0.047207415103912354,0.03313669562339783,0.10858991742134094,0.09312023222446442
1357,-1.1231861114501953,0.22927123308181763,0.0068986138515174655,0.0633858260326087,0.33661045771092174,0.13551661372184753,0.14448082447052002,0.13551661372184753,0.14448082447052002,0.0813148021697998,0.14448082447052002,0.13551661372184753,0.024272561073303223,0.13551661372184753,0.024272561073303223,0.152177095413208,0.015767857432365417
1358,0.6708418726921082,-0.17436367273330688,0.2517144393796722,0.02077975851794081,0.2341946726416548,0.6164791584014893,0.27362415194511414,0.6164791584014893,0.27362415194511414,0.5772955417633057,0.2591540813446045,0.27362415194511414,0.02437707781791687,0.27362415194511414,0.02437707781791687,0.25374072790145874,0.020019158720970154
1359,-0.26027780771255493,-0.07496482133865356,0.2171864842871824,0.2862758421277006,0.17174820101509491,0.8707742094993591,0.12918251752853394,0.8707742094993591,0.12918251752853394,0.6611886620521545,0.12918251752853394,0.3071841895580292,0.03564182668924332,0.3071841895580292,0.03564182668924332,0.21818335354328156,0.09107497334480286
1360,-0.8664841651916504,-0.1804666519165039,0.03785954998185237,0.2436304736013214,0.20861391102274263,0.20349693298339844,0.13761043548583984,0.20349693298339844,0.13761043548583984,0.6746866106987,0.2652570605278015,0.20349693298339844,0.06818928569555283,0.20349693298339844,0.06818928569555283,0.20170921087265015,0.2570628523826599
1361,-1.2836148738861084,0.010990865528583527,0.18693217560028041,0.03043184425060952,0.40597854989270377,0.20718824863433838,0.07379955053329468,0.20718824863433838,0.07379955053329468,0.4343653917312622,0.07379955053329468,0.20718824863433838,0.060810454189777374,0.20718824863433838,0.060810454189777374,0.10626763105392456,0.16560110449790955
1362,-1.043850064277649,-0.5625421404838562,0.29500896559407325,0.19320790454124404,0.10329839416469139,0.6014264225959778,0.319501668214798,0.6014264225959778,0.319501668214798,1.0169397592544556,0.5631133317947388,0.319501668214798,0.09656035900115967,0.319501668214798,0.09656035900115967,0.4413074851036072,0.21520259976387024
1363,-0.28601834177970886,-0.8930343985557556,0.23934449575841432,0.33784176219254736,0.13822447609156363,0.5380020141601562,0.6764478087425232,0.5380020141601562,0.6764478087425232,0.8469743728637695,0.6764478087425232,0.41834354400634766,0.35756736993789673,0.41834354400634766,0.35756736993789673,0.5473957061767578,0.4907110631465912
1364,1.215937614440918,-0.8065295815467834,0.046768954508006555,0.2744963277131318,0.30764057520776994,0.8688060641288757,0.8913199305534363,0.8688060641288757,0.8913199305534363,1.2899795770645142,0.8913199305534363,0.5347690582275391,0.07262635231018066,0.5347690582275391,0.07262635231018066,0.6771875023841858,0.24740973114967346
1365,-1.440220832824707,-0.03867129236459732,0.37477538955708345,0.052777400041619904,0.18304560246566937,0.3362465500831604,0.3362465500831604,0.3362465500831604,0.3362465500831604,0.635534405708313,0.12346169352531433,0.3362465500831604,0.08978314697742462,0.3362465500831604,0.08978314697742462,0.192230686545372,0.27362191677093506
1366,-0.4733874499797821,-0.044101156294345856,0.34528610770901047,0.3872064465905229,0.09160216188679143,0.3169594407081604,0.03606736660003662,0.3169594407081604,0.03606736660003662,0.805763304233551,0.03606736660003662,0.3169594407081604,0.08626721054315567,0.3169594407081604,0.08626721054315567,0.1765134036540985,0.2781539261341095
1367,0.5211424231529236,-0.010420583188533783,0.09073949939260884,0.3451000202322999,0.6030426307519277,0.430624783039093,0.0952109694480896,0.430624783039093,0.0952109694480896,0.7720493078231812,0.0952109694480896,0.430624783039093,0.11724261194467545,0.430624783039093,0.11724261194467545,0.2265980988740921,0.2753434479236603
1368,-0.6598694324493408,-0.47160762548446655,0.1680038576448957,0.10432140608628596,0.35766647213449076,1.1008694171905518,0.5563980937004089,1.1008694171905518,0.5563980937004089,0.9714063405990601,0.5563980937004089,0.5678874850273132,0.15787962079048157,0.5678874850273132,0.15787962079048157,0.4996275007724762,0.08925531804561615
1369,-0.4049556255340576,-0.09308245033025742,0.1389099843613803,0.1921137605980038,0.031337437946349384,0.14350354671478271,0.020822763442993164,0.14350354671478271,0.020822763442993164,0.3463221788406372,0.020822763442993164,0.14350354671478271,0.14997506141662598,0.14350354671478271,0.14997506141662598,0.08216315507888794,0.2335226982831955
1370,0.7149679660797119,-0.0206071138381958,0.07221012547612188,0.13997270654886962,0.369199382700026,0.17154505848884583,0.105397529900074,0.17154505848884583,0.105397529900074,0.32548728585243225,0.105397529900074,0.17154505848884583,0.09988602250814438,0.17154505848884583,0.09988602250814438,0.08795871585607529,0.18014445900917053
1371,-0.668752133846283,-0.06692145019769669,0.22712976229687526,0.08218730094532169,0.03424023958543937,0.1911446452140808,0.1911446452140808,0.1911446452140808,0.1911446452140808,0.25766023993492126,0.07214587926864624,0.1911446452140808,0.23444771766662598,0.1911446452140808,0.23444771766662598,0.13164526224136353,0.2880960702896118
1372,0.5453307628631592,-0.019541889429092407,0.14172477977971237,0.24520093913500507,0.0546056157288452,0.1952936053276062,0.02893197536468506,0.1952936053276062,0.02893197536468506,0.35693272948265076,0.02893197536468506,0.1952936053276062,0.1255471259355545,0.1952936053276062,0.1255471259355545,0.11211279034614563,0.2114853858947754
1373,0.04251351207494736,0.2768164277076721,0.17877167286972212,0.154969831307729,0.430638220856587,0.22609269618988037,0.19202598929405212,0.22609269618988037,0.19202598929405212,0.3261467218399048,0.19202598929405212,0.22609269618988037,0.15852156281471252,0.22609269618988037,0.15852156281471252,0.29797953367233276,0.08755861222743988
1374,-1.3955570459365845,0.026691801846027374,0.043661202602088445,0.19708883807063104,0.03643457431346181,0.15809175372123718,0.16901543736457825,0.15809175372123718,0.16901543736457825,0.036250293254852295,0.16901543736457825,0.15809175372123718,0.2150689959526062,0.15809175372123718,0.2150689959526062,0.16355359554290771,0.20950324833393097
1375,1.033488392829895,-0.07946401089429855,0.31850153829281536,0.05484763621042177,0.36181355570132534,0.1654367446899414,0.16425442695617676,0.1654367446899414,0.16425442695617676,0.7289914488792419,0.16425442695617676,0.1654367446899414,0.00997135043144226,0.1654367446899414,0.00997135043144226,0.17043688893318176,0.16801667213439941
1376,-0.004111845046281815,0.005275905132293701,0.32656366635113965,0.36764950770884763,0.223985373750329,1.1998443603515625,0.09280963987112045,1.1998443603515625,0.09280963987112045,0.8427063226699829,0.09280963987112045,0.3732483983039856,0.01607537269592285,0.3732483983039856,0.01607537269592285,0.23302902281284332,0.16232380270957947
1377,0.23198658227920532,-0.10517171770334244,0.03066213030988968,0.3571619601796071,0.3153721287784477,0.3276616632938385,0.32661160826683044,0.3276616632938385,0.32661160826683044,0.788435697555542,0.18996211886405945,0.3276616632938385,0.0011274516582489014,0.3276616632938385,0.0011274516582489014,0.25828924775123596,0.23834677040576935
1378,0.9741965532302856,0.4350864291191101,0.09201139205445846,0.0165140193079909,0.5041846822698911,0.29160526394844055,0.3502960205078125,0.29160526394844055,0.3502960205078125,0.13712948560714722,0.3502960205078125,0.29160526394844055,0.000960230827331543,0.29160526394844055,0.000960230827331543,0.3214911222457886,0.029384687542915344
1379,1.2236223220825195,0.4104319214820862,0.3065288441628218,0.0876597731560469,0.19386702828109265,0.26564252376556396,0.26564252376556396,0.26564252376556396,0.26564252376556396,0.007594168186187744,0.32564157247543335,0.26564252376556396,0.06346827745437622,0.26564252376556396,0.06346827745437622,0.2650122344493866,0.06282851099967957
1380,0.35609808564186096,0.7788273096084595,0.3947506338109571,0.30053658129026506,0.2611637590204676,0.35965120792388916,0.35965120792388916,0.35965120792388916,0.35965120792388916,0.5588871240615845,0.6229528188705444,0.35965120792388916,0.06747663021087646,0.35965120792388916,0.06747663021087646,0.4913020133972168,0.21262125670909882
1381,1.4744642972946167,0.7917667031288147,0.1343101823702455,0.3634523941203951,0.4716277911514044,0.19054222106933594,0.7069762945175171,0.19054222106933594,0.7069762945175171,0.5385739803314209,0.7069762945175171,0.26181554794311523,0.1030588150024414,0.26181554794311523,0.1030588150024414,0.43816596269607544,0.26638567447662354
1382,0.12309017032384872,0.9283542633056641,0.4600295779481529,0.09654336992651213,0.5494049799442292,0.2583003044128418,0.8435638546943665,0.2583003044128418,0.8435638546943665,0.675101101398468,0.8435638546943665,0.3321845531463623,0.09470939636230469,0.3321845531463623,0.09470939636230469,0.5406635999679565,0.2990747094154358
1383,1.4082932472229004,0.6441714763641357,0.07109029055883465,0.4556627974038324,0.2950420529146989,0.4203438460826874,0.4516724646091461,0.4203438460826874,0.4516724646091461,0.21450573205947876,0.5593810677528381,0.4203438460826874,0.03587913513183594,0.4203438460826874,0.03587913513183594,0.47410470247268677,0.08603331446647644
1384,-1.4182565212249756,0.904946506023407,0.43424714500084494,0.029596345350146436,0.6187267397902907,0.3950115442276001,0.8201561570167542,0.3950115442276001,0.8201561570167542,0.7707868218421936,0.8201561570167542,0.3950115442276001,0.030969738960266113,0.3950115442276001,0.030969738960266113,0.5913740396499634,0.2254541516304016
1385,-1.8986648321151733,0.13552728295326233,0.34284098238994676,0.43340060314784445,0.22259134160975613,0.35774868726730347,0.012579090893268585,0.35774868726730347,0.012579090893268585,0.7982383370399475,0.012579090893268585,0.35774868726730347,0.03553551435470581,0.35774868726730347,0.03553551435470581,0.18516388535499573,0.1933128535747528
1386,1.247278094291687,-0.28526490926742554,0.4446076709777116,0.3240939728170633,0.6610603990405797,0.510490894317627,0.37005531787872314,0.510490894317627,0.37005531787872314,0.9825474619865417,0.37005531787872314,0.510490894317627,0.3113183379173279,0.510490894317627,0.3113183379173279,0.2677629292011261,0.5330222845077515
1387,0.09976815432310104,-0.7612708806991577,0.38713387330373106,0.5793279186139504,0.3914531708757081,1.8689980506896973,0.319751113653183,1.8689980506896973,0.319751113653183,2.877359390258789,0.8460612893104553,0.6656527519226074,0.3533385992050171,0.6656527519226074,0.3533385992050171,0.9274947643280029,0.3246159255504608
1388,-1.5648927688598633,-0.21280109882354736,0.05820625315109884,0.43312091524402296,0.5265046027054389,1.3616008758544922,0.29759150743484497,1.3616008758544922,0.29759150743484497,1.0406347513198853,0.29759150743484497,0.6765887141227722,0.028152942657470703,0.6765887141227722,0.028152942657470703,0.4998452961444855,0.23528850078582764
1389,0.005554783623665571,0.08391600847244263,0.3590188796569902,0.06016832857082277,0.5603902166212598,0.355482816696167,0.0008744150400161743,0.355482816696167,0.0008744150400161743,0.8367220163345337,0.0008744150400161743,0.355482816696167,0.020712725818157196,0.355482816696167,0.020712725818157196,0.19131141901016235,0.18375612795352936
1390,-0.3430795669555664,-0.31572872400283813,0.03348615517218906,0.4106154360870521,0.2390242214252552,0.9168015122413635,0.43152526021003723,0.9168015122413635,0.43152526021003723,0.88808274269104,0.40051913261413574,0.4329357445240021,0.0014948248863220215,0.4329357445240021,0.0014948248863220215,0.4174339175224304,0.021006092429161072
1391,-1.5045210123062134,-0.5893584489822388,0.061386475103596905,0.05111226202299196,0.4014605713884035,1.0149744749069214,0.6741488575935364,1.0149744749069214,0.6741488575935364,1.1861484050750732,0.6741488575935364,0.5897904634475708,0.0018105506896972656,0.5897904634475708,0.0018105506896972656,0.6326999068260193,0.04293808341026306
1392,-1.0364948511123657,-0.3700532913208008,0.3467056813463569,0.04053183605894445,0.19480789059773085,0.7871878147125244,0.36632660031318665,0.7871878147125244,0.36632660031318665,0.7854064702987671,0.4548436999320984,0.36632660031318665,0.08964800834655762,0.36632660031318665,0.08964800834655762,0.36541464924812317,0.088756263256073
1393,-0.9339998960494995,-0.7453025579452515,0.23830940072735163,0.3977146071319778,0.06834511442730828,0.7746618390083313,0.7180079817771912,0.7746618390083313,0.7180079817771912,1.2512943744659424,0.7180079817771912,0.46259573101997375,0.1392815113067627,0.46259573101997375,0.1392815113067627,0.5903018712997437,0.27370142936706543
1394,-1.7338141202926636,-1.0654454231262207,0.2105174539300303,0.27000549292812737,0.4072988117548327,0.8355416655540466,1.150235891342163,0.8355416655540466,1.150235891342163,1.1171807050704956,1.150235891342163,0.6343008279800415,0.23025238513946533,0.6343008279800415,0.23025238513946533,0.7776278257369995,0.4084196984767914
1395,-1.9147586822509766,-1.0115684270858765,0.40949263201405606,0.22060127825786663,0.20385097151001297,0.6452983617782593,0.42823708057403564,0.6452983617782593,0.42823708057403564,0.9439853429794312,0.7284018993377686,0.42823708057403564,0.4144360423088074,0.42823708057403564,0.4144360423088074,0.5783194899559021,0.5439236164093018
1396,1.1614186763763428,-1.3114874362945557,0.4644928597783048,0.48950683844586207,0.1798640735571585,0.8169193267822266,1.0687613487243652,0.8169193267822266,1.0687613487243652,1.5874919891357422,1.0687613487243652,0.5990580320358276,0.3996674418449402,0.5990580320358276,0.3996674418449402,0.8339096903800964,0.6502302885055542
1397,-1.2067005634307861,-0.9587359428405762,0.35603371031582354,0.5951820367574692,0.5419639518857002,1.8910255432128906,0.37828534841537476,1.8910255432128906,0.37828534841537476,3.048675060272217,1.0435264110565186,0.6961665749549866,0.3176835775375366,0.6961665749549866,0.3176835775375366,1.028810977935791,0.4028117060661316
1398,-0.25754040479660034,-0.5984008312225342,0.2880445696910222,0.402596487465004,0.5353291440879304,1.3694524765014648,0.6831912994384766,1.3694524765014648,0.6831912994384766,1.1261711120605469,0.6831912994384766,0.6872240304946899,0.3217965364456177,0.6872240304946899,0.3217965364456177,0.5377405881881714,0.19299134612083435
1399,-1.0677738189697266,0.08108256012201309,0.03554606621464085,0.284336880383392,0.578589156332115,0.3940630257129669,0.003707870841026306,0.3940630257129669,0.003707870841026306,0.6514055132865906,0.003707870841026306,0.3940630257129669,0.063520647585392,0.3940630257129669,0.063520647585392,0.22750580310821533,0.19598256051540375
1400,0.819229006767273,-0.6962980031967163,0.2418379588363072,0.01953863282998397,0.2572977470171948,0.739844024181366,0.7810884118080139,0.739844024181366,0.7810884118080139,1.2051496505737305,0.7810884118080139,0.45246073603630066,0.08069157600402832,0.45246073603630066,0.08069157600402832,0.582909345626831,0.21234142780303955
1401,0.48372164368629456,-0.07754528522491455,0.2599587143709261,0.27374468843142186,0.11386433099706972,0.9081273078918457,0.07902857661247253,0.9081273078918457,0.07902857661247253,0.6473967432975769,0.07902857661247253,0.298990398645401,0.09611396491527557,0.298990398645401,0.09611396491527557,0.18900948762893677,0.11193756014108658
1402,-1.4506008625030518,0.08770529180765152,0.16664088182151318,0.2837900450080634,0.1851019630581141,0.25575047731399536,0.3833940625190735,0.25575047731399536,0.3833940625190735,0.6127544641494751,0.0029148831963539124,0.25575047731399536,0.13348746299743652,0.25575047731399536,0.13348746299743652,0.18972918391227722,0.17668047547340393
1403,-0.1033877357840538,0.08430100977420807,0.33562819416945183,0.1632998036096494,0.434253042495499,0.23183375597000122,0.0004894286394119263,0.23183375597000122,0.0004894286394119263,0.7930596470832825,0.0004894286394119263,0.23183375597000122,0.10907995700836182,0.23183375597000122,0.10907995700836182,0.18064434826374054,0.17310552299022675
1404,-1.8764028549194336,-0.16769522428512573,0.004818659822146076,0.3658538720135887,0.3709636524195472,0.1801232099533081,0.25248563289642334,0.1801232099533081,0.25248563289642334,0.7987907528877258,0.25248563289642334,0.1801232099533081,0.027104824781417847,0.1801232099533081,0.027104824781417847,0.20323000848293304,0.21200408041477203
1405,-3.023512125015259,-0.9440259337425232,0.4425050290860237,0.0345725929364562,0.35846983307972546,0.9627816081047058,0.45487523078918457,0.9627816081047058,0.45487523078918457,1.8733770847320557,1.0288163423538208,0.45487523078918457,0.032355546951293945,0.45487523078918457,0.032355546951293945,0.7282620072364807,0.3015689253807068
1406,0.7622073888778687,-1.2922492027282715,0.7536045686155559,0.5066231194324791,0.1456021498329938,1.7241935729980469,0.7915398478507996,1.7241935729980469,0.7915398478507996,2.808896541595459,1.3441792726516724,0.7915398478507996,0.04134988784790039,0.7915398478507996,0.04134988784790039,1.0678595304489136,0.33514273166656494
1407,0.939135730266571,-1.554689884185791,0.24053847918907767,0.9876531726246078,0.6299515262370307,2.5601372718811035,0.9096316695213318,2.5601372718811035,0.9096316695213318,3.6434500217437744,1.6394803524017334,1.1110737323760986,0.20501434803009033,1.1110737323760986,0.20501434803009033,1.4768917560577393,0.44461768865585327
1408,-1.408167839050293,-0.656732976436615,0.28231832488129505,0.2796615582952895,1.0410891354953244,2.0131192207336426,0.7415233254432678,2.0131192207336426,0.7415233254432678,1.7461241483688354,0.7415233254432678,1.2130240201950073,0.2824639081954956,1.2130240201950073,0.2824639081954956,1.0805139541625977,0.3988664746284485
1409,-1.9971758127212524,0.18847140669822693,0.33182173969224094,0.2848498276621103,0.413067072648555,0.15888604521751404,0.10368108004331589,0.15888604521751404,0.10368108004331589,0.9155871272087097,0.10368108004331589,0.21036943793296814,0.21908003091812134,0.21036943793296814,0.21908003091812134,0.18216019868850708,0.1683928668498993
1410,0.4267955422401428,-0.4693034291267395,0.47417071254303045,0.33087288969506823,0.5133638376245895,0.3480437397956848,0.5540938377380371,0.3480437397956848,0.5540938377380371,1.0599751472473145,0.5540938377380371,0.3480437397956848,0.34639567136764526,0.3480437397956848,0.34639567136764526,0.25508177280426025,0.5843343734741211
1411,-1.1518945693969727,-1.031860113143921,0.14473950941115576,0.6085185285657644,0.390457429476082,1.5487420558929443,0.5946723222732544,1.5487420558929443,0.5946723222732544,2.4566919803619385,1.1166505813598633,0.7064481973648071,0.1152503490447998,0.7064481973648071,0.1152503490447998,0.9672059416770935,0.32417482137680054
1412,-2.581777572631836,-0.8404557704925537,0.2660712559210757,0.18545399046813438,0.5822148405263821,1.3449654579162598,0.9252461791038513,1.3449654579162598,0.9252461791038513,2.079575777053833,0.9252461791038513,0.7521030306816101,0.137168288230896,0.7521030306816101,0.137168288230896,0.8954213857650757,0.13859787583351135
1413,-1.5593475103378296,-0.7232723236083984,0.6238324331430096,0.25874104173233126,0.33692481578017275,1.5316050052642822,0.6454440355300903,1.5316050052642822,0.6454440355300903,1.3946372270584106,0.808062732219696,0.6454440355300903,0.3054814040660858,0.6454440355300903,0.3054814040660858,0.5694031119346619,0.23926185071468353
1414,-0.42589429020881653,-1.6605749130249023,0.38322374558697136,0.8094137961852054,0.29031382594878474,1.3488047122955322,1.3307969570159912,1.3488047122955322,1.3307969570159912,1.8976473808288574,1.3307969570159912,0.9485419988632202,0.5169132947921753,0.9485419988632202,0.5169132947921753,1.139669418334961,0.7356076240539551
1415,-2.4023187160491943,-1.648728370666504,0.08253215639541578,0.4695741674552363,0.9189983823026217,1.9028544425964355,1.7335188388824463,1.9028544425964355,1.7335188388824463,2.4507086277008057,1.7335188388824463,1.1815167665481567,0.09993922710418701,1.1815167665481567,0.09993922710418701,1.4044376611709595,0.3885718584060669
1416,-0.769026517868042,-1.2210166454315186,0.5716628681868317,0.058125868961214966,0.4136043629795312,1.145855188369751,0.5753827691078186,1.145855188369751,0.5753827691078186,2.0826213359832764,1.3058072328567505,0.5753827691078186,0.13773071765899658,0.5753827691078186,0.13773071765899658,0.884421706199646,0.4270273447036743
1417,-1.7825894355773926,-1.044126272201538,0.17688041257361586,0.7139140705640115,0.024291875449319544,1.3650872707366943,0.9884152412414551,1.3650872707366943,0.9884152412414551,1.7003995180130005,0.9884152412414551,0.797600269317627,0.18721747398376465,0.797600269317627,0.18721747398376465,0.893007755279541,0.29514044523239136
1418,-2.1537539958953857,-1.5786243677139282,0.41376044745246565,0.18341338758046422,0.8038267489584785,1.5395054817199707,1.663414716720581,1.5395054817199707,1.663414716720581,2.20882511138916,1.663414716720581,1.019039511680603,0.2732517719268799,1.019039511680603,0.2732517719268799,1.238512396812439,0.48176074028015137
1419,-2.6155269145965576,-1.3172552585601807,0.5268324904888868,0.5005768755823372,0.11222222797572634,0.9668042063713074,0.5570029020309448,0.9668042063713074,0.5570029020309448,1.847895860671997,1.1376975774765015,0.5570029020309448,0.3255000114440918,0.5570029020309448,0.3255000114440918,0.8473502397537231,0.6002933979034424
1420,-2.4206528663635254,-2.0383119583129883,0.6382772618283827,0.6600368420158823,0.5623739515369137,0.9207478761672974,1.4358677864074707,0.9207478761672974,1.4358677864074707,1.785750150680542,1.4358677864074707,0.8104289770126343,0.7831820249557495,0.8104289770126343,0.7831820249557495,1.1231484413146973,1.134322166442871
1421,-2.1084697246551514,-2.3384783267974854,0.5897596318647267,0.8366743470355867,0.7344206833839416,1.1368433237075806,1.5656521320343018,1.1368433237075806,1.5656521320343018,1.9399468898773193,2.4232687950134277,0.9957804679870605,0.5947496891021729,0.9957804679870605,0.5947496891021729,1.4124640226364136,1.107285976409912
1422,-2.1548655033111572,-2.384523630142212,0.5027428732936583,0.7661146712054808,0.9380424211298426,1.3671314716339111,2.4693140983581543,1.3671314716339111,2.4693140983581543,2.1815145015716553,2.4693140983581543,1.156380534172058,0.5002181529998779,1.156380534172058,0.5002181529998779,1.555025577545166,0.9488245248794556
1423,-1.974472999572754,-2.194532632827759,0.5139667221531274,0.6527365572005509,0.8502056889608502,1.2061786651611328,2.279323101043701,1.2061786651611328,2.279323101043701,1.8500094413757324,2.279323101043701,1.0780651569366455,0.5135080814361572,1.0780651569366455,0.5135080814361572,1.415075659751892,0.9055840969085693
1424,-2.814793348312378,-2.0337438583374023,0.4740717150395113,0.6691694319372377,0.7128792852660022,1.0026063919067383,2.118534564971924,1.0026063919067383,2.118534564971924,1.722975492477417,2.118534564971924,0.946876049041748,0.48292970657348633,0.946876049041748,0.48292970657348633,1.29155433177948,0.8824195861816406
1425,-1.1466162204742432,-2.1758832931518555,0.6779011934002245,0.5964617630218463,0.7238966722165543,1.0124168395996094,2.260673761367798,1.0124168395996094,2.260673761367798,2.0035223960876465,2.260673761367798,0.9400265216827393,0.7430996894836426,0.9400265216827393,0.7430996894836426,1.3124439716339111,1.0728205442428589
1426,-2.1436944007873535,-2.0237960815429688,0.2717238497609893,0.9116872469956674,0.6627615586916609,1.5662966966629028,1.3338139057159424,1.5662966966629028,1.3338139057159424,2.49491548538208,2.1085867881774902,1.0575891733169556,0.292433500289917,1.0575891733169556,0.292433500289917,1.442859172821045,0.7619177103042603
1427,-2.5368447303771973,-1.984309434890747,0.49794258603205255,0.310458286566039,0.9982848977794252,1.7894766330718994,2.0690999031066895,1.7894766330718994,2.0690999031066895,2.5463614463806152,2.0690999031066895,1.2175345420837402,0.4174966812133789,1.2175345420837402,0.4174966812133789,1.4867441654205322,0.6617597341537476
1428,-0.8036050200462341,-1.727717638015747,0.6274785931843024,0.6420547870049873,0.2805605933132269,1.0419769287109375,1.4000959396362305,1.0419769287109375,1.4000959396362305,2.119661331176758,1.4000959396362305,0.7801235318183899,0.4970879554748535,0.7801235318183899,0.4970879554748535,1.0901097059249878,0.8377337455749512
1429,-2.2001938819885254,-1.910814642906189,0.18138157875587546,0.8127588072915874,0.7390505923454957,1.4972388744354248,1.1426544189453125,1.4972388744354248,1.1426544189453125,2.6178693771362305,1.9956051111221313,0.9490948915481567,0.20066189765930176,0.9490948915481567,0.20066189765930176,1.3734166622161865,0.7108173966407776
1430,-0.349052369594574,-1.7456512451171875,0.5135446932787695,0.19140679276237904,0.8630760945628088,1.6297255754470825,1.8304417133331299,1.6297255754470825,1.8304417133331299,2.5039467811584473,1.8304417133331299,1.072105884552002,0.2860751152038574,1.072105884552002,0.2860751152038574,1.3437581062316895,0.5404862761497498
1431,-0.6237782835960388,-1.026274561882019,0.06477534536272278,0.656031208448112,0.12784446276724348,1.3057198524475098,0.8336739540100098,1.3057198524475098,0.8336739540100098,1.6829957962036133,1.111065149307251,0.7455796599388123,0.09571534395217896,0.7455796599388123,0.09571534395217896,0.8846825361251831,0.2764340341091156
1432,-1.6938096284866333,-1.0663443803787231,0.13264654879768678,0.05860935555150115,0.6974648115163049,1.4214813709259033,1.1511348485946655,1.4214813709259033,1.1511348485946655,1.6326333284378052,1.1511348485946655,0.9051122665405273,0.12137168645858765,0.9051122665405273,0.12137168645858765,0.9821615815162659,0.1966656744480133
1433,0.20604123175144196,-0.6219179630279541,0.3963095543471476,0.11801200001810985,0.07002725585053371,0.7922745943069458,0.416805237531662,0.7922745943069458,0.416805237531662,1.0455145835876465,0.5925923585891724,0.416805237531662,0.1262797713279724,0.416805237531662,0.1262797713279724,0.5046988129615784,0.20992183685302734
1434,-1.791798710823059,-0.605964183807373,0.08639409363269807,0.47530926417559394,0.03942534875124687,1.1286237239837646,0.48005756735801697,1.1286237239837646,0.48005756735801697,1.0654163360595703,0.48005756735801697,0.5334668755531311,0.26499342918395996,0.5334668755531311,0.26499342918395996,0.5067622065544128,0.23665225505828857
1435,-1.3556863069534302,-0.9309349060058594,0.42315803797915574,0.12506232986226684,0.4552155929803849,1.1396925449371338,1.0157253742218018,1.1396925449371338,1.0157253742218018,2.1383445262908936,1.0157253742218018,0.630163848400116,0.0642443299293518,0.630163848400116,0.0642443299293518,0.8501296043395996,0.2163376808166504
1436,-1.0863054990768433,-0.7047087550163269,0.32135583734139805,0.47573901904746907,0.27000970628112575,1.050218105316162,0.8528070449829102,1.050218105316162,0.8528070449829102,1.9752037525177002,0.8528070449829102,0.5233707427978516,0.08316099643707275,0.5233707427978516,0.08316099643707275,0.6880888938903809,0.17905652523040771
1437,-2.2090330123901367,-1.3578990697860718,0.24899895884096646,0.38269942969083776,0.5485770167410372,1.0483160018920898,1.4426895380020142,1.0483160018920898,1.4426895380020142,1.4498863220214844,1.4426895380020142,0.7884669303894043,0.26562821865081787,0.7884669303894043,0.26562821865081787,0.9826099276542664,0.5084588527679443
1438,-0.5291505455970764,-1.3227014541625977,0.5283253208299477,0.2717058342446884,0.3450466345747313,0.8494159579277039,0.5399439334869385,0.8494159579277039,0.5399439334869385,1.5196378231048584,1.40749192237854,0.5399439334869385,0.37037187814712524,0.5399439334869385,0.37037187814712524,0.8259748220443726,0.6185297966003418
1439,-0.7837753891944885,-1.2119767665863037,0.11258177054425045,0.6697301463161909,0.25204130442192163,1.2846417427062988,0.9088296890258789,1.2846417427062988,0.9088296890258789,1.7889111042022705,1.2967673540115356,0.7762724161148071,0.14216887950897217,0.7762724161148071,0.14216887950897217,0.9708260893821716,0.3909575939178467
1440,-1.1177574396133423,-1.1722863912582397,0.17175814551611746,0.11451058947791626,0.7083939917509757,1.4168949127197266,1.2570768594741821,1.4168949127197266,1.2570768594741821,1.6591389179229736,1.2570768594741821,0.9236901998519897,0.18553781509399414,0.9236901998519897,0.18553781509399414,1.020387053489685,0.27966663241386414
1441,0.5327017307281494,-0.6000588536262512,0.2539817176572978,0.1727521861717104,0.004298714715987306,0.4357492923736572,0.2783264219760895,0.4357492923736572,0.2783264219760895,0.7376326322555542,0.5081300735473633,0.2783264219760895,0.1988125741481781,0.2783264219760895,0.1988125741481781,0.3932282328605652,0.3050767779350281
1442,-0.3431618809700012,-0.39068344235420227,0.17563389065365004,0.2955981799339255,0.09309554816534127,0.8730138540267944,0.20557525753974915,0.8730138540267944,0.20557525753974915,0.7117683291435242,0.20557525753974915,0.3465879261493683,0.3141354024410248,0.3465879261493683,0.3141354024410248,0.2760815918445587,0.24246835708618164
1443,-1.7061673402786255,-0.2411929965019226,0.059545778700461016,0.20359909469882648,0.20762264798705776,0.8036270141601562,0.3259834051132202,0.8036270141601562,0.3259834051132202,0.6838997602462769,0.3259834051132202,0.38031917810440063,0.08869615197181702,0.38031917810440063,0.08869615197181702,0.3102371096611023,0.08168767392635345
1444,-1.913918375968933,-0.24954769015312195,0.39462606331333516,0.04107431709766385,0.36377638457342976,1.0458247661590576,0.4093676209449768,1.0458247661590576,0.4093676209449768,0.8869512677192688,0.33433806896209717,0.4093676209449768,0.08165809512138367,0.4093676209449768,0.08165809512138367,0.32667145133018494,0.08174549043178558
1445,0.9416605830192566,-1.0429668426513672,0.4648643070707721,0.46187117173025993,0.06139230066289514,0.9708228707313538,0.49900126457214355,0.9708228707313538,0.49900126457214355,1.898317575454712,1.0156441926956177,0.49900126457214355,0.14144539833068848,0.49900126457214355,0.14144539833068848,0.7573227286338806,0.40094929933547974
1446,-2.25994873046875,-1.0079364776611328,0.2902578592797118,0.5923337673644226,0.5282367858539023,1.7730917930603027,0.4398977756500244,1.7730917930603027,0.4398977756500244,2.9069085121154785,1.0927268266677856,0.6936568021774292,0.254522442817688,0.6936568021774292,0.254522442817688,1.0202445983886719,0.3959729075431824
1447,-0.106040358543396,-0.9299111366271973,0.5538749851038058,0.3383574931199351,0.5367699801300962,1.5705727338790894,0.5807507038116455,1.5705727338790894,0.5807507038116455,2.946913480758667,1.0147016048431396,0.5807507038116455,0.27124714851379395,0.5807507038116455,0.27124714851379395,0.9269131422042847,0.3661805987358093
1448,-1.7726352214813232,-0.24282515048980713,0.0035410855089624826,0.6035307349512975,0.5347881634657582,1.5451692342758179,0.596450924873352,1.5451692342758179,0.596450924873352,1.3052560091018677,0.32761555910110474,0.5701280236244202,0.029360651969909668,0.5701280236244202,0.029360651969909668,0.43546369671821594,0.18837085366249084
1449,-2.7993807792663574,-1.2754015922546387,0.4137453985586763,0.03027701796963811,0.7143095471523702,1.4891785383224487,1.360192060470581,1.4891785383224487,1.360192060470581,2.35215163230896,1.360192060470581,0.9005845785140991,0.035462260246276855,0.9005845785140991,0.035462260246276855,1.1164560317993164,0.24435395002365112
1450,-1.264269471168518,-1.1968231201171875,0.6938538862143953,0.472097755645712,0.14675218625615005,1.5804872512817383,0.7299951910972595,1.5804872512817383,0.7299951910972595,2.603421926498413,1.247900128364563,0.7299951910972595,0.04244256019592285,0.7299951910972595,0.04244256019592285,0.9889476299285889,0.31673184037208557
1451,-1.891327977180481,-1.956333875656128,0.30365214534103835,0.9039779709279538,0.5710800948739053,1.5115076303482056,1.358388066291809,1.5115076303482056,1.358388066291809,2.274790048599243,2.0411243438720703,1.0520129203796387,0.3274514675140381,1.0520129203796387,0.3274514675140381,1.392159342765808,0.7485637664794922
1452,-2.581343173980713,-1.9669182300567627,0.43793014410883213,0.3537147194519641,0.9976497019827362,1.7637361288070679,2.051708698272705,1.7637361288070679,2.051708698272705,2.3688719272613525,2.051708698272705,1.2250419855117798,0.46311354637145996,1.2250419855117798,0.46311354637145996,1.4643032550811768,0.6793731451034546
1453,1.3687357902526855,-1.6882753372192383,0.6330194560810924,0.5512610101327298,0.32637120649218576,1.031419277191162,0.6519259214401245,1.031419277191162,0.6519259214401245,1.8856606483459473,1.3120397329330444,0.6519259214401245,0.5446557998657227,0.6519259214401245,0.5446557998657227,0.9819828271865845,0.8414058685302734
1454,-0.6874860525131226,-1.2288012504577637,0.4215136061112086,0.8360634379958112,0.6366278732692203,2.5414819717407227,0.5769290328025818,2.5414819717407227,0.5769290328025818,3.6833291053771973,1.3135918378829956,0.9554003477096558,0.3770434856414795,0.9554003477096558,0.3770434856414795,1.3242316246032715,0.44986554980278015
1455,-1.3425166606903076,-0.6915082931518555,0.15697977787504597,0.47093303884690013,0.8278379492151241,1.7720000743865967,0.7762987613677979,1.7720000743865967,0.7762987613677979,1.449934720993042,0.7762987613677979,0.9761176109313965,0.18812185525894165,0.9761176109313965,0.18812185525894165,0.7912983894348145,0.23396837711334229
1456,0.4247699975967407,0.004521384835243225,0.3016908001899721,0.13639882974326611,0.6202346718311311,0.4326740503311157,0.08026903867721558,0.4326740503311157,0.08026903867721558,0.6882306337356567,0.08026903867721558,0.4326740503311157,0.14128339290618896,0.4326740503311157,0.14128339290618896,0.267686128616333,0.2984122335910797
1457,-1.6096032857894897,-0.45321744680404663,0.14625581288089354,0.3636681145305434,0.05818142103652171,0.9758123159408569,0.3040037155151367,0.9758123159408569,0.3040037155151367,0.8461219072341919,0.3040037155151367,0.41562139987945557,0.2813940942287445,0.41562139987945557,0.2813940942287445,0.35981255769729614,0.2237834930419922
1458,-1.046165108680725,-0.6760072112083435,0.3798545741165678,0.1844740917471548,0.30300306432570023,1.0006390810012817,0.4010477662086487,1.0006390810012817,0.4010477662086487,1.9292845726013184,0.7607976198196411,0.4010477662086487,0.12629657983779907,0.4010477662086487,0.12629657983779907,0.6373952627182007,0.24726499617099762
1459,0.013223465532064438,-0.4788939952850342,0.23906739704310892,0.41075724728405477,0.3485543135553598,0.9844108819961548,0.6912623047828674,0.9844108819961548,0.6912623047828674,0.866120457649231,0.5636844038963318,0.43750491738319397,0.27083462476730347,0.43750491738319397,0.27083462476730347,0.3724568486213684,0.18961462378501892
1460,-2.594764471054077,-0.8855270147323608,0.029967274777591313,0.28471501596271986,0.453155609034002,1.1986854076385498,0.9703174233436584,1.1986854076385498,0.9703174233436584,1.677173376083374,0.9703174233436584,0.689923107624054,0.003346085548400879,0.689923107624054,0.003346085548400879,0.8318027853965759,0.1819259524345398
1461,-1.242888331413269,-0.9187010526657104,0.6238246473732094,0.07411275827636321,0.19136549905563388,1.4057517051696777,0.6357307434082031,1.4057517051696777,0.6357307434082031,2.0537288188934326,1.0034915208816528,0.6357307434082031,0.0037926435470581055,0.6357307434082031,0.0037926435470581055,0.8213496804237366,0.1844784915447235
1462,-0.7216272950172424,-1.0559757947921753,0.30376421152924493,0.7670758460213742,0.1924879272716742,1.566928744316101,1.1449148654937744,1.566928744316101,1.1449148654937744,2.4051997661590576,1.1449148654937744,0.8413347601890564,0.0056945085525512695,0.8413347601890564,0.0056945085525512695,0.9931248426437378,0.17531818151474
1463,-1.8035141229629517,-1.602449893951416,0.1553616142397125,0.3570460362856587,0.9124185789128145,1.774276614189148,1.6872403621673584,1.774276614189148,1.6872403621673584,2.117854595184326,1.6872403621673584,1.1606663465499878,0.1674504280090332,1.1606663465499878,0.1674504280090332,1.3349153995513916,0.3961910605430603
1464,-0.5825390815734863,-1.0432405471801758,0.4252016033853093,0.1546427386688689,0.28577254061276725,0.7364020943641663,0.4399285316467285,0.7364020943641663,0.4399285316467285,1.3994108438491821,1.1280310153961182,0.4399285316467285,0.23518049716949463,0.4399285316467285,0.23518049716949463,0.6878085732460022,0.4615707993507385
1465,-0.5573139190673828,-0.9012760519981384,0.124510731616368,0.5127344311339158,0.08640728433926914,0.9443479776382446,0.7394276857376099,0.9443479776382446,0.7394276857376099,1.1029497385025024,0.7394276857376099,0.5937168598175049,0.31117600202560425,0.5937168598175049,0.31117600202560425,0.6665722727775574,0.3894105553627014
1466,-2.080852508544922,-0.9495049118995667,0.11594846670826287,0.13031272207697214,0.5256200586011014,1.1220372915267944,1.0342953205108643,1.1220372915267944,1.0342953205108643,1.2514057159423828,1.0342953205108643,0.7412718534469604,0.13574600219726562,0.7412718534469604,0.13574600219726562,0.8186618089675903,0.23666810989379883
1467,-2.2466351985931396,-0.7849618792533875,0.4937254672124981,0.09566903617233036,0.017943711355328684,0.9417244791984558,0.5110931396484375,0.9417244791984558,0.5110931396484375,1.103185772895813,0.673956573009491,0.5110931396484375,0.2128159999847412,0.5110931396484375,0.2128159999847412,0.5925248861312866,0.28690704703330994
1468,-1.1877751350402832,-1.366851806640625,0.5568917064617079,0.6013701011116304,0.030966334554056285,1.095034122467041,1.2648898363113403,1.095034122467041,1.2648898363113403,2.2539658546447754,1.2648898363113403,0.7124927043914795,0.23701226711273193,0.7124927043914795,0.23701226711273193,0.9886912703514099,0.538175106048584
1469,-0.6459806561470032,-1.8663694858551025,0.2777136418844264,0.7059312914560238,0.705100888001422,1.1714203357696533,1.127318024635315,1.1714203357696533,1.127318024635315,2.1743695735931396,1.951159954071045,0.842748761177063,0.29424262046813965,0.842748761177063,0.29424262046813965,1.251767873764038,0.7875587940216064
1470,-3.352823257446289,-1.403247594833374,0.13783446601281546,0.3358022849137583,0.7519870601842804,1.5269627571105957,1.4880379438400269,1.5269627571105957,1.4880379438400269,1.8830336332321167,1.4880379438400269,0.9975427985191345,0.1536489725112915,0.9975427985191345,0.1536489725112915,1.1629054546356201,0.3704650402069092
1471,-0.13658452033996582,-1.359700322151184,0.8087557352582613,0.11335904604444913,0.25996187633524337,1.6178525686264038,0.8064626455307007,1.6178525686264038,0.8064626455307007,2.2246556282043457,1.4444907903671265,0.8064626455307007,0.19976556301116943,0.8064626455307007,0.19976556301116943,1.0396642684936523,0.40576332807540894
1472,-0.984544575214386,-1.3284912109375,0.00896152302622788,1.0659357677400112,0.0759702556580305,2.198245048522949,1.1945016384124756,2.198245048522949,1.1945016384124756,2.519868850708008,1.4132816791534424,1.1597293615341187,0.040291428565979004,1.1597293615341187,0.040291428565979004,1.2692615985870361,0.1872462034225464
1473,-3.2646303176879883,-1.5820088386535645,0.21752151711533463,0.007344412220021024,1.194207950035731,2.1556825637817383,1.6667991876602173,2.1556825637817383,1.6667991876602173,2.589127779006958,1.6667991876602173,1.389932632446289,0.04692423343658447,1.389932632446289,0.04692423343658447,1.5104202032089233,0.15709030628204346
1474,0.038491010665893555,-1.0457873344421387,0.7970648662062982,0.20843008412669095,0.13733128040408094,1.7438278198242188,0.8142801523208618,1.7438278198242188,0.8142801523208618,2.2403743267059326,1.0870033502578735,0.8142801523208618,0.04934048652648926,0.8142801523208618,0.04934048652648926,0.9506417512893677,0.1849188208580017
1475,-1.8115872144699097,-1.4055721759796143,0.03964075138171541,1.0468738285327954,0.22071543431530394,2.2608566284179688,1.1430169343948364,2.2608566284179688,1.1430169343948364,2.808238983154297,1.4903626441955566,1.1529114246368408,0.011101245880126953,1.1529114246368408,0.011101245880126953,1.3265411853790283,0.2277693748474121
1476,-1.407020092010498,-1.668526530265808,0.4163478576019407,0.07088585600256936,1.145440744943917,2.1123483180999756,1.753316879272461,2.1123483180999756,1.753316879272461,3.034855365753174,1.753316879272461,1.3209973573684692,0.012862443923950195,1.3209973573684692,0.012862443923950195,1.5422191619873047,0.20208525657653809
1477,-0.36176106333732605,-0.7926262021064758,0.33547194770847766,0.4877818548617263,0.20825126497695845,1.0321941375732422,0.8894591331481934,1.0321941375732422,0.8894591331481934,1.9125831127166748,0.8894591331481934,0.5463954210281372,0.015724122524261475,0.5463954210281372,0.015724122524261475,0.7179272770881653,0.1860225945711136
1478,-0.061367299407720566,-1.2111932039260864,0.06726688588658947,0.40714299338559323,0.559159779349963,1.3089278936386108,1.2959837913513184,1.3089278936386108,1.2959837913513184,1.8593478202819824,1.2959837913513184,0.8095097541809082,0.08985960483551025,0.8095097541809082,0.08985960483551025,1.0075421333312988,0.34273943305015564
1479,-0.09589151293039322,-0.5708712935447693,0.01147922245164712,0.06314276481668149,0.3415840866665046,0.9325904846191406,0.6556617021560669,0.9325904846191406,0.6556617021560669,1.0791407823562622,0.6556617021560669,0.5448510646820068,0.015518784523010254,0.5448510646820068,0.015518784523010254,0.5924791097640991,0.07484737038612366
1480,0.31599190831184387,-0.07504045218229294,0.006452852096408598,0.023219632748514393,0.07291072748601438,0.21166309714317322,0.15983086824417114,0.21166309714317322,0.15983086824417114,0.22708621621131897,0.15983086824417114,0.11947173625230789,0.024367444217205048,0.11947173625230789,0.024367444217205048,0.12752023339271545,0.03287564590573311
1481,0.12227717787027359,0.12171540409326553,0.11670858699828385,0.0058235465362668215,0.17680693507194517,0.13422229886054993,0.03692498803138733,0.13422229886054993,0.03692498803138733,0.05307593196630478,0.03692498803138733,0.01956062763929367,0.02557685226202011,0.01956062763929367,0.02557685226202011,0.04084179177880287,0.04095745459198952
1482,0.05295953154563904,0.1707182228565216,0.0652609638745586,0.12133535242329038,0.16174560087422532,0.14933353662490845,0.08592783659696579,0.14933353662490845,0.08592783659696579,0.06903207302093506,0.08592783659696579,0.02943071722984314,0.03172427415847778,0.02943071722984314,0.03172427415847778,0.042026322335004807,0.07405206561088562
1483,0.6775179505348206,0.22518295049667358,0.04626290585845705,0.0626965600810945,0.2938471490703523,0.09463244676589966,0.14039254188537598,0.09463244676589966,0.14039254188537598,0.0756986141204834,0.14039254188537598,0.09463244676589966,0.013493388891220093,0.09463244676589966,0.013493388891220093,0.1107594221830368,0.028955116868019104
1484,0.6991209387779236,0.31603097915649414,0.21832196552306415,0.039641531370580185,0.23569120638072488,0.1250530481338501,0.2312406301498413,0.1250530481338501,0.2312406301498413,0.053690582513809204,0.2312406301498413,0.037416011095047,0.013989925384521484,0.037416011095047,0.013989925384521484,0.1273621767759323,0.10366076231002808
1485,-1.3293095827102661,0.47575265169143677,0.2296023710692922,0.21625065344075362,0.20752329169462125,0.1928044855594635,0.1928044855594635,0.1928044855594635,0.1928044855594635,0.36877989768981934,0.37441933155059814,0.1928044855594635,0.015625715255737305,0.1928044855594635,0.015625715255737305,0.28361189365386963,0.11048196256160736
1486,0.9114793539047241,0.12737300992012024,0.30810476449007784,0.22176807050903624,0.39133333861206976,0.18414424359798431,0.04258256405591965,0.18414424359798431,0.04258256405591965,0.7516577243804932,0.04258256405591965,0.19060388207435608,0.16311466693878174,0.19060388207435608,0.16311466693878174,0.1683223694562912,0.1594754457473755
1487,1.1354622840881348,0.2161577343940735,0.2874869623035192,0.33653196051716805,0.4428263971209526,0.1662941724061966,0.13136732578277588,0.1662941724061966,0.13136732578277588,0.9208686947822571,0.13136732578277588,0.24443821609020233,0.24914690852165222,0.24443821609020233,0.24914690852165222,0.17926940321922302,0.16104640066623688
1488,0.8353080153465271,0.21245861053466797,0.3620310476236046,0.31657072059810165,0.2885194633714856,0.32936176657676697,0.32936176657676697,0.32936176657676697,0.32936176657676697,0.5450375080108643,0.6160464882850647,0.32936176657676697,0.4508313834667206,0.32936176657676697,0.4508313834667206,0.47270411252975464,0.31673628091812134
1489,-0.39157381653785706,0.8935088515281677,0.2763915350412329,0.33845541579027966,0.4562855652098854,0.18428128957748413,0.8087184429168701,0.18428128957748413,0.8087184429168701,0.5168343782424927,0.8087184429168701,0.24897688627243042,0.24722784757614136,0.24897688627243042,0.24722784757614136,0.4169411361217499,0.3974883556365967
1490,0.4636080265045166,0.5103219747543335,0.07222652610391378,0.24393386591225863,0.516238299459219,0.3009428083896637,0.4255315661430359,0.3009428083896637,0.4255315661430359,0.4449236989021301,0.4255315661430359,0.3009428083896637,0.10274612903594971,0.3009428083896637,0.10274612903594971,0.41210705041885376,0.10500931739807129
1491,2.043529987335205,0.3534581661224365,0.15541003224750355,0.08307514314229292,0.45874697133277853,0.25101232528686523,0.2686677873134613,0.25101232528686523,0.2686677873134613,0.27553075551986694,0.2686677873134613,0.25101232528686523,0.09200528264045715,0.25101232528686523,0.09200528264045715,0.31144553422927856,0.059880003333091736
1492,-1.7934339046478271,0.6813727617263794,0.6454313945149381,0.15107740071912606,0.06248763100554555,0.5958754420280457,0.5958754420280457,0.5958754420280457,0.5958754420280457,0.2566683888435364,0.7252401113510132,0.5958754420280457,0.1213998794555664,0.5958754420280457,0.1213998794555664,0.660557746887207,0.06686127185821533
1493,-0.12362218648195267,0.3021763265132904,0.45949564418445055,0.6141079146539172,0.325187720557054,0.5117011070251465,0.07869154214859009,0.5117011070251465,0.07869154214859009,0.9663606882095337,0.07869154214859009,0.5117011070251465,0.12960001826286316,0.5117011070251465,0.12960001826286316,0.2951963245868683,0.2639273405075073
1494,-0.9539520740509033,0.24702554941177368,0.004184333880742519,0.42534740903725227,0.8541809568429988,0.711063027381897,0.16223514080047607,0.711063027381897,0.16223514080047607,0.9994352459907532,0.16223514080047607,0.711063027381897,0.029937803745269775,0.711063027381897,0.029937803745269775,0.45226648449897766,0.1961928904056549
1495,-2.718693256378174,-0.880696177482605,0.21448261709262917,0.017932014117638118,0.5065219099943836,1.1631412506103516,0.9654865860939026,1.1631412506103516,0.9654865860939026,1.601298213005066,0.9654865860939026,0.6993508338928223,0.040933310985565186,0.6993508338928223,0.040933310985565186,0.8161764144897461,0.15713992714881897
1496,-1.9554415941238403,-0.8952611684799194,0.6581045438225073,0.20463147899756817,0.14509845924874154,1.4476696252822876,0.6775312423706055,1.4476696252822876,0.6775312423706055,1.9441792964935303,0.940670371055603,0.6775312423706055,0.04532963037490845,0.6775312423706055,0.04532963037490845,0.8091008067131042,0.17771673202514648
1497,-1.2722394466400146,-1.7283196449279785,0.4895723350966972,0.8545452793563402,0.20657836596171086,1.4685184955596924,1.4777926206588745,1.4685184955596924,1.4777926206588745,2.3457722663879395,1.4777926206588745,0.998224675655365,0.420748233795166,0.998224675655365,0.420748233795166,1.2380086183547974,0.6961789131164551
1498,-2.0983943939208984,-2.056983232498169,0.29174334427962645,0.6029042543346683,0.9847119693706438,1.7910492420196533,2.1417737007141113,1.7910492420196533,2.1417737007141113,2.3845181465148926,2.1417737007141113,1.2314529418945312,0.29733550548553467,1.2314529418945312,0.29733550548553467,1.5312423706054688,0.659919261932373
1499,-2.0722339153289795,-1.6416752338409424,0.4976355572541553,0.3471206498642765,0.6192952429999907,1.0963281393051147,1.7264655828475952,1.0963281393051147,1.7264655828475952,1.8421614170074463,1.7264655828475952,0.8448110818862915,0.46024298667907715,0.8448110818862915,0.46024298667907715,1.1103672981262207,0.7103399634361267
