end_index,window_len,y_true,y_hat,shap_lag_t-1,shap_lag_t-2,shap_lag_t-3,faithfulness_prtb_p90,faithfulness_sqnc_p90,faithfulness_prtb_p70,faithfulness_sqnc_p70,faithfulness_prtb_p50,faithfulness_sqnc_p50,ablation_mif_p90,ablation_lif_p90,ablation_mif_p70,ablation_lif_p70,ablation_mif_p50,ablation_lif_p50
198,141,1.681867241859436,2.3306241035461426,0.07405100514491425,0.17309147367874844,0.3733451610306895,0.7432684898376465,2.0017480850219727,0.7432684898376465,2.0017480850219727,0.9710626602172852,2.0017480850219727,0.7432684898376465,0.17136311531066895,0.7432684898376465,0.17136311531066895,1.1952497959136963,0.410947322845459
199,141,2.606633424758911,1.9717376232147217,0.0335406712939339,0.13174138630429877,0.21334816378851718,0.7795560359954834,1.592690110206604,0.7795560359954834,1.592690110206604,0.5445151329040527,1.592690110206604,0.7795560359954834,0.5554945468902588,0.7795560359954834,0.5554945468902588,0.9346522092819214,0.7324618101119995
200,141,2.326451539993286,1.8727070093154907,0.21517475668340968,0.05857796180993308,0.08411946557462285,0.7177788019180298,0.7177788019180298,0.7177788019180298,0.7177788019180298,0.5411922931671143,1.5213347673416138,0.7177788019180298,0.4340071678161621,0.7177788019180298,0.4340071678161621,0.8593520522117615,0.5668678283691406
201,141,2.1361303329467773,1.9613723754882812,0.14015998143702751,0.15212925542145958,0.03855193641036747,0.4357726573944092,1.0957810878753662,0.4357726573944092,1.0957810878753662,0.9992038607597351,1.0957810878753662,0.4357726573944092,0.21372473239898682,0.4357726573944092,0.21372473239898682,0.7657768726348877,0.49819284677505493
202,141,2.4075119495391846,2.0917673110961914,0.13236677492658344,0.14001922960082686,0.1398624775807062,0.3898003101348877,1.1527529954910278,0.3898003101348877,1.1527529954910278,0.9945459365844727,1.7401939630508423,0.4705538749694824,0.508337140083313,0.4705538749694824,0.508337140083313,0.7772655487060547,0.7845923900604248
203,141,2.0451395511627197,2.224642276763916,0.1603403351393839,0.1355104104367395,0.14779256985833275,0.4622732400894165,0.4622732400894165,0.4622732400894165,0.4622732400894165,1.1320598125457764,1.9805736541748047,0.4622732400894165,0.41960346698760986,0.4622732400894165,0.41960346698760986,0.8126477599143982,0.7860125303268433
204,141,1.2458218336105347,2.027268409729004,0.11933460439244925,0.14195434669653578,0.08712443525592489,0.4728817939758301,1.1022406816482544,0.4728817939758301,1.1022406816482544,0.9797660112380981,1.1022406816482544,0.4728817939758301,0.3279690742492676,0.4728817939758301,0.3279690742492676,0.7875612378120422,0.6223390102386475
205,141,3.1724464893341064,2.1471216678619385,0.0900739485522109,0.1443926965693633,0.17373036170999182,0.674144983291626,1.7607793807983398,0.674144983291626,1.7607793807983398,1.242874264717102,1.7607793807983398,0.674144983291626,0.408199667930603,0.674144983291626,0.408199667930603,1.0144060850143433,0.7733932733535767
206,141,0.6652406454086304,2.0982751846313477,0.29366124841074104,0.03888001439471994,0.10698153021434958,0.7860573530197144,0.7860573530197144,0.7860573530197144,0.7860573530197144,1.0322303771972656,1.7892844676971436,0.7860573530197144,0.3186863660812378,0.7860573530197144,0.3186863660812378,1.0841503143310547,0.5728986859321594
207,141,1.4939091205596924,1.763189435005188,0.2141343220633764,0.25276428664724004,0.04323382924621305,0.7248409986495972,0.9527397751808167,0.7248409986495972,0.9527397751808167,0.20289528369903564,0.9527397751808167,0.7248409986495972,0.2743936777114868,0.7248409986495972,0.2743936777114868,0.8387904167175293,0.3812364339828491
208,141,1.6141225099563599,1.8129572868347168,0.016873778700828235,0.15055264804512264,0.2290526987984779,0.6842333078384399,1.488542914390564,0.6842333078384399,1.488542914390564,0.18994951248168945,1.488542914390564,0.6842333078384399,0.4431957006454468,0.6842333078384399,0.4431957006454468,0.8067843914031982,0.5657234191894531
209,141,3.2802391052246094,1.6468603610992432,0.0182679476713139,0.0121928664172688,0.19616643639902254,0.0728069543838501,1.2311608791351318,0.0728069543838501,1.2311608791351318,0.4631342887878418,1.2311608791351318,0.182104229927063,0.49442946910858154,0.182104229927063,0.49442946910858154,0.46418315172195435,0.7814529538154602
210,141,2.1502034664154053,2.116920232772827,0.29685312194128805,0.040712443937858195,0.003698258002598931,0.7923085689544678,0.7923085689544678,0.7923085689544678,0.7923085689544678,0.779699444770813,1.323961615562439,0.7923085689544678,0.2875467538833618,0.7923085689544678,0.2875467538833618,1.0581350326538086,0.5101532936096191
211,141,0.8289812207221985,2.3011789321899414,0.11044172326723747,0.27350845883289954,0.024619242648283635,0.7111655473709106,1.4451038837432861,0.7111655473709106,1.4451038837432861,1.0354009866714478,1.4451038837432861,0.7111655473709106,0.28972697257995605,0.7111655473709106,0.28972697257995605,1.0781347751617432,0.6061922907829285
212,141,2.0616471767425537,2.0026090145111084,0.13530531503260157,0.09383215628564359,0.24598051257431516,0.629503607749939,1.5820879936218262,0.629503607749939,1.5820879936218262,0.2556891441345215,1.5820879936218262,0.629503607749939,0.36643874645233154,0.629503607749939,0.36643874645233154,0.7562307119369507,0.4777599573135376
213,141,-0.24983496963977814,2.022282361984253,0.10549135339756795,0.165542174155513,0.10846113947530585,0.11836576461791992,0.9196252822875977,0.11836576461791992,0.9196252822875977,0.4255141019821167,1.5224567651748657,0.24987733364105225,0.605332612991333,0.24987733364105225,0.605332612991333,0.5545926690101624,0.9398576021194458
214,141,-0.0020362590439617634,1.29271399974823,0.5337610337200259,0.11085876166199626,0.17433650574336507,0.7182403802871704,0.09659039974212646,0.7182403802871704,0.09659039974212646,0.7927290201187134,0.8395720720291138,0.09659039974212646,0.6916293501853943,0.09659039974212646,0.6916293501853943,0.12469816207885742,0.8104032278060913
215,141,0.9428449869155884,0.8011997938156128,0.5929894364873562,0.585295155818264,0.059267049555976836,0.802916407585144,0.0008218288421630859,0.802916407585144,0.0008218288421630859,1.4569236040115356,0.09296643733978271,0.0008218288421630859,0.4177108407020569,0.0008218288421630859,0.4177108407020569,0.0468941330909729,0.3904091715812683
216,141,-0.49032941460609436,0.5146708488464355,0.2601737069586916,0.563979390362898,0.5356522750357788,0.30178844928741455,0.2557428181171417,0.30178844928741455,0.2557428181171417,0.7589490413665771,0.21567809581756592,0.0005570650100708008,0.256156325340271,0.0005570650100708008,0.256156325340271,0.02765500545501709,0.23614247143268585
217,141,-1.3317275047302246,0.2985548675060272,0.6893394845599927,0.18877297944078864,0.3590025768677394,0.6458338499069214,0.14875102043151855,0.6458338499069214,0.14875102043151855,0.8850085735321045,0.09800687432289124,0.14875102043151855,0.21531721949577332,0.14875102043151855,0.21531721949577332,0.1489798128604889,0.2151595652103424
218,141,-0.8053387403488159,0.12902221083641052,0.8284084976216155,0.5135169207056365,0.12013219599922498,0.9244159460067749,0.23463457822799683,0.9244159460067749,0.23463457822799683,1.4883078336715698,0.3442564010620117,0.23463457822799683,0.07301691174507141,0.23463457822799683,0.07301691174507141,0.2894454896450043,0.04576042294502258
219,141,-1.2073242664337158,-0.26615166664123535,0.7364462411962449,0.756376845277846,0.38974249599501465,0.2895393371582031,0.34114277362823486,0.2895393371582031,0.34114277362823486,0.6691691875457764,0.34114277362823486,0.1371031403541565,0.024275481700897217,0.1371031403541565,0.024275481700897217,0.23912295699119568,0.09873849153518677
220,141,-1.0702823400497437,-0.32894566655158997,0.7891954169546564,0.5960523848359784,0.6058660068114599,0.20223653316497803,0.12584835290908813,0.20223653316497803,0.12584835290908813,0.49536246061325073,0.4731062948703766,0.12584835290908813,0.06001102924346924,0.12584835290908813,0.06001102924346924,0.20139187574386597,0.126565620303154
221,141,-1.345091700553894,-0.2017098218202591,0.7428134876489634,0.6591589744389059,0.3801142138987783,0.22031345963478088,0.16082680225372314,0.22031345963478088,0.16082680225372314,0.5403237342834473,0.35775279998779297,0.16082680225372314,0.05493822693824768,0.16082680225372314,0.05493822693824768,0.25928980112075806,0.14184916019439697
222,141,-0.11950059235095978,-0.22033143043518066,0.8037140870466829,0.5263624047487974,0.4064701348170636,0.19789858162403107,0.14677351713180542,0.19789858162403107,0.14677351713180542,0.3226454555988312,0.2592593729496002,0.14677351713180542,0.04629680514335632,0.14677351713180542,0.04629680514335632,0.20301644504070282,0.08839067816734314
223,141,2.0228004455566406,-0.15216873586177826,0.5426876849184434,0.8221366596097749,0.5721074266607562,0.47453010082244873,0.20770081877708435,0.47453010082244873,0.20770081877708435,1.0520588159561157,0.38239023089408875,0.17962077260017395,0.019542187452316284,0.17962077260017395,0.019542187452316284,0.26341712474823,0.06876832246780396
224,141,0.8996621370315552,0.6558343172073364,0.09609699110190073,0.5386765190710624,0.569484079455336,0.8930438756942749,0.47441366314888,0.8930438756942749,0.47441366314888,1.5949605703353882,0.47441366314888,0.1696169376373291,0.5770452618598938,0.1696169376373291,0.5770452618598938,0.18803554773330688,0.5697767734527588
225,141,0.40681129693984985,1.2309863567352295,0.222328229782482,0.10563709615419292,0.4738178045054272,0.6812701225280762,0.9758898615837097,0.6812701225280762,0.9758898615837097,0.7581076622009277,0.9758898615837097,0.034860849380493164,0.709004282951355,0.034860849380493164,0.709004282951355,0.18798419833183289,0.8521809577941895
226,141,0.6229023933410645,1.3379387855529785,0.3111584475884833,0.15468571216488897,0.12580418187504,0.42397546768188477,0.1693481206893921,0.42397546768188477,0.1693481206893921,0.49610352516174316,0.5890951752662659,0.1693481206893921,0.74491947889328,0.1693481206893921,0.74491947889328,0.379221647977829,0.9287533760070801
227,141,3.1858038902282715,0.6746479272842407,0.35934365903337795,0.3697111089279253,0.16907107037802538,0.03566253185272217,0.40650731325149536,0.03566253185272217,0.40650731325149536,0.11924219131469727,0.40650731325149536,0.16195857524871826,0.2232721745967865,0.16195857524871826,0.2232721745967865,0.2842329442501068,0.3387709856033325
228,141,1.3052037954330444,1.51629638671875,0.38161584796073517,0.20363236038324695,0.25537422324841247,0.9192444682121277,0.9192444682121277,0.9192444682121277,0.9192444682121277,0.12440705299377441,1.2936115264892578,0.9192444682121277,0.20819377899169922,0.9192444682121277,0.20819377899169922,0.9954293966293335,0.2764132618904114
229,141,2.779327154159546,1.9417226314544678,0.028785238340497316,0.4118875371664763,0.2001218350231647,1.051823616027832,1.5185500383377075,1.051823616027832,1.5185500383377075,0.3540761470794678,1.6830182075500488,1.051823616027832,0.40477442741394043,1.051823616027832,0.40477442741394043,1.1574079990386963,0.5105170011520386
230,141,1.4622262716293335,2.3903369903564453,0.32818162056307,0.006752419496575901,0.32390769744912795,0.5974949598312378,0.7643755674362183,0.5974949598312378,0.7643755674362183,1.631380558013916,2.266573190689087,0.7643755674362183,0.3323643207550049,0.7643755674362183,0.3323643207550049,1.287398338317871,0.7801514863967896
231,141,2.714120864868164,1.9126814603805542,0.024061917404954558,0.26919342916769273,0.010389995003739827,0.7337973117828369,1.2768456935882568,0.7337973117828369,1.2768456935882568,0.7831630706787109,1.2768456935882568,0.7337973117828369,0.26151442527770996,0.7337973117828369,0.26151442527770996,1.0053215026855469,0.5018976330757141
232,141,3.3383166790008545,2.147177219390869,0.23901056453585687,0.03868474915623621,0.16354023516178112,0.631026029586792,0.6546182632446289,0.631026029586792,0.6546182632446289,1.2652894258499146,1.724568486213684,0.6546182632446289,0.2637355327606201,0.6546182632446289,0.2637355327606201,0.9726044535636902,0.5520879030227661
233,141,-0.08453048020601273,2.0869460105895996,0.2747989834410448,0.1750237315458561,0.03436113312219563,0.5727484226226807,0.5727484226226807,0.5727484226226807,0.5727484226226807,1.0667675733566284,1.314345121383667,0.5727484226226807,0.20023345947265625,0.5727484226226807,0.20023345947265625,0.9435467720031738,0.494939386844635
234,141,0.406210720539093,1.74142587184906,0.3613769943391283,0.2740107186945775,0.16602791347230483,0.5576275587081909,0.021251201629638672,0.5576275587081909,0.021251201629638672,0.19023025035858154,0.6500592231750488,0.021251201629638672,0.4709099531173706,0.021251201629638672,0.4709099531173706,0.33565521240234375,0.9556856751441956
235,141,0.04723786562681198,1.4651453495025635,0.2903374095509451,0.40278977627555573,0.30831368726988684,0.6908447742462158,0.1089625358581543,0.6908447742462158,0.1089625358581543,0.12246417999267578,0.979459285736084,0.0312957763671875,0.14147710800170898,0.0312957763671875,0.14147710800170898,0.4399503469467163,0.5723409652709961
236,141,1.7384902238845825,0.6138461232185364,0.3978960476443175,0.343555271103978,0.4975706600770355,0.21284151077270508,0.13513535261154175,0.21284151077270508,0.13513535261154175,0.32652872800827026,0.13513535261154175,0.02958923578262329,0.14591416716575623,0.02958923578262329,0.14591416716575623,0.02104473114013672,0.1540243774652481
237,141,0.39123398065567017,1.1119000911712646,0.0530227353268613,0.2988861799209067,0.24281008182714375,0.4377628564834595,0.5561544299125671,0.4377628564834595,0.5561544299125671,0.6135866641998291,0.6900537014007568,0.016153573989868164,0.5386750102043152,0.016153573989868164,0.5386750102043152,0.0811128318309784,0.6060299873352051
238,141,0.3226911723613739,1.1916661262512207,0.238026680275798,0.06285092987120144,0.25002414830029,0.33619725704193115,0.6739974617958069,0.33619725704193115,0.6739974617958069,0.5494915246963501,0.6739974617958069,0.01129448413848877,0.5253439545631409,0.01129448413848877,0.5253439545631409,0.07714873552322388,0.5937409996986389
239,141,-1.9193052053451538,1.045884370803833,0.3705601321905849,0.28894442215561866,0.011925165876746191,0.33834147453308105,0.10652780532836914,0.33834147453308105,0.10652780532836914,0.5983208417892456,0.22525548934936523,0.10652780532836914,0.3316587209701538,0.10652780532836914,0.3316587209701538,0.1658916473388672,0.38048118352890015
240,141,0.1011362075805664,0.18826735019683838,0.9012258515506985,0.2889297375455496,0.24825133647769704,1.1477190256118774,0.4948425889015198,1.1477190256118774,0.4948425889015198,1.080880045890808,0.39345020055770874,0.4948425889015198,0.07821529358625412,0.4948425889015198,0.07821529358625412,0.44414639472961426,0.10794313251972198
241,141,-0.9665737748146057,0.027669064700603485,0.4967150845751165,0.9814074317924676,0.2834005464427174,1.1814416646957397,0.39399221539497375,1.1814416646957397,0.39399221539497375,1.2287166118621826,0.39399221539497375,0.43110743165016174,0.03559653460979462,0.43110743165016174,0.03559653460979462,0.41254982352256775,0.047376714646816254
242,141,0.8459644913673401,-0.21547505259513855,0.7695533564904085,0.42321547555581973,0.8478451536487166,0.9046148061752319,0.5418142080307007,0.9046148061752319,0.5418142080307007,1.6569684743881226,0.5418142080307007,0.2758514881134033,0.015323534607887268,0.2758514881134033,0.015323534607887268,0.4262925982475281,0.10216060280799866
243,141,-0.37683263421058655,0.3779523968696594,0.22568309478461757,0.9348037752509119,0.4201408378034831,1.0245065689086914,0.01358020305633545,1.0245065689086914,0.01358020305633545,1.258575201034546,0.010840773582458496,0.3249521851539612,0.25018221139907837,0.3249521851539612,0.25018221139907837,0.3103656768798828,0.2573806047439575
244,141,-1.6605294942855835,0.3015579581260681,0.5967508493488034,0.17331995717560233,0.649961404868712,0.8925214409828186,0.12552782893180847,0.8925214409828186,0.12552782893180847,1.3664205074310303,0.12552782893180847,0.30444520711898804,0.2745019793510437,0.30444520711898804,0.2745019793510437,0.37684667110443115,0.21559762954711914
245,141,0.015166323632001877,-0.09670975804328918,1.0773941506973157,0.5486830700530358,0.14236206755662995,1.3482623100280762,0.5098361968994141,1.3482623100280762,0.5098361968994141,1.8574573993682861,0.6409727334976196,0.5098361968994141,0.10991472005844116,0.5098361968994141,0.10991472005844116,0.5754044651985168,0.07827629894018173
246,141,-0.9730220437049866,0.0007354617118835449,0.4845082055032255,0.867761925756931,0.3017884829640394,0.8288052678108215,0.3210259675979614,0.8288052678108215,0.3210259675979614,0.8224697709083557,0.3210259675979614,0.32606416940689087,0.027327924966812134,0.32606416940689087,0.027327924966812134,0.32354506850242615,0.02564370632171631
247,141,-1.9908103942871094,-0.2714557945728302,0.7384807220287619,0.4138604571856561,0.7002318630740048,0.4174064099788666,0.16891029477119446,0.4174064099788666,0.16891029477119446,1.2376552820205688,0.3727441728115082,0.16891029477119446,0.001628875732421875,0.16891029477119446,0.001628875732421875,0.27278512716293335,0.07329387962818146
248,141,-0.9706844687461853,-0.3296658396720886,0.9748903564239539,0.6211281108732025,0.2477317538360757,0.764214038848877,0.1919233202934265,0.764214038848877,0.1919233202934265,1.440873146057129,0.36600422859191895,0.1919233202934265,0.0004099607467651367,0.1919233202934265,0.0004099607467651367,0.27896377444267273,0.02485179901123047
249,141,-2.019138813018799,-0.6013806462287903,0.8269753964369495,0.9427448834230503,0.5415499252205096,0.41342127323150635,0.44049811363220215,0.41342127323150635,0.44049811363220215,0.7575230598449707,0.44049811363220215,0.18606454133987427,0.06463146209716797,0.18606454133987427,0.06463146209716797,0.3132813274860382,0.15484267473220825
250,141,-0.9927696585655212,-0.2599703371524811,0.8234940741211176,0.5620604972913859,0.5385458793118596,0.3123527765274048,0.1057475209236145,0.3123527765274048,0.1057475209236145,0.4533858299255371,0.20402666926383972,0.1057475209236145,0.05898076295852661,0.1057475209236145,0.05898076295852661,0.1548870950937271,0.09553471207618713
251,141,-1.5811212062835693,-0.46554169058799744,0.6662816615154348,0.7957403676336012,0.4702995937441785,0.3166244924068451,0.30346888303756714,0.3166244924068451,0.30346888303756714,0.5898427367210388,0.30346888303756714,0.1282476782798767,0.04480260610580444,0.1282476782798767,0.04480260610580444,0.21585828065872192,0.09992934763431549
252,141,-1.5812160968780518,-0.4392041862010956,0.7677808936933677,0.5591208910259107,0.6063236682551604,0.19697904586791992,0.09633857011795044,0.19697904586791992,0.09633857011795044,0.5742640495300293,0.40968233346939087,0.09633857011795044,0.043606460094451904,0.09633857011795044,0.043606460094451904,0.1586318016052246,0.10680724680423737
253,141,-2.8824803829193115,-0.5678724646568298,0.8610558066579203,0.7831616823437313,0.4482936145613592,0.2799436151981354,0.15186524391174316,0.2799436151981354,0.15186524391174316,0.7837854623794556,0.3891223073005676,0.15186524391174316,0.03987777233123779,0.15186524391174316,0.03987777233123779,0.2704937756061554,0.11042048037052155
254,141,-4.007695198059082,-0.6872444152832031,0.9387386908630531,0.6310153775165477,0.591209722819428,0.3832753300666809,0.09523719549179077,0.3832753300666809,0.09523719549179077,0.6605947613716125,0.29161134362220764,0.09523719549179077,0.07854700088500977,0.09523719549179077,0.07854700088500977,0.1934242695569992,0.13345898687839508
255,141,-1.3453319072723389,-0.4832085371017456,0.8797411092494926,0.7593283338596424,0.479369036195179,0.4303051233291626,0.11932164430618286,0.4303051233291626,0.11932164430618286,1.2623001337051392,0.04044163227081299,0.11932164430618286,0.024449169635772705,0.11932164430618286,0.024449169635772705,0.07988163828849792,0.04682272672653198
256,141,-2.2932002544403076,-1.2834705114364624,0.7194948495055238,1.146399442690114,0.659093160579602,0.7326968908309937,0.3415018916130066,0.7326968908309937,0.3415018916130066,1.1880372762680054,0.3415018916130066,0.23530292510986328,0.11068105697631836,0.23530292510986328,0.11068105697631836,0.28840240836143494,0.1427486538887024
257,141,-4.416494846343994,-1.1257537603378296,0.9201418571981286,0.6755842214512331,0.8564555859441559,0.23691189289093018,0.04951930046081543,0.23691189289093018,0.04951930046081543,1.7877748012542725,0.7904518842697144,0.04951930046081543,0.09032464027404785,0.04951930046081543,0.09032464027404785,0.23455488681793213,0.2183275818824768
258,141,0.4149845242500305,-1.1950454711914062,1.066338521614671,0.8775176369398834,0.6519920146465303,0.7234295010566711,0.035310983657836914,0.7234295010566711,0.035310983657836914,1.7300000190734863,0.27299612760543823,0.035310983657836914,0.10218667984008789,0.035310983657836914,0.10218667984008789,0.15415355563163757,0.17460516095161438
259,141,-1.8865736722946167,-1.1791255474090576,0.3689497233182193,1.277674192115665,0.8241353622078891,2.0311057567596436,0.279715895652771,2.0311057567596436,0.279715895652771,3.32145357131958,0.6952273845672607,0.3470001220703125,0.04509842395782471,0.3470001220703125,0.04509842395782471,0.5843600034713745,0.09256243705749512
260,141,0.0016340373549610376,-0.6875008344650269,0.8294311253726478,0.25961531545966854,0.9307205330207944,1.6586145162582397,0.40278100967407227,1.6586145162582397,0.40278100967407227,2.8377084732055664,0.40278100967407227,0.12266385555267334,0.01679074764251709,0.12266385555267334,0.01679074764251709,0.33841028809547424,0.060594260692596436
261,141,-0.8096271753311157,-0.8508330583572388,0.528324064637224,1.3456943067970373,0.4256472268390159,1.9770256280899048,0.5555896759033203,1.9770256280899048,0.5555896759033203,2.171381950378418,0.5555896759033203,0.5561429262161255,0.09194326400756836,0.5561429262161255,0.09194326400756836,0.5558663010597229,0.09203046560287476
262,141,-0.48989567160606384,-0.8371770977973938,0.6609086636826396,0.4634584418404848,0.9563385481107978,1.0801870822906494,0.5261348485946655,1.0801870822906494,0.5261348485946655,1.8801724910736084,0.5261348485946655,0.2867448925971985,0.00023114681243896484,0.2867448925971985,0.00023114681243896484,0.40678951144218445,0.06220662593841553
263,141,-2.506875514984131,-0.7671454548835754,0.6572775506538651,0.8217703091849885,0.5927694400337837,0.5864773392677307,0.37201127409935,0.5864773392677307,0.37201127409935,1.0046586990356445,0.37201127409935,0.22851991653442383,0.0004011392593383789,0.22851991653442383,0.0004011392593383789,0.3002656102180481,0.049637287855148315
264,141,0.8975174427032471,-0.9326252341270447,1.026830390235409,0.5276196623640133,0.5600497987167912,0.7568766474723816,0.11743313074111938,0.7568766474723816,0.11743313074111938,1.2599374055862427,0.46167513728141785,0.11743313074111938,0.03734499216079712,0.11743313074111938,0.03734499216079712,0.2059137523174286,0.07225990295410156
265,141,0.48512324690818787,-0.8449529409408569,0.19812723013261957,1.1961799165109794,0.5701428982863819,2.150709629058838,0.23070621490478516,2.150709629058838,0.23070621490478516,2.8211746215820312,0.38958659768104553,0.5032930374145508,0.16217303276062012,0.5032930374145508,0.16217303276062012,0.6067943572998047,0.12744951248168945
266,141,-1.9081419706344604,-0.5784720182418823,0.3374960805724063,0.23400296854476133,1.2406583657364052,2.5184578895568848,0.05232846736907959,2.5184578895568848,0.05232846736907959,2.4932377338409424,0.05232846736907959,0.594253659248352,0.1843019723892212,0.594253659248352,0.1843019723892212,0.4950161874294281,0.22095274925231934
267,141,-0.538305401802063,-0.5883995890617371,1.2284537710870305,0.315854144624124,0.1435316711726291,2.0540952682495117,0.7262619137763977,2.0540952682495117,0.7262619137763977,2.015451669692993,0.4190751314163208,0.7262619137763977,0.26789796352386475,0.7262619137763977,0.26789796352386475,0.5726685523986816,0.3177471160888672
268,141,-1.0044934749603271,-1.130932331085205,0.6304920096074542,1.3048139156897864,0.33565335781623906,1.9136452674865723,0.6550453305244446,1.9136452674865723,0.6550453305244446,2.685753345489502,0.6550453305244446,0.48274582624435425,0.09201741218566895,0.48274582624435425,0.09201741218566895,0.5688955783843994,0.06483256816864014
269,141,-1.461766004562378,-1.2646665573120117,0.7160942978660263,0.6677556648353733,1.080636029193799,0.5824413299560547,0.5010983943939209,0.5824413299560547,0.5010983943939209,1.0739110708236694,0.5010983943939209,0.2342756986618042,0.05972707271575928,0.2342756986618042,0.05972707271575928,0.29775500297546387,0.09120112657546997
270,141,-2.393125534057617,-1.0096867084503174,0.8116031867762405,0.7828405728687842,0.6381811746706565,0.234419584274292,0.06031239032745361,0.234419584274292,0.06031239032745361,0.6357795000076294,0.2186136245727539,0.06031239032745361,0.04441392421722412,0.06031239032745361,0.04441392421722412,0.13946300745010376,0.09738951921463013
271,141,-1.9735491275787354,-1.174101710319519,0.8535225570698577,0.7288877572988472,0.5379216393207511,0.24987351894378662,0.009819626808166504,0.24987351894378662,0.009819626808166504,0.7758897542953491,0.20257139205932617,0.009819626808166504,0.055152058601379395,0.009819626808166504,0.055152058601379395,0.10619550943374634,0.11857160925865173
272,141,-0.47819432616233826,-1.069130301475525,0.803482673925658,0.8215475861479837,0.45425188982238374,0.16447240114212036,0.2321217656135559,0.16447240114212036,0.2321217656135559,0.5719131231307983,0.2321217656135559,0.09936696290969849,0.045064687728881836,0.09936696290969849,0.045064687728881836,0.1657443642616272,0.07518133521080017
273,141,-0.3289174735546112,-1.4439480304718018,0.5934524348968022,0.9864881543194253,0.7862106689376135,0.4543325901031494,0.2218184471130371,0.4543325901031494,0.2218184471130371,2.2722535133361816,0.5237656831741333,0.18558406829833984,0.020168542861938477,0.18558406829833984,0.020168542861938477,0.3083801865577698,0.10984253883361816
274,141,-1.7058988809585571,-1.2948018312454224,0.5999873503297568,0.6948553547263148,1.025333494655788,0.6992550492286682,0.3771941065788269,0.6992550492286682,0.3771941065788269,1.130805253982544,0.3771941065788269,0.20641207695007324,0.012852907180786133,0.20641207695007324,0.012852907180786133,0.25782254338264465,0.043454647064208984
275,141,1.3391530513763428,-0.9002162218093872,0.9513722050438325,0.5603062335650126,0.6061324058721462,0.675472617149353,0.202667236328125,0.675472617149353,0.202667236328125,0.9678220152854919,0.47156772017478943,0.202667236328125,0.04946327209472656,0.202667236328125,0.04946327209472656,0.2735695242881775,0.09045690298080444
276,141,-0.5690165758132935,-0.8092089891433716,0.04068963604668796,1.2303049568707745,0.5620515018577377,2.230618476867676,0.04428046941757202,2.230618476867676,0.04428046941757202,3.0287351608276367,0.1666204333305359,0.5748820900917053,0.3240147829055786,0.5748820900917053,0.3240147829055786,0.6644171476364136,0.2948334217071533
277,141,-0.06757200509309769,-0.7616248726844788,0.7275575119256972,0.08162751629948617,0.9917968676984309,1.6208208799362183,0.01235651969909668,1.6208208799362183,0.01235651969909668,2.9732375144958496,0.01235651969909668,0.3272879719734192,0.18146252632141113,0.3272879719734192,0.18146252632141113,0.42425572872161865,0.17113876342773438
278,141,-0.9997915029525757,-0.4869043827056885,0.5541332234566411,0.8403303166416785,0.050282610425104846,1.3109943866729736,0.25534123182296753,1.3109943866729736,0.25534123182296753,2.091956853866577,0.25534123182296753,0.22971665859222412,0.28224390745162964,0.22971665859222412,0.28224390745162964,0.24252894520759583,0.2762872576713562
279,141,-0.4005647301673889,-0.9941166639328003,0.8659102393935123,0.5758632426957291,0.6420074342439572,0.41296690702438354,0.15194201469421387,0.41296690702438354,0.15194201469421387,0.8304812908172607,0.30519890785217285,0.15194201469421387,0.011701822280883789,0.15194201469421387,0.011701822280883789,0.2180836796760559,0.05662184953689575
280,141,-0.9602932929992676,-0.8622592091560364,0.5768609922875961,0.7779379046832521,0.41900676169743134,0.41089868545532227,0.23319149017333984,0.41089868545532227,0.23319149017333984,0.6568904519081116,0.23319149017333984,0.15597796440124512,0.007291555404663086,0.15597796440124512,0.007291555404663086,0.19458472728729248,0.03262016177177429
281,199,-0.9559122920036316,-0.7687869071960449,0.92248073382924,0.5875592581058543,0.443725655625264,0.4185349643230438,0.22409915924072266,0.4185349643230438,0.22409915924072266,0.5323632955551147,0.31582650542259216,0.22409915924072266,0.059528470039367676,0.22409915924072266,0.059528470039367676,0.2699628472328186,0.09836089611053467
282,199,-2.2540130615234375,-0.9759695529937744,0.8348937866215905,0.7243914218557378,0.3946673036677142,0.39060819149017334,0.2088821530342102,0.39060819149017334,0.2088821530342102,0.9326646327972412,0.463351845741272,0.2088821530342102,0.04288744926452637,0.2088821530342102,0.04288744926452637,0.3361169993877411,0.14099395275115967
283,199,-2.7395288944244385,-1.1431914567947388,1.1642670695545774,0.6073253950538734,0.4176427969212333,1.1126381158828735,0.5148602724075317,1.1126381158828735,0.5148602724075317,1.4622795581817627,0.8072093725204468,0.5148602724075317,0.12012922763824463,0.5148602724075317,0.12012922763824463,0.6610348224639893,0.20987612009048462
284,199,-2.3239893913269043,-1.3546406030654907,1.18675884415706,0.8177200556670625,0.36095336483170604,1.1712594032287598,0.44141000509262085,1.1712594032287598,0.44141000509262085,2.3705525398254395,0.9311252236366272,0.44141000509262085,0.08653223514556885,0.44141000509262085,0.08653223514556885,0.686267614364624,0.2129715085029602
285,199,-2.747764825820923,-1.5297586917877197,0.9517268598576387,0.9159314115842185,0.5874601465960343,0.21269536018371582,0.1986095905303955,0.21269536018371582,0.1986095905303955,0.8107243180274963,0.6299805045127869,0.1986095905303955,0.18813657760620117,0.1986095905303955,0.18813657760620117,0.4142950475215912,0.37894710898399353
286,199,-1.6794017553329468,-1.4672638177871704,1.0367456525595236,0.863932153399413,0.6622624104035397,0.10168981552124023,0.026071667671203613,0.10168981552124023,0.026071667671203613,0.48293352127075195,0.3653564453125,0.026071667671203613,0.14597094058990479,0.026071667671203613,0.14597094058990479,0.1957140564918518,0.2548815608024597
287,199,-0.6925056576728821,-1.3499447107315063,0.9269517782951393,0.8413967350373666,0.5807537065322199,0.2639288902282715,0.2639288902282715,0.2639288902282715,0.2639288902282715,1.1403437852859497,0.7212731242179871,0.2639288902282715,0.23481154441833496,0.2639288902282715,0.23481154441833496,0.4926010072231293,0.44638970494270325
288,199,-1.768419861793518,-1.091091513633728,0.6180481637020905,0.8122923938867949,0.6378931671691435,0.44798165559768677,0.4027261734008789,0.44798165559768677,0.4027261734008789,1.753275752067566,0.8852560520172119,0.21019232273101807,0.12871205806732178,0.21019232273101807,0.12871205806732178,0.40490883588790894,0.25053298473358154
289,199,-0.6190868020057678,-1.3219887018203735,1.075678817530473,0.5878601340701182,0.6726135779668887,0.6910439133644104,0.27382755279541016,0.6910439133644104,0.27382755279541016,1.5460021495819092,0.8958571553230286,0.27382755279541016,0.10212397575378418,0.27382755279541016,0.10212397575378418,0.44546982645988464,0.22267472743988037
290,199,-3.0761637687683105,-0.7399170994758606,0.6580651930222907,0.9044557030747334,0.30740685681502034,0.8008149862289429,0.6627726554870605,0.8008149862289429,0.6627726554870605,1.1471264362335205,0.6627726554870605,0.3862948715686798,0.05215686559677124,0.3862948715686798,0.05215686559677124,0.524533748626709,0.14849185943603516
291,199,-2.2283976078033447,-1.2640007734298706,1.1324914738784235,0.4743763283702236,0.4770197821843125,1.5234214067459106,0.4575314521789551,1.5234214067459106,0.4575314521789551,2.356372833251953,1.0435397624969482,0.4575314521789551,0.09894931316375732,0.4575314521789551,0.09894931316375732,0.6190582513809204,0.195247620344162
292,199,-2.4808502197265625,-1.1728096008300781,1.0477330751282472,0.8851936735336978,0.3224221778226397,0.9330872893333435,0.2844465970993042,0.9330872893333435,0.2844465970993042,2.807093858718872,0.847366452217102,0.2844465970993042,0.03629446029663086,0.2844465970993042,0.03629446029663086,0.5659065246582031,0.19036030769348145
293,199,-1.2135003805160522,-1.433316707611084,0.8980297602713103,0.7688336488232017,0.545517986752093,0.08728957176208496,0.044980525970458984,0.08728957176208496,0.044980525970458984,0.3531074523925781,0.28839778900146484,0.044980525970458984,0.09615302085876465,0.044980525970458984,0.09615302085876465,0.16668915748596191,0.19722044467926025
294,199,-2.4876551628112793,-1.550297498703003,0.7675434310299651,0.9559351935548087,0.7008513177310429,0.7524102926254272,0.7069082260131836,0.7524102926254272,0.7069082260131836,1.2484768629074097,0.7069082260131836,0.36910533905029297,0.2504843473434448,0.36910533905029297,0.2504843473434448,0.5380067825317383,0.395074725151062
295,199,-1.482552409172058,-1.359009861946106,0.9844176324953635,0.6140855929845324,0.6249957752631359,0.6742234826087952,0.2654876708984375,0.6742234826087952,0.2654876708984375,1.6151729822158813,1.1023739576339722,0.2654876708984375,0.13581383228302002,0.2654876708984375,0.13581383228302002,0.4693491756916046,0.2722786068916321
296,199,-1.5662930011749268,-1.379557490348816,0.8830449891090395,1.0240860575810076,0.4816637110337614,0.918513298034668,1.0094959735870361,0.918513298034668,1.0094959735870361,1.82407808303833,1.0094959735870361,0.4418894648551941,0.14805102348327637,0.4418894648551941,0.14805102348327637,0.7256927490234375,0.3315025568008423
297,199,-2.028733253479004,-1.3648310899734497,0.9712725052734218,0.7647571358953915,0.6613504568611579,0.4054707884788513,0.3743000626564026,0.4054707884788513,0.3743000626564026,0.7939358949661255,0.7561537623405457,0.3743000626564026,0.33146822452545166,0.3743000626564026,0.33146822452545166,0.5652269124984741,0.50592041015625
298,199,-2.0583202838897705,-1.6300984621047974,1.1814438198258481,0.8291542480637628,0.48411240269740397,0.7164609432220459,0.47967326641082764,0.7164609432220459,0.47967326641082764,1.2767373323440552,0.9515469074249268,0.47967326641082764,0.21680021286010742,0.47967326641082764,0.21680021286010742,0.7156100869178772,0.4065808057785034
299,199,-2.294682741165161,-1.3842673301696777,0.9578215392182271,0.8779199458161988,0.5273103204617899,0.41752904653549194,0.2706298828125,0.41752904653549194,0.2706298828125,1.1825473308563232,0.7561026811599731,0.2706298828125,0.14287209510803223,0.2706298828125,0.14287209510803223,0.5133662819862366,0.3473435938358307
300,199,-2.3114407062530518,-1.4269425868988037,1.0422620050360758,0.7399784713735184,0.570644502242406,0.3881305456161499,0.3126910924911499,0.3881305456161499,0.3126910924911499,0.8645733594894409,0.7469331622123718,0.3126910924911499,0.16935944557189941,0.3126910924911499,0.16935944557189941,0.5298120975494385,0.3513273298740387
301,199,-3.1342639923095703,-1.665264368057251,0.9124721958364053,0.8820757327477138,0.7119487957532207,0.1406322717666626,0.09557294845581055,0.1406322717666626,0.09557294845581055,0.6462510824203491,0.48138725757598877,0.09557294845581055,0.1485992670059204,0.09557294845581055,0.1485992670059204,0.28848010301589966,0.32217442989349365
302,199,-1.5369162559509277,-1.7947139739990234,1.0405871815482777,0.9139106862867874,0.8722740216429035,0.404937744140625,0.1815199851989746,0.404937744140625,0.1815199851989746,1.0378038883209229,0.6650927066802979,0.1815199851989746,0.29065871238708496,0.1815199851989746,0.29065871238708496,0.42330634593963623,0.5234533548355103
303,199,-3.068168878555298,-1.9005539417266846,0.9402550378441807,1.179947533011437,0.7385401692986484,1.0733141899108887,0.9240757822990417,1.0733141899108887,0.9240757822990417,1.8262548446655273,0.9240757822990417,0.46837663650512695,0.30107569694519043,0.46837663650512695,0.30107569694519043,0.6962262392044067,0.47180402278900146
304,199,-1.9523063898086548,-1.6762784719467163,1.1626749290277563,0.7177632233997187,0.7100836755086979,0.7371240854263306,0.17514288425445557,0.7371240854263306,0.17514288425445557,1.2490183115005493,0.5202542543411255,0.17514288425445557,0.2817498445510864,0.17514288425445557,0.2817498445510864,0.3476985692977905,0.4222862720489502
305,199,-2.2642922401428223,-1.8433500528335571,1.094489576170842,1.1432949817428986,0.5656889271984498,0.897037148475647,1.0100414752960205,0.897037148475647,1.0100414752960205,2.1259546279907227,1.0100414752960205,0.4339921474456787,0.17801189422607422,0.4339921474456787,0.17801189422607422,0.7220168113708496,0.391163170337677
306,199,-1.862465500831604,-1.4790239334106445,0.8832562306771675,0.7675867264966169,0.7484113806734485,0.29145193099975586,0.218247652053833,0.29145193099975586,0.218247652053833,0.6206244826316833,0.5233516097068787,0.218247652053833,0.26655077934265137,0.218247652053833,0.26655077934265137,0.37079963088035583,0.43653371930122375
307,199,-2.6675117015838623,-1.8793998956680298,0.9439180231218538,0.9992267681409913,0.646581877929469,0.4469705820083618,0.6615906953811646,0.4469705820083618,0.6615906953811646,0.8579529523849487,0.6615906953811646,0.3319653272628784,0.22534477710723877,0.3319653272628784,0.22534477710723877,0.4967780113220215,0.3818608522415161
308,199,-0.5234499573707581,-1.7692583799362183,1.0545747221385438,0.7613031353180606,0.66607386653622,0.6227561235427856,0.3384479284286499,0.6227561235427856,0.3384479284286499,1.1555465459823608,0.7842621803283691,0.3384479284286499,0.26099157333374023,0.3384479284286499,0.26099157333374023,0.5613550543785095,0.46113771200180054
309,199,-1.2377724647521973,-1.8786368370056152,0.6591408264450731,1.193150815740227,0.8112320774234834,1.9038491249084473,0.8001828193664551,1.9038491249084473,0.8001828193664551,3.21907377243042,1.7024236917495728,0.616687536239624,0.10486793518066406,0.616687536239624,0.10486793518066406,1.0129773616790771,0.34382927417755127
310,199,-0.9661180973052979,-1.4093953371047974,0.8046820568665862,0.5334208815358581,0.8126196114532651,1.1036763191223145,1.1117857694625854,1.1036763191223145,1.1117857694625854,2.136284828186035,1.1117857694625854,0.4293937087059021,0.10963988304138184,0.4293937087059021,0.10963988304138184,0.6432898640632629,0.2599848210811615
311,199,-0.1607285588979721,-1.0421117544174194,0.7058025267223519,0.7381968835989634,0.43691207538048404,0.6159951686859131,0.7328235507011414,0.6159951686859131,0.7328235507011414,1.302091121673584,0.7328235507011414,0.33492332696914673,0.10029226541519165,0.33492332696914673,0.10029226541519165,0.533873438835144,0.27222928404808044
312,199,-0.25630468130111694,-0.9616637825965881,0.4426356511590226,0.6590896909495738,0.669928555653702,0.6790097951889038,0.6898424625396729,0.6790097951889038,0.6898424625396729,1.6747455596923828,0.6898424625396729,0.26321941614151,0.044820308685302734,0.26321941614151,0.044820308685302734,0.4408498704433441,0.1695713996887207
313,199,-1.661879062652588,-0.7594022154808044,0.45762859972814707,0.4376830455164116,0.6235010758290689,0.7194318175315857,0.5117173790931702,0.7194318175315857,0.5117173790931702,0.8964555859565735,0.5117173790931702,0.32810652256011963,0.05209237337112427,0.32810652256011963,0.05209237337112427,0.3802676200866699,0.09228315949440002
314,199,-1.996091604232788,-1.2003777027130127,1.0018596272170543,0.45709723427891724,0.4143465369939805,1.348172664642334,0.5500015020370483,1.348172664642334,0.5500015020370483,1.5528205633163452,0.6796461939811707,0.5500015020370483,0.039186716079711914,0.5500015020370483,0.039186716079711914,0.6148238182067871,0.08106827735900879
315,199,-0.5739886164665222,-1.0995620489120483,1.0454873537706835,0.7282199718865255,0.18934662467489627,1.1687982082366943,0.4155372977256775,1.1687982082366943,0.4155372977256775,2.466127634048462,0.880814790725708,0.4155372977256775,0.018866539001464844,0.4155372977256775,0.018866539001464844,0.6481760740280151,0.13202893733978271
316,199,-2.598355531692505,-1.6865215301513672,0.5728659233823419,0.9799702808260917,0.6967922362312674,0.9145947694778442,0.514931321144104,0.9145947694778442,0.514931321144104,2.1860313415527344,1.047407627105713,0.3726918697357178,0.08947837352752686,0.3726918697357178,0.08947837352752686,0.5974549055099487,0.24544799327850342
317,199,-1.464676856994629,-1.3060846328735352,0.9182460441067815,0.3652178584039212,0.6617840138450266,1.1708601713180542,0.38236021995544434,1.1708601713180542,0.38236021995544434,2.4995107650756836,1.2376524209976196,0.38236021995544434,0.0764932632446289,0.38236021995544434,0.0764932632446289,0.6548751592636108,0.2234988510608673
318,199,-1.1133978366851807,-1.5217853784561157,0.7749390497679511,0.9587174559632938,0.40317763200650636,1.3691973686218262,0.9472113251686096,1.3691973686218262,0.9472113251686096,2.5593113899230957,0.9472113251686096,0.4650031328201294,0.08810174465179443,0.4650031328201294,0.08810174465179443,0.7061072587966919,0.24132949113845825
319,199,-1.8617998361587524,-1.252225399017334,0.6486242839694023,0.6692578162439169,0.6047535928152501,0.2689198851585388,0.4604189991950989,0.2689198851585388,0.4604189991950989,0.5614712834358215,0.4604189991950989,0.19855356216430664,0.19497299194335938,0.19855356216430664,0.19497299194335938,0.32948628067970276,0.33017250895500183
320,199,-0.9441837668418884,-1.3678683042526245,0.9705740660428999,0.646795160640031,0.5687572906725111,0.6935949921607971,0.3647341728210449,0.6935949921607971,0.3647341728210449,1.0262329578399658,0.6381120085716248,0.3647341728210449,0.15649521350860596,0.3647341728210449,0.15649521350860596,0.5014231204986572,0.25922614336013794
321,199,0.3108886182308197,-1.1466987133026123,0.5553168861567972,0.7406332772225142,0.4890126558393242,0.42216378450393677,0.42692190408706665,0.42216378450393677,0.42692190408706665,0.7042075991630554,0.42692190408706665,0.22328287363052368,0.10332131385803223,0.22328287363052368,0.10332131385803223,0.32510238885879517,0.1872946321964264
322,199,-2.208275318145752,-0.9237247109413147,0.21292706201473877,0.5873641239355006,0.8865669858704012,1.4946343898773193,0.7126282453536987,1.4946343898773193,0.7126282453536987,2.733550548553467,0.7126282453536987,0.4383220672607422,0.07098305225372314,0.4383220672607422,0.07098305225372314,0.6465882062911987,0.10155665874481201
323,199,-0.727825403213501,-1.0504584312438965,0.9400612879296144,0.18554772627850413,0.5156019310404854,1.6970388889312744,0.51645427942276,1.6970388889312744,0.51645427942276,2.6896164417266846,0.7466192841529846,0.51645427942276,0.06763505935668945,0.51645427942276,0.06763505935668945,0.7113476991653442,0.09995606541633606
324,199,-0.20710743963718414,-1.255850076675415,0.593574304630359,0.9661508977537356,0.1574299574767548,1.8384556770324707,0.7902467250823975,1.8384556770324707,0.7902467250823975,2.7708027362823486,0.7902467250823975,0.4859946370124817,0.046935200691223145,0.4859946370124817,0.046935200691223145,0.6381206512451172,0.06283468008041382
325,199,-0.2598836123943329,-1.0910905599594116,0.40408481099953275,0.533290318523844,0.7395959795390565,1.1911914348602295,0.8233907222747803,1.1911914348602295,0.8233907222747803,1.9065203666687012,0.8233907222747803,0.4253685474395752,0.057128310203552246,0.4253685474395752,0.057128310203552246,0.5767771601676941,0.14844873547554016
326,199,0.9576171040534973,-0.8705283403396606,0.4059280821184319,0.40864170795927435,0.5641743586088219,0.4115145206451416,0.3676375150680542,0.4115145206451416,0.3676375150680542,0.5017170906066895,0.3676375150680542,0.20365262031555176,0.06903684139251709,0.20365262031555176,0.06903684139251709,0.23972368240356445,0.09842795133590698
327,199,0.537193238735199,0.0294627845287323,0.13135083079338072,0.42316676914691925,0.3404826569557191,0.9059247970581055,0.39007800817489624,0.9059247970581055,0.39007800817489624,1.5076571702957153,0.3070586323738098,0.14551560580730438,0.512068510055542,0.14551560580730438,0.512068510055542,0.19438305497169495,0.47546857595443726
328,199,0.8920860886573792,0.4094458520412445,0.0523668980536362,0.23664017563064899,0.24429686234022185,0.7138633728027344,0.713084876537323,0.7138633728027344,0.713084876537323,0.21696540713310242,0.713084876537323,0.14262863993644714,0.299304723739624,0.14262863993644714,0.299304723739624,0.28414028882980347,0.5744788646697998
329,199,0.8479086756706238,1.0239635705947876,0.23549083542078747,0.05927225839346639,0.11038923896849148,0.5149832367897034,0.5569549798965454,0.5149832367897034,0.5569549798965454,0.888146698474884,1.1864467859268188,0.5569549798965454,0.31175196170806885,0.5569549798965454,0.31175196170806885,0.7422674298286438,0.490558385848999
330,199,0.4060939848423004,0.8556351065635681,0.15506905348350603,0.17992048836623642,0.06405808112894479,0.48188742995262146,0.9091916084289551,0.48188742995262146,0.9091916084289551,0.8874062895774841,0.9091916084289551,0.48188742995262146,0.26025277376174927,0.48188742995262146,0.26025277376174927,0.6955395340919495,0.4733406603336334
331,199,0.7806110382080078,1.0308223962783813,0.06352400101721295,0.195649866107851,0.13784982783719923,0.4107913374900818,0.6634102463722229,0.4107913374900818,0.6634102463722229,0.73056960105896,0.9769027829170227,0.43496227264404297,0.21365994215011597,0.43496227264404297,0.21365994215011597,0.5942142009735107,0.3764849901199341
332,199,-0.574350893497467,0.3283877372741699,0.0020029112696647727,0.11717845525592552,0.01324812065809959,0.023395806550979614,0.6670217514038086,0.023395806550979614,0.6670217514038086,0.44020986557006836,1.015413761138916,0.25813716650009155,0.4350217580795288,0.25813716650009155,0.4350217580795288,0.46767541766166687,0.6353714466094971
333,199,-0.12359288334846497,0.08415316045284271,0.5308163027279078,0.07749194180592867,0.06633279608562592,1.0434024333953857,0.3195793628692627,1.0434024333953857,0.3195793628692627,0.6168118119239807,0.11408650875091553,0.3195793628692627,0.16580358147621155,0.3195793628692627,0.16580358147621155,0.2168329358100891,0.34655696153640747
334,199,-1.8920087814331055,-0.09953006356954575,0.22388245505901672,0.34720462966865545,0.07890404188850259,0.9052874445915222,0.36160808801651,0.9052874445915222,0.36160808801651,1.3061796426773071,0.36160808801651,0.2978340685367584,0.30068445205688477,0.2978340685367584,0.30068445205688477,0.3297210931777954,0.2727788984775543
335,199,0.1542186290025711,-0.9902852177619934,0.8147129536171753,0.3088482516010602,0.3723116004963717,1.1194815635681152,0.3865621089935303,1.1194815635681152,0.3865621089935303,1.4969661235809326,0.5754892230033875,0.3865621089935303,0.024343490600585938,0.3865621089935303,0.024343490600585938,0.45834583044052124,0.06851732730865479
336,199,1.0893069505691528,-0.8026989102363586,0.265531745372961,0.868041867284725,0.22911764225612075,1.5622165203094482,0.49564915895462036,1.5622165203094482,0.49564915895462036,1.468949317932129,0.49564915895462036,0.5729845762252808,0.025931715965270996,0.5729845762252808,0.025931715965270996,0.534316897392273,0.030175238847732544
337,199,1.4739048480987549,-0.19468174874782562,0.24564550429893028,0.22315959965499743,0.6769153846303622,1.577558994293213,0.18975533545017242,1.577558994293213,0.18975533545017242,0.9180934429168701,0.18975533545017242,0.5002588033676147,0.06381581723690033,0.5002588033676147,0.06381581723690033,0.3086036443710327,0.3244786262512207
338,199,-0.09485004842281342,1.243640422821045,0.5228159380704167,0.2978876246139406,0.07434585567563778,0.8579418659210205,0.8579418659210205,0.8579418659210205,0.8579418659210205,1.2383038997650146,1.4377775192260742,0.8579418659210205,0.059699058532714844,0.8579418659210205,0.059699058532714844,1.1478596925735474,0.3573845326900482
339,199,-0.833976686000824,0.6287521719932556,0.2806847595175108,0.3546935101846855,0.13523241827885313,0.7279365658760071,0.6839984655380249,0.7279365658760071,0.6839984655380249,0.11123186349868774,0.6839984655380249,0.7279365658760071,0.4695234000682831,0.7279365658760071,0.4695234000682831,0.7059675455093384,0.446189284324646
340,199,-0.6509356498718262,-0.15229256451129913,0.5946126978844404,0.29113233715295794,0.22508896954357616,1.5783512592315674,0.3671954274177551,1.5783512592315674,0.3671954274177551,2.2524845600128174,0.4135565161705017,0.3671954274177551,0.4758809208869934,0.3671954274177551,0.4758809208869934,0.3903759717941284,0.4579261243343353
341,199,-0.14498861134052277,-0.8803125023841858,0.5763206591953833,0.5189429067013165,0.20929034042482586,0.42826521396636963,0.2045145034790039,0.42826521396636963,0.2045145034790039,0.9994208812713623,0.41718950867652893,0.2045145034790039,0.00885927677154541,0.2045145034790039,0.00885927677154541,0.3108519911766052,0.09329402446746826
342,199,-0.49766263365745544,-0.8774142861366272,0.30981240464374427,0.4915406515449286,0.40887875402346263,0.4463711977005005,0.29898178577423096,0.4463711977005005,0.29898178577423096,0.9518164396286011,0.5178173780441284,0.22778749465942383,0.065338134765625,0.22778749465942383,0.065338134765625,0.33518102765083313,0.16075563430786133
343,199,-1.4521050453186035,-0.7628218531608582,0.34617759826282657,0.2898736021543544,0.4197314794982472,0.25536805391311646,0.34935450553894043,0.25536805391311646,0.34935450553894043,0.5944645404815674,0.34935450553894043,0.12445390224456787,0.03654301166534424,0.12445390224456787,0.03654301166534424,0.21295252442359924,0.12135902047157288
344,199,0.45281076431274414,-1.0970759391784668,0.678054840452969,0.3956939684227109,0.2996427760273219,0.8606513738632202,0.30434584617614746,0.8606513738632202,0.30434584617614746,1.3520927429199219,0.5022926330566406,0.30434584617614746,0.031925320625305176,0.30434584617614746,0.031925320625305176,0.40331923961639404,0.09463000297546387
345,199,-0.7418785095214844,-0.792705237865448,0.03586051451663175,0.7109629355246823,0.23423643118391424,1.390242576599121,0.2736048698425293,1.390242576599121,0.2736048698425293,1.9869036674499512,0.4128994643688202,0.4978242516517639,0.17245620489120483,0.4978242516517639,0.17245620489120483,0.5754156708717346,0.12775838375091553
346,199,-1.1358364820480347,-0.5425275564193726,0.402371964380145,0.006689228191971708,0.4727717639505863,1.0513629913330078,0.5192293524742126,1.0513629913330078,0.5192293524742126,1.9359148740768433,0.5192293524742126,0.37491586804389954,0.14279210567474365,0.37491586804389954,0.14279210567474365,0.5523040294647217,0.14420264959335327
347,199,0.6548340320587158,-0.776128888130188,0.6309357951581481,0.3866847673244773,0.01861765554174788,1.220224142074585,0.4436938464641571,1.220224142074585,0.4436938464641571,2.0473742485046387,0.7240535616874695,0.4436938464641571,0.07396888732910156,0.4436938464641571,0.07396888732910156,0.5838736891746521,0.10182064771652222
348,199,-0.7652027606964111,-0.7538665533065796,0.10362053691099082,0.6323214290415248,0.30980584089954677,1.4074245691299438,0.11662012338638306,1.4074245691299438,0.11662012338638306,2.1966552734375,0.3361735939979553,0.4565632939338684,0.30178987979888916,0.4565632939338684,0.30178987979888916,0.5759550333023071,0.21142733097076416
349,199,-1.2349478006362915,-0.7863945960998535,0.5016500203435619,0.06106532173852108,0.45238363311936447,0.9770084619522095,0.2893622815608978,0.9770084619522095,0.2893622815608978,2.255293846130371,0.3453950881958008,0.2893622815608978,0.18389081954956055,0.2893622815608978,0.18389081954956055,0.49080973863601685,0.11420205235481262
350,199,-1.9515715837478638,-0.8485991358757019,0.5804535819217564,0.3866953497380017,0.007563016302883696,1.2037479877471924,0.35944581031799316,1.2037479877471924,0.35944581031799316,2.1016387939453125,0.5814695954322815,0.35944581031799316,0.07847917079925537,0.35944581031799316,0.07847917079925537,0.47045770287513733,0.06495404243469238
351,199,-0.10910765826702118,-1.1081750392913818,0.6570476114377377,0.3988674794323742,0.2099614376761021,0.9021207690238953,0.4478016495704651,0.9021207690238953,0.4478016495704651,1.4823565483093262,0.7860063314437866,0.4478016495704651,0.07926106452941895,0.4478016495704651,0.07926106452941895,0.6169040203094482,0.20255008339881897
352,199,-0.6311574578285217,-1.2559255361557007,0.22776746415222682,0.6063691305431227,0.2953012905890743,1.0984835624694824,0.47390103340148926,1.0984835624694824,0.47390103340148926,1.834505558013916,0.7545359134674072,0.42939066886901855,0.03545999526977539,0.42939066886901855,0.03545999526977539,0.5669642686843872,0.12845468521118164
353,199,-0.6365402936935425,-0.9619004726409912,0.41555238499616587,0.25555358098198966,0.5404138276663919,1.1224195957183838,0.65708327293396,1.1224195957183838,0.65708327293396,1.7348856925964355,0.65708327293396,0.3508739471435547,0.028277039527893066,0.3508739471435547,0.028277039527893066,0.47964704036712646,0.13194656372070312
354,199,-0.6995965838432312,-0.7878459692001343,0.37794865798205124,0.3220543056353927,0.1273398597538472,0.5744190216064453,0.2964112460613251,0.5744190216064453,0.2964112460613251,1.0372065305709839,0.5206888914108276,0.2964112460613251,0.02152252197265625,0.2964112460613251,0.02152252197265625,0.40855008363723755,0.12332028150558472
355,199,-2.2440764904022217,-0.9105844497680664,0.4098512633641561,0.3299269396563371,0.27592209090789155,0.2990621328353882,0.2682599425315857,0.2990621328353882,0.2682599425315857,0.5535804033279419,0.5175216197967529,0.2682599425315857,0.17269152402877808,0.2682599425315857,0.17269152402877808,0.3928907811641693,0.29199954867362976
356,199,-0.8113405108451843,-1.2860097885131836,0.7143492267280813,0.2942542448081078,0.21989805882796665,1.1930389404296875,0.4545385241508484,1.1930389404296875,0.4545385241508484,1.4612908363342285,0.6574779748916626,0.4545385241508484,0.0881720781326294,0.4545385241508484,0.0881720781326294,0.5560082197189331,0.1577441692352295
357,199,-0.5408110022544861,-1.2009754180908203,0.43302976476649446,0.6535753183315196,0.2230862320462863,1.0391132831573486,0.7720750570297241,1.0391132831573486,0.7720750570297241,1.539594054222107,0.7720750570297241,0.43891453742980957,0.08989942073822021,0.43891453742980957,0.08989942073822021,0.6054947972297668,0.2073938250541687
358,199,-1.2354844808578491,-1.23908269405365,0.348517893627286,0.35143965568393476,0.4412109609320759,0.7114781737327576,0.797749936580658,0.7114781737327576,0.797749936580658,1.1699048280715942,0.797749936580658,0.33909815549850464,0.1501222848892212,0.33909815549850464,0.1501222848892212,0.45888030529022217,0.25146201252937317
359,199,-0.034804392606019974,-0.9755971431732178,0.536149548018972,0.25002267232785624,0.2036167220647137,0.6222890615463257,0.34668511152267456,0.6222890615463257,0.34668511152267456,0.7664837837219238,0.4676662087440491,0.34668511152267456,0.08156251907348633,0.34668511152267456,0.08156251907348633,0.4071756601333618,0.12830302119255066
360,199,-1.062172770500183,-0.8298205733299255,0.11701737431188441,0.5381655668218929,0.24594098543127374,0.8408672213554382,0.33210018277168274,0.8408672213554382,0.33210018277168274,1.3266066312789917,0.47489821910858154,0.3152811527252197,0.013782799243927002,0.3152811527252197,0.013782799243927002,0.3860912322998047,0.060046643018722534
361,199,-2.3158178329467773,-0.9580428600311279,0.4927524008229375,0.13359672334045192,0.34969993665814386,0.7626030445098877,0.303516149520874,0.7626030445098877,0.303516149520874,1.5401049852371216,0.5780906677246094,0.303516149520874,0.007694602012634277,0.303516149520874,0.007694602012634277,0.4342077970504761,0.10503619909286499
362,199,0.30898675322532654,-1.3577609062194824,0.644451668554296,0.373920509920766,0.09943457310398407,1.4240541458129883,0.4132753014564514,1.4240541458129883,0.4132753014564514,2.392409563064575,0.7517037987709045,0.4132753014564514,0.0042209625244140625,0.4132753014564514,0.0042209625244140625,0.582489550113678,0.09128236770629883
363,199,-1.053570032119751,-0.9376932382583618,0.03179699105521039,0.6446548324699205,0.2881497520084181,1.6659802198410034,0.3999354839324951,1.6659802198410034,0.3999354839324951,2.478116989135742,0.6773384809494019,0.5461154580116272,0.1244499683380127,0.5461154580116272,0.1244499683380127,0.6894971132278442,0.0920383632183075
364,199,-1.4987659454345703,-0.9924525618553162,0.47968698789676045,0.04724031748870994,0.4424212540437776,1.053304672241211,0.37797415256500244,1.053304672241211,0.37797415256500244,2.2815494537353516,0.7414557933807373,0.37797415256500244,0.10159486532211304,0.37797415256500244,0.10159486532211304,0.631244421005249,0.21152251958847046
365,199,-1.089246392250061,-1.0147191286087036,0.6403695164372526,0.43779374373455826,0.037183789437015946,1.320812702178955,0.455910861492157,1.320812702178955,0.455910861492157,2.508021831512451,0.8755426406860352,0.455910861492157,0.05037796497344971,0.455910861492157,0.05037796497344971,0.6657267808914185,0.11969718337059021
366,199,-2.258455753326416,-1.3152979612350464,0.5034986402839423,0.46537301190197444,0.24368627108633534,0.25118863582611084,0.2402709722518921,0.25118863582611084,0.2402709722518921,0.7315133810043335,0.5682027339935303,0.2402709722518921,0.11896264553070068,0.2402709722518921,0.11896264553070068,0.4042368531227112,0.26665788888931274
367,199,-0.38746240735054016,-1.4994122982025146,0.6945976863056418,0.3430792780965568,0.263710635751486,0.965545117855072,0.4590405225753784,0.965545117855072,0.4590405225753784,1.2552236318588257,0.6910209059715271,0.4590405225753784,0.1372089385986328,0.4590405225753784,0.1372089385986328,0.5750306844711304,0.20635473728179932
368,199,-0.40299904346466064,-1.1671415567398071,0.253992973131438,0.535811361608406,0.21141035591562596,1.1412850618362427,0.5728082656860352,1.1412850618362427,0.5728082656860352,1.3570444583892822,0.5728082656860352,0.4003821611404419,0.1257307529449463,0.4003821611404419,0.1257307529449463,0.4865952134132385,0.19907861948013306
369,199,-0.6485459804534912,-1.1703084707260132,0.2504716944321991,0.23293747641146179,0.45487314049154515,0.7352796792984009,0.40825873613357544,0.7352796792984009,0.40825873613357544,0.9125261902809143,0.40825873613357544,0.22341251373291016,0.05057644844055176,0.22341251373291016,0.05057644844055176,0.2722480297088623,0.08834004402160645
370,199,-0.3336848318576813,-0.5533406734466553,0.3106727297479907,0.2028393220404784,0.15288459396610676,0.36406391859054565,0.25103873014450073,0.36406391859054565,0.25103873014450073,0.5106403231620789,0.3855110704898834,0.25103873014450073,0.07345932722091675,0.25103873014450073,0.07345932722091675,0.31827491521835327,0.13663187623023987
371,199,-1.0237336158752441,-0.7366968989372253,0.1732961699118217,0.23656282973786194,0.11982798968752228,0.22368723154067993,0.25298160314559937,0.22368723154067993,0.25298160314559937,0.3420913815498352,0.25298160314559937,0.141728937625885,0.06388157606124878,0.141728937625885,0.06388157606124878,0.1973552703857422,0.11544710397720337
372,199,0.7592086791992188,-0.9205503463745117,0.38725086661676567,0.132505993793408,0.20631924646596123,0.6844611763954163,0.37661921977996826,0.6844611763954163,0.37661921977996826,1.0510163307189941,0.7486077547073364,0.37661921977996826,0.11102676391601562,0.37661921977996826,0.11102676391601562,0.48954904079437256,0.2125159502029419
373,199,0.3284725844860077,-0.16224238276481628,0.2946552172799905,0.319122352960209,0.07429889148722094,0.9995883703231812,0.0390397310256958,0.9995883703231812,0.0390397310256958,0.6111379861831665,0.0390397310256958,0.3162279725074768,0.0562133714556694,0.3162279725074768,0.0562133714556694,0.1776338517665863,0.16583099961280823
374,199,2.5449695587158203,-0.16037480533123016,0.08855165834034173,0.23296725580895622,0.26020404876132175,0.8825368285179138,0.15889082849025726,0.8825368285179138,0.15889082849025726,0.5319322943687439,0.15889082849025726,0.31503623723983765,0.14674951136112213,0.31503623723983765,0.14674951136112213,0.16286510229110718,0.286001056432724
375,199,1.9272359609603882,1.2960526943206787,1.1541979744968314,0.16103439477582793,0.23459446224694447,1.1537120342254639,1.1537120342254639,1.1537120342254639,1.1537120342254639,0.846725583076477,1.557703971862793,1.1537120342254639,0.1182851791381836,1.1537120342254639,0.1182851791381836,1.2815587520599365,0.2233576774597168
376,199,0.554241955280304,1.2853978872299194,0.7856249257425467,0.7072559437869737,0.08496310380908367,0.42845916748046875,0.6960626840591431,0.42845916748046875,0.6960626840591431,1.2442845106124878,1.5275204181671143,0.6960626840591431,0.056527018547058105,0.6960626840591431,0.056527018547058105,1.1117916107177734,0.4115307927131653
377,199,-0.26721829175949097,1.8225873708724976,0.34459328925237065,0.9005444700457157,0.7895194518566129,0.5045310258865356,1.1812138557434082,0.5045310258865356,1.1812138557434082,1.5698784589767456,2.1975207328796387,0.8620989322662354,0.24461841583251953,0.8620989322662354,0.24461841583251953,1.3889542818069458,0.7184621095657349
378,199,-0.4429228603839874,0.5282691717147827,0.01023638332262633,0.32686500383540984,0.45245490331202737,0.42266279458999634,0.5319236516952515,0.42266279458999634,0.5319236516952515,0.1027190089225769,0.5319236516952515,0.42266279458999634,0.14802128076553345,0.42266279458999634,0.14802128076553345,0.5503619909286499,0.1179952323436737
379,199,0.3602099120616913,-0.4067070484161377,0.12913003424958625,0.016349745742821442,0.14676145457119366,0.13311660289764404,0.1645870804786682,0.13311660289764404,0.1645870804786682,0.5582617521286011,0.1645870804786682,0.13311660289764404,0.09623885154724121,0.13311660289764404,0.09623885154724121,0.10056169331073761,0.19865958392620087
380,199,0.20123741030693054,-0.4099626839160919,0.16555261182288322,0.0783124449647343,0.02471191550760224,0.1640118658542633,0.1640118658542633,0.1640118658542633,0.1640118658542633,0.39521533250808716,0.031639039516448975,0.1640118658542633,0.09437942504882812,0.1640118658542633,0.09437942504882812,0.09782545268535614,0.19524028897285461
381,199,0.15306442975997925,-0.04870855435729027,0.21094617250685893,0.2168244650152822,0.02324219206968947,0.145745187997818,0.24303185939788818,0.145745187997818,0.24303185939788818,0.16621893644332886,0.24303185939788818,0.145745187997818,0.08793443441390991,0.145745187997818,0.08793443441390991,0.1943885236978531,0.048155345022678375
382,199,0.26942873001098633,0.12013507634401321,0.134968931550781,0.16875680376465116,0.15951443333799645,0.019270628690719604,0.16854405403137207,0.019270628690719604,0.16854405403137207,0.15274347364902496,0.29930180311203003,0.09173306077718735,0.07756461203098297,0.09173306077718735,0.07756461203098297,0.1580294370651245,0.14365682005882263
383,199,-1.5649727582931519,0.18486137688159943,0.25158429854859904,0.17701813121636703,0.1241737386708458,0.13534089922904968,0.13534089922904968,0.13534089922904968,0.13534089922904968,0.15055978298187256,0.19907918572425842,0.13534089922904968,0.04691028594970703,0.13534089922904968,0.04691028594970703,0.16721004247665405,0.07898764312267303
384,199,-0.3096812069416046,-0.9186169505119324,0.49633264441353564,0.13636423105063528,0.06656333925823371,1.415923833847046,0.6046838164329529,1.415923833847046,0.6046838164329529,1.3393597602844238,0.5183788537979126,0.6046838164329529,0.02463245391845703,0.6046838164329529,0.02463245391845703,0.5615313053131104,0.06133410334587097
385,199,-2.0372097492218018,-0.5971155762672424,0.09146312365929277,0.3787628122108678,0.1263480219555398,1.0837647914886475,0.6720708608627319,1.0837647914886475,0.6720708608627319,1.0386277437210083,0.6218949556350708,0.5070092678070068,0.15564268827438354,0.5070092678070068,0.15564268827438354,0.4817037582397461,0.13111472129821777
386,199,-2.0424277782440186,-1.174157738685608,0.6700957632064818,0.044636284261942105,0.1563202922046184,1.5088920593261719,0.699720561504364,1.5088920593261719,0.699720561504364,1.963326334953308,1.0291163921356201,0.699720561504364,0.07447993755340576,0.699720561504364,0.07447993755340576,0.8116640448570251,0.16404688358306885
387,199,-2.1195905208587646,-1.278687834739685,0.5577567861974241,0.4007936141639947,0.006622617915272744,1.2378262281417847,0.48340660333633423,1.2378262281417847,0.48340660333633423,2.3872127532958984,1.0553269386291504,0.48340660333633423,0.040688514709472656,0.48340660333633423,0.040688514709472656,0.7693667411804199,0.23734977841377258
388,199,-1.6601816415786743,-1.7751520872116089,0.5039228106041751,0.40199418072899173,0.26822826852401094,0.42037999629974365,0.39214229583740234,0.42037999629974365,0.39214229583740234,0.9405926465988159,0.9030392169952393,0.39214229583740234,0.256359338760376,0.39214229583740234,0.256359338760376,0.6475907564163208,0.46327531337738037
389,199,-0.4397023320198059,-1.5525952577590942,0.5151071075163781,0.4308593044988811,0.23041283380240196,0.4655914306640625,0.4655914306640625,0.4655914306640625,0.4655914306640625,1.197933554649353,1.023853063583374,0.4655914306640625,0.22106921672821045,0.4655914306640625,0.22106921672821045,0.7447222471237183,0.4378623366355896
390,199,-0.8263078331947327,-1.233064889907837,0.09125799678886937,0.3760788005838791,0.30764121559138097,0.8749085664749146,0.584240198135376,0.8749085664749146,0.584240198135376,1.747983694076538,1.041072130203247,0.40216654539108276,0.14735925197601318,0.40216654539108276,0.14735925197601318,0.6218514442443848,0.33661192655563354
391,199,-0.8521580696105957,-0.7379851937294006,0.16010365940009547,0.021082540520777404,0.16578046777596073,0.4122174382209778,0.6361588835716248,0.4122174382209778,0.6361588835716248,0.839171290397644,0.6361588835716248,0.2187938690185547,0.1207047700881958,0.2187938690185547,0.1207047700881958,0.362688273191452,0.2693396806716919
392,199,-1.2694551944732666,-0.7386492490768433,0.20372710419197895,0.11973473576207949,0.006918909152348718,0.5196435451507568,0.33626604080200195,0.5196435451507568,0.33626604080200195,0.8498541116714478,0.5498072504997253,0.33626604080200195,0.046935856342315674,0.33626604080200195,0.046935856342315674,0.44303664565086365,0.14695045351982117
393,199,-1.2600369453430176,-1.3579626083374023,0.39555427638813867,0.1550676508247854,0.06726787323132133,0.7870460748672485,0.5329747200012207,0.7870460748672485,0.5329747200012207,1.1236413717269897,0.853630781173706,0.5329747200012207,0.14786195755004883,0.5329747200012207,0.14786195755004883,0.6933027505874634,0.2856823801994324
394,199,-3.4132442474365234,-1.2813833951950073,0.29977006651461124,0.2582642221078276,0.09565631363540883,0.6032141447067261,0.42782866954803467,0.6032141447067261,0.42782866954803467,1.2817542552947998,0.921269953250885,0.42782866954803467,0.22745120525360107,0.42782866954803467,0.22745120525360107,0.6745493412017822,0.44709426164627075
395,199,-1.2463399171829224,-1.128691554069519,0.5755491620178023,0.11691238785783464,0.052010873320202045,1.4545934200286865,0.6666004657745361,1.4545934200286865,0.6666004657745361,1.7069661617279053,0.8953743577003479,0.6666004657745361,0.06489598751068115,0.6666004657745361,0.06489598751068115,0.7809873819351196,0.12965768575668335
396,199,-3.2809178829193115,-1.8014295101165771,0.3694771393388506,0.6032858831062915,0.11534300487488525,1.594398856163025,1.4323145151138306,1.594398856163025,1.4323145151138306,2.169833183288574,1.4323145151138306,0.833116352558136,0.23828721046447754,0.833116352558136,0.23828721046447754,1.1327154636383057,0.4832184910774231
397,141,-3.4366586208343506,-1.8910253047943115,0.4772686673700809,0.0997396982461215,0.3255786550045012,1.4907907247543335,0.6997016668319702,1.4907907247543335,0.6997016668319702,2.0334320068359375,1.63204824924469,0.6997016668319702,0.2831522226333618,0.6997016668319702,0.2831522226333618,1.0117520093917847,0.554715633392334
398,282,-2.7459394931793213,-1.883306860923767,1.0212705646951992,0.7787721197803814,0.2071708170076212,1.9567666053771973,0.6959350109100342,1.9567666053771973,0.6959350109100342,3.3506178855895996,1.524552583694458,0.6959350109100342,0.17284321784973145,0.6959350109100342,0.17284321784973145,1.110243797302246,0.46852970123291016
399,141,-4.080220699310303,-2.3863515853881836,0.4364204174404348,0.4824820631121597,0.40318093289931567,0.8680824041366577,1.5203564167022705,0.8680824041366577,1.5203564167022705,1.8197112083435059,1.5203564167022705,0.6123032569885254,0.46758949756622314,0.6123032569885254,0.46758949756622314,1.066329836845398,0.8717812299728394
400,282,-2.6270670890808105,-2.1749379634857178,1.0900739424303174,0.6763634163513781,0.4379684563726187,1.6962416172027588,0.8495657444000244,1.6962416172027588,0.8495657444000244,2.547567844390869,1.6850366592407227,0.8495657444000244,0.5086171627044678,0.8495657444000244,0.5086171627044678,1.2673012018203735,0.7454450130462646
401,282,-4.192568302154541,-2.452791452407837,1.049582501625021,0.9457458549140327,0.4723863265065791,0.7354093790054321,0.7354093790054321,0.7354093790054321,0.7354093790054321,2.477957010269165,1.7796454429626465,0.7354093790054321,0.39979982376098633,0.7354093790054321,0.39979982376098633,1.2575273513793945,0.8335614204406738
402,141,-2.882495403289795,-2.2811059951782227,0.5878905885914959,0.3039009099702039,0.2993604965011284,1.3326730728149414,0.7090493440628052,1.3326730728149414,0.7090493440628052,1.9453058242797852,1.4143282175064087,0.7090493440628052,0.3378746509552002,0.7090493440628052,0.3378746509552002,1.061688780784607,0.621482789516449
403,282,-2.2840962409973145,-2.3957438468933105,1.0823915659139556,0.9238914124915996,0.3975613659123578,1.012862205505371,0.8638623952865601,1.012862205505371,0.8638623952865601,2.7127914428710938,1.922095775604248,0.8638623952865601,0.32248401641845703,0.8638623952865601,0.32248401641845703,1.3929791450500488,0.7477400898933411
404,282,-2.3036460876464844,-2.199397563934326,0.9109540668999158,0.7422977860954897,0.5324012339798112,0.6952799558639526,0.6952799558639526,0.6952799558639526,0.6952799558639526,1.8431246280670166,1.5880541801452637,0.6952799558639526,0.5385551452636719,0.6952799558639526,0.5385551452636719,1.141667127609253,0.8646484613418579
405,282,-3.7944140434265137,-2.0109779834747314,0.9397392218684155,0.6242452270661794,0.34828500126798945,0.8171658515930176,0.8062942028045654,0.8171658515930176,0.8062942028045654,1.5669676065444946,1.5550720691680908,0.8062942028045654,0.3465878963470459,0.8062942028045654,0.3465878963470459,1.1806831359863281,0.6221500635147095
406,282,-2.6871187686920166,-2.2801077365875244,1.188987207549314,0.6370789713288345,0.3946404985586802,1.8803330659866333,0.9661569595336914,1.8803330659866333,0.9661569595336914,2.6211349964141846,1.8058305978775024,0.9661569595336914,0.405742883682251,0.9661569595336914,0.405742883682251,1.3859937191009521,0.6865952014923096
407,282,-3.912565231323242,-2.2482199668884277,0.9566718195627132,0.7842094949136181,0.3305846458921826,1.0666396617889404,0.8548330068588257,1.0666396617889404,0.8548330068588257,2.698791027069092,1.8178621530532837,0.8548330068588257,0.33390676975250244,0.8548330068588257,0.33390676975250244,1.3363475799560547,0.6842609643936157
408,282,-2.7415425777435303,-2.504929542541504,0.9756816079250226,0.7118597365232806,0.571306433264787,1.441857933998108,0.7354305982589722,1.441857933998108,0.7354305982589722,2.4385054111480713,1.717589020729065,0.7354305982589722,0.5361385345458984,0.7354305982589722,0.5361385345458984,1.2265098094940186,0.854290246963501
409,282,-1.654624104499817,-2.553609609603882,0.9655499807341648,0.8732834596807756,0.41556536832513924,0.8373308181762695,0.8081579208374023,0.8373308181762695,0.8081579208374023,2.4398183822631836,1.9252835512161255,0.8081579208374023,0.41067981719970703,0.8081579208374023,0.41067981719970703,1.3667206764221191,0.859588623046875
410,282,-2.251375198364258,-2.1629159450531006,0.609944634990146,0.7717492829201121,0.5335368314882118,1.167541265487671,1.4684195518493652,1.167541265487671,1.4684195518493652,1.907104253768921,1.4684195518493652,0.7574782371520996,0.5761160850524902,0.7574782371520996,0.5761160850524902,1.1129488945007324,0.9199987649917603
411,282,-1.4285937547683716,-2.061760425567627,0.8458602843930321,0.456343685810765,0.4237938100596268,1.132741928100586,0.7851161956787109,1.132741928100586,0.7851161956787109,1.723781704902649,1.3599895238876343,0.7851161956787109,0.44090914726257324,0.7851161956787109,0.44090914726257324,1.0725529193878174,0.6695206165313721
412,282,-1.1598423719406128,-1.6880543231964111,0.6962261348466079,0.5542942463109891,0.2208079906056324,0.6496622562408447,0.6496622562408447,0.6496622562408447,0.6496622562408447,1.5908215045928955,1.3299174308776855,0.6496622562408447,0.31806516647338867,0.6496622562408447,0.31806516647338867,0.9897898435592651,0.5998713970184326
413,282,-2.5604324340820312,-1.576676845550537,0.5908987770974636,0.4571655257046222,0.31544802695512786,0.5484025478363037,0.5484025478363037,0.5484025478363037,0.5484025478363037,1.2155283689498901,1.1014630794525146,0.5484025478363037,0.38730061054229736,0.5484025478363037,0.38730061054229736,0.8249328136444092,0.6225151419639587
414,282,-2.414191484451294,-1.7332713603973389,1.0136624824255704,0.32924718908965556,0.2414802524074915,1.6596736907958984,0.9134078025817871,1.6596736907958984,0.9134078025817871,2.078871965408325,1.3321008682250977,0.9134078025817871,0.28442978858947754,0.9134078025817871,0.28442978858947754,1.1227543354034424,0.43928271532058716
415,282,-0.7297755479812622,-1.8831478357315063,0.9248656288534403,0.6419024273753164,0.15946867533028142,1.4926053285598755,0.8079855442047119,1.4926053285598755,0.8079855442047119,2.865135669708252,1.5897102355957031,0.8079855442047119,0.18416905403137207,0.8079855442047119,0.18416905403137207,1.1988478899002075,0.4821375608444214
416,282,-1.2915453910827637,-1.7959873676300049,0.3990773150386908,0.6946839950295784,0.4191184075052542,1.358432650566101,1.1864126920700073,1.358432650566101,1.1864126920700073,2.0891685485839844,1.5981950759887695,0.7824132442474365,0.36249804496765137,0.7824132442474365,0.36249804496765137,0.9991720914840698,0.6179865598678589
417,282,-2.940342903137207,-1.3626662492752075,0.6577478586261472,0.20065853876372208,0.3486150371407467,0.9039572477340698,0.6109920740127563,0.9039572477340698,0.6109920740127563,1.5896728038787842,1.259608507156372,0.6109920740127563,0.22662663459777832,0.6109920740127563,0.22662663459777832,0.8066120743751526,0.393109530210495
418,282,-1.6798222064971924,-1.6913611888885498,1.0890064570804434,0.3647654047360025,0.08657481533785671,2.313680648803711,1.1202155351638794,2.313680648803711,1.1202155351638794,2.8591578006744385,1.4684696197509766,1.1202155351638794,0.15514254570007324,1.1202155351638794,0.15514254570007324,1.2943425178527832,0.3241227865219116
419,282,-3.103968620300293,-1.950590968132019,0.7865016028036674,0.7719319855173429,0.20828290087481327,0.9828278422355652,0.7381188869476318,0.9828278422355652,0.7381188869476318,2.4841296672821045,1.6589735746383667,0.7381188869476318,0.24191486835479736,0.7381188869476318,0.24191486835479736,1.1985461711883545,0.6500981450080872
420,282,-3.536182165145874,-2.0552561283111572,1.0751793076967198,0.421888084275027,0.4419245780011021,1.6494770050048828,0.9573572874069214,1.6494770050048828,0.9573572874069214,2.4519739151000977,1.9881912469863892,0.9573572874069214,0.37294304370880127,0.9573572874069214,0.37294304370880127,1.2325891256332397,0.5913470983505249
421,282,-3.8032398223876953,-2.4294443130493164,1.2002195633575319,0.7420242439955473,0.2569383061304691,2.190171718597412,1.1203651428222656,2.190171718597412,1.1203651428222656,3.590116500854492,2.0615460872650146,1.1203651428222656,0.3317549228668213,1.1203651428222656,0.3317549228668213,1.5909556150436401,0.6890836358070374
422,282,-1.8029179573059082,-2.443939447402954,1.0738814347982404,0.7912663500756025,0.39019955761730674,1.1151602268218994,0.7265483140945435,1.1151602268218994,0.7265483140945435,2.4764599800109863,1.8421053886413574,0.7265483140945435,0.39465928077697754,0.7265483140945435,0.39465928077697754,1.2843267917633057,0.7386536002159119
423,282,-3.4778175354003906,-2.536742687225342,0.7719780614723759,0.9434239890923103,0.5259679182370505,1.6674094200134277,1.7124468088150024,1.6674094200134277,1.7124468088150024,2.6160073280334473,1.7124468088150024,0.9182083606719971,0.5836724042892456,0.9182083606719971,0.5836724042892456,1.3153276443481445,0.9258311986923218
424,282,-3.3112757205963135,-2.4095983505249023,1.0203567430004479,0.47994209054857495,0.532636450231075,2.044250726699829,1.012678623199463,2.044250726699829,1.012678623199463,3.037865400314331,2.261040210723877,1.012678623199463,0.5106186866760254,1.012678623199463,0.5106186866760254,1.3530865907669067,0.8079012632369995
425,282,-2.6432268619537354,-2.2138454914093018,1.0389865195316568,0.6603923528020584,0.226323857003202,1.6928654909133911,0.897586464881897,1.6928654909133911,0.897586464881897,3.3206868171691895,1.8643077611923218,0.897586464881897,0.2456599473953247,0.897586464881897,0.2456599473953247,1.3809471130371094,0.5595965385437012
426,282,-3.044818162918091,-2.5601601600646973,0.9871503176540136,0.802816352136433,0.4020507164672018,0.9631808996200562,0.9631808996200562,0.9631808996200562,0.9631808996200562,2.3556628227233887,2.0635883808135986,0.9631808996200562,0.4886956214904785,0.9631808996200562,0.4886956214904785,1.5133845806121826,0.9092857241630554
427,282,-3.190023422241211,-2.4393937587738037,0.9882584499505657,0.6695877567989131,0.4121079575394593,1.3187187910079956,1.0955673456192017,1.3187187910079956,1.0955673456192017,2.1936287879943848,1.960689902305603,1.0955673456192017,0.43594813346862793,1.0955673456192017,0.43594813346862793,1.5281286239624023,0.7673352956771851
428,282,-1.944191336631775,-2.642796277999878,0.9708968105415501,0.7179872416021924,0.4229593808638552,1.3624143600463867,1.008392095565796,1.3624143600463867,1.008392095565796,2.5818612575531006,2.042363166809082,1.008392095565796,0.5695650577545166,1.008392095565796,0.5695650577545166,1.525377631187439,0.9549722075462341
429,282,-0.09872625768184662,-2.3936715126037598,0.731270639250676,0.7577785482878483,0.42584815158198275,1.2493996620178223,1.6542081832885742,1.2493996620178223,1.6542081832885742,2.194518804550171,1.6542081832885742,0.8006166219711304,0.5275073051452637,0.8006166219711304,0.5275073051452637,1.227412462234497,0.8946008086204529
430,282,-2.450537919998169,-1.514092206954956,0.055364511708418496,0.5593018768293161,0.4847361768720051,1.4648377895355225,0.7519800662994385,1.4648377895355225,0.7519800662994385,2.5157766342163086,1.3215733766555786,0.6963073015213013,0.049184322357177734,0.6963073015213013,0.049184322357177734,0.9805428385734558,0.3599120080471039
431,282,-2.1629319190979004,-1.5435575246810913,0.8729493225909144,0.10311006125683542,0.2704944573234145,2.251744508743286,1.0001945495605469,2.251744508743286,1.0001945495605469,2.982994556427002,1.3898985385894775,1.0001945495605469,0.038848876953125,1.0001945495605469,0.038848876953125,1.17388916015625,0.21863341331481934
432,282,-2.2627246379852295,-1.735053539276123,0.8065556362519659,0.5935047124202053,0.0754601088290412,2.0606393814086914,0.9245296716690063,2.0606393814086914,0.9245296716690063,3.5489463806152344,1.6568983793258667,0.9245296716690063,0.018884778022766113,0.9245296716690063,0.018884778022766113,1.2907140254974365,0.3629001975059509
433,282,-2.581397294998169,-2.058861255645752,0.8031574572436508,0.5051925062015656,0.3185878974013028,0.9673187732696533,0.9091078042984009,0.9673187732696533,0.9091078042984009,1.6995878219604492,1.640026569366455,0.9091078042984009,0.4387117624282837,0.9091078042984009,0.4387117624282837,1.2745671272277832,0.7289156913757324
434,282,-2.8709518909454346,-2.1781692504882812,0.8107231903200353,0.5465976238747438,0.28527025104810755,1.1590453386306763,0.9424288272857666,1.1590453386306763,0.9424288272857666,1.9869074821472168,1.714448094367981,0.9424288272857666,0.3460487127304077,0.9424288272857666,0.3460487127304077,1.3284385204315186,0.6531668901443481
435,282,-2.9421515464782715,-2.3465235233306885,0.8845058410118024,0.5731880460927883,0.3003517852971951,1.3386712074279785,0.9955143928527832,1.3386712074279785,0.9955143928527832,2.453498601913452,1.9356149435043335,0.9955143928527832,0.4198598861694336,0.9955143928527832,0.4198598861694336,1.4655647277832031,0.7729625701904297
436,282,-3.9064829349517822,-2.532395124435425,0.7769315930455923,0.6798140310496091,0.35993760406970976,1.11726975440979,0.9067435264587402,1.11726975440979,0.9067435264587402,2.275963544845581,1.9139496088027954,0.9067435264587402,0.5049188137054443,0.9067435264587402,0.5049188137054443,1.410346508026123,0.8848757743835449
437,282,-1.3967082500457764,-2.546624183654785,0.9447704466183976,0.560531248462697,0.36840998032440764,1.312595248222351,0.817723274230957,1.312595248222351,0.817723274230957,2.381906509399414,1.782113790512085,0.817723274230957,0.34008145332336426,0.817723274230957,0.34008145332336426,1.299918532371521,0.6346434354782104
438,282,-3.2414352893829346,-2.4198036193847656,0.4872501435875889,0.9076706772297625,0.4164404981583356,1.9735691547393799,1.8356974124908447,1.9735691547393799,1.8356974124908447,2.703909158706665,1.8356974124908447,1.1449975967407227,0.6359214782714844,1.1449975967407227,0.6359214782714844,1.4903475046157837,0.9689153432846069
439,282,-1.1474616527557373,-2.2651829719543457,0.8881661257147789,0.29224373489618305,0.41509632498025906,2.1259076595306396,1.1267449855804443,2.1259076595306396,1.1267449855804443,3.0718860626220703,2.0888750553131104,1.1267449855804443,0.3936425447463989,1.1267449855804443,0.3936425447463989,1.3564624786376953,0.6512047052383423
440,282,-1.8358370065689087,-1.7689862251281738,0.3868930376445253,0.6902753816482924,0.11283085747932375,1.4967355728149414,1.4994930028915405,1.4967355728149414,1.4994930028915405,2.1575937271118164,1.4994930028915405,0.9011290073394775,0.24177050590515137,0.9011290073394775,0.24177050590515137,1.2003109455108643,0.5153396725654602
441,282,-1.0437666177749634,-2.0109219551086426,0.6340996349851289,0.2561864565561216,0.4046046936760346,1.268233060836792,0.8416721820831299,1.268233060836792,0.8416721820831299,2.2448174953460693,1.9048815965652466,0.8416721820831299,0.37665247917175293,0.8416721820831299,0.37665247917175293,1.1352041959762573,0.6614144444465637
442,282,-2.9497854709625244,-1.432530164718628,0.24571267106880745,0.42523909484346717,0.09266841889669508,0.913413405418396,1.1572669744491577,0.913413405418396,1.1572669744491577,1.4629544019699097,1.1572669744491577,0.6241964101791382,0.2339228391647339,0.6241964101791382,0.2339228391647339,0.890731692314148,0.48319709300994873
443,282,-1.8652377128601074,-1.879703164100647,0.7900779549839594,0.14758312168220689,0.19673359927410894,1.9460277557373047,1.0003390312194824,1.9460277557373047,1.0003390312194824,2.5226476192474365,1.772477149963379,1.0003390312194824,0.3007577657699585,1.0003390312194824,0.3007577657699585,1.1729400157928467,0.4383258819580078
444,282,0.250493586063385,-2.037533760070801,0.6201224210485816,0.6204417977482077,0.062856133244932,1.4125463962554932,1.6883060932159424,1.4125463962554932,1.6883060932159424,2.934377670288086,1.6883060932159424,0.8358950614929199,0.2128751277923584,0.8358950614929199,0.2128751277923584,1.2621005773544312,0.6004201173782349
445,282,-1.7382866144180298,-1.2043440341949463,0.23971478200207175,0.4261640138675769,0.3057506706689796,1.5271317958831787,0.5028993487358093,1.5271317958831787,0.5028993487358093,2.456845998764038,0.9071708917617798,0.6493958234786987,0.13331174850463867,0.6493958234786987,0.13331174850463867,0.8515329957008362,0.22202923893928528
446,282,-1.3115625381469727,-1.3572473526000977,0.5673428975977004,0.2401857601292432,0.2578097601979972,1.9612033367156982,0.8521966934204102,1.9612033367156982,0.8521966934204102,2.835977792739868,1.1446069478988647,0.8521966934204102,0.09772777557373047,0.8521966934204102,0.09772777557373047,1.053391456604004,0.204542875289917
447,282,-1.345112919807434,-1.1922985315322876,0.37993003778159634,0.33406434431672094,0.14559317372739322,1.4194700717926025,0.5597511529922485,1.4194700717926025,0.5597511529922485,2.695096492767334,1.093774676322937,0.5597511529922485,0.04343295097351074,0.5597511529922485,0.04343295097351074,0.8267629146575928,0.24553287029266357
448,282,-1.1843162775039673,-1.6058746576309204,0.43334740407764916,0.294107121117413,0.2010789415612817,0.6045260429382324,0.5868046283721924,0.6045260429382324,0.5868046283721924,1.13620924949646,1.1176518201828003,0.5868046283721924,0.35274338722229004,0.5868046283721924,0.35274338722229004,0.8522282242774963,0.582790732383728
449,282,-0.3941306173801422,-1.4599852561950684,0.39334447192649014,0.25817905927697815,0.09855687710146144,0.5788809657096863,0.5788809657096863,0.5788809657096863,0.5788809657096863,1.1310406923294067,1.0707151889801025,0.5788809657096863,0.2410954236984253,0.5788809657096863,0.2410954236984253,0.8247981071472168,0.45312023162841797
450,282,-0.7598002552986145,-1.0597885847091675,0.08076544944196917,0.24961268205195686,0.16731835156679153,0.7476298809051514,0.6496126651763916,0.7476298809051514,0.6496126651763916,1.2269072532653809,0.9313219785690308,0.4308810830116272,0.20710527896881104,0.4308810830116272,0.20710527896881104,0.5710420608520508,0.3582053780555725
451,282,-0.5150386691093445,-0.8966899514198303,0.18889451660215847,0.026024800315499197,0.10305344715714479,0.6104289293289185,0.40466636419296265,0.6104289293289185,0.40466636419296265,0.9593486785888672,0.7972199320793152,0.40466636419296265,0.17122548818588257,0.40466636419296265,0.17122548818588257,0.5158554315567017,0.27324095368385315
452,282,-1.0532691478729248,-0.7238355875015259,0.03934552524238846,0.07895596835762267,0.007169175446033738,0.387285977602005,0.5303102731704712,0.387285977602005,0.5303102731704712,0.7235057950019836,0.5303102731704712,0.2597097158432007,0.08144140243530273,0.2597097158432007,0.08144140243530273,0.39500999450683594,0.21555466949939728
453,282,-1.5582882165908813,-0.9873220920562744,0.3616312535355489,0.014287800093491898,0.0226228603969017,0.7868974804878235,0.4968491196632385,0.7868974804878235,0.4968491196632385,1.0004303455352783,0.8487644195556641,0.4968491196632385,0.18557476997375488,0.4968491196632385,0.18557476997375488,0.5761080980300903,0.2563912272453308
454,282,-0.5877776145935059,-1.2548519372940063,0.49611484338839856,0.24047285654892514,0.0355084860200684,1.322805404663086,0.743353009223938,1.322805404663086,0.743353009223938,1.9741485118865967,1.177742600440979,0.743353009223938,0.08972430229187012,0.743353009223938,0.08972430229187012,0.9605478048324585,0.281768262386322
455,282,0.06132768839597702,-1.1922348737716675,0.061464238348416966,0.334011830710806,0.09881720686331386,0.8551469445228577,0.8391875624656677,0.8551469445228577,0.8391875624656677,1.1139402389526367,1.0197118520736694,0.5293844938278198,0.2971556782722473,0.5293844938278198,0.2971556782722473,0.6216229200363159,0.39994797110557556
456,282,-2.736438751220703,-0.6554399132728577,0.28590311449331535,0.04376034209194257,0.19777755661557123,0.03305405378341675,0.03305405378341675,0.03305405378341675,0.03305405378341675,0.6225831508636475,0.5243440866470337,0.03305405378341675,0.2352430820465088,0.03305405378341675,0.2352430820465088,0.16310706734657288,0.3962201476097107
457,282,-0.6406518816947937,-1.3345308303833008,0.7989151169111328,0.21683737410853285,0.027564461367825532,2.3948211669921875,1.1026065349578857,2.3948211669921875,1.1026065349578857,2.3696036338806152,1.0753546953201294,1.1026065349578857,0.11306965351104736,1.1026065349578857,0.11306965351104736,1.0889806747436523,0.10360050201416016
458,282,-2.7940595149993896,-1.2120168209075928,0.08964260576913746,0.5572092360506454,0.1591714596872526,1.5788936614990234,1.0823910236358643,1.5788936614990234,1.0823910236358643,1.5684235095977783,1.0716218948364258,0.7603739500045776,0.3099021315574646,0.7603739500045776,0.3099021315574646,0.7551911473274231,0.30392786860466003
459,282,-1.4430853128433228,-1.915586233139038,0.7340703060291707,0.010879232753068013,0.34723285134881743,1.9728808403015137,0.9540941715240479,1.9728808403015137,0.9540941715240479,2.902226448059082,1.7792479991912842,0.9540941715240479,0.2203822135925293,0.9540941715240479,0.2203822135925293,1.239982008934021,0.46886634826660156
460,282,0.3324696123600006,-1.770758867263794,0.3810942590733368,0.5951575753961998,0.021698979424933484,1.5384268760681152,1.5246050357818604,1.5384268760681152,1.5246050357818604,2.7599141597747803,1.5246050357818604,0.8038917183876038,0.12002348899841309,0.8038917183876038,0.12002348899841309,1.1642483472824097,0.4187321662902832
461,282,-1.0551517009735107,-1.2129974365234375,0.3797938030461473,0.2931581843396031,0.4051733004053434,1.0141016244888306,1.0179247856140137,1.0141016244888306,1.0179247856140137,0.8350456953048706,1.0179247856140137,0.6500414609909058,0.6386239528656006,0.6500414609909058,0.6386239528656006,0.563104510307312,0.5492660403251648
462,282,-1.3766154050827026,-0.751328706741333,0.17974890333289884,0.39417273857941226,0.10464641489709425,0.13765615224838257,0.4297875463962555,0.13765615224838257,0.4297875463962555,1.1259512901306152,0.4297875463962555,0.13765615224838257,0.25077754259109497,0.13765615224838257,0.25077754259109497,0.2837218642234802,0.5367257595062256
463,282,-1.3038294315338135,-1.0705665349960327,0.29783946190339816,0.11944060214174262,0.2008474710645773,1.4345779418945312,0.5985476970672607,1.4345779418945312,0.5985476970672607,1.3627843856811523,0.9578036069869995,0.5985476970672607,0.3541356325149536,0.5985476970672607,0.3541356325149536,0.57243412733078,0.330079585313797
464,282,0.967424750328064,-1.4868457317352295,0.30743608328203353,0.20697876735279952,0.04664598255107799,0.7402263879776001,0.604544997215271,0.7402263879776001,0.604544997215271,1.4200494289398193,1.146643877029419,0.604544997215271,0.22716820240020752,0.604544997215271,0.22716820240020752,0.875594437122345,0.4651592969894409
465,282,-0.41601306200027466,-0.31649836897850037,0.8031560961840052,0.21724551549802232,0.10379521165663996,0.5243263244628906,0.5243263244628906,0.5243263244628906,0.5243263244628906,0.8438341617584229,0.002420961856842041,0.5243263244628906,0.28518539667129517,0.5243263244628906,0.28518539667129517,0.26337364315986633,0.5442323684692383
466,282,-1.292842149734497,-0.20571781694889069,0.05554853655397907,0.5324264784157277,0.10995813392102713,0.3320463299751282,0.13534633815288544,0.3320463299751282,0.13534633815288544,0.25417742133140564,0.07994766533374786,0.3320463299751282,0.20434018969535828,0.3320463299751282,0.20434018969535828,0.22299450635910034,0.3197013735771179
467,282,-0.3535562753677368,-0.7260239720344543,0.2758482531458142,0.037918287515640414,0.311533303782344,0.1484805941581726,0.6245937943458557,0.1484805941581726,0.6245937943458557,1.498570203781128,0.6245937943458557,0.1484805941581726,0.15206938982009888,0.1484805941581726,0.15206938982009888,0.30406808853149414,0.4736974835395813
468,282,-0.6679218411445618,-0.8767836689949036,0.10286344186713281,0.19164661342899014,0.07836618283142671,0.8677471876144409,0.6808310747146606,0.8677471876144409,0.6808310747146606,1.059749960899353,0.6808310747146606,0.49343520402908325,0.09044456481933594,0.49343520402908325,0.09044456481933594,0.5871331691741943,0.17975950241088867
469,282,-0.6371862292289734,-0.7458189725875854,0.005660653313001016,0.15301018478969716,0.053320497696598176,0.1198810338973999,0.42994293570518494,0.1198810338973999,0.42994293570518494,0.42874348163604736,0.6527249813079834,0.1198810338973999,0.3043102025985718,0.1198810338973999,0.3043102025985718,0.2231905162334442,0.42134130001068115
470,282,-0.01021021232008934,-0.7680500745773315,0.0004092963784931014,0.0412043584883213,0.09894200228154659,0.08027881383895874,0.6761747598648071,0.08027881383895874,0.6761747598648071,0.4626427888870239,0.6761747598648071,0.08027881383895874,0.32675784826278687,0.08027881383895874,0.32675784826278687,0.21083855628967285,0.4634849429130554
471,282,-0.19430755078792572,-0.40765565633773804,0.27799389546116215,0.047575693105657624,0.04792396230002255,0.005204975605010986,0.005204975605010986,0.005204975605010986,0.005204975605010986,0.24380573630332947,0.3492661416530609,0.005204975605010986,0.22649076581001282,0.005204975605010986,0.22649076581001282,0.06720668077468872,0.285248339176178
472,282,1.5364391803741455,-0.27716124057769775,0.22830892429687083,0.27078053817152986,0.09052024875767517,0.0036877989768981934,0.09848354756832123,0.0036877989768981934,0.09848354756832123,0.18861013650894165,0.09848354756832123,0.0036877989768981934,0.12066222727298737,0.0036877989768981934,0.12066222727298737,0.05108567327260971,0.16871920228004456
473,282,1.488561749458313,0.5599454045295715,1.0260191311438878,0.22667234433193995,0.18215156329174853,0.7255134582519531,0.7255134582519531,0.7255134582519531,0.7255134582519531,0.10986328125,0.6541652679443359,0.7255134582519531,0.002329587936401367,0.7255134582519531,0.002329587936401367,0.6898393630981445,0.03662353754043579
474,282,2.0509018898010254,1.0333359241485596,0.9909171099339922,0.7781158511837323,0.13636838750292868,0.606307864189148,0.6316192150115967,0.606307864189148,0.6316192150115967,1.0841139554977417,1.110342025756836,0.6316192150115967,0.025707125663757324,0.6316192150115967,0.025707125663757324,0.8709806203842163,0.20818543434143066
475,282,0.9797074794769287,1.4258651733398438,1.1277378727992375,0.6417786432554327,0.4271251577635604,0.7249022126197815,0.7249022126197815,0.7249022126197815,0.7249022126197815,0.9680502414703369,1.1573165655136108,0.7249022126197815,0.19566679000854492,0.7249022126197815,0.19566679000854492,0.9411094188690186,0.37813127040863037
476,282,0.8583225607872009,1.1803510189056396,0.7995886818257472,0.8577744396527609,0.3008608538222808,0.518210232257843,1.066651463508606,0.518210232257843,1.066651463508606,0.47265058755874634,1.066651463508606,0.518210232257843,0.16282343864440918,0.518210232257843,0.16282343864440918,0.7924308776855469,0.36610060930252075
477,282,1.6020994186401367,1.0553240776062012,0.779016972699513,0.6137256031980116,0.5310524583918355,0.11225175857543945,0.3621867299079895,0.11225175857543945,0.3621867299079895,0.13507914543151855,0.6990087032318115,0.3621867299079895,0.31588006019592285,0.3621867299079895,0.31588006019592285,0.5305976867675781,0.4891390800476074
478,282,1.199529767036438,1.0983164310455322,1.0633241949727137,0.572135895912846,0.32520785902937277,0.7426327466964722,0.7426327466964722,0.7426327466964722,0.7426327466964722,0.7779055833816528,1.0300108194351196,0.7426327466964722,0.17061281204223633,0.7426327466964722,0.17061281204223633,0.8863217830657959,0.3046051263809204
479,282,1.6773585081100464,1.1062628030776978,0.8294942806412776,0.8167196834211549,0.4095283638810119,0.19764578342437744,0.3385812044143677,0.19764578342437744,0.3385812044143677,0.6555442810058594,0.8466463088989258,0.3385812044143677,0.127890944480896,0.3385812044143677,0.127890944480896,0.5926137566566467,0.3410428762435913
480,282,0.6585118174552917,1.1711325645446777,1.0564721670870978,0.5824644603331883,0.3456560622279845,0.6807858347892761,0.6807858347892761,0.6807858347892761,0.6807858347892761,0.8777183890342712,1.0280150175094604,0.6807858347892761,0.23546743392944336,0.6807858347892761,0.23546743392944336,0.8544003963470459,0.39215177297592163
481,282,1.6887842416763306,0.9291455745697021,0.6226202135719356,0.8165569236502055,0.37121155360713587,0.4292052090167999,0.7351123094558716,0.4292052090167999,0.7351123094558716,0.2795172333717346,0.7351123094558716,0.4292052090167999,0.1533411741256714,0.4292052090167999,0.1533411741256714,0.5821587443351746,0.2912234663963318
482,282,2.2628729343414307,1.1306207180023193,1.020692520663142,0.4782626695558432,0.4572138768061995,0.6538546681404114,0.6538546681404114,0.6538546681404114,0.6538546681404114,0.5423805713653564,0.8923763632774353,0.6538546681404114,0.3104270100593567,0.6538546681404114,0.3104270100593567,0.7731155157089233,0.4051731824874878
483,282,1.0723152160644531,1.3134561777114868,1.20190186055998,0.7170987154046697,0.2671900090823569,0.7172402143478394,0.7172402143478394,0.7172402143478394,0.7172402143478394,1.0295504331588745,1.2307404279708862,0.7172402143478394,0.09019827842712402,0.7172402143478394,0.09019827842712402,0.9739903211593628,0.28677159547805786
484,282,0.4966675937175751,1.1822772026062012,0.7974918729191025,0.8464309895162778,0.38707269308467707,0.4785836935043335,0.9979089498519897,0.4785836935043335,0.9979089498519897,0.42971956729888916,0.9979089498519897,0.4785836935043335,0.18468904495239258,0.4785836935043335,0.18468904495239258,0.7382463216781616,0.41313016414642334
485,282,1.023965835571289,0.8270016312599182,0.532957404702902,0.5788174756430089,0.5623882344551383,0.016869843006134033,0.3923954665660858,0.016869843006134033,0.3923954665660858,0.2090802788734436,0.7838550209999084,0.2104284167289734,0.1455630660057068,0.2104284167289734,0.1455630660057068,0.38502874970436096,0.2813311219215393
486,282,1.4123470783233643,0.6878986954689026,0.8170482989648977,0.4315899538497129,0.3293926497052113,0.4141680598258972,0.437427818775177,0.4141680598258972,0.437427818775177,0.39140015840530396,0.5932978987693787,0.437427818775177,0.13339483737945557,0.437427818775177,0.13339483737945557,0.5153628587722778,0.20924854278564453
487,282,2.927389144897461,0.8797643780708313,0.9598039347367983,0.6013387186514834,0.26067549637208387,0.4741400182247162,0.4741400182247162,0.4741400182247162,0.4741400182247162,0.6647784113883972,0.8050029277801514,0.4741400182247162,0.045090436935424805,0.4741400182247162,0.045090436935424805,0.639571487903595,0.16733521223068237
488,282,1.4074050188064575,1.1923519372940063,1.1157161134233076,0.6279895654631158,0.34794162667666884,0.5713131427764893,0.5713131427764893,0.5713131427764893,0.5713131427764893,0.5534631013870239,0.9395819902420044,0.5713131427764893,0.07786130905151367,0.5713131427764893,0.07786130905151367,0.7554475665092468,0.18073228001594543
489,282,1.9511545896530151,1.2644429206848145,0.9284083524098001,0.8540766097356878,0.3745022146900494,0.029178857803344727,0.5244278907775879,0.029178857803344727,0.5244278907775879,0.46358799934387207,1.1173171997070312,0.5244278907775879,0.138291597366333,0.5244278907775879,0.138291597366333,0.8208725452423096,0.41427889466285706
490,282,0.768196702003479,1.317072868347168,1.0137663143873215,0.6284910887852311,0.48849172640591876,0.20861530303955078,0.5485703945159912,0.20861530303955078,0.5485703945159912,0.18905222415924072,0.9574202299118042,0.5485703945159912,0.3245415687561035,0.5485703945159912,0.3245415687561035,0.7529953122138977,0.4797455370426178
491,282,3.874790906906128,1.0152019262313843,0.7146437426780662,0.7972289578740798,0.3486979929109413,0.4251766800880432,0.776223361492157,0.4251766800880432,0.776223361492157,0.26441454887390137,0.776223361492157,0.4251766800880432,0.14159679412841797,0.4251766800880432,0.14159679412841797,0.6007000207901001,0.2967402935028076
492,282,4.111821174621582,1.4969897270202637,1.4671522456717985,0.4598376366247734,0.43069909110044446,1.0645971298217773,1.0645971298217773,1.0645971298217773,1.0645971298217773,0.7131292819976807,1.2911059856414795,1.0645971298217773,0.28556931018829346,1.0645971298217773,0.28556931018829346,1.1778515577316284,0.3562389612197876
493,141,3.4664804935455322,1.490807294845581,1.032852473134796,1.067506838614742,0.5007705522576966,0.27113211154937744,0.6170400977134705,0.27113211154937744,0.6170400977134705,0.5456927418708801,0.6170400977134705,0.29892003536224365,0.060326457023620605,0.29892003536224365,0.060326457023620605,0.45798006653785706,0.12804043292999268
494,141,3.5539498329162598,2.0089285373687744,1.055481397633751,1.1203116713960968,0.8446760162462792,0.24215984344482422,0.5928130149841309,0.24215984344482422,0.5928130149841309,0.45799732208251953,0.5928130149841309,0.24215984344482422,0.18890714645385742,0.24215984344482422,0.18890714645385742,0.41748642921447754,0.32566124200820923
495,282,2.7056326866149902,2.2351460456848145,1.619966103533904,0.9569730807344121,0.4772714017952482,0.7950441837310791,1.0979859828948975,0.7950441837310791,1.0979859828948975,1.3978424072265625,1.9703021049499512,1.0979859828948975,0.37697291374206543,1.0979859828948975,0.37697291374206543,1.5341440439224243,0.6646023988723755
496,282,3.472738027572632,2.242459774017334,1.7190028593565025,1.0025368694184973,0.38210743698912353,0.8469893932342529,1.3822009563446045,0.8469893932342529,1.3822009563446045,1.637035608291626,2.224606513977051,1.3822009563446045,0.3016914129257202,1.3822009563446045,0.3016914129257202,1.8034037351608276,0.649196445941925
497,282,2.9893014430999756,2.018474578857422,1.4216141518826282,0.8622819656009479,0.5023033723483485,0.7415547370910645,0.7778767347335815,0.7415547370910645,0.7778767347335815,1.1655561923980713,1.5466564893722534,0.7778767347335815,0.22987592220306396,0.7778767347335815,0.22987592220306396,1.1622666120529175,0.48446083068847656
498,282,0.45973724126815796,2.280381917953491,1.498330334580193,1.007427853333453,0.47994989839072044,0.8331390619277954,1.1010551452636719,0.8331390619277954,1.1010551452636719,1.675292730331421,1.946284294128418,1.1010551452636719,0.3069034814834595,1.1010551452636719,0.3069034814834595,1.523669719696045,0.665805995464325
499,282,0.20123261213302612,0.8896756172180176,0.4794088866468518,0.8772360657621174,0.19482872474007307,0.5115466117858887,0.956855297088623,0.5115466117858887,0.956855297088623,0.7591607570648193,0.956855297088623,0.6820442080497742,0.04836916923522949,0.6820442080497742,0.04836916923522949,0.819449782371521,0.17473453283309937
500,282,1.7057363986968994,0.488330602645874,0.37831836136678865,0.4088290586943428,0.4103379413361349,0.23800253868103027,0.5092668533325195,0.23800253868103027,0.5092668533325195,0.2504476308822632,0.5092668533325195,0.23800253868103027,0.12122416496276855,0.23800253868103027,0.12122416496276855,0.319046288728714,0.20805323123931885
501,141,0.2852063477039337,1.3731882572174072,1.0185494247940372,0.5004228337947276,0.5906042173295281,0.48927533626556396,0.48927533626556396,0.48927533626556396,0.48927533626556396,0.28483664989471436,0.7909653782844543,0.48927533626556396,0.0490565299987793,0.48927533626556396,0.0490565299987793,0.5822590589523315,0.10374563932418823
502,282,-0.8007459044456482,0.8191798329353333,0.39994942238554365,0.8290939640253782,0.21346885668113824,0.5644276142120361,0.7219153642654419,0.5644276142120361,0.7219153642654419,0.018375158309936523,0.7219153642654419,0.5644276142120361,0.030707359313964844,0.5644276142120361,0.030707359313964844,0.643171489238739,0.10761761665344238
503,282,-0.9440330266952515,-0.09587079286575317,0.0850712655174235,0.3022080643785495,0.4318168816839657,0.274902880191803,0.040452614426612854,0.274902880191803,0.040452614426612854,0.08025053888559341,0.040452614426612854,0.274902880191803,0.412178635597229,0.274902880191803,0.412178635597229,0.32682210206985474,0.3669087290763855
504,282,-2.9670982360839844,-0.7538056373596191,0.21288865897804482,0.011277770549058985,0.24688808497041465,0.06383317708969116,0.7448733448982239,0.06383317708969116,0.7448733448982239,1.1168498992919922,0.7448733448982239,0.06383317708969116,0.29262250661849976,0.06383317708969116,0.29262250661849976,0.2426213175058365,0.5462785959243774
505,141,-0.23805448412895203,-1.7256220579147339,0.744213752274712,0.15604336676498254,0.04234057595332452,2.116839647293091,1.0627214908599854,2.116839647293091,1.0627214908599854,2.554720640182495,1.6197800636291504,1.0627214908599854,0.29843997955322266,1.0627214908599854,0.29843997955322266,1.3412507772445679,0.5041756629943848
506,141,-4.385645866394043,-2.0225512981414795,0.023153554384286235,0.8794507932694009,0.15701400720824799,2.8596835136413574,1.6129766702651978,2.8596835136413574,1.6129766702651978,3.203421115875244,2.3892338275909424,1.469635248184204,0.07500386238098145,1.469635248184204,0.07500386238098145,1.8660964965820312,0.29242026805877686
507,282,-1.3858466148376465,-1.9273016452789307,0.8277177381515501,0.13971529327332965,0.3555714478343728,2.6859042644500732,1.0767171382904053,2.6859042644500732,1.0767171382904053,3.608616352081299,1.901157259941101,1.0767171382904053,0.06614851951599121,1.0767171382904053,0.06614851951599121,1.4380948543548584,0.30971843004226685
508,282,0.8097125291824341,-1.8409459590911865,0.27575359416349454,0.7676010853160795,0.13300982390840832,1.8573791980743408,1.6371415853500366,1.8573791980743408,1.6371415853500366,3.0839805603027344,1.6371415853500366,1.0352389812469482,0.05444824695587158,1.0352389812469482,0.05444824695587158,1.3361902236938477,0.3120182752609253
509,282,-0.8338671922683716,-1.029496431350708,0.6357922367751596,0.19649363616481397,0.5908064838312567,0.38009488582611084,0.38009488582611084,0.38009488582611084,0.38009488582611084,0.8676202893257141,0.9284707903862,0.38009488582611084,0.5864995718002319,0.38009488582611084,0.5864995718002319,0.4153515696525574,0.9598860144615173
510,282,-0.8548622727394104,-0.5028449892997742,0.14475328754633687,0.6253352841362356,0.05209724351763678,0.29211825132369995,0.18025654554367065,0.29211825132369995,0.18025654554367065,1.0563836097717285,0.18025654554367065,0.29211825132369995,0.21042555570602417,0.29211825132369995,0.21042555570602417,0.2361873984336853,0.45503491163253784
511,282,-0.7389159202575684,-0.7063047885894775,0.14894066728651523,0.049974458329379634,0.37921882409602414,0.17159003019332886,0.5936147570610046,0.17159003019332886,0.5936147570610046,1.1452661752700806,0.5936147570610046,0.17159003019332886,0.28321659564971924,0.17159003019332886,0.28321659564971924,0.22096408903598785,0.49884364008903503
512,282,-2.016880512237549,-0.9641574025154114,0.08225398046274982,0.04789630090196932,0.05548961284259962,0.36050665378570557,0.36050665378570557,0.36050665378570557,0.36050665378570557,0.5274001955986023,0.8623854517936707,0.36050665378570557,0.33698028326034546,0.36050665378570557,0.33698028326034546,0.4381334185600281,0.39406758546829224
513,282,-1.355137586593628,-1.4249987602233887,0.49878587457040924,0.020961240058144037,0.022322341104348276,1.4767988920211792,0.7871902585029602,1.4767988920211792,0.7871902585029602,1.6900441646575928,1.2463990449905396,0.7871902585029602,0.2410827875137329,0.7871902585029602,0.2410827875137329,0.8722480535507202,0.3063002824783325
514,282,-0.6048353314399719,-1.6143816709518433,0.2964060917186241,0.39669920255119584,0.06054093593110621,1.1345288753509521,1.362725019454956,1.1345288753509521,1.362725019454956,2.148829460144043,1.362725019454956,0.7229838371276855,0.18809103965759277,0.7229838371276855,0.18809103965759277,1.0428544282913208,0.4844462275505066
515,282,0.20663954317569733,-1.3861494064331055,0.021610358978311095,0.19788911757369812,0.252177348335584,0.7894487977027893,1.2893345355987549,0.7894487977027893,1.2893345355987549,1.4987508058547974,1.2893345355987549,0.4818792939186096,0.2385725975036621,0.4818792939186096,0.2385725975036621,0.7315428256988525,0.4936217665672302
516,282,-0.9992375373840332,-0.5148442983627319,0.34868174108366157,0.08390794078509023,0.08861835760374881,0.10491037368774414,0.10491037368774414,0.10491037368774414,0.10491037368774414,0.411588191986084,0.40525659918785095,0.10491037368774414,0.24293842911720276,0.10491037368774414,0.24293842911720276,0.139916330575943,0.3806344270706177
517,282,1.698604941368103,-0.5357435941696167,0.19928841793288785,0.36470642408976944,0.1113894935945671,0.0723806619644165,0.40792033076286316,0.0723806619644165,0.40792033076286316,1.0026336908340454,0.40792033076286316,0.0723806619644165,0.09991925954818726,0.0723806619644165,0.09991925954818726,0.24015049636363983,0.3488497734069824
518,282,1.1059482097625732,0.4740246832370758,1.1700045738431315,0.08985835024466104,0.2541316419156887,0.8689515590667725,0.8689515590667725,0.8689515590667725,0.8689515590667725,0.701763391494751,0.5560967326164246,0.8689515590667725,0.3435758054256439,0.8689515590667725,0.3435758054256439,0.889110803604126,0.3253822326660156
519,282,1.5098693370819092,0.8723816871643066,0.7936063361540435,0.8306944869272411,0.013379269372671754,0.5458287596702576,1.095313549041748,0.5458287596702576,1.095313549041748,0.7922413945198059,1.095313549041748,0.5458287596702576,0.14776766300201416,0.5458287596702576,0.14776766300201416,0.8205711841583252,0.2816649079322815
520,282,0.5555718541145325,1.2039451599121094,1.0473725858082377,0.5701443145175775,0.4054718911399442,0.6201872229576111,0.714337944984436,0.6201872229576111,0.714337944984436,0.7555782794952393,1.0339893102645874,0.714337944984436,0.14916455745697021,0.714337944984436,0.14916455745697021,0.8741636276245117,0.3060106337070465
521,282,1.6049911975860596,1.0186564922332764,0.6017787916213273,0.8294101207330825,0.3992608534172175,0.49816715717315674,0.8052177429199219,0.49816715717315674,0.8052177429199219,0.29395627975463867,0.8052177429199219,0.49816715717315674,0.17172253131866455,0.49816715717315674,0.17172253131866455,0.6516924500465393,0.3158806562423706
522,282,1.1625348329544067,1.1934053897857666,1.1652392508027454,0.46060050499935956,0.47150854098921047,0.7867777347564697,0.7867777347564697,0.7867777347564697,0.7867777347564697,1.0657176971435547,1.333755612373352,0.7867777347564697,0.19445008039474487,0.7867777347564697,0.19445008039474487,0.9384012818336487,0.33714860677719116
523,282,0.9757714867591858,1.1093523502349854,0.9119322837765019,0.7883035887653629,0.22355679693321395,0.367938756942749,0.6098602414131165,0.367938756942749,0.6098602414131165,0.8322967290878296,1.0712099075317383,0.6098602414131165,0.06021451950073242,0.6098602414131165,0.06021451950073242,0.840535044670105,0.2955421209335327
524,282,2.627244710922241,1.216323971748352,0.9332018359626331,0.7036090787748497,0.3824482706064982,0.19461452960968018,0.5848128795623779,0.19461452960968018,0.5848128795623779,0.437296986579895,1.0209685564041138,0.5848128795623779,0.23557448387145996,0.5848128795623779,0.23557448387145996,0.8028907179832458,0.4515301585197449
525,282,0.6341314315795898,1.608415126800537,1.4745993592093387,0.6382376670713228,0.3454753787691396,1.1972941160202026,1.1972941160202026,1.1972941160202026,1.1972941160202026,1.0295263528823853,1.5420467853546143,1.1972941160202026,0.18843567371368408,1.1972941160202026,0.18843567371368408,1.3696703910827637,0.3326972723007202
526,282,0.49945440888404846,1.1610270738601685,0.6535783204063772,0.9945400917902587,0.3335326506942511,0.6157108545303345,0.961724042892456,0.6157108545303345,0.961724042892456,0.01961386203765869,0.961724042892456,0.6157108545303345,0.11362326145172119,0.6157108545303345,0.11362326145172119,0.7887174487113953,0.2663712203502655
527,282,1.6612176895141602,0.8528990745544434,0.6283320121342937,0.5536619793499509,0.5638026296595731,0.5573278665542603,0.2504156231880188,0.5573278665542603,0.2504156231880188,0.2602609395980835,0.8328626751899719,0.2504156231880188,0.23466330766677856,0.2504156231880188,0.23466330766677856,0.40535807609558105,0.4029877781867981
528,282,2.7543859481811523,1.1479251384735107,1.1213906166950864,0.5341970203692712,0.38059208816538237,0.6653133630752563,0.6653133630752563,0.6653133630752563,0.6653133630752563,0.44532310962677,0.8705302476882935,0.6653133630752563,0.1210029125213623,0.6653133630752563,0.1210029125213623,0.7679218053817749,0.20533889532089233
529,282,-0.24629981815814972,1.584359884262085,1.4605020865363378,0.770886404470851,0.2787252704178296,0.9404463768005371,0.9404463768005371,0.9404463768005371,0.9404463768005371,1.090197205543518,1.5052485466003418,0.9404463768005371,0.07752859592437744,0.9404463768005371,0.07752859592437744,1.2228474617004395,0.26846081018447876
530,282,2.0275039672851562,0.8195933699607849,0.22866013772785654,1.0545142867229882,0.43061297124251685,0.6873186826705933,0.5583977103233337,0.6873186826705933,0.5583977103233337,0.761692464351654,0.8323118090629578,0.6873186826705933,0.1167483925819397,0.6873186826705933,0.1167483925819397,0.8246884346008301,0.10617688298225403
531,282,2.1251730918884277,1.2508071660995483,1.2526492694516977,0.23521682971467595,0.6335160663848121,0.5883720517158508,0.9899356961250305,0.5883720517158508,0.9899356961250305,0.9805211424827576,1.2527694702148438,0.9899356961250305,0.07808566093444824,0.9899356961250305,0.07808566093444824,1.1693476438522339,0.2057880461215973
532,282,1.8703571557998657,1.4504534006118774,1.328087231790026,0.8682399733488757,0.11487590321650121,0.8490695953369141,0.8490695953369141,0.8490695953369141,0.8490695953369141,1.478865146636963,1.520005702972412,0.8490695953369141,0.04813861846923828,0.8490695953369141,0.04813861846923828,1.184537649154663,0.26544761657714844
533,282,1.979621410369873,1.75845468044281,1.2248120968913039,0.9147314946105083,0.46776058757056793,0.6997227668762207,0.8402919769287109,0.6997227668762207,0.8402919769287109,1.3074661493301392,1.4601675271987915,0.8402919769287109,0.2592296600341797,0.8402919769287109,0.2592296600341797,1.1502296924591064,0.5577054023742676
534,282,2.674675941467285,1.8198740482330322,1.30955324942867,0.8292408778021734,0.4551470843205845,0.8956668376922607,0.9835811853408813,0.8956668376922607,0.9835811853408813,1.3799686431884766,1.5639541149139404,0.9835811853408813,0.30273139476776123,0.9835811853408813,0.30273139476776123,1.2737677097320557,0.5776047110557556
535,282,3.1233203411102295,1.9680380821228027,1.5563576280574005,0.8453882814819613,0.41135092674444085,1.1683447360992432,1.1683447360992432,1.1683447360992432,1.1683447360992432,1.5327764749526978,1.809624195098877,1.1683447360992432,0.2525911331176758,1.1683447360992432,0.2525911331176758,1.48898446559906,0.5209047794342041
536,282,2.292642593383789,2.2240822315216064,1.5335060555115345,0.9810265207663176,0.5213222707808018,1.0735009908676147,1.0735009908676147,1.0735009908676147,1.0735009908676147,1.7439335584640503,1.9433505535125732,1.0735009908676147,0.32209300994873047,1.0735009908676147,0.32209300994873047,1.5084257125854492,0.6466889977455139
537,282,4.043981075286865,2.2194395065307617,1.4287483981065452,0.9932276147417727,0.4537582683935759,0.6390590667724609,1.1256109476089478,0.6390590667724609,1.1256109476089478,1.4779715538024902,2.0121545791625977,1.1256109476089478,0.306308388710022,1.1256109476089478,0.306308388710022,1.568882703781128,0.6846209764480591
538,282,1.9066082239151,2.160548448562622,1.5701793671026822,0.77225772254169,0.4673975056782367,1.1849331855773926,1.1849331855773926,1.1849331855773926,1.1849331855773926,1.3052769899368286,1.8780933618545532,1.1849331855773926,0.3227027654647827,1.1849331855773926,0.3227027654647827,1.5315132141113281,0.5485385060310364
539,282,3.1072399616241455,2.2251038551330566,1.2089887541532514,1.1625114442780615,0.48118142809718867,0.07520294189453125,0.9291665554046631,0.07520294189453125,0.9291665554046631,0.8758857250213623,1.9633104801177979,0.9291665554046631,0.35082387924194336,0.9291665554046631,0.35082387924194336,1.4462385177612305,0.8678346872329712
540,282,4.235689163208008,2.343554973602295,1.697444748853644,0.8288132859518129,0.5027227244277799,0.8271474838256836,1.3706886768341064,0.8271474838256836,1.3706886768341064,0.7709349393844604,2.0911705493927,1.3706886768341064,0.40067386627197266,1.3706886768341064,0.40067386627197266,1.7309296131134033,0.6774652004241943
541,282,4.770397663116455,2.5598771572113037,1.7740995532491555,1.0196151831404618,0.4250950427663822,1.2025837898254395,1.2025837898254395,1.2025837898254395,1.2025837898254395,1.725872278213501,2.2377283573150635,1.2025837898254395,0.24781107902526855,1.2025837898254395,0.24781107902526855,1.7201560735702515,0.5813964605331421
542,282,2.7079529762268066,2.9059977531433105,1.8485209403807916,1.090313843653227,0.5544268557305139,1.1840050220489502,1.1840050220489502,1.1840050220489502,1.1840050220489502,2.076793670654297,2.3231630325317383,1.1840050220489502,0.3186221122741699,1.1840050220489502,0.3186221122741699,1.7535840272903442,0.6975469589233398
543,141,5.947938442230225,2.3779218196868896,0.9392356641714762,0.8749013905351366,0.5807437866677847,0.05552172660827637,0.4716796875,0.05552172660827637,0.4716796875,0.5684242248535156,1.2664282321929932,0.4716796875,0.2922792434692383,0.4716796875,0.2922792434692383,0.8690539598464966,0.7009910345077515
544,282,1.6816569566726685,3.0021443367004395,2.09322347416232,0.8802583135540281,0.6091998441020654,1.4528874158859253,1.4528874158859253,1.4528874158859253,1.4528874158859253,1.3234072923660278,2.5492606163024902,1.4528874158859253,0.4896676540374756,1.4528874158859253,0.4896676540374756,2.0010740756988525,0.8036601543426514
545,141,5.662985801696777,2.1646604537963867,0.6438004996472348,1.0132544548328348,0.4893486127148692,0.7090468406677246,1.338918685913086,0.7090468406677246,1.338918685913086,0.34338629245758057,1.338918685913086,0.7090468406677246,0.28997504711151123,0.7090468406677246,0.28997504711151123,1.0239827632904053,0.5497992038726807
546,141,3.9573936462402344,2.545933723449707,1.2196637871116405,0.47383448652923055,0.7800105498731138,0.5872060060501099,0.6807891130447388,0.5872060060501099,0.6807891130447388,1.5725008249282837,2.6323018074035645,0.6807891130447388,0.16852521896362305,0.6807891130447388,0.16852521896362305,1.201752781867981,0.5051533579826355
547,282,4.142152309417725,3.2365570068359375,2.1150346817076207,1.3953341828286645,0.3624625259637835,0.7937502861022949,1.8338115215301514,0.7937502861022949,1.8338115215301514,2.102768898010254,3.177509069442749,1.8338115215301514,0.24743366241455078,1.8338115215301514,0.24743366241455078,2.50566029548645,0.8454790115356445
548,141,3.5779690742492676,2.665393590927124,1.1936921535183986,0.7062587094058592,0.5283280131717523,0.35080933570861816,0.8474105596542358,0.35080933570861816,0.8474105596542358,0.5826010704040527,1.7677339315414429,0.8474105596542358,0.295560359954834,0.8474105596542358,0.295560359954834,1.3075722455978394,0.6705129146575928
549,282,3.503993034362793,3.144885301589966,1.901307757571339,1.1755502649396663,0.6106746761500839,1.0914814472198486,1.4196197986602783,1.0914814472198486,1.4196197986602783,2.3453774452209473,2.6838793754577637,1.4196197986602783,0.4504575729370117,1.4196197986602783,0.4504575729370117,2.0517497062683105,0.9765112400054932
550,282,2.9586734771728516,3.353720188140869,1.8775248010456562,1.2952835571765897,0.6729341153800488,1.0377569198608398,1.3826524019241333,1.0377569198608398,1.3826524019241333,2.3476922512054443,3.087681770324707,1.3826524019241333,0.6136975288391113,1.3826524019241333,0.6136975288391113,2.2351670265197754,1.1602582931518555
551,282,2.732548236846924,2.946650743484497,1.7598842732049524,1.1781926076859233,0.6179588827677076,1.0233917236328125,1.3895939588546753,1.0233917236328125,1.3895939588546753,2.2131872177124023,2.610110282897949,1.3895939588546753,0.5150737762451172,1.3895939588546753,0.5150737762451172,1.999852180480957,1.0174483060836792
552,282,3.8908164501190186,2.734130620956421,1.7590879198846716,1.1341313190323608,0.5490877948453035,0.9748395681381226,1.4618362188339233,0.9748395681381226,1.4618362188339233,1.8610186576843262,2.5724892616271973,1.4618362188339233,0.5367357730865479,1.4618362188339233,0.5367357730865479,2.017162799835205,0.9797762036323547
553,282,1.9156162738800049,2.973409652709961,2.0275446557750305,1.0250508000453318,0.5676490394522746,1.6127642393112183,1.6127642393112183,1.6127642393112183,1.6127642393112183,2.2123584747314453,2.6490700244903564,1.6127642393112183,0.44312334060668945,1.6127642393112183,0.44312334060668945,2.1309170722961426,0.8340902924537659
554,282,1.3457868099212646,2.735387086868286,1.3730353687455255,1.413343054031332,0.5440740894277893,1.285044550895691,2.53088116645813,1.285044550895691,2.53088116645813,1.2516902685165405,2.53088116645813,1.285044550895691,0.5041747093200684,1.285044550895691,0.5041747093200684,1.9079627990722656,1.0620766878128052
555,282,1.636615514755249,1.9473090171813965,1.069497002487381,0.8996869615217054,0.5667467719068129,0.6129336357116699,0.8603194952011108,0.6129336357116699,0.8603194952011108,0.6295170783996582,1.6425580978393555,0.8603194952011108,0.521949052810669,0.8603194952011108,0.521949052810669,1.251438856124878,0.8783626556396484
556,282,1.1626293659210205,1.7222071886062622,1.3062461720655358,0.6466400338585176,0.37162752492974227,0.9151884317398071,1.10814368724823,0.9151884317398071,1.10814368724823,1.2102055549621582,1.611883282661438,1.10814368724823,0.2967195510864258,1.10814368724823,0.2967195510864258,1.360013484954834,0.5526139140129089
557,282,1.015744924545288,1.4231292009353638,0.9778657947170238,0.7729288400771718,0.29080473354707137,0.43122345209121704,0.7447059154510498,0.43122345209121704,0.7447059154510498,1.0023953914642334,1.3033338785171509,0.7447059154510498,0.20380377769470215,0.7447059154510498,0.20380377769470215,1.0240199565887451,0.4851076304912567
558,282,1.419625163078308,1.2319271564483643,0.8572832163299122,0.6235423058147231,0.33463329369823147,0.25337445735931396,0.6610668897628784,0.25337445735931396,0.6610668897628784,0.5008029937744141,1.0773558616638184,0.6610668897628784,0.2244194746017456,0.6610668897628784,0.2244194746017456,0.8692113757133484,0.4380795955657959
559,282,1.3371663093566895,1.457967758178711,1.1417657574017843,0.620948848028978,0.33646714289983093,0.8848718404769897,0.8848718404769897,0.8848718404769897,0.8848718404769897,1.1509966850280762,1.3351577520370483,0.8848718404769897,0.156402587890625,0.8848718404769897,0.156402587890625,1.110014796257019,0.3799346089363098
560,282,1.8141673803329468,1.4463905096054077,1.0693142060438792,0.7190822371716301,0.3328940524781743,0.7903014421463013,0.8409573435783386,0.7903014421463013,0.8409573435783386,1.268301248550415,1.3183472156524658,0.8409573435783386,0.15717196464538574,0.8409573435783386,0.15717196464538574,1.0796523094177246,0.40553000569343567
561,282,2.1336863040924072,1.4580869674682617,1.170235953827699,0.6387283426274855,0.4001518779744706,0.985448956489563,0.985448956489563,0.985448956489563,0.985448956489563,1.261781930923462,1.4188940525054932,0.985448956489563,0.2716280221939087,0.985448956489563,0.2716280221939087,1.2021715641021729,0.48554182052612305
562,282,1.6966654062271118,2.0133414268493652,1.4703065645818911,0.7153500404333073,0.3098567334314186,1.3142008781433105,1.3142008781433105,1.3142008781433105,1.3142008781433105,1.7640351057052612,1.8664932250976562,1.3142008781433105,0.22129535675048828,1.3142008781433105,0.22129535675048828,1.5903470516204834,0.509651780128479
563,282,1.5551434755325317,1.918776512145996,1.247375182186564,0.9352106325452523,0.42671100669850937,0.7312287092208862,1.007029414176941,0.7312287092208862,1.007029414176941,1.510650634765625,1.779900074005127,1.007029414176941,0.3164389133453369,1.007029414176941,0.3164389133453369,1.3934648036956787,0.7038311958312988
564,399,1.4734686613082886,1.8603036403656006,0.8847613544265429,0.7139208776752154,0.4925193199018638,0.5355596542358398,0.8868103623390198,0.5355596542358398,0.8868103623390198,1.0480902194976807,1.5664727687835693,0.8868103623390198,0.49977874755859375,0.8868103623390198,0.49977874755859375,1.2266415357589722,0.8274095058441162
565,399,3.6067938804626465,1.8068791627883911,0.8814837378946442,0.5883953456332287,0.38742682903384185,0.7019510269165039,0.8377153277397156,0.7019510269165039,0.8377153277397156,1.2737226486206055,1.4583172798156738,0.8377153277397156,0.3916749954223633,0.8377153277397156,0.3916749954223633,1.148016333580017,0.6864141225814819
566,399,0.884432315826416,2.244328022003174,1.515166958409051,0.5549130935097732,0.31626357170442754,1.4111523628234863,1.4111523628234863,1.4111523628234863,1.4111523628234863,1.1808222532272339,1.9744828939437866,1.4111523628234863,0.3024430274963379,1.4111523628234863,0.3024430274963379,1.6928176879882812,0.5285754203796387
567,399,2.4405152797698975,1.7543467283248901,0.568816820476204,1.0952237648330632,0.3014625860750675,1.1673099994659424,1.6416542530059814,1.1673099994659424,1.6416542530059814,0.27757859230041504,1.6416542530059814,1.1673099994659424,0.30891871452331543,1.1673099994659424,0.30891871452331543,1.404482126235962,0.567956805229187
568,399,1.7735880613327026,2.02522349357605,1.1288413237989876,0.40302803415572264,0.6839327758736911,0.5862261056900024,1.1767133474349976,0.5862261056900024,1.1767133474349976,1.3331074714660645,2.160673141479492,1.1767133474349976,0.3676692247390747,1.1767133474349976,0.3676692247390747,1.5231720209121704,0.7141445279121399
569,399,1.5638580322265625,1.89458167552948,0.9571956381698451,0.8344403886174161,0.2080693775539595,0.5381219387054443,0.9393936395645142,0.5381219387054443,0.9393936395645142,1.4858393669128418,1.8558889627456665,0.9393936395645142,0.24930799007415771,0.9393936395645142,0.24930799007415771,1.3976413011550903,0.6756517291069031
570,399,2.402639865875244,1.8325001001358032,0.9099819681669277,0.706508436972896,0.5088307806725303,0.33491969108581543,0.8343436121940613,0.33491969108581543,0.8343436121940613,0.7496923208236694,1.5202914476394653,0.8343436121940613,0.5183955430984497,0.8343436121940613,0.5183955430984497,1.177317500114441,0.8365393280982971
571,399,2.395200729370117,1.955652117729187,1.2445231593151889,0.6363066617896156,0.3699674419810375,1.2822086811065674,1.2822086811065674,1.2822086811065674,1.2822086811065674,1.5400891304016113,1.8530383110046387,1.2822086811065674,0.36127734184265137,1.2822086811065674,0.36127734184265137,1.567623496055603,0.6283445954322815
572,399,-0.2553180456161499,2.0879664421081543,1.1103764198223751,0.8391263219962515,0.40384033429125954,1.0432500839233398,1.0473406314849854,1.0432500839233398,1.0473406314849854,1.912513256072998,1.9162728786468506,1.0473406314849854,0.3739151954650879,1.0473406314849854,0.3739151954650879,1.481806755065918,0.7675235271453857
573,399,0.7764776349067688,0.8467109203338623,0.08381335263450951,0.7562534871945779,0.33346507238845036,0.8053109645843506,0.6768352389335632,0.8053109645843506,0.6768352389335632,1.036672830581665,0.9103794693946838,0.8078300952911377,0.14345580339431763,0.8078300952911377,0.14345580339431763,0.9234492182731628,0.17850476503372192
574,399,0.27256155014038086,0.5223174095153809,0.35369194885094957,0.03557768869834632,0.3861561596983423,0.3181203007698059,0.6057989001274109,0.3181203007698059,0.6057989001274109,0.0725448727607727,0.6057989001274109,0.3181203007698059,0.08509862422943115,0.3181203007698059,0.08509862422943115,0.500158429145813,0.19004642963409424
575,141,0.8842107653617859,-0.5015459060668945,0.4042185164491334,0.24902166540424053,0.7771000389258066,0.8775410056114197,0.2697798013687134,0.8775410056114197,0.2697798013687134,1.0211186408996582,0.2697798013687134,0.11403340101242065,0.2671854496002197,0.11403340101242065,0.2671854496002197,0.06229525804519653,0.29481399059295654
576,399,1.1325268745422363,0.5684776902198792,0.4627200770673031,0.09060795932232091,0.14405524192067493,0.48625415563583374,0.48625415563583374,0.48625415563583374,0.48625415563583374,0.5876603126525879,0.6928736567497253,0.48625415563583374,0.09796479344367981,0.48625415563583374,0.09796479344367981,0.545312225818634,0.1653565913438797
577,399,1.0629347562789917,0.8781489133834839,0.5157152463371555,0.41931930388013505,0.09436668707678741,0.5711710453033447,0.5711710453033447,0.5711710453033447,0.5711710453033447,0.8013020157814026,0.892227053642273,0.5711710453033447,0.07485955953598022,0.5711710453033447,0.07485955953598022,0.7316990494728088,0.2404179573059082
578,399,1.038601040840149,1.11898934841156,0.5986032574623822,0.3912587624043228,0.20950602993369105,0.6088825464248657,0.6510351896286011,0.6088825464248657,0.6510351896286011,1.0080146789550781,1.045865535736084,0.6510351896286011,0.1722865104675293,0.6510351896286011,0.1722865104675293,0.8484503626823425,0.38405710458755493
579,399,2.1167702674865723,1.3529900312423706,0.5881140688930948,0.5059295397003492,0.30115860917915915,0.5390923619270325,0.5956945419311523,0.5390923619270325,0.5956945419311523,0.9544744491577148,1.0400418043136597,0.5956945419311523,0.2958202362060547,0.5956945419311523,0.2958202362060547,0.817868173122406,0.5217143893241882
580,399,1.950219750404358,1.5630533695220947,1.1375504836191732,0.3632114523773393,0.24515935213615503,1.130422592163086,1.130422592163086,1.130422592163086,1.130422592163086,1.1167298555374146,1.4964938163757324,1.130422592163086,0.21385860443115234,1.130422592163086,0.21385860443115234,1.3134582042694092,0.3984816074371338
581,399,1.9772586822509766,1.8397178649902344,1.0403165356318156,0.7855119636903205,0.26549756685892767,0.9689489006996155,1.0688323974609375,0.9689489006996155,1.0688323974609375,1.7144089937210083,1.806100845336914,1.0688323974609375,0.22222900390625,1.0688323974609375,0.22222900390625,1.4374666213989258,0.5905061960220337
582,399,2.151017427444458,2.082921028137207,1.0683076553295052,0.7274239306400221,0.4545749876896543,0.9977426528930664,1.082951307296753,0.9977426528930664,1.082951307296753,1.7001798152923584,1.8501091003417969,1.082951307296753,0.4211766719818115,1.082951307296753,0.4211766719818115,1.466530203819275,0.764999508857727
583,399,1.5451884269714355,2.1096134185791016,1.1674933264652885,0.7018157645190755,0.3762584507341189,1.1809680461883545,1.1809680461883545,1.1809680461883545,1.1809680461883545,1.8749070167541504,1.9417495727539062,1.1809680461883545,0.4332634210586548,1.1809680461883545,0.4332634210586548,1.5613588094711304,0.7648931741714478
584,399,1.1282260417938232,1.9290642738342285,0.8165024766946831,0.7641428635890284,0.45247274192671005,0.4802124500274658,0.845930814743042,0.4802124500274658,0.845930814743042,1.2469067573547363,1.5813298225402832,0.845930814743042,0.48267459869384766,0.845930814743042,0.48267459869384766,1.2136303186416626,0.855922520160675
585,399,2.2847108840942383,1.6957594156265259,0.6712578735748926,0.6335010055700939,0.5249619529644647,0.05674183368682861,0.6706753969192505,0.05674183368682861,0.6706753969192505,0.4161980152130127,1.2877473831176758,0.6706753969192505,0.5280736684799194,0.6706753969192505,0.5280736684799194,0.9792113900184631,0.8312302827835083
586,399,2.0862648487091064,1.8540754318237305,1.2070999326976017,0.4282080630585551,0.31403978891205053,1.2786085605621338,1.2786085605621338,1.2786085605621338,1.2786085605621338,1.2689917087554932,1.6832879781723022,1.2786085605621338,0.34371626377105713,1.2786085605621338,0.34371626377105713,1.4809482097625732,0.5470617413520813
587,399,1.7745321989059448,2.0541775226593018,1.1572938192356377,0.8113082677545027,0.3029252646910028,0.9985730648040771,1.119492769241333,0.9985730648040771,1.119492769241333,1.804202914237976,1.9187052249908447,1.119492769241333,0.24300873279571533,1.119492769241333,0.24300873279571533,1.5190989971160889,0.621290922164917
588,141,0.4291900396347046,2.2321131229400635,0.259431261817614,0.388944967823724,0.38644998169193706,0.7714865207672119,1.8137098550796509,0.7714865207672119,1.8137098550796509,1.9300979375839233,2.7318949699401855,0.8942209482192993,0.6867406368255615,0.8942209482192993,0.6867406368255615,1.4644432067871094,1.202834963798523
589,399,1.200285792350769,1.2135732173919678,0.14856809337933874,0.7172067630415162,0.46994889767219594,0.52268385887146,0.9036644697189331,0.52268385887146,0.9036644697189331,0.9462965726852417,1.2965823411941528,0.6535710692405701,0.267162561416626,0.6535710692405701,0.267162561416626,0.8644530773162842,0.4704374074935913
590,399,1.016295313835144,1.1183310747146606,0.6177435479188959,0.16618254008392475,0.3998999501640599,0.35707753896713257,0.6974523663520813,0.35707753896713257,0.6974523663520813,0.6686999797821045,1.1557531356811523,0.6974523663520813,0.16742992401123047,0.6974523663520813,0.16742992401123047,0.8431551456451416,0.3344654440879822
591,399,1.4509882926940918,0.8868913650512695,0.48653444620470215,0.446073570723335,0.07558193239072963,0.47560054063796997,0.5787676572799683,0.47560054063796997,0.5787676572799683,0.8906492590904236,0.9872835874557495,0.5787676572799683,0.0790095329284668,0.5787676572799683,0.0790095329284668,0.7830256223678589,0.2907637655735016
592,399,2.2360100746154785,1.4470468759536743,0.7502826219238342,0.47189170336350783,0.3739781780540943,0.831839382648468,0.831839382648468,0.831839382648468,0.831839382648468,1.0574162006378174,1.2398549318313599,0.831839382648468,0.2548234462738037,0.831839382648468,0.2548234462738037,1.0358471870422363,0.4721607565879822
593,399,0.7264828681945801,1.7818043231964111,1.1272873006264366,0.49847074961910653,0.21569057888040954,1.0893356800079346,1.0893356800079346,1.0893356800079346,1.0893356800079346,1.293630838394165,1.5693811178207397,1.0893356800079346,0.17880189418792725,1.0893356800079346,0.17880189418792725,1.3293583393096924,0.4060761332511902
594,399,2.6828854084014893,1.2939934730529785,0.32934230734904624,0.8054313138624032,0.284765816082557,0.7773016095161438,1.163874626159668,0.7773016095161438,1.163874626159668,0.36855000257492065,1.163874626159668,0.7773016095161438,0.23680126667022705,0.7773016095161438,0.23680126667022705,0.9705880880355835,0.4377734959125519
595,399,0.3403870463371277,1.8069593906402588,1.273389048241079,0.24550240838900161,0.39767398180440106,1.2776415348052979,1.2776415348052979,1.2776415348052979,1.2776415348052979,1.5206753015518188,1.8532874584197998,1.2776415348052979,0.23163139820098877,1.2776415348052979,0.23163139820098877,1.4386601448059082,0.4035069942474365
596,399,0.5333681106567383,0.9213721752166748,0.09990965136016416,0.7490655105250574,0.11800643532226507,0.7057938575744629,0.8925443887710571,0.7057938575744629,0.8925443887710571,0.6270197629928589,0.9650580286979675,0.7057938575744629,0.2156292200088501,0.7057938575744629,0.2156292200088501,0.744077205657959,0.26433849334716797
597,399,0.06764879077672958,0.7386819124221802,0.28032478000968686,0.1313443470001221,0.44105729017406703,0.37723395228385925,0.7755917310714722,0.37723395228385925,0.7755917310714722,0.4069308042526245,0.7755917310714722,0.37723395228385925,0.12667620182037354,0.37723395228385925,0.12667620182037354,0.5166964530944824,0.26959964632987976
598,399,-0.626473605632782,0.135771706700325,0.07817696477596958,0.21887551960224905,0.08279542251179617,0.17015999555587769,0.20270328223705292,0.17015999555587769,0.20270328223705292,0.19178657233715057,0.2535589337348938,0.17015999555587769,0.03375530242919922,0.17015999555587769,0.03375530242919922,0.19566377997398376,0.058401934802532196
599,399,-0.5283071994781494,-0.1878388673067093,0.326405041826268,0.010904067705074932,0.14542728467533983,0.8673534989356995,0.293410062789917,0.8673534989356995,0.293410062789917,0.7644547820091248,0.16989798843860626,0.293410062789917,0.022518187761306763,0.293410062789917,0.022518187761306763,0.24367761611938477,0.07080123573541641
600,399,-2.0232596397399902,-0.5006250143051147,0.29138857180873545,0.20517414501557746,0.0009357343489925785,0.4679037630558014,0.2005401849746704,0.4679037630558014,0.2005401849746704,0.911435604095459,0.3864404559135437,0.2005401849746704,0.011408805847167969,0.2005401849746704,0.011408805847167969,0.29349032044410706,0.08659926056861877
601,399,-1.4671916961669922,-1.3152247667312622,0.9009730307757852,0.13028382252901782,0.06041768904775413,1.6795061826705933,0.8165274262428284,1.6795061826705933,0.8165274262428284,1.913254976272583,1.0474358797073364,0.8165274262428284,0.14242231845855713,0.8165274262428284,0.14242231845855713,0.9319816827774048,0.22730201482772827
602,399,-0.11780209094285965,-1.39858078956604,0.5803659651304283,0.5193947053203979,0.040029030206302885,1.000988483428955,0.556830108165741,1.000988483428955,0.556830108165741,2.191263437271118,1.2120850086212158,0.556830108165741,0.09732866287231445,0.556830108165741,0.09732866287231445,0.8844575881958008,0.37822219729423523
603,399,-1.78744637966156,-1.150605320930481,0.11405703658238064,0.42834718375466774,0.373037475319579,1.0890069007873535,0.6330371499061584,1.0890069007873535,0.6330371499061584,1.7676386833190918,1.1084786653518677,0.578188955783844,0.050760746002197266,0.578188955783844,0.050760746002197266,0.8147739171981812,0.320701003074646
604,399,-0.6030686497688293,-1.1064419746398926,0.6913918660146497,0.01973181134710733,0.23164977933590603,1.476341962814331,0.6317130923271179,1.476341962814331,0.6317130923271179,2.0709171295166016,1.0044536590576172,0.6317130923271179,0.03700840473175049,0.6317130923271179,0.03700840473175049,0.7990242838859558,0.19169208407402039
605,399,-2.3066446781158447,-1.1088683605194092,0.33289484523236734,0.5253956616297366,0.03182924512773755,1.162006139755249,0.8861841559410095,1.162006139755249,0.8861841559410095,1.7655527591705322,0.8861841559410095,0.5922431945800781,0.02924323081970215,0.5922431945800781,0.02924323081970215,0.7392137050628662,0.16735568642616272
606,399,-0.8625820875167847,-1.5806304216384888,0.8787180236975353,0.11428859716902173,0.28746061964581415,1.7488726377487183,0.8204336166381836,1.7488726377487183,0.8204336166381836,2.366744041442871,1.4644315242767334,0.8204336166381836,0.22162675857543945,0.8204336166381836,0.22162675857543945,1.0336658954620361,0.4072546362876892
607,399,-1.879510521888733,-1.3939886093139648,0.3896496843298276,0.6637163898845513,0.03823402111729002,1.2758418321609497,1.1067404747009277,1.2758418321609497,1.1067404747009277,1.8192678689956665,1.1067404747009277,0.7223644256591797,0.13445806503295898,0.7223644256591797,0.13445806503295898,0.9145524501800537,0.32252830266952515
608,399,-2.1821200847625732,-1.6899107694625854,0.7651291444649301,0.20389700682212908,0.3932227761422591,1.2726818323135376,0.7252985239028931,1.2726818323135376,0.7252985239028931,1.9671411514282227,1.5617704391479492,0.7252985239028931,0.3378671407699585,0.7252985239028931,0.3378671407699585,0.9927002191543579,0.573891282081604
609,399,-3.024458646774292,-1.779814600944519,0.9018961316595476,0.48722426122675344,0.08679869203517843,1.4762330055236816,0.7496334314346313,1.4762330055236816,0.7496334314346313,2.509336233139038,1.4285447597503662,0.7496334314346313,0.20358562469482422,0.7496334314346313,0.20358562469482422,1.0890891551971436,0.46141886711120605
610,399,-0.832580029964447,-2.090986728668213,0.8122342521200577,0.5867875411609811,0.3366421805570521,1.1591415405273438,0.6545523405075073,1.1591415405273438,0.6545523405075073,2.039194345474243,1.3830945491790771,0.6545523405075073,0.3930168151855469,0.6545523405075073,0.3930168151855469,1.0188233852386475,0.632427990436554
611,399,-1.4667909145355225,-1.7725995779037476,0.43651293446620343,0.7814587128659087,0.3951392203321056,1.6109155416488647,1.2650940418243408,1.6109155416488647,1.2650940418243408,2.0530099868774414,1.2650940418243408,0.9047698974609375,0.5052589178085327,0.9047698974609375,0.5052589178085327,1.0849319696426392,0.6789903044700623
612,399,-2.324819564819336,-1.6640164852142334,0.6536221740643187,0.24890360860774896,0.5233963943893709,0.8390819430351257,0.526241660118103,0.8390819430351257,0.526241660118103,1.9338971376419067,1.5477887392044067,0.526241660118103,0.30667924880981445,0.526241660118103,0.30667924880981445,0.8864754438400269,0.6077484488487244
613,399,-2.6900932788848877,-1.48157799243927,0.7947888363028563,0.4212717107186714,0.10162509298572964,1.4427428245544434,0.7236001491546631,1.4427428245544434,0.7236001491546631,2.2372140884399414,1.2454862594604492,0.7236001491546631,0.1614760160446167,0.7236001491546631,0.1614760160446167,0.9845432043075562,0.36110565066337585
614,399,-1.8899831771850586,-2.0571320056915283,0.9288698378702005,0.5873133176316819,0.23936287177105742,1.4697651863098145,0.8024969100952148,1.4697651863098145,0.8024969100952148,2.5696706771850586,1.575969934463501,0.8024969100952148,0.30716538429260254,0.8024969100952148,0.30716538429260254,1.189233422279358,0.588951051235199
615,399,-1.6334394216537476,-2.1693403720855713,0.7666183427224553,0.7927855111161869,0.4329550785074634,1.0903916358947754,1.5969380140304565,1.0903916358947754,1.5969380140304565,1.945231556892395,1.5969380140304565,0.806682825088501,0.5060827732086182,0.806682825088501,0.5060827732086182,1.201810359954834,0.8569215536117554
616,399,-2.8182294368743896,-2.0844202041625977,0.7088273178910218,0.6490169162427384,0.5269485634316999,0.49632930755615234,0.49632930755615234,0.49632930755615234,0.49632930755615234,1.4886952638626099,1.3452531099319458,0.49632930755615234,0.6330230236053467,0.49632930755615234,0.6330230236053467,0.9207912087440491,0.9426007270812988
617,399,-0.6120415329933167,-2.0185887813568115,0.8742382921775181,0.45498104569812636,0.35807611731191447,1.3775091171264648,0.7574518918991089,1.3775091171264648,0.7574518918991089,2.0525143146514893,1.4087448120117188,0.7574518918991089,0.42570292949676514,0.7574518918991089,0.42570292949676514,1.0830984115600586,0.6335141658782959
618,399,-1.6098296642303467,-1.6372629404067993,0.4028855661504591,0.8079644711191454,0.30587946811846156,1.7026201486587524,1.2257448434829712,1.7026201486587524,1.2257448434829712,2.063105821609497,1.2257448434829712,0.9231047034263611,0.4120328426361084,0.9231047034263611,0.4120328426361084,1.0744247436523438,0.5494605302810669
619,399,-2.011928081512451,-1.6693761348724365,0.7462868143866459,0.2015673046434916,0.47656343913326704,1.1913666725158691,0.6550731658935547,1.1913666725158691,0.6550731658935547,2.2190170288085938,1.5924839973449707,0.6550731658935547,0.21905004978179932,0.6550731658935547,0.21905004978179932,1.0057237148284912,0.5158592462539673
620,399,-0.6017577648162842,-1.5137923955917358,0.7638590308154622,0.44780644456545526,0.032285063254336555,1.4814800024032593,0.7459367513656616,1.4814800024032593,0.7459367513656616,2.451636791229248,1.341722011566162,0.7459367513656616,0.12636053562164307,0.7459367513656616,0.12636053562164307,1.0438294410705566,0.35550475120544434
621,399,-1.2763768434524536,-1.3077824115753174,0.25468742924431975,0.5671049435685076,0.2588688800732295,1.222164273262024,1.0340512990951538,1.222164273262024,1.0340512990951538,1.5876842737197876,1.3370167016983032,0.7271800637245178,0.28093504905700684,0.7271800637245178,0.28093504905700684,0.8769584894180298,0.46491891145706177
622,399,-1.6636229753494263,-1.31523597240448,0.5668620774522424,0.1092401425167917,0.32263725027441986,0.8604244589805603,0.5066725015640259,0.8604244589805603,0.5066725015640259,1.6057441234588623,1.2405730485916138,0.5066725015640259,0.23096489906311035,0.5066725015640259,0.23096489906311035,0.7623055577278137,0.44684743881225586
623,399,0.8664838075637817,-1.4233578443527222,0.6738215485215187,0.3415246801450851,0.026233923472464005,1.1767655611038208,0.5921922326087952,1.1767655611038208,0.5921922326087952,1.9618628025054932,1.0988821983337402,0.5921922326087952,0.16320884227752686,0.5921922326087952,0.16320884227752686,0.8455371856689453,0.369342178106308
624,399,1.1085472106933594,-0.5815548896789551,0.47603715213636577,0.528285354351004,0.19082355928917738,1.66616690158844,0.20678260922431946,1.66616690158844,0.20678260922431946,1.1926312446594238,0.20678260922431946,0.6787697076797485,0.3711031675338745,0.6787697076797485,0.3711031675338745,0.4427761435508728,0.23963218927383423
625,399,-0.18218114972114563,0.46795976161956787,0.5565725001320241,0.42182160116732126,0.22796648900955896,0.5541926622390747,0.5541926622390747,0.5541926622390747,0.5541926622390747,0.7901977896690369,0.8835926651954651,0.5541926622390747,0.28169000148773193,0.5541926622390747,0.28169000148773193,0.7188926935195923,0.1529182344675064
626,399,1.538821816444397,0.16488401591777802,0.04538860867420824,0.4276916732018192,0.21018063792337982,0.34920868277549744,0.25879597663879395,0.34920868277549744,0.25879597663879395,0.421220064163208,0.3655305504798889,0.34920868277549744,0.09544451534748077,0.34920868277549744,0.09544451534748077,0.40198588371276855,0.05011231452226639
627,399,2.1374783515930176,0.8029634356498718,0.8830224053934217,0.01780684300698332,0.30550022912211705,0.8719240427017212,0.8719240427017212,0.8719240427017212,0.8719240427017212,1.0024068355560303,1.023855209350586,0.8719240427017212,0.08204317092895508,0.8719240427017212,0.08204317092895508,0.9835395216941833,0.11374455690383911
628,399,0.5176370143890381,1.5180565118789673,1.121511002567907,0.67097006910791,0.04451534279932612,1.044135570526123,1.044135570526123,1.044135570526123,1.044135570526123,1.3773590326309204,1.60980224609375,1.044135570526123,0.043787240982055664,1.044135570526123,0.043787240982055664,1.3269689083099365,0.28744280338287354
629,399,0.7160611748695374,1.0121196508407593,0.28413484573985137,0.7454583913336197,0.28433908651272466,0.6286847591400146,0.915259838104248,0.6286847591400146,0.915259838104248,0.7230324745178223,1.0925439596176147,0.6286847591400146,0.30146175622940063,0.6286847591400146,0.30146175622940063,0.7207580804824829,0.3904402554035187
630,399,1.3449287414550781,0.851654052734375,0.4921103651076556,0.2619103420898319,0.3378596168383955,0.4180893898010254,0.45147961378097534,0.4180893898010254,0.45147961378097534,0.13463306427001953,0.8198792338371277,0.45147961378097534,0.19675379991531372,0.45147961378097534,0.19675379991531372,0.5417611598968506,0.3076668083667755
631,399,1.7114464044570923,0.9576012492179871,0.6799066739281017,0.3683426294599972,0.16459873535980796,0.6679593324661255,0.6679593324661255,0.6679593324661255,0.6679593324661255,0.6987133026123047,0.9265947341918945,0.6679593324661255,0.10704243183135986,0.6679593324661255,0.10704243183135986,0.79727703332901,0.24254056811332703
632,399,1.2431739568710327,1.271780014038086,0.8484355862687033,0.5033441113370158,0.17836405028278657,0.8557637333869934,0.8557637333869934,0.8557637333869934,0.8557637333869934,1.1871742010116577,1.3103923797607422,0.8557637333869934,0.12654542922973633,0.8557637333869934,0.12654542922973633,1.0830780267715454,0.36614322662353516
633,399,0.9888548254966736,1.3422443866729736,0.6837936281537016,0.6198975819659729,0.2848052202848097,0.38263314962387085,0.6255801916122437,0.38263314962387085,0.6255801916122437,0.9697743058204651,1.1974698305130005,0.6255801916122437,0.24737024307250977,0.6255801916122437,0.24737024307250977,0.9115250110626221,0.5300453901290894
634,399,1.2305039167404175,1.4349429607391357,0.5963608302921057,0.5891248948872088,0.4048362352699042,0.14850497245788574,0.573501467704773,0.14850497245788574,0.573501467704773,0.4621584415435791,1.0670108795166016,0.573501467704773,0.3750624656677246,0.573501467704773,0.3750624656677246,0.8202561736106873,0.6160325407981873
635,399,1.6327054500579834,1.2463754415512085,0.6748057310065876,0.4868457680257656,0.40802204886140947,0.6566441655158997,0.6636425852775574,0.6566441655158997,0.6636425852775574,0.9310593605041504,1.0363805294036865,0.6636425852775574,0.2950514554977417,0.6636425852775574,0.2950514554977417,0.8500115871429443,0.49454331398010254
636,399,2.2838869094848633,1.480066180229187,0.8926435375089445,0.5271409546087187,0.25291373527298355,0.9014661908149719,0.9014661908149719,0.9014661908149719,0.9014661908149719,1.1917484998703003,1.3415226936340332,0.9014661908149719,0.2103743553161621,0.9014661908149719,0.2103743553161621,1.1214944124221802,0.43235158920288086
637,399,0.39268994331359863,1.932754635810852,1.2419922121738396,0.7016755095993481,0.30506049615641406,1.180277943611145,1.180277943611145,1.180277943611145,1.180277943611145,1.5971570014953613,1.8973512649536133,1.180277943611145,0.24801015853881836,1.180277943611145,0.24801015853881836,1.5388145446777344,0.5676926374435425
638,399,2.056877851486206,1.1568971872329712,0.25325680130782247,0.8408914847361544,0.37885662624301997,0.7954586148262024,1.0103219747543335,0.7954586148262024,1.0103219747543335,0.9824585318565369,1.3438493013381958,0.7954586148262024,0.23115521669387817,0.7954586148262024,0.23115521669387817,0.9676944017410278,0.3983863294124603
639,399,1.3667346239089966,1.6185342073440552,1.1354529056201377,0.23941881633053264,0.5085902673626939,0.9417080283164978,1.0716077089309692,0.9417080283164978,1.0716077089309692,1.3596583604812622,1.6409327983856201,1.0716077089309692,0.1332167387008667,1.0716077089309692,0.1332167387008667,1.278915524482727,0.3481108546257019
640,399,0.356962651014328,1.4609713554382324,0.8406939031059547,0.8177287792290246,0.1516506909827391,0.35545074939727783,0.7401935458183289,0.35545074939727783,0.7401935458183289,1.089033603668213,1.4518191814422607,0.7401935458183289,0.08178973197937012,0.7401935458183289,0.08178973197937012,1.0960063934326172,0.448102205991745
641,399,1.2891721725463867,1.0831806659698486,0.2222027883864941,0.660489768255502,0.454982600994408,0.24502617120742798,0.7075086832046509,0.24502617120742798,0.7075086832046509,0.6423488855361938,1.0975403785705566,0.514107346534729,0.19254595041275024,0.514107346534729,0.19254595041275024,0.7129451632499695,0.38911327719688416
642,399,0.5616440176963806,1.0509839057922363,0.7174831351389488,0.2134100920086106,0.4612104796369869,0.651308000087738,0.6933204531669617,0.651308000087738,0.6933204531669617,0.9688002467155457,1.152909755706787,0.6933204531669617,0.1404869556427002,0.6933204531669617,0.1404869556427002,0.8511708974838257,0.30848145484924316
643,399,1.715760588645935,0.8638297319412231,0.43898838500181836,0.5872408772508302,0.15642644102374725,0.5126872658729553,0.8309958577156067,0.5126872658729553,0.8309958577156067,0.4186691641807556,0.8309958577156067,0.5126872658729553,0.08064335584640503,0.5126872658729553,0.08064335584640503,0.671841561794281,0.24314236640930176
644,399,0.437094122171402,1.2893377542495728,0.9115145241841673,0.3673871792480349,0.3438239371031524,0.9036641120910645,0.9036641120910645,0.9036641120910645,0.9036641120910645,0.6867717504501343,1.1255186796188354,0.9036641120910645,0.25982797145843506,0.9036641120910645,0.25982797145843506,1.0145914554595947,0.3662593960762024
645,399,1.5845171213150024,0.8986940979957581,0.2750985876905421,0.7100990551679085,0.23423253167110203,0.6157636046409607,0.8553423285484314,0.6157636046409607,0.8553423285484314,0.1590138077735901,0.8553423285484314,0.6157636046409607,0.11434221267700195,0.6157636046409607,0.11434221267700195,0.735552966594696,0.2364656627178192
646,399,0.6471621990203857,1.309666395187378,0.9058690215274693,0.2383672712091356,0.4455965829174965,0.836118221282959,0.914627194404602,0.836118221282959,0.914627194404602,1.1779018640518188,1.4348963499069214,0.914627194404602,0.17416834831237793,0.914627194404602,0.17416834831237793,1.0835871696472168,0.36350879073143005
647,399,2.4660611152648926,0.9755017161369324,0.43353924709061786,0.6633457313353817,0.1635370276744168,0.5911827087402344,0.9340075850486755,0.5911827087402344,0.9340075850486755,0.4410390853881836,0.9340075850486755,0.5911827087402344,0.09475946426391602,0.5911827087402344,0.09475946426391602,0.7625951766967773,0.2690337896347046
648,399,2.2836835384368896,1.8742344379425049,1.3200666938473784,0.3469160572377341,0.41070272839938604,1.247653841972351,1.247653841972351,1.247653841972351,1.247653841972351,1.3917099237442017,1.8636276721954346,1.247653841972351,0.2378520965576172,1.247653841972351,0.2378520965576172,1.4183071851730347,0.4267498850822449
649,399,2.857996702194214,2.27583909034729,1.2862577431773143,0.943268317816158,0.2271180821706853,1.0752456188201904,1.1905949115753174,1.0752456188201904,1.1905949115753174,1.994497299194336,2.097059965133667,1.1905949115753174,0.14887380599975586,1.1905949115753174,0.14887380599975586,1.6438274383544922,0.5949183702468872
650,399,2.4432876110076904,2.434729814529419,1.4751326943064726,0.7966501105452579,0.4079634225616853,1.3586726188659668,1.3586726188659668,1.3586726188659668,1.3586726188659668,1.9968338012695312,2.2318403720855713,1.3586726188659668,0.43019890785217285,1.3586726188659668,0.43019890785217285,1.795256495475769,0.7831257581710815
651,399,2.931365966796875,2.313619375228882,1.1960146534939604,0.9131874895406269,0.36505885011826944,0.9886025190353394,1.253443717956543,0.9886025190353394,1.253443717956543,1.9598122835159302,2.1887104511260986,1.253443717956543,0.4147946834564209,1.253443717956543,0.4147946834564209,1.7210770845413208,0.8493751287460327
652,399,1.5450550317764282,2.5322587490081787,1.2953115465988714,0.8316979907204707,0.6112654018153747,1.1294710636138916,1.1294710636138916,1.1294710636138916,1.1294710636138916,1.828460454940796,2.022193431854248,1.1294710636138916,0.5059747695922852,1.1294710636138916,0.5059747695922852,1.5758322477340698,0.8669797778129578
653,399,1.7091435194015503,2.0643653869628906,0.8505961438392595,0.9979556719337903,0.4721191718180975,0.9409972429275513,1.7431367635726929,0.9409972429275513,1.7431367635726929,1.019120216369629,1.7431367635726929,0.9409972429275513,0.4473494291305542,0.9409972429275513,0.4473494291305542,1.342067003250122,0.8358636498451233
654,399,2.4238083362579346,1.9873545169830322,0.9890186654776335,0.6563537543918936,0.57621506174095,0.22501111030578613,0.9235323667526245,0.22501111030578613,0.9235323667526245,0.28041815757751465,1.5367873907089233,0.9235323667526245,0.5498883724212646,0.9235323667526245,0.5498883724212646,1.230159878730774,0.8346740007400513
655,399,1.811348795890808,2.10784649848938,1.3073036329075696,0.6830157060548663,0.38369106642901896,1.1030353307724,1.1030353307724,1.1030353307724,1.1030353307724,1.4859280586242676,1.783371090888977,1.1030353307724,0.3099358081817627,1.1030353307724,0.3099358081817627,1.4432032108306885,0.5987130403518677
656,399,2.4335482120513916,2.0334599018096924,0.9806931219249964,0.9334431393072011,0.39552320666611185,0.5567264556884766,0.8899673223495483,0.5567264556884766,0.8899673223495483,1.4243814945220947,1.752487301826477,0.8899673223495483,0.34459781646728516,0.8899673223495483,0.34459781646728516,1.3212273120880127,0.746070146560669
657,399,2.529484272003174,2.07198166847229,1.281097166488568,0.6322206253434222,0.4228079300994676,1.1749424934387207,1.1749424934387207,1.1749424934387207,1.1749424934387207,1.545718789100647,1.7565877437591553,1.1749424934387207,0.34842705726623535,1.1749424934387207,0.34842705726623535,1.465765118598938,0.6181917786598206
658,399,1.0825493335723877,2.4250943660736084,1.3065271686700481,0.9154969765556353,0.4156963073213902,1.2644898891448975,1.2644898891448975,1.2644898891448975,1.2644898891448975,2.1300835609436035,2.167637825012207,1.2644898891448975,0.4534648656845093,1.2644898891448975,0.4534648656845093,1.7160638570785522,0.8646475672721863
659,399,0.22006855905056,1.800932765007019,0.6501212342083454,0.9544603512249887,0.522395015154034,0.9339982867240906,1.526480793952942,0.9339982867240906,1.526480793952942,0.7423077821731567,1.526480793952942,0.9339982867240906,0.47306740283966064,0.9339982867240906,0.47306740283966064,1.2302395105361938,0.765913188457489
660,399,1.8212404251098633,0.9475009441375732,0.21611837041874737,0.46734659874190865,0.4868157426392039,0.36198294162750244,0.8424012064933777,0.36198294162750244,0.8424012064933777,0.2491268515586853,0.8424012064933777,0.36198294162750244,0.11914670467376709,0.36198294162750244,0.11914670467376709,0.5451982021331787,0.28949177265167236
661,399,0.3404346704483032,1.138245701789856,0.9647020874420804,0.1807824292282263,0.34959096665183687,1.019575834274292,1.019575834274292,1.019575834274292,1.019575834274292,1.100797414779663,1.3834757804870605,1.019575834274292,0.09071469306945801,1.019575834274292,0.09071469306945801,1.1549956798553467,0.22613057494163513
662,399,0.42515647411346436,0.9200667142868042,0.22670764374236274,0.7261756551141538,0.11967643587539611,0.6901198625564575,0.8690838813781738,0.6901198625564575,0.8690838813781738,0.0884467363357544,0.8690838813781738,0.6901198625564575,0.051401495933532715,0.6901198625564575,0.051401495933532715,0.7796018719673157,0.14380088448524475
663,399,-1.2767934799194336,0.6339999437332153,0.2834225725693008,0.1916525529635449,0.3963193701331814,0.30518537759780884,0.671954333782196,0.30518537759780884,0.671954333782196,0.20265507698059082,0.671954333782196,0.30518537759780884,0.13706964254379272,0.30518537759780884,0.13706964254379272,0.4212195873260498,0.2546667754650116
664,399,-0.5525229573249817,-0.4731205403804779,0.5574053425217668,0.19903545533617328,0.1156028165792426,1.5188764333724976,0.6288953423500061,1.5188764333724976,0.6288953423500061,1.3778878450393677,0.4768480956554413,0.6288953423500061,0.06284657120704651,0.6288953423500061,0.06284657120704651,0.5528717041015625,0.1376786231994629
665,399,-0.35417789220809937,-0.6561344861984253,0.2768989302217961,0.35991016723215585,0.17146841011941444,1.0186030864715576,0.7551149129867554,1.0186030864715576,0.7551149129867554,1.900570273399353,0.7551149129867554,0.452666699886322,0.09257841110229492,0.452666699886322,0.09257841110229492,0.6038907766342163,0.1445055603981018
666,399,1.9858124256134033,-0.6688372492790222,0.1403417037924131,0.12824646442507703,0.208135983304431,0.5257167816162109,0.7271515727043152,0.5257167816162109,0.7271515727043152,0.7057638168334961,0.7271515727043152,0.33254459500312805,0.22697162628173828,0.33254459500312805,0.22697162628173828,0.4223901629447937,0.31878000497817993
667,399,1.2607225179672241,0.6986883878707886,1.02387062035501,0.0372789758816362,0.02178411010652781,1.0165551900863647,1.0165551900863647,1.0165551900863647,1.0165551900863647,0.04823732376098633,0.8657099604606628,1.0165551900863647,0.11780184507369995,1.0165551900863647,0.11780184507369995,0.9411325454711914,0.1895795464515686
668,399,0.9316920042037964,1.258030891418457,0.7567396083691469,0.7662997941517582,0.02128641813372556,0.7277807593345642,1.4048891067504883,0.7277807593345642,1.4048891067504883,1.0149000883102417,1.4048891067504883,0.7277807593345642,0.0626150369644165,0.7277807593345642,0.0626150369644165,1.0663349628448486,0.3524314761161804
669,399,-0.1816408485174179,1.3519048690795898,0.5623545094331106,0.6020883418557543,0.4679088000518581,0.17642855644226074,0.9543697237968445,0.17642855644226074,0.9543697237968445,0.1119767427444458,0.9543697237968445,0.4382425546646118,0.34621596336364746,0.4382425546646118,0.34621596336364746,0.6963061094284058,0.5921185612678528
670,399,1.2830065488815308,0.3260822296142578,0.07253588896555196,0.4297115699263911,0.3246712866766998,0.22302654385566711,0.25548774003982544,0.22302654385566711,0.25548774003982544,0.4534076452255249,0.49332940578460693,0.35029137134552,0.09984073042869568,0.35029137134552,0.09984073042869568,0.46855562925338745,0.11066360026597977
671,399,-1.7217371463775635,0.6285843849182129,0.638064216201504,0.01881297630568346,0.27240728129943215,0.7120029926300049,0.7120029926300049,0.7120029926300049,0.7120029926300049,0.8152830004692078,0.8184161186218262,0.7120029926300049,0.07000613212585449,0.7120029926300049,0.07000613212585449,0.7989891767501831,0.09656435251235962
672,399,-0.21315063536167145,-0.504296600818634,0.7742380913719535,0.5198457850515842,0.05999330591410412,2.2435226440429688,0.8980854153633118,2.2435226440429688,0.8980854153633118,1.846672534942627,0.41515374183654785,0.8980854153633118,0.019566982984542847,0.8980854153633118,0.019566982984542847,0.6566195487976074,0.21690602600574493
673,399,0.06546423584222794,-0.5352356433868408,0.10889989461749794,0.43251527246087795,0.3136793128401041,1.2783973217010498,0.5937830805778503,1.2783973217010498,0.5937830805778503,1.1075294017791748,0.4273737967014313,0.4815202057361603,0.1136792004108429,0.4815202057361603,0.1136792004108429,0.3979055881500244,0.11509604752063751
674,399,-1.0244747400283813,-0.3764589726924896,0.009022920093654352,0.019345259272182946,0.23859703437968466,0.5803666114807129,0.37756359577178955,0.5803666114807129,0.37756359577178955,0.7428130507469177,0.37756359577178955,0.338470458984375,0.03484329581260681,0.338470458984375,0.03484329581260681,0.37554651498794556,0.04297962784767151
675,399,-0.10421854257583618,-0.5228505730628967,0.5112632812435429,0.08606192970027535,0.07100207467873887,1.0468724966049194,0.4863585829734802,1.0468724966049194,0.4863585829734802,1.0230817794799805,0.4627963900566101,0.4863585829734802,0.03215521574020386,0.4863585829734802,0.03215521574020386,0.47457748651504517,0.021382033824920654
676,399,-1.3419349193572998,-0.47987592220306396,0.07348158406714603,0.3169171408067146,0.08139094722767665,0.739483654499054,0.4069625735282898,0.739483654499054,0.4069625735282898,0.7269201278686523,0.3939584493637085,0.3529972732067108,0.054414212703704834,0.3529972732067108,0.054414212703704834,0.34643518924713135,0.04682956635951996
677,399,-0.6731324791908264,-0.9848505258560181,0.6047014571602144,0.0316753728563588,0.13736145424346136,1.1777584552764893,0.5671122670173645,1.1777584552764893,0.5671122670173645,1.5342293977737427,0.8049111366271973,0.5671122670173645,0.03563511371612549,0.5671122670173645,0.03563511371612549,0.6674145460128784,0.1374504566192627
678,399,-1.16135835647583,-0.9764930605888367,0.37643824825684224,0.4667643926168482,0.05906257690240935,0.970990777015686,0.8521348237991333,0.970990777015686,0.8521348237991333,1.6360387802124023,0.8521348237991333,0.5133051872253418,0.029490172863006592,0.5133051872253418,0.029490172863006592,0.6827200055122375,0.19582650065422058
679,399,-0.05966860055923462,-1.1759806871414185,0.5309305264800785,0.22763683449476968,0.24749102219939245,0.7089914083480835,0.47158557176589966,0.7089914083480835,0.47158557176589966,1.1683167219161987,1.064667820930481,0.47158557176589966,0.2508765459060669,0.47158557176589966,0.2508765459060669,0.6318356990814209,0.40466850996017456
680,399,-2.389275074005127,-0.6977460980415344,0.1112569701361159,0.3528327653432888,0.0791853165688613,0.8647931218147278,0.4760766923427582,0.8647931218147278,0.4760766923427582,0.8975048661231995,0.4760766923427582,0.44400545954704285,0.16932082176208496,0.44400545954704285,0.16932082176208496,0.4600410759449005,0.18494124710559845
681,399,-1.3732893466949463,-1.2922192811965942,0.9421838704931236,0.017863090963412986,0.1406811424220602,2.1370954513549805,0.9589519500732422,2.1370954513549805,0.9589519500732422,2.5850720405578613,1.2466257810592651,0.9589519500732422,0.02142965793609619,0.9589519500732422,0.02142965793609619,1.0915944576263428,0.14546769857406616
682,399,-1.3350213766098022,-1.4836620092391968,0.6971287531095245,0.689020041084538,0.06573380058010403,1.254209280014038,0.5605165958404541,1.254209280014038,0.5605165958404541,2.8969483375549316,1.4256559610366821,0.5605165958404541,0.014577031135559082,0.5605165958404541,0.014577031135559082,0.9930862784385681,0.40580570697784424
683,399,-0.40884318947792053,-1.671143651008606,0.6597159906104209,0.48748056562617414,0.42806375155225385,0.5283429622650146,0.5283429622650146,0.5283429622650146,0.5283429622650146,1.1048153638839722,1.0879236459732056,0.5283429622650146,0.5221089124679565,0.5283429622650146,0.5221089124679565,0.8081333041191101,0.7495442032814026
684,399,-0.32138168811798096,-0.9158734679222107,0.22193742057929422,0.4233766027043264,0.21775578788171213,0.8083174824714661,0.6874769330024719,0.8083174824714661,0.6874769330024719,1.014047622680664,0.6874769330024719,0.4860846996307373,0.2872493267059326,0.4860846996307373,0.2872493267059326,0.5867807865142822,0.3850562572479248
685,399,-0.4372028112411499,-0.7272819876670837,0.21795416940003637,0.08909425266087068,0.22570014569908367,0.5076202154159546,0.5875523090362549,0.5076202154159546,0.5875523090362549,0.6514397263526917,0.5875523090362549,0.3033226728439331,0.15575897693634033,0.3033226728439331,0.15575897693634033,0.37618768215179443,0.23053786158561707
686,399,-1.2945970296859741,-0.3240201473236084,0.16376542069017885,0.1029969880450517,0.032265843404456984,0.2817015051841736,0.22114679217338562,0.2817015051841736,0.22114679217338562,0.40341678261756897,0.3422538638114929,0.22114679217338562,0.07819175720214844,0.22114679217338562,0.07819175720214844,0.2817003130912781,0.1371617317199707
687,399,0.6055571436882019,-0.7482916116714478,0.5570927085851629,0.02195965887357787,0.004533415635426974,1.1197255849838257,0.6130176782608032,1.1197255849838257,0.6130176782608032,1.3093013763427734,0.7646836042404175,0.6130176782608032,0.06066286563873291,0.6130176782608032,0.06066286563873291,0.6888506412506104,0.13070857524871826
688,399,-0.4007374942302704,-0.19683785736560822,0.38012609618405513,0.3530678874005874,0.018719596589604898,0.30726397037506104,0.30726397037506104,0.30726397037506104,0.30726397037506104,0.7504408955574036,0.1436188817024231,0.30726397037506104,0.07431431859731674,0.30726397037506104,0.07431431859731674,0.22544142603874207,0.29304996132850647
689,399,0.007112372666597366,-0.1386202573776245,0.23967330039401227,0.32835854119698826,0.13900500795027865,0.2300388514995575,0.03578542172908783,0.2300388514995575,0.03578542172908783,0.47318336367607117,0.03578542172908783,0.2300388514995575,0.21093900501728058,0.2300388514995575,0.21093900501728058,0.13291212916374207,0.3094700872898102
690,399,1.5326603651046753,-0.1708519458770752,0.0982795422337949,0.12333076035603874,0.2561979162320494,0.12760525941848755,0.008396953344345093,0.12760525941848755,0.008396953344345093,0.3536134660243988,0.008396953344345093,0.12760525941848755,0.0034968554973602295,0.12760525941848755,0.0034968554973602295,0.06977896392345428,0.06821900606155396
691,399,-2.5943238735198975,0.4835509657859802,0.6209843107437093,0.0031811751549444267,0.05333685571948693,0.6785014271736145,0.6785014271736145,0.6785014271736145,0.6785014271736145,0.2867627739906311,0.6026018857955933,0.6785014271736145,0.0022807717323303223,0.6785014271736145,0.0022807717323303223,0.639371395111084,0.03623467683792114
692,399,0.4739605486392975,-0.6047959327697754,1.0262175336418053,0.4656968248511354,0.015874171337733722,2.7694761753082275,1.0169845819473267,2.7694761753082275,1.0169845819473267,2.3054540157318115,0.4778076410293579,1.0169845819473267,0.0013852119445800781,1.0169845819473267,0.0013852119445800781,0.7473961114883423,0.21865814924240112
693,399,-0.8450973629951477,-0.3209887742996216,0.13611014509573582,0.7552622428722681,0.39138948686420927,1.969618320465088,0.5308780670166016,1.969618320465088,0.5308780670166016,1.6675699949264526,0.23687884211540222,0.7811305522918701,0.24473387002944946,0.7811305522918701,0.24473387002944946,0.6327548027038574,0.43471330404281616
694,399,0.741585373878479,-0.7017109990119934,0.44386509999011947,0.18508683337519583,0.46302415966366745,0.9749424457550049,0.7017010450363159,0.9749424457550049,0.7017010450363159,2.1296558380126953,0.7017010450363159,0.4744713306427002,0.18576806783676147,0.4744713306427002,0.18576806783676147,0.6676298379898071,0.18578341603279114
695,399,2.1457130908966064,0.16902455687522888,0.25423004246006403,0.2045659325396021,0.157261202732722,0.3647325932979584,0.3647325932979584,0.3647325932979584,0.3647325932979584,0.3741167485713959,0.0850648358464241,0.3647325932979584,0.08540752530097961,0.3647325932979584,0.08540752530097961,0.22489871084690094,0.14128398895263672
696,399,0.8353867530822754,1.0753052234649658,0.9447482024133205,0.24580583967268466,0.09853477351367457,0.9592400193214417,0.9592400193214417,0.9592400193214417,0.9592400193214417,0.7311448454856873,1.245972990989685,0.9592400193214417,0.1444697380065918,0.9592400193214417,0.1444697380065918,1.1026065349578857,0.12404811382293701
697,399,1.1749849319458008,1.309552550315857,0.38330645823230347,0.7546064096068343,0.12452838224669271,0.818787693977356,1.2336959838867188,0.818787693977356,1.2336959838867188,0.5879883170127869,1.2336959838867188,0.818787693977356,0.18448400497436523,0.818787693977356,0.18448400497436523,1.0262417793273926,0.39229607582092285
698,399,0.8999240398406982,1.371680736541748,0.49077371843780054,0.3004111528086165,0.4384541420514388,0.10984468460083008,0.6456495523452759,0.10984468460083008,0.6456495523452759,0.564290463924408,1.3356314897537231,0.6456495523452759,0.32805049419403076,0.6456495523452759,0.32805049419403076,0.8480710387229919,0.5489373803138733
699,399,-0.1708277314901352,0.9694346189498901,0.30654146994153625,0.33694969917337103,0.16158441277841762,0.36998701095581055,0.7929131388664246,0.36998701095581055,0.7929131388664246,0.6664364337921143,0.7929131388664246,0.36998701095581055,0.13368117809295654,0.36998701095581055,0.13368117809295654,0.5814501047134399,0.3533705770969391
700,399,0.4154396057128906,0.4042122960090637,0.14233962189406152,0.26175708720460533,0.23025735916569828,0.19354410469532013,0.20260785520076752,0.19354410469532013,0.20260785520076752,0.3875575065612793,0.3991171717643738,0.28171348571777344,0.08094340562820435,0.28171348571777344,0.08094340562820435,0.37927761673927307,0.10002881288528442
701,399,1.5643006563186646,0.31879717111587524,0.14955103823915122,0.06928333884105081,0.15333010610193018,0.15280412137508392,0.28222721815109253,0.15280412137508392,0.28222721815109253,0.12215128540992737,0.28222721815109253,0.15280412137508392,0.05055183172225952,0.15280412137508392,0.05055183172225952,0.2442876398563385,0.08901463449001312
702,399,0.4692954123020172,0.7352436780929565,0.711249118509392,0.11958145125458641,0.038864890088637694,0.7484508752822876,0.7484508752822876,0.7484508752822876,0.7484508752822876,0.4859752357006073,0.8995152711868286,0.7484508752822876,0.028152823448181152,0.7484508752822876,0.028152823448181152,0.8239830732345581,0.07294148206710815
703,399,0.0441182516515255,0.7916420698165894,0.21841751168792445,0.5333082460363706,0.10055605977152782,0.5415207147598267,0.7730450630187988,0.5415207147598267,0.7730450630187988,0.22783911228179932,0.7730450630187988,0.5415207147598267,0.0723121166229248,0.5415207147598267,0.0723121166229248,0.6572828888893127,0.1912519335746765
704,399,1.6622545719146729,0.49021416902542114,0.035237631617734744,0.2070824181226391,0.2871037399520478,0.23568713665008545,0.4016186594963074,0.23568713665008545,0.4016186594963074,0.04466778039932251,0.4016186594963074,0.23568713665008545,0.02016592025756836,0.23568713665008545,0.02016592025756836,0.3085097670555115,0.09149211645126343
705,399,0.7654570937156677,0.8551743626594543,0.7147975474844375,0.054414360684652885,0.12577427989492806,0.8300868272781372,0.8300868272781372,0.8300868272781372,0.8300868272781372,0.6867631673812866,0.9399458765983582,0.8300868272781372,0.016389131546020508,0.8300868272781372,0.016389131546020508,0.8771170377731323,0.06780266761779785
706,399,-0.6660091280937195,0.8603644967079163,0.37130336691004534,0.5409690722015997,0.0015886497901131946,0.5649456977844238,0.9545854926109314,0.5649456977844238,0.9545854926109314,0.49817439913749695,0.9545854926109314,0.5649456977844238,0.007044672966003418,0.5649456977844238,0.007044672966003418,0.759765625,0.20587679743766785
707,399,0.7209525108337402,0.32145729660987854,0.3613134908676148,0.2525306557863952,0.31931807912886134,1.3418986797332764,0.3106463849544525,1.3418986797332764,0.3106463849544525,0.9854530096054077,0.2551645338535309,0.3106463849544525,0.2535317540168762,0.3106463849544525,0.2535317540168762,0.1583598405122757,0.39713409543037415
708,399,-0.1976655125617981,0.2832786440849304,0.22845646732797226,0.26157093244294327,0.205259764281412,0.7813840508460999,0.10033375024795532,0.7813840508460999,0.10033375024795532,0.4394912123680115,0.10033375024795532,0.25576382875442505,0.1780289113521576,0.25576382875442505,0.1780289113521576,0.17804878950119019,0.35140031576156616
709,399,2.5146572589874268,0.013542480766773224,0.08921494077891115,0.18952902100980282,0.12960440177470442,0.24912071228027344,0.15438607335090637,0.24912071228027344,0.15438607335090637,0.08373121917247772,0.046070680022239685,0.24912071228027344,0.09630389511585236,0.24912071228027344,0.09630389511585236,0.19470828771591187,0.15024787187576294
710,399,1.5692856311798096,1.1077589988708496,1.0293833896517752,0.019230243414640302,0.13919144704937936,1.0427824258804321,1.0427824258804321,1.0427824258804321,1.0427824258804321,0.8863128423690796,1.115464210510254,1.0427824258804321,0.05879819393157959,1.0427824258804321,0.05879819393157959,1.1116328239440918,0.07139509916305542
711,399,0.1247464120388031,1.3866491317749023,0.6136198791799448,0.7514148319264256,0.00958158013100463,0.7556620240211487,1.3919177055358887,0.7556620240211487,1.3919177055358887,0.9977670907974243,1.3919177055358887,0.7556620240211487,0.0364527702331543,0.7556620240211487,0.0364527702331543,1.0737898349761963,0.35323619842529297
712,399,2.66534686088562,1.0417581796646118,0.013191113565117263,0.4744191641919316,0.3847313019633293,0.21961337327957153,0.6224397420883179,0.21961337327957153,0.6224397420883179,0.5860008001327515,0.9527872800827026,0.5603138208389282,0.06631797552108765,0.5603138208389282,0.06631797552108765,0.7276307344436646,0.26338624954223633
713,399,1.4788498878479004,1.5252000093460083,1.000475573260337,0.0029151775315405803,0.3019058269821111,1.079705834388733,1.079705834388733,1.079705834388733,1.079705834388733,1.1723952293395996,1.4406647682189941,1.079705834388733,0.03976011276245117,1.079705834388733,0.03976011276245117,1.240295648574829,0.21001112461090088
714,399,0.33906400203704834,1.553612232208252,0.551098893213396,0.7676169045952461,0.018405732062334756,0.8338376879692078,1.4649341106414795,0.8338376879692078,1.4649341106414795,0.9538000226020813,1.4649341106414795,0.8338376879692078,0.02808523178100586,0.8338376879692078,0.02808523178100586,1.149385929107666,0.35234639048576355
715,399,1.7812262773513794,1.3179668188095093,0.0870622749378287,0.4469697075833876,0.5744238651295502,0.672208309173584,1.3006799221038818,0.672208309173584,1.3006799221038818,0.7674280405044556,1.3006799221038818,0.672208309173584,0.15881121158599854,0.672208309173584,0.15881121158599854,0.9175266027450562,0.45425042510032654
716,399,2.790724039077759,1.2654199600219727,0.7108056625413398,0.08332167857016137,0.3001103808606663,0.8777949213981628,0.8777949213981628,0.8777949213981628,0.8777949213981628,1.119563341140747,1.3134146928787231,0.8777949213981628,0.13699030876159668,0.8777949213981628,0.13699030876159668,1.0321530103683472,0.30948078632354736
717,399,-0.4341984987258911,1.7068907022476196,0.973484018134574,0.4909744237984218,0.01672883371512124,1.0439956188201904,1.0439956188201904,1.0439956188201904,1.0439956188201904,1.3131014108657837,1.6783924102783203,1.0439956188201904,0.07335388660430908,1.0439956188201904,0.07335388660430908,1.3611940145492554,0.34079867601394653
718,399,2.0482959747314453,1.0659340620040894,0.27346459656953803,0.7929470500349998,0.3668876409530639,0.9260165095329285,0.7428188920021057,0.9260165095329285,0.7428188920021057,1.097952961921692,1.1483781337738037,0.9260165095329285,0.21113741397857666,0.9260165095329285,0.21113741397857666,1.1272963285446167,0.2363882064819336
719,399,2.8234801292419434,1.2149581909179688,0.77296414381514,0.22487256707002734,0.4946973223487535,0.5709481239318848,0.925673246383667,0.5709481239318848,0.925673246383667,1.1149872541427612,1.3006762266159058,0.925673246383667,0.1737980842590332,0.925673246383667,0.1737980842590332,1.1898473501205444,0.29641157388687134
720,399,2.362649440765381,1.530622959136963,1.0200953478490316,0.45560713929434593,0.09662567547212042,0.9737999439239502,0.9737999439239502,0.9737999439239502,0.9737999439239502,1.305281639099121,1.5345990657806396,0.9737999439239502,0.060318708419799805,0.9737999439239502,0.060318708419799805,1.254199504852295,0.2338154911994934
721,141,4.219044208526611,1.7364448308944702,0.40134034396459617,0.5038587925893567,0.3630304857653879,0.3723735809326172,0.9604179859161377,0.3723735809326172,0.9604179859161377,0.7996056079864502,0.9604179859161377,0.3723735809326172,0.3162546157836914,0.3723735809326172,0.3162546157836914,0.6663957834243774,0.5484633445739746
722,399,0.587735652923584,2.7802555561065674,1.2922646353393792,0.6402294433116913,0.5895562426000833,1.1751623153686523,1.1751623153686523,1.1751623153686523,1.1751623153686523,1.3686550855636597,2.1009774208068848,1.1751623153686523,0.5908188819885254,1.1751623153686523,0.5908188819885254,1.6380698680877686,0.8941788673400879
723,399,2.754925489425659,2.1420207023620605,0.18304387626548602,1.238404220988353,0.4590089668085181,1.3520854711532593,1.624133825302124,1.3520854711532593,1.624133825302124,1.457871675491333,2.1517791748046875,1.3520854711532593,0.25161707401275635,1.3520854711532593,0.25161707401275635,1.6148438453674316,0.5325394868850708
724,399,1.040989875793457,2.0863969326019287,1.0697676655921768,0.10773130304102496,0.6638099061526983,0.497114896774292,1.2288570404052734,0.497114896774292,1.2288570404052734,1.2472079992294312,2.125070810317993,1.2288570404052734,0.23702454566955566,1.2288570404052734,0.23702454566955566,1.5714731216430664,0.610092282295227
725,399,3.746793270111084,1.5756442546844482,0.3897891656806074,0.8451671677206952,0.06750706159820163,0.9223572015762329,1.3940184116363525,0.9223572015762329,1.3940184116363525,0.6504233479499817,1.3940184116363525,0.9223572015762329,0.14226484298706055,0.9223572015762329,0.14226484298706055,1.1581878662109375,0.37203314900398254
726,399,3.4593796730041504,2.1332950592041016,1.190414984493206,0.2554703228796522,0.5205700098412733,1.2174789905548096,1.2174789905548096,1.2174789905548096,1.2174789905548096,1.582371711730957,2.130335807800293,1.2174789905548096,0.30181944370269775,1.2174789905548096,0.30181944370269775,1.5052610635757446,0.5727289319038391
727,399,1.560409426689148,2.3525023460388184,0.9825137145817284,0.9577491027861833,0.17269874095916693,0.8380484580993652,0.9659006595611572,0.8380484580993652,0.9659006595611572,1.9969494342803955,2.119619846343994,0.9659006595611572,0.2213287353515625,0.9659006595611572,0.2213287353515625,1.5427602529525757,0.7112679481506348
728,399,4.017620086669922,2.3817811012268066,0.5431007835455242,0.8856226636469365,0.6773957131616769,0.905231237411499,1.6842617988586426,0.905231237411499,1.6842617988586426,1.6652758121490479,2.4041261672973633,1.0106961727142334,0.5525226593017578,1.0106961727142334,0.5525226593017578,1.3826723098754883,0.9761518836021423
729,399,3.100985527038574,2.532458782196045,1.3863342296083763,0.38989194379498593,0.49319289558877566,1.2579103708267212,1.2579103708267212,1.2579103708267212,1.2579103708267212,1.7732064723968506,2.433180809020996,1.2579103708267212,0.3183116912841797,1.2579103708267212,0.3183116912841797,1.5739507675170898,0.5600802898406982
730,399,2.400588035583496,2.5425944328308105,1.1174738673617437,1.0616786608596644,0.30874827248354775,0.6220207214355469,1.0514737367630005,0.6220207214355469,1.0514737367630005,1.860170602798462,2.29079008102417,1.0514737367630005,0.3796854019165039,1.0514737367630005,0.3796854019165039,1.6711318492889404,0.8797416090965271
731,399,0.9229514598846436,2.580611228942871,0.8369530703624091,0.9062823340793448,0.707752654453119,0.5633349418640137,1.8521597385406494,0.5633349418640137,1.8521597385406494,0.8223541975021362,1.8521597385406494,0.8392187356948853,0.6592532396316528,0.8392187356948853,0.6592532396316528,1.345689296722412,1.146689772605896
732,399,0.1886044293642044,1.8544341325759888,0.31994915979603933,0.6442773065405587,0.5605592395799857,0.4800969362258911,1.1521227359771729,0.4800969362258911,1.1521227359771729,1.0734448432922363,1.7217233180999756,0.708520770072937,0.39977264404296875,0.708520770072937,0.39977264404296875,1.004866123199463,0.6953474283218384
733,399,0.681222677230835,0.894677996635437,0.03302360867460541,0.20122653244684108,0.4104402021939556,0.47125622630119324,0.829034149646759,0.47125622630119324,0.829034149646759,0.3115929961204529,0.829034149646759,0.47125622630119324,0.0835498571395874,0.47125622630119324,0.0835498571395874,0.6121454238891602,0.23427465558052063
734,399,1.309708595275879,0.5423206090927124,0.13528095605162277,0.030030589920158113,0.13889902909596763,0.22048220038414001,0.5792575478553772,0.22048220038414001,0.5792575478553772,0.409858763217926,0.5792575478553772,0.22048220038414001,0.0635479986667633,0.22048220038414001,0.0635479986667633,0.3678426742553711,0.21118921041488647
735,399,-1.1761784553527832,0.818665087223053,0.39933393862098454,0.07673087745904922,0.048244644962251115,0.6287930011749268,0.6287930011749268,0.6287930011749268,0.6287930011749268,0.6495844125747681,0.8868821859359741,0.6287930011749268,0.04845690727233887,0.6287930011749268,0.04845690727233887,0.7578375935554504,0.17973196506500244
736,399,-0.16384299099445343,0.0991181805729866,0.6213546334952115,0.3006896351650356,0.04748361725360156,1.3775066137313843,0.49580836296081543,1.3775066137313843,0.49580836296081543,0.976625382900238,0.054928503930568695,0.49580836296081543,0.12825264036655426,0.49580836296081543,0.12825264036655426,0.27536842226982117,0.3321763277053833
737,399,-1.1281301975250244,-0.18744754791259766,0.24737714763109886,0.5833783667658766,0.20069629241401954,1.330225944519043,0.48570990562438965,1.330225944519043,0.48570990562438965,2.0420796871185303,0.48570990562438965,0.41248536109924316,0.2647508978843689,0.41248536109924316,0.2647508978843689,0.4490976333618164,0.22939962148666382
738,399,-1.4570155143737793,-0.8805946707725525,0.7580055076442661,0.19890803145244695,0.39057804621756087,1.031508445739746,0.5347520112991333,1.031508445739746,0.5347520112991333,1.5929253101348877,0.8919528722763062,0.5347520112991333,0.06259256601333618,0.5347520112991333,0.06259256601333618,0.6810486316680908,0.20094361901283264
739,399,-1.9139289855957031,-1.0555307865142822,0.7464899700010816,0.5333212188879649,0.09685021071384337,1.1493000984191895,0.5662258863449097,1.1493000984191895,0.5662258863449097,1.8907537460327148,0.985110878944397,0.5662258863449097,0.034406423568725586,0.5662258863449097,0.034406423568725586,0.7756683826446533,0.22811076045036316
740,399,-1.0422959327697754,-1.533033847808838,0.8833443246906003,0.6025496053074797,0.3415746426333983,1.0273528099060059,0.6749753952026367,1.0273528099060059,0.6749753952026367,1.6809262037277222,1.2217917442321777,0.6749753952026367,0.2805081605911255,0.6749753952026367,0.2805081605911255,0.9483835697174072,0.5226483345031738
741,399,-1.1255650520324707,-1.4639735221862793,0.6348552880808711,0.7366530477628112,0.3583145025372507,0.9938433170318604,1.1377936601638794,0.9938433170318604,1.1377936601638794,1.4555102586746216,1.1377936601638794,0.6737078428268433,0.3576594591140747,0.6737078428268433,0.3576594591140747,0.9057507514953613,0.5787208080291748
742,399,-2.981205701828003,-1.2331671714782715,0.6879438366740944,0.5200109122693537,0.5147477736324071,0.46715039014816284,0.4297437071800232,0.46715039014816284,0.4297437071800232,0.8827810883522034,0.8445629477500916,0.4297437071800232,0.4703194499015808,0.4297437071800232,0.4703194499015808,0.6371533274650574,0.6475866436958313
743,399,-0.5105886459350586,-1.7524137496948242,1.233857936238249,0.4826953132574756,0.3017211277907095,1.908413052558899,0.9367161393165588,1.908413052558899,0.9367161393165588,2.332080364227295,1.3952796459197998,0.9367161393165588,0.25836265087127686,0.9367161393165588,0.25836265087127686,1.165997862815857,0.42809510231018066
744,399,-0.35501575469970703,-1.7353609800338745,0.47688425348450747,1.1663034201910099,0.3580729510759313,1.981346607208252,1.3656823635101318,1.981346607208252,1.3656823635101318,2.240676164627075,1.3656823635101318,1.1104753017425537,0.32890963554382324,1.1104753017425537,0.32890963554382324,1.2380788326263428,0.4523247480392456
745,399,0.7542703151702881,-0.9948363900184631,0.3251929292703668,0.3155375820646682,0.6244605868185562,0.9774906635284424,0.9211907386779785,0.9774906635284424,0.9211907386779785,1.1504409313201904,0.9211907386779785,0.5665807127952576,0.2136480212211609,0.5665807127952576,0.2136480212211609,0.6474234461784363,0.29551219940185547
746,399,0.6467059850692749,0.07006208598613739,0.21685161899154376,0.2737906184575209,0.1867807956940184,0.5262411236763,0.24739375710487366,0.5262411236763,0.24739375710487366,0.15697622299194336,0.24739375710487366,0.12845280766487122,0.10946756601333618,0.12845280766487122,0.10946756601333618,0.18792328238487244,0.1866728663444519
747,399,1.4696074724197388,0.5928648710250854,0.17055775137618195,0.1156234938278794,0.13472012532874944,0.2256680727005005,0.2708073556423187,0.2256680727005005,0.2708073556423187,0.013335227966308594,0.44878244400024414,0.2708073556423187,0.2203110158443451,0.2708073556423187,0.2203110158443451,0.24772320687770844,0.19906999170780182
748,141,0.6998763084411621,1.1291533708572388,0.34259485526631267,0.09418249020973823,0.08184574863563004,0.4882403612136841,0.4882403612136841,0.4882403612136841,0.4882403612136841,0.42123186588287354,0.7441923022270203,0.4882403612136841,0.22256684303283691,0.4882403612136841,0.22256684303283691,0.6162163019180298,0.3353472352027893
749,399,-0.5866499543190002,1.070141077041626,0.174860386401415,0.36860890917479977,0.06992177851498127,0.5351747274398804,0.8399468064308167,0.5351747274398804,0.8399468064308167,0.5050474405288696,0.8399468064308167,0.5351747274398804,0.15615451335906982,0.5351747274398804,0.15615451335906982,0.6875607967376709,0.30808043479919434
750,399,0.09818147122859955,0.18537794053554535,0.3535446947130064,0.12184022984777881,0.17226894931246842,1.095707893371582,0.25583499670028687,1.095707893371582,0.25583499670028687,0.8280885219573975,0.23175421357154846,0.25583499670028687,0.2488415539264679,0.25583499670028687,0.2488415539264679,0.13120055198669434,0.3663140535354614
751,399,-1.3257272243499756,-0.1776857227087021,0.1761750823135177,0.30552714693049593,0.07595440955211719,0.6781445145606995,0.1609252691268921,0.6781445145606995,0.1609252691268921,0.9285507798194885,0.1609252691268921,0.20845913887023926,0.16686995327472687,0.20845913887023926,0.16686995327472687,0.18469220399856567,0.18987442553043365
752,141,0.6364201903343201,-0.6046353578567505,0.4998896121482053,0.20703420969347164,0.3963364942620198,0.5372170209884644,0.14536306262016296,0.5372170209884644,0.14536306262016296,1.053827166557312,0.24054542183876038,0.14536306262016296,0.014020562171936035,0.14536306262016296,0.014020562171936035,0.2066570520401001,0.03685551881790161
753,399,-0.7089149355888367,-0.1944516897201538,0.11077060497055455,0.5171552238923808,0.06098770390575142,1.1073262691497803,0.13751384615898132,1.1073262691497803,0.13751384615898132,0.8092463612556458,0.13751384615898132,0.4426336884498596,0.02019399404525757,0.4426336884498596,0.02019399404525757,0.2900737524032593,0.17742887139320374
754,399,0.5539349317550659,-0.29605865478515625,0.528265820145607,0.12374667514115567,0.3029448265209794,1.0048656463623047,0.3460646867752075,1.0048656463623047,0.3460646867752075,1.6587681770324707,0.38598158955574036,0.3460646867752075,0.25291717052459717,0.3460646867752075,0.25291717052459717,0.4840967357158661,0.15075097978115082
755,399,-0.776401698589325,0.27078717947006226,0.18804559435695428,0.39627212477847945,0.06569932045415039,0.7396450638771057,0.00804215669631958,0.7396450638771057,0.00804215669631958,0.5380359292030334,0.00804215669631958,0.26244133710861206,0.15215101838111877,0.26244133710861206,0.15215101838111877,0.13524174690246582,0.28646212816238403
756,399,0.1644294410943985,-0.42774444818496704,0.5511613462120295,0.11243136119097463,0.24731929082423443,1.0156974792480469,0.36904123425483704,1.0156974792480469,0.36904123425483704,1.4195201396942139,0.3088635802268982,0.36904123425483704,0.2213670015335083,0.36904123425483704,0.2213670015335083,0.44518977403640747,0.13617181777954102
757,399,-1.2751396894454956,-0.01131577230989933,0.05367029110280175,0.4409370527261247,0.0859954244705537,0.8289465308189392,0.22738027572631836,0.8289465308189392,0.22738027572631836,0.7024206519126892,0.09622244536876678,0.30515146255493164,0.07858934253454208,0.30515146255493164,0.07858934253454208,0.23985229432582855,0.1468455195426941
758,399,0.048276387155056,-0.7992447018623352,0.6478330882514517,0.057549103299776694,0.27263540564725797,1.1718554496765137,0.5321962833404541,1.1718554496765137,0.5321962833404541,1.5402522087097168,0.6329752206802368,0.5321962833404541,0.05610346794128418,0.5321962833404541,0.05610346794128418,0.612305760383606,0.08069151639938354
759,399,0.27087336778640747,-0.5830982327461243,0.13694370749096085,0.5799180408815542,0.02304109531144305,1.0473521947860718,0.47833573818206787,1.0473521947860718,0.47833573818206787,1.076347827911377,0.47833573818206787,0.4994123578071594,0.03778183460235596,0.4994123578071594,0.03778183460235596,0.48887404799461365,0.04860273003578186
760,399,-0.7450470924377441,-0.0649002194404602,0.00045574812839427326,0.08774372659002741,0.2825731358615061,0.5123188495635986,0.10311980545520782,0.5123188495635986,0.10311980545520782,0.5773414373397827,0.10311980545520782,0.23930221796035767,0.12240426242351532,0.23930221796035767,0.12240426242351532,0.2310011386871338,0.13117635250091553
761,399,-0.6687522530555725,-0.283013254404068,0.4915220338975389,0.003903343441585716,0.073678920318683,0.7270283699035645,0.3067858815193176,0.7270283699035645,0.3067858815193176,0.7571717500686646,0.21572767198085785,0.3067858815193176,0.08307799696922302,0.3067858815193176,0.08307799696922302,0.3030760586261749,0.0863429605960846
762,399,0.4757021963596344,-0.5147987604141235,0.41287089996039866,0.3807958245836198,0.014534015562385427,0.709899365901947,0.2912042737007141,0.709899365901947,0.2912042737007141,1.3069946765899658,0.5530107021331787,0.2912042737007141,0.04670059680938721,0.2912042737007141,0.04670059680938721,0.4221074879169464,0.13179728388786316
763,399,-0.2669333815574646,-0.19935908913612366,0.01720313473294177,0.32950410691400367,0.23922514372815679,0.6735526323318481,0.05538356304168701,0.6735526323318481,0.05538356304168701,1.0804880857467651,0.20394590497016907,0.2545512914657593,0.20210158824920654,0.2545512914657593,0.20210158824920654,0.32930365204811096,0.12646034359931946
764,399,1.6809245347976685,0.10273724794387817,0.20433859204252558,0.054996323424081006,0.19262633228053644,0.4245266318321228,0.11632469296455383,0.4245266318321228,0.11632469296455383,0.8284400105476379,0.08233466744422913,0.11632469296455383,0.17868739366531372,0.11632469296455383,0.17868739366531372,0.18675771355628967,0.1069033145904541
765,399,0.22491669654846191,0.6934700012207031,0.6344483026489615,0.23222805485129366,0.028173723034560505,0.7744875550270081,0.7744875550270081,0.7744875550270081,0.7744875550270081,0.1892073154449463,0.6568994522094727,0.7744875550270081,0.08793294429779053,0.7744875550270081,0.08793294429779053,0.715693473815918,0.052079856395721436
766,399,0.9786035418510437,0.6772255897521973,0.027987649713953566,0.5443128260349231,0.1539329944426814,0.61721271276474,0.7221065163612366,0.61721271276474,0.7221065163612366,0.11207395792007446,0.6600677371025085,0.61721271276474,0.10158002376556396,0.61721271276474,0.10158002376556396,0.5857544541358948,0.07122719287872314
767,399,0.6781076788902283,0.9570778608322144,0.3010834683974587,0.00783854686344676,0.2787685907197493,0.12558472156524658,0.46378621459007263,0.12558472156524658,0.46378621459007263,0.4830416738986969,0.8793091177940369,0.46378621459007263,0.09187579154968262,0.46378621459007263,0.09187579154968262,0.6283342838287354,0.27082884311676025
768,399,-0.7360424995422363,0.7339406609535217,0.15875057129810255,0.23290473251293103,0.013119380896290112,0.36371850967407227,0.6763565540313721,0.36371850967407227,0.6763565540313721,0.5360510945320129,0.6763565540313721,0.36371850967407227,0.04450249671936035,0.36371850967407227,0.04450249671936035,0.5200375318527222,0.19611415266990662
769,399,-0.47783955931663513,0.12434208393096924,0.49574631635720534,0.10740834256944554,0.13643792195556076,1.0770748853683472,0.3374950587749481,1.0770748853683472,0.3374950587749481,0.8627331852912903,0.16103607416152954,0.3374950587749481,0.2718427777290344,0.3374950587749481,0.2718427777290344,0.22381991147994995,0.38820046186447144
770,399,1.5125693082809448,-0.20147889852523804,0.36974231258034695,0.4310559770464897,0.08968482568860037,0.8584344983100891,0.5312632918357849,0.8584344983100891,0.5312632918357849,1.6042449474334717,0.5312632918357849,0.2995384931564331,0.17017203569412231,0.2995384931564331,0.17017203569412231,0.415400892496109,0.11642061173915863
771,399,-0.8809366822242737,0.2694506049156189,0.48113723558684185,0.2380761334548394,0.2588189489642778,0.6321184635162354,0.6321184635162354,0.6321184635162354,0.6321184635162354,0.07598847150802612,0.28232845664024353,0.6321184635162354,0.14816254377365112,0.6321184635162354,0.14816254377365112,0.5382077097892761,0.22815263271331787
772,399,0.22221288084983826,0.1045924499630928,0.4681778844197591,0.48159675120065615,0.18194626384725177,0.5890520215034485,0.18608029186725616,0.5890520215034485,0.18608029186725616,0.7849632501602173,0.18608029186725616,0.5890520215034485,0.08726914972066879,0.5890520215034485,0.08726914972066879,0.38756614923477173,0.2801186144351959
773,399,-0.15684038400650024,0.011177027598023415,0.020088516504814233,0.39226788807349905,0.25891534699437524,1.1324225664138794,0.20690909028053284,1.1324225664138794,0.20690909028053284,0.7362678647041321,0.11148489266633987,0.2992399036884308,0.09180505573749542,0.2992399036884308,0.09180505573749542,0.15974487364292145,0.24702364206314087
774,399,-0.10598854720592499,-0.19555799663066864,0.13057543784379955,0.0167915396764875,0.32790021721273677,0.5335168242454529,0.21754837036132812,0.5335168242454529,0.21754837036132812,0.7647787928581238,0.21754837036132812,0.2344980090856552,0.08458240330219269,0.2344980090856552,0.08458240330219269,0.26817354559898376,0.05041754990816116
775,399,0.6089180111885071,-0.061148181557655334,0.11600043624639511,0.10487414605915542,0.007053547725081433,0.17935411632061005,0.04410560429096222,0.17935411632061005,0.04410560429096222,0.36671358346939087,0.09932677447795868,0.04410560429096222,0.04750208556652069,0.04410560429096222,0.04750208556652069,0.07171618938446045,0.027648761868476868
776,399,0.6231181621551514,0.14887629449367523,0.1300999620060126,0.11784885966529456,0.07509020247807101,0.27885621786117554,0.27885621786117554,0.27885621786117554,0.27885621786117554,0.009099245071411133,0.24189667403697968,0.27885621786117554,0.03228384256362915,0.27885621786117554,0.03228384256362915,0.2603764533996582,0.051068566739559174
777,399,1.278814673423767,0.4747591018676758,0.1788547830159465,0.14311291946719096,0.08560026345153643,0.2746705412864685,0.2746705412864685,0.2746705412864685,0.2746705412864685,0.49659264087677,0.5019493103027344,0.2746705412864685,0.024814724922180176,0.2746705412864685,0.024814724922180176,0.38830992579460144,0.11415457725524902
778,399,-0.652364194393158,0.7748432755470276,0.40177271709777407,0.11635403905063857,0.033488962156698276,0.5384962558746338,0.5384962558746338,0.5384962558746338,0.5384962558746338,0.5262085795402527,0.7722352147102356,0.5384962558746338,0.14992177486419678,0.5384962558746338,0.14992177486419678,0.6553657054901123,0.2590240240097046
779,399,-0.8274506330490112,0.28042447566986084,0.401345407309321,0.37471132548215486,0.06370295923358443,1.1053860187530518,0.3071649670600891,1.1053860187530518,0.3071649670600891,0.6478471755981445,0.2028360664844513,0.3071649670600891,0.15252943336963654,0.3071649670600891,0.15252943336963654,0.2550005316734314,0.4050978124141693
780,399,-1.3439899682998657,-0.20960554480552673,0.4535554695129394,0.33348714649677275,0.21068355679512019,1.2175370454788208,0.34094077348709106,1.2175370454788208,0.34094077348709106,2.1084790229797363,0.5731065273284912,0.34094077348709106,0.2680937647819519,0.34094077348709106,0.2680937647819519,0.45702365040779114,0.15677234530448914
781,399,-0.9475007653236389,-1.0039634704589844,0.7011651841613153,0.41143458789835374,0.2707084117891889,0.8925507068634033,0.5793628096580505,0.8925507068634033,0.5793628096580505,1.2786247730255127,0.9046708345413208,0.5793628096580505,0.1631450653076172,0.5793628096580505,0.1631450653076172,0.7420167922973633,0.31896451115608215
782,399,-1.8816981315612793,-0.8671175837516785,0.5693805059790613,0.4859586888924241,0.18587083380669345,0.4774833023548126,0.4217524826526642,0.4774833023548126,0.4217524826526642,1.067878007888794,0.8521386384963989,0.4217524826526642,0.16075950860977173,0.4217524826526642,0.16075950860977173,0.6369455456733704,0.37291577458381653
783,399,0.19840671122074127,-1.4505687952041626,0.8827426413136223,0.47763931809614135,0.34072024372095844,1.1995677947998047,0.7650569677352905,1.1995677947998047,0.7650569677352905,1.5680769681930542,1.151106357574463,0.7650569677352905,0.3162963390350342,0.7650569677352905,0.3162963390350342,0.9580816626548767,0.4878031611442566
784,399,-1.685237169265747,-0.818202555179596,0.05805859900390109,0.7684966698599358,0.3248522244145473,1.5422450304031372,0.6762964725494385,1.5422450304031372,0.6762964725494385,2.0517101287841797,0.9199408888816833,0.7710570693016052,0.10221189260482788,0.7710570693016052,0.10221189260482788,0.892058253288269,0.14063915610313416
785,399,-1.42448091506958,-1.065258264541626,0.8931503146141769,0.03996490005403741,0.4106869496777652,1.5117108821868896,0.7001563906669617,1.5117108821868896,0.7001563906669617,2.277859926223755,1.001281499862671,0.7001563906669617,0.06751585006713867,0.7001563906669617,0.06751585006713867,0.8825981616973877,0.1845792829990387
786,399,0.4562051296234131,-1.1442363262176514,0.7648917473480104,0.6989365417137743,0.0014833679795263066,1.3460066318511963,0.5818833708763123,1.3460066318511963,0.5818833708763123,2.501986503601074,1.1995435953140259,0.5818833708763123,0.05713009834289551,0.5818833708763123,0.05713009834289551,0.8907134532928467,0.3027636706829071
787,399,-1.4366611242294312,-0.7712705731391907,0.027499507274478585,0.6816322620771824,0.559833841957152,1.3130693435668945,0.3835403621196747,1.3130693435668945,0.3835403621196747,2.3846828937530518,0.7744169235229492,0.5578317046165466,0.17851608991622925,0.5578317046165466,0.17851608991622925,0.7574273347854614,0.21687668561935425
788,399,-1.0595567226409912,-0.8826271891593933,0.773311395769318,0.05309322277704864,0.38255917650957905,1.4739632606506348,0.6336374878883362,1.4739632606506348,0.6336374878883362,2.1814775466918945,0.816058874130249,0.6336374878883362,0.1742764115333557,0.6336374878883362,0.1742764115333557,0.8069826364517212,0.1801261007785797
789,399,0.11969345062971115,-0.8153841495513916,0.5258576923112073,0.6038859712767106,0.0680829637435576,1.1865485906600952,0.9539381265640259,1.1865485906600952,0.9539381265640259,2.0795438289642334,0.9539381265640259,0.5517675876617432,0.14962732791900635,0.5517675876617432,0.14962732791900635,0.7528528571128845,0.20884180068969727
790,399,0.7343533039093018,-0.5410079956054688,0.13631501264870172,0.4896196473762392,0.4504971395060422,0.7785194516181946,0.3298558294773102,0.7785194516181946,0.3298558294773102,1.5618454217910767,0.6780687570571899,0.3803079128265381,0.050876617431640625,0.3803079128265381,0.050876617431640625,0.5545006990432739,0.18841363489627838
791,399,0.35368943214416504,0.09281960129737854,0.12119187929977973,0.07036643731097389,0.31134293711433797,0.6447799205780029,0.08756880462169647,0.6447799205780029,0.08756880462169647,0.3597989082336426,0.08756880462169647,0.22313997149467468,0.03953194245696068,0.22313997149467468,0.03953194245696068,0.13566936552524567,0.18087288737297058
792,399,1.280632734298706,0.337951123714447,0.004916097709598638,0.0742773402559882,0.08706747323895495,0.1141323447227478,0.3690013587474823,0.1141323447227478,0.3690013587474823,0.10532735288143158,0.3690013587474823,0.026956021785736084,0.1304139643907547,0.026956021785736084,0.1304139643907547,0.13371145725250244,0.23668766021728516
793,399,0.30773472785949707,0.787874698638916,0.40059561770409335,0.012853950858116192,0.045588817633688494,0.5243117809295654,0.5243117809295654,0.5243117809295654,0.5243117809295654,0.5634161829948425,0.8062580823898315,0.5243117809295654,0.11969971656799316,0.5243117809295654,0.11969971656799316,0.6007952690124512,0.19408300518989563
794,399,-0.22078050673007965,0.6081207990646362,0.0018579401075839164,0.27719513110816457,0.0012985625118016042,0.4330991208553314,0.546215832233429,0.4330991208553314,0.546215832233429,0.18254023790359497,0.546215832233429,0.4330991208553314,0.09831804037094116,0.4330991208553314,0.09831804037094116,0.489657461643219,0.15757857263088226
795,399,0.13343483209609985,0.4379833936691284,0.20369077919671927,0.08878487211962535,0.2549026313548287,0.32273954153060913,0.350983589887619,0.32273954153060913,0.350983589887619,0.3660299777984619,0.350983589887619,0.32273954153060913,0.1206163763999939,0.32273954153060913,0.1206163763999939,0.27552732825279236,0.07278493046760559
796,399,0.9026918411254883,0.13376419246196747,0.061442480012774414,0.18777785334736108,0.009575374983251006,0.2767994999885559,0.02152952551841736,0.2767994999885559,0.02152952551841736,0.29502779245376587,0.02152952551841736,0.08193671703338623,0.06986629962921143,0.08193671703338623,0.06986629962921143,0.051733121275901794,0.10025005787611008
797,399,-1.5445913076400757,0.5689278841018677,0.21437596117456764,0.04494553641105692,0.11534491487468285,0.3426873981952667,0.3426873981952667,0.3426873981952667,0.3426873981952667,0.006703495979309082,0.33204221725463867,0.3426873981952667,0.04434216022491455,0.3426873981952667,0.04434216022491455,0.31435132026672363,0.02819100022315979
798,565,0.1920667439699173,-0.2768041491508484,0.5329848660652835,0.3454504629100363,0.06328390638033538,1.4314451217651367,0.5428537130355835,1.4314451217651367,0.5428537130355835,1.1590080261230469,0.25118863582611084,0.5428537130355835,0.02432781457901001,0.5428537130355835,0.02432781457901001,0.39702117443084717,0.16525205969810486
799,565,-0.6628522276878357,-0.21796217560768127,0.05185760632157328,0.43887405537068847,0.26844666607677936,1.2308834791183472,0.39393150806427,1.2308834791183472,0.39393150806427,1.0266212224960327,0.20559005439281464,0.4694059193134308,0.0779443085193634,0.4694059193134308,0.0779443085193634,0.3744610548019409,0.1878972053527832
800,565,-2.483767509460449,-0.5963258743286133,0.28452164957299825,0.09380129436030982,0.3348040011152625,0.7531866431236267,0.5268813967704773,0.7531866431236267,0.5268813967704773,1.390347957611084,0.5268813967704773,0.3599470555782318,0.07667785882949829,0.3599470555782318,0.07667785882949829,0.4759695529937744,0.11857235431671143
801,565,-1.5686919689178467,-1.0896363258361816,0.7877054525415105,0.18052715993175905,0.07698193238427264,1.7865718603134155,0.7806410789489746,1.7865718603134155,0.7806410789489746,2.2678885459899902,0.9876856803894043,0.7806410789489746,0.04437124729156494,0.7806410789489746,0.04437124729156494,0.8841633796691895,0.09770196676254272
802,565,-1.6924006938934326,-1.5950207710266113,0.5630805034438768,0.7732118985305232,0.09626195656756553,1.4954615831375122,1.3983960151672363,1.4954615831375122,1.3983960151672363,2.356520175933838,1.3983960151672363,0.8957200050354004,0.20031261444091797,0.8957200050354004,0.20031261444091797,1.1470580101013184,0.45377397537231445
803,565,-1.7076823711395264,-1.8193671703338623,0.6237315714607636,0.5078756893674534,0.5616802229235569,0.6092832088470459,0.5571751594543457,0.6092832088470459,0.5571751594543457,1.5270090103149414,1.7312365770339966,0.5571751594543457,0.5887720584869385,0.5571751594543457,0.5887720584869385,0.9090350866317749,0.8760026097297668
804,565,0.05245201662182808,-1.6231954097747803,0.5946194714680313,0.5768966490030287,0.3436629108712079,0.6437168717384338,0.5837513208389282,0.6437168717384338,0.5837513208389282,1.3259639739990234,1.2199163436889648,0.5837513208389282,0.43079817295074463,0.5837513208389282,0.43079817295074463,0.9018338322639465,0.7085171937942505
805,565,-0.43771058320999146,-1.2203773260116577,0.07081538257499553,0.583781632135312,0.4393935261170069,1.401244878768921,0.693095326423645,1.401244878768921,0.693095326423645,2.2363274097442627,1.1278125047683716,0.7142887115478516,0.02296435832977295,0.7142887115478516,0.02296435832977295,0.9310627579689026,0.27393293380737305
806,565,0.04009363800287247,-0.6131669282913208,0.1867706125353773,0.14697296580920616,0.340008269076546,0.7225277423858643,0.5140681266784668,0.7225277423858643,0.5140681266784668,1.084567904472351,0.5140681266784668,0.3809761106967926,0.020067214965820312,0.3809761106967926,0.020067214965820312,0.45633113384246826,0.07560895383358002
807,565,2.166724681854248,-0.16056188941001892,0.0857363401974241,0.0943214396884044,0.11259095809111992,0.012889981269836426,0.12435361742973328,0.012889981269836426,0.12435361742973328,0.30923590064048767,0.12435361742973328,0.012889981269836426,0.016764625906944275,0.012889981269836426,0.016764625906944275,0.07693864405155182,0.07684054225683212
808,565,-0.835373044013977,0.6436892747879028,0.8419554691637557,0.09179742077986375,0.055596040797730284,0.8112399578094482,0.8112399578094482,0.8112399578094482,0.8112399578094482,0.1513892114162445,0.8244289755821228,0.8112399578094482,0.09458804130554199,0.8112399578094482,0.09458804130554199,0.8178344964981079,0.08895993232727051
809,565,2.027439594268799,0.4114985167980194,0.24534865957840024,0.7824295319548883,0.05666065924703945,0.7073665261268616,0.41301894187927246,0.7073665261268616,0.41301894187927246,0.7298547029495239,0.41301894187927246,0.7073665261268616,0.009778201580047607,0.7073665261268616,0.009778201580047607,0.5601927042007446,0.16915132105350494
810,565,0.824682354927063,0.8655209541320801,0.7382963177065052,0.1869124079247313,0.5442806194225948,0.774898886680603,0.8290987610816956,0.774898886680603,0.8290987610816956,1.2454453706741333,0.9910032749176025,0.8290987610816956,0.2835655212402344,0.8290987610816956,0.2835655212402344,1.0633853673934937,0.26355600357055664
811,565,-0.005793133284896612,0.7639116048812866,0.3217539125308394,0.6250619332306085,0.14141756357625113,0.6720770001411438,0.9751603603363037,0.6720770001411438,0.9751603603363037,0.533082127571106,0.9751603603363037,0.6720770001411438,0.18255752325057983,0.6720770001411438,0.18255752325057983,0.8236186504364014,0.15577659010887146
812,565,1.407473087310791,0.8361902832984924,0.025365634722014252,0.33561222930128387,0.48725570861871026,0.5416949987411499,0.8168915510177612,0.5416949987411499,0.8168915510177612,0.4185093939304352,0.8168915510177612,0.5416949987411499,0.0023844242095947266,0.5416949987411499,0.0023844242095947266,0.6803576946258545,0.1548038125038147
813,565,1.674005389213562,0.7055525183677673,0.5213379632184902,0.03548826535542804,0.22678877832988892,0.5257616639137268,0.5257616639137268,0.5257616639137268,0.5257616639137268,0.5845803022384644,0.7213279008865356,0.5257616639137268,0.0022566914558410645,0.5257616639137268,0.0022566914558410645,0.6246199011802673,0.10385388135910034
814,565,-0.26719197630882263,1.0352481603622437,0.6306233657896518,0.4768168985843658,0.027808926552534086,0.6173283457756042,0.6173283457756042,0.6173283457756042,0.6173283457756042,0.9939440488815308,1.0820534229278564,0.6173283457756042,0.0014927387237548828,0.6173283457756042,0.0014927387237548828,0.8496909141540527,0.23609447479248047
815,565,2.451453924179077,0.8592495322227478,0.062299179655189274,0.609548611578842,0.36758114176181456,0.585196852684021,0.48420289158821106,0.585196852684021,0.48420289158821106,0.8762490153312683,0.8488796949386597,0.585196852684021,0.10790401697158813,0.585196852684021,0.10790401697158813,0.7650638818740845,0.2039373815059662
816,565,-0.8836548328399658,1.191540002822876,0.9101321128259101,0.05687116508682566,0.44925359206895044,0.8892607688903809,0.8892607688903809,0.8892607688903809,0.8892607688903809,1.0939723253250122,1.191961407661438,0.8892607688903809,0.0985250473022461,0.8892607688903809,0.0985250473022461,1.0860011577606201,0.2257148027420044
817,565,0.7306893467903137,0.318956196308136,0.3358290948346257,0.7846993239969013,0.022169532068073594,0.735124945640564,0.46614038944244385,0.735124945640564,0.46614038944244385,0.6575047969818115,0.46614038944244385,0.735124945640564,0.052513957023620605,0.735124945640564,0.052513957023620605,0.6006326675415039,0.20016711950302124
818,565,2.147050380706787,0.644912838935852,0.27011081809798876,0.31734855850537613,0.7027427656451861,0.6546375751495361,0.6308912038803101,0.6546375751495361,0.6308912038803101,0.7061935663223267,0.6308912038803101,0.6546375751495361,0.25760412216186523,0.6546375751495361,0.25760412216186523,0.5139337182044983,0.14947643876075745
819,565,0.7552070021629333,0.6949195861816406,0.6944118017703294,0.26743350289762025,0.26221334695816034,0.6435155868530273,0.6435155868530273,0.6435155868530273,0.6435155868530273,0.41710492968559265,0.9073753952980042,0.6435155868530273,0.2220858335494995,0.6435155868530273,0.2220858335494995,0.7754454612731934,0.11375260353088379
820,565,1.6062697172164917,1.167370080947876,0.306612178819875,0.7227954780558744,0.18434644943724088,0.7298996448516846,1.0267897844314575,0.7298996448516846,1.0267897844314575,0.4932088255882263,1.0267897844314575,0.7298996448516846,0.20448338985443115,0.7298996448516846,0.20448338985443115,0.878344714641571,0.3498803973197937
821,565,1.4768825769424438,1.4249836206436157,0.6216961594919364,0.23974095648775506,0.528738462763528,0.3750852346420288,0.5918480157852173,0.3750852346420288,0.5918480157852173,0.9688733816146851,1.425102710723877,0.5918480157852173,0.27699708938598633,0.5918480157852173,0.27699708938598633,0.8806919455528259,0.5628136396408081
822,565,1.2449707984924316,1.3138154745101929,0.5744070864841344,0.5449858455732461,0.16464289873838434,0.45570671558380127,0.5044718980789185,0.45570671558380127,0.5044718980789185,1.0195266008377075,1.0688756704330444,0.5044718980789185,0.189566969871521,0.5044718980789185,0.189566969871521,0.7866737842559814,0.4552847743034363
823,565,1.21602463722229,1.3490545749664307,0.45479827580352605,0.5174558128913246,0.41018445906539747,0.5048791766166687,1.0038211345672607,0.5048791766166687,1.0038211345672607,0.8247448801994324,1.0038211345672607,0.552772581577301,0.45437902212142944,0.552772581577301,0.45437902212142944,0.7782968282699585,0.6809288263320923
824,565,2.411301612854004,1.2753311395645142,0.44593167838330056,0.4469166042159001,0.43428548988575744,0.3774351477622986,0.918420672416687,0.3774351477622986,0.918420672416687,0.7353482842445374,0.918420672416687,0.4623040556907654,0.4662061333656311,0.4623040556907654,0.4662061333656311,0.6903623342514038,0.6869068145751953
825,565,1.454444408416748,1.6397875547409058,0.8411360228868824,0.40803668168062956,0.3333157336215178,0.8274705410003662,0.8274705410003662,0.8274705410003662,0.8274705410003662,0.8356921076774597,1.3055088520050049,0.8274705410003662,0.3983062505722046,0.8274705410003662,0.3983062505722046,1.0664896965026855,0.6053433418273926
826,565,0.010793807916343212,1.7046269178390503,0.548248327213029,0.8345445632065336,0.3048539617160957,0.901214063167572,1.4161889553070068,0.901214063167572,1.4161889553070068,1.0743534564971924,1.4161889553070068,0.901214063167572,0.36124110221862793,0.901214063167572,0.36124110221862793,1.1587015390396118,0.62266606092453
827,565,1.3769069910049438,1.1605050563812256,0.023225234902153558,0.49490248271884985,0.586906823568667,0.6371116042137146,1.117732286453247,0.6371116042137146,1.117732286453247,0.7987518310546875,1.117732286453247,0.6371116042137146,0.004506945610046387,0.6371116042137146,0.004506945610046387,0.8753693103790283,0.2648794651031494
828,565,0.47952327132225037,0.8604450225830078,0.4961735569188992,0.008633718962470671,0.3303829468290011,0.4980434775352478,0.5275352597236633,0.4980434775352478,0.5275352597236633,0.8253957033157349,0.8577744960784912,0.5275352597236633,0.0037731528282165527,0.5275352597236633,0.0037731528282165527,0.6909159421920776,0.1693975329399109
829,565,1.1139830350875854,0.6699672937393188,0.19279141648362086,0.4745257288838425,0.015349675392111073,0.4965398907661438,0.6724406480789185,0.4965398907661438,0.6724406480789185,0.3436364233493805,0.6724406480789185,0.4965398907661438,0.002919435501098633,0.4965398907661438,0.002919435501098633,0.5844902992248535,0.09522117674350739
830,565,0.7663285136222839,0.8870626091957092,0.4398223285501202,0.15777802423884468,0.3113728125145039,0.31705665588378906,0.41795480251312256,0.31705665588378906,0.41795480251312256,0.6571643352508545,0.914089024066925,0.41795480251312256,0.16543126106262207,0.41795480251312256,0.16543126106262207,0.587181806564331,0.3312942087650299
831,565,1.0706250667572021,0.692197859287262,0.26327964172388096,0.38715781843910624,0.1057815376731257,0.3704081177711487,0.6491464376449585,0.3704081177711487,0.6491464376449585,0.5227715969085693,0.6491464376449585,0.3704081177711487,0.11736619472503662,0.3704081177711487,0.11736619472503662,0.509777307510376,0.2569676637649536
832,565,1.0442371368408203,0.9170207977294922,0.4139582930691541,0.22806454004719856,0.25723368946462866,0.3804997205734253,0.39709579944610596,0.3804997205734253,0.39709579944610596,0.6561516523361206,0.9138621091842651,0.39709579944610596,0.2613626718521118,0.39709579944610596,0.2613626718521118,0.5346588492393494,0.39179766178131104
833,565,1.9454797506332397,0.8524012565612793,0.3465285842244824,0.32182044894744943,0.1567136472215256,0.354095995426178,0.36346182227134705,0.354095995426178,0.36346182227134705,0.6816073060035706,0.6909269690513611,0.36346182227134705,0.16644537448883057,0.36346182227134705,0.16644537448883057,0.5271943807601929,0.3266335725784302
834,565,0.22168423235416412,1.2426434755325317,0.6880252906059225,0.29921033923824625,0.24376324073721978,0.6596923470497131,0.6596923470497131,0.6596923470497131,0.6596923470497131,0.7089412808418274,1.0170689821243286,0.6596923470497131,0.2955353856086731,0.6596923470497131,0.2955353856086731,0.8383806943893433,0.45986565947532654
835,565,1.146756887435913,0.9229908585548401,0.05536907412111758,0.6362871178053319,0.21550584951415663,0.5960288643836975,0.6740862727165222,0.5960288643836975,0.6740862727165222,0.627013087272644,0.9040942788124084,0.5960288643836975,0.08029395341873169,0.5960288643836975,0.08029395341873169,0.7106770277023315,0.20440787076950073
836,565,2.559837818145752,1.0293128490447998,0.42328253732994214,0.02565743054263292,0.5391823125164954,0.5951156616210938,1.0817232131958008,0.5951156616210938,1.0817232131958008,0.7187552452087402,1.0817232131958008,0.5951156616210938,0.09112507104873657,0.5951156616210938,0.09112507104873657,0.8004288673400879,0.31744441390037537
837,565,-0.9375404119491577,1.1513257026672363,0.8109251377545297,0.3473114957101643,0.004346095845103148,0.7508279085159302,0.7508279085159302,0.7508279085159302,0.7508279085159302,0.665831446647644,1.117594838142395,0.7508279085159302,0.05023074150085449,0.7508279085159302,0.05023074150085449,0.9342113733291626,0.21758878231048584
838,565,-1.1303502321243286,0.8048356771469116,0.4276629688342412,0.8875386346752445,0.29808490483711153,0.8587051033973694,0.5016136169433594,0.8587051033973694,0.5016136169433594,0.6379884481430054,0.5016136169433594,0.8587051033973694,0.33797401189804077,0.8587051033973694,0.33797401189804077,0.680159330368042,0.1960153877735138
839,565,1.6538406610488892,-0.03803242743015289,0.4440343366314966,0.3794269771625598,0.726419791082541,0.7186206579208374,0.0028081685304641724,0.7186206579208374,0.0028081685304641724,0.8284033536911011,0.0028081685304641724,0.7186206579208374,0.3246802091598511,0.7186206579208374,0.3246802091598511,0.5192812085151672,0.5377952456474304
840,565,-0.7164939045906067,-0.1199810579419136,0.5674273819600544,0.4131022941196958,0.30479402715961157,0.6544619798660278,0.6544619798660278,0.6544619798660278,0.6544619798660278,0.6552311182022095,0.24978196620941162,0.6544619798660278,0.24182061851024628,0.6544619798660278,0.24182061851024628,0.4521219730377197,0.4147171974182129
841,565,1.5187625885009766,0.12136851251125336,0.3010191806902489,0.5731587995092076,0.3331219459076723,0.6031402349472046,0.34728550910949707,0.6031402349472046,0.34728550910949707,0.4387584924697876,0.06863908469676971,0.6031402349472046,0.2514234185218811,0.6031402349472046,0.2514234185218811,0.46377527713775635,0.378396213054657
842,565,1.9488823413848877,0.6622084379196167,0.4381967423980434,0.2784370197231568,0.414823915188511,0.46949976682662964,0.5168145895004272,0.46949976682662964,0.5168145895004272,0.8963453769683838,0.7069280743598938,0.5168145895004272,0.21804487705230713,0.5168145895004272,0.21804487705230713,0.7299970984458923,0.21687521040439606
843,565,1.085917592048645,0.9332078099250793,0.6069309605161348,0.4250974622989695,0.2573482307915884,0.585016131401062,0.585016131401062,0.585016131401062,0.585016131401062,0.9456933736801147,1.0972893238067627,0.585016131401062,0.1656513810157776,0.585016131401062,0.1656513810157776,0.8411527276039124,0.23091769218444824
844,565,0.4341057538986206,1.4607845544815063,0.3410913028692203,0.5964751382296287,0.30262262431283793,0.6660538911819458,1.0558147430419922,0.6660538911819458,1.0558147430419922,0.7438427805900574,1.0558147430419922,0.6660538911819458,0.4463382959365845,0.6660538911819458,0.4463382959365845,0.860934317111969,0.6362950205802917
845,565,-0.14016495645046234,1.1219656467437744,0.13687945159152148,0.30766572437249123,0.47603369642980387,0.5182065963745117,1.0402793884277344,0.5182065963745117,1.0402793884277344,0.5920580625534058,1.0402793884277344,0.5182065963745117,0.15996897220611572,0.5182065963745117,0.15996897220611572,0.6987125277519226,0.3433361053466797
846,565,0.22869393229484558,0.3640269637107849,0.13094910946985097,0.09825734453896678,0.23206616948048286,0.2671681046485901,0.35872703790664673,0.2671681046485901,0.35872703790664673,0.17529070377349854,0.35872703790664673,0.2671681046485901,0.13462091982364655,0.2671681046485901,0.13462091982364655,0.24492457509040833,0.1115756407380104
847,565,0.7683162689208984,0.15642821788787842,0.007732857900361226,0.07662850157668194,0.09905666785935562,0.10418684035539627,0.13800492882728577,0.10418684035539627,0.13800492882728577,0.12206315994262695,0.13800492882728577,0.10418684035539627,0.0798744261264801,0.10418684035539627,0.0798744261264801,0.08160947263240814,0.05745922029018402
848,565,-1.2499157190322876,0.2899428606033325,0.22166676690181095,0.014403467563291389,0.0717600672567884,0.26114046573638916,0.26114046573638916,0.26114046573638916,0.26114046573638916,0.0183640718460083,0.3009358048439026,0.26114046573638916,0.07023787498474121,0.26114046573638916,0.07023787498474121,0.24536925554275513,0.05464841425418854
849,565,0.578537106513977,-0.052880775183439255,0.42653484210992854,0.2382113822301229,0.004669860259940234,1.018447995185852,0.3926699161529541,1.018447995185852,0.3926699161529541,0.7905601263046265,0.14659777283668518,0.3926699161529541,0.0525754876434803,0.3926699161529541,0.0525754876434803,0.26963382959365845,0.17647334933280945
850,565,0.7404024004936218,0.09657499939203262,0.21611854043013107,0.40997242522037897,0.19355420168411608,1.031392216682434,0.16842806339263916,1.031392216682434,0.16842806339263916,0.8910966515541077,0.16842806339263916,0.37620875239372253,0.22360047698020935,0.37620875239372253,0.22360047698020935,0.27231842279434204,0.3374883830547333
851,565,0.8848053812980652,0.15324151515960693,0.21566503373285134,0.22742789413159098,0.30571721014256287,0.8099896311759949,0.1538197547197342,0.8099896311759949,0.1538197547197342,0.6610854268074036,0.1538197547197342,0.28246036171913147,0.258791983127594,0.28246036171913147,0.258791983127594,0.18909242749214172,0.36110156774520874
852,565,0.5841026306152344,0.7643501162528992,0.3157854723216345,0.185123436919724,0.11926454787453,0.31779101490974426,0.31779101490974426,0.31779101490974426,0.31779101490974426,0.515142560005188,0.5614145994186401,0.31779101490974426,0.16204571723937988,0.31779101490974426,0.16204571723937988,0.439602792263031,0.2817434072494507
853,565,0.9185812473297119,0.6771228909492493,0.1201458473006885,0.3132754576827089,0.13475436783085254,0.2842836380004883,0.4768860936164856,0.2842836380004883,0.4768860936164856,0.4381401538848877,0.6609182953834534,0.2842836380004883,0.19385910034179688,0.2842836380004883,0.19385910034179688,0.3794842064380646,0.2870241403579712
854,565,2.868093490600586,0.7881865501403809,0.2667249896284193,0.12995421561412512,0.24191102227196104,0.31016165018081665,0.31016165018081665,0.31016165018081665,0.31016165018081665,0.5256688594818115,0.7231906056404114,0.31016165018081665,0.17450368404388428,0.31016165018081665,0.17450368404388428,0.4221802353858948,0.29732856154441833
855,565,-0.09548591077327728,1.358001470565796,0.8350017383943,0.227554346534113,0.06530055916557731,0.8304437398910522,0.8304437398910522,0.8304437398910522,0.8304437398910522,0.5203009247779846,1.1163616180419922,0.8304437398910522,0.17536067962646484,0.8304437398910522,0.17536067962646484,0.9734026789665222,0.30351734161376953
856,565,2.946312427520752,1.1535217761993408,0.0297268720592061,0.8807829328378043,0.17303738669802726,0.9496091604232788,0.9172672033309937,0.9496091604232788,0.9172672033309937,0.6713400483131409,1.144437313079834,0.9496091604232788,0.03524136543273926,0.9496091604232788,0.03524136543273926,1.0629957914352417,0.1368325650691986
857,565,1.6326098442077637,1.647098183631897,0.9016688066100085,0.05029627336810072,0.7366182651494941,0.9099097847938538,0.9099097847938538,0.9099097847938538,0.9099097847938538,1.6833115816116333,1.6737334728240967,0.9099097847938538,0.028675198554992676,0.9099097847938538,0.028675198554992676,1.3065916299819946,0.37961578369140625
858,565,0.3231229782104492,1.4707585573196411,0.497396254821991,0.8928962036579225,0.055775685721698,0.9308276176452637,1.469119906425476,0.9308276176452637,1.469119906425476,1.0326133966445923,1.469119906425476,0.9308276176452637,0.02517843246459961,0.9308276176452637,0.02517843246459961,1.1999738216400146,0.2672836184501648
859,565,1.951299786567688,1.6249158382415771,0.05346370035161585,0.4643874714275198,0.7325189220284425,0.8525793552398682,1.4526045322418213,0.8525793552398682,1.4526045322418213,0.9503754377365112,1.4526045322418213,0.8525793552398682,0.10836076736450195,0.8525793552398682,0.10836076736450195,1.0996079444885254,0.4023028612136841
860,565,1.0293232202529907,1.1800624132156372,0.5942708818366129,0.019711052489777336,0.3628223483388624,0.6117671132087708,0.6117671132087708,0.6117671132087708,0.6117671132087708,0.975770890712738,1.1621156930923462,0.6117671132087708,0.10284125804901123,0.6117671132087708,0.10284125804901123,0.8346192836761475,0.31368735432624817
861,565,-0.49116161465644836,0.9644104242324829,0.30554395955055935,0.5228695553541184,0.0007239004597069387,0.579642653465271,0.9156780242919922,0.579642653465271,0.9156780242919922,0.6145087480545044,0.9156780242919922,0.579642653465271,0.08232331275939941,0.579642653465271,0.08232331275939941,0.7476603388786316,0.2478485405445099
862,565,0.7325467467308044,0.637116551399231,0.19941196376147374,0.3136100773730628,0.4177133626615006,0.4875222444534302,0.6411915421485901,0.4875222444534302,0.6411915421485901,0.5189204812049866,0.6411915421485901,0.4875222444534302,0.1753150224685669,0.4875222444534302,0.1753150224685669,0.643852710723877,0.1691526472568512
863,565,0.15807998180389404,0.44153672456741333,0.192375218446056,0.21341273340707026,0.23529988811040922,0.2620713710784912,0.36802956461906433,0.2620713710784912,0.36802956461906433,0.3469409942626953,0.36802956461906433,0.2620713710784912,0.2504502534866333,0.2620713710784912,0.2504502534866333,0.19134676456451416,0.17468392848968506
864,565,-0.38991862535476685,0.21168093383312225,0.017240330055356023,0.15666594151407476,0.1863132134452462,0.45877236127853394,0.15635894238948822,0.45877236127853394,0.15635894238948822,0.2169523686170578,0.15635894238948822,0.12173645198345184,0.051313772797584534,0.12173645198345184,0.051313772797584534,0.11330521106719971,0.16594234108924866
865,565,-0.5428929924964905,0.06795336306095123,0.15245433911681178,0.009307328462600711,0.11209523871541026,0.4919061064720154,0.12673574686050415,0.4919061064720154,0.12673574686050415,0.3127450942993164,0.09967644512653351,0.12673574686050415,0.0467725470662117,0.12673574686050415,0.0467725470662117,0.08931374549865723,0.13679808378219604
866,565,1.2194883823394775,-0.1950223743915558,0.24923783360670013,0.12209592922280227,0.001998976791898477,0.39378830790519714,0.17470918595790863,0.39378830790519714,0.17470918595790863,0.6754733324050903,0.2969987392425537,0.17470918595790863,0.040019869804382324,0.17470918595790863,0.040019869804382324,0.23585397005081177,0.06311707943677902
867,565,0.12121909111738205,0.17706981301307678,0.4379784736782312,0.24591752754524346,0.1222268432192504,0.42832377552986145,0.42832377552986145,0.42832377552986145,0.42832377552986145,0.32299116253852844,0.23959845304489136,0.42832377552986145,0.10291650891304016,0.42832377552986145,0.10291650891304016,0.3339611291885376,0.18286463618278503
868,565,0.8790407776832581,0.3507598042488098,0.022637893812110038,0.4373992205721636,0.2664835720012585,0.3998490869998932,0.4393138885498047,0.3998490869998932,0.4393138885498047,0.2213343381881714,0.2971413731575012,0.3998490869998932,0.03702598810195923,0.3998490869998932,0.03702598810195923,0.32866811752319336,0.06797090172767639
869,565,1.375004529953003,0.6065406799316406,0.2384469035081565,0.007107394281774648,0.35152343709021805,0.347433865070343,0.6729611754417419,0.347433865070343,0.6729611754417419,0.5244559645652771,0.6729611754417419,0.347433865070343,0.03956460952758789,0.347433865070343,0.03956460952758789,0.49124202132225037,0.1857900172472
870,565,0.7714257836341858,0.7038407921791077,0.38562193741401035,0.24050745488454894,0.03192647031197948,0.439665824174881,0.439665824174881,0.439665824174881,0.439665824174881,0.556789755821228,0.7107618451118469,0.439665824174881,0.030338644981384277,0.439665824174881,0.030338644981384277,0.5752138495445251,0.1617201566696167
871,565,1.1425294876098633,1.0036695003509521,0.21386794668932751,0.33602148832132406,0.14560113768403737,0.43934202194213867,0.6885994672775269,0.43934202194213867,0.6885994672775269,0.49259233474731445,0.6885994672775269,0.43934202194213867,0.2439577579498291,0.43934202194213867,0.2439577579498291,0.5639707446098328,0.3650274872779846
872,565,0.8277382254600525,0.945608377456665,0.31502541854977606,0.18659500427544118,0.2786449074372649,0.2854989171028137,0.36114948987960815,0.2854989171028137,0.36114948987960815,0.6576889753341675,0.9715732932090759,0.36114948987960815,0.246259868144989,0.36114948987960815,0.246259868144989,0.5458188056945801,0.4291774034500122
873,565,-0.11484844237565994,0.8521458506584167,0.21089029101034001,0.2837540721458691,0.12000036946808318,0.3945099413394928,0.6575748920440674,0.3945099413394928,0.6575748920440674,0.557786762714386,0.6575748920440674,0.3945099413394928,0.22185373306274414,0.3945099413394928,0.22185373306274414,0.5260424017906189,0.3560701906681061
874,565,0.8550914525985718,0.524216890335083,0.10554218917774655,0.20407209604357668,0.2368548317284634,0.3077622652053833,0.5358108878135681,0.3077622652053833,0.5358108878135681,0.47111883759498596,0.5358108878135681,0.3077622652053833,0.03826111555099487,0.3077622652053833,0.03826111555099487,0.44006600975990295,0.13615193963050842
875,565,0.0532432422041893,0.5173932909965515,0.24272583890706295,0.12821970891207457,0.13160595886409293,0.2674775719642639,0.2674775719642639,0.2674775719642639,0.2674775719642639,0.4830183684825897,0.4542590379714966,0.2674775719642639,0.03654909133911133,0.2674775719642639,0.03654909133911133,0.37882691621780396,0.11719721555709839
876,565,0.23217689990997314,0.3680453300476074,0.02913252757241333,0.2673792638691763,0.11721825621401265,0.2790800631046295,0.29537856578826904,0.2790800631046295,0.29537856578826904,0.0026805996894836426,0.26695898175239563,0.2790800631046295,0.01608949899673462,0.2790800631046295,0.01608949899673462,0.26485830545425415,0.013835608959197998
877,565,0.5352654457092285,0.3699897825717926,0.055291498086104784,0.023112619829674635,0.1633862363609176,0.17882946133613586,0.26660412549972534,0.17882946133613586,0.26660412549972534,0.06225445866584778,0.26660412549972534,0.17882946133613586,0.01600852608680725,0.17882946133613586,0.01600852608680725,0.21440669894218445,0.052511751651763916
878,565,1.1932451725006104,0.25389546155929565,0.1264190877477328,0.02813752430180709,0.041810222392280896,0.16592203080654144,0.16592203080654144,0.16592203080654144,0.16592203080654144,0.06537637114524841,0.24689072370529175,0.16592203080654144,0.06767025589942932,0.16592203080654144,0.06767025589942932,0.1720651388168335,0.07381123304367065
879,565,2.192476511001587,0.6634710431098938,0.3394358340743929,0.09944694049656377,0.0005011164862664397,0.36925220489501953,0.36925220489501953,0.36925220489501953,0.36925220489501953,0.3337121307849884,0.5210445523262024,0.36925220489501953,0.05487406253814697,0.36925220489501953,0.05487406253814697,0.44514837861061096,0.12944293022155762
880,565,1.576608657836914,1.1711407899856567,0.6125798900922141,0.30390351900209966,0.06491255262245732,0.6450282335281372,0.6450282335281372,0.6450282335281372,0.6450282335281372,0.7037348747253418,1.0002572536468506,0.6450282335281372,0.13177001476287842,0.6450282335281372,0.13177001476287842,0.8226427435874939,0.30292007327079773
881,565,2.044485330581665,1.643628478050232,0.4720741062487166,0.6387634537989892,0.2719552129010361,0.7740000486373901,1.2854092121124268,0.7740000486373901,1.2854092121124268,1.0811450481414795,1.2854092121124268,0.7740000486373901,0.39838123321533203,0.7740000486373901,0.39838123321533203,1.0297045707702637,0.6618208885192871
882,565,1.3071800470352173,1.7397371530532837,0.5611888313790159,0.4287682608266674,0.5342075461645921,0.5245411396026611,0.571914553642273,0.5245411396026611,0.571914553642273,1.120495319366455,1.6467835903167725,0.571914553642273,0.4919142723083496,0.571914553642273,0.4919142723083496,0.8670153617858887,0.791802167892456
883,565,-1.3845239877700806,1.599581003189087,0.4226886367922028,0.6383023903270563,0.3715606311832864,0.7326794862747192,1.1651071310043335,0.7326794862747192,1.1651071310043335,0.9178178310394287,1.1651071310043335,0.7326794862747192,0.48940277099609375,0.7326794862747192,0.48940277099609375,0.9488933086395264,0.705360472202301
884,565,1.6725622415542603,0.42699724435806274,0.489956614387532,0.3641914337563019,0.4675766734468439,1.321162223815918,0.43815600872039795,1.321162223815918,0.43815600872039795,0.7664390206336975,0.4345102608203888,0.43815600872039795,0.37806740403175354,0.43815600872039795,0.37806740403175354,0.25970587134361267,0.6131801605224609
885,565,0.4649888277053833,0.5977327823638916,0.4983628447105487,0.5282002718249956,0.337469380920132,1.398887276649475,0.05803823471069336,1.398887276649475,0.05803823471069336,0.9020862579345703,0.05803823471069336,0.43627679347991943,0.3619980812072754,0.43627679347991943,0.3619980812072754,0.2471575140953064,0.6243910193443298
886,565,-0.30635523796081543,0.41218966245651245,0.12262370374053722,0.5713805963471532,0.4254618511348964,0.6199880838394165,0.799031138420105,0.6199880838394165,0.799031138420105,0.6401157975196838,0.3798435628414154,0.6199880838394165,0.169371098279953,0.6199880838394165,0.169371098279953,0.4183036983013153,0.16812045872211456
887,565,0.2117680013179779,0.5348095893859863,0.1666732970252633,0.09318677090108396,0.421354762725532,0.4279763698577881,0.4815051555633545,0.4279763698577881,0.4815051555633545,0.23742711544036865,0.4815051555633545,0.4279763698577881,0.14017030596733093,0.4279763698577881,0.14017030596733093,0.3824324607849121,0.09450273215770721
888,565,-0.3713628947734833,0.08319081366062164,0.03712625875448186,0.17920058277746037,0.06341285180921352,0.343913733959198,0.025152787566184998,0.343913733959198,0.025152787566184998,0.22822241485118866,0.09034433960914612,0.09561538696289062,0.07129575312137604,0.09561538696289062,0.07129575312137604,0.05753473937511444,0.12966710329055786
889,565,0.48627322912216187,-0.09770634770393372,0.2596502740619083,0.018410980937381582,0.13134321580951414,0.30904293060302734,0.12226120382547379,0.30904293060302734,0.12226120382547379,0.5006142854690552,0.12853381037712097,0.12226120382547379,0.06904275715351105,0.12226120382547379,0.06904275715351105,0.15849320590496063,0.037327274680137634
890,565,-0.1622268706560135,0.18258817493915558,0.01653891995549195,0.2916857900097966,0.05937361989170303,0.37524551153182983,0.051063358783721924,0.37524551153182983,0.051063358783721924,0.39120256900787354,0.10541197657585144,0.10840152204036713,0.16355285048484802,0.10840152204036713,0.16355285048484802,0.08201118558645248,0.19135290384292603
891,565,-0.2782447636127472,0.033306095749139786,0.17832745581244427,0.018983836664507814,0.2464739063878854,0.3226458430290222,0.02976064383983612,0.3226458430290222,0.02976064383983612,0.5828097462654114,0.02976064383983612,0.09497663378715515,0.18414203822612762,0.09497663378715515,0.18414203822612762,0.12106803804636002,0.1572558432817459
892,565,1.5172443389892578,0.008125647902488708,0.21037645258009435,0.2182806091755628,0.042688294500112633,0.2599729895591736,0.1372121274471283,0.2599729895591736,0.1372121274471283,0.588850200176239,0.1372121274471283,0.0505499541759491,0.11847757548093796,0.0505499541759491,0.11847757548093796,0.0938810408115387,0.07586577534675598
893,565,0.3740507662296295,0.37547919154167175,0.375872920913001,0.19910657367358603,0.14790916423002892,0.4777885377407074,0.4777885377407074,0.4777885377407074,0.4777885377407074,0.12108731269836426,0.3952043652534485,0.4777885377407074,0.03281703591346741,0.4777885377407074,0.03281703591346741,0.43649643659591675,0.07036268711090088
894,565,0.13642245531082153,0.5792147517204285,0.03515670649707317,0.40091097651049484,0.19638083932921288,0.49832284450531006,0.6268437504768372,0.49832284450531006,0.6268437504768372,0.0379599928855896,0.5568915009498596,0.49832284450531006,0.1139494776725769,0.49832284450531006,0.1139494776725769,0.46428629755973816,0.08377960324287415
895,565,-1.1982611417770386,0.6018982529640198,0.036909203641116606,0.03455450929701315,0.3057121344283222,0.4095386862754822,0.5796864032745361,0.4095386862754822,0.5796864032745361,0.005034387111663818,0.5796864032745361,0.4095386862754822,0.1289190649986267,0.4095386862754822,0.1289190649986267,0.43248945474624634,0.15214097499847412
896,565,-0.33128800988197327,-0.12657569348812103,0.4889052951832612,0.018532312189539213,0.008029749815662734,0.8506504893302917,0.3763106167316437,0.8506504893302917,0.3763106167316437,0.87773197889328,0.33529388904571533,0.3763106167316437,0.0947522222995758,0.3763106167316437,0.0947522222995758,0.3558022379875183,0.11771904677152634
897,565,-0.6210187673568726,-0.3479117453098297,0.2517861912958324,0.4646675830334425,0.006409758869558524,0.7545915842056274,0.4831153154373169,0.7545915842056274,0.4831153154373169,0.9747122526168823,0.4831153154373169,0.386509507894516,0.03860563039779663,0.386509507894516,0.03860563039779663,0.43481242656707764,0.05548013746738434
898,565,-0.3388679027557373,-0.6449249982833862,0.3499113672226667,0.2664853485673666,0.4036230041831734,0.5627232789993286,0.6474730372428894,0.5627232789993286,0.6474730372428894,0.8587398529052734,0.6474730372428894,0.33922019600868225,0.126914381980896,0.33922019600868225,0.126914381980896,0.44127821922302246,0.23882296681404114
899,565,2.1765806674957275,-0.3553653359413147,0.2366797883063555,0.3132230193540454,0.20614577542990453,0.3056255280971527,0.3176661729812622,0.3056255280971527,0.3176661729812622,0.41319990158081055,0.3176661729812622,0.2110111117362976,0.0927807092666626,0.2110111117362976,0.0927807092666626,0.2643386423587799,0.14710211753845215
900,565,0.6367028951644897,0.4266306757926941,0.5860489377751945,0.22803663039579974,0.2719924965687096,0.6885955929756165,0.6885955929756165,0.6885955929756165,0.6885955929756165,0.2574337124824524,0.3743283450603485,0.6885955929756165,0.10361862182617188,0.6885955929756165,0.10361862182617188,0.5939041376113892,0.183098703622818
901,565,1.4029568433761597,0.880297064781189,0.09536244296779223,0.5694989499946435,0.23187079175064942,0.6804547309875488,0.8745821118354797,0.6804547309875488,0.8745821118354797,0.04857492446899414,0.7975809574127197,0.6804547309875488,0.2102089524269104,0.6804547309875488,0.2102089524269104,0.6420058012008667,0.16324982047080994
902,565,0.8368399739265442,1.2202413082122803,0.32001389147713794,0.06479308137670148,0.4680045581236481,0.5598925352096558,1.1467185020446777,0.5598925352096558,1.1467185020446777,0.7297214865684509,1.1467185020446777,0.5598925352096558,0.20402264595031738,0.5598925352096558,0.20402264595031738,0.7575454711914062,0.41475728154182434
903,565,-1.7370810508728027,0.8751802444458008,0.17088409376951563,0.29791584679080785,0.0254473885257418,0.42528483271598816,0.6805503368377686,0.42528483271598816,0.6805503368377686,0.5076680183410645,0.6805503368377686,0.42528483271598816,0.16741704940795898,0.42528483271598816,0.16741704940795898,0.5529175996780396,0.2962562143802643
904,565,-0.2306438535451889,0.04509447515010834,0.6903148504098255,0.17799709296474836,0.26679442091534544,1.4182871580123901,0.5764796733856201,1.4182871580123901,0.5764796733856201,1.0739413499832153,0.06610137224197388,0.5764796733856201,0.26850777864456177,0.5764796733856201,0.26850777864456177,0.38730528950691223,0.465076744556427
905,565,0.6507279872894287,-0.3983074724674225,0.25148892218247054,0.6126143797487021,0.19168358778581018,1.2094248533248901,0.5808436870574951,1.2094248533248901,0.5808436870574951,1.59369695186615,0.5808436870574951,0.5133476853370667,0.24548009037971497,0.5133476853370667,0.24548009037971497,0.5470956563949585,0.20469403266906738
906,565,-0.4628906548023224,-0.30851542949676514,0.0693978592008353,0.26645575683563955,0.5548814535513521,1.0787020921707153,0.33887848258018494,1.0787020921707153,0.33887848258018494,1.4484479427337646,0.33887848258018494,0.4827670454978943,0.23990923166275024,0.4827670454978943,0.23990923166275024,0.5198615789413452,0.1933383345603943
907,565,1.2492672204971313,0.2004694640636444,0.26822101283818484,0.06134615086019041,0.2151134509220719,0.4742905795574188,0.14477649331092834,0.4742905795574188,0.14477649331092834,0.7469320297241211,5.6296586990356445e-05,0.14477649331092834,0.20490394532680511,0.14477649331092834,0.20490394532680511,0.17239032685756683,0.17552924156188965
908,565,-1.6474215984344482,0.38663917779922485,0.21603691907909991,0.3022931956003108,0.021196561049049073,0.6627354025840759,0.22204536199569702,0.6627354025840759,0.22204536199569702,0.29370570182800293,0.22204536199569702,0.13234680891036987,0.14638209342956543,0.13234680891036987,0.14638209342956543,0.17719608545303345,0.3311901092529297
909,565,-1.305247187614441,-0.22176805138587952,0.6486836838660139,0.23075187909106387,0.25139887768154345,1.2207527160644531,0.4878588914871216,1.2207527160644531,0.4878588914871216,1.84468674659729,0.21697744727134705,0.4878588914871216,0.384672075510025,0.4878588914871216,0.384672075510025,0.542532205581665,0.33007973432540894
910,565,-0.9839541912078857,-0.646536648273468,0.6169941637789209,0.7001278569114704,0.18599160086984434,1.4398622512817383,1.0031791925430298,1.4398622512817383,1.0031791925430298,2.637572765350342,1.0031791925430298,0.5612881183624268,0.339982271194458,0.5612881183624268,0.339982271194458,0.7822336554527283,0.23050478100776672
911,565,-1.8859944343566895,-1.2891234159469604,0.4958095279646417,0.6113857527573903,0.592371334650864,0.6910374164581299,0.918526828289032,0.6910374164581299,0.918526828289032,1.2913258075714111,1.344994306564331,0.5581509470939636,0.3901636004447937,0.5581509470939636,0.3901636004447937,0.792352557182312,0.6611732244491577
912,565,-1.3924894332885742,-1.3460155725479126,0.7625094757353263,0.5287941498806079,0.5916405043875178,0.9887586832046509,0.652771532535553,0.9887586832046509,0.652771532535553,1.4950320720672607,1.4281435012817383,0.652771532535553,0.3913652300834656,0.652771532535553,0.3913652300834656,0.87755286693573,0.6157383322715759
913,565,-1.31541109085083,-1.4713339805603027,0.6371821863204241,0.8586158800125125,0.4689290931075809,1.1673390865325928,1.3015894889831543,1.1673390865325928,1.3015894889831543,1.7706184387207031,1.3015894889831543,0.7947431802749634,0.3759744167327881,0.7947431802749634,0.3759744167327881,1.048166275024414,0.6421087980270386
914,565,-0.5772454738616943,-1.3423633575439453,0.5713778430037202,0.6238617833890018,0.6686700616031886,0.7767441868782043,1.5268237590789795,0.7767441868782043,1.5268237590789795,1.2826308012008667,1.5268237590789795,0.6060896515846252,0.48947596549987793,0.6060896515846252,0.48947596549987793,0.8530979156494141,0.7653610706329346
915,565,-1.2788324356079102,-0.9780558943748474,0.303888993933797,0.5766742786020042,0.507299332600087,0.8080223202705383,0.7302330732345581,0.8080223202705383,0.7302330732345581,1.3388612270355225,1.0914937257766724,0.5387423634529114,0.21400541067123413,0.5387423634529114,0.21400541067123413,0.7277305126190186,0.4316718876361847
916,565,-0.962660551071167,-0.7993284463882446,0.5771890052407979,0.3346817721426487,0.4452879231423139,0.6719223856925964,0.4375099539756775,0.6719223856925964,0.4375099539756775,1.1965224742889404,0.9870972633361816,0.4375099539756775,0.2323155403137207,0.4375099539756775,0.2323155403137207,0.6174890995025635,0.40628892183303833
917,565,0.5607872605323792,-0.9748175144195557,0.49043034729858237,0.6333396169853708,0.2784742714775106,0.7527140974998474,0.8227965831756592,0.7527140974998474,0.8227965831756592,1.19559645652771,0.8227965831756592,0.49427974224090576,0.21499544382095337,0.49427974224090576,0.21499544382095337,0.6585381627082825,0.38416150212287903
918,565,-0.3799097537994385,-0.3697686791419983,0.06513811613122622,0.45765676019092394,0.5076237526287636,0.8570777177810669,0.51856929063797,0.8570777177810669,0.51856929063797,1.646010160446167,0.51856929063797,0.3885927200317383,0.18983125686645508,0.3885927200317383,0.18983125686645508,0.5355886220932007,0.18290337920188904
919,565,-1.5944421291351318,-0.2204558104276657,0.23763836080829298,0.06810443972547842,0.40174275378386176,0.6615785956382751,0.19797872006893158,0.6615785956382751,0.19797872006893158,1.0789529085159302,0.19797872006893158,0.2484501600265503,0.1879475861787796,0.2484501600265503,0.1879475861787796,0.3070657253265381,0.12667600810527802
920,565,-2.001433849334717,-0.37669262290000916,0.6352481759339571,0.2173964954540134,0.02130789790302523,1.1250536441802979,0.4988647699356079,1.1250536441802979,0.4988647699356079,1.4797313213348389,0.6089267134666443,0.4988647699356079,0.1380099356174469,0.4988647699356079,0.1380099356174469,0.5538957118988037,0.0790271908044815
921,565,-0.43824201822280884,-1.1698988676071167,0.7536343178898095,0.6571351724676786,0.2029092155955734,1.1562000513076782,0.5956075191497803,1.1562000513076782,0.5956075191497803,2.000598430633545,1.1096453666687012,0.5956075191497803,0.12231290340423584,0.5956075191497803,0.12231290340423584,0.8526264429092407,0.3779691755771637
922,565,-2.7116358280181885,-1.1170028448104858,0.27565575896451877,0.7401327521229784,0.5409148977945248,1.1367005109786987,0.8171994686126709,1.1367005109786987,0.8171994686126709,1.8137439489364624,1.2239537239074707,0.6740700602531433,0.1514596939086914,0.6740700602531433,0.1514596939086914,0.8812832832336426,0.3868686854839325
923,565,-1.517002820968628,-1.4108034372329712,0.9157182642941675,0.24915982012947402,0.6297847497587401,1.5736888647079468,0.8165009021759033,1.5736888647079468,0.8165009021759033,2.3882389068603516,1.505020022392273,0.8165009021759033,0.17285847663879395,0.8165009021759033,0.17285847663879395,1.096691608428955,0.44238370656967163
924,565,0.25404223799705505,-1.4477412700653076,0.6327046433339515,0.9622251769776147,0.20092059912780913,1.556452751159668,1.392099380493164,1.556452751159668,1.392099380493164,2.3638458251953125,1.392099380493164,0.9273524880409241,0.14955055713653564,0.9273524880409241,0.14955055713653564,1.1597259044647217,0.39397820830345154
925,565,-2.047079563140869,-1.17686128616333,0.04037612685312819,0.6648729331915578,0.8653504116212327,1.6258025169372559,1.2579352855682373,1.6258025169372559,1.2579352855682373,2.803989887237549,1.2579352855682373,0.8719358444213867,0.09235596656799316,0.8719358444213867,0.09235596656799316,1.1031157970428467,0.3144412636756897
926,565,0.3242017924785614,-0.7659218311309814,0.7178931717822948,0.00893036836137373,0.4851295051227015,1.3087267875671387,0.6391870379447937,1.3087267875671387,0.6391870379447937,2.0878360271453857,0.9385806322097778,0.6391870379447937,0.09763926267623901,0.6391870379447937,0.09763926267623901,0.8279474973678589,0.20794285833835602
927,565,-0.8654317259788513,-0.47714799642562866,0.06549004911134637,0.7225594228568177,0.014177225672950322,1.306152105331421,0.540236234664917,1.306152105331421,0.540236234664917,1.2089900970458984,0.540236234664917,0.6331645250320435,0.07802402973175049,0.6331645250320435,0.07802402973175049,0.5867003798484802,0.13563448190689087
928,565,-1.1743947267532349,-0.6603293418884277,0.36210495049754776,0.05133716902385155,0.6024241962159675,1.137993335723877,0.6923068761825562,1.137993335723877,0.6923068761825562,1.8303557634353638,0.6923068761825562,0.5091522932052612,0.12359499931335449,0.5091522932052612,0.12359499931335449,0.6490955352783203,0.147068589925766
929,565,-0.9005000591278076,-0.4785713255405426,0.4852979318797588,0.3276932492665947,0.04034052722156045,0.8432469367980957,0.37453949451446533,0.8432469367980957,0.37453949451446533,1.4264624118804932,0.6333581209182739,0.37453949451446533,0.08416208624839783,0.37453949451446533,0.08416208624839783,0.5039488077163696,0.1388799101114273
930,565,-2.2772746086120605,-0.8388451933860779,0.3902209627317886,0.48994258365283394,0.2781506053792935,0.5153406858444214,0.7031102776527405,0.5153406858444214,0.7031102776527405,0.8151884078979492,0.7031102776527405,0.4131283164024353,0.2686060070991516,0.4131283164024353,0.2686060070991516,0.5581192970275879,0.41400668025016785
931,565,-1.2866435050964355,-1.3315597772598267,0.7817293285951017,0.3996225085109475,0.43518415544182054,1.1774982213974,0.6789251565933228,1.1774982213974,0.6789251565933228,1.5986273288726807,1.353543758392334,0.6789251565933228,0.33242368698120117,0.6789251565933228,0.33242368698120117,0.8697566390037537,0.5041608810424805
932,565,-2.1394295692443848,-1.5539640188217163,0.5674917571122448,0.8717957189741234,0.35757636108125235,1.406480073928833,1.3593915700912476,1.406480073928833,1.3593915700912476,1.934694766998291,1.3593915700912476,0.9104673266410828,0.3334794044494629,0.9104673266410828,0.3334794044494629,1.1349294185638428,0.5778604745864868
933,565,-1.9695974588394165,-1.5421568155288696,0.7440466749854384,0.5278190450556577,0.6078370093926789,0.8985307812690735,0.6068239808082581,0.8985307812690735,0.6068239808082581,1.7736669778823853,1.653673768043518,0.6068239808082581,0.5128668546676636,0.6068239808082581,0.5128668546676636,0.9291379451751709,0.7610151171684265
934,565,-2.859163284301758,-1.6399909257888794,0.7535323209563893,0.7858520266289508,0.4121679084623855,1.108945608139038,1.424885869026184,1.108945608139038,1.424885869026184,1.8913211822509766,1.424885869026184,0.8218981623649597,0.41847705841064453,0.8218981623649597,0.41847705841064453,1.1233919858932495,0.7507483959197998
935,565,-3.8427913188934326,-2.2801673412323,0.963376093059778,0.818432191349566,0.7259350265935067,1.1978589296340942,0.885810136795044,1.1978589296340942,0.885810136795044,1.9906439781188965,1.7195637226104736,0.885810136795044,0.688982367515564,0.885810136795044,0.688982367515564,1.3026869297027588,1.069450855255127
936,565,-3.075836181640625,-2.5185275077819824,1.1249868241200847,0.9539219968269266,0.6382955697054666,1.6395108699798584,0.8922432661056519,1.6395108699798584,0.8922432661056519,2.9218528270721436,1.9798533916473389,0.8922432661056519,0.5261721611022949,0.8922432661056519,0.5261721611022949,1.4360482692718506,0.9670246839523315
937,565,-3.5060651302337646,-2.7798619270324707,0.8869668908417223,1.2030888167768716,0.8419614936411381,1.4996225833892822,2.0427632331848145,1.4996225833892822,2.0427632331848145,2.504603147506714,2.0427632331848145,1.1394795179367065,0.8444085121154785,1.1394795179367065,0.8444085121154785,1.5911214351654053,1.2417141199111938
938,565,-3.3243753910064697,-2.785640239715576,0.981946544796228,0.9204235182702543,0.9235222229361535,0.8353585004806519,0.7053141593933105,0.8353585004806519,0.7053141593933105,2.1501431465148926,2.777740240097046,0.7053141593933105,0.6517376899719238,0.7053141593933105,0.6517376899719238,1.2122061252593994,1.1554555892944336
939,565,-4.708375930786133,-3.049072027206421,0.9815259603162609,1.1587305304904778,0.940837701608737,1.1962857246398926,2.065412998199463,1.1962857246398926,2.065412998199463,2.376601457595825,2.065412998199463,1.0168826580047607,0.8211097717285156,1.0168826580047607,0.8211097717285156,1.5411478281021118,1.336744785308838
940,565,-3.196312665939331,-2.8586673736572266,1.2133335213238992,0.9784613582740227,0.9159263259048265,1.3989183902740479,0.9123575687408447,1.3989183902740479,0.9123575687408447,2.541471004486084,2.0549843311309814,0.9123575687408447,0.8065555095672607,0.9123575687408447,0.8065555095672607,1.483670949935913,1.2901809215545654
941,565,-3.45127010345459,-3.0735018253326416,0.931772216806809,1.4113272807250419,0.8741809409360095,1.8276540040969849,2.1984548568725586,1.8276540040969849,2.1984548568725586,2.861797571182251,2.1984548568725586,1.2197778224945068,0.7771353721618652,1.2197778224945068,0.7771353721618652,1.7091163396835327,1.2332215309143066
942,565,-3.2325029373168945,-2.8050856590270996,0.9447794609516853,1.0457559958938507,1.0211914610397075,0.9585897922515869,1.8651561737060547,0.9585897922515869,1.8651561737060547,2.1974241733551025,2.895134449005127,0.9585897922515869,0.6396381855010986,0.9585897922515869,0.6396381855010986,1.4242935180664062,1.2780656814575195
943,565,-2.641193151473999,-2.7815098762512207,0.9798483267923195,1.104353599486252,0.8765361791228252,1.1633270978927612,2.0952982902526855,1.1633270978927612,2.0952982902526855,2.2112390995025635,2.0952982902526855,1.0603269338607788,0.8735547065734863,1.0603269338607788,0.8735547065734863,1.577812671661377,1.3689900636672974
944,565,-2.112520456314087,-2.735690116882324,0.8403700794939266,1.0123296971510478,0.9349051277440346,1.1575313806533813,1.796816349029541,1.1575313806533813,1.796816349029541,2.2622194290161133,2.7338943481445312,0.9403091669082642,0.6578621864318848,0.9403091669082642,0.6578621864318848,1.4100162982940674,1.1895039081573486
945,565,-4.1676859855651855,-2.4442062377929688,0.6737950450958068,0.9114291048360368,0.9365190712952361,1.3883668184280396,2.494173526763916,1.3883668184280396,2.494173526763916,2.3133456707000732,2.494173526763916,1.0393850803375244,0.616788387298584,1.0393850803375244,0.616788387298584,1.4549716711044312,1.1326255798339844
946,565,-4.347239971160889,-2.5162105560302734,1.140707262779276,0.7233803015078104,0.7352529487634696,1.8603708744049072,1.0226967334747314,1.8603708744049072,1.0226967334747314,2.792661190032959,2.6311402320861816,1.0226967334747314,0.7889608144760132,1.0226967334747314,0.7889608144760132,1.4793896675109863,1.1082937717437744
947,565,-2.4783687591552734,-2.955801486968994,1.1400185018964113,1.2309922008588907,0.6185966630093755,1.894812822341919,2.405789852142334,1.894812822341919,2.405789852142334,3.74368953704834,2.405789852142334,1.2553504705429077,0.6082916259765625,1.2553504705429077,0.6082916259765625,1.8305702209472656,1.181138038635254
948,565,-3.7964589595794678,-3.239715099334717,0.7882465392226972,1.3821204589928189,1.0524660068253682,2.291038751602173,2.258781671524048,2.291038751602173,2.258781671524048,3.469573974609375,3.2560391426086426,1.4724562168121338,0.6340188980102539,1.4724562168121338,0.6340188980102539,2.013424873352051,1.3085801601409912
949,565,-2.715641975402832,-3.1071901321411133,1.0136328297543025,0.9426120221490661,1.1580599086421233,1.6862772703170776,3.16618013381958,1.6862772703170776,3.16618013381958,3.338559150695801,3.16618013381958,1.2098203897476196,0.9462029933929443,1.2098203897476196,0.9462029933929443,1.7695870399475098,1.4763606786727905
950,565,-2.8264033794403076,-2.8647139072418213,0.8556361801053085,1.2390551761786146,0.7750491834307707,1.8481287956237793,2.1902923583984375,1.8481287956237793,2.1902923583984375,2.7371866703033447,2.1902923583984375,1.3466691970825195,0.8385732173919678,1.3466691970825195,0.8385732173919678,1.7684807777404785,1.2720357179641724
951,565,-2.5551493167877197,-2.819002151489258,0.8842633685345449,1.0246065854902073,1.0442227562765278,1.4496726989746094,2.9346070289611816,1.4496726989746094,2.9346070289611816,2.4162075519561768,2.9346070289611816,1.1019320487976074,0.740041971206665,1.1019320487976074,0.740041971206665,1.5982815027236938,1.3269404172897339
952,565,-1.2468678951263428,-2.6499788761138916,0.8570798207695285,1.0423825447137158,0.8734252842019,1.1974900960922241,1.8764965534210205,1.1974900960922241,1.8764965534210205,2.0744290351867676,2.71736478805542,1.0772877931594849,0.7106982469558716,1.0772877931594849,0.7106982469558716,1.5098812580108643,1.2445541620254517
953,565,-2.804161787033081,-2.2527105808258057,0.5088324308395384,1.010207577366382,0.9091711011342705,1.6540528535842896,1.5157139301300049,1.6540528535842896,1.5157139301300049,2.7808518409729004,2.2953829765319824,1.0951182842254639,0.42068028450012207,1.0951182842254639,0.42068028450012207,1.50200355052948,0.9439898729324341
954,565,-1.4777233600616455,-2.0750436782836914,0.8164653177559373,0.48843660816550294,0.8292991508543491,1.2933766841888428,2.112025022506714,1.2933766841888428,2.112025022506714,2.542320489883423,2.112025022506714,0.9274884462356567,0.5870131254196167,0.9274884462356567,0.5870131254196167,1.3267426490783691,0.9833891987800598
955,565,-0.663553774356842,-1.7996621131896973,0.5236517378874124,0.9527851020731031,0.3845734283700586,1.5942219495773315,1.5474116802215576,1.5942219495773315,1.5474116802215576,2.0888774394989014,1.5474116802215576,1.0940245389938354,0.4543297290802002,1.0940245389938354,0.4543297290802002,1.3207180500030518,0.7069628238677979
956,565,-0.6541514992713928,-1.5337920188903809,0.21580092222119363,0.5194838725651304,0.8500840671422581,1.5350643396377563,1.6302528381347656,1.5350643396377563,1.6302528381347656,2.2403924465179443,1.6302528381347656,0.9988900423049927,0.23769938945770264,0.9988900423049927,0.23769938945770264,1.2245750427246094,0.5464001893997192
957,565,-1.943244457244873,-0.8166658878326416,0.22812076718236007,0.2087575335490206,0.41648928987483186,0.7040329575538635,0.8741989731788635,0.7040329575538635,0.8741989731788635,0.9143319129943848,0.8741989731788635,0.46637028455734253,0.24714446067810059,0.46637028455734253,0.24714446067810059,0.5742051601409912,0.35764041543006897
958,565,-0.4211670160293579,-0.8154071569442749,0.5178285366793474,0.1609580058356126,0.1470708489914736,0.8610925674438477,0.5340127944946289,0.8610925674438477,0.5340127944946289,1.0552937984466553,0.7438289523124695,0.5340127944946289,0.20193517208099365,0.5340127944946289,0.20193517208099365,0.6389209032058716,0.30641311407089233
959,565,-0.993751585483551,-0.9360552430152893,0.1444492570559185,0.5768777413914601,0.17840021270016815,1.0777552127838135,0.770156741142273,1.0777552127838135,0.770156741142273,1.3001010417938232,0.9462113380432129,0.6483216285705566,0.14019131660461426,0.6483216285705566,0.14019131660461426,0.7376629114151001,0.2495846152305603
960,565,-2.5455331802368164,-1.0241646766662598,0.27637612177990367,0.13822903956286625,0.6053188977017998,1.1571987867355347,1.1674805879592896,1.1571987867355347,1.1674805879592896,1.6394363641738892,1.1674805879592896,0.7035999894142151,0.19504129886627197,0.7035999894142151,0.19504129886627197,0.8655846118927002,0.3633890450000763
961,565,-0.6012980341911316,-1.0772478580474854,0.7189039052153626,0.2517191442350547,0.1022828186179201,1.2671973705291748,0.704751193523407,1.2671973705291748,0.704751193523407,1.7097513675689697,1.0187703371047974,0.704751193523407,0.12488925457000732,0.704751193523407,0.12488925457000732,0.8617607355117798,0.2851542830467224
962,565,-1.4743362665176392,-1.2614127397537231,0.20627144184506796,0.8202472495155719,0.21439375412495199,1.4804832935333252,1.0588642358779907,1.4804832935333252,1.0588642358779907,1.834507703781128,1.316137433052063,0.882169783115387,0.21988272666931152,0.882169783115387,0.21988272666931152,1.014365553855896,0.3967739939689636
963,565,-2.5133750438690186,-1.4711616039276123,0.4776406493907175,0.19507132736345123,0.790264697012802,1.4636298418045044,1.517907738685608,1.4636298418045044,1.517907738685608,2.098114490509033,1.517907738685608,0.916538417339325,0.2661585807800293,0.916538417339325,0.2661585807800293,1.126654028892517,0.5122637748718262
964,565,-1.0790936946868896,-1.3480572700500488,0.7849228776618841,0.4609219222143289,0.13368591077625758,1.4228482246398926,0.7697919011116028,1.4228482246398926,0.7697919011116028,2.0540807247161865,1.2636003494262695,0.7697919011116028,0.1943647861480713,0.7697919011116028,0.1943647861480713,1.0166960954666138,0.43854424357414246
965,565,-3.0780515670776367,-1.6596580743789673,0.34449667432655895,0.8945349459846814,0.4627035232757527,1.4864412546157837,1.341728687286377,1.4864412546157837,1.341728687286377,1.9789505004882812,1.7954511642456055,0.9972759485244751,0.36188721656799316,0.9972759485244751,0.36188721656799316,1.231073260307312,0.6543070077896118
966,565,-3.478787899017334,-1.9584548473358154,0.8619368417933584,0.35197548072785123,0.7898482290841639,1.6837434768676758,0.8845210075378418,1.6837434768676758,0.8845210075378418,2.7102537155151367,2.0619943141937256,0.8845210075378418,0.43344759941101074,0.8845210075378418,0.43344759941101074,1.3100258111953735,0.8296459913253784
967,565,-3.5699965953826904,-2.1681437492370605,0.9337629569818572,0.952440535736581,0.2557214065765345,1.6150739192962646,1.9928264617919922,1.6150739192962646,1.9928264617919922,3.1679651737213135,1.9928264617919922,1.0733227729797363,0.3838440179824829,1.0733227729797363,0.3838440179824829,1.5330746173858643,0.8489309549331665
968,565,-3.2501399517059326,-2.8481006622314453,0.9661724558969338,1.0368149412547545,0.8216906900828085,1.1942038536071777,2.0064449310302734,1.1942038536071777,2.0064449310302734,2.3410110473632812,2.0064449310302734,1.030273675918579,0.8379700183868408,1.030273675918579,0.8379700183868408,1.5183593034744263,1.3166099786758423
969,565,-2.3776657581329346,-2.993079662322998,0.8467897929189103,1.1592294152577716,1.016643641473105,1.1858795881271362,2.0016791820526123,1.1858795881271362,2.0016791820526123,2.3533554077148438,3.1149415969848633,1.0517430305480957,0.661278247833252,1.0517430305480957,0.661278247833252,1.6190756559371948,1.321155309677124
970,565,-2.87957501411438,-2.8262040615081787,0.806114784665406,1.0517102568782861,1.056690379250795,1.389660120010376,2.8870956897735596,1.389660120010376,2.8870956897735596,2.7278990745544434,2.8870956897735596,1.0314900875091553,0.6039814949035645,1.0314900875091553,0.6039814949035645,1.5722671747207642,1.2416446208953857
971,565,-3.019998073577881,-2.7142832279205322,0.8162249067239462,0.9442036623694002,0.9549225194379688,1.2983646392822266,2.783229351043701,1.2983646392822266,2.783229351043701,2.1322951316833496,2.783229351043701,1.0368256568908691,0.6249432563781738,1.0368256568908691,0.6249432563781738,1.4788919687271118,1.1775051355361938
972,565,-0.13734936714172363,-2.507786989212036,0.9353811471288402,0.9669171369199955,0.7516608458509046,1.2066081762313843,1.881990671157837,1.2066081762313843,1.881990671157837,2.312516212463379,1.881990671157837,1.0079114437103271,0.7257617712020874,1.0079114437103271,0.7257617712020874,1.444951057434082,1.176252841949463
973,565,-0.6222668886184692,-1.9306286573410034,0.07096729812522762,1.0524461559702951,0.8670479257901509,2.126495122909546,1.162996768951416,2.126495122909546,1.162996768951416,3.7266526222229004,1.9519037008285522,1.1150107383728027,0.0505673885345459,1.1150107383728027,0.0505673885345459,1.513116478919983,0.5456048846244812
974,565,-0.027555139735341072,-1.1382931470870972,0.21552166665593775,0.05910629021624736,0.9092410376916329,1.7972862720489502,1.1464037895202637,1.7972862720489502,1.1464037895202637,2.1424973011016846,1.1464037895202637,0.9087056517601013,0.07181847095489502,0.9087056517601013,0.07181847095489502,1.004241704940796,0.2021266520023346
975,141,-1.864974856376648,0.027073152363300323,0.31438290058324736,0.10949035259584583,0.40596115699658797,0.11353380233049393,0.3189314603805542,0.11353380233049393,0.3189314603805542,0.12454738467931747,0.3189314603805542,0.06562734395265579,0.265006959438324,0.06562734395265579,0.265006959438324,0.07135610282421112,0.2696947455406189
976,565,-2.0318684577941895,-0.6638970375061035,0.6067703079059719,0.015159914493560689,0.17884676221758133,1.0985208749771118,0.5730099678039551,1.0985208749771118,0.5730099678039551,1.4407615661621094,0.7562100291252136,0.5730099678039551,0.01082146167755127,0.5730099678039551,0.01082146167755127,0.6599628925323486,0.10079856216907501
977,565,-1.0562994480133057,-1.2703243494033813,0.6980895986283819,0.6726452443252008,0.005654721794029038,1.4150962829589844,0.7130871415138245,1.4150962829589844,0.7130871415138245,2.496736526489258,1.3352351188659668,0.7130871415138245,0.009356021881103516,0.7130871415138245,0.009356021881103516,1.0241611003875732,0.341498464345932
978,565,-1.6399142742156982,-1.7905588150024414,0.37697991542130094,0.7868612637541567,0.6838124570677369,1.2966127395629883,1.268256425857544,1.2966127395629883,1.268256425857544,2.079893112182617,1.86004638671875,0.8963813781738281,0.3971778154373169,0.8963813781738281,0.3971778154373169,1.2053114175796509,0.7723609805107117
979,565,-2.772493600845337,-1.5122326612472534,0.5204902100190519,0.3618476188927888,0.648535272292793,1.0410114526748657,1.5552119016647339,1.0410114526748657,1.5552119016647339,1.681861162185669,1.5552119016647339,0.7336297035217285,0.4339873790740967,0.7336297035217285,0.4339873790740967,0.9811660647392273,0.7002147436141968
980,565,-0.8236125111579895,-1.6058907508850098,0.8498283121610679,0.5565892096857229,0.3064788457627099,1.526242971420288,0.9055862426757812,1.526242971420288,0.9055862426757812,2.1630561351776123,1.4886460304260254,0.9055862426757812,0.39644908905029297,0.9055862426757812,0.39644908905029297,1.1971161365509033,0.6788485050201416
981,565,-1.0272892713546753,-1.7321738004684448,0.2961702595278619,0.9228976593678818,0.4920441518956795,1.6615207195281982,1.2757368087768555,1.6615207195281982,1.2757368087768555,2.326598882675171,1.733755350112915,1.0240960121154785,0.2952556610107422,1.0240960121154785,0.2952556610107422,1.2616734504699707,0.5795903205871582
982,565,-2.248760938644409,-1.3993858098983765,0.29600501120090494,0.2950715042836962,0.7798493849299848,1.4125922918319702,1.414056658744812,1.4125922918319702,1.414056658744812,1.7751739025115967,1.414056658744812,0.8501752614974976,0.32366299629211426,0.8501752614974976,0.32366299629211426,1.0108757019042969,0.49967628717422485
983,565,-1.548561453819275,-1.2650415897369385,0.7172285062136751,0.2742758212486902,0.2159212563621501,1.1664119958877563,0.6963368654251099,1.1664119958877563,0.6963368654251099,1.5277527570724487,1.0488684177398682,0.6963368654251099,0.2703535556793213,0.6963368654251099,0.2703535556793213,0.872602641582489,0.4375132620334625
984,565,0.06333549320697784,-1.3862711191177368,0.45633387746910237,0.7008467555294435,0.23199606048564125,1.0615589618682861,1.1312777996063232,1.0615589618682861,1.1312777996063232,1.635822057723999,1.1312777996063232,0.7136539816856384,0.3106839656829834,0.7136539816856384,0.3106839656829834,0.9224659204483032,0.5459980964660645
985,565,-1.5257129669189453,-1.1958239078521729,0.014661731837938063,0.5020779781912764,0.7065126306128997,1.462216854095459,1.1891908645629883,1.462216854095459,1.1891908645629883,2.495134115219116,1.1891908645629883,0.7144002318382263,0.024779319763183594,0.7144002318382263,0.024779319763183594,0.9623558521270752,0.292762815952301
986,565,-0.7149143815040588,-0.7540913820266724,0.4747582370415331,0.01705912388861186,0.3437446837499738,0.9735021591186523,0.44891518354415894,0.9735021591186523,0.44891518354415894,1.702226161956787,0.773326575756073,0.44891518354415894,0.019537806510925293,0.44891518354415894,0.019537806510925293,0.620330810546875,0.18121325969696045
987,565,-0.12510542571544647,-0.7520930171012878,0.2516703862076004,0.4961446532358727,0.04187201595554746,1.0307400226593018,0.7496339082717896,1.0307400226593018,0.7496339082717896,1.4765417575836182,0.7496339082717896,0.5235002040863037,0.020794987678527832,0.5235002040863037,0.020794987678527832,0.6365670561790466,0.12456569075584412
988,565,-0.09535490721464157,-0.6665135025978088,0.019968270299335344,0.24119220163052285,0.4194496103686591,0.8841472268104553,0.7466161251068115,0.8841472268104553,0.7466161251068115,1.285597801208496,0.7466161251068115,0.48141640424728394,0.04621565341949463,0.48141640424728394,0.04621565341949463,0.5963759422302246,0.1913665384054184
989,565,-0.08849266916513443,-0.20387274026870728,0.0779925160606702,0.017932469596465495,0.2270714656015237,0.3987578749656677,0.2877512276172638,0.3987578749656677,0.2877512276172638,0.4273916780948639,0.2877512276172638,0.2175852358341217,0.04501590132713318,0.2175852358341217,0.04501590132713318,0.23217454552650452,0.060020700097084045
990,565,-0.995561957359314,-0.07205228507518768,0.008974541674057646,0.0793277561912934,0.01913105520109335,0.0323970764875412,0.05678415298461914,0.0323970764875412,0.05678415298461914,0.07762596011161804,0.09167332947254181,0.030224040150642395,0.026659533381462097,0.030224040150642395,0.026659533381462097,0.04773329198360443,0.04423508048057556
991,565,-1.4052016735076904,-0.3304300010204315,0.3337140388910969,0.006567464706798365,0.06564912547667823,0.583411693572998,0.30755311250686646,0.583411693572998,0.30755311250686646,0.6081938743591309,0.3586452603340149,0.30755311250686646,0.027643591165542603,0.30755311250686646,0.027643591165542603,0.319696843624115,0.04028820991516113
992,565,-0.5703506469726562,-0.738684356212616,0.4529764498770235,0.340665903221816,0.008216890860348824,0.8509172797203064,0.43023598194122314,0.8509172797203064,0.43023598194122314,1.404336929321289,0.7221042513847351,0.43023598194122314,0.02782154083251953,0.43023598194122314,0.02782154083251953,0.5761700868606567,0.18049310147762299
993,565,-1.3389188051223755,-0.8463169932365417,0.19758881288270158,0.4910034464175502,0.3039695779855053,0.7812634110450745,0.677275538444519,0.7812634110450745,0.677275538444519,1.1554654836654663,0.9456727504730225,0.5043060779571533,0.18925869464874268,0.5043060779571533,0.18925869464874268,0.6420214176177979,0.34415873885154724
994,565,-1.8370214700698853,-1.004223346710205,0.3978607194125652,0.1838934653624893,0.4476452694460749,0.7087162733078003,1.0417617559432983,0.7087162733078003,1.0417617559432983,1.3361625671386719,1.0417617559432983,0.4592011570930481,0.23869502544403076,0.4592011570930481,0.23869502544403076,0.6580384373664856,0.4308941066265106
995,565,0.9623821377754211,-1.0201900005340576,0.5710126992066702,0.42131471042831725,0.17052438577016193,0.9284928441047668,0.5511292815208435,0.9284928441047668,0.5511292815208435,1.564835548400879,0.9804095029830933,0.5511292815208435,0.18631088733673096,0.5511292815208435,0.18631088733673096,0.765769362449646,0.3999497890472412
996,565,-1.9865716695785522,-0.4902855455875397,0.25533258645484835,0.5665674124037225,0.316953047265609,1.3640304803848267,0.2515544891357422,1.3640304803848267,0.2515544891357422,2.410670518875122,0.5610727667808533,0.5236436128616333,0.3334546983242035,0.5236436128616333,0.3334546983242035,0.6700156927108765,0.1924259215593338
997,565,-2.327482223510742,-0.7423858642578125,0.6466347135479251,0.257619663563867,0.5798024662087359,1.4760419130325317,0.6118249893188477,1.4760419130325317,0.6118249893188477,2.914747714996338,0.8447986841201782,0.6118249893188477,0.31205642223358154,0.6118249893188477,0.31205642223358154,0.881451427936554,0.2669491767883301
998,565,-1.5472893714904785,-1.0106226205825806,0.7048105455189944,0.5980606926977636,0.2312599801272155,1.5663665533065796,0.6477307677268982,1.5663665533065796,0.6477307677268982,2.9061155319213867,1.2391799688339233,0.6477307677268982,0.26588737964630127,0.6477307677268982,0.26588737964630127,0.9434553384780884,0.306052029132843
999,565,-0.20590893924236298,-2.087266683578491,0.5761048512036604,0.9081704262519874,0.6412113403777282,1.2530312538146973,1.413930892944336,1.2530312538146973,1.413930892944336,1.9114668369293213,2.0204453468322754,0.9423589706420898,0.45374178886413574,0.9423589706420898,0.45374178886413574,1.242562174797058,0.8313890695571899
1000,565,0.2146945595741272,-1.15498685836792,0.18101435179511682,0.5366635018835464,0.6475354133794708,1.1888221502304077,1.164833426475525,1.1888221502304077,1.164833426475525,2.053520917892456,1.164833426475525,0.6657716035842896,0.06447482109069824,0.6657716035842896,0.06447482109069824,0.8871674537658691,0.3291957974433899
1001,565,-0.3092544674873352,-0.31278109550476074,0.001000129779179959,0.16816901444147037,0.4676617245251934,0.897733211517334,0.41333842277526855,0.897733211517334,0.41333842277526855,1.089611530303955,0.41333842277526855,0.418063223361969,0.06990301609039307,0.418063223361969,0.06990301609039307,0.447896271944046,0.03629302978515625
1002,565,0.9275673627853394,-0.10383285582065582,0.16201826356351376,0.031406675074249546,0.1803405097685754,0.16757848858833313,0.07835091650485992,0.16757848858833313,0.07835091650485992,0.4106922745704651,0.07835091650485992,0.05390181019902229,0.06469790637493134,0.05390181019902229,0.06469790637493134,0.09893704950809479,0.04482419043779373
1003,565,-0.9154808521270752,0.32281625270843506,0.2570362223808964,0.1865430641050141,0.030242849836746744,0.295319527387619,0.295319527387619,0.295319527387619,0.295319527387619,0.20041733980178833,0.19701343774795532,0.295319527387619,0.06186413764953613,0.295319527387619,0.06186413764953613,0.24616648256778717,0.048012375831604004
1004,565,-1.9499757289886475,-0.09260496497154236,0.3302591036756833,0.21326888243357334,0.12664808844526612,0.7608461380004883,0.2670952081680298,0.7608461380004883,0.2670952081680298,0.543694257736206,0.03703653812408447,0.2670952081680298,0.06909829378128052,0.2670952081680298,0.06909829378128052,0.15206587314605713,0.11592939496040344
1005,565,-1.3944005966186523,-0.5606294274330139,0.5876934293533365,0.35606354455153144,0.20309661754717423,1.2653448581695557,0.5342569351196289,1.2653448581695557,0.5342569351196289,2.081838369369507,0.794387698173523,0.5342569351196289,0.22926247119903564,0.5342569351196289,0.22926247119903564,0.6643223166465759,0.13214382529258728
1006,141,-3.058154582977295,-1.7479441165924072,0.22292115194723028,0.39144306348636754,0.020674593821167875,1.4400711059570312,1.6088342666625977,1.4400711059570312,1.6088342666625977,2.042588710784912,1.6088342666625977,1.0159962177276611,0.5035054683685303,1.0159962177276611,0.5035054683685303,1.3124152421951294,0.8255999088287354
1007,565,-0.10028773546218872,-2.092580795288086,1.0001577423885464,0.5227027186006308,0.6514012590423226,1.5460697412490845,0.9017665386199951,1.5460697412490845,0.9017665386199951,2.286461353302002,2.0505309104919434,0.9017665386199951,0.5377371311187744,0.9017665386199951,0.5377371311187744,1.2426352500915527,0.838343620300293
1008,565,0.05982719361782074,-1.3603098392486572,0.11306600648909826,1.1037494749389587,0.44710719743743543,2.0816490650177,1.0903068780899048,2.0816490650177,1.0903068780899048,2.9346556663513184,1.4628629684448242,1.058007001876831,0.0407642126083374,1.058007001876831,0.0407642126083374,1.2444123029708862,0.2616439759731293
1009,565,0.07921435683965683,-0.7311135530471802,0.01333712755081562,0.1177471296240884,0.8207288588987043,1.62459135055542,0.7941994071006775,1.62459135055542,0.7941994071006775,1.721531867980957,0.7941994071006775,0.782184362411499,0.024385809898376465,0.782184362411499,0.024385809898376465,0.7975921630859375,0.022326618432998657
1010,565,0.7040926814079285,0.08982425183057785,0.0400074573823562,0.03343860000682375,0.11095696893831089,0.07291615754365921,0.017028413712978363,0.07291615754365921,0.017028413712978363,0.047755785286426544,0.017028413712978363,0.026038214564323425,0.01777489483356476,0.026038214564323425,0.01777489483356476,0.013420552015304565,0.03045426495373249
1011,565,0.7871671915054321,0.2523835301399231,0.11216624137014147,0.07729676235467196,0.054035069942474326,0.1980949491262436,0.1980949491262436,0.1980949491262436,0.1980949491262436,0.036720290780067444,0.22085298597812653,0.1980949491262436,0.013760074973106384,0.1980949491262436,0.013760074973106384,0.20947396755218506,0.025176867842674255
1012,565,-0.9262625575065613,0.45817726850509644,0.13736325508604452,0.07635904273639113,0.08194116157790024,0.2397046834230423,0.2397046834230423,0.2397046834230423,0.2397046834230423,0.06084001064300537,0.47368037700653076,0.2397046834230423,0.21476830542087555,0.2397046834230423,0.21476830542087555,0.2505118250846863,0.2251741737127304
1013,565,0.5644369125366211,0.1433083415031433,0.33981934063136576,0.12032315291464336,0.0568207676708698,0.739139199256897,0.2644079029560089,0.739139199256897,0.2644079029560089,0.5007298588752747,0.03339529037475586,0.2644079029560089,0.1891072392463684,0.2644079029560089,0.1891072392463684,0.14890159666538239,0.30012717843055725
1014,565,0.8401116132736206,0.09858523309230804,0.09375195120383678,0.39526229500382515,0.09492652295312526,0.8666882514953613,0.11268052458763123,0.8666882514953613,0.11268052458763123,0.6107924580574036,0.10593555122613907,0.2816768288612366,0.16962379217147827,0.2816768288612366,0.16962379217147827,0.1716318130493164,0.2725249230861664
1015,565,-1.1487209796905518,0.12661655247211456,0.1405815740426381,0.06267556530733898,0.37704073550800477,0.818813145160675,0.17018738389015198,0.818813145160675,0.17018738389015198,0.5618903040885925,0.17018738389015198,0.2442159205675125,0.16200649738311768,0.2442159205675125,0.16200649738311768,0.1224302276968956,0.28861311078071594
1016,565,0.36591941118240356,0.1602538526058197,0.39624378373846414,0.11799190739169729,0.026461868174374015,0.8367984294891357,0.328331857919693,0.8367984294891357,0.328331857919693,0.6071101427078247,0.09088459610939026,0.328331857919693,0.14333823323249817,0.328331857919693,0.14333823323249817,0.20960822701454163,0.26278215646743774
1017,565,-0.06181193143129349,0.0554521307349205,0.06254020577917496,0.47629495573540537,0.08327802273134399,1.044033408164978,0.22923704981803894,1.044033408164978,0.22923704981803894,0.7657161355018616,0.001322031021118164,0.33706504106521606,0.10617492347955704,0.33706504106521606,0.10617492347955704,0.22067727148532867,0.20927922427654266
1018,565,-0.11059629172086716,-0.17815381288528442,0.10575056541711092,0.03907540731132031,0.36828171510249375,0.6282275915145874,0.1536208987236023,0.6282275915145874,0.1536208987236023,0.7723227143287659,0.1536208987236023,0.23658812046051025,0.10264506936073303,0.23658812046051025,0.10264506936073303,0.24533095955848694,0.09350241720676422
1019,565,-0.8663675785064697,0.08242624998092651,0.12428597765043381,0.15671970199793567,0.01043767938390383,0.1553153693675995,0.05517256259918213,0.1553153693675995,0.05517256259918213,0.3404025435447693,0.05517256259918213,0.01946800947189331,0.10227108001708984,0.01946800947189331,0.10227108001708984,0.03732028603553772,0.08458831161260605
1020,565,0.565363883972168,-0.3298743963241577,0.3405783484627802,0.15332221837093435,0.13972979695846643,0.4919460415840149,0.2602398991584778,0.4919460415840149,0.2602398991584778,0.5355851054191589,0.2911800146102905,0.2602398991584778,0.016901612281799316,0.2602398991584778,0.016901612281799316,0.27570995688438416,0.03293555974960327
1021,565,0.9982970356941223,-0.09095103293657303,0.10501152060305086,0.3308509269418817,0.11936361654351146,0.6191899180412292,0.06325076520442963,0.6191899180412292,0.06325076520442963,0.8235840201377869,0.08842390030622482,0.2187505066394806,0.16661208868026733,0.2187505066394806,0.16661208868026733,0.23097772896289825,0.15360349416732788
1022,565,0.9007582068443298,0.3090307414531708,0.18976670297483597,0.039855974415938106,0.3041892929126819,0.6991610527038574,0.24119989573955536,0.6991610527038574,0.24119989573955536,0.42520228028297424,0.24119989573955536,0.18497872352600098,0.15631309151649475,0.18497872352600098,0.15631309151649475,0.132348895072937,0.2938445806503296
1023,565,0.23307573795318604,0.7065408229827881,0.18839259623239418,0.17081789600352437,0.036030233340959006,0.2351750135421753,0.264431357383728,0.2351750135421753,0.264431357383728,0.5231015086174011,0.5523515939712524,0.264431357383728,0.15309107303619385,0.264431357383728,0.15309107303619385,0.40839147567749023,0.2910081744194031
1024,565,1.379249095916748,0.6751059889793396,0.0486732623601952,0.15427227462331455,0.13511490626881528,0.25078457593917847,0.34647345542907715,0.25078457593917847,0.34647345542907715,0.515720546245575,0.6122175455093384,0.2798423171043396,0.06685835123062134,0.2798423171043396,0.06685835123062134,0.411970853805542,0.2048223912715912
1025,565,0.312572181224823,0.6623035669326782,0.3421884131307404,0.006478143644829515,0.093914156431953,0.38187748193740845,0.38187748193740845,0.38187748193740845,0.38187748193740845,0.4869379997253418,0.657484769821167,0.38187748193740845,0.06496071815490723,0.38187748193740845,0.06496071815490723,0.4899361729621887,0.17314308881759644
1026,565,1.455482840538025,0.5420752763748169,0.05783733958378423,0.3578678958863021,0.022977303955703965,0.4161132574081421,0.5080733895301819,0.4161132574081421,0.5080733895301819,0.2012995481491089,0.5080733895301819,0.4161132574081421,0.061502039432525635,0.4161132574081421,0.061502039432525635,0.462093323469162,0.10651540756225586
1027,565,-0.27756279706954956,0.9472044706344604,0.4279749618346493,0.013720000485579087,0.2927554261560242,0.42162489891052246,0.42162489891052246,0.42162489891052246,0.42162489891052246,0.7779077291488647,0.8901225328445435,0.42162489891052246,0.09572052955627441,0.42162489891052246,0.09572052955627441,0.6093733310699463,0.27655041217803955
1028,565,-1.3720780611038208,0.38150542974472046,0.12544771837691465,0.4219197856386502,0.016952168618639407,0.4441070556640625,0.3647812604904175,0.4441070556640625,0.3647812604904175,0.11213904619216919,0.3647812604904175,0.4441070556640625,0.07848912477493286,0.4441070556640625,0.07848912477493286,0.40444415807724,0.03950458765029907
1029,565,0.3408961892127991,-0.03636200726032257,0.40214427230258776,0.14679811288913097,0.35962886797885096,1.1267480850219727,0.3929363489151001,1.1267480850219727,0.3929363489151001,0.8077302575111389,0.10414265096187592,0.3929363489151001,0.08096122741699219,0.3929363489151001,0.08096122741699219,0.20997048914432526,0.18996092677116394
1030,565,1.7101391553878784,-0.3508753776550293,0.07374733141933881,0.43215648363965264,0.13991854857342934,0.965634822845459,0.3010341227054596,0.965634822845459,0.3010341227054596,1.2009990215301514,0.3704700767993927,0.41171106696128845,0.1264936327934265,0.41171106696128845,0.1264936327934265,0.4456203579902649,0.08686749637126923
1031,565,0.06959263980388641,0.2863810658454895,0.548782587448756,0.044103559038291384,0.3469001497824988,0.518660843372345,0.518660843372345,0.518660843372345,0.518660843372345,0.79794842004776,0.2898467779159546,0.518660843372345,0.09196814894676208,0.518660843372345,0.09196814894676208,0.35092848539352417,0.13948138058185577
1032,565,-0.9750024676322937,0.5857189297676086,0.03527622441450751,0.4808236923503378,0.0003857177061337147,0.4753260612487793,0.4947052597999573,0.4753260612487793,0.4947052597999573,0.06025385856628418,0.4947052597999573,0.4753260612487793,0.08911529183387756,0.4753260612487793,0.08911529183387756,0.4850156605243683,0.09880444407463074
1033,565,-1.0531429052352905,0.15789949893951416,0.32334547504782685,0.009425460584461753,0.4419560803845525,0.43848463892936707,0.15272635221481323,0.43848463892936707,0.15272635221481323,0.6707723140716553,0.15272635221481323,0.43848463892936707,0.02169424295425415,0.43848463892936707,0.02169424295425415,0.28539133071899414,0.155292347073555
1034,565,-1.4967505931854248,-0.6607109904289246,0.3153505587826174,0.3171428957084813,0.008571459477146437,0.6528006792068481,0.6746615767478943,0.6528006792068481,0.6746615767478943,1.349062204360962,0.6746615767478943,0.31917455792427063,0.019804179668426514,0.31917455792427063,0.019804179668426514,0.49691808223724365,0.1874636560678482
1035,565,-1.0127822160720825,-1.1207144260406494,0.5367183204864461,0.28443560728182404,0.27225304951270435,0.731522798538208,0.5404254198074341,0.731522798538208,0.5404254198074341,1.0718666315078735,0.8771452903747559,0.5404254198074341,0.30878007411956787,0.5404254198074341,0.30878007411956787,0.708785355091095,0.47537100315093994
1036,565,-2.1139180660247803,-1.0706602334976196,0.32687491551041603,0.5044416950643061,0.24641981840133675,0.6861255764961243,0.8366343379020691,0.6861255764961243,0.8366343379020691,0.9848359823226929,0.8366343379020691,0.5278842449188232,0.3111687898635864,0.5278842449188232,0.3111687898635864,0.6822593212127686,0.47663772106170654
1037,565,0.07805217802524567,-1.5260155200958252,0.7535999454309547,0.38519294542570903,0.475094528843959,1.146120548248291,0.7249820828437805,1.146120548248291,0.7249820828437805,1.7320947647094727,1.5522538423538208,0.7249820828437805,0.38948845863342285,0.7249820828437805,0.38948845863342285,0.96793532371521,0.6149200797080994
1038,565,0.8954716920852661,-0.753795862197876,0.0021477635794627803,0.6683962933501848,0.27372325648243223,1.3072187900543213,0.5994668006896973,1.3072187900543213,0.5994668006896973,1.933016300201416,0.8341395854949951,0.6239519119262695,0.03085458278656006,0.6239519119262695,0.03085458278656006,0.7408096194267273,0.14125216007232666
1039,565,-0.8074066042900085,-0.12687668204307556,0.28068280470867946,0.010421130123237698,0.587151213871936,1.5410916805267334,0.13871178030967712,1.5410916805267334,0.13871178030967712,1.2363362312316895,0.13871178030967712,0.45630964636802673,0.02608773112297058,0.45630964636802673,0.02608773112297058,0.30979567766189575,0.20430248975753784
1040,565,1.1311042308807373,0.05460734665393829,0.23222975231086207,0.1974764297592143,0.02533220199247206,0.6640329360961914,0.22080950438976288,0.6640329360961914,0.22080950438976288,0.40960800647735596,0.03445902466773987,0.22080950438976288,0.018235385417938232,0.22080950438976288,0.018235385417938232,0.12763425707817078,0.14460334181785583
1041,565,-0.17675243318080902,0.27888765931129456,0.301360904822747,0.28225339194138854,0.13829502417395512,0.3194323778152466,0.3194323778152466,0.3194323778152466,0.3194323778152466,0.5322109460830688,0.09829860925674438,0.3194323778152466,0.20363157987594604,0.3194323778152466,0.20363157987594604,0.20886549353599548,0.10430358350276947
1042,565,-0.3293439745903015,0.08157794922590256,0.07444155748312667,0.2833105644832055,0.26537322528039425,0.32797062397003174,0.2757214307785034,0.32797062397003174,0.2757214307785034,0.4132384657859802,0.09111470729112625,0.32797062397003174,0.05423343926668167,0.32797062397003174,0.05423343926668167,0.23513180017471313,0.1537545621395111
1043,565,0.20903117954730988,0.12756124138832092,0.16764345529178776,0.10672118886063497,0.24230309852709375,0.3039179742336273,0.15430453419685364,0.3039179742336273,0.15430453419685364,0.22383293509483337,0.15430453419685364,0.3039179742336273,0.0537370890378952,0.3039179742336273,0.0537370890378952,0.2545279264450073,0.10352691262960434
1044,565,-0.3101810812950134,-0.09239834547042847,0.0470917307709654,0.20347515984127923,0.10152318718532721,0.23887880146503448,0.02716648578643799,0.23887880146503448,0.02716648578643799,0.37541234493255615,0.0663893073797226,0.08760185539722443,0.06042388081550598,0.08760185539722443,0.06042388081550598,0.107064388692379,0.04097512364387512
1045,565,0.12042566388845444,-0.07935741543769836,0.14511902750780184,0.04397006719062718,0.16245451283951598,0.20564888417720795,0.1105884313583374,0.20564888417720795,0.1105884313583374,0.4506814181804657,0.1105884313583374,0.07656505703926086,0.0616072416305542,0.07656505703926086,0.0616072416305542,0.12351488322019577,0.04800795018672943
1046,565,-1.4329358339309692,-0.006042659282684326,0.00483668367067977,0.15369599188367528,0.01204479475816092,0.24681022763252258,0.061913907527923584,0.24681022763252258,0.061913907527923584,0.18857599794864655,0.004147619009017944,0.09358663856983185,0.03231489658355713,0.09358663856983185,0.03231489658355713,0.06475278735160828,0.06123003363609314
1047,565,1.7647277116775513,-0.44597581028938293,0.5016086300897102,0.049103488369534376,0.15545016317317883,0.82535719871521,0.411545991897583,0.82535719871521,0.411545991897583,1.004235029220581,0.45277082920074463,0.411545991897583,0.03637617826461792,0.411545991897583,0.03637617826461792,0.4496285021305084,0.04002167284488678
1048,565,1.0688483715057373,0.18512462079524994,0.5362041846911114,0.4934504646373292,0.048625431613375875,0.5838981866836548,0.5838981866836548,0.5838981866836548,0.5838981866836548,0.852104663848877,0.19597266614437103,0.5838981866836548,0.026578828692436218,0.5838981866836548,0.026578828692436218,0.3899354338645935,0.16283702850341797
1049,565,-0.4207404553890228,0.49887776374816895,0.28366821133842074,0.4910321961094935,0.46693878329048544,0.519233226776123,0.8510150909423828,0.519233226776123,0.8510150909423828,0.7783799171447754,0.5243062376976013,0.519233226776123,0.3210224509239197,0.519233226776123,0.3210224509239197,0.37040776014328003,0.1668701171875
1050,565,2.2600767612457275,0.6724095344543457,0.17296975021560979,0.2422973300764959,0.4338665585468211,0.5038414001464844,0.6752171516418457,0.5038414001464844,0.6752171516418457,0.6051006317138672,0.6752171516418457,0.5038414001464844,0.12135320901870728,0.5038414001464844,0.12135320901870728,0.6486319303512573,0.16044317185878754
1051,565,0.24764977395534515,0.7152818441390991,0.6277605540988347,0.2153621483470004,0.20503433904921015,0.6261382102966309,0.6261382102966309,0.6261382102966309,0.6261382102966309,0.397996187210083,0.5035499334335327,0.6261382102966309,0.23943358659744263,0.6261382102966309,0.23943358659744263,0.5648440718650818,0.18825975060462952
1052,565,1.2663522958755493,0.6969612240791321,0.09186273622016117,0.6427251295248667,0.2493528564771017,0.6649577617645264,0.7346071004867554,0.6649577617645264,0.7346071004867554,0.2757013440132141,0.6222088932991028,0.6649577617645264,0.06429749727249146,0.6649577617645264,0.06429749727249146,0.6100477576255798,0.06588006019592285
1053,565,0.8859562277793884,1.1389168500900269,0.31067994856586045,0.037422803913553904,0.6188725810622173,0.699701726436615,1.1027017831802368,0.699701726436615,1.1027017831802368,0.7688940763473511,1.1027017831802368,0.699701726436615,0.08432698249816895,0.699701726436615,0.08432698249816895,0.865810751914978,0.24508532881736755
1054,565,-0.9701986312866211,0.676769495010376,0.24002256762236363,0.3230867539346217,0.01975706551223988,0.3850468695163727,0.6255912780761719,0.3850468695163727,0.6255912780761719,0.5208557844161987,0.6255912780761719,0.3850468695163727,0.07203328609466553,0.3850468695163727,0.07203328609466553,0.5053190588951111,0.19111624360084534
1055,565,1.4842274188995361,0.48281338810920715,0.32542583853006374,0.2640838597714903,0.3168800164014101,0.877200722694397,0.31053897738456726,0.877200722694397,0.31053897738456726,0.41441217064857483,0.41786688566207886,0.31053897738456726,0.3146525025367737,0.31053897738456726,0.3146525025367737,0.22543218731880188,0.5148941278457642
1056,565,0.541462779045105,0.3693660795688629,0.3456082339522739,0.3744399338650206,0.1572267850240071,1.0915436744689941,0.09915775060653687,1.0915436744689941,0.09915775060653687,0.7160313129425049,0.09915775060653687,0.2559022009372711,0.18149027228355408,0.2559022009372711,0.18149027228355408,0.177529975771904,0.37513554096221924
1057,565,-0.21579678356647491,0.2928463816642761,0.11740624109903958,0.3560415169472496,0.37096802384903027,1.1136293411254883,0.2969350218772888,1.1136293411254883,0.2969350218772888,0.5846824645996094,0.2969350218772888,0.2482389211654663,0.12816548347473145,0.2482389211654663,0.12816548347473145,0.20673923194408417,0.33028340339660645
1058,565,1.227960228919983,0.58832848072052,0.0771882238052784,0.07475444145500654,0.33945403611287467,0.45523878931999207,0.5548974871635437,0.45523878931999207,0.5548974871635437,0.015951037406921387,0.5548974871635437,0.45523878931999207,0.18412211537361145,0.45523878931999207,0.18412211537361145,0.42688268423080444,0.15613839030265808
1059,565,1.070504903793335,0.37202510237693787,0.31162300143080446,0.14609434693430856,0.060206322033579174,0.2905595004558563,0.2905595004558563,0.2905595004558563,0.2905595004558563,0.20230630040168762,0.2306055873632431,0.2905595004558563,0.1341131627559662,0.2905595004558563,0.1341131627559662,0.2605825364589691,0.1070537120103836
1060,565,0.9481651782989502,0.5245869755744934,0.2565821480005981,0.3009382386878133,0.16610017400234944,0.34010544419288635,0.6117585301399231,0.34010544419288635,0.6117585301399231,0.5708560943603516,0.6117585301399231,0.34010544419288635,0.05571627616882324,0.34010544419288635,0.05571627616882324,0.4759320020675659,0.1312190145254135
1061,565,1.8823356628417969,1.0343214273452759,0.24706821379562216,0.2697759089370567,0.3089627052595219,0.4480435252189636,1.0283775329589844,0.4480435252189636,1.0283775329589844,0.7295361757278442,1.0283775329589844,0.4480435252189636,0.25732433795928955,0.4480435252189636,0.25732433795928955,0.6107815504074097,0.4541594982147217
1062,565,0.8142892122268677,0.9595311880111694,0.4506772824873527,0.18190019254883127,0.1959632350256046,0.3950936794281006,0.3950936794281006,0.3950936794281006,0.3950936794281006,0.4712410271167755,0.9479436874389648,0.3950936794281006,0.2846858501434326,0.3950936794281006,0.2846858501434326,0.5410383939743042,0.40283894538879395
1063,565,2.098376989364624,1.1699763536453247,0.2287464375545581,0.5446877542634807,0.16199964453776672,0.6159275770187378,0.8251785635948181,0.6159275770187378,0.8251785635948181,0.5549312829971313,0.8251785635948181,0.6159275770187378,0.31254708766937256,0.6159275770187378,0.31254708766937256,0.7205530405044556,0.4153505563735962
1064,565,1.2346874475479126,1.2445094585418701,0.5046807164450486,0.1503157843401035,0.46316013184686505,0.4782014489173889,0.4782014489173889,0.4782014489173889,0.4782014489173889,0.9755947589874268,1.2420740127563477,0.4782014489173889,0.2445889711380005,0.4782014489173889,0.2445889711380005,0.7532949447631836,0.4862743020057678
1065,565,0.04009801894426346,1.224000096321106,0.2939894069917499,0.5828053028136492,0.11985656378790754,0.6405715346336365,0.9448294639587402,0.6405715346336365,0.9448294639587402,0.7280997633934021,0.9448294639587402,0.6405715346336365,0.25401002168655396,0.6405715346336365,0.25401002168655396,0.7927005290985107,0.3990081548690796
1066,565,-0.05224002152681351,1.1341012716293335,0.0008147175175449162,0.32840568957229443,0.6084367019621034,0.7484395503997803,1.141505241394043,0.7484395503997803,1.141505241394043,0.868874192237854,1.141505241394043,0.7484395503997803,0.011091470718383789,0.7484395503997803,0.011091470718383789,0.9392873048782349,0.25682029128074646
1067,565,-0.8177993297576904,0.44611066579818726,0.07368867928783104,0.09273304178069033,0.26893860967208943,0.38914233446121216,0.3870822489261627,0.38914233446121216,0.3870822489261627,0.03429555892944336,0.3870822489261627,0.38914233446121216,0.013087213039398193,0.38914233446121216,0.013087213039398193,0.39507120847702026,0.006577044725418091
1068,565,-0.29258599877357483,-0.16702963411808014,0.27105465779701865,0.1718739094088475,0.10874744499723121,0.4469197392463684,0.22549958527088165,0.4469197392463684,0.22549958527088165,0.4839549660682678,0.23939688503742218,0.22549958527088165,0.010536104440689087,0.22549958527088165,0.010536104440689087,0.23244823515415192,0.0073059722781181335
1069,565,1.5062193870544434,-0.25714752078056335,0.14850697543472058,0.36095873337239026,0.18431877210736275,0.4418671131134033,0.2892230153083801,0.4418671131134033,0.2892230153083801,0.45675355195999146,0.30267733335494995,0.21802617609500885,0.07592925429344177,0.21802617609500885,0.07592925429344177,0.2248823046684265,0.08245879411697388
1070,565,0.07831674814224243,0.1667596399784088,0.2961862300957243,0.21241687861581643,0.28600356065978616,0.36864328384399414,0.36864328384399414,0.36864328384399414,0.36864328384399414,0.40604957938194275,0.12775897979736328,0.36864328384399414,0.0666968822479248,0.36864328384399414,0.0666968822479248,0.2852382957935333,0.14211320877075195
1071,565,-1.4486459493637085,0.4491425156593323,0.028454384660969168,0.270978174575915,0.27066895953069137,0.4237895905971527,0.4452240765094757,0.4237895905971527,0.4452240765094757,0.2035728096961975,0.37186872959136963,0.4237895905971527,0.020579814910888672,0.4237895905971527,0.020579814910888672,0.3873381018638611,0.041543155908584595
1072,565,0.8667025566101074,0.1199832633137703,0.43995603498692304,0.10161798334370054,0.25110232706492136,0.955563485622406,0.3430265188217163,0.955563485622406,0.3430265188217163,0.5878220796585083,0.0728689432144165,0.3430265188217163,0.022056445479393005,0.3430265188217163,0.022056445479393005,0.1986173540353775,0.22599086165428162
1073,565,-1.085379719734192,-0.0049142129719257355,0.17835712765033035,0.5244622069907684,0.08673450571795299,1.012299656867981,0.13253504037857056,1.012299656867981,0.13253504037857056,0.8055093288421631,0.13253504037857056,0.3347054719924927,0.018035776913166046,0.3347054719924927,0.018035776913166046,0.23362025618553162,0.13767945766448975
1074,565,-0.031353384256362915,-0.31089574098587036,0.35004696354269976,0.16232385858893394,0.4695141699910165,0.9773212671279907,0.3737899959087372,0.9773212671279907,0.3737899959087372,1.6878690719604492,0.3737899959087372,0.3037881851196289,0.24256914854049683,0.3037881851196289,0.24256914854049683,0.445841521024704,0.16256339848041534
1075,565,0.36192870140075684,-0.1602204144001007,0.05874618868033099,0.4426526154453555,0.1398752687250574,0.914060115814209,0.30234622955322266,0.914060115814209,0.30234622955322266,0.6422590017318726,0.06591027230024338,0.29380324482917786,0.00917789340019226,0.29380324482917786,0.00917789340019226,0.1753731071949005,0.12197305262088776
1076,565,1.3195428848266602,-0.07047825306653976,0.04121643056472141,0.1188558329145114,0.3949394829074542,0.626806914806366,0.1624736189842224,0.626806914806366,0.1624736189842224,0.7625040411949158,0.1624736189842224,0.23453235626220703,0.09288974851369858,0.23453235626220703,0.09288974851369858,0.23847268521785736,0.0886729434132576
1077,565,1.1828134059906006,0.3307056128978729,0.3031105312953392,0.04399108966191609,0.14598469824840624,0.3083646595478058,0.3083646595478058,0.3083646595478058,0.3083646595478058,0.08994472026824951,0.39671874046325684,0.3083646595478058,0.09376581013202667,0.3083646595478058,0.09376581013202667,0.304442822933197,0.0901813954114914
1078,565,1.5780365467071533,0.8636571764945984,0.23730641973903388,0.32599738055840144,0.08293180936714617,0.4217545688152313,0.6970151662826538,0.4217545688152313,0.6970151662826538,0.6643447875976562,0.6970151662826538,0.4217545688152313,0.10690313577651978,0.4217545688152313,0.10690313577651978,0.5593848824501038,0.2548052668571472
1079,565,1.1378026008605957,1.112602710723877,0.2881508581091959,0.17969819744427995,0.26005986896653976,0.31327444314956665,0.31327444314956665,0.31327444314956665,0.31327444314956665,0.629524827003479,0.9924555420875549,0.31327444314956665,0.3543422818183899,0.31327444314956665,0.3543422818183899,0.504849374294281,0.5045181512832642
1080,565,0.7509470582008362,1.0659149885177612,0.2620100893018145,0.3479184401532015,0.18229476823781932,0.5356234312057495,0.7850581407546997,0.5356234312057495,0.7850581407546997,0.6856422424316406,0.7850581407546997,0.5356234312057495,0.3975878953933716,0.5356234312057495,0.3975878953933716,0.6603407859802246,0.5243576169013977
1081,565,0.19252151250839233,0.8294987082481384,0.13722122515241308,0.2268902247647444,0.2683136669794719,0.4531952142715454,0.8801031112670898,0.4531952142715454,0.8801031112670898,0.6067631244659424,0.8801031112670898,0.4531952142715454,0.17638689279556274,0.4531952142715454,0.17638689279556274,0.5792750716209412,0.33314499258995056
1082,565,2.056039333343506,0.5879629254341125,0.05232657438764976,0.10878965842227137,0.20367505586395657,0.3165624141693115,0.5549067854881287,0.3165624141693115,0.5549067854881287,0.41058483719825745,0.5549067854881287,0.3165624141693115,0.042611122131347656,0.3165624141693115,0.042611122131347656,0.4118972420692444,0.1505698263645172
1083,565,0.5956655740737915,0.6935302019119263,0.4183833453183373,0.05182732294003173,0.09020050973941884,0.3977951109409332,0.3977951109409332,0.3977951109409332,0.3977951109409332,0.23327761888504028,0.6477504968643188,0.3977951109409332,0.04801982641220093,0.3977951109409332,0.04801982641220093,0.49826788902282715,0.1449047029018402
1084,565,1.165187954902649,0.9033780694007874,0.13423796222855672,0.5336503613119322,0.13261160607139266,0.6259056329727173,0.770481288433075,0.6259056329727173,0.770481288433075,0.4414372742176056,0.770481288433075,0.6259056329727173,0.0668216347694397,0.6259056329727173,0.0668216347694397,0.6981934309005737,0.1399468183517456
1085,565,0.874339759349823,1.1632568836212158,0.22165764920413483,0.0534963393583896,0.5447737310454248,0.6955095529556274,1.1293162107467651,0.6955095529556274,1.1293162107467651,0.7586087584495544,1.1293162107467651,0.6955095529556274,0.20819872617721558,0.6955095529556274,0.20819872617721558,0.8345068097114563,0.3389556407928467
1086,565,0.9155392050743103,0.7931804656982422,0.1368345316623647,0.17487198074658708,0.02962277212490655,0.34036245942115784,0.5412237644195557,0.34036245942115784,0.5412237644195557,0.47281283140182495,0.5412237644195557,0.34036245942115784,0.17131835222244263,0.34036245942115784,0.17131835222244263,0.44079309701919556,0.2741321921348572
1087,565,1.502766728401184,0.8699057698249817,0.2023965595786772,0.054623970737059935,0.12676472486307205,0.1552032232284546,0.2174277901649475,0.1552032232284546,0.2174277901649475,0.502537727355957,0.7872010469436646,0.2174277901649475,0.25533562898635864,0.2174277901649475,0.25533562898635864,0.3910854458808899,0.40835657715797424
1088,565,1.5658127069473267,0.9050872325897217,0.3307768661264951,0.13160632884750767,0.04313242700106151,0.36230748891830444,0.36230748891830444,0.36230748891830444,0.36230748891830444,0.46658894419670105,0.6408992409706116,0.36230748891830444,0.2569538354873657,0.36230748891830444,0.2569538354873657,0.501603364944458,0.38215580582618713
1089,565,0.9729388952255249,1.2117544412612915,0.3504726300388574,0.33560217112302776,0.11289972268044957,0.36289215087890625,0.36289215087890625,0.36289215087890625,0.36289215087890625,0.8341217041015625,0.8525817394256592,0.36289215087890625,0.3064175844192505,0.36289215087890625,0.3064175844192505,0.6077369451522827,0.5235538482666016
1090,565,0.4993445575237274,1.1518741846084595,0.24956215234473356,0.3866814849711954,0.3122826638817787,0.5280352830886841,0.7372283935546875,0.5280352830886841,0.7372283935546875,0.9216083884239197,1.1423295736312866,0.5280352830886841,0.2287769913673401,0.5280352830886841,0.2287769913673401,0.7324929237365723,0.4823128283023834
1091,565,1.6042141914367676,1.0056753158569336,0.08103551873316361,0.26747201030453044,0.357114575294157,0.563681423664093,0.9687134623527527,0.563681423664093,0.9687134623527527,0.6795867681503296,0.9687134623527527,0.563681423664093,0.1379644274711609,0.563681423664093,0.1379644274711609,0.7064697742462158,0.3227212131023407
1092,565,1.2845085859298706,0.8667701482772827,0.3617508595250547,0.024396872613579146,0.17856162544339899,0.3791007399559021,0.3791007399559021,0.3791007399559021,0.3791007399559021,0.4862912893295288,0.7952379584312439,0.3791007399559021,0.16534966230392456,0.3791007399559021,0.16534966230392456,0.5207287073135376,0.2978666126728058
1093,565,1.7448899745941162,0.9213437438011169,0.29325348128875095,0.3469286178549131,0.023555714289347218,0.4397903382778168,0.7056450247764587,0.4397903382778168,0.7056450247764587,0.6365162134170532,0.7056450247764587,0.4397903382778168,0.14205992221832275,0.4397903382778168,0.14205992221832275,0.5727176666259766,0.2815960943698883
1094,565,0.7297918796539307,1.3495181798934937,0.4219706398062408,0.32293279359117144,0.3373674652725458,0.4260476231575012,0.4260476231575012,0.4260476231575012,0.4260476231575012,0.9277336597442627,1.3246614933013916,0.4260476231575012,0.50396329164505,0.4260476231575012,0.50396329164505,0.6955268383026123,0.7233670353889465
1095,565,0.7671112418174744,1.1567661762237549,0.15646293709675452,0.41926151963571695,0.22478469575444882,0.6032217741012573,0.7789116501808167,0.6032217741012573,0.7789116501808167,0.8076307773590088,1.083214282989502,0.6032217741012573,0.18982332944869995,0.6032217741012573,0.18982332944869995,0.7555022239685059,0.39157313108444214
1096,565,1.161306381225586,0.9016176462173462,0.17048848323524007,0.08293272547423824,0.38180127657949925,0.5403600931167603,0.9232945442199707,0.5403600931167603,0.9232945442199707,0.49028825759887695,0.9232945442199707,0.5403600931167603,0.25059056282043457,0.5403600931167603,0.25059056282043457,0.6354089379310608,0.3475508689880371
1097,565,0.7907913327217102,0.7375593185424805,0.2630501584584515,0.1262761596093574,0.05916997654984402,0.2693999409675598,0.2693999409675598,0.2693999409675598,0.2693999409675598,0.38002434372901917,0.4923229515552521,0.2693999409675598,0.20715445280075073,0.2693999409675598,0.20715445280075073,0.38086146116256714,0.30733948945999146
1098,565,1.8747057914733887,0.80863356590271,0.1535787547876436,0.23794382007171724,0.08603683323909844,0.3524056077003479,0.5403589606285095,0.3524056077003479,0.5403589606285095,0.4512794613838196,0.5403589606285095,0.3524056077003479,0.23341089487075806,0.3524056077003479,0.23341089487075806,0.4463822841644287,0.3286901116371155
1099,565,1.9624449014663696,1.0269564390182495,0.45768658421933633,0.104167362265289,0.20800285410135977,0.3991723656654358,0.3991723656654358,0.3991723656654358,0.3991723656654358,0.5419965386390686,0.9673949480056763,0.3991723656654358,0.2498093843460083,0.3991723656654358,0.2498093843460083,0.5713964700698853,0.3926863968372345
1100,565,1.2828669548034668,1.3353025913238525,0.5056737125540772,0.5361743654000262,0.05924704507614176,0.593316912651062,1.0918339490890503,0.593316912651062,1.0918339490890503,1.0665488243103027,1.0918339490890503,0.6177538633346558,0.2554839849472046,0.6177538633346558,0.2554839849472046,0.854793906211853,0.5006673336029053
1101,565,1.132036805152893,1.4965533018112183,0.3418716343988977,0.5467887624663611,0.5051340568748612,0.7237011194229126,1.0166079998016357,0.7237011194229126,1.0166079998016357,1.1953240633010864,1.5070728063583374,0.7237011194229126,0.3080410957336426,0.7237011194229126,0.3080410957336426,0.9683753848075867,0.6513664722442627
1102,565,0.012236122973263264,1.391879916191101,0.2882646512674789,0.38248922516281403,0.5479751727233331,0.6696973443031311,1.3181045055389404,0.6696973443031311,1.3181045055389404,0.8460192084312439,1.3181045055389404,0.6696973443031311,0.2799133062362671,0.6696973443031311,0.2799133062362671,0.8513820171356201,0.5067596435546875
1103,565,2.1074507236480713,0.7988860607147217,0.0017980014036099723,0.28236559850474197,0.3173187917967638,0.4132285714149475,0.7294225692749023,0.4132285714149475,0.7294225692749023,0.6855624914169312,0.7294225692749023,0.4132285714149475,0.0030721426010131836,0.4132285714149475,0.0030721426010131836,0.5697459578514099,0.18419554829597473
1104,565,1.8469738960266113,0.8321435451507568,0.5245168773581583,0.12676371401796738,0.24657145769645766,0.4575161933898926,0.4575161933898926,0.4575161933898926,0.4575161933898926,0.5065047144889832,0.7905517816543579,0.4575161933898926,0.0033614635467529297,0.4575161933898926,0.0033614635467529297,0.6223413944244385,0.14933863282203674
1105,565,0.42771056294441223,1.1158406734466553,0.48607233385244974,0.5658644227559371,0.14207608399291827,0.6119858026504517,1.0273282527923584,0.6119858026504517,1.0273282527923584,0.9639700055122375,1.0273282527923584,0.6119858026504517,0.003993391990661621,0.6119858026504517,0.003993391990661621,0.819657027721405,0.21537092328071594
1106,565,2.0142574310302734,1.4997104406356812,0.0956899138664209,0.6177983548616368,0.6394646867861349,0.7795615792274475,1.4455711841583252,0.7795615792274475,1.4455711841583252,1.2624309062957764,1.4455711841583252,0.7795615792274475,0.09682917594909668,0.7795615792274475,0.09682917594909668,1.0565818548202515,0.4441012740135193
1107,565,1.0486761331558228,1.1773122549057007,0.48016408132078725,0.023532609470809485,0.5347968403312069,0.5143787264823914,1.1205335855484009,0.5143787264823914,1.1205335855484009,0.951790452003479,1.1205335855484009,0.5572043061256409,0.13298583030700684,0.5572043061256409,0.13298583030700684,0.7778950333595276,0.33821913599967957
1108,565,1.5357385873794556,1.022244930267334,0.27535679917782563,0.5549395034275948,0.00872155966237187,0.606849193572998,0.8399544954299927,0.606849193572998,0.8399544954299927,0.6240485906600952,0.8399544954299927,0.606849193572998,0.14638495445251465,0.606849193572998,0.14638495445251465,0.7234018445014954,0.26494085788726807
1109,565,1.2742117643356323,1.3458150625228882,0.36795245025306933,0.2890335187315942,0.5515698333457111,0.6330180168151855,1.2476608753204346,0.6330180168151855,1.2476608753204346,0.8394607901573181,1.2476608753204346,0.6330180168151855,0.338238000869751,0.6330180168151855,0.338238000869751,0.7894428372383118,0.4840097427368164
1110,565,-0.022507505491375923,1.100940465927124,0.37645031688114,0.4256796534111102,0.23060065460701806,0.46706998348236084,0.7749897241592407,0.46706998348236084,0.7749897241592407,0.7057465314865112,0.7749897241592407,0.46706998348236084,0.3190551996231079,0.46706998348236084,0.3190551996231079,0.6210298538208008,0.46841728687286377
1111,565,0.22635427117347717,0.9421144723892212,0.06582449763392406,0.39957576760401314,0.42995020333056666,0.5129314661026001,0.8703196048736572,0.5129314661026001,0.8703196048736572,0.8010649681091309,0.8703196048736572,0.5129314661026001,0.006109714508056641,0.5129314661026001,0.006109714508056641,0.6948201656341553,0.21347767114639282
1112,565,1.3363690376281738,0.5377814769744873,0.131738176556925,0.019228545737763225,0.3656615945200125,0.4219071865081787,0.477317214012146,0.4219071865081787,0.477317214012146,0.21556967496871948,0.477317214012146,0.4219071865081787,0.0077994465827941895,0.4219071865081787,0.0077994465827941895,0.4531351625919342,0.02982783317565918
1113,565,1.068665623664856,0.3987043797969818,0.3703250490004818,0.061557971487442575,0.05673225567986562,0.29604572057724,0.29604572057724,0.29604572057724,0.29604572057724,0.02940744161605835,0.3617664575576782,0.29604572057724,0.006099671125411987,0.29604572057724,0.006099671125411987,0.3289060890674591,0.03169907629489899
1114,565,-0.3041907846927643,0.7097696661949158,0.274484840730826,0.3981034252295892,0.026969829822580005,0.4131050109863281,0.6472401022911072,0.4131050109863281,0.6472401022911072,0.5847561955451965,0.6472401022911072,0.4131050109863281,0.07638955116271973,0.4131050109863281,0.07638955116271973,0.53017258644104,0.18853968381881714
1115,565,-0.5315254330635071,0.7521131038665771,0.001873547217498217,0.30972198856373623,0.40433468210821355,0.468034565448761,0.7106035947799683,0.468034565448761,0.7106035947799683,0.7204853892326355,0.7106035947799683,0.468034565448761,0.0852472186088562,0.468034565448761,0.0852472186088562,0.6366280317306519,0.185222789645195
1116,565,-0.4356650710105896,0.030433567240834236,0.11757300317365058,0.08841217018857914,0.2588165562440797,0.31489747762680054,0.07760966569185257,0.31489747762680054,0.07760966569185257,0.22163838148117065,0.07760966569185257,0.31489747762680054,0.09750236570835114,0.31489747762680054,0.09750236570835114,0.2382509410381317,0.1713254153728485
1117,565,0.28654128313064575,-0.2703004479408264,0.08383136502855143,0.18427606908061234,0.09905666123299556,0.21286195516586304,0.27189305424690247,0.21286195516586304,0.27189305424690247,0.2846984565258026,0.3420226573944092,0.1485450267791748,0.1286502480506897,0.1485450267791748,0.1286502480506897,0.18450412154197693,0.1638822853565216
1118,565,0.3518511950969696,-0.08915889263153076,0.16934144165677323,0.14405381418454144,0.20021655914063258,0.35741376876831055,0.1736551821231842,0.35741376876831055,0.1736551821231842,0.2784256935119629,0.1736551821231842,0.13142883777618408,0.11753807961940765,0.13142883777618408,0.11753807961940765,0.09104082733392715,0.07748346775770187
1119,565,1.2597179412841797,0.1388530731201172,0.16413269558300567,0.12339560018231471,0.16353218088547378,0.0942947044968605,0.0942947044968605,0.0942947044968605,0.0942947044968605,0.2683805227279663,0.05660369247198105,0.0942947044968605,0.08236020803451538,0.0942947044968605,0.08236020803451538,0.061847154051065445,0.06011711806058884
1120,565,0.3481194078922272,0.529155969619751,0.39150516453509526,0.09891706769665082,0.07336791555707656,0.2850370705127716,0.2850370705127716,0.2850370705127716,0.2850370705127716,0.12347477674484253,0.38449230790138245,0.2850370705127716,0.07304647564888,0.2850370705127716,0.07304647564888,0.334764689207077,0.11768089234828949
1121,565,1.6775785684585571,0.6543354988098145,0.14218635899325205,0.4301354489227136,0.09127468289186558,0.3717383146286011,0.455986887216568,0.3717383146286011,0.455986887216568,0.25021126866340637,0.455986887216568,0.3717383146286011,0.11100351810455322,0.3717383146286011,0.11100351810455322,0.41386258602142334,0.15135417878627777
1122,565,-0.3122428059577942,0.9350037574768066,0.4666157503798604,0.10267187733203176,0.3900970891863107,0.3526994585990906,0.3526994585990906,0.3526994585990906,0.3526994585990906,0.6243201494216919,0.8568087220191956,0.3526994585990906,0.10760962963104248,0.3526994585990906,0.10760962963104248,0.5508551001548767,0.28498077392578125
1123,565,-0.48560309410095215,0.6308779120445251,0.0370394241840889,0.5337953943355629,0.08117169879997777,0.5056251287460327,0.4168672561645508,0.5056251287460327,0.4168672561645508,0.21068090200424194,0.5167263746261597,0.5056251287460327,0.0845651626586914,0.5056251287460327,0.0845651626586914,0.5558204650878906,0.055426329374313354
1124,565,0.7094213366508484,0.4348658323287964,0.08378072168678052,0.10473085064440968,0.5471127424389125,0.5500820875167847,0.3105725049972534,0.5500820875167847,0.3105725049972534,0.15081846714019775,0.3105725049972534,0.5500820875167847,0.14342838525772095,0.5500820875167847,0.14342838525772095,0.5006615519523621,0.2040371298789978
1125,565,-1.2017313241958618,-0.04912097752094269,0.20852513074874876,0.13332195043563844,0.10914763435721396,0.18128623068332672,0.18128623068332672,0.18128623068332672,0.18128623068332672,0.26730069518089294,0.056923240423202515,0.18128623068332672,0.07188695669174194,0.18128623068332672,0.07188695669174194,0.11910473555326462,0.13412673771381378
1126,565,-1.2525420188903809,-0.19218288362026215,0.3121064353175462,0.20105450687929993,0.17029770128428934,0.7510236501693726,0.330072283744812,0.7510236501693726,0.330072283744812,0.5717231035232544,0.13262806832790375,0.330072283744812,0.13796493411064148,0.330072283744812,0.13796493411064148,0.23135018348693848,0.10354026407003403
1127,565,1.5705718994140625,-0.5264392495155334,0.3290294562404354,0.35025372428198653,0.16405650055656829,0.9099369049072266,0.727416455745697,0.9099369049072266,0.727416455745697,1.6427478790283203,0.727416455745697,0.35826605558395386,0.1861729621887207,0.35826605558395386,0.1861729621887207,0.5428412556648254,0.200026735663414
1128,565,0.4998139441013336,-0.07747337222099304,0.4750994904836017,0.31050227681795745,0.3099678691724936,0.4673279821872711,0.4673279821872711,0.4673279821872711,0.4673279821872711,0.727211594581604,0.11794671416282654,0.4673279821872711,0.23765820264816284,0.4673279821872711,0.23765820264816284,0.29263734817504883,0.3622906804084778
1129,565,0.7512199282646179,0.3465437591075897,0.172913928317527,0.42480254425356784,0.3185437428702911,0.4162234365940094,0.5433229207992554,0.4162234365940094,0.5433229207992554,0.7262290716171265,0.28842154145240784,0.4162234365940094,0.11541253328323364,0.4162234365940094,0.11541253328323364,0.2922176122665405,0.14096634089946747
1130,799,1.8871665000915527,0.9370970726013184,0.28958145199964436,0.13178216194423542,0.48121962263869744,0.4825175404548645,0.8920018076896667,0.4825175404548645,0.8920018076896667,0.46109071373939514,0.8920018076896667,0.4825175404548645,0.17031621932983398,0.4825175404548645,0.17031621932983398,0.6046611070632935,0.2902984917163849
1131,799,2.050374984741211,0.9685612320899963,0.6167814777046442,0.22862811028957364,0.10338845804333685,0.5453805923461914,0.5453805923461914,0.5453805923461914,0.5453805923461914,0.43388283252716064,0.7625775337219238,0.5453805923461914,0.1290106177330017,0.5453805923461914,0.1290106177330017,0.6539790630340576,0.23084279894828796
1132,799,1.1272690296173096,1.355725884437561,0.6018990359765789,0.5247362229538459,0.17784908914317676,0.5614224076271057,0.5614224076271057,0.5614224076271057,0.5614224076271057,1.0297894477844238,1.075268268585205,0.5614224076271057,0.22973966598510742,0.5614224076271057,0.22973966598510742,0.818345308303833,0.4586378037929535
1133,799,1.5728286504745483,1.6657898426055908,0.35333691115180654,0.6953327554247031,0.6013359621136138,0.7330002784729004,1.060743808746338,0.7330002784729004,1.060743808746338,1.2457208633422852,1.6304936408996582,0.7330002784729004,0.3161582946777344,0.7330002784729004,0.3161582946777344,1.0118013620376587,0.6519545316696167
1134,799,1.5346481800079346,1.3584426641464233,0.5097438824921846,0.34301453251391645,0.5695926633849742,0.6036809682846069,1.3904099464416504,0.6036809682846069,1.3904099464416504,0.9110342264175415,1.3904099464416504,0.6036809682846069,0.37006694078445435,0.6036809682846069,0.37006694078445435,0.8288549184799194,0.606143593788147
1135,799,2.053351402282715,1.1533474922180176,0.45318916803846765,0.46316081574807544,0.3052343071500462,0.4435776472091675,0.8806718587875366,0.4435776472091675,0.8806718587875366,0.869676947593689,0.8806718587875366,0.4435776472091675,0.32716137170791626,0.4435776472091675,0.32716137170791626,0.662124752998352,0.5467280149459839
1136,799,1.9046417474746704,1.4189097881317139,0.5631350310395158,0.4149131699899835,0.37852653088668986,0.5674170851707458,0.5674170851707458,0.5674170851707458,0.5674170851707458,0.8651357293128967,1.0089952945709229,0.5674170851707458,0.4304664134979248,0.5674170851707458,0.4304664134979248,0.7882062196731567,0.626177191734314
1137,799,-1.3129392862319946,1.7393437623977661,0.6202730202923219,0.6620479489738743,0.4399276541794339,0.7143323421478271,1.2573364973068237,0.7143323421478271,1.2573364973068237,1.2121548652648926,1.2573364973068237,0.7143323421478271,0.48122894763946533,0.7143323421478271,0.48122894763946533,0.9858344197273254,0.7592142224311829
1138,799,0.6722347140312195,0.950535237789154,0.3928648872549335,0.6451592371457566,0.5890808100284387,0.5553202033042908,0.20759016275405884,0.5553202033042908,0.20759016275405884,1.1595466136932373,0.7899760007858276,0.6024378538131714,0.4132595658302307,0.6024378538131714,0.4132595658302307,0.9048014283180237,0.3180297017097473
1139,799,1.0607877969741821,0.30431094765663147,0.22488960703834893,0.3740694339573384,0.565749021936208,0.49838143587112427,0.31072211265563965,0.49838143587112427,0.31072211265563965,0.7468783855438232,0.31072211265563965,0.49838143587112427,0.19473762810230255,0.49838143587112427,0.19473762810230255,0.3117837905883789,0.18538036942481995
1140,141,0.16838297247886658,0.09192762523889542,0.1357229077784965,0.02047165930892031,0.499613604977106,0.969093918800354,0.10926791280508041,0.969093918800354,0.10926791280508041,0.7841342091560364,0.10926791280508041,0.36819520592689514,0.15650391578674316,0.36819520592689514,0.15650391578674316,0.22978101670742035,0.27215075492858887
1141,799,0.15600745379924774,0.526544451713562,0.08654816328858345,0.33208783968662214,0.1572914089014133,0.29058441519737244,0.3404025435447693,0.29058441519737244,0.3404025435447693,0.3610743284225464,0.506705641746521,0.29058441519737244,0.04810097813606262,0.29058441519737244,0.04810097813606262,0.37355321645736694,0.1321047842502594
1142,799,-0.47622889280319214,0.4648488163948059,0.06664068508427587,0.06209334764163943,0.3192474622186273,0.3056255877017975,0.4074869155883789,0.3056255877017975,0.4074869155883789,0.07614317536354065,0.4074869155883789,0.3056255877017975,0.05376967787742615,0.3056255877017975,0.05376967787742615,0.33019453287124634,0.07771658897399902
1143,799,-1.6122236251831055,0.0025710612535476685,0.12705727306505044,0.07322963426510493,0.07770161042610801,0.3781720995903015,0.16478021442890167,0.3781720995903015,0.16478021442890167,0.333931565284729,0.06875483691692352,0.16478021442890167,0.051058486104011536,0.16478021442890167,0.051058486104011536,0.14184486865997314,0.07480563968420029
1144,799,-0.9091309905052185,-0.4483298659324646,0.43712702579175444,0.0974366577652594,0.050528391289214436,0.8816388845443726,0.4483320415019989,0.8816388845443726,0.4483320415019989,1.149303674697876,0.5718267560005188,0.4483320415019989,0.0421290397644043,0.4483320415019989,0.0421290397644043,0.5100793838500977,0.06865929067134857
1145,799,-1.7671366930007935,-0.9023700952529907,0.2831920759628216,0.5268064596379797,0.0995147064576547,0.9424151182174683,0.8904767632484436,0.9424151182174683,0.8904767632484436,1.3868752717971802,0.8904767632484436,0.5747520923614502,0.16111522912979126,0.5747520923614502,0.16111522912979126,0.7326143980026245,0.3360629975795746
1146,799,-0.6583872437477112,-1.3381785154342651,0.5891664966195822,0.23684965699911142,0.4553937634080647,0.9063908457756042,0.5861890316009521,0.9063908457756042,0.5861890316009521,1.5193289518356323,1.327823281288147,0.5861890316009521,0.33518457412719727,0.5861890316009521,0.33518457412719727,0.8205617666244507,0.5667164325714111
1147,799,-0.2732543349266052,-1.0857902765274048,0.2796724597488839,0.6051162620012959,0.23751883478214353,1.0173676013946533,0.8567672967910767,1.0173676013946533,0.8567672967910767,1.2273778915405273,0.8567672967910767,0.6358861923217773,0.3345283269882202,0.6358861923217773,0.3345283269882202,0.746326744556427,0.45665618777275085
1148,799,-0.2610766291618347,-0.6404024958610535,0.10194435413926839,0.23654035165905946,0.46200881775468594,0.8420389890670776,0.7340439558029175,0.8420389890670776,0.7340439558029175,1.1536831855773926,0.7340439558029175,0.4611046314239502,0.09159135818481445,0.4611046314239502,0.09159135818481445,0.556505560874939,0.19764187932014465
1149,799,-0.6308742761611938,-0.32070019841194153,0.09781113968541222,0.09198394560565554,0.19124249567588172,0.2668587565422058,0.32467031478881836,0.2668587565422058,0.32467031478881836,0.3458717465400696,0.32467031478881836,0.16578131914138794,0.08350260555744171,0.16578131914138794,0.08350260555744171,0.2057761251926422,0.12420523166656494
1150,799,-0.37895509600639343,-0.3091215491294861,0.23975718931605416,0.11061344472070542,0.10667709113409113,0.31106024980545044,0.19519643485546112,0.31106024980545044,0.19519643485546112,0.3934651017189026,0.2787765860557556,0.19519643485546112,0.07717545330524445,0.19519643485546112,0.07717545330524445,0.23698651790618896,0.11907999217510223
1151,799,0.15451152622699738,-0.2133682370185852,0.09683001019060616,0.22030925035476684,0.11194802343845367,0.30392691493034363,0.3119645118713379,0.30392691493034363,0.3119645118713379,0.3828863799571991,0.3902113735675812,0.1937181055545807,0.12338835746049881,0.1937181055545807,0.12338835746049881,0.23359952867031097,0.16346290707588196
1152,799,1.953985571861267,-0.17040523886680603,0.03291855121652282,0.11650896099706484,0.20297087070842587,0.3586105704307556,0.22507768869400024,0.3586105704307556,0.22507768869400024,0.6282014846801758,0.22507768869400024,0.16261127591133118,0.050801992416381836,0.16261127591133118,0.050801992416381836,0.2180437296628952,0.05881199240684509
1153,799,1.7989237308502197,0.6251203417778015,0.6340718874707819,0.001109411977231467,0.11328595157712712,0.6306216716766357,0.6306216716766357,0.6306216716766357,0.6306216716766357,0.1484137773513794,0.5785080194473267,0.6306216716766357,0.04298853874206543,0.6306216716766357,0.04298853874206543,0.5809948444366455,0.04537585377693176
1154,799,1.271947979927063,1.3088136911392212,0.5739284037674466,0.5928887229661148,0.0008826809252302503,0.5880456566810608,1.144402265548706,0.5880456566810608,1.144402265548706,1.0926730632781982,1.144402265548706,0.5880456566810608,0.04538929462432861,0.5880456566810608,0.04538929462432861,0.866223931312561,0.29891908168792725
1155,799,2.7080233097076416,1.4346721172332764,0.3751733336473506,0.5866981580356756,0.5060850770647327,0.5410735011100769,0.9802444577217102,0.5410735011100769,0.9802444577217102,1.0393319129943848,1.4997541904449463,0.5912863612174988,0.38255560398101807,0.5912863612174988,0.38255560398101807,0.838475227355957,0.6613131761550903
1156,799,0.8786618709564209,1.6732078790664673,0.7456832803537445,0.30545906120290356,0.5056366719429695,0.715671718120575,0.715671718120575,0.715671718120575,0.715671718120575,0.9874956011772156,1.5911805629730225,0.715671718120575,0.3560292720794678,0.715671718120575,0.3560292720794678,0.9741435050964355,0.6055456399917603
1157,141,2.6103813648223877,1.2290172576904297,0.10441788520663953,0.40076589217409503,0.1523346849344671,0.5594452619552612,0.8353063464164734,0.5594452619552612,0.8353063464164734,0.5260971188545227,1.0954060554504395,0.5594452619552612,0.22279119491577148,0.5594452619552612,0.22279119491577148,0.7003673911094666,0.36202889680862427
1158,799,2.1420867443084717,1.4608945846557617,0.6444805098138746,0.23675147568806998,0.6015730324760085,0.5941091179847717,0.6209561824798584,0.5941091179847717,0.6209561824798584,1.228245496749878,1.4739933013916016,0.6209561824798584,0.2590491771697998,0.6209561824798584,0.2590491771697998,0.9372585415840149,0.5539416074752808
1159,799,1.3804888725280762,1.5278644561767578,0.6081017618378002,0.6898320176204045,0.1886942902704083,0.7183817625045776,1.286466121673584,0.7183817625045776,1.286466121673584,1.1501197814941406,1.286466121673584,0.7183817625045776,0.204839825630188,0.7183817625045776,0.204839825630188,1.0024240016937256,0.49016934633255005
1160,799,1.7794197797775269,2.0958657264709473,0.45887693255518913,0.706181554108237,0.7461549141475309,0.9175034761428833,2.040757417678833,0.9175034761428833,2.040757417678833,1.4744782447814941,2.040757417678833,0.9175034761428833,0.3921855688095093,0.9175034761428833,0.3921855688095093,1.265263319015503,0.8315011858940125
1161,799,1.7581959962844849,1.6453067064285278,0.5442632927497231,0.3917790248182913,0.5509344379541772,0.6578137278556824,1.5924122333526611,0.6578137278556824,1.5924122333526611,1.0807015895843506,1.5924122333526611,0.6578137278556824,0.4704092741012573,0.6578137278556824,0.4704092741012573,0.9259778261184692,0.7417063117027283
1162,799,2.4022269248962402,1.496999979019165,0.5404947652419406,0.5348067058188222,0.35232749917854855,0.5059368014335632,0.512470543384552,0.5059368014335632,0.512470543384552,1.0882549285888672,1.0945866107940674,0.512470543384552,0.4095933437347412,0.512470543384552,0.4095933437347412,0.8035285472869873,0.6772049069404602
1163,799,2.6924736499786377,1.8664878606796265,0.790308853934209,0.5376624792317546,0.4739771344015995,0.6508616209030151,0.6508616209030151,0.6508616209030151,0.6508616209030151,1.0325446128845215,1.2443315982818604,0.6508616209030151,0.5917453765869141,0.6508616209030151,0.5917453765869141,0.9475966095924377,0.8268264532089233
1164,799,0.19775383174419403,2.0108256340026855,0.8152911103516817,0.809561276733875,0.4808821316808465,0.6777527332305908,0.6777527332305908,0.6777527332305908,0.6777527332305908,1.3892221450805664,1.4822636842727661,0.6777527332305908,0.5300260782241821,0.6777527332305908,0.5300260782241821,1.0800082683563232,0.8554456233978271
1165,799,3.1174967288970947,1.7741349935531616,0.12018185805529358,0.9287237334623935,0.8444890752434729,1.031438946723938,1.0934877395629883,1.031438946723938,1.0934877395629883,1.642630934715271,1.7811661958694458,1.031438946723938,0.0656735897064209,1.031438946723938,0.0656735897064209,1.3759565353393555,0.531733512878418
1166,799,0.5700706839561462,1.830520749092102,0.8324709756175678,0.06113915535310932,0.7714360644171632,0.71834397315979,0.71834397315979,0.71834397315979,0.71834397315979,1.4802240133285522,1.6620405912399292,0.71834397315979,0.06522941589355469,0.71834397315979,0.06522941589355469,1.159371256828308,0.46036240458488464
1167,799,1.921838641166687,1.1377300024032593,0.20974636966983473,0.9728698180491722,0.03695469981680355,0.9408571124076843,1.1095256805419922,0.9408571124076843,1.1095256805419922,0.42933034896850586,1.1095256805419922,0.9408571124076843,0.0526578426361084,0.9408571124076843,0.0526578426361084,1.0251914262771606,0.13785851001739502
1168,141,4.614962100982666,1.8836640119552612,0.2611005429426827,0.03040150674680908,0.6921290458987156,0.9271275997161865,1.8119405508041382,0.9271275997161865,1.8119405508041382,1.149935007095337,1.8119405508041382,0.9271275997161865,0.08888614177703857,0.9271275997161865,0.08888614177703857,1.2478359937667847,0.26180148124694824
1169,799,1.590277910232544,1.9442760944366455,1.0934496330718197,0.5543353222931424,0.0854528643811745,0.9903934001922607,0.9903934001922607,0.9903934001922607,0.9903934001922607,0.6914103031158447,1.6620311737060547,0.9903934001922607,0.14833319187164307,0.9903934001922607,0.14833319187164307,1.3262122869491577,0.41683322191238403
1170,141,3.308459758758545,1.8856030702590942,0.20257714065412713,0.6005345487097901,0.2420119123036657,0.6354581117630005,1.1172170639038086,0.6354581117630005,1.1172170639038086,0.4766587018966675,1.7507219314575195,0.6354581117630005,0.22034966945648193,0.6354581117630005,0.22034966945648193,0.9427055716514587,0.40567541122436523
1171,141,2.8157358169555664,2.086050271987915,0.41984082988152904,0.2137549713502327,0.6626685957486431,0.7295504808425903,2.0646586418151855,0.7295504808425903,2.0646586418151855,1.1356439590454102,2.0646586418151855,0.7295504808425903,0.20634186267852783,0.7295504808425903,0.20634186267852783,1.1448169946670532,0.5130510926246643
1172,799,2.5443408489227295,2.2358033657073975,0.8204745739946764,1.0899291519417114,0.45506779659229024,1.095362901687622,1.831610918045044,1.095362901687622,1.831610918045044,1.6879918575286865,1.831610918045044,1.095362901687622,0.5176880359649658,1.095362901687622,0.5176880359649658,1.463486909866333,0.8808740973472595
1173,799,1.5587148666381836,2.6393003463745117,0.6706934483100975,0.9293815807004769,1.0184738604476051,1.0672285556793213,2.524143695831299,1.0672285556793213,2.524143695831299,1.74997079372406,2.524143695831299,1.0672285556793213,0.4319581985473633,1.0672285556793213,0.4319581985473633,1.4656461477279663,0.9922640323638916
1174,799,0.3538179397583008,2.033740282058716,0.4808095665276053,0.7567375943809747,0.8640913163125514,0.9016414880752563,1.9500551223754883,0.9016414880752563,1.9500551223754883,1.4891822338104248,1.9500551223754883,0.9016414880752563,0.33942413330078125,0.9016414880752563,0.33942413330078125,1.2281525135040283,0.7299749255180359
1175,799,1.8962737321853638,1.5277704000473022,0.20554231942941747,0.5864683412512145,0.8599516656373936,0.9381704926490784,1.511832594871521,0.9381704926490784,1.511832594871521,1.1172854900360107,1.511832594871521,0.9381704926490784,0.10154104232788086,0.9381704926490784,0.10154104232788086,1.1734790802001953,0.3859393000602722
1176,799,1.6787973642349243,1.165185809135437,0.6078098653008539,0.18559646723171053,0.5376631749173009,0.49961984157562256,0.49961984157562256,0.49961984157562256,0.49961984157562256,0.8910171985626221,1.0941290855407715,0.49961984157562256,0.1082526445388794,0.49961984157562256,0.1082526445388794,0.7440326809883118,0.338992178440094
1177,799,-0.12242582440376282,1.180997610092163,0.5285655750830969,0.5362416152780254,0.10745891102900118,0.511222779750824,0.9233139157295227,0.511222779750824,0.9233139157295227,0.8667309880256653,0.9233139157295227,0.511222779750824,0.09827494621276855,0.511222779750824,0.09827494621276855,0.7172683477401733,0.29818129539489746
1178,799,1.3433117866516113,1.2678718566894531,0.08297763940722991,0.6730141285023031,0.6342308543211157,0.5519759058952332,0.5906525254249573,0.5519759058952332,0.5906525254249573,1.169582724571228,1.1970415115356445,0.6283771395683289,0.0364917516708374,0.6283771395683289,0.0364917516708374,0.932603120803833,0.3411896824836731
1179,799,1.5445696115493774,0.9607216119766235,0.46957032196844595,0.03782778042058177,0.6010230756613115,0.5160292387008667,0.8877366781234741,0.5160292387008667,0.8877366781234741,0.8190038204193115,0.8877366781234741,0.5160292387008667,0.03965401649475098,0.5160292387008667,0.03965401649475098,0.7205665111541748,0.1960153877735138
1180,799,1.4669115543365479,0.8124707937240601,0.5513913500060638,0.45907120575507476,0.025997077201803664,0.4224231243133545,0.4224231243133545,0.4224231243133545,0.4224231243133545,0.7710331082344055,0.8345974683761597,0.4224231243133545,0.03707396984100342,0.4224231243133545,0.03707396984100342,0.6285102963447571,0.1905166208744049
1181,799,-0.24599045515060425,1.292642593383789,0.5062461236988507,0.5364906977427499,0.39260666030769564,0.43268096446990967,0.7993730306625366,0.43268096446990967,0.7993730306625366,0.7780022621154785,0.7993730306625366,0.43268096446990967,0.3437473177909851,0.43268096446990967,0.3437473177909851,0.6160269975662231,0.5308774709701538
1182,799,-0.78826904296875,0.9820290207862854,0.0360938925730685,0.5467017704683044,0.5183659089605015,0.482083797454834,0.4347071647644043,0.482083797454834,0.4347071647644043,0.935286819934845,0.8849443197250366,0.5080459713935852,0.07328218221664429,0.5080459713935852,0.07328218221664429,0.733507513999939,0.24924686551094055
1183,799,2.8798186779022217,0.12541401386260986,0.15054274316877125,0.042759017832577295,0.491310664191842,0.4099407196044922,0.09424100071191788,0.4099407196044922,0.09424100071191788,0.4367538094520569,0.09424100071191788,0.4099407196044922,0.07101234793663025,0.4099407196044922,0.07101234793663025,0.28634917736053467,0.18357233703136444
1184,799,2.113525629043579,0.6005073189735413,0.8807173953205346,0.14969276756048205,0.012632981538772792,0.8423188924789429,0.8423188924789429,0.8423188924789429,0.8423188924789429,0.4971218705177307,0.595056414604187,0.8423188924789429,0.056521832942962646,0.8423188924789429,0.056521832942962646,0.7186876535415649,0.14209061861038208
1185,799,2.7997307777404785,1.2816123962402344,0.7000011850645143,0.9596559673299391,0.161941385964552,0.9759677052497864,1.5719796419143677,0.9759677052497864,1.5719796419143677,1.3385417461395264,1.5719796419143677,0.9759677052497864,0.16115307807922363,0.9759677052497864,0.16115307807922363,1.2739737033843994,0.295515239238739
1186,141,2.983701467514038,1.7745649814605713,0.2935851632431151,0.18850626364350298,0.2783083111420275,0.3774310350418091,0.3952294588088989,0.3774310350418091,0.3952294588088989,0.9057030081748962,1.4901833534240723,0.3952294588088989,0.26960861682891846,0.3952294588088989,0.26960861682891846,0.6620041131973267,0.5513509511947632
1187,799,2.1594738960266113,2.370863676071167,0.8657083664089444,0.9201587487757205,0.6788503696024417,0.8471739292144775,1.665974736213684,0.8471739292144775,1.665974736213684,1.6054558753967285,1.665974736213684,0.8986480236053467,0.6463468074798584,0.8986480236053467,0.6463468074798584,1.2823114395141602,1.0317240953445435
1188,799,1.8914196491241455,2.4989662170410156,0.6354689081013203,0.9784192669764161,0.8328628187254072,1.0175620317459106,1.5412683486938477,1.0175620317459106,1.5412683486938477,1.7502562999725342,2.3832802772521973,1.0175620317459106,0.43872880935668945,1.0175620317459106,0.43872880935668945,1.4038373231887817,0.9531882405281067
1189,799,2.3464467525482178,2.14837384223938,0.6371857393532991,0.7444240494631231,0.9364308652840554,0.990849494934082,2.145435333251953,0.990849494934082,2.145435333251953,1.3832507133483887,2.145435333251953,0.990849494934082,0.4050312042236328,0.990849494934082,0.4050312042236328,1.2935091257095337,0.8019908666610718
1190,799,2.5071916580200195,1.8559757471084595,0.7069861054668825,0.6459867070491119,0.6080206649626292,0.5496199131011963,0.5496199131011963,0.5496199131011963,0.5496199131011963,1.045541524887085,1.1890965700149536,0.5496199131011963,0.6580314636230469,0.5496199131011963,0.6580314636230469,0.869358241558075,0.9166665077209473
1191,799,2.086107015609741,2.193453550338745,0.7585225858042635,0.830982019227619,0.7086010460897039,0.7118178606033325,1.4664342403411865,0.7118178606033325,1.4664342403411865,1.4140918254852295,1.4664342403411865,0.7606327533721924,0.6723638772964478,0.7606327533721924,0.6723638772964478,1.1135334968566895,1.0146915912628174
1192,799,1.7955305576324463,2.0983481407165527,0.665177257905404,0.8159766607234871,0.70671540128688,0.8243720531463623,1.36515474319458,0.8243720531463623,1.36515474319458,1.4066503047943115,2.0296132564544678,0.8243720531463623,0.4982004165649414,0.8243720531463623,0.4982004165649414,1.1330609321594238,0.8817334175109863
1193,799,2.466806411743164,2.017036199569702,0.6716866323227686,0.7577699167529743,0.7379291646058357,0.6052820682525635,1.2567182779312134,0.6052820682525635,1.2567182779312134,1.3200081586837769,1.9438817501068115,0.7484952211380005,0.47222208976745605,0.7484952211380005,0.47222208976745605,1.0878394842147827,0.8930588960647583
1194,799,1.2845280170440674,1.9389244318008423,0.7114987718488558,0.6398955869837664,0.6077052063716106,0.6226966381072998,0.6226966381072998,0.6226966381072998,0.6226966381072998,1.0268888473510742,1.2481714487075806,0.6226966381072998,0.649996280670166,0.6226966381072998,0.649996280670166,0.9354340434074402,0.9061698317527771
1195,799,-1.6231883764266968,1.802433967590332,0.46451229582230247,0.829053254860143,0.6219620658333103,0.8772208094596863,1.2284104824066162,0.8772208094596863,1.2284104824066162,1.2027528285980225,1.7747855186462402,0.8772208094596863,0.3281853199005127,0.8772208094596863,0.3281853199005127,1.126847505569458,0.6443764567375183
1196,799,1.770174264907837,0.9270903468132019,0.3252796822041273,0.4816257237223909,0.8139178624516352,0.8411765694618225,0.7772934436798096,0.8411765694618225,0.7772934436798096,0.872857391834259,0.7772934436798096,0.8411765694618225,0.40578693151474,0.8411765694618225,0.40578693151474,1.0403475761413574,0.20982465147972107
1197,799,-0.08209674805402756,0.3881100118160248,0.6288651207151512,0.2990399638687571,0.37682197683180374,0.558954119682312,0.558954119682312,0.558954119682312,0.558954119682312,0.7608184814453125,0.4380708634853363,0.558954119682312,0.3188583552837372,0.558954119682312,0.3188583552837372,0.7259172797203064,0.19006088376045227
1198,799,-0.6712125539779663,0.14633344113826752,0.036934196588893686,0.6229175913644334,0.2782035568791131,0.5592960119247437,0.533285915851593,0.5592960119247437,0.533285915851593,0.8202982544898987,0.17937755584716797,0.5592960119247437,0.023750990629196167,0.5592960119247437,0.023750990629196167,0.37982699275016785,0.16273202002048492
1199,799,1.0531364679336548,0.2850419580936432,0.11054250785460071,0.026381329909588025,0.5234775972894081,0.4617921710014343,0.24924322962760925,0.4617921710014343,0.24924322962760925,0.35146787762641907,0.24924322962760925,0.4617921710014343,0.021271556615829468,0.4617921710014343,0.021271556615829468,0.3663270175457001,0.10342416167259216
1200,799,0.9679811000823975,0.15522007644176483,0.42592161788915595,0.13012523483174537,0.025826671741281892,0.30740082263946533,0.30740082263946533,0.30740082263946533,0.30740082263946533,0.3555375933647156,0.12236537039279938,0.30740082263946533,0.020019903779029846,0.30740082263946533,0.020019903779029846,0.21488308906555176,0.10082857310771942
1201,799,1.2616782188415527,0.3087306618690491,0.32731795211633047,0.366715171908339,0.136951600338022,0.2687234878540039,0.5567290782928467,0.2687234878540039,0.5567290782928467,0.5312460660934448,0.5567290782928467,0.2687234878540039,0.15428632497787476,0.2687234878540039,0.15428632497787476,0.4127262830734253,0.13135112822055817
1202,799,-1.5817328691482544,0.9492912888526917,0.4624510754272341,0.32415339395403864,0.3646369136497378,0.306238055229187,0.306238055229187,0.306238055229187,0.306238055229187,0.5513955354690552,0.8950732946395874,0.306238055229187,0.27362263202667236,0.306238055229187,0.27362263202667236,0.45647794008255005,0.4058215022087097
1203,799,1.4137845039367676,0.24411290884017944,0.36501660546908776,0.46652977102746573,0.30678664853175475,0.3500939905643463,0.05613499879837036,0.3500939905643463,0.05613499879837036,0.6939572691917419,0.05613499879837036,0.3500939905643463,0.2572963535785675,0.3500939905643463,0.2572963535785675,0.20311449468135834,0.1998768299818039
1204,799,1.1953191757202148,0.4682146906852722,0.49258547662446894,0.3913117667411765,0.4417082651952902,0.45462271571159363,0.45462271571159363,0.45462271571159363,0.45462271571159363,0.7966654300689697,0.37398022413253784,0.45462271571159363,0.35175663232803345,0.45462271571159363,0.35175663232803345,0.6504223942756653,0.19528931379318237
1205,799,-0.8433362245559692,0.3643855154514313,0.39525984205305587,0.42597391493618486,0.3880421683192254,0.38528838753700256,0.7648160457611084,0.38528838753700256,0.7648160457611084,0.6930975317955017,0.7648160457611084,0.38528838753700256,0.36952945590019226,0.38528838753700256,0.36952945590019226,0.5750522017478943,0.2198035567998886
1206,799,1.1874171495437622,0.7481514811515808,0.23616631016756096,0.42746725292255494,0.4564028094646829,0.49295714497566223,0.6395812034606934,0.49295714497566223,0.6395812034606934,0.8169555068016052,0.6395812034606934,0.49295714497566223,0.22777384519577026,0.49295714497566223,0.22777384519577026,0.6906041502952576,0.2054089903831482
1207,799,0.8201870918273926,0.45386040210723877,0.35837961276372265,0.23501776563624532,0.35589181331296765,0.2897225618362427,0.29173600673675537,0.2897225618362427,0.29173600673675537,0.6193047761917114,0.3937170207500458,0.29173600673675537,0.1966555118560791,0.29173600673675537,0.1966555118560791,0.45664405822753906,0.14810042083263397
1208,799,1.2986390590667725,0.39300963282585144,0.3049271314094463,0.39688806990782427,0.2598912147184212,0.362988144159317,0.6296645402908325,0.362988144159317,0.6296645402908325,0.509292483329773,0.6296645402908325,0.362988144159317,0.2039843499660492,0.362988144159317,0.2039843499660492,0.4963263273239136,0.11556826531887054
1209,799,1.6402326822280884,0.9817718267440796,0.3531613435720403,0.2499154566352566,0.32948306945463024,0.2974158525466919,0.2974158525466919,0.2974158525466919,0.2974158525466919,0.5880569219589233,0.8425155878067017,0.2974158525466919,0.207625150680542,0.2974158525466919,0.207625150680542,0.45689553022384644,0.35413694381713867
1210,799,1.0772541761398315,1.1437302827835083,0.5391641372131806,0.37445934320489577,0.2438504247801998,0.4119527339935303,0.4119527339935303,0.4119527339935303,0.4119527339935303,0.7219547033309937,0.8281447291374207,0.4119527339935303,0.23783981800079346,0.4119527339935303,0.23783981800079346,0.6200487613677979,0.42714884877204895
1211,799,1.6068891286849976,0.9850953221321106,0.34231039991602297,0.4836844050697983,0.2830913039669394,0.40117013454437256,0.6664427518844604,0.40117013454437256,0.6664427518844604,0.5241719484329224,0.6664427518844604,0.40117013454437256,0.29484760761260986,0.40117013454437256,0.29484760761260986,0.5338064432144165,0.42490625381469727
1212,799,1.5650526285171509,1.303066372871399,0.4700537805010876,0.3223134493020674,0.4853008886364598,0.4872792959213257,1.245538592338562,0.4872792959213257,1.245538592338562,0.915427565574646,1.245538592338562,0.4872792959213257,0.34607017040252686,0.4872792959213257,0.34607017040252686,0.7060250639915466,0.5581481456756592
1213,799,0.3016882836818695,1.2202727794647217,0.44980882736543815,0.45545637785146625,0.28909620581815654,0.45910537242889404,0.8676565289497375,0.45910537242889404,0.8676565289497375,0.8560519814491272,0.8676565289497375,0.45910537242889404,0.3044266700744629,0.45910537242889404,0.3044266700744629,0.6633809804916382,0.5053826570510864
1214,799,1.0423192977905273,1.11150062084198,0.1273394523498913,0.4727121479188402,0.42434690009181697,0.4640771150588989,0.5513715744018555,0.4640771150588989,0.5513715744018555,0.907380223274231,1.0046577453613281,0.47603750228881836,0.07422232627868652,0.47603750228881836,0.07422232627868652,0.697529673576355,0.3128190040588379
1215,799,0.7068634033203125,0.8728945255279541,0.28399769892295207,0.0614240395401916,0.40045247779538223,0.414542019367218,0.7928735017776489,0.414542019367218,0.7928735017776489,0.5590553879737854,0.7928735017776489,0.414542019367218,0.08452695608139038,0.414542019367218,0.08452695608139038,0.561150312423706,0.21609944105148315
1216,799,0.3220125734806061,0.6342869997024536,0.20501517238716277,0.2717143870020906,0.045813946935037764,0.3032137155532837,0.5006651878356934,0.3032137155532837,0.5006651878356934,0.4070410132408142,0.5006651878356934,0.3032137155532837,0.08585137128829956,0.3032137155532837,0.08585137128829956,0.4019394516944885,0.18128740787506104
1217,799,1.216120719909668,0.703840970993042,0.12575055868675317,0.21606003311773148,0.2621632505332429,0.30883511900901794,0.6064245700836182,0.30883511900901794,0.6064245700836182,0.41481682658195496,0.6064245700836182,0.30883511900901794,0.0797879695892334,0.30883511900901794,0.0797879695892334,0.41032421588897705,0.18239696323871613
1218,799,1.5571216344833374,0.5758935809135437,0.30514084375152983,0.06874921229357522,0.1423261809783678,0.3138471841812134,0.3138471841812134,0.3138471841812134,0.3138471841812134,0.36854130029678345,0.5882474780082703,0.3138471841812134,0.0831393301486969,0.3138471841812134,0.0831393301486969,0.4080548882484436,0.17526206374168396
1219,799,1.8705562353134155,0.8473993539810181,0.40918125307808306,0.2874467947582405,0.04966448685775193,0.385336309671402,0.385336309671402,0.385336309671402,0.385336309671402,0.6275968551635742,0.7229592204093933,0.385336309671402,0.0762101411819458,0.385336309671402,0.0762101411819458,0.5541477799415588,0.22813506424427032
1220,799,2.1718084812164307,1.5505681037902832,0.5639601549723497,0.4335497022264946,0.27859634246056286,0.480987548828125,0.480987548828125,0.480987548828125,0.480987548828125,0.9376398921012878,1.0439257621765137,0.480987548828125,0.3648245334625244,0.480987548828125,0.3648245334625244,0.7624566555023193,0.6140809059143066
1221,799,-0.5150601267814636,1.8090649843215942,0.5973329952855904,0.5844014114265637,0.4042918880408013,0.5025720596313477,0.5025720596313477,0.5025720596313477,0.5025720596313477,1.0498372316360474,1.1499062776565552,0.5025720596313477,0.4555612802505493,0.5025720596313477,0.4555612802505493,0.8262391686439514,0.7278820872306824
1222,799,1.762582778930664,0.9182965159416199,0.1583557400355734,0.5593577041973667,0.49353257586558663,0.5712897181510925,0.4458906054496765,0.5712897181510925,0.4458906054496765,0.9916331768035889,0.9267891645431519,0.5712897181510925,0.11703068017959595,0.5712897181510925,0.11703068017959595,0.8199394941329956,0.24789994955062866
1223,799,-1.0973225831985474,0.9046958088874817,0.5234701639413832,0.2249321476742625,0.5714654399827124,0.5995960831642151,0.9806196093559265,0.5995960831642151,0.9806196093559265,1.004032850265503,0.9806196093559265,0.5995960831642151,0.1305810809135437,0.5995960831642151,0.1305810809135437,0.8638420104980469,0.2167060673236847
1224,799,0.6401880979537964,0.15921854972839355,0.3531551880824069,0.5512988196251294,0.2692994844416778,0.5526039600372314,0.2381880134344101,0.5526039600372314,0.2381880134344101,0.6093053817749023,0.2381880134344101,0.5526039600372314,0.12848782539367676,0.5526039600372314,0.12848782539367676,0.39539599418640137,0.285187304019928
1225,799,0.9458016157150269,0.3962348401546478,0.17003980129336332,0.37568424778680015,0.5280990729791422,0.5037420988082886,0.3822277784347534,0.5037420988082886,0.3822277784347534,0.715701699256897,0.3822277784347534,0.5037420988082886,0.18338724970817566,0.5037420988082886,0.18338724970817566,0.3523145914077759,0.15518146753311157
1226,799,-1.187963604927063,0.1937255561351776,0.2428644886985421,0.12830414578318594,0.3781433223560452,0.9487123489379883,0.20068316161632538,0.9487123489379883,0.20068316161632538,0.700325608253479,0.20068316161632538,0.25605612993240356,0.18104517459869385,0.25605612993240356,0.18104517459869385,0.1343730092048645,0.32950717210769653
1227,799,-2.107017755508423,0.1919640451669693,0.36003655095895126,0.23964661284039415,0.11965131348619856,0.8632193803787231,0.3294546604156494,0.8632193803787231,0.3294546604156494,0.6288782358169556,0.05160662531852722,0.3294546604156494,0.19797571003437042,0.3294546604156494,0.19797571003437042,0.19053064286708832,0.3457775115966797
1228,799,-0.43877658247947693,-0.4898361563682556,0.6038766517707457,0.4186445332070192,0.21572727009343606,1.4190340042114258,0.5675476789474487,1.4190340042114258,0.5675476789474487,2.3020710945129395,0.8908116817474365,0.5675476789474487,0.28754621744155884,0.5675476789474487,0.28754621744155884,0.7291796803474426,0.17853571474552155
1229,799,0.001479103695601225,-1.0160096883773804,0.2846879136438172,0.6537352694446843,0.382853960568706,1.2579773664474487,0.8332337141036987,1.2579773664474487,0.8332337141036987,1.7511639595031738,1.1312519311904907,0.6928263306617737,0.18595349788665771,0.6928263306617737,0.18595349788665771,0.8501865863800049,0.37819766998291016
1230,799,-2.000204086303711,-0.4978686273097992,0.06699004313598078,0.23477384394655632,0.47847369531790407,0.99462890625,0.5539666414260864,0.99462890625,0.5539666414260864,1.2381138801574707,0.5539666414260864,0.4542757570743561,0.0004489421844482422,0.4542757570743561,0.0004489421844482422,0.5043030977249146,0.06378522515296936
1231,799,-0.3850491940975189,-0.6474974155426025,0.6216840952386458,0.06956923476730792,0.24009549591069423,1.1011793613433838,0.5357275009155273,1.1011793613433838,0.5357275009155273,1.2869150638580322,0.6404386758804321,0.5357275009155273,0.0004061460494995117,0.5357275009155273,0.0004061460494995117,0.5882688760757446,0.05645865201950073
1232,799,-0.7195415496826172,-0.5857108235359192,0.21702647904555017,0.6667075713040927,0.07431581803287057,1.1612520217895508,0.6499515175819397,1.1612520217895508,0.6499515175819397,1.3808854818344116,0.6499515175819397,0.5437120199203491,0.0004229545593261719,0.5437120199203491,0.0004229545593261719,0.5968317985534668,0.05988501012325287
1233,799,-1.9667534828186035,-0.8189753293991089,0.29523526448756454,0.26289576612412957,0.7365285906568169,1.243992567062378,0.9903523325920105,1.243992567062378,0.9903523325920105,1.5499637126922607,0.9903523325920105,0.6464778184890747,0.15921062231063843,0.6464778184890747,0.15921062231063843,0.7579804062843323,0.2841579020023346
1234,799,-3.65381121635437,-0.8043808937072754,0.6222759308790168,0.27693429977943496,0.221241081741949,1.0533071756362915,0.5549435019493103,1.0533071756362915,0.5549435019493103,1.3009841442108154,0.760002613067627,0.5549435019493103,0.11583346128463745,0.5549435019493103,0.11583346128463745,0.657473087310791,0.22317954897880554
1235,799,-1.9596682786941528,-1.5336835384368896,1.0588349521035951,0.5896562158564724,0.2266522801543276,1.9225530624389648,0.9943670034408569,1.9225530624389648,0.9943670034408569,2.525155544281006,1.4782016277313232,0.9943670034408569,0.2080240249633789,0.9943670034408569,0.2080240249633789,1.2362842559814453,0.47982096672058105
1236,141,-3.643108367919922,-1.3707740306854248,0.6587960412104923,0.945671339382728,0.6882745188971361,0.7405202388763428,0.6411058902740479,0.7405202388763428,0.6411058902740479,1.464646339416504,1.3326157331466675,0.29848289489746094,0.21849322319030762,0.29848289489746094,0.21849322319030762,0.5285937190055847,0.3636987805366516
1237,799,-2.880298376083374,-2.5570380687713623,1.1311913469682136,0.6785988036418953,1.060927781450252,1.7204744815826416,0.9803400039672852,1.7204744815826416,0.9803400039672852,3.06392765045166,2.6139185428619385,0.9803400039672852,0.6678518056869507,0.9803400039672852,0.6678518056869507,1.5467342138290405,1.1517126560211182
1238,799,-3.1025195121765137,-2.4682717323303223,0.8966602807243662,1.2121552677949272,0.6626991202433907,1.8801754713058472,2.03928542137146,1.8801754713058472,2.03928542137146,2.847881317138672,2.03928542137146,1.2697581052780151,0.6760087013244629,1.2697581052780151,0.6760087013244629,1.6545217037200928,1.1439255475997925
1239,799,-2.0546205043792725,-2.63049578666687,0.9752381888031958,0.8972185594215993,1.0879380549117923,1.194437861442566,2.7181966304779053,1.194437861442566,2.7181966304779053,2.243173837661743,2.7181966304779053,0.9531224966049194,0.8414989709854126,0.9531224966049194,0.8414989709854126,1.4330615997314453,1.3014073371887207
1240,799,-1.2335231304168701,-2.483944892883301,0.8014892060309649,1.0357427858375017,0.8040783125720914,1.546237587928772,1.8212664127349854,1.546237587928772,1.8212664127349854,2.4406578540802,2.4721925258636475,1.0839816331863403,0.8071216344833374,1.0839816331863403,0.8071216344833374,1.5053486824035645,1.264078974723816
1241,799,-1.7944698333740234,-1.8628287315368652,0.5067465849965811,0.7412203534692526,0.931957486271858,1.5475821495056152,1.901324987411499,1.5475821495056152,1.901324987411499,2.4422545433044434,1.901324987411499,0.9924629926681519,0.4808974266052246,0.9924629926681519,0.4808974266052246,1.276554822921753,0.8499438762664795
1242,799,-1.1912962198257446,-1.5933680534362793,0.6919414464135965,0.5301734115680057,0.7746667004873357,1.070420742034912,1.7823463678359985,1.070420742034912,1.7823463678359985,1.873835563659668,1.7823463678359985,0.7578514814376831,0.5111700296401978,0.7578514814376831,0.5111700296401978,1.0779333114624023,0.8391219973564148
1243,799,-1.38892662525177,-1.1290233135223389,0.3955996787485978,0.6135193371338148,0.42669815664490063,0.7456471920013428,0.900337815284729,0.7456471920013428,0.900337815284729,1.0936723947525024,1.2180496454238892,0.5593650341033936,0.3829875588417053,0.5593650341033936,0.3829875588417053,0.7307631373405457,0.5602463483810425
1244,799,-0.9377261400222778,-1.2755205631256104,0.5267427500337363,0.40650808002799765,0.6032742753252385,0.7667057514190674,1.3670989274978638,0.7667057514190674,1.3670989274978638,1.2868788242340088,1.3670989274978638,0.5660133361816406,0.4391801953315735,0.5660133361816406,0.4391801953315735,0.7980802059173584,0.6701194643974304
1245,799,-2.854743003845215,-0.9202307462692261,0.33581098181506,0.4504441804190477,0.33139955622454487,0.5556076765060425,0.6914952993392944,0.5556076765060425,0.6914952993392944,0.8198025226593018,0.6914952993392944,0.42130887508392334,0.336819052696228,0.42130887508392334,0.336819052696228,0.5564020872116089,0.4804856479167938
1246,799,-0.5472303628921509,-1.408340573310852,0.7987209554451209,0.31114029560859024,0.4554798134292163,1.4461019039154053,0.8462929725646973,1.4461019039154053,0.8462929725646973,1.8685312271118164,1.4534324407577515,0.8462929725646973,0.30571043491363525,0.8462929725646973,0.30571043491363525,1.0331182479858398,0.5006207823753357
1247,799,-0.40836381912231445,-1.292237401008606,0.24763988949668891,0.806168552276989,0.3287670758397627,1.5807955265045166,1.0159693956375122,1.5807955265045166,1.0159693956375122,1.9279968738555908,1.2598847150802612,0.8591434955596924,0.20954430103302002,0.8591434955596924,0.20954430103302002,0.9861750602722168,0.37129828333854675
1248,799,-2.6212875843048096,-0.9773581624031067,0.16241332517315943,0.2384922467855115,0.7835870411929986,1.5533701181411743,1.0595176219940186,1.5533701181411743,1.0595176219940186,1.7652587890625,1.0595176219940186,0.8031461238861084,0.13294029235839844,0.8031461238861084,0.13294029235839844,0.8774563074111938,0.22473064064979553
1249,799,-1.9495398998260498,-0.9114599823951721,0.6731254361073176,0.1280535829688113,0.19550492121527585,1.2695579528808594,0.6703447699546814,1.2695579528808594,0.6703447699546814,1.4033315181732178,0.9123144149780273,0.6703447699546814,0.12771213054656982,0.6703447699546814,0.12771213054656982,0.7409249544143677,0.20725685358047485
1250,799,-0.29926368594169617,-1.5121417045593262,0.6847720238007604,0.8315907441824675,0.16452478734776377,1.6070383787155151,1.4829330444335938,1.6070383787155151,1.4829330444335938,2.631197690963745,1.4829330444335938,0.8928124904632568,0.14478683471679688,0.8928124904632568,0.14478683471679688,1.1878727674484253,0.4949510395526886
1251,799,-3.092299222946167,-1.5537737607955933,0.12469819086293388,0.677816465149323,0.8982911813507477,1.7653450965881348,1.6341856718063354,1.7653450965881348,1.6341856718063354,2.9020748138427734,1.6341856718063354,0.960941731929779,0.11069762706756592,0.960941731929779,0.11069762706756592,1.2526220083236694,0.4679938554763794
1252,799,-1.424033522605896,-1.4023815393447876,0.9025540974487861,0.11236233120163308,0.5955655357738333,1.8269929885864258,0.8948659896850586,1.8269929885864258,0.8948659896850586,2.680050849914551,1.5013682842254639,0.8948659896850586,0.10787999629974365,0.8948659896850586,0.10787999629974365,1.1546096801757812,0.3776777684688568
1253,799,-0.06281017512083054,-1.3783682584762573,0.48745392875125004,0.8577444865678747,0.07277625103791574,1.7296671867370605,1.3623372316360474,1.7296671867370605,1.3623372316360474,2.358896493911743,1.3623372316360474,0.963587760925293,0.10731673240661621,0.963587760925293,0.10731673240661621,1.1629624366760254,0.3792113661766052
1254,799,-2.8279504776000977,-1.0853925943374634,0.08695297094682863,0.46128923820952594,0.7565105105439821,1.6667752265930176,1.1854315996170044,1.6667752265930176,1.1854315996170044,2.4870409965515137,1.1854315996170044,0.8569318056106567,0.022960305213928223,0.8569318056106567,0.022960305213928223,1.0139623880386353,0.28273820877075195
1255,799,-0.6381765007972717,-1.0832667350769043,0.8206460135121598,0.05120329885394326,0.3871465798531424,1.5531492233276367,0.765183687210083,1.5531492233276367,0.765183687210083,2.1101584434509277,1.1241695880889893,0.765183687210083,0.02127671241760254,0.765183687210083,0.02127671241760254,0.9370881915092468,0.2233637571334839
1256,799,0.09379852563142776,-1.0411937236785889,0.2389625007038314,0.8912811804686984,0.05573193674286214,1.679471492767334,1.0470609664916992,1.679471492767334,1.0470609664916992,2.011329174041748,1.0470609664916992,0.862025260925293,0.023444056510925293,0.862025260925293,0.023444056510925293,0.9545431137084961,0.1369023323059082
1257,799,0.031139884144067764,-1.0365393161773682,0.04374915659427647,0.24844641450792548,0.9427655984833836,1.842160701751709,1.1051514148712158,1.842160701751709,1.1051514148712158,2.245138168334961,1.1051514148712158,0.9584184885025024,0.03805804252624512,0.9584184885025024,0.03805804252624512,1.0446301698684692,0.1489839255809784
1258,799,0.0588759146630764,-0.08054187893867493,0.0802703266466657,0.018169083731869873,0.16481490323940914,0.33661699295043945,0.12377777695655823,0.33661699295043945,0.12377777695655823,0.34474751353263855,0.12377777695655823,0.15670402348041534,0.026279211044311523,0.15670402348041534,0.026279211044311523,0.15246054530143738,0.030796930193901062
1259,799,-0.870060384273529,0.12375260889530182,0.047338948162893385,0.13501742693285146,0.05449853419015813,0.008934766054153442,0.02620265632867813,0.008934766054153442,0.02620265632867813,0.018221020698547363,0.053439266979694366,0.008801467716693878,0.0173846036195755,0.008801467716693878,0.0173846036195755,0.02237788215279579,0.031002625823020935
1260,799,1.5442715883255005,-0.171886146068573,0.2758503496522705,0.07109877208868659,0.11975312820325287,0.5021648406982422,0.24186968803405762,0.5021648406982422,0.24186968803405762,0.5012979507446289,0.2171124517917633,0.24186968803405762,0.016877323389053345,0.24186968803405762,0.016877323389053345,0.23757576942443848,0.021459296345710754
1261,799,2.869175434112549,0.3684927225112915,0.409623217222591,0.31164177580426117,0.05589294443527848,0.5055879950523376,0.5055879950523376,0.5055879950523376,0.5055879950523376,0.5910753011703491,0.23011678457260132,0.5055879950523376,0.01691073179244995,0.5055879950523376,0.01691073179244995,0.3678523898124695,0.11401119828224182
1262,799,2.15403151512146,1.1473366022109985,0.7788845287791142,0.3657011237150676,0.268548541658868,0.8310134410858154,0.8310134410858154,0.8310134410858154,0.8310134410858154,0.9091709852218628,1.3722214698791504,0.8310134410858154,0.16591286659240723,0.8310134410858154,0.16591286659240723,1.101617455482483,0.2092413306236267
1263,141,2.6959805488586426,1.5127681493759155,0.2927460400015115,0.3847532222606244,0.30263194529339665,0.15431320667266846,0.4113037586212158,0.15431320667266846,0.4113037586212158,0.17605209350585938,0.9260985255241394,0.15431320667266846,0.1614537239074707,0.15431320667266846,0.1614537239074707,0.2871895432472229,0.24753814935684204
1264,799,1.5807080268859863,2.3641140460968018,0.5423789217167841,0.5214311348119125,0.7649102547702695,0.832019567489624,2.1850473880767822,0.832019567489624,2.1850473880767822,1.4311423301696777,2.1850473880767822,0.832019567489624,0.6675784587860107,0.832019567489624,0.6675784587860107,1.1544326543807983,0.9423558115959167
1265,799,2.2710514068603516,2.0882270336151123,0.32467344763378314,0.7610775058219832,0.5308935503164922,0.918647289276123,1.2822344303131104,0.918647289276123,1.2822344303131104,1.4089674949645996,1.994454026222229,0.918647289276123,0.32866156101226807,0.918647289276123,0.32866156101226807,1.2361811399459839,0.7202271223068237
1266,141,3.1912927627563477,1.8223917484283447,0.3738503392475345,0.29942595258976024,0.45691963444153444,0.31950902938842773,1.511386513710022,0.31950902938842773,1.511386513710022,0.6592981815338135,1.511386513710022,0.31950902938842773,0.17022156715393066,0.31950902938842773,0.17022156715393066,0.5556929111480713,0.33846616744995117
1267,799,2.7133944034576416,1.7333096265792847,0.6953995066322389,0.4823846191447225,0.25300222476013,0.6207026243209839,0.6207026243209839,0.6207026243209839,0.6207026243209839,1.0087900161743164,1.246814489364624,0.6207026243209839,0.29106688499450684,0.6207026243209839,0.29106688499450684,0.933758556842804,0.5471079349517822
1268,141,3.876066207885742,2.1340997219085693,0.41643209316457297,0.5455738531580815,0.4289790710962069,0.3097456693649292,0.7264889478683472,0.3097456693649292,0.7264889478683472,0.6062906980514526,2.0632784366607666,0.3097456693649292,0.21087658405303955,0.3097456693649292,0.21087658405303955,0.6571288704872131,0.4421391487121582
1269,141,3.255509853363037,1.9304951429367065,0.5643729180345929,0.38552671077350786,0.3793428509930772,0.4115675687789917,0.4115675687789917,0.4115675687789917,0.4115675687789917,0.572679877281189,0.7838841676712036,0.4115675687789917,0.193212628364563,0.4115675687789917,0.193212628364563,0.5977258682250977,0.38393187522888184
1270,141,2.9431402683258057,1.9735389947891235,0.4387594079722962,0.5033722670127948,0.38007155810793214,0.3257601261138916,0.8037564754486084,0.3257601261138916,0.8037564754486084,0.6560920476913452,0.8037564754486084,0.3257601261138916,0.2369825839996338,0.3257601261138916,0.2369825839996338,0.56475830078125,0.45087218284606934
1271,141,3.9328784942626953,1.984234094619751,0.505021799504757,0.4168136375397442,0.33316091991961017,0.21747684478759766,0.41021251678466797,0.21747684478759766,0.41021251678466797,0.4881901741027832,0.891014814376831,0.41021251678466797,0.20269203186035156,0.41021251678466797,0.20269203186035156,0.6506136655807495,0.44211339950561523
1272,141,4.09704065322876,2.355395793914795,0.6513474661360181,0.477126392895977,0.4684912338356175,0.5103801488876343,0.5103801488876343,0.5103801488876343,0.5103801488876343,0.8749773502349854,1.1822220087051392,0.5103801488876343,0.3665645122528076,0.5103801488876343,0.3665645122528076,0.8463010787963867,0.6762930750846863
1273,141,2.2306835651397705,2.243028163909912,0.671888869690398,0.5847608771050972,0.3928319380308194,0.5248217582702637,0.5248217582702637,0.5248217582702637,0.5248217582702637,1.2477362155914307,1.3091983795166016,0.5248217582702637,0.278944730758667,0.5248217582702637,0.278944730758667,0.9170100688934326,0.6465946435928345
1274,141,3.495771646499634,2.427231788635254,0.44181584109862615,0.6716444121611618,0.5916501260486741,0.5450844764709473,1.1954995393753052,0.5450844764709473,1.1954995393753052,1.4857046604156494,2.5020642280578613,0.5450844764709473,0.41767239570617676,0.5450844764709473,0.41767239570617676,1.049410343170166,0.7611070871353149
1275,799,2.4146931171417236,2.803086996078491,0.6965315761168793,0.5964846099664767,1.190774852664521,1.2214595079421997,2.708245038986206,1.2214595079421997,2.708245038986206,1.8897128105163574,2.708245038986206,1.2214595079421997,0.6253795623779297,1.2214595079421997,0.6253795623779297,1.6317718029022217,0.9434929490089417
1276,799,4.154897689819336,2.495985984802246,0.547772697073718,0.9951471313213307,0.6023412532111008,1.13594388961792,1.7252013683319092,1.13594388961792,1.7252013683319092,1.432126522064209,2.3783376216888428,1.13594388961792,0.5372583866119385,1.13594388961792,0.5372583866119385,1.4399560689926147,0.9121216535568237
1277,799,2.202045440673828,2.71840763092041,0.8887499170005324,0.6322998937964437,0.9324470850825308,0.8155287504196167,2.67916202545166,0.8155287504196167,2.67916202545166,1.7858760356903076,2.67916202545166,0.9683791399002075,0.7048604488372803,0.9683791399002075,0.7048604488372803,1.4743924140930176,1.1297892332077026
1278,799,3.041705846786499,2.9524478912353516,0.5273031186933324,1.3966043051953116,0.6757871941725411,1.4567365646362305,2.0239334106445312,1.4567365646362305,2.0239334106445312,1.695533275604248,2.8312411308288574,1.4567365646362305,0.4282698631286621,1.4567365646362305,0.4282698631286621,1.8184030055999756,0.8772355318069458
1279,799,3.9542222023010254,2.255589485168457,0.6545874084035554,0.5351797099287312,1.064332122268776,1.0732218027114868,2.3318307399749756,1.0732218027114868,2.3318307399749756,1.5126283168792725,2.3318307399749756,1.0732218027114868,0.6133077144622803,1.0732218027114868,0.6133077144622803,1.4276020526885986,0.9073338508605957
1280,141,4.495426177978516,2.8373875617980957,0.7522247931190462,0.6297386553782656,0.48186708061878236,0.6260025501251221,0.6260025501251221,0.6260025501251221,0.6260025501251221,1.1533150672912598,1.5549973249435425,0.6260025501251221,0.443070650100708,0.6260025501251221,0.443070650100708,1.0904998779296875,0.8839510083198547
1281,799,3.204343557357788,2.8898119926452637,0.8886138835921886,1.0946802277117966,0.7521095118299124,0.938245415687561,1.958392858505249,0.938245415687561,1.958392858505249,1.7930529117584229,1.958392858505249,1.0741844177246094,0.7315399646759033,1.0741844177246094,0.7315399646759033,1.5162886381149292,1.188521385192871
1282,799,3.93872332572937,3.656320095062256,0.6996263880779345,1.406871944939096,1.2444910334547368,1.2963314056396484,1.9373915195465088,1.2963314056396484,1.9373915195465088,2.497711658477783,3.594633102416992,1.2963314056396484,0.3848392963409424,1.2963314056396484,0.3848392963409424,1.958845615386963,1.1139650344848633
1283,799,5.072566509246826,3.2959823608398438,0.8650461379531778,1.0157877593766897,1.189719651713967,1.2558708190917969,3.2603859901428223,1.2558708190917969,3.2603859901428223,1.9123378992080688,3.2603859901428223,1.2558708190917969,0.6589279174804688,1.2558708190917969,0.6589279174804688,1.7453632354736328,1.2838187217712402
1284,799,2.533297538757324,3.1356887817382812,1.0042633997773134,1.156445223850509,0.7556651710470512,0.8543152809143066,2.192613124847412,0.8543152809143066,2.192613124847412,1.799949049949646,2.192613124847412,1.159434199333191,0.7105417251586914,1.159434199333191,0.7105417251586914,1.6760237216949463,1.2561635971069336
1285,799,2.100389242172241,3.551985025405884,0.5652200849602624,1.449645605112115,1.0628331101934119,1.399528980255127,2.000396966934204,1.399528980255127,2.000396966934204,2.333487033843994,3.3772730827331543,1.399528980255127,0.36105799674987793,1.399528980255127,0.36105799674987793,2.0179696083068848,0.9928489923477173
1286,799,3.064663887023926,2.886359214782715,0.43849179585774767,0.6618044463482995,1.4230848191243906,1.523760437965393,2.795931339263916,1.523760437965393,2.795931339263916,1.5217751264572144,2.795931339263916,1.523760437965393,0.3553743362426758,1.523760437965393,0.3553743362426758,1.8809788227081299,0.7649921178817749
1287,799,2.2931928634643555,2.111459255218506,0.7099723580665886,0.5080990079604093,0.6012236707285041,0.7399828433990479,0.7399828433990479,0.7399828433990479,0.7399828433990479,1.4046626091003418,2.1013927459716797,0.7399828433990479,0.663465142250061,0.7399828433990479,0.663465142250061,1.1374057531356812,0.9917523860931396
1288,799,3.0234158039093018,2.425701856613159,0.5394554379334053,0.9267026795198519,0.467477542211612,1.1204639673233032,1.6306612491607666,1.1204639673233032,1.6306612491607666,1.4640963077545166,1.6306612491607666,1.1204639673233032,0.6641676425933838,1.1204639673233032,0.6641676425933838,1.3755626678466797,0.957583487033844
1289,799,3.2756636142730713,2.3439512252807617,0.63789546991388,0.6061425770322484,0.7782080593208472,0.9028418064117432,2.244442939758301,0.9028418064117432,2.244442939758301,1.6156809329986572,2.244442939758301,0.9028418064117432,0.7795894145965576,0.9028418064117432,0.7795894145965576,1.2643946409225464,1.0783144235610962
1290,799,1.8706035614013672,2.5478568077087402,0.7252603954076771,0.8213664811849596,0.6212171854078767,0.8362874984741211,1.6980034112930298,0.8362874984741211,1.6980034112930298,1.6290102005004883,1.6980034112930298,0.8943719863891602,0.7068332433700562,0.8943719863891602,0.7068332433700562,1.2961876392364502,1.125148057937622
1291,799,1.632431149482727,2.744258403778076,0.45299727258582934,1.0319243293379738,0.8879021743809185,1.187644124031067,1.6173981428146362,1.187644124031067,1.6173981428146362,2.100438117980957,2.678354501724243,1.187644124031067,0.3808777332305908,1.187644124031067,0.3808777332305908,1.6711580753326416,0.9459053874015808
1292,799,0.536461591720581,2.0846526622772217,0.3455382684866588,0.5196460147450368,0.959218116874496,1.191049337387085,2.114017963409424,1.191049337387085,2.114017963409424,1.3262042999267578,2.114017963409424,1.191049337387085,0.3890373706817627,1.191049337387085,0.3890373706817627,1.430574655532837,0.730485737323761
1293,799,0.018888693302869797,1.2392685413360596,0.051653881799429646,0.37865218166261894,0.47639672828838237,0.602570652961731,1.2197763919830322,0.602570652961731,1.2197763919830322,1.0143263339996338,1.2197763919830322,0.602570652961731,0.1362285614013672,0.602570652961731,0.1362285614013672,0.8394169807434082,0.40672236680984497
1294,799,1.3918039798736572,0.7844976186752319,0.045328963904952085,0.004602257798736353,0.36392107768605175,0.5267035961151123,0.6847232580184937,0.5267035961151123,0.6847232580184937,0.07538425922393799,0.6847232580184937,0.5267035961151123,0.16479051113128662,0.5267035961151123,0.16479051113128662,0.5292277336120605,0.167036771774292
1295,799,0.549535870552063,0.5679996013641357,0.29316585640733434,0.0749325605543951,0.025992563900848226,0.338148832321167,0.338148832321167,0.338148832321167,0.338148832321167,0.04601025581359863,0.3429160714149475,0.338148832321167,0.1176430881023407,0.338148832321167,0.1176430881023407,0.34053245186805725,0.11972950398921967
1296,799,0.43792787194252014,0.5334069728851318,0.07045204967260349,0.2257562704384326,0.10298114150762538,0.3577483594417572,0.4953271746635437,0.3577483594417572,0.4953271746635437,0.0035872459411621094,0.5000258088111877,0.3577483594417572,0.13440850377082825,0.3577483594417572,0.13440850377082825,0.3599676787853241,0.13676388561725616
1297,799,1.2213612794876099,0.6724413633346558,0.10204405518869553,0.02678802716235329,0.2186256820956865,0.3521128296852112,0.6004970073699951,0.3521128296852112,0.6004970073699951,0.22370097041130066,0.6004970073699951,0.3521128296852112,0.13762766122817993,0.3521128296852112,0.13762766122817993,0.4069387912750244,0.1875634789466858
1298,799,0.46459531784057617,0.6021642684936523,0.2432023053988815,0.058528767861425884,0.047714824452996185,0.305909126996994,0.305909126996994,0.305909126996994,0.305909126996994,0.21205496788024902,0.4200598895549774,0.305909126996994,0.12300270795822144,0.305909126996994,0.12300270795822144,0.3629845082759857,0.17580971121788025
1299,799,1.2521982192993164,0.5844259262084961,0.07566053518404559,0.17654063799728953,0.026585226108630566,0.30353835225105286,0.4153728485107422,0.30353835225105286,0.4153728485107422,0.23306190967559814,0.4153728485107422,0.30353835225105286,0.09707579016685486,0.30353835225105286,0.09707579016685486,0.35945558547973633,0.1520301252603531
1300,799,0.7543531656265259,0.9075247049331665,0.2638128841730456,0.01058806467180462,0.17722003827492405,0.2817447781562805,0.2817447781562805,0.2817447781562805,0.2817447781562805,0.6537990570068359,0.7897164821624756,0.2817447781562805,0.12251675128936768,0.2817447781562805,0.12251675128936768,0.4718533754348755,0.29316532611846924
1301,799,0.8799495100975037,0.7969900965690613,0.14184307189037398,0.26713743807127094,0.001048265298207507,0.36092421412467957,0.5602078437805176,0.36092421412467957,0.5602078437805176,0.428236722946167,0.5602078437805176,0.36092421412467957,0.130892813205719,0.36092421412467957,0.130892813205719,0.46056604385375977,0.22720877826213837
1302,799,-0.3176744282245636,0.8507689237594604,0.1417036516219377,0.05905367575585818,0.2259967042505743,0.3470432162284851,0.7800229787826538,0.3470432162284851,0.7800229787826538,0.47737130522727966,0.7800229787826538,0.3470432162284851,0.21176135540008545,0.3470432162284851,0.21176135540008545,0.4598356783390045,0.3089684844017029
1303,799,-0.10007940977811813,0.49381768703460693,0.13337665788829328,0.08624185869470243,0.06079758947715168,0.3487182855606079,0.07179373502731323,0.3487182855606079,0.07179373502731323,0.1018446683883667,0.17905855178833008,0.07179373502731323,0.22093415260314941,0.07179373502731323,0.22093415260314941,0.12542614340782166,0.34384971857070923
1304,799,-0.9878843426704407,0.2693648040294647,0.12280771597598988,0.20959976603587477,0.09303996008510385,0.43133798241615295,0.10560068488121033,0.43133798241615295,0.10560068488121033,0.6751320362091064,0.10560068488121033,0.08200874924659729,0.24900439381599426,0.08200874924659729,0.24900439381599426,0.09380471706390381,0.23572276532649994
1305,799,1.5676655769348145,-0.30283039808273315,0.3470997403748334,0.18654230581596487,0.1929960425570607,0.5228593945503235,0.2819842994213104,0.5228593945503235,0.2819842994213104,0.649355947971344,0.39204683899879456,0.2819842994213104,0.030180305242538452,0.2819842994213104,0.030180305242538452,0.32392722368240356,0.07705803215503693
1306,799,0.9428417086601257,0.366953581571579,0.40902655148878675,0.4359657016489653,0.18002767962403587,1.1505746841430664,0.24888940155506134,1.1505746841430664,0.24888940155506134,0.6931453943252563,0.24888940155506134,0.21941104531288147,0.023075014352798462,0.21941104531288147,0.023075014352798462,0.234150230884552,0.2619340419769287
1307,799,0.6508603096008301,0.5438328981399536,0.12122364171470196,0.3226699098913621,0.34233839989018944,0.9932801723480225,0.4668082594871521,0.9932801723480225,0.4668082594871521,0.43317198753356934,0.4668082594871521,0.1616830825805664,0.23289209604263306,0.1616830825805664,0.23289209604263306,0.20153707265853882,0.46099331974983215
1308,799,0.33780843019485474,0.9450168609619141,0.11745887989799186,0.05144626292089621,0.2985107818494239,0.41403651237487793,0.8058980107307434,0.41403651237487793,0.8058980107307434,0.35186994075775146,0.8058980107307434,0.41403651237487793,0.23242008686065674,0.41403651237487793,0.23242008686065674,0.4905029535293579,0.30243000388145447
1309,799,2.3227813243865967,0.5817821621894836,0.0013843990055222577,0.06826703801130266,0.06802532435705261,0.1041707992553711,0.26213812828063965,0.1041707992553711,0.26213812828063965,0.3489798903465271,0.5129362344741821,0.1835818588733673,0.07811474800109863,0.1835818588733673,0.07811474800109863,0.3045208752155304,0.20662689208984375
1310,799,1.8762708902359009,0.8609596490859985,0.4737164185754955,0.08426444536075,0.058914689309895074,0.5093619227409363,0.5093619227409363,0.5093619227409363,0.5093619227409363,0.018763184547424316,0.5922848582267761,0.5093619227409363,0.13782012462615967,0.5093619227409363,0.13782012462615967,0.5508233904838562,0.17525088787078857
1311,799,3.6280105113983154,1.2741634845733643,0.4194389968117076,0.5194435371582709,0.12339406049499901,0.6736353039741516,1.1191598176956177,0.6736353039741516,1.1191598176956177,1.0176868438720703,1.1191598176956177,0.6736353039741516,0.08280348777770996,0.6736353039741516,0.08280348777770996,0.896397590637207,0.32645899057388306
1312,799,1.1175684928894043,2.2508254051208496,0.7718733360990884,0.47735278852283947,0.5604233473911879,0.6849644184112549,0.6849644184112549,0.6849644184112549,0.6849644184112549,1.1347482204437256,2.136172294616699,0.6849644184112549,0.6405446529388428,0.6849644184112549,0.6405446529388428,1.1202566623687744,0.9066542387008667
1313,799,-0.47072675824165344,2.3958308696746826,0.2345449849342307,1.1932093352576094,0.46580887676527116,1.4130430221557617,1.6800153255462646,1.4130430221557617,1.6800153255462646,1.4567923545837402,2.2208003997802734,1.4130430221557617,0.2763369083404541,1.4130430221557617,0.2763369083404541,1.6680032014846802,0.6233732104301453
1314,799,1.967165231704712,1.6501667499542236,0.212498325525472,0.24388382883121507,1.1248169249234101,1.3239761590957642,1.525071382522583,1.3239761590957642,1.525071382522583,0.8605560064315796,1.525071382522583,1.3239761590957642,0.10313141345977783,1.3239761590957642,0.10313141345977783,1.4860429763793945,0.2329757809638977
1315,799,-0.8877667188644409,0.9070315361022949,0.4325817691783109,0.26274097805221863,0.19823856065670642,0.49246945977211,0.49246945977211,0.49246945977211,0.49246945977211,0.3481994867324829,0.36984705924987793,0.49246945977211,0.30476123094558716,0.49246945977211,0.30476123094558716,0.43115824460983276,0.2544994354248047
1316,799,-0.10694611817598343,0.4062054455280304,0.28204123636086786,0.49866459560270116,0.2942956829008957,0.600244402885437,0.34728458523750305,0.600244402885437,0.34728458523750305,0.3126666247844696,0.22180169820785522,0.600244402885437,0.23578140139579773,0.600244402885437,0.23578140139579773,0.527472734451294,0.2930385172367096
1317,799,0.7851449251174927,0.4525957405567169,0.19719609188536807,0.37135640500734246,0.4970735928540428,0.6154172420501709,0.34715935587882996,0.6154172420501709,0.34715935587882996,0.6065045595169067,0.34715935587882996,0.6154172420501709,0.02483135461807251,0.6154172420501709,0.02483135461807251,0.49604710936546326,0.15204931795597076
1318,799,-1.0233380794525146,0.06268593668937683,0.12700590877483275,0.2678774691124757,0.32342881248642996,0.7050638198852539,0.03608226031064987,0.7050638198852539,0.03608226031064987,1.000019907951355,0.03608226031064987,0.22948786616325378,0.2541658878326416,0.22948786616325378,0.2541658878326416,0.24287375807762146,0.23713938891887665
1319,799,-0.2545718848705292,0.02782978117465973,0.3488533573100963,0.062149275851746344,0.2597755595917503,0.7142263054847717,0.2563369870185852,0.7142263054847717,0.2563369870185852,0.9566860795021057,0.08170479536056519,0.2563369870185852,0.21266478300094604,0.2563369870185852,0.21266478300094604,0.2697935104370117,0.19729992747306824
1320,799,-0.00918834563344717,0.022726265713572502,0.22581290247539665,0.429364913540582,0.08351597995807725,0.7963044047355652,0.30657312273979187,0.7963044047355652,0.30657312273979187,1.1305792331695557,0.30657312273979187,0.24481162428855896,0.22365128993988037,0.24481162428855896,0.22365128993988037,0.2756923735141754,0.1856822818517685
1321,799,-0.16502338647842407,-0.22977522015571594,0.17412486789748072,0.3044694480113685,0.42545015219599014,0.6216520071029663,0.3858567774295807,0.6216520071029663,0.3858567774295807,0.761581301689148,0.3858567774295807,0.3102044463157654,0.0031383633613586426,0.3102044463157654,0.0031383633613586426,0.34672942757606506,0.04585637152194977
1322,799,-0.5994842052459717,0.019233345985412598,0.10742432434111843,0.17862052649259563,0.21483617331832655,0.11725063621997833,0.10073287785053253,0.11725063621997833,0.10073287785053253,0.11934205889701843,0.10073287785053253,0.059809938073158264,0.040186136960983276,0.059809938073158264,0.040186136960983276,0.060885317623615265,0.04127560555934906
1323,799,1.3801618814468384,-0.011740211397409439,0.31581878152986365,0.22162166699146235,0.24934367853527262,0.3311949372291565,0.167933389544487,0.3311949372291565,0.167933389544487,0.33382171392440796,0.21900278329849243,0.167933389544487,0.04991207271814346,0.167933389544487,0.04991207271814346,0.1693384051322937,0.051391422748565674
1324,799,0.9782283902168274,0.2220495641231537,0.20443244433030483,0.36774303400889036,0.14995783936232326,0.672284722328186,0.20107899606227875,0.672284722328186,0.20107899606227875,0.3475818336009979,0.20107899606227875,0.12555694580078125,0.03558087348937988,0.12555694580078125,0.03558087348937988,0.1633179783821106,0.1722482442855835
1325,799,1.3274867534637451,0.5284993648529053,0.12078349841137731,0.17625873652597263,0.3110653109351793,0.6168854236602783,0.4488511085510254,0.6168854236602783,0.4488511085510254,0.2595621943473816,0.4488511085510254,0.11435747146606445,0.23766237497329712,0.11435747146606445,0.23766237497329712,0.15825633704662323,0.4233972132205963
1326,799,-0.2719239592552185,1.1484832763671875,0.23397390676041435,0.04157814716299396,0.18450227019687482,0.3098585605621338,0.32229411602020264,0.3098585605621338,0.32229411602020264,0.73014235496521,1.0141340494155884,0.32229411602020264,0.3050457239151001,0.32229411602020264,0.3050457239151001,0.532924234867096,0.4803979992866516
1327,799,-2.9926235675811768,0.812716543674469,0.2207120542259266,0.24111282393025846,0.05849096336091558,0.39839136600494385,0.3344385623931885,0.39839136600494385,0.3344385623931885,0.06460964679718018,0.3344385623931885,0.39839136600494385,0.2991916537284851,0.39839136600494385,0.2991916537284851,0.36641496419906616,0.2639765739440918
1328,799,-2.837104082107544,-0.43631598353385925,1.0582318050755808,0.31344463316413296,0.23236744099607076,2.009031057357788,0.8734415769577026,2.009031057357788,0.8734415769577026,2.566359758377075,0.9554497003555298,0.8734415769577026,0.42571595311164856,0.8734415769577026,0.42571595311164856,0.9144456386566162,0.38369759917259216
1329,799,-1.2073849439620972,-1.8273626565933228,1.0920608052611347,1.0583698302134872,0.26676491934806146,2.142155170440674,0.9936092495918274,2.142155170440674,0.9936092495918274,3.3964529037475586,1.8122941255569458,0.9936092495918274,0.09651923179626465,0.9936092495918274,0.09651923179626465,1.402951717376709,0.5856034755706787
1330,141,-2.9905600547790527,-1.7668806314468384,0.6936379997059703,0.8524441395327449,0.628847981095314,1.0014944076538086,0.852627158164978,1.0014944076538086,0.852627158164978,1.5276600122451782,0.852627158164978,0.4778217077255249,0.43727612495422363,0.4778217077255249,0.43727612495422363,0.6652244329452515,0.5945764780044556
1331,799,-2.1794443130493164,-2.1431071758270264,1.0835384240622323,0.633174753437439,0.9475125133867068,1.7140107154846191,0.8941292762756348,1.7140107154846191,0.8941292762756348,2.789186954498291,2.168384313583374,0.8941292762756348,0.46273577213287354,0.8941292762756348,0.46273577213287354,1.3735651969909668,0.9039567112922668
1332,799,0.16891855001449585,-2.0902280807495117,0.916164809775849,1.0865149737459916,0.5738670008940003,1.7315332889556885,1.840019941329956,1.7315332889556885,1.840019941329956,2.656918525695801,1.840019941329956,1.1485631465911865,0.4735504388809204,1.1485631465911865,0.4735504388809204,1.4942915439605713,0.8934995532035828
1333,799,-2.2142820358276367,-1.7262524366378784,0.10440863596896355,0.9442965829248227,1.094696808891992,2.132263422012329,1.808424472808838,2.132263422012329,1.808424472808838,3.609455108642578,1.808424472808838,1.2404464483261108,0.06615173816680908,1.2404464483261108,0.06615173816680908,1.5475819110870361,0.4748270809650421
1334,799,-1.6632413864135742,-1.3081871271133423,0.8423500848809877,0.0781290116968254,0.8272836807246011,1.7414157390594482,0.7850645780563354,1.7414157390594482,0.7850645780563354,2.7134058475494385,1.3890413045883179,0.7850645780563354,0.07651734352111816,0.7850645780563354,0.07651734352111816,1.1101570129394531,0.41065093874931335
1335,799,-1.0314700603485107,-0.9733240604400635,0.6743070150430625,0.7186626034773266,0.05483878634249173,1.2807358503341675,1.0464411973953247,1.2807358503341675,1.0464411973953247,2.268493175506592,1.0464411973953247,0.622839093208313,0.05861794948577881,0.622839093208313,0.05861794948577881,0.8346401453018188,0.26691657304763794
1336,799,-0.8452911972999573,-1.5382593870162964,0.48067234429841244,0.7727203453270097,0.8039172298212847,1.2637605667114258,1.6650993824005127,1.2637605667114258,1.6650993824005127,1.8962987661361694,1.6650993824005127,0.881750226020813,0.3930935859680176,0.881750226020813,0.3930935859680176,1.1295090913772583,0.7205215692520142
1337,799,-0.03694944828748703,-1.1038106679916382,0.39043939960344365,0.5095651553447048,0.7638363013618314,0.9418002367019653,1.218142032623291,0.9418002367019653,1.218142032623291,1.313238501548767,1.218142032623291,0.6472463607788086,0.30653542280197144,0.6472463607788086,0.30653542280197144,0.8092196583747864,0.50572669506073
1338,799,-1.7662911415100098,-0.4758489727973938,0.1075190316761534,0.32957400030146045,0.3504822580019632,0.5767996907234192,0.5361413359642029,0.5767996907234192,0.5361413359642029,0.9907811880111694,0.5361413359642029,0.31158557534217834,0.012723743915557861,0.31158557534217834,0.012723743915557861,0.4188336730003357,0.13999930024147034
1339,799,1.0564559698104858,-0.6376069784164429,0.6032589802891015,0.1411452013067901,0.3187027616985144,0.9865795373916626,0.5088317394256592,0.9865795373916626,0.5088317394256592,1.3473542928695679,0.730802059173584,0.5088317394256592,0.011559486389160156,0.5088317394256592,0.011559486389160156,0.6150658130645752,0.12895840406417847
1340,799,0.172800675034523,-0.05951616168022156,0.24689013546953598,0.5605486476173003,0.09920911782731623,1.2604317665100098,0.13009214401245117,1.2604317665100098,0.13009214401245117,0.9746131896972656,0.13009214401245117,0.4260511100292206,0.010976195335388184,0.4260511100292206,0.010976195335388184,0.27807164192199707,0.17447860538959503
1341,799,0.244884192943573,0.11178486794233322,0.038816828839480955,0.24198711246252078,0.5186963510140777,1.2688096761703491,0.035830624401569366,1.2688096761703491,0.035830624401569366,0.9018225073814392,0.035830624401569366,0.35483986139297485,0.050978414714336395,0.35483986139297485,0.050978414714336395,0.21919481456279755,0.2241356074810028
1342,799,-0.11763212829828262,0.48150405287742615,0.020429889981945462,0.060971740136543925,0.1729584503670533,0.23651283979415894,0.33343830704689026,0.23651283979415894,0.33343830704689026,0.07136517763137817,0.33343830704689026,0.23651283979415894,0.05617910623550415,0.23651283979415894,0.05617910623550415,0.25577399134635925,0.07617989182472229
1343,799,0.384086012840271,0.08348828554153442,0.11535648835202056,0.029531566376487406,0.02809652184446655,0.13687729835510254,0.03384028375148773,0.13687729835510254,0.03384028375148773,0.07284018397331238,0.03244990110397339,0.03384028375148773,0.047619402408599854,0.03384028375148773,0.047619402408599854,0.03314509242773056,0.08191812038421631
1344,799,1.3168059587478638,0.14083924889564514,0.06991189983983831,0.1521540854374568,0.011636615221699065,0.17884138226509094,0.07690490782260895,0.17884138226509094,0.07690490782260895,0.07073856890201569,0.07690490782260895,0.03383028507232666,0.0727127194404602,0.03383028507232666,0.0727127194404602,0.055367596447467804,0.12953585386276245
1345,799,1.119801640510559,0.5798346996307373,0.34711166090021534,0.045891226703921956,0.16155106858660775,0.35960376262664795,0.35960376262664795,0.35960376262664795,0.35960376262664795,0.1182902455329895,0.436512291431427,0.35960376262664795,0.10001200437545776,0.35960376262664795,0.10001200437545776,0.3435837924480438,0.08537018299102783
1346,799,0.19649961590766907,0.7280060648918152,0.26353994031126293,0.2903970549317697,0.04312977368632964,0.32943686842918396,0.5976742506027222,0.32943686842918396,0.5976742506027222,0.5505270957946777,0.5976742506027222,0.32943686842918396,0.08791518211364746,0.32943686842918396,0.08791518211364746,0.46355557441711426,0.22591842710971832
1347,799,0.8059819340705872,0.9368582963943481,0.09225334120293427,0.28372704861064774,0.302054391851028,0.3745366334915161,0.7293558716773987,0.3745366334915161,0.7293558716773987,0.62799072265625,0.7293558716773987,0.3745366334915161,0.04915475845336914,0.3745366334915161,0.04915475845336914,0.5262519717216492,0.2129783034324646
1348,799,2.3139145374298096,0.6423264741897583,0.2448373720546564,0.049813106892009684,0.29894910344233105,0.29539626836776733,0.5708365440368652,0.29539626836776733,0.5708365440368652,0.43196070194244385,0.5708365440368652,0.29539626836776733,0.05391418933868408,0.29539626836776733,0.05391418933868408,0.40748217701911926,0.1597844511270523
1349,799,1.515813946723938,1.0513403415679932,0.682203349675983,0.2384728028438987,0.07427455656230453,0.6273881196975708,0.6273881196975708,0.6273881196975708,0.6273881196975708,0.40505194664001465,0.8668571710586548,0.6273881196975708,0.05281531810760498,0.6273881196975708,0.05281531810760498,0.7471226453781128,0.1641685962677002
1350,799,1.0113563537597656,1.2315722703933716,0.3421917295083403,0.6157610648684204,0.15652254940941934,0.6326228380203247,0.9769600629806519,0.6326228380203247,0.9769600629806519,0.7940534353256226,0.9769600629806519,0.6326228380203247,0.1970583200454712,0.6326228380203247,0.1970583200454712,0.8047914505004883,0.3784152567386627
1351,799,0.41340765357017517,1.4833879470825195,0.23683130338788017,0.3906853220984339,0.692815568186343,0.70615154504776,1.3720927238464355,0.70615154504776,1.3720927238464355,0.9070367217063904,1.3720927238464355,0.70615154504776,0.22325444221496582,0.70615154504776,0.22325444221496582,0.90599524974823,0.4648940861225128
1352,799,0.24283890426158905,0.7620213031768799,0.06218722857534875,0.19941468492150316,0.3164785465598106,0.38825154304504395,0.7459913492202759,0.38825154304504395,0.7459913492202759,0.5142418146133423,0.7459913492202759,0.38825154304504395,0.10389488935470581,0.38825154304504395,0.10389488935470581,0.511192262172699,0.23989549279212952
1353,799,0.6813763976097107,0.6275591850280762,0.004668354752163095,0.047387498548875334,0.23243894950176267,0.26990675926208496,0.44634079933166504,0.26990675926208496,0.44634079933166504,0.21987244486808777,0.44634079933166504,0.26990675926208496,0.06367737054824829,0.26990675926208496,0.06367737054824829,0.32418346405029297,0.12155137956142426
1354,799,-0.6669489741325378,0.3238523304462433,0.15181275992343823,0.00479105160882079,0.06225539805988475,0.17810827493667603,0.17810827493667603,0.17810827493667603,0.17810827493667603,0.21365219354629517,0.34037041664123535,0.17810827493667603,0.05632331967353821,0.17810827493667603,0.05632331967353821,0.22847332060337067,0.10477051138877869
1355,799,-1.9654784202575684,0.13851672410964966,0.23891606361294787,0.12656874255587658,0.01599011339868106,0.4884335398674011,0.1629176139831543,0.4884335398674011,0.1629176139831543,0.3366178572177887,0.0022070705890655518,0.1629176139831543,0.0537799596786499,0.1629176139831543,0.0537799596786499,0.08256234228610992,0.13693119585514069
1356,799,0.13514861464500427,-0.5367017388343811,0.6098794496059419,0.25155570609495037,0.16136037586256868,1.2306544780731201,0.527894139289856,1.2306544780731201,0.527894139289856,1.6846580505371094,0.679213285446167,0.527894139289856,0.19367873668670654,0.527894139289856,0.19367873668670654,0.6035537123680115,0.09768867492675781
1357,799,-0.7804092168807983,-0.7738187909126282,0.030066551708926914,0.7563704847109813,0.3227127530177434,1.4046900272369385,0.6412945985794067,1.4046900272369385,0.6412945985794067,1.8944616317749023,0.8447433114051819,0.6853740811347961,0.05698162317276001,0.6853740811347961,0.05698162317276001,0.7858180999755859,0.1420173943042755
1358,799,-0.4305725693702698,-0.7064652442932129,0.3269925813935697,0.014962852578610186,0.6632621087506413,1.2466059923171997,0.7910937070846558,1.2466059923171997,0.7910937070846558,1.722383975982666,0.7910937070846558,0.5954232811927795,0.05192208290100098,0.5954232811927795,0.05192208290100098,0.710892379283905,0.13725095987319946
1359,799,-0.10621821880340576,-0.25828301906585693,0.12063885142405828,0.2706025754039486,0.004108078690866601,0.41868993639945984,0.2999386787414551,0.41868993639945984,0.2999386787414551,0.6572309732437134,0.2999386787414551,0.19338394701480865,0.03427618741989136,0.19338394701480865,0.03427618741989136,0.24666130542755127,0.058768436312675476
1360,799,-0.2910969853401184,-0.30838704109191895,0.11593760392939056,0.12977142603447037,0.26910429059838253,0.3839826285839081,0.34995222091674805,0.3839826285839081,0.34995222091674805,0.5732678771018982,0.34995222091674805,0.21181447803974152,0.03146183490753174,0.21181447803974152,0.03146183490753174,0.26659175753593445,0.09280135482549667
1361,799,-0.7306931614875793,-0.25353944301605225,0.12856031732012824,0.10135301049177844,0.09580484493946037,0.13253352046012878,0.08104422688484192,0.13253352046012878,0.08104422688484192,0.15899941325187683,0.10801392793655396,0.08104422688484192,0.0997907966375351,0.08104422688484192,0.0997907966375351,0.09452907741069794,0.11279403418302536
1362,799,-0.16941331326961517,-0.26850882172584534,0.3058289987128228,0.110664483634755,0.08943353459239006,0.3711744546890259,0.20099544525146484,0.3711744546890259,0.20099544525146484,0.48445653915405273,0.27495628595352173,0.20099544525146484,0.028792887926101685,0.20099544525146484,0.028792887926101685,0.2379758656024933,0.06781278550624847
1363,799,-1.9735959768295288,-0.28987011313438416,0.15910094795748592,0.33264260759577147,0.10950340665876873,0.3535124361515045,0.24849621951580048,0.3535124361515045,0.24849621951580048,0.39898183941841125,0.24849621951580048,0.20128315687179565,0.082700714468956,0.20128315687179565,0.082700714468956,0.22488969564437866,0.1075582504272461
1364,799,0.35765340924263,-0.6497539281845093,0.5823047137136259,0.13031038931260508,0.27081457460920033,1.0316146612167358,0.5330184698104858,1.0316146612167358,0.5330184698104858,1.2444047927856445,0.7224359512329102,0.5330184698104858,0.0475083589553833,0.5330184698104858,0.0475083589553833,0.6105847954750061,0.13810808956623077
1365,799,-0.5574550628662109,-0.36250799894332886,0.000788894717892008,0.5522295864981909,0.12312595504646501,1.1034400463104248,0.36532557010650635,1.1034400463104248,0.36532557010650635,1.237673044204712,0.3993646502494812,0.4614320397377014,0.11892607808113098,0.4614320397377014,0.11892607808113098,0.47792816162109375,0.09616696834564209
1366,799,-1.649962067604065,-0.5098329782485962,0.3087139426264913,0.008275473108515174,0.6252720719017087,1.2531877756118774,0.5819635987281799,1.2531877756118774,0.5819635987281799,1.6707572937011719,0.5819635987281799,0.5187612175941467,0.11779224872589111,0.5187612175941467,0.11779224872589111,0.5952275991439819,0.09088452160358429
1367,799,-0.6171568036079407,-0.42638587951660156,0.5538172139972448,0.2696619843691588,0.03759734719991692,0.93738853931427,0.4191240966320038,0.93738853931427,0.4191240966320038,1.2920600175857544,0.5499789118766785,0.4191240966320038,0.10222482681274414,0.4191240966320038,0.10222482681274414,0.48455148935317993,0.0766514241695404
1368,799,-0.006742153782397509,-0.6881523132324219,0.2744068447190027,0.5222174708979825,0.21854689727226906,0.712708592414856,0.6171693205833435,0.712708592414856,0.6171693205833435,0.8873018026351929,0.6171693205833435,0.4538785219192505,0.16535627841949463,0.4538785219192505,0.16535627841949463,0.5355238914489746,0.25693413615226746
1369,799,0.7217305302619934,-0.6439056992530823,0.11019397726282487,0.32373737722635265,0.6421042397059499,1.0786482095718384,0.7495059370994568,1.0786482095718384,0.7495059370994568,1.4179767370224,0.7495059370994568,0.5724009871482849,0.0025540590286254883,0.5724009871482849,0.0025540590286254883,0.659942626953125,0.12340579926967621
1370,799,1.169079303741455,0.10774827748537064,0.12175719685852526,0.11119413547217843,0.2712103867530823,0.5521571040153503,0.04063171148300171,0.5521571040153503,0.04063171148300171,0.34619230031967163,0.04063171148300171,0.17081034183502197,0.00194627046585083,0.17081034183502197,0.00194627046585083,0.10668417811393738,0.11168283224105835
1371,799,1.0756763219833374,0.6118230223655701,0.24844181130329762,0.09202991003791491,0.09979348493119072,0.31833404302597046,0.31833404302597046,0.31833404302597046,0.31833404302597046,0.007004380226135254,0.5127216577529907,0.31833404302597046,0.18029826879501343,0.31833404302597046,0.18029826879501343,0.3175047039985657,0.1795412003993988
1372,799,0.5311313271522522,0.8848686814308167,0.2452851602310936,0.2163429143900672,0.06848194900124022,0.2410786747932434,0.2640671133995056,0.2410786747932434,0.2640671133995056,0.5592068433761597,0.5821849703788757,0.2640671133995056,0.17872560024261475,0.2640671133995056,0.17872560024261475,0.4231260418891907,0.3285817503929138
1373,799,0.35381293296813965,0.6336808800697327,0.08718090801189343,0.2027516234914461,0.1779771362865965,0.19882705807685852,0.3350503444671631,0.19882705807685852,0.3350503444671631,0.4328122138977051,0.583228349685669,0.21659919619560242,0.11234176158905029,0.21659919619560242,0.11234176158905029,0.33435288071632385,0.22996178269386292
1374,799,2.1749613285064697,0.5120050311088562,0.027451389121512793,0.0712527913848558,0.22194740182409672,0.2540963590145111,0.47262078523635864,0.2540963590145111,0.47262078523635864,0.25094228982925415,0.47262078523635864,0.2540963590145111,0.08327659964561462,0.2540963590145111,0.08327659964561462,0.31658440828323364,0.14587609469890594
1375,799,1.3422645330429077,0.87840336561203,0.5192748038036128,0.021523290338615664,0.053391090215494263,0.5642502307891846,0.5642502307891846,0.5642502307891846,0.5642502307891846,0.23159325122833252,0.8044620752334595,0.5642502307891846,0.08131122589111328,0.5642502307891846,0.08131122589111328,0.6355130672454834,0.13964176177978516
1376,799,1.0362259149551392,0.9707648158073425,0.34548061790565654,0.49776862288514795,0.024469683592518443,0.5193817019462585,0.8936667442321777,0.5193817019462585,0.8936667442321777,0.6585419774055481,0.8936667442321777,0.5193817019462585,0.07198739051818848,0.5193817019462585,0.07198739051818848,0.7065242528915405,0.2498626410961151
1377,799,1.1014589071273804,1.3409981727600098,0.2322376875951888,0.3161880690604449,0.5540497235581276,0.6713412404060364,1.2977694272994995,0.6713412404060364,1.2977694272994995,0.8106480240821838,1.2977694272994995,0.6713412404060364,0.26339423656463623,0.6713412404060364,0.26339423656463623,0.838590145111084,0.4668952524662018
1378,799,1.2143274545669556,1.0797115564346313,0.22347770767907293,0.19022116194168714,0.2838850540916126,0.36227381229400635,0.8935052156448364,0.36227381229400635,0.8935052156448364,0.5791506171226501,0.8935052156448364,0.36227381229400635,0.2855207324028015,0.36227381229400635,0.2855207324028015,0.5005903840065002,0.418840616941452
1379,799,0.9911213517189026,0.7405847907066345,0.2657687091392776,0.1722902345222731,0.17365495504190526,0.277263879776001,0.277263879776001,0.277263879776001,0.277263879776001,0.4867438077926636,0.7774550318717957,0.277263879776001,0.2587195932865143,0.277263879776001,0.2587195932865143,0.4009733200073242,0.37068355083465576
1380,799,2.584756851196289,0.8751310110092163,0.21762836846212552,0.2707373784358303,0.18415526537845522,0.32081079483032227,0.561948299407959,0.32081079483032227,0.561948299407959,0.5072872638702393,0.561948299407959,0.32081079483032227,0.27756333351135254,0.32081079483032227,0.27756333351135254,0.4413795471191406,0.40087151527404785
1381,799,2.7286667823791504,1.3584343194961548,0.6963898342847825,0.2049005055055022,0.26918403778225164,0.707481861114502,0.707481861114502,0.707481861114502,0.707481861114502,0.657845675945282,1.3246374130249023,0.707481861114502,0.28307223320007324,0.707481861114502,0.28307223320007324,0.8792118430137634,0.427986204624176
1382,799,1.2305724620819092,1.9075889587402344,0.6958565488954385,0.7110313358654576,0.15392305863400324,0.7931015491485596,1.4814786911010742,0.7931015491485596,1.4814786911010742,1.4471619129180908,1.4814786911010742,0.8227546215057373,0.26805412769317627,0.8227546215057373,0.26805412769317627,1.1521166563034058,0.6209487915039062
1383,799,1.1981624364852905,2.0076870918273926,0.28161874928822117,0.8022815734272203,0.7572729351123174,0.8774261474609375,1.1419936418533325,0.8774261474609375,1.1419936418533325,1.5997275114059448,1.9375768899917603,0.8774261474609375,0.22913789749145508,0.8774261474609375,0.22913789749145508,1.2527083158493042,0.7022178173065186
1384,799,2.166329860687256,1.6875755786895752,0.27560733385384095,0.33019647438079136,0.8057412974163889,0.9385656118392944,1.5975409746170044,0.9385656118392944,1.5975409746170044,0.8565294742584229,1.5975409746170044,0.9385656118392944,0.325439453125,0.9385656118392944,0.325439453125,1.1035780906677246,0.5480961203575134
1385,799,2.3762528896331787,1.2223361730575562,0.5950392470012109,0.22928285318116326,0.2843171891073386,0.5485941767692566,0.5485941767692566,0.5485941767692566,0.5485941767692566,0.6396204233169556,1.19020676612854,0.5485941767692566,0.2871663570404053,0.5485941767692566,0.2871663570404053,0.7206228971481323,0.43511098623275757
1386,799,1.8960187435150146,1.8339349031448364,0.6683481845011314,0.6684085296963649,0.24703512587895005,0.6772987842559814,1.3641314506530762,0.6772987842559814,1.3641314506530762,1.3037691116333008,1.3641314506530762,0.7301796674728394,0.37950873374938965,0.7301796674728394,0.37950873374938965,1.0471556186676025,0.7035098075866699
1387,799,1.552219033241272,1.8861509561538696,0.47580944719103524,0.6387508583938082,0.6004453137734281,0.7130974531173706,1.1792588233947754,0.7130974531173706,1.1792588233947754,1.1874796152114868,1.7383742332458496,0.7130974531173706,0.48048341274261475,0.7130974531173706,0.48048341274261475,0.9732311367988586,0.8252276182174683
1388,799,2.377699375152588,1.7589153051376343,0.380040472286443,0.5241090213755765,0.6594252796346942,0.7546879053115845,1.6538374423980713,0.7546879053115845,1.6538374423980713,1.1495788097381592,1.6538374423980713,0.7546879053115845,0.3697812557220459,0.7546879053115845,0.3697812557220459,1.0074896812438965,0.6941095590591431
1389,799,2.315009832382202,1.9959254264831543,0.6044938147626822,0.43994153343141074,0.5802083882503208,0.5863988399505615,0.5863988399505615,0.5863988399505615,0.5863988399505615,1.166135311126709,1.8142112493515015,0.5863988399505615,0.5447655916213989,0.5863988399505615,0.5447655916213989,0.9538068771362305,0.8438166975975037
1390,799,2.2775096893310547,1.969477653503418,0.6184541401763756,0.6904067225133382,0.3739125970875221,0.8176484107971191,1.4302455186843872,0.8176484107971191,1.4302455186843872,1.4133546352386475,1.4302455186843872,0.8176484107971191,0.4683370590209961,0.8176484107971191,0.4683370590209961,1.1239469051361084,0.8043802976608276
1391,799,1.3118741512298584,1.7551827430725098,0.5188266447559002,0.5802057976648214,0.5305026185512538,0.679152250289917,1.1923625469207764,0.679152250289917,1.1923625469207764,1.1748228073120117,1.7450613975524902,0.6936562061309814,0.5046026706695557,0.6936562061309814,0.5046026706695557,0.9396636486053467,0.8440952301025391
1392,799,1.3133788108825684,1.8295732736587524,0.29087051020314303,0.6330429752854008,0.5758397191328308,0.7685588598251343,1.072786569595337,0.7685588598251343,1.072786569595337,1.368205189704895,1.6988245248794556,0.7786200046539307,0.3197743892669678,0.7786200046539307,0.3197743892669678,1.0771899223327637,0.6995431184768677
1393,799,3.199932336807251,1.4761227369308472,0.3379988097647826,0.29054830043266233,0.6198160502935448,0.7689646482467651,1.4735292196273804,0.7689646482467651,1.4735292196273804,0.8682113885879517,1.4735292196273804,0.7689646482467651,0.4541628360748291,0.7689646482467651,0.4541628360748291,0.9528319239616394,0.6356327533721924
1394,799,2.7943599224090576,1.6835190057754517,0.7495104886094732,0.28990480191695156,0.22190010986911757,0.8021031022071838,0.8021031022071838,0.8021031022071838,0.8021031022071838,0.6051723957061768,1.2002025842666626,0.8021031022071838,0.34767961502075195,0.8021031022071838,0.34767961502075195,1.0011528730392456,0.5192582011222839
1395,799,3.5291717052459717,2.1957547664642334,0.6233557927484309,0.9154340944314998,0.28902574787537283,1.0492749214172363,1.7449579238891602,1.0492749214172363,1.7449579238891602,1.637128233909607,1.7449579238891602,1.0492749214172363,0.36687350273132324,1.0492749214172363,0.36687350273132324,1.3971164226531982,0.7223918437957764
1396,799,1.9016927480697632,2.714223623275757,0.806838638881842,0.6758395297328632,0.809166559005777,0.8069984912872314,2.673182249069214,0.8069984912872314,2.673182249069214,1.7673060894012451,2.673182249069214,0.8845798969268799,0.7610771656036377,0.8845798969268799,0.7610771656036377,1.3710708618164062,1.2189052104949951
1397,799,3.30304217338562,2.5776610374450684,0.40757478410998993,1.0392967784280578,0.7194316322977345,1.2324837446212769,1.7329778671264648,1.2324837446212769,1.7329778671264648,1.8244388103485107,2.5001769065856934,1.2324837446212769,0.4312419891357422,1.2324837446212769,0.4312419891357422,1.6020545959472656,0.9397946000099182
1398,799,2.377734899520874,2.410104513168335,0.716742269601673,0.38918879238422965,0.9318407666450366,1.043455958366394,2.344777822494507,1.043455958366394,2.344777822494507,1.8174474239349365,2.344777822494507,1.043455958366394,0.5007065534591675,1.043455958366394,0.5007065534591675,1.4574952125549316,0.8980493545532227
1399,799,2.2791078090667725,2.341667652130127,0.5392410548776385,0.928451580144465,0.41234592746943255,1.1339551210403442,1.7118349075317383,1.1339551210403442,1.7118349075317383,1.4909627437591553,1.7118349075317383,1.1339551210403442,0.5758126974105835,1.1339551210403442,0.5758126974105835,1.4228949546813965,0.9039421677589417
1400,799,3.7041335105895996,2.658583402633667,0.5175171220799291,0.6909838646401965,0.9932562112559867,1.1341562271118164,2.5367140769958496,1.1341562271118164,2.5367140769958496,1.6370344161987305,2.5367140769958496,1.1341562271118164,0.4964172840118408,1.1341562271118164,0.4964172840118408,1.5097122192382812,0.9464510679244995
1401,799,0.855450451374054,2.5315308570861816,0.8628206570322313,0.6085171994815268,0.6294618131468696,0.8063572645187378,0.8063572645187378,0.8063572645187378,0.8063572645187378,1.265777349472046,2.4691693782806396,0.8063572645187378,0.7377489805221558,0.8063572645187378,0.7377489805221558,1.2752292156219482,1.1092615127563477
1402,799,1.9252718687057495,2.1371915340423584,0.17695957085738612,1.0529104142139354,0.5229178836817541,1.2205994129180908,1.4265108108520508,1.2205994129180908,1.4265108108520508,1.477839469909668,2.010989189147949,1.2205994129180908,0.20876038074493408,1.2205994129180908,0.20876038074493408,1.5096869468688965,0.5744904279708862
1403,799,3.0294814109802246,1.8699992895126343,0.3991371983910599,0.1529825344557565,1.0309127778063218,1.156635046005249,1.839002251625061,1.156635046005249,1.839002251625061,1.194461703300476,1.839002251625061,1.156635046005249,0.26605021953582764,1.156635046005249,0.26605021953582764,1.3974332809448242,0.4975213408470154
1404,799,1.4667781591415405,1.6315542459487915,0.7504717005665104,0.41212365672613216,0.10292732272917982,0.7782894968986511,0.7782894968986511,0.7782894968986511,0.7782894968986511,1.0446234941482544,1.3361494541168213,0.7782894968986511,0.23842740058898926,0.7782894968986511,0.23842740058898926,1.0572195053100586,0.4989534318447113
1405,799,1.3905147314071655,1.8502837419509888,0.3195954086010655,0.7996295048048102,0.3928714467709262,0.9105336666107178,1.2247508764266968,0.9105336666107178,1.2247508764266968,1.1254487037658691,1.6861095428466797,0.9105336666107178,0.32212698459625244,0.9105336666107178,0.32212698459625244,1.1318328380584717,0.6171462535858154
1406,799,1.3009389638900757,1.7898367643356323,0.32852684546262045,0.3900173887610434,0.9265142000839113,1.0386919975280762,1.7791637182235718,1.0386919975280762,1.7791637182235718,1.0105921030044556,1.7791637182235718,1.0386919975280762,0.33447861671447754,1.0386919975280762,0.33447861671447754,1.2204174995422363,0.5869606733322144
1407,799,1.791500449180603,1.264026165008545,0.2530306391542154,0.2994780070831378,0.3435526777928076,0.42780542373657227,1.0988026857376099,0.42780542373657227,1.0988026857376099,0.7648372054100037,1.0988026857376099,0.42780542373657227,0.29879534244537354,0.42780542373657227,0.29879534244537354,0.6046017408370972,0.5007886290550232
1408,799,2.175781726837158,1.1685874462127686,0.4289600462342304,0.22612959275642996,0.23253643928716583,0.4514535665512085,0.4514535665512085,0.4514535665512085,0.4514535665512085,0.7223561406135559,1.113580346107483,0.4514535665512085,0.3783887028694153,0.4514535665512085,0.3783887028694153,0.6312311291694641,0.5339962244033813
1409,799,1.5614458322525024,1.368645429611206,0.5121685456546641,0.44590718532602025,0.2132544073524575,0.5111740231513977,0.5111740231513977,0.5111740231513977,0.5111740231513977,0.9049618244171143,0.9984964728355408,0.5111740231513977,0.33881676197052,0.5111740231513977,0.33881676197052,0.7548352479934692,0.573049783706665
1410,799,2.042463541030884,1.8530622720718384,0.34766968385626895,0.6567788449799017,0.5439375386138758,0.726486325263977,1.1085575819015503,0.726486325263977,1.1085575819015503,1.1671236753463745,1.7132673263549805,0.726486325263977,0.36094367504119873,0.726486325263977,0.36094367504119873,0.9984609484672546,0.6967150568962097
1411,799,0.8771171569824219,1.600132703781128,0.4479607990632455,0.30714482734600734,0.5608519566307462,0.6657061576843262,1.5250941514968872,0.6657061576843262,1.5250941514968872,1.129899501800537,1.5250941514968872,0.6657061576843262,0.48109591007232666,0.6657061576843262,0.48109591007232666,0.9136967658996582,0.7227805852890015
1412,799,0.39330893754959106,1.314205527305603,0.1850256737197441,0.5154963134850064,0.31061155157784615,0.6108794212341309,0.840245246887207,0.6108794212341309,0.840245246887207,0.9270292520523071,1.2855263948440552,0.6108794212341309,0.22867369651794434,0.6108794212341309,0.22867369651794434,0.8277460336685181,0.46616727113723755
1413,799,-0.021260548382997513,0.9885476231575012,0.022702529480059797,0.12733012712250136,0.44596138081202913,0.5560981035232544,0.8547148704528809,0.5560981035232544,0.8547148704528809,0.48491090536117554,0.8547148704528809,0.5560981035232544,0.10894358158111572,0.5560981035232544,0.10894358158111572,0.6550523638725281,0.23157137632369995
1414,799,0.3846920132637024,0.41513708233833313,0.06600311006729816,0.054716223826010976,0.11828875017041973,0.24038055539131165,0.3372895419597626,0.24038055539131165,0.3372895419597626,0.002689659595489502,0.3372895419597626,0.24038055539131165,0.10811218619346619,0.24038055539131165,0.10811218619346619,0.23759496212005615,0.10539396107196808
1415,799,2.2437305450439453,0.32123827934265137,0.0033944643288850718,0.11175438676029445,0.0640379360690713,0.11270374059677124,0.0935477763414383,0.11270374059677124,0.0935477763414383,0.014469265937805176,0.19051414728164673,0.005298137664794922,0.09888564050197601,0.005298137664794922,0.09888564050197601,0.047546982765197754,0.14733484387397766
1416,799,2.264439344406128,0.8403380513191223,0.5471222563584643,0.05599854114154962,0.14243675592044977,0.648771345615387,0.648771345615387,0.648771345615387,0.648771345615387,0.15233737230300903,0.750194787979126,0.648771345615387,0.10057491064071655,0.648771345615387,0.10057491064071655,0.6459622383117676,0.0980539619922638
1417,799,3.459174633026123,1.5230792760849,0.5513848012282203,0.5289594134284803,0.07490401740496333,0.6305605173110962,0.6305605173110962,0.6305605173110962,0.6305605173110962,1.2851121425628662,1.2901301383972168,0.6305605173110962,0.11211574077606201,0.6305605173110962,0.11211574077606201,0.9603453278541565,0.44347620010375977
1418,799,3.063154697418213,2.277313232421875,0.7956021316349512,0.5376720475032923,0.4897334015741941,0.8282320499420166,0.8282320499420166,0.8282320499420166,0.8282320499420166,1.204763412475586,1.5614895820617676,0.8282320499420166,0.646898627281189,0.8282320499420166,0.646898627281189,1.194860816001892,0.9436752200126648
1419,799,3.5300259590148926,2.5804646015167236,0.7352461698030432,0.934418134776255,0.5058093996842699,1.0161880254745483,1.803107500076294,1.0161880254745483,1.803107500076294,1.7014058828353882,1.803107500076294,1.0161880254745483,0.5777883529663086,1.0161880254745483,0.5777883529663086,1.4096477031707764,0.9846225380897522
1420,799,4.762775897979736,2.977773904800415,0.7678531191249685,0.8846083754425251,0.9393905945991474,0.9496786594390869,2.848625659942627,0.9496786594390869,2.848625659942627,1.789499044418335,2.848625659942627,0.9633691310882568,0.5985455513000488,0.9633691310882568,0.5985455513000488,1.4339196681976318,1.16862154006958
1421,799,2.608166456222534,2.943000078201294,1.0288575485348705,0.9052487586438654,0.7306801319122314,0.8543899059295654,0.8543899059295654,0.8543899059295654,0.8543899059295654,1.6010279655456543,1.9996623992919922,0.8543899059295654,0.6918833255767822,0.8543899059295654,0.6918833255767822,1.4270261526107788,1.1747748851776123
1422,799,4.612782955169678,3.027600049972534,0.6564537462095417,1.217208761523168,0.8419171310464539,1.2573572397232056,1.9225819110870361,1.2573572397232056,1.9225819110870361,1.940992832183838,2.929205894470215,1.2573572397232056,0.5609056949615479,1.2573572397232056,0.5609056949615479,1.7278153896331787,1.0786409378051758
1423,799,4.598289489746094,3.229297399520874,0.9745274506881834,0.6514115758985279,1.2191122345998884,1.1749348640441895,3.141951560974121,1.1749348640441895,3.141951560974121,2.3734230995178223,3.141951560974121,1.1749348640441895,0.5865232944488525,1.1749348640441895,0.5865232944488525,1.7968733310699463,1.1056010723114014
1424,799,3.7339279651641846,3.2609195709228516,0.943090304657817,1.2645791849493981,0.6336701075732702,1.2470626831054688,2.3549516201019287,1.2470626831054688,2.3549516201019287,2.3510873317718506,2.3549516201019287,1.2470626831054688,0.5918152332305908,1.2470626831054688,0.5918152332305908,1.8010071516036987,1.1160931587219238
1425,799,4.380762100219727,3.512474298477173,0.7506793181660276,1.2395208846653505,1.1925810724558925,1.1852984428405762,2.0375990867614746,1.1852984428405762,2.0375990867614746,2.4733572006225586,3.4620566368103027,1.18937087059021,0.5254273414611816,1.18937087059021,0.5254273414611816,1.8326433897018433,1.2927532196044922
1426,799,4.190744400024414,3.5709924697875977,0.9972354260304321,0.9988290886053188,1.1642468125683572,1.1776745319366455,3.4777581691741943,1.1776745319366455,3.4777581691741943,2.0768160820007324,3.4777581691741943,1.1776745319366455,0.8762407302856445,1.1776745319366455,0.8762407302856445,1.7328457832336426,1.5055553913116455
1427,799,5.32611608505249,3.4691972732543945,0.9715757384647923,1.2044770067681876,0.9707403341432412,1.2924909591674805,2.4489264488220215,1.2924909591674805,2.4489264488220215,2.392841339111328,2.4489264488220215,1.2924909591674805,0.9977016448974609,1.2924909591674805,0.9977016448974609,1.870708703994751,1.601090908050537
1428,799,5.522115230560303,4.03654670715332,1.1932334836075702,1.092082187483709,1.16139777402083,0.8902225494384766,0.8902225494384766,0.8902225494384766,0.8902225494384766,2.188643217086792,3.837484359741211,0.8902225494384766,0.9153363704681396,0.8902225494384766,0.9153363704681396,1.669847011566162,1.594887375831604
1429,799,3.4340906143188477,4.066097736358643,1.2155674736574285,1.442249407432973,1.0397155084460983,1.2570035457611084,2.719252109527588,1.2570035457611084,2.719252109527588,2.651366710662842,2.719252109527588,1.3078818321228027,0.882793664932251,1.3078818321228027,0.882793664932251,2.0135669708251953,1.5910449028015137
1430,799,5.23238468170166,4.380881309509277,0.7843755040441946,1.5456383082208538,1.5385653201428555,1.4266018867492676,2.4990978240966797,1.4266018867492676,2.4990978240966797,3.1840176582336426,4.220537185668945,1.4266018867492676,0.5723042488098145,1.4266018867492676,0.5723042488098145,2.3284854888916016,1.5431551933288574
1431,799,2.9018232822418213,3.64127254486084,1.0562414282187826,0.8419338115677237,1.3734388976916665,1.3623733520507812,3.5149247646331787,1.3623733520507812,3.5149247646331787,2.5640745162963867,3.5149247646331787,1.3623733520507812,0.927131175994873,1.3623733520507812,0.927131175994873,1.9992878437042236,1.4652976989746094
1432,799,3.8746988773345947,3.6502726078033447,0.663319560612242,1.5897470838824908,0.9194438292334475,1.5717148780822754,2.375843048095703,1.5717148780822754,2.375843048095703,2.204298496246338,3.5388407707214355,1.5717148780822754,0.573549747467041,1.5717148780822754,0.573549747467041,2.1163668632507324,1.1618860960006714
1433,799,4.054872035980225,3.6070315837860107,0.9068302096302308,0.7860811987022567,1.557006083788971,1.742217779159546,3.540224313735962,1.742217779159546,3.540224313735962,2.4292151927948,3.540224313735962,1.742217779159546,1.094994306564331,1.742217779159546,1.094994306564331,2.2667012214660645,1.597480297088623
1434,799,5.828502655029297,3.551643133163452,1.0994517700653523,1.2281470468174667,0.7702084446325896,1.3453664779663086,2.6005897521972656,1.3453664779663086,2.6005897521972656,2.5470962524414062,2.6005897521972656,1.3938825130462646,0.9328560829162598,1.3938825130462646,0.9328560829162598,1.9972361326217651,1.5839605331420898
1435,799,4.555905342102051,3.978288412094116,1.4029164532199507,1.04169584903866,0.9599501846730707,0.9832439422607422,0.9832439422607422,0.9832439422607422,0.9832439422607422,1.7882671356201172,2.409165620803833,0.9832439422607422,0.6760754585266113,0.9832439422607422,0.6760754585266113,1.6962047815322876,1.2879810333251953
1436,799,4.661974906921387,4.101836204528809,1.1035345424960061,1.6016632302353773,1.0266376599917812,1.562504529953003,2.848936080932617,1.562504529953003,2.848936080932617,2.489630699157715,2.848936080932617,1.562504529953003,0.9307529926300049,1.562504529953003,0.9307529926300049,2.2057204246520996,1.5778988599777222
1437,799,4.00520658493042,4.41021203994751,1.1743710181862124,1.2283404070883985,1.4891756869852544,1.2052159309387207,4.219966411590576,1.2052159309387207,4.219966411590576,2.4479360580444336,4.219966411590576,1.2052159309387207,0.8740730285644531,1.2052159309387207,0.8740730285644531,1.9888436794281006,1.6217759847640991
1438,799,4.620450973510742,4.274247646331787,0.9688047252843779,1.5650065985570354,1.3615426852802432,1.6116218566894531,2.7105331420898438,1.6116218566894531,2.7105331420898438,2.9922103881835938,4.281770706176758,1.6116218566894531,0.7342982292175293,1.6116218566894531,0.7342982292175293,2.309683322906494,1.6817600727081299
1439,799,5.2106242179870605,3.933751344680786,1.132500086665774,1.1267445708966504,1.2097641547179476,1.228175163269043,3.7657933235168457,1.228175163269043,3.7657933235168457,2.6093106269836426,3.7657933235168457,1.228175163269043,1.2455005645751953,1.228175163269043,1.2455005645751953,1.9250010251998901,1.8933601379394531
1440,799,5.516193389892578,3.9972524642944336,1.3459342125058185,1.2735107577592126,1.0279301939159629,1.3142776489257812,1.3142776489257812,1.3142776489257812,1.3142776489257812,2.6675217151641846,2.8302001953125,1.3142776489257812,1.1472492218017578,1.3142776489257812,1.1472492218017578,2.0722389221191406,1.7975000143051147
1441,799,3.8059725761413574,4.633742809295654,1.3037921272963293,1.5815065310150378,1.1923518563807018,1.4406609535217285,3.0157761573791504,1.4406609535217285,3.0157761573791504,2.8933866024017334,3.0157761573791504,1.5518443584442139,1.0919649600982666,1.5518443584442139,1.0919649600982666,2.2838101387023926,1.8921552896499634
1442,799,4.424546241760254,4.226669788360596,0.9092799519188706,1.646842079795897,1.3293412289954718,1.7575554847717285,2.7633414268493652,1.7575554847717285,2.7633414268493652,3.06121826171875,4.122286319732666,1.7575554847717285,0.7980103492736816,1.7575554847717285,0.7980103492736816,2.432623863220215,1.6559481620788574
1443,799,4.779470920562744,4.367898464202881,1.1538820516566437,1.1777583245436345,1.6975871929029624,1.5864851474761963,4.432350158691406,1.5864851474761963,4.432350158691406,2.413121223449707,4.432350158691406,1.5864851474761963,0.8487093448638916,1.5864851474761963,0.8487093448638916,2.2423195838928223,1.6526094675064087
1444,799,3.078557252883911,3.915339231491089,1.167677445958058,1.3076840343574685,1.0038829769069952,1.3650116920471191,2.705659866333008,1.3650116920471191,2.705659866333008,2.5941078662872314,2.705659866333008,1.4642086029052734,1.1074676513671875,1.4642086029052734,1.1074676513671875,2.0849342346191406,1.7994349002838135
1445,799,4.32767915725708,3.875102996826172,0.7244013827418287,1.513855075289806,1.241685931024452,1.7800915241241455,2.5676827430725098,1.7800915241241455,2.5676827430725098,2.950455904006958,3.79313588142395,1.7800915241241455,0.7229609489440918,1.7800915241241455,0.7229609489440918,2.38649845123291,1.5424871444702148
1446,799,4.165566921234131,3.9482991695404053,1.0902469266516466,0.889810377055158,1.3885823946384095,1.5978384017944336,3.813286542892456,1.5978384017944336,3.813286542892456,2.790670394897461,3.813286542892456,1.5978384017944336,1.1188416481018066,1.5978384017944336,1.1188416481018066,2.2716758251190186,1.7572271823883057
1447,799,4.2705464363098145,3.4309799671173096,1.1254037802107626,1.2741564444638787,0.6464595132693658,1.619159460067749,2.6624269485473633,1.619159460067749,2.6624269485473633,2.625654697418213,2.6624269485473633,1.619159460067749,0.8748078346252441,1.619159460067749,0.8748078346252441,2.1407933235168457,1.5132445096969604
1448,799,4.583813190460205,4.325399875640869,1.2100115840137011,1.3251631397008896,1.2852532843500373,1.2265081405639648,2.7462809085845947,1.2265081405639648,2.7462809085845947,2.7902822494506836,4.236335754394531,1.285761833190918,1.0585768222808838,1.285761833190918,1.0585768222808838,2.0569305419921875,1.941156029701233
1449,799,2.607759952545166,4.009766101837158,1.1478776916364835,1.2725259526694814,1.1561343849326167,1.3918883800506592,2.7922768592834473,1.3918883800506592,2.7922768592834473,2.487548828125,3.858241319656372,1.499272346496582,1.0327966213226318,1.499272346496582,1.0327966213226318,2.054252862930298,1.8672027587890625
1450,799,2.6327314376831055,3.360551118850708,0.579713345294198,1.362982172345121,1.0712304555376373,1.6073235273361206,2.256283760070801,1.6073235273361206,2.256283760070801,2.587296485900879,3.2786865234375,1.6073235273361206,0.6464529037475586,1.6073235273361206,0.6464529037475586,2.119419813156128,1.3313708305358887
1451,799,2.766576051712036,2.9582104682922363,0.6408792545894781,0.7060402640948693,1.2346961269030967,1.4666948318481445,2.872495651245117,1.4666948318481445,2.872495651245117,1.6800113916397095,2.872495651245117,1.4666948318481445,0.7362773418426514,1.4666948318481445,0.7362773418426514,1.8272900581359863,1.2221505641937256
1452,799,2.711705446243286,2.5569353103637695,0.7279075973480936,0.7012107318546625,0.6314171199873093,0.8606717586517334,0.8606717586517334,0.8606717586517334,0.8606717586517334,1.7032935619354248,1.7364716529846191,0.8606717586517334,0.8500653505325317,0.8606717586517334,0.8500653505325317,1.2985717058181763,1.2332093715667725
1453,799,2.6577816009521484,2.5997238159179688,0.691107050788899,0.6915385216598706,0.7338819204022491,0.9910526275634766,2.5101876258850098,0.9910526275634766,2.5101876258850098,1.7084271907806396,2.5101876258850098,1.0286202430725098,0.8864738941192627,1.0286202430725098,0.8864738941192627,1.3848512172698975,1.3305249214172363
1454,799,2.018566131591797,2.7490665912628174,0.7640098763691884,0.7723994679811097,0.7125090218770009,1.0305094718933105,1.8615453243255615,1.0305094718933105,1.8615453243255615,1.8139708042144775,1.8615453243255615,1.0460063219070435,0.9635061025619507,1.0460063219070435,0.9635061025619507,1.4537758827209473,1.4087417125701904
1455,799,3.1072452068328857,1.9872519969940186,0.39737593814730654,0.6333961305767299,0.63777432359755,0.8414342403411865,1.9880919456481934,0.8414342403411865,1.9880919456481934,1.463679552078247,1.9880919456481934,0.8414342403411865,0.4838978052139282,0.8414342403411865,0.4838978052139282,1.1566014289855957,0.8894798755645752
1456,799,5.51746129989624,2.7715704441070557,0.937610879506295,0.5144576587186505,0.7788754878969243,1.1110212802886963,1.1110212802886963,1.1110212802886963,1.1110212802886963,1.914548397064209,2.5794618129730225,1.1110212802886963,0.7747708559036255,1.1110212802886963,0.7747708559036255,1.5741790533065796,1.186808466911316
1457,799,1.9148741960525513,3.0751235485076904,1.4404429385686912,0.8837163283924254,0.3844548752034713,1.4640522003173828,1.4640522003173828,1.4640522003173828,1.4640522003173828,1.7379004955291748,2.502377986907959,1.4640522003173828,0.5255293846130371,1.4640522003173828,0.5255293846130371,1.983215093612671,0.9940975308418274
1458,799,4.228397846221924,3.783769130706787,0.4887269435077899,1.862303576469421,0.9006375715881596,2.124439239501953,2.621957778930664,2.124439239501953,2.621957778930664,2.401965618133545,3.6082475185394287,2.124439239501953,0.5037930011749268,2.124439239501953,0.5037930011749268,2.596048355102539,1.1094112396240234
1459,799,2.7066690921783447,3.64849591255188,1.0308342119213196,0.5274405667465181,1.6498901063390077,1.9308260679244995,3.590580463409424,1.9308260679244995,3.590580463409424,2.7739148139953613,3.590580463409424,1.9308260679244995,0.7832815647125244,1.9308260679244995,0.7832815647125244,2.5222132205963135,1.3816534280776978
1460,799,3.7573401927948,3.1451168060302734,0.7578580813171969,1.3777273029709853,0.4235507727476451,1.81644868850708,2.5578906536102295,1.81644868850708,2.5578906536102295,2.1615381240844727,2.5578906536102295,1.81644868850708,0.6885862350463867,1.81644868850708,0.6885862350463867,2.1871695518493652,1.1781129837036133
1461,799,4.384033679962158,3.4392075538635254,0.9474719496940569,0.7510031920050584,1.1768039281417928,1.4986321926116943,3.328066349029541,1.4986321926116943,3.328066349029541,2.465289831161499,3.328066349029541,1.4986321926116943,1.0400993824005127,1.4986321926116943,1.0400993824005127,2.0460667610168457,1.56333589553833
1462,799,3.7636237144470215,3.3293910026550293,1.1984935367231562,1.0500012146805717,0.6162495671709394,1.281118631362915,1.281118631362915,1.281118631362915,1.281118631362915,2.332679510116577,2.499752998352051,1.281118631362915,0.8329484462738037,1.281118631362915,0.8329484462738037,1.890435814857483,1.4168362617492676
1463,799,4.527007579803467,3.8614487648010254,0.94840886120374,1.4350317004757627,1.0709039306516446,1.5984773635864258,2.659076452255249,1.5984773635864258,2.659076452255249,2.613187074661255,3.8231513500213623,1.5984773635864258,0.883319616317749,1.5984773635864258,0.883319616317749,2.1690871715545654,1.6465598344802856
1464,799,3.377476453781128,3.7178266048431396,1.0223998434965806,1.0895306727414331,1.2089895148699483,1.2506554126739502,3.638157606124878,1.2506554126739502,3.638157606124878,2.2413783073425293,3.638157606124878,1.2772130966186523,0.8697412014007568,1.2772130966186523,0.8697412014007568,1.8354358673095703,1.6162301301956177
1465,799,3.1203086376190186,3.9948151111602783,0.8857594531401993,1.3830605180934077,1.1456223498284812,1.5563900470733643,2.5787570476531982,1.5563900470733643,2.5787570476531982,2.7055234909057617,3.8780875205993652,1.5563900470733643,0.8700933456420898,1.5563900470733643,0.8700933456420898,2.2253055572509766,1.6416587829589844
1466,799,2.4011740684509277,3.4992763996124268,0.7481254400809614,1.021188269381721,1.2658724350233874,1.4990451335906982,3.434906482696533,1.4990451335906982,3.434906482696533,2.3140852451324463,3.434906482696533,1.4990451335906982,0.7886002063751221,1.4990451335906982,0.7886002063751221,2.0484519004821777,1.4464393854141235
1467,799,4.121842861175537,3.0387165546417236,0.5634563450825714,0.8944268414874874,0.9965213169840471,1.2712913751602173,2.8878469467163086,1.2712913751602173,2.8878469467163086,2.177180051803589,2.8878469467163086,1.2712913751602173,0.6628186702728271,1.2712913751602173,0.6628186702728271,1.7491538524627686,1.2364332675933838
1468,799,2.194572925567627,2.572709083557129,0.9791357483466467,0.5028249028076726,0.6327827127774559,1.0521507263183594,1.0521507263183594,1.0521507263183594,1.0521507263183594,1.7032113075256348,2.444446563720703,1.0521507263183594,0.8281046152114868,1.0521507263183594,0.8281046152114868,1.4770863056182861,1.118176817893982
1469,799,3.518603563308716,3.193985939025879,0.5948239161819222,1.4408542144857348,0.5781430904008444,1.780369758605957,2.3558692932128906,1.780369758605957,2.3558692932128906,1.853531837463379,2.3558692932128906,1.780369758605957,0.8546524047851562,1.780369758605957,0.8546524047851562,2.068119525909424,1.2305138111114502
1470,799,3.454958915710449,3.488414764404297,0.9302045977860682,0.608575862795115,1.3851846580207345,1.6733758449554443,3.369671583175659,1.6733758449554443,3.369671583175659,2.61221981048584,3.369671583175659,1.6733758449554443,0.8742032051086426,1.6733758449554443,0.8742032051086426,2.2265162467956543,1.4294030666351318
1471,799,1.0594083070755005,2.713810443878174,0.8206685025369128,0.9905264844497048,0.43983574350674903,1.262345552444458,2.0511927604675293,1.262345552444458,2.0511927604675293,2.0382678508758545,2.0511927604675293,1.262345552444458,0.6517364978790283,1.262345552444458,0.6517364978790283,1.6567691564559937,1.1273486614227295
1472,799,1.3759818077087402,2.744434356689453,0.21179330423474285,1.0376204493641854,1.044532088339329,1.3904427289962769,2.6510069370269775,1.3904427289962769,2.6510069370269775,2.3720543384552,2.6510069370269775,1.3904427289962769,0.3168830871582031,1.3904427289962769,0.3168830871582031,1.8881473541259766,0.9819425940513611
1473,799,2.516050338745117,1.8557507991790771,0.27625333195862645,0.1764795484238617,0.9687168979862084,1.1621458530426025,1.7996572256088257,1.1621458530426025,1.7996572256088257,0.9647403359413147,1.7996572256088257,1.1621458530426025,0.38974297046661377,1.1621458530426025,0.38974297046661377,1.3494477272033691,0.581714928150177
1474,799,1.3525899648666382,1.4448260068893433,0.6171492585291464,0.2005130810042226,0.12809304994841397,0.7233983278274536,0.7233983278274536,0.7233983278274536,0.7233983278274536,0.7924603223800659,1.0829083919525146,0.7233983278274536,0.2799553871154785,0.7233983278274536,0.2799553871154785,0.9031533598899841,0.450458288192749
1475,799,0.909193217754364,1.6928844451904297,0.2898965235302847,0.5840084899465243,0.21687294619778774,0.782457709312439,1.1363258361816406,0.782457709312439,1.1363258361816406,0.8345775604248047,1.1363258361816406,0.782457709312439,0.43532466888427734,0.782457709312439,0.43532466888427734,0.9593917727470398,0.627617597579956
1476,799,1.0242340564727783,1.4568004608154297,0.15394682690501227,0.25524584800004957,0.5911778138577937,0.7873155474662781,1.3640503883361816,0.7873155474662781,1.3640503883361816,0.8398304581642151,1.3640503883361816,0.7873155474662781,0.23716866970062256,0.7873155474662781,0.23716866970062256,0.9546401500701904,0.43543267250061035
1477,799,2.634723663330078,0.8576335310935974,0.17626596021155513,0.0846459343160193,0.20441529861340918,0.3043934106826782,0.7538421154022217,0.3043934106826782,0.7538421154022217,0.47151172161102295,0.7538421154022217,0.3043934106826782,0.22623729705810547,0.3043934106826782,0.22623729705810547,0.42682084441185,0.3436456322669983
1478,799,2.1329305171966553,1.2818435430526733,0.6843265952852866,0.10566172589858347,0.06506167131786555,0.6870241761207581,0.6870241761207581,0.6870241761207581,0.6870241761207581,0.5171500444412231,0.9394603371620178,0.6870241761207581,0.20166325569152832,0.6870241761207581,0.20166325569152832,0.8132422566413879,0.3233611285686493
1479,799,1.4668538570404053,1.8361735343933105,0.5512952473883824,0.7104857976113756,0.12483224739631038,0.8715459108352661,1.4228636026382446,0.8715459108352661,1.4228636026382446,1.2968649864196777,1.4228636026382446,0.8715459108352661,0.2984813451766968,0.8715459108352661,0.2984813451766968,1.1472047567367554,0.6126219630241394
1480,799,2.864443302154541,1.7052732706069946,0.3187444403519233,0.4586875816186269,0.6173088316371043,0.7391360998153687,1.6072256565093994,0.7391360998153687,1.6072256565093994,1.11568021774292,1.6072256565093994,0.7391360998153687,0.4015723466873169,0.7391360998153687,0.4015723466873169,0.979180097579956,0.6844645142555237
1481,799,2.621119737625122,2.015813112258911,0.7698904677666725,0.3123456125333903,0.48383334720507265,0.8522462844848633,0.8522462844848633,0.8522462844848633,0.8522462844848633,1.348135232925415,1.9141298532485962,0.8522462844848633,0.5286169052124023,0.8522462844848633,0.5286169052124023,1.194218397140503,0.8207893371582031
1482,799,1.2026349306106567,2.3030481338500977,0.6573457128802939,0.8505726751374706,0.2670262638541552,1.117677092552185,1.796440839767456,1.117677092552185,1.796440839767456,1.7376508712768555,1.796440839767456,1.117677092552185,0.4540790319442749,1.117677092552185,0.4540790319442749,1.4570589065551758,0.8866221308708191
1483,799,2.709740400314331,2.196362257003784,0.21464851514746752,0.6623652797689039,0.766221916427215,1.0483647584915161,2.0832650661468506,1.0483647584915161,2.0832650661468506,1.7145991325378418,2.0832650661468506,1.0483647584915161,0.3917880058288574,1.0483647584915161,0.3917880058288574,1.4079630374908447,0.871570348739624
1484,799,1.6847805976867676,2.0408732891082764,0.6413112884511551,0.14669612472256022,0.5834632068624097,0.7979247570037842,0.7979247570037842,0.7979247570037842,0.7979247570037842,1.5903820991516113,1.8988155126571655,0.7979247570037842,0.38043880462646484,0.7979247570037842,0.38043880462646484,1.2047971487045288,0.727925717830658
1485,799,1.2020107507705688,1.8655904531478882,0.3374305328354237,0.6721413254924122,0.12044838706031435,0.914885938167572,1.3744895458221436,0.914885938167572,1.3744895458221436,1.0974621772766113,1.3744895458221436,0.914885938167572,0.3572796583175659,0.914885938167572,0.3572796583175659,1.1446877717971802,0.6132750511169434
1486,799,1.5433241128921509,1.64239501953125,0.16001981023699086,0.2716874999180434,0.5806167230755089,0.825350284576416,1.5545353889465332,0.825350284576416,1.5545353889465332,1.001351237297058,1.5545353889465332,0.825350284576416,0.33530664443969727,0.825350284576416,0.33530664443969727,1.027111291885376,0.5957221388816833
1487,799,3.0249905586242676,1.146997332572937,0.22465090359250722,0.0940976510445275,0.2038331986467044,0.3701159954071045,0.40571582317352295,0.3701159954071045,0.40571582317352295,0.7621763944625854,1.0515766143798828,0.40571582317352295,0.2971612215042114,0.40571582317352295,0.2971612215042114,0.6012912392616272,0.4703076183795929
1488,799,2.8321471214294434,1.5653482675552368,0.6612076687191919,0.13774297618617648,0.07205462974806642,0.7825571894645691,0.7825571894645691,0.7825571894645691,0.7825571894645691,0.7996978759765625,1.1493600606918335,0.7825571894645691,0.2519322633743286,0.7825571894645691,0.2519322633743286,0.9659585952758789,0.41707080602645874
1489,799,2.8403055667877197,2.4513251781463623,0.7100041054251293,0.7339693598604452,0.17643642177494834,1.0962059497833252,1.9257502555847168,1.0962059497833252,1.9257502555847168,1.874755859375,1.9257502555847168,1.0962059497833252,0.5511428117752075,1.0962059497833252,0.5511428117752075,1.510978102684021,1.0212535858154297
1490,799,2.6990628242492676,2.6765506267547607,0.696775695880254,0.7326123933245741,0.6707044479002555,1.0339388847351074,1.8597564697265625,1.0339388847351074,1.8597564697265625,1.7645493745803833,1.8597564697265625,1.095786213874817,0.9750983715057373,1.095786213874817,0.9750983715057373,1.477771282196045,1.4071366786956787
1491,799,3.3321259021759033,2.704678535461426,0.6075184040764967,0.77150305206577,0.6868302025894322,1.161543607711792,1.8343875408172607,1.161543607711792,1.8343875408172607,1.8738832473754883,2.591256618499756,1.161543607711792,0.7825596332550049,1.161543607711792,0.7825596332550049,1.5184637308120728,1.2946001291275024
1492,799,2.3904764652252197,2.6466197967529297,0.812971804117163,0.6139650396754348,0.6350841343899564,1.0292105674743652,1.0292105674743652,1.0292105674743652,1.0292105674743652,1.8005801439285278,2.568661689758301,1.0292105674743652,0.9153975248336792,1.0292105674743652,0.9153975248336792,1.471461534500122,1.2837011814117432
1493,799,2.7792446613311768,2.759060859680176,0.5799365762993696,0.9114919430389996,0.6446012879163027,1.2767349481582642,1.9647107124328613,1.2767349481582642,1.9647107124328613,1.8700616359710693,2.6885077953338623,1.2767349481582642,0.751352071762085,1.2767349481582642,0.751352071762085,1.6351089477539062,1.249816656112671
1494,799,1.9623123407363892,2.777958631515503,0.6677187455569704,0.5917605678488811,0.8145105199639995,1.150356650352478,2.644521951675415,1.150356650352478,2.644521951675415,1.859651803970337,2.644521951675415,1.150356650352478,0.9502660036087036,1.150356650352478,0.9502660036087036,1.5896129608154297,1.3726062774658203
1495,799,1.4136672019958496,2.3028624057769775,0.3952918036219977,0.7099986914855738,0.5349925368775921,0.9818729162216187,1.4671580791473389,0.9818729162216187,1.4671580791473389,1.549999713897705,2.1762585639953613,0.9818729162216187,0.5291038751602173,0.9818729162216187,0.5291038751602173,1.309525728225708,0.9292559027671814
1496,799,1.8281766176223755,1.8277959823608398,0.23181548304855815,0.39073451181873675,0.6228670105151835,0.8921202421188354,1.7295101881027222,0.8921202421188354,1.7295101881027222,1.2011165618896484,1.7295101881027222,0.8921202421188354,0.3729802370071411,0.8921202421188354,0.3729802370071411,1.1335370540618896,0.6956167221069336
1497,799,1.3121832609176636,1.3555210828781128,0.3375489952415228,0.20652131784707295,0.32221444193273774,0.45287907123565674,0.4871309995651245,0.45287907123565674,0.4871309995651245,0.934567928314209,1.30391263961792,0.4871309995651245,0.4061319828033447,0.4871309995651245,0.4061319828033447,0.7277312278747559,0.6123412847518921
1498,799,2.9322187900543213,1.3507786989212036,0.1805109023302791,0.29706355407834073,0.1773927565664053,0.5418527126312256,0.8945159912109375,0.5418527126312256,0.8945159912109375,0.7584089636802673,0.8945159912109375,0.5418527126312256,0.37487220764160156,0.5418527126312256,0.37487220764160156,0.7181843519210815,0.56941157579422
1499,799,1.7481638193130493,1.756640076637268,0.6565284650462367,0.11913152447591213,0.27946035363401,0.7969353795051575,0.7969353795051575,0.7969353795051575,0.7969353795051575,1.0308036804199219,1.6595070362091064,0.7969353795051575,0.3807861804962158,0.7969353795051575,0.3807861804962158,1.05814528465271,0.5998114347457886
