end_index,window_len,y_true,y_hat,shap_lag_t-1,shap_lag_t-2,shap_lag_t-3,faithfulness_prtb_p90,faithfulness_sqnc_p90,faithfulness_prtb_p70,faithfulness_sqnc_p70,faithfulness_prtb_p50,faithfulness_sqnc_p50,ablation_mif_p90,ablation_lif_p90,ablation_mif_p70,ablation_lif_p70,ablation_mif_p50,ablation_lif_p50
161,141,0.6595585942268372,2.0036518573760986,0.416409071212014,0.14581124102075915,0.07565856191019282,0.9712201356887817,0.9712201356887817,0.9712201356887817,0.9712201356887817,1.3609442710876465,1.5603325366973877,0.9712201356887817,0.20289134979248047,0.9712201356887817,0.20289134979248047,1.2657763957977295,0.49355554580688477
162,141,0.6924962997436523,1.9452766180038452,0.14225505689779927,0.350599658464392,0.12959990137567112,0.8393056392669678,1.1030950546264648,0.8393056392669678,1.1030950546264648,0.391751766204834,1.1030950546264648,0.8393056392669678,0.5275070667266846,0.8393056392669678,0.5275070667266846,0.9712003469467163,0.6572689414024353
163,141,0.6003372669219971,1.461185097694397,0.19351981242497784,0.19729370286067305,0.28206846723953904,0.6623531579971313,0.9984259605407715,0.6623531579971313,0.9984259605407715,0.2726520299911499,0.9984259605407715,0.6623531579971313,0.2335876226425171,0.6623531579971313,0.2335876226425171,0.7410724759101868,0.3424731492996216
164,141,1.6270983219146729,0.977129340171814,0.22772884044796232,0.19524233061820262,0.17943028755486018,0.1719985008239746,0.20254182815551758,0.1719985008239746,0.20254182815551758,0.3755016326904297,0.40338945388793945,0.20254182815551758,0.15900194644927979,0.20254182815551758,0.15900194644927979,0.3029656410217285,0.2567201256752014
165,141,1.534397840499878,1.2967034578323364,0.060136665826042324,0.11940020697812243,0.08775752904514468,0.0862041711807251,0.5904927849769592,0.0862041711807251,0.5904927849769592,0.12388002872467041,0.713185727596283,0.1335911750793457,0.4486628770828247,0.1335911750793457,0.4486628770828247,0.19508397579193115,0.5112674832344055
166,141,2.2220075130462646,1.4692994356155396,0.0629957065979642,0.06084703485170988,0.14093532082935198,0.0914466381072998,1.0066165924072266,0.0914466381072998,1.0066165924072266,0.31699323654174805,1.0066165924072266,0.1322495937347412,0.4242438077926636,0.1322495937347412,0.4242438077926636,0.3638792037963867,0.6551511287689209
167,141,1.855010986328125,1.6354320049285889,0.19166224634895684,0.03867914191136809,0.03227350956449901,0.5458756685256958,0.5458756685256958,0.5458756685256958,0.5458756685256958,0.6950357556343079,0.8303754329681396,0.5458756685256958,0.21120119094848633,0.5458756685256958,0.21120119094848633,0.6881255507469177,0.3553505539894104
168,141,2.4708237648010254,2.106992721557617,0.15302270856996322,0.2191733574618899,0.04837771063049651,0.6134815216064453,1.325589895248413,0.6134815216064453,1.325589895248413,1.1815860271453857,1.325589895248413,0.6134815216064453,0.32833147048950195,0.6134815216064453,0.32833147048950195,0.9695357084274292,0.668677806854248
169,141,2.962048053741455,2.1589272022247314,0.2317030576616525,0.12011225707828993,0.16653944149613376,0.5505143404006958,0.5505143404006958,0.5505143404006958,0.5505143404006958,1.0413599014282227,1.7251018285751343,0.5505143404006958,0.37405073642730713,0.5505143404006958,0.37405073642730713,0.8322646617889404,0.6562420725822449
170,141,2.7065722942352295,2.2762906551361084,0.34344432173917694,0.20262164278576755,0.08760850804547482,0.7145199775695801,0.7145199775695801,0.7145199775695801,0.7145199775695801,1.239152193069458,1.4242570400238037,0.7145199775695801,0.2720468044281006,0.7145199775695801,0.2720468044281006,1.069388508796692,0.5818650722503662
171,141,3.0883917808532715,2.0677285194396973,0.2647438548256953,0.23285887969036922,0.1370318913956481,0.44813108444213867,0.5176836252212524,0.44813108444213867,0.5176836252212524,1.1097843647003174,1.1986360549926758,0.5176836252212524,0.27748215198516846,0.5176836252212524,0.27748215198516846,0.8581598401069641,0.5942473411560059
172,141,2.3257155418395996,2.317171096801758,0.3065859977714718,0.21177051438018735,0.2171709267608815,0.525377631187439,0.525377631187439,0.525377631187439,0.525377631187439,1.073201298713684,1.875218152999878,0.525377631187439,0.372738242149353,0.525377631187439,0.372738242149353,0.8170249462127686,0.6932275891304016
173,141,2.6134045124053955,2.253929376602173,0.18815393449117745,0.2668223852043349,0.20726308823873582,0.442203164100647,1.0744373798370361,0.442203164100647,1.0744373798370361,0.9987338781356812,1.8558307886123657,0.442203164100647,0.4403977394104004,0.442203164100647,0.4403977394104004,0.7782952189445496,0.6998542547225952
174,141,4.706433296203613,2.307708501815796,0.258662210653225,0.1796240271131202,0.272432685593764,0.48693084716796875,1.914808988571167,0.48693084716796875,1.914808988571167,1.1019206047058105,1.914808988571167,0.48693084716796875,0.41786861419677734,0.48693084716796875,0.41786861419677734,0.8803013563156128,0.8102949261665344
175,141,3.476048231124878,2.3146424293518066,0.4726607247938711,0.19600832012792474,0.13406107890730112,0.7694242000579834,0.7694242000579834,0.7694242000579834,0.7694242000579834,0.86110520362854,1.4393413066864014,0.7694242000579834,0.28383898735046387,0.7694242000579834,0.28383898735046387,1.1043827533721924,0.5631252527236938
176,141,1.751081109046936,2.272125482559204,0.32273772180080407,0.2820994326472288,0.12986454799771296,0.25534749031066895,0.4913722276687622,0.25534749031066895,0.4913722276687622,0.8315994739532471,1.212156057357788,0.4913722276687622,0.19289374351501465,0.4913722276687622,0.19289374351501465,0.8517641425132751,0.5259240865707397
177,141,4.150974750518799,2.2091686725616455,0.08696340650320078,0.29702125534415225,0.33124612018465993,0.4627443552017212,1.9430490732192993,0.4627443552017212,1.9430490732192993,0.9755113124847412,1.9430490732192993,0.4627443552017212,0.32341206073760986,0.4627443552017212,0.32341206073760986,0.916104257106781,0.6271463632583618
178,141,1.9576045274734497,2.401437759399414,0.45389076682428564,0.08164824726680875,0.27028650882343463,0.7686880826950073,0.7686880826950073,0.7686880826950073,0.7686880826950073,1.33305025100708,2.0036330223083496,0.7686880826950073,0.2649540901184082,0.7686880826950073,0.2649540901184082,1.1368221044540405,0.5706909894943237
179,141,3.5961852073669434,2.2702884674072266,0.1405509477481247,0.39825712244957656,0.06886062659323222,0.7380111217498779,1.4599967002868652,0.7380111217498779,1.4599967002868652,0.6719701290130615,1.4599967002868652,0.7380111217498779,0.2257218360900879,0.7380111217498779,0.2257218360900879,1.0990039110183716,0.49400806427001953
180,141,3.522242546081543,2.6250228881835938,0.3424051401019093,0.10706156104803133,0.32164628922939303,0.4621267318725586,0.5945286750793457,0.4621267318725586,0.5945286750793457,1.2230374813079834,1.9612061977386475,0.5945286750793457,0.2733762264251709,0.5945286750793457,0.2733762264251709,0.9946925640106201,0.6399505138397217
181,141,1.5873830318450928,2.189666271209717,0.2630668186768884,0.23097763713449304,0.08580008555203666,0.4210383892059326,0.4376993179321289,0.4210383892059326,0.4376993179321289,1.1070791482925415,1.1339478492736816,0.4376993179321289,0.1918187141418457,0.4376993179321289,0.1918187141418457,0.7858235836029053,0.4936213493347168
182,141,3.22544527053833,2.3085014820098877,0.038884433334072654,0.29716272277136657,0.30282741961379833,0.4947558641433716,1.973933458328247,0.4947558641433716,1.973933458328247,1.427634358406067,1.973933458328247,0.4947558641433716,0.26563525199890137,0.4947558641433716,0.26563525199890137,0.9731878042221069,0.5914252996444702
183,141,3.7536938190460205,2.4055895805358887,0.3412674882759651,0.04394750212629628,0.2852953983594974,0.5954113006591797,0.6941721439361572,0.5954113006591797,0.6941721439361572,1.3838921785354614,1.9794023036956787,0.6941721439361572,0.28017711639404297,0.6941721439361572,0.28017711639404297,1.095094919204712,0.6421462297439575
184,141,2.136749029159546,2.1719276905059814,0.34113638738791136,0.23194335261980698,0.027163856799404362,0.6364296674728394,0.6364296674728394,0.6364296674728394,0.6364296674728394,1.2358509302139282,1.4172090291976929,0.6364296674728394,0.1767416000366211,0.6364296674728394,0.1767416000366211,1.0268193483352661,0.474099338054657
185,141,2.620943546295166,2.57700777053833,0.13432238665719842,0.3374225750317169,0.2606229549398027,0.6115349531173706,1.3057119846343994,0.6115349531173706,1.3057119846343994,1.3243392705917358,2.150968551635742,0.6115349531173706,0.4523615837097168,0.6115349531173706,0.4523615837097168,1.0447683334350586,0.7735627889633179
186,141,0.7579894661903381,2.4328970909118652,0.2157471493631602,0.12864210724830605,0.31097377799451353,0.6000344753265381,2.121346950531006,0.6000344753265381,2.121346950531006,0.9732421636581421,2.121346950531006,0.6000344753265381,0.3544309139251709,0.6000344753265381,0.3544309139251709,0.9927653670310974,0.7115013003349304
187,141,2.6376023292541504,2.0594117641448975,0.16078695873419468,0.249074010749658,0.12456618924935653,0.7840559482574463,1.0988507270812988,0.7840559482574463,1.0988507270812988,0.3956570625305176,1.0988507270812988,0.7840559482574463,0.5269169807434082,0.7840559482574463,0.5269169807434082,0.9414533376693726,0.6794654726982117
188,141,2.8486664295196533,2.075863838195801,0.2527391995489603,0.11643881961703317,0.186368670761585,0.6580227613449097,0.6580227613449097,0.6580227613449097,0.6580227613449097,1.3431729078292847,1.5643621683120728,0.6580227613449097,0.17567813396453857,0.6580227613449097,0.17567813396453857,1.0026459693908691,0.47670453786849976
189,141,0.8455414772033691,2.1726326942443848,0.2754796723028021,0.24024832730491974,0.1269007031867898,0.7223179340362549,0.7223179340362549,0.7223179340362549,0.7223179340362549,1.4587128162384033,1.53235924243927,0.7223179340362549,0.15707778930664062,0.7223179340362549,0.15707778930664062,1.1273386478424072,0.5053223967552185
190,141,2.8949363231658936,2.028555393218994,0.19209687426686317,0.28668932363390914,0.21725175857543944,0.8371481895446777,1.1261281967163086,0.8371481895446777,1.1261281967163086,1.3993546962738037,1.6667901277542114,0.8371481895446777,0.2681645154953003,0.8371481895446777,0.2681645154953003,1.1384575366973877,0.5923895239830017
191,141,2.94189715385437,2.1383180618286133,0.24899324582889681,0.07939518149942176,0.2505025718547404,0.6471582651138306,1.897976040840149,0.6471582651138306,1.897976040840149,1.5709567070007324,1.897976040840149,0.6617817878723145,0.18014729022979736,0.6617817878723145,0.18014729022979736,1.124964952468872,0.5533144474029541
192,141,1.8972010612487793,2.1370315551757812,0.27715745862573393,0.2455147239193325,0.0981079008057717,0.6940754652023315,0.6940754652023315,0.6940754652023315,0.6940754652023315,1.5453656911849976,1.5621769428253174,0.6940754652023315,0.16568851470947266,0.6940754652023315,0.16568851470947266,1.1281261444091797,0.5396559238433838
193,141,3.051476001739502,2.399782419204712,0.07992024853825613,0.2589909373223777,0.21762608706951136,0.5830960273742676,1.244231939315796,0.5830960273742676,1.244231939315796,1.393727421760559,2.0424697399139404,0.5830960273742676,0.3963193893432617,0.5830960273742676,0.3963193893432617,0.9940223097801208,0.7653667330741882
194,141,3.2093889713287354,2.391381025314331,0.29953125859300267,0.0884110308686894,0.21942912990848223,0.7053179740905762,0.7053179740905762,0.7053179740905762,0.7053179740905762,1.4581658840179443,2.158834218978882,0.7053179740905762,0.41003990173339844,0.7053179740905762,0.41003990173339844,1.0998990535736084,0.7685242891311646
195,141,4.388747215270996,2.3728623390197754,0.3063553239591422,0.2561131303198636,0.055265861824154494,0.6775418519973755,0.6775418519973755,0.6775418519973755,0.6775418519973755,1.5384780168533325,1.5991196632385254,0.6775418519973755,0.293743371963501,0.6775418519973755,0.293743371963501,1.1383306980133057,0.6738522052764893
196,141,2.6105194091796875,2.4134700298309326,0.40235114796397575,0.215307348951077,0.15756462904935042,0.7175158262252808,0.7175158262252808,0.7175158262252808,0.7175158262252808,1.1226768493652344,1.5773955583572388,0.7175158262252808,0.2936210632324219,0.7175158262252808,0.2936210632324219,1.1474556922912598,0.6329460144042969
197,141,0.9536300301551819,2.502030849456787,0.16813508157928836,0.30820099686582825,0.20651169707377753,0.46050453186035156,1.1948857307434082,0.46050453186035156,1.1948857307434082,0.9793155193328857,2.1992969512939453,0.46050453186035156,0.35320377349853516,0.46050453186035156,0.35320377349853516,0.9087759852409363,0.6224465370178223
198,141,1.681867241859436,2.0100812911987305,0.10584980460504706,0.1729950672139724,0.3170337567975123,0.6434364318847656,1.7303931713104248,0.6434364318847656,1.7303931713104248,0.8719189167022705,1.7303931713104248,0.6434364318847656,0.19029641151428223,0.6434364318847656,0.19029641151428223,1.056818962097168,0.46519267559051514
199,141,2.606633424758911,1.7562470436096191,0.03589383418361315,0.09178237279256206,0.15673368091384596,0.5488250255584717,1.3561515808105469,0.5488250255584717,1.3561515808105469,0.3434746265411377,1.3561515808105469,0.5488250255584717,0.4651377201080322,0.5488250255584717,0.4651377201080322,0.6962534785270691,0.6026395559310913
200,141,2.326451539993286,2.0793566703796387,0.27247807532548896,0.05760299950838044,0.1483985632657998,0.9644962549209595,0.9644962549209595,0.9644962549209595,0.9644962549209595,0.7354952096939087,1.844897985458374,0.9644962549209595,0.6610565185546875,0.9644962549209595,0.6610565185546875,1.1198480129241943,0.8000660538673401
201,141,2.1361303329467773,1.916129231452942,0.13986166642978742,0.17659045482054359,0.05166971448808938,0.5384902954101562,1.2473511695861816,0.5384902954101562,1.2473511695861816,1.1445330381393433,1.2473511695861816,0.5384902954101562,0.3319544792175293,0.5384902954101562,0.3319544792175293,0.892920732498169,0.6437134742736816
202,141,2.4075119495391846,2.178776502609253,0.13042567993203835,0.14243547896544162,0.15170976544419867,0.4266718626022339,1.773045539855957,0.4266718626022339,1.773045539855957,1.0268571376800537,1.773045539855957,0.4266718626022339,0.5019334554672241,0.4266718626022339,0.5019334554672241,0.767319917678833,0.8247902393341064
203,141,2.0451395511627197,1.9840176105499268,0.1439765139172478,0.11636331568161601,0.12429375978807589,0.44754743576049805,0.44754743576049805,0.44754743576049805,0.44754743576049805,0.9815253019332886,1.6907827854156494,0.44754743576049805,0.37798595428466797,0.44754743576049805,0.37798595428466797,0.727318525314331,0.6887505054473877
204,141,1.2458218336105347,2.1709601879119873,0.13355138286327306,0.17332843630885109,0.104807279271384,0.5740903615951538,1.2927303314208984,0.5740903615951538,1.2927303314208984,1.1524914503097534,1.2927303314208984,0.5740903615951538,0.4049646854400635,0.5740903615951538,0.4049646854400635,0.9334103465080261,0.7341442108154297
205,141,3.1724464893341064,2.15488600730896,0.09208431700865388,0.15302563448747014,0.18113085409005447,0.7052273750305176,1.847668170928955,0.7052273750305176,1.847668170928955,1.324722170829773,1.847668170928955,0.7052273750305176,0.4242274761199951,0.7052273750305176,0.4242274761199951,1.076945424079895,0.8135182857513428
206,141,0.6652406454086304,2.0700926780700684,0.27584133980174863,0.03858338030676056,0.1193825741608939,0.7307478189468384,0.7307478189468384,0.7307478189468384,0.7307478189468384,0.9915125370025635,1.8056955337524414,0.7307478189468384,0.3006781339645386,0.7307478189468384,0.3006781339645386,1.0526409149169922,0.5808852910995483
207,141,1.4939091205596924,1.8215429782867432,0.23448484791442759,0.2781091786362233,0.050386514812708394,0.8202290534973145,1.0714638233184814,0.8202290534973145,1.0714638233184814,0.2190871238708496,1.0714638233184814,0.8202290534973145,0.27693426609039307,0.8202290534973145,0.27693426609039307,0.945846438407898,0.39604610204696655
208,141,1.6141225099563599,1.6883546113967896,0.005138461341460426,0.18977518682678535,0.2084066350261368,0.6488665342330933,1.4018388986587524,0.6488665342330933,1.4018388986587524,0.10067152976989746,1.4018388986587524,0.6488665342330933,0.557310938835144,0.6488665342330933,0.557310938835144,0.773161768913269,0.6915266513824463
209,141,3.2802391052246094,1.5819876194000244,0.0020348433405162902,0.026677952185273135,0.16465800926089258,0.0556718111038208,1.0012028217315674,0.0556718111038208,1.0012028217315674,0.3160727024078369,1.0012028217315674,0.1328037977218628,0.5098211765289307,0.1328037977218628,0.5098211765289307,0.3324734568595886,0.7044686675071716
210,141,2.1502034664154053,2.0297203063964844,0.25346105546845726,0.033039636473791684,0.004075830813187298,0.6388165950775146,0.6388165950775146,0.6388165950775146,0.6388165950775146,0.6280726194381714,1.0726007223129272,0.6388165950775146,0.2702305316925049,0.6388165950775146,0.2702305316925049,0.855708658695221,0.46372663974761963
211,141,0.8289812207221985,1.9170048236846924,0.10029285175104913,0.22140072015424606,0.02764686365922281,0.577228307723999,1.2433698177337646,0.577228307723999,1.2433698177337646,0.845120906829834,1.2433698177337646,0.577228307723999,0.24854445457458496,0.577228307723999,0.24854445457458496,0.9102990627288818,0.5247069597244263
212,141,2.0616471767425537,2.0578601360321045,0.1936001210908095,0.1118656094868975,0.19952354704340305,0.543032169342041,1.5347952842712402,0.543032169342041,1.5347952842712402,0.08358621597290039,1.5347952842712402,0.543032169342041,0.510601282119751,0.543032169342041,0.510601282119751,0.7016279697418213,0.6738071441650391
213,141,-0.24983496963977814,2.0349843502044678,0.11443581680456774,0.213292159040769,0.10673119584719354,0.14299273490905762,1.0490118265151978,0.14299273490905762,1.0490118265151978,0.5249055624008179,1.0490118265151978,0.28174495697021484,0.6218713521957397,0.28174495697021484,0.6218713521957397,0.6653783917427063,0.9945369362831116
214,141,-0.0020362590439617634,1.020120620727539,0.6373864192763969,0.10789200415213873,0.21551872784892662,0.8643397092819214,0.10869503021240234,0.8643397092819214,0.10869503021240234,0.9542009830474854,0.808214008808136,0.10869503021240234,0.7055597305297852,0.10869503021240234,0.7055597305297852,0.12978273630142212,0.7908598184585571
215,141,0.9428449869155884,0.8188243508338928,0.5696611815690994,0.5748547270148994,0.0688597023487092,0.814754068851471,0.09745192527770996,0.814754068851471,0.09745192527770996,1.4065232276916504,0.09745192527770996,0.0966227650642395,0.4685360789299011,0.0966227650642395,0.4685360789299011,0.09703734517097473,0.46822410821914673
216,141,-0.49032941460609436,0.668712854385376,0.26555103989938866,0.5382146791617077,0.45527793037394704,0.2752997875213623,0.2858656942844391,0.2752997875213623,0.2858656942844391,0.6458065509796143,0.25613129138946533,0.0004954338073730469,0.28625252842903137,0.0004954338073730469,0.28625252842903137,0.01968914270401001,0.2713993489742279
217,141,-1.3317275047302246,0.34298133850097656,0.6704557758445542,0.22359139061222488,0.45643788660565987,0.6459360718727112,0.1484244465827942,0.6459360718727112,0.1484244465827942,0.9381371736526489,0.11026689410209656,0.1484244465827942,0.21976402401924133,0.1484244465827942,0.21976402401924133,0.14867326617240906,0.21961994469165802
218,141,-0.8053387403488159,0.14146354794502258,0.912480119975905,0.5300081357235709,0.1383374656240146,1.0316160917282104,0.28975579142570496,1.0316160917282104,0.28975579142570496,1.6274460554122925,0.42051032185554504,0.28975579142570496,0.08424817025661469,0.28975579142570496,0.08424817025661469,0.355133056640625,0.056945931166410446
219,141,-1.2073242664337158,-0.2132977992296219,0.7343052115539709,0.7669083193658541,0.36809999830710405,0.39816582202911377,0.4166044592857361,0.39816582202911377,0.4166044592857361,0.8014877438545227,0.4166044592857361,0.1907343566417694,0.031636402010917664,0.1907343566417694,0.031636402010917664,0.30366939306259155,0.11081430315971375
220,141,-1.0702823400497437,-0.3468719720840454,0.9026692580028124,0.6030886128467193,0.5080290063206729,0.31069350242614746,0.20528896152973175,0.31069350242614746,0.20528896152973175,0.46562373638153076,0.34167665243148804,0.20528896152973175,0.088900625705719,0.20528896152973175,0.088900625705719,0.2734827995300293,0.1492040753364563
221,141,-1.345091700553894,-0.42759597301483154,0.8354245587655654,0.7719425398421783,0.5247945343175284,0.20413987338542938,0.14776629209518433,0.20413987338542938,0.14776629209518433,0.511850893497467,0.3250230550765991,0.14776629209518433,0.03933018445968628,0.14776629209518433,0.03933018445968628,0.23639467358589172,0.109233058989048
222,141,-0.11950059235095978,-0.4711752235889435,0.8912368513892093,0.6314402180040878,0.4833800679321092,0.22215592861175537,0.16396555304527283,0.22215592861175537,0.16396555304527283,0.4069463610649109,0.3301776051521301,0.16396555304527283,0.05398094654083252,0.16396555304527283,0.05398094654083252,0.24707157909870148,0.12025046348571777
223,141,2.0228004455566406,-0.1437208652496338,0.5845359238982198,0.8499863946437838,0.462215985953808,0.43394044041633606,0.17806154489517212,0.43394044041633606,0.17806154489517212,0.474125474691391,0.17806154489517212,0.15133798122406006,0.05436244606971741,0.15133798122406006,0.05436244606971741,0.1646997630596161,0.06479677557945251
224,141,0.8996621370315552,0.46653375029563904,0.10584420086195045,0.4800714726901302,0.7516234822540229,1.2432929277420044,0.32886698842048645,1.2432929277420044,0.32886698842048645,1.715840220451355,0.32886698842048645,0.2571627199649811,0.5493289828300476,0.2571627199649811,0.5493289828300476,0.2772555351257324,0.539147675037384
225,141,0.40681129693984985,1.2851825952529907,0.177874159136166,0.1314851058522859,0.4982684621152778,0.7266403436660767,1.0900013446807861,0.7266403436660767,1.0900013446807861,0.8058334589004517,1.0900013446807861,0.04380011558532715,0.7615105509757996,0.04380011558532715,0.7615105509757996,0.22208765149116516,0.9361510276794434
226,141,0.6229023933410645,1.245635747909546,0.3013349864011008,0.15667822652806884,0.09022004897395774,0.4041839838027954,0.15776276588439941,0.4041839838027954,0.15776276588439941,0.4713420867919922,0.5114448666572571,0.15776276588439941,0.5891926288604736,0.15776276588439941,0.5891926288604736,0.33460381627082825,0.7280253171920776
227,141,3.1858038902282715,0.648239254951477,0.41188486973444627,0.4609556877116367,0.21999334598580966,0.03692519664764404,0.36104822158813477,0.03692519664764404,0.36104822158813477,0.10088330507278442,0.36104822158813477,0.15729334950447083,0.2112799882888794,0.15729334950447083,0.2112799882888794,0.2591707706451416,0.3086176812648773
228,141,1.3052037954330444,1.5451277494430542,0.404620189592242,0.24176685377955437,0.2962530175596472,1.0177768468856812,1.0177768468856812,1.0177768468856812,1.0177768468856812,0.14714860916137695,1.3358763456344604,1.0177768468856812,0.25037193298339844,1.0177768468856812,0.25037193298339844,1.0869200229644775,0.32963716983795166
229,141,2.779327154159546,1.7324429750442505,0.019121464851001663,0.3065411543970306,0.11423750231663435,0.7333940267562866,1.1856056451797485,0.7333940267562866,1.1856056451797485,0.2485102415084839,1.371553659439087,0.7333940267562866,0.3378201723098755,0.7333940267562866,0.3378201723098755,0.8312066793441772,0.41149282455444336
230,141,1.4622262716293335,2.3885467052459717,0.2909419630467889,0.01014854118227948,0.3678445112705231,0.8275150060653687,2.178309917449951,0.8275150060653687,2.178309917449951,1.6232595443725586,2.178309917449951,0.8275150060653687,0.34381866455078125,0.8275150060653687,0.34381866455078125,1.304112195968628,0.7834376692771912
231,141,2.714120864868164,2.12467885017395,0.03540525207916925,0.3383439564208188,0.04394055945177899,0.941630482673645,1.5196805000305176,0.941630482673645,1.5196805000305176,0.8745468854904175,1.935039758682251,0.941630482673645,0.4361315965652466,0.941630482673645,0.4361315965652466,1.1782782077789307,0.6683647632598877
232,141,3.3383166790008545,2.30387020111084,0.250396911452214,0.043261879483858956,0.21318058128158202,0.7061824798583984,0.7324700355529785,0.7061824798583984,0.7324700355529785,1.5114686489105225,2.0029914379119873,0.7324700355529785,0.3494741916656494,0.7324700355529785,0.3494741916656494,1.1345360279083252,0.7368887662887573
233,141,-0.08453048020601273,2.060626268386841,0.29738743306448057,0.1851628326003747,0.02556946409245353,0.6252317428588867,0.6252317428588867,0.6252317428588867,0.6252317428588867,1.1762365102767944,1.427432894706726,0.6252317428588867,0.20673632621765137,0.6252317428588867,0.20673632621765137,1.0263323783874512,0.5159754157066345
234,141,0.406210720539093,2.041870594024658,0.3559135306874913,0.3054128397752841,0.17651344326635243,0.5408222675323486,0.02122044563293457,0.5408222675323486,0.02122044563293457,0.08754920959472656,0.7713550329208374,0.02122044563293457,0.5551114082336426,0.02122044563293457,0.5551114082336426,0.396287739276886,1.0233368873596191
235,141,0.04723786562681198,1.2134734392166138,0.34225301665564345,0.3918981635322172,0.30125278348724005,0.6743466854095459,0.12320220470428467,0.6743466854095459,0.12320220470428467,1.0485576391220093,0.12320220470428467,0.031062722206115723,0.886304497718811,0.031062722206115723,0.886304497718811,0.0771324634552002,0.948998212814331
236,141,1.7384902238845825,0.6027653217315674,0.4793472258249918,0.37021078477303215,0.4478054455916086,0.1103748083114624,0.016278862953186035,0.1103748083114624,0.016278862953186035,0.292741060256958,0.12605702877044678,0.016278862953186035,0.1319560408592224,0.016278862953186035,0.1319560408592224,0.011869192123413086,0.12139615416526794
237,141,0.39123398065567017,1.1711772680282593,0.04957311178247137,0.34981630456944335,0.2726562316467364,0.47328615188598633,0.6052371859550476,0.47328615188598633,0.6052371859550476,0.6737427711486816,0.7212916016578674,0.016788721084594727,0.5880151987075806,0.016788721084594727,0.5880151987075806,0.07751667499542236,0.646686851978302
238,141,0.3226911723613739,1.2690284252166748,0.30824401589731365,0.06129482564826805,0.3211085216204329,0.4191974401473999,0.7699357867240906,0.4191974401473999,0.7699357867240906,0.6753417253494263,0.7699357867240906,0.014055013656616211,0.6151777505874634,0.014055013656616211,0.6151777505874634,0.08459854125976562,0.6852962374687195
239,141,-1.9193052053451538,1.2697348594665527,0.2983631950120129,0.22494970672453446,0.050266515196611516,0.3076777458190918,0.10809755325317383,0.3076777458190918,0.10809755325317383,0.5277528762817383,0.24611854553222656,0.10809755325317383,0.5649445652961731,0.10809755325317383,0.5649445652961731,0.1771080493927002,0.6349117755889893
240,141,0.1011362075805664,0.13675852119922638,1.0491377048318586,0.3428676253308852,0.2575289442514377,1.244749665260315,0.5289686322212219,1.244749665260315,0.5289686322212219,1.1664704084396362,0.43022096157073975,0.5289686322212219,0.06003548204898834,0.5289686322212219,0.06003548204898834,0.47959479689598083,0.08658703416585922
241,141,-0.9665737748146057,0.2372124195098877,0.45664032602061866,0.8860625497003396,0.2321063440417246,1.0446488857269287,0.3483157753944397,1.0446488857269287,0.3483157753944397,1.086755394935608,0.3483157753944397,0.3812822103500366,0.02743181586265564,0.3812822103500366,0.02743181586265564,0.36479899287223816,0.03874531388282776
242,141,0.8459644913673401,0.034128278493881226,0.8823990300546091,0.42113554308811807,0.6235632696996134,0.4941117465496063,0.17788010835647583,0.4941117465496063,0.17788010835647583,1.3191488981246948,0.35466286540031433,0.17788010835647583,0.011352986097335815,0.17788010835647583,0.011352986097335815,0.2791614830493927,0.06461352109909058
243,141,-0.37683263421058655,0.5150246620178223,0.19712726630270505,0.6862459703534843,0.29408611834049225,0.8340535163879395,0.0024080872535705566,0.8340535163879395,0.0024080872535705566,0.9882075786590576,0.01810041069984436,0.2752457857131958,0.23509162664413452,0.2752457857131958,0.23509162664413452,0.2637661099433899,0.24182145297527313
244,141,-1.6605294942855835,0.363508403301239,0.5638231950625783,0.1515511662513016,0.5115373889729378,0.551109254360199,0.1339206099510193,0.551109254360199,0.1339206099510193,1.1436185836791992,0.07403397560119629,0.1339206099510193,0.24181316792964935,0.1339206099510193,0.24181316792964935,0.24607664346694946,0.14840638637542725
245,142,0.015166323632001877,0.12774677574634552,0.8536884616439543,0.510206471246978,0.15687752706309133,1.1594127416610718,0.4498522877693176,1.1594127416610718,0.4498522877693176,1.6202422380447388,0.5856022238731384,0.4498522877693176,0.14286382496356964,0.4498522877693176,0.14286382496356964,0.517727255821228,0.10798048973083496
246,143,-0.9730220437049866,0.2075275033712387,0.5037563002016394,0.7648785078618675,0.37728253223001995,0.7734577059745789,0.304265558719635,0.7734577059745789,0.304265558719635,0.7676715850830078,0.304265558719635,0.30914485454559326,0.048320189118385315,0.30914485454559326,0.048320189118385315,0.30670520663261414,0.04629284143447876
247,144,-1.9908103942871094,-0.3389737606048584,0.7954023959611851,0.4385555211951335,0.8229191227381429,0.7534778714179993,0.5693500638008118,0.7534778714179993,0.5693500638008118,1.5677403211593628,0.5693500638008118,0.24984511733055115,0.002339959144592285,0.24984511733055115,0.002339959144592285,0.4123302698135376,0.1165088564157486
248,144,-0.9706844687461853,-0.297366201877594,1.1310978621865315,0.6773514338924237,0.3356878907761227,1.0628180503845215,0.3671952784061432,1.0628180503845215,0.3671952784061432,1.7464170455932617,0.6268419623374939,0.3671952784061432,0.0013686418533325195,0.3671952784061432,0.0013686418533325195,0.49701863527297974,0.06598985195159912
249,145,-2.019138813018799,-0.41579318046569824,0.7484079347364605,0.9160807855520399,0.4970120550785211,0.38623324036598206,0.3747987747192383,0.38623324036598206,0.3747987747192383,0.6914559602737427,0.3747987747192383,0.16482102870941162,0.05422869324684143,0.16482102870941162,0.05422869324684143,0.26980990171432495,0.1188298910856247
250,146,-0.9927696585655212,-0.2917647957801819,0.9604188460111622,0.5932326532155272,0.5766436413675546,0.34023362398147583,0.1177327036857605,0.34023362398147583,0.1177327036857605,0.50538170337677,0.22822526097297668,0.1177327036857605,0.04799777269363403,0.1177327036857605,0.04799777269363403,0.1729789823293686,0.08527402579784393
251,147,-1.5811212062835693,-0.5250617861747742,0.7680892832018437,0.8719289699010553,0.44504122249782085,0.3128741979598999,0.3168448209762573,0.3128741979598999,0.3168448209762573,0.6147988438606262,0.3168448209762573,0.1322208046913147,0.03318685293197632,0.1322208046913147,0.03318685293197632,0.224532812833786,0.08719755709171295
252,147,-1.5812160968780518,-0.4691534638404846,0.851491054411357,0.5989201633290697,0.6467153988157708,0.2235899269580841,0.0984545648097992,0.2235899269580841,0.0984545648097992,0.7981760501861572,0.5649911165237427,0.0984545648097992,0.0530361533164978,0.0984545648097992,0.0530361533164978,0.19492174685001373,0.1306382715702057
253,148,-2.8824803829193115,-0.3188113868236542,0.8005776411543286,0.6479237216214342,0.41279555181662286,0.22772029042243958,0.10726481676101685,0.22772029042243958,0.10726481676101685,0.6329810619354248,0.2913620173931122,0.10726481676101685,0.02897334098815918,0.10726481676101685,0.02897334098815918,0.19931341707706451,0.09330617636442184
254,149,-4.007695198059082,-0.5422418713569641,0.9605190195639928,0.6622469192122419,0.5226553681616983,0.23535025119781494,0.0001150369644165039,0.23535025119781494,0.0001150369644165039,0.4713614583015442,0.15067267417907715,0.0001150369644165039,0.032891273498535156,0.0001150369644165039,0.032891273498535156,0.07539385557174683,0.06154525279998779
255,150,-1.3453319072723389,-0.7065250873565674,1.083662380725145,0.9053778352588415,0.533773685321212,0.41299447417259216,0.1127021312713623,0.41299447417259216,0.1127021312713623,1.4882268905639648,0.17111003398895264,0.1127021312713623,0.04163479804992676,0.1127021312713623,0.04163479804992676,0.14190608263015747,0.0959281325340271
256,151,-2.2932002544403076,-1.1737884283065796,0.803749251117309,1.2110849499826633,0.7947543919955691,0.679558277130127,0.367143452167511,0.679558277130127,0.367143452167511,1.126153826713562,0.367143452167511,0.20923864841461182,0.17563104629516602,0.20923864841461182,0.17563104629516602,0.2881910502910614,0.216269850730896
257,151,-4.416494846343994,-1.6293962001800537,1.0585906537622214,0.8497151102125646,1.2856818404048678,1.0166661739349365,1.1671488285064697,1.0166661739349365,1.1671488285064697,2.2795586585998535,1.1671488285064697,0.3943065404891968,0.11653482913970947,0.3943065404891968,0.11653482913970947,0.519067645072937,0.1317819356918335
258,152,0.4149845242500305,-0.8656067252159119,1.0589842283229034,0.8357652983317774,0.5949419963608187,0.8949163556098938,0.045314908027648926,0.8949163556098938,0.045314908027648926,1.7607743740081787,0.21510541439056396,0.045314908027648926,0.07147979736328125,0.045314908027648926,0.07147979736328125,0.13021016120910645,0.13938432931900024
259,153,-1.8865736722946167,-1.407712459564209,0.38341830799976995,1.561427592585484,1.0220684912304088,2.338552236557007,0.391359806060791,2.338552236557007,0.391359806060791,3.727799415588379,1.0727828741073608,0.4589836001396179,0.03920459747314453,0.4589836001396179,0.03920459747314453,0.843773365020752,0.13954830169677734
260,154,0.0016340373549610376,-0.8392874002456665,0.9872376955548924,0.34886673106501487,0.9334266934419672,0.6607543230056763,0.01728665828704834,0.6607543230056763,0.01728665828704834,2.7494852542877197,0.4163542687892914,0.01728665828704834,0.03814840316772461,0.01728665828704834,0.03814840316772461,0.28934791684150696,0.12484997510910034
261,154,-0.8096271753311157,-0.6476969122886658,0.5919050128633776,1.2852889372656746,0.35281412898252396,1.7776687145233154,0.6598290801048279,1.7776687145233154,0.6598290801048279,1.9704673290252686,0.6598290801048279,0.6605448722839355,0.10453355312347412,0.6605448722839355,0.10453355312347412,0.6601870059967041,0.10471433401107788
262,155,-0.48989567160606384,-0.9687174558639526,0.7772318941106398,0.5419404049341878,1.1423187425856791,1.0542317628860474,0.4459460377693176,1.0542317628860474,0.4459460377693176,1.9105556011199951,0.4459460377693176,0.25711047649383545,0.00023567676544189453,0.25711047649383545,0.00023567676544189453,0.35185566544532776,0.04037940502166748
263,156,-2.506875514984131,-0.7724655866622925,0.734784412123263,0.9481277509219945,0.6245323617197573,0.5268883109092712,0.3226862847805023,0.5268883109092712,0.3226862847805023,0.9495249390602112,0.3226862847805023,0.19304275512695312,0.0003641843795776367,0.19304275512695312,0.0003641843795776367,0.2578645348548889,0.041931867599487305
264,157,0.8975174427032471,-1.2114677429199219,1.1776985063155494,0.6699674644445379,0.7102447994177539,0.9731796979904175,0.20081067085266113,0.9731796979904175,0.20081067085266113,1.5692733526229858,0.6607633829116821,0.20081067085266113,0.06999540328979492,0.20081067085266113,0.06999540328979492,0.3302556276321411,0.14093512296676636
265,158,0.48512324690818787,-0.4726810157299042,0.2173286674606303,1.1224917235334093,0.5108361374090117,1.7666774988174438,0.12283843755722046,1.7666774988174438,0.12283843755722046,2.3557424545288086,0.24450643360614777,0.38510674238204956,0.15004727244377136,0.38510674238204956,0.15004727244377136,0.46819937229156494,0.12886661291122437
266,158,-1.9081419706344604,-0.4977019131183624,0.31605651260043177,0.18733189845845732,1.1976862057011262,2.089911460876465,0.1081794798374176,2.089911460876465,0.1081794798374176,2.0673842430114746,0.1081794798374176,0.7652907371520996,0.23460546135902405,0.7652907371520996,0.23460546135902405,0.6543318033218384,0.2706945538520813
267,159,-0.538305401802063,-0.3045461177825928,1.2329882749790948,0.28320661156127813,0.16690149980286773,1.7955173254013062,0.5853464603424072,1.7955173254013062,0.5853464603424072,1.7574185132980347,0.33382803201675415,0.5853464603424072,0.23920845985412598,0.5853464603424072,0.23920845985412598,0.4595872461795807,0.28314951062202454
268,160,-1.0044934749603271,-0.9500406980514526,0.7200582730521756,1.3313010179189344,0.30778472136085266,1.8112003803253174,0.8072446584701538,1.8112003803253174,0.8072446584701538,2.6011760234832764,0.8072446584701538,0.5804158449172974,0.0988471508026123,0.5804158449172974,0.0988471508026123,0.6938302516937256,0.057167649269104004
269,161,-1.461766004562378,-1.2660727500915527,0.7971305561562378,0.8028872319062552,1.0935726938148338,0.7013729810714722,0.6083840131759644,0.7013729810714722,0.6083840131759644,0.966495156288147,0.6083840131759644,0.27858150005340576,0.02902054786682129,0.27858150005340576,0.02902054786682129,0.3462190628051758,0.07774031162261963
270,161,-2.393125534057617,-0.7803168892860413,0.7789866900568208,0.7500995780092974,0.6820259726357958,0.24745863676071167,0.07670432329177856,0.24745863676071167,0.07670432329177856,0.6539421081542969,0.23605549335479736,0.07670432329177856,0.03677767515182495,0.07670432329177856,0.03677767515182495,0.15637990832328796,0.08878281712532043
271,162,-1.9735491275787354,-1.4563488960266113,0.9949593627204496,0.8820424565424525,0.7584790516396367,0.5854783654212952,0.17311739921569824,0.5854783654212952,0.17311739921569824,1.2254606485366821,0.4706164002418518,0.17311739921569824,0.18398761749267578,0.17311739921569824,0.18398761749267578,0.321866899728775,0.30700409412384033
272,163,-0.47819432616233826,-1.1350317001342773,0.7556006539302569,0.9004205173129837,0.6871564818608262,0.27495282888412476,0.31177419424057007,0.27495282888412476,0.31177419424057007,0.7599152326583862,0.31177419424057007,0.167616605758667,0.10210716724395752,0.167616605758667,0.10210716724395752,0.23969539999961853,0.13991546630859375
273,164,-0.3289174735546112,-1.1328381299972534,0.5079183147971831,0.9002562558402616,0.7559835225467878,0.4231414794921875,0.19241124391555786,0.4231414794921875,0.19241124391555786,2.125624895095825,0.5357474088668823,0.14574569463729858,0.0233004093170166,0.14574569463729858,0.0233004093170166,0.28685662150382996,0.10809159278869629
274,164,-1.7058988809585571,-1.1599833965301514,0.6190436980128289,0.6497967932000754,1.0482419988140463,1.0254364013671875,0.6433274745941162,1.0254364013671875,0.6433274745941162,1.4709798097610474,0.6433274745941162,0.350095272064209,0.052407145500183105,0.350095272064209,0.052407145500183105,0.43416398763656616,0.09642946720123291
275,165,1.3391530513763428,-1.1168732643127441,1.0778152363188565,0.6118815134279432,0.6257053762674329,0.8045508861541748,0.25513172149658203,0.8045508861541748,0.25513172149658203,1.0997601747512817,0.5348072648048401,0.25513172149658203,0.04822993278503418,0.25513172149658203,0.04822993278503418,0.3275104761123657,0.09280022978782654
276,166,-0.5690165758132935,-0.5880095362663269,0.0515175449103118,1.1250411201268433,0.5067186380922795,2.1381776332855225,0.04849368333816528,2.1381776332855225,0.04849368333816528,2.697197198867798,0.15952861309051514,0.6001660823822021,0.35185348987579346,0.6001660823822021,0.35185348987579346,0.6812207698822021,0.3247997760772705
277,167,-0.06757200509309769,-0.7959423065185547,0.6945407257229088,0.01621962457895254,1.0994976364821194,2.049241065979004,0.23589926958084106,2.049241065979004,0.23589926958084106,2.912534236907959,0.23589926958084106,0.6505207419395447,0.3638017177581787,0.6505207419395447,0.3638017177581787,0.7868269681930542,0.31368088722229004
278,168,-0.9997915029525757,-0.16754338145256042,0.5581813209565977,0.8381225673730176,0.03642025254045911,1.5267788171768188,0.38290396332740784,1.5267788171768188,0.38290396332740784,2.1673738956451416,0.38290396332740784,0.3480418920516968,0.6018850803375244,0.3480418920516968,0.6018850803375244,0.3654729127883911,0.5928027033805847
279,168,-0.4005647301673889,-0.8789078593254089,0.8239827830096088,0.5558933041555187,0.7102314375278849,0.45026278495788574,0.15369874238967896,0.45026278495788574,0.15369874238967896,0.9443869590759277,0.32792359590530396,0.15369874238967896,0.009626805782318115,0.15369874238967896,0.009626805782318115,0.2290959358215332,0.05642271041870117
280,169,-0.9602932929992676,-0.9721250534057617,0.5960356973980865,0.9046578115907808,0.5773133291242025,0.7025215029716492,0.4019513726234436,0.7025215029716492,0.4019513726234436,1.042141318321228,0.4019513726234436,0.2797423005104065,0.01823604106903076,0.2797423005104065,0.01823604106903076,0.34084683656692505,0.05882415175437927
281,170,-0.9559122920036316,-1.0857887268066406,0.7298841740998128,0.6268124734020479,0.8094495907953633,0.33259159326553345,0.5280516147613525,0.33259159326553345,0.5280516147613525,0.8776794075965881,0.5280516147613525,0.164253830909729,0.06799125671386719,0.164253830909729,0.06799125671386719,0.2645390033721924,0.13896897435188293
282,171,-2.2540130615234375,-1.1479309797286987,0.7887797504911819,0.907815151984493,0.5692478388051194,0.3315948247909546,0.3673635721206665,0.3315948247909546,0.3673635721206665,0.8176824450492859,0.3673635721206665,0.1780557632446289,0.07504034042358398,0.1780557632446289,0.07504034042358398,0.2727096676826477,0.14482951164245605
283,171,-2.7395288944244385,-1.265997290611267,0.9965858798101545,0.6964671056717635,0.598410821147263,0.4813610911369324,0.09351658821105957,0.4813610911369324,0.09351658821105957,0.7958133220672607,0.29788392782211304,0.09351658821105957,0.08472096920013428,0.09351658821105957,0.08472096920013428,0.1957002580165863,0.13775932788848877
284,172,-2.3239893913269043,-1.3782289028167725,1.050390695637713,0.9344433269991228,0.5710156119211267,0.6231779456138611,0.1530228853225708,0.6231779456138611,0.1530228853225708,1.982673168182373,0.5003008246421814,0.1530228853225708,0.04662883281707764,0.1530228853225708,0.04662883281707764,0.3266618549823761,0.13993805646896362
285,173,-2.747764825820923,-1.5616415739059448,0.745003271053235,0.9410232819865146,0.819703938240806,0.2619445323944092,0.21430671215057373,0.2619445323944092,0.21430671215057373,0.5694646835327148,0.7706506252288818,0.20603418350219727,0.05712246894836426,0.20603418350219727,0.05712246894836426,0.33788979053497314,0.13010066747665405
286,174,-1.6794017553329468,-1.5962154865264893,0.915908709764481,0.8666140039637686,0.9010403124615548,0.1525132656097412,0.09903526306152344,0.1525132656097412,0.09903526306152344,0.6298542022705078,1.0319414138793945,0.09903526306152344,0.1659923791885376,0.09903526306152344,0.1659923791885376,0.2637074589729309,0.3139380216598511
287,175,-0.6925056576728821,-1.4847853183746338,0.7576929723781847,0.9482672829491394,0.8301853261639673,0.37906038761138916,0.2748605012893677,0.37906038761138916,0.2748605012893677,1.2632203102111816,0.9128791093826294,0.18327271938323975,0.011453032493591309,0.18327271938323975,0.011453032493591309,0.3395775258541107,0.1335453987121582
288,175,-1.768419861793518,-1.4962983131408691,0.5268892915981511,0.8541191365166256,1.0420331301509094,0.7517755627632141,0.7415664196014404,0.7517755627632141,0.7415664196014404,2.4241344928741455,0.7415664196014404,0.22378158569335938,0.0017919540405273438,0.22378158569335938,0.0017919540405273438,0.3950248956680298,0.10609900951385498
289,176,-0.6190868020057678,-1.2014837265014648,0.908609176973502,0.5843974530945224,0.6535907696435848,0.5716516971588135,0.2297900915145874,0.5716516971588135,0.2297900915145874,1.4875504970550537,0.836675763130188,0.2297900915145874,0.0955815315246582,0.2297900915145874,0.0955815315246582,0.3928346633911133,0.21812385320663452
290,177,-3.0761637687683105,-1.3893903493881226,0.6513015211746096,0.9985155833140016,0.5762663517892359,0.7260004281997681,0.4499475955963135,0.7260004281997681,0.4499475955963135,0.9855262041091919,0.4499475955963135,0.29250192642211914,0.11998200416564941,0.29250192642211914,0.11998200416564941,0.3712247610092163,0.1748945713043213
291,178,-2.2283976078033447,-1.3762964010238647,0.9062868740037086,0.53372083697468,0.7387556818872691,0.7890427708625793,0.06551527976989746,0.7890427708625793,0.06551527976989746,2.156559467315674,0.5394392013549805,0.06551527976989746,0.05418896675109863,0.06551527976989746,0.05418896675109863,0.2078016996383667,0.12110531330108643
292,178,-2.4808502197265625,-1.493312954902649,0.764899172807733,1.0632132323334615,0.420039447347323,0.9378924369812012,0.6398797631263733,0.9378924369812012,0.6398797631263733,2.703411102294922,0.6398797631263733,0.3216896057128906,0.05271267890930176,0.3216896057128906,0.05271267890930176,0.48078468441963196,0.1233527660369873
293,179,-1.2135003805160522,-1.6532649993896484,0.6486415858566765,0.7802906867116686,0.922660475000739,0.4389582872390747,0.897179126739502,0.4389582872390747,0.897179126739502,0.8348661661148071,0.897179126739502,0.2935289144515991,0.025323867797851562,0.2935289144515991,0.025323867797851562,0.4499058127403259,0.12159198522567749
294,180,-2.4876551628112793,-1.6074758768081665,0.6900469153250259,0.934272662835816,0.7285401251415411,0.5412325859069824,0.37381982803344727,0.5412325859069824,0.37381982803344727,1.7659069299697876,0.9315255880355835,0.24856650829315186,0.058968544006347656,0.24856650829315186,0.058968544006347656,0.4269459843635559,0.19068968296051025
295,181,-1.482552409172058,-1.4717075824737549,0.7831190784461797,0.6138712265901267,0.7013278797641395,0.2726086378097534,0.06224656105041504,0.2726086378097534,0.06224656105041504,1.0907062292099,0.5349175333976746,0.06224656105041504,0.06997036933898926,0.06224656105041504,0.06997036933898926,0.17233967781066895,0.15133804082870483
296,181,-1.5662930011749268,-1.6181282997131348,0.768954485959063,0.9892339122543733,0.6204603728341558,0.5484874248504639,0.5167794227600098,0.5484874248504639,0.5167794227600098,1.168896198272705,0.5167794227600098,0.25977373123168945,0.11107158660888672,0.25977373123168945,0.11107158660888672,0.3882765769958496,0.195462167263031
297,182,-2.028733253479004,-1.605926275253296,0.6580922683204213,0.697658359023432,0.6951363940785327,0.20351183414459229,0.33595895767211914,0.20351183414459229,0.33595895767211914,0.7406368255615234,0.7949517369270325,0.20351183414459229,0.06766188144683838,0.20351183414459229,0.06766188144683838,0.33821016550064087,0.22353625297546387
298,183,-2.0583202838897705,-1.5060844421386719,0.8759139560970168,0.7414148865702248,0.6349261074389025,0.22220396995544434,0.09581613540649414,0.22220396995544434,0.09581613540649414,0.5489304661750793,0.3553144931793213,0.09581613540649414,0.14118742942810059,0.09581613540649414,0.14118742942810059,0.22556531429290771,0.24641412496566772
299,184,-2.294682741165161,-1.5693800449371338,0.7206083880489067,0.7641909976055232,0.6620871377115445,0.25322747230529785,0.37891483306884766,0.25322747230529785,0.37891483306884766,0.6434845328330994,0.37891483306884766,0.18223023414611816,0.14541387557983398,0.18223023414611816,0.14541387557983398,0.2805725336074829,0.23794174194335938
300,185,-2.3114407062530518,-1.4243122339248657,0.7349189883656799,0.6990195497684182,0.5069681006669997,0.15472280979156494,0.1074439287185669,0.15472280979156494,0.1074439287185669,0.46247005462646484,0.39089035987854004,0.1074439287185669,0.09076559543609619,0.1074439287185669,0.09076559543609619,0.24916714429855347,0.18521076440811157
301,185,-3.1342639923095703,-1.5201215744018555,0.7853982457270225,0.7543926827361187,0.607397306462129,0.28126513957977295,0.2245333194732666,0.28126513957977295,0.2245333194732666,0.7357287406921387,0.5880897045135498,0.2245333194732666,0.18074607849121094,0.2245333194732666,0.18074607849121094,0.4063115119934082,0.35678768157958984
302,185,-1.5369162559509277,-1.6520745754241943,0.8292103790988526,0.6999655913499492,0.5930596966606876,0.1332799196243286,0.010940909385681152,0.1332799196243286,0.010940909385681152,0.5119291543960571,0.2871638536453247,0.010940909385681152,0.1172705888748169,0.010940909385681152,0.1172705888748169,0.14905238151550293,0.23541682958602905
303,186,-3.068168878555298,-1.6674833297729492,0.668771349216501,0.9128691945845879,0.6603195367629329,0.4538404941558838,0.26645171642303467,0.4538404941558838,0.26645171642303467,0.8173191547393799,0.26645171642303467,0.1600285768508911,0.11632764339447021,0.1600285768508911,0.11632764339447021,0.2132401466369629,0.16644501686096191
304,187,-1.9523063898086548,-1.4472204446792603,0.8085101230132082,0.5834380641455454,0.637311904399345,0.5568087100982666,0.11510038375854492,0.5568087100982666,0.11510038375854492,1.7045611143112183,0.9978888630867004,0.11510038375854492,0.17764604091644287,0.11510038375854492,0.17764604091644287,0.3119102120399475,0.3044337034225464
305,188,-2.2642922401428223,-1.6614810228347778,0.8021821132147066,0.9189990837903069,0.5033408592765534,0.6587104797363281,0.6107450723648071,0.6587104797363281,0.6107450723648071,1.488593578338623,0.6107450723648071,0.34824979305267334,0.11178970336914062,0.34824979305267334,0.11178970336914062,0.47949743270874023,0.19122755527496338
306,188,-1.862465500831604,-1.798103928565979,0.6561945767576494,0.7443107677685714,0.7885491320925458,0.3028223514556885,0.7506320476531982,0.3028223514556885,0.7506320476531982,0.7288364171981812,0.7506320476531982,0.1679304838180542,0.0775156021118164,0.1679304838180542,0.0775156021118164,0.2975802421569824,0.12861114740371704
307,189,-2.6675117015838623,-1.5238876342773438,0.7724985494464636,0.8150672876834869,0.6212522450834514,0.3594886064529419,0.6196733117103577,0.3594886064529419,0.6196733117103577,0.7418130040168762,0.6196733117103577,0.2927926778793335,0.14952170848846436,0.2927926778793335,0.14952170848846436,0.4562329947948456,0.29788243770599365
308,190,-0.5234499573707581,-1.757768988609314,0.8966609323956074,0.7894019820727404,0.7279380061849952,0.2987396717071533,0.13905847072601318,0.2987396717071533,0.13905847072601318,0.6393735408782959,0.4281601905822754,0.13905847072601318,0.17925786972045898,0.13905847072601318,0.17925786972045898,0.2836093306541443,0.2932203412055969
309,191,-1.2377724647521973,-1.4236193895339966,0.6053854635109506,0.9612843176474173,0.6056521246333916,1.151425838470459,0.5332819223403931,1.151425838470459,0.5332819223403931,2.473031997680664,1.0047681331634521,0.3836911916732788,0.09651625156402588,0.3836911916732788,0.09651625156402588,0.579879641532898,0.2130466103553772
310,192,-0.9661180973052979,-1.453020453453064,0.6346214792877433,0.5120954103395343,0.9289830074831844,1.1272608041763306,0.7519819736480713,1.1272608041763306,0.7519819736480713,2.097691535949707,0.7519819736480713,0.289975643157959,0.06648921966552734,0.289975643157959,0.06648921966552734,0.4231829047203064,0.13634604215621948
311,192,-0.1607285588979721,-1.208341121673584,0.6380774715666968,0.7476996239398915,0.5059878165026508,0.4460192918777466,0.47339195013046265,0.4460192918777466,0.47339195013046265,0.9498857259750366,0.47339195013046265,0.23608213663101196,0.0794975757598877,0.23608213663101196,0.0794975757598877,0.3547370433807373,0.17118826508522034
312,193,-0.25630468130111694,-1.3282408714294434,0.4537200461576383,0.7829278850803774,0.8059424240390459,0.7098811864852905,0.6925475001335144,0.7098811864852905,0.6925475001335144,1.9386873245239258,0.6925475001335144,0.24931764602661133,0.03418231010437012,0.24931764602661133,0.03418231010437012,0.435658723115921,0.14608222246170044
313,194,-1.661879062652588,-1.038609266281128,0.4962010238909471,0.5108726138652613,0.7552084551130731,0.6040241122245789,0.4050247073173523,0.6040241122245789,0.4050247073173523,0.7038266062736511,0.4050247073173523,0.24071788787841797,0.06882202625274658,0.24071788787841797,0.06882202625274658,0.272850900888443,0.09097176790237427
314,195,-1.996091604232788,-1.0409431457519531,0.9579869915048284,0.46497140439848095,0.426889746809999,1.2223505973815918,0.443345844745636,1.2223505973815918,0.443345844745636,1.4232354164123535,0.5624751448631287,0.443345844745636,0.04018831253051758,0.443345844745636,0.04018831253051758,0.5029104948043823,0.07684031128883362
315,195,-0.5739886164665222,-1.3786168098449707,0.8738511506592233,0.8547991345201933,0.372578362946709,0.8006400465965271,0.19050812721252441,0.8006400465965271,0.19050812721252441,2.3074450492858887,0.5979259610176086,0.19050812721252441,0.026738405227661133,0.19050812721252441,0.026738405227661133,0.39421704411506653,0.13224804401397705
316,196,-2.598355531692505,-1.3513330221176147,0.5186292728781701,0.783417961001396,0.606960248798132,0.6790984869003296,0.3854656219482422,0.6790984869003296,0.3854656219482422,1.737979531288147,0.7842535972595215,0.28655707836151123,0.06473946571350098,0.28655707836151123,0.06473946571350098,0.45843327045440674,0.19512122869491577
317,197,-1.464676856994629,-1.3997416496276855,0.9942508089045681,0.3915723869825405,0.5829692062611382,1.214573621749878,0.3597627878189087,1.214573621749878,0.3597627878189087,2.3755035400390625,1.029619812965393,0.3597627878189087,0.08339893817901611,0.3597627878189087,0.08339893817901611,0.5773573517799377,0.2029660940170288
318,198,-1.1133978366851807,-1.5158729553222656,0.7885980851513644,0.8867520427548639,0.4061022133224954,0.9839345812797546,0.6900116205215454,0.9839345812797546,0.6900116205215454,2.152099609375,0.6900116205215454,0.34142231941223145,0.06536865234375,0.34142231941223145,0.06536865234375,0.5157169699668884,0.18511193990707397
319,198,-1.8617998361587524,-1.4779384136199951,0.7577710378418365,0.7389164025957387,0.6702156083161632,0.13180971145629883,0.13180971145629883,0.13180971145629883,0.13180971145629883,0.47696471214294434,0.3820333480834961,0.13180971145629883,0.24247193336486816,0.13180971145629883,0.24247193336486816,0.25692152976989746,0.3893795907497406
320,198,-0.9441837668418884,-1.252426028251648,0.6977413641661404,0.6025214113295081,0.7229989040642975,0.14426350593566895,0.6561508178710938,0.14426350593566895,0.6561508178710938,0.6607136726379395,0.6561508178710938,0.10167467594146729,0.10842275619506836,0.10167467594146729,0.10842275619506836,0.21596360206604004,0.21221047639846802
321,198,0.3108886182308197,-1.4057203531265259,0.7124227188403407,0.8259390713709099,0.4727713516416645,0.5801602602005005,0.5262083411216736,0.5801602602005005,0.5262083411216736,0.9401340484619141,0.5262083411216736,0.2822309732437134,0.12681734561920166,0.2822309732437134,0.12681734561920166,0.4042196571826935,0.21975648403167725
322,198,-2.208275318145752,-1.0637867450714111,0.26390428002302846,0.6701807038423914,0.6919065522154173,1.1497470140457153,0.6508921384811401,1.1497470140457153,0.6508921384811401,2.416367530822754,0.6508921384811401,0.3948217034339905,0.09203433990478516,0.3948217034339905,0.09203433990478516,0.6013873815536499,0.11646640300750732
323,198,-0.727825403213501,-1.1276168823242188,0.8522326390833285,0.2321019058364131,0.7078882842433327,1.3565407991409302,0.29289358854293823,1.3565407991409302,0.29289358854293823,2.7984399795532227,0.566364586353302,0.29289358854293823,0.032404541969299316,0.29289358854293823,0.032404541969299316,0.5146294832229614,0.06849610805511475
324,198,-0.20710743963718414,-0.9557957649230957,0.5497069359322391,0.9311031048496563,0.18563118686278668,1.6240060329437256,0.7211669087409973,1.6240060329437256,0.7211669087409973,2.4985976219177246,0.7211669087409973,0.4704549312591553,0.04792511463165283,0.4704549312591553,0.04792511463165283,0.5958108901977539,0.07736659049987793
325,198,-0.2598836123943329,-1.2220832109451294,0.49439670392001656,0.6179928722480932,0.6131031803476317,0.2540895938873291,0.18484795093536377,0.2540895938873291,0.18484795093536377,1.3567172288894653,0.5497848391532898,0.13079214096069336,0.045113563537597656,0.13079214096069336,0.045113563537597656,0.2998310327529907,0.18538394570350647
326,198,0.9576171040534973,-1.021523118019104,0.3875372576961915,0.43477186522136135,0.5987652926767866,0.528525173664093,0.48122113943099976,0.528525173664093,0.48122113943099976,0.639110267162323,0.48122113943099976,0.27676743268966675,0.08371561765670776,0.27676743268966675,0.08371561765670776,0.32427796721458435,0.12387979030609131
327,198,0.537193238735199,-0.0331040620803833,0.1448942778011164,0.35627781453231977,0.4050987495730322,0.8076151609420776,0.20900332927703857,0.8076151609420776,0.20900332927703857,1.576844334602356,0.20900332927703857,0.11274978518486023,0.4393733739852905,0.11274978518486023,0.4393733739852905,0.18336713314056396,0.3786141872406006
328,198,0.8920860886573792,0.49102985858917236,0.06862189804514246,0.24169803654154132,0.26937520290414485,0.759002685546875,0.7497274279594421,0.759002685546875,0.7497274279594421,0.25961875915527344,0.7497274279594421,0.14406120777130127,0.3117193877696991,0.14406120777130127,0.3117193877696991,0.29373544454574585,0.5982489585876465
329,198,0.8479086756706238,1.312746524810791,0.29935374315828084,0.18016852084547308,0.2630443468689917,0.41281598806381226,0.4486912488937378,0.41281598806381226,0.4486912488937378,0.9108076095581055,1.2701143026351929,0.4486912488937378,0.27054643630981445,0.4486912488937378,0.27054643630981445,0.6987745761871338,0.5130910873413086
330,198,0.4060939848423004,1.1978622674942017,0.20676042656103782,0.19850521283845096,0.03127465392152451,0.4488492012023926,0.47492754459381104,0.4488492012023926,0.47492754459381104,1.0496034622192383,1.0736007690429688,0.47492754459381104,0.3534543514251709,0.47492754459381104,0.3534543514251709,0.7742641568183899,0.6435126066207886
331,198,0.7806110382080078,0.5090944170951843,0.013805477091421686,0.1177807167420784,0.08111748509729902,0.328402578830719,0.5309685468673706,0.328402578830719,0.5309685468673706,0.633948028087616,0.8300402164459229,0.34677112102508545,0.17966675758361816,0.34677112102508545,0.17966675758361816,0.4988403916358948,0.337374210357666
332,198,-0.574350893497467,0.8006932735443115,0.15374795031268168,0.05421556605491776,0.040685421954840234,0.4200708866119385,0.4607602655887604,0.4200708866119385,0.4607602655887604,0.3959183096885681,0.7280296683311462,0.4607602655887604,0.490706205368042,0.4607602655887604,0.490706205368042,0.5943949818611145,0.6085577011108398
333,198,-0.12359288334846497,-0.020081207156181335,0.5108133178825179,0.0312556832407912,0.1407924443731705,1.0415606498718262,0.30557703971862793,1.0415606498718262,0.30557703971862793,1.021720290184021,0.35601872205734253,0.30557703971862793,0.43164098262786865,0.30557703971862793,0.43164098262786865,0.185096874833107,0.512848973274231
334,198,-1.8920087814331055,-0.18294474482536316,0.3038237927109003,0.43710215656086804,0.0453231921233237,0.8301239013671875,0.3007134199142456,0.8301239013671875,0.3007134199142456,1.333472490310669,0.3007134199142456,0.2410241812467575,0.2286698818206787,0.2410241812467575,0.2286698818206787,0.27086880803108215,0.2028636485338211
335,198,0.1542186290025711,-1.222009539604187,0.8399552147711317,0.3136735343250132,0.5431159044119221,1.3961116075515747,0.4913768768310547,1.3961116075515747,0.4913768768310547,2.0593252182006836,0.8538975715637207,0.4913768768310547,0.029580116271972656,0.4913768768310547,0.029580116271972656,0.6364182233810425,0.11129045486450195
336,198,1.0893069505691528,-0.6185181140899658,0.2141375347226856,0.7770526517927647,0.16770934797823445,1.4324020147323608,0.4471292793750763,1.4324020147323608,0.4471292793750763,1.34241783618927,0.4471292793750763,0.5212980508804321,0.02023947238922119,0.5212980508804321,0.02023947238922119,0.484213650226593,0.02842533588409424
337,198,1.4739048480987549,-0.44981738924980164,0.07366308338940131,0.29136030443012706,0.6978950940072537,1.6745213270187378,0.11167898774147034,1.6745213270187378,0.11167898774147034,2.200955390930176,0.11167898774147034,0.44793498516082764,0.36319294571876526,0.44793498516082764,0.36319294571876526,0.4110240936279297,0.3786650002002716
338,198,-0.09485004842281342,0.8402277231216431,0.4374198042228816,0.1735702989995479,0.184752507098019,0.8878939747810364,0.8878939747810364,0.8878939747810364,0.8878939747810364,0.3742135763168335,1.458391547203064,0.8878939747810364,0.6604082584381104,0.8878939747810364,0.6604082584381104,0.9174960851669312,0.687587320804596
339,198,-0.833976686000824,0.7292890548706055,0.20267510836323105,0.3645553523550431,0.11623188468317197,0.6462268829345703,0.5949558019638062,0.6462268829345703,0.5949558019638062,0.23799848556518555,0.5949558019638062,0.6462268829345703,0.33000490069389343,0.6462268829345703,0.33000490069389343,0.6205913424491882,0.3032590448856354
340,198,-0.6509356498718262,-0.7569193840026855,0.817724821952482,0.42428754638259625,0.12220345061893267,2.00801682472229,0.39351895451545715,2.00801682472229,0.39351895451545715,3.081179141998291,0.4560961425304413,0.39351895451545715,0.31006669998168945,0.39351895451545715,0.31006669998168945,0.4248075485229492,0.29513484239578247
341,198,-0.14498861134052277,-0.915076494216919,0.5511036252106228,0.49490661333004626,0.22495525627086566,0.4971129894256592,0.24104976654052734,0.4971129894256592,0.24104976654052734,1.1357653141021729,0.5092761516571045,0.24104976654052734,0.017055630683898926,0.24104976654052734,0.017055630683898926,0.3751629590988159,0.1308056116104126
342,198,-0.49766263365745544,-0.9981886744499207,0.2809165146574377,0.4273321069590748,0.36198124339804044,0.41546201705932617,0.27290260791778564,0.41546201705932617,0.27290260791778564,0.8960565328598022,0.49249547719955444,0.2135975956916809,0.05401802062988281,0.2135975956916809,0.05401802062988281,0.32074859738349915,0.14897480607032776
343,198,-1.4521050453186035,-0.9793850779533386,0.4687078960767636,0.30686225567168257,0.37213561082414043,0.31223684549331665,0.1691356897354126,0.31223684549331665,0.1691356897354126,0.6425963640213013,0.3787820339202881,0.1691356897354126,0.04015922546386719,0.1691356897354126,0.04015922546386719,0.24572497606277466,0.11167123913764954
344,198,0.45281076431274414,-1.0387649536132812,0.6864823716382183,0.3418450168023508,0.16559916826585952,1.1992789506912231,0.5318479537963867,1.1992789506912231,0.5318479537963867,1.5875123739242554,0.7349907159805298,0.5318479537963867,0.03434765338897705,0.5318479537963867,0.03434765338897705,0.6334193348884583,0.1139984130859375
345,198,-0.7418785095214844,-0.6275479197502136,0.053799220873042786,0.5931507185986264,0.22510258765425528,1.3260576725006104,0.24989184737205505,1.3260576725006104,0.24989184737205505,1.76127290725708,0.38246405124664307,0.482546329498291,0.20361065864562988,0.482546329498291,0.20361065864562988,0.5511144399642944,0.15279391407966614
346,198,-1.1358364820480347,-0.7456578612327576,0.5134193725138902,0.0693711811304093,0.4741593139618635,0.9166759252548218,0.3001270294189453,0.9166759252548218,0.3001270294189453,2.08471417427063,0.44464075565338135,0.3001270294189453,0.11891019344329834,0.3001270294189453,0.11891019344329834,0.4648060202598572,0.12654349207878113
347,198,0.6548340320587158,-0.994579553604126,0.571631656723718,0.4060836799691121,0.060231278451780335,1.0861690044403076,0.34329748153686523,1.0861690044403076,0.34329748153686523,1.9738328456878662,0.5994139909744263,0.34329748153686523,0.08812212944030762,0.34329748153686523,0.08812212944030762,0.47135573625564575,0.08649849891662598
348,198,-0.7652027606964111,-0.4999372065067291,0.15275816499876482,0.48059994257365657,0.2196127248400202,1.1935718059539795,0.06641578674316406,1.1935718059539795,0.06641578674316406,1.7821528911590576,0.25454992055892944,0.424519807100296,0.32550302147865295,0.424519807100296,0.32550302147865295,0.5241036415100098,0.24523404240608215
349,198,-1.2349478006362915,-0.6924169063568115,0.5023144482572874,0.06588697173322244,0.4543485785213609,1.264995813369751,0.41463401913642883,1.264995813369751,0.41463401913642883,2.48079776763916,0.4445175528526306,0.41463401913642883,0.24012410640716553,0.41463401913642883,0.24012410640716553,0.6229889392852783,0.1317356526851654
350,198,-1.9515715837478638,-0.9448534250259399,0.6095550194444754,0.41786987556765487,0.00895213276768736,1.3684124946594238,0.421531081199646,1.3684124946594238,0.421531081199646,2.469834804534912,0.7599372267723083,0.421531081199646,0.1370471715927124,0.421531081199646,0.1370471715927124,0.5907341241836548,0.09709891676902771
351,198,-0.10910765826702118,-1.0746184587478638,0.6449301135291656,0.3629464511697492,0.18010603257765379,0.8325626254081726,0.4078599214553833,0.8325626254081726,0.4078599214553833,1.4265575408935547,0.740977942943573,0.4078599214553833,0.08980321884155273,0.4078599214553833,0.08980321884155273,0.5744189023971558,0.19879847764968872
352,198,-0.6311574578285217,-1.2921475172042847,0.23207402025038992,0.6813339824291568,0.39050760996217526,1.2242176532745361,0.48978590965270996,1.2242176532745361,0.48978590965270996,2.1537063121795654,0.8611346483230591,0.45063698291778564,0.02820909023284912,0.45063698291778564,0.02820909023284912,0.6330817341804504,0.14916938543319702
353,198,-0.6365402936935425,-1.158237099647522,0.42198125809431086,0.20531845759600398,0.5667632522806525,1.0759499073028564,0.7491617202758789,1.0759499073028564,0.7491617202758789,1.741135835647583,0.7491617202758789,0.4088403582572937,0.030677199363708496,0.4088403582572937,0.030677199363708496,0.5534881353378296,0.14273297786712646
354,198,-0.6995965838432312,-0.7349883913993835,0.3739288386081655,0.3915546072212359,0.1533304580238959,0.4887699484825134,0.5843945741653442,0.4887699484825134,0.5843945741653442,1.187596321105957,0.5843945741653442,0.24269452691078186,0.02633213996887207,0.24269452691078186,0.02633213996887207,0.41354453563690186,0.17565995454788208
355,198,-2.2440764904022217,-0.8259246945381165,0.38962838311369224,0.314097333426277,0.21413686149443167,0.29068493843078613,0.2612801194190979,0.29068493843078613,0.2612801194190979,0.49934303760528564,0.4651835262775421,0.2612801194190979,0.09376615285873413,0.2612801194190979,0.09376615285873413,0.3632318377494812,0.19005122780799866
356,198,-0.8113405108451843,-1.1046756505966187,0.5836852470102407,0.23577256134400776,0.20164494094128416,0.941871166229248,0.3849368095397949,0.941871166229248,0.3849368095397949,1.1871415376663208,0.5587635040283203,0.3849368095397949,0.08248162269592285,0.3849368095397949,0.08248162269592285,0.4718501567840576,0.13709774613380432
357,198,-0.5408110022544861,-1.1839667558670044,0.44846660132209437,0.6658723363901182,0.20014307542393595,0.9456498026847839,0.7258563041687012,0.9456498026847839,0.7258563041687012,1.4246203899383545,0.7258563041687012,0.40759843587875366,0.07242584228515625,0.40759843587875366,0.07242584228515625,0.5667273998260498,0.19746819138526917
358,198,-1.2354844808578491,-1.0920368432998657,0.3609369160359105,0.39123640169699975,0.4685449465488393,0.6921335458755493,0.7069610953330994,0.6921335458755493,0.7069610953330994,1.2755348682403564,0.7069610953330994,0.25938278436660767,0.12211376428604126,0.25938278436660767,0.12211376428604126,0.3772590756416321,0.2085876762866974
359,198,-0.034804392606019974,-1.5432074069976807,0.6501698870708544,0.36463723359008626,0.38338478629787776,0.776383638381958,0.42084288597106934,0.776383638381958,0.42084288597106934,1.29549241065979,1.0503329038619995,0.42084288597106934,0.1769108772277832,0.42084288597106934,0.1769108772277832,0.5830836296081543,0.3186218738555908
360,197,-1.062172770500183,-0.7864168286323547,0.11480171631400793,0.47128887788703056,0.15427622999375046,0.8949375748634338,0.421511709690094,0.8949375748634338,0.421511709690094,1.1755199432373047,0.5419082045555115,0.40529900789260864,0.01394742727279663,0.40529900789260864,0.01394742727279663,0.46513161063194275,0.06131693720817566
361,198,-2.3158178329467773,-1.0746853351593018,0.4869951504620258,0.16213495573610992,0.3504218272841536,0.702531099319458,0.27743667364120483,0.702531099319458,0.27743667364120483,1.4676413536071777,0.5409462451934814,0.27743667364120483,0.006074070930480957,0.27743667364120483,0.006074070930480957,0.40321585536003113,0.09909352660179138
362,197,0.30898675322532654,-1.281556248664856,0.5235617364570498,0.312555293831974,0.10443064043298389,1.1148312091827393,0.3246046304702759,1.1148312091827393,0.3246046304702759,1.9177746772766113,0.566218376159668,0.3246046304702759,0.004056453704833984,0.3246046304702759,0.004056453704833984,0.4454115033149719,0.0688820481300354
363,197,-1.053570032119751,-0.872174859046936,0.04943992542102926,0.5967211042717098,0.25640812834724785,1.466027855873108,0.3510119915008545,1.466027855873108,0.3510119915008545,2.339357376098633,0.591270923614502,0.48229318857192993,0.11408770084381104,0.48229318857192993,0.11408770084381104,0.6064628958702087,0.07525503635406494
364,198,-1.4987659454345703,-0.9057695865631104,0.45381355276952173,0.039777063516278965,0.47131706746915986,1.1853939294815063,0.7339653968811035,1.1853939294815063,0.7339653968811035,2.3304357528686523,0.7339653968811035,0.4302794635295868,0.0919034481048584,0.4302794635295868,0.0919034481048584,0.649790346622467,0.16763240098953247
365,199,-1.089246392250061,-1.1158931255340576,0.5787005677074195,0.40535625718533974,0.05892308622598641,1.2084259986877441,0.3414374589920044,1.2084259986877441,0.3414374589920044,2.2888059616088867,0.6465461850166321,0.3414374589920044,0.04730868339538574,0.3414374589920044,0.04730868339538574,0.49399182200431824,0.09336945414543152
366,200,-2.258455753326416,-1.301098108291626,0.4995827136437099,0.47161941582957895,0.2461437333996097,0.32672739028930664,0.31326061487197876,0.32672739028930664,0.31326061487197876,0.816177248954773,0.6607124209403992,0.31326061487197876,0.15666437149047852,0.31326061487197876,0.15666437149047852,0.48698651790618896,0.3123163878917694
367,201,-0.38746240735054016,-1.4202319383621216,0.7912589779744545,0.3695803419003886,0.3101398965219655,1.201834797859192,0.6335246562957764,1.201834797859192,0.6335246562957764,1.5596998929977417,0.9510348439216614,0.6335246562957764,0.17589068412780762,0.6335246562957764,0.17589068412780762,0.7922797203063965,0.2942352294921875
368,202,-0.40299904346466064,-1.3283771276474,0.2572140584513547,0.7271290773898362,0.36241389665752644,1.3822298049926758,0.707245945930481,1.3822298049926758,0.707245945930481,2.0750811100006104,1.081360936164856,0.5611632466316223,0.10391664505004883,0.5611632466316223,0.10391664505004883,0.7361866235733032,0.23379430174827576
369,203,-0.6485459804534912,-1.040542483329773,0.22772681581477316,0.20864125084752838,0.3848422759088378,0.8007487058639526,0.6515443325042725,0.8007487058639526,0.6515443325042725,1.0070480108261108,0.6515443325042725,0.33836203813552856,0.10501450300216675,0.33836203813552856,0.10501450300216675,0.4248107671737671,0.18727082014083862
370,204,-0.3336848318576813,-0.9319854974746704,0.3287334437792499,0.20179722254474963,0.13446307660390944,0.3619602918624878,0.24588781595230103,0.3619602918624878,0.24588781595230103,0.5097387433052063,0.38165539503097534,0.24588781595230103,0.07915735244750977,0.24588781595230103,0.07915735244750977,0.3137716054916382,0.14139986038208008
371,205,-1.0237336158752441,-0.835747241973877,0.20350396732489268,0.3013617364938061,0.1829762010897199,0.26085567474365234,0.29320472478866577,0.26085567474365234,0.29320472478866577,0.3983999788761139,0.29320472478866577,0.16376471519470215,0.06727927923202515,0.16376471519470215,0.06727927923202515,0.22848471999168396,0.1272241771221161
372,206,0.7592086791992188,-0.9731848239898682,0.4253090292525789,0.18338873976220693,0.21685178059463694,0.6612799763679504,0.34671199321746826,0.6612799763679504,0.34671199321746826,1.019558072090149,0.7069200277328491,0.34671199321746826,0.10544562339782715,0.34671199321746826,0.10544562339782715,0.4532304108142853,0.19956141710281372
373,208,0.3284725844860077,-0.3226664662361145,0.2893585800627867,0.4208376501252253,0.17234698546429483,1.2785941362380981,0.016671448945999146,1.2785941362380981,0.016671448945999146,0.8639260530471802,0.016671448945999146,0.3671891391277313,0.07414835691452026,0.3671891391277313,0.07414835691452026,0.19193029403686523,0.17725327610969543
374,209,2.5449695587158203,0.10637153685092926,0.1435740346546906,0.2661726343949946,0.2791783458351468,0.8839424848556519,0.2760270833969116,0.8839424848556519,0.2760270833969116,0.4712487459182739,0.2760270833969116,0.270260751247406,0.18858979642391205,0.270260751247406,0.18858979642391205,0.1816258281469345,0.34914475679397583
375,210,1.9272359609603882,1.416210651397705,1.2485368099932868,0.041401309085389304,0.15678447273870288,1.3546056747436523,1.3546056747436523,1.3546056747436523,1.3546056747436523,1.0911993980407715,1.6772360801696777,1.3546056747436523,0.13284969329833984,1.3546056747436523,0.13284969329833984,1.4504114389419556,0.2339199185371399
376,212,0.554241955280304,1.9987027645111084,1.0067978839638332,0.9255606375231098,0.05537358130949244,0.604729413986206,0.978635311126709,0.604729413986206,0.978635311126709,1.7775343656539917,2.1622960567474365,0.978635311126709,0.07329094409942627,0.978635311126709,0.07329094409942627,1.5704656839370728,0.5666674971580505
377,213,-0.26721829175949097,1.7918522357940674,0.3328846992490193,0.791274577708294,0.6676421054949363,0.5083427429199219,1.1653389930725098,0.5083427429199219,1.1653389930725098,1.351020336151123,1.9829912185668945,0.8237903118133545,0.2860974073410034,0.8237903118133545,0.2860974073410034,1.2426667213439941,0.6757281422615051
378,214,-0.4429228603839874,0.16111251711845398,0.1314702084908882,0.14007687506576372,0.3726249358554681,0.4690287709236145,0.5517841577529907,0.4690287709236145,0.5517841577529907,0.14324158430099487,0.5517841577529907,0.4690287709236145,0.14216992259025574,0.4690287709236145,0.14216992259025574,0.5739020109176636,0.12928004562854767
379,215,0.3602099120616913,-0.38972219824790955,0.2214640209078789,0.20626454852521423,0.034659917205572155,0.761959433555603,0.21893970668315887,0.761959433555603,0.21893970668315887,1.2776532173156738,0.3270932137966156,0.21893970668315887,0.13438907265663147,0.21893970668315887,0.13438907265663147,0.27301645278930664,0.0891219824552536
380,216,0.20123741030693054,-0.24921277165412903,0.12263524876907475,0.17328968722373256,0.06630061505362395,0.4435497522354126,0.03988617658615112,0.4435497522354126,0.03988617658615112,0.24280697107315063,0.03988617658615112,0.150193452835083,0.05027347803115845,0.150193452835083,0.05027347803115845,0.09503981471061707,0.0926675796508789
381,217,0.15306442975997925,-0.050426557660102844,0.08880175080771244,0.0839845352123181,0.1418511161146064,0.2864377498626709,0.14261716604232788,0.2864377498626709,0.14261716604232788,0.26359057426452637,0.14261716604232788,0.0918707326054573,0.12694180011749268,0.0918707326054573,0.12694180011749268,0.052889514714479446,0.17866510152816772
382,218,0.26942873001098633,0.014972105622291565,0.009748536323507612,0.04911047241340079,0.05472901872048776,0.09557908773422241,0.25875598192214966,0.09557908773422241,0.25875598192214966,0.11319577693939209,0.25875598192214966,0.09557908773422241,0.08424848318099976,0.09557908773422241,0.08424848318099976,0.13684314489364624,0.12547731399536133
383,219,-1.5649727582931519,0.010086104273796082,0.09028989262878898,0.03701332956552503,0.0177058631926775,0.1440771073102951,0.1440771073102951,0.1440771073102951,0.1440771073102951,0.16103757917881012,0.2141309231519699,0.1440771073102951,0.054653942584991455,0.1440771073102951,0.054653942584991455,0.1791040152311325,0.09033092111349106
384,221,-0.3096812069416046,-0.6083717942237854,0.7060531102276097,0.08588233889391034,0.03210061980721857,1.638512372970581,0.6574395298957825,1.638512372970581,0.6574395298957825,1.518580436706543,0.5415701270103455,0.6574395298957825,0.031876444816589355,0.6574395298957825,0.031876444816589355,0.599504828453064,0.07775837182998657
385,222,-2.0372097492218018,-0.7719646096229553,0.2004855114469924,0.5575827531019848,0.03280592707296204,1.222198486328125,0.6291360855102539,1.222198486328125,0.6291360855102539,1.731360912322998,0.6291360855102539,0.47757941484451294,0.0448681116104126,0.47757941484451294,0.0448681116104126,0.553357720375061,0.06698983907699585
386,223,-2.0424277782440186,-1.3538126945495605,0.8060033247511212,0.1766186586554006,0.3144420173364538,1.5817687511444092,0.6684980392456055,1.5817687511444092,0.6684980392456055,2.314251184463501,1.099698781967163,0.6684980392456055,0.06674695014953613,0.6684980392456055,0.06674695014953613,0.8309575319290161,0.19592010974884033
387,224,-2.1195905208587646,-1.5293325185775757,0.7740166628267614,0.5973093405924739,0.0803407829720526,1.518714427947998,0.5587809681892395,1.518714427947998,0.5587809681892395,2.947636127471924,1.1926120519638062,0.5587809681892395,0.04786098003387451,0.5587809681892395,0.04786098003387451,0.8756965398788452,0.27966809272766113
388,225,-1.6601816415786743,-1.7572883367538452,0.7922506582364441,0.552817996032536,0.31564111255109295,0.6349143981933594,0.5979424715042114,0.6349143981933594,0.5979424715042114,1.2400290966033936,1.1963578462600708,0.5979424715042114,0.2708611488342285,0.5979424715042114,0.2708611488342285,0.8971501588821411,0.5007194876670837
389,226,-0.4397023320198059,-1.6007229089736938,0.6802719505007067,0.5865085049966972,0.28519118643055363,0.5097646713256836,0.5097646713256836,0.5097646713256836,0.5097646713256836,1.226212501525879,1.0426303148269653,0.5097646713256836,0.2189410924911499,0.5097646713256836,0.2189410924911499,0.7761974930763245,0.451221227645874
390,227,-0.8263078331947327,-1.3128626346588135,0.2975139054981992,0.6093712481716649,0.3353031344152986,0.9871176481246948,0.7115495204925537,0.9871176481246948,0.7115495204925537,1.7730529308319092,1.0753087997436523,0.48429208993911743,0.18999910354614258,0.48429208993911743,0.18999910354614258,0.6579225063323975,0.35266372561454773
391,228,-0.8521580696105957,-1.0442789793014526,0.4384428844352564,0.18522666496535134,0.3022790236522753,0.5448267459869385,0.34987616539001465,0.5448267459869385,0.34987616539001465,1.1451356410980225,0.8380797505378723,0.34987616539001465,0.13908082246780396,0.34987616539001465,0.13908082246780396,0.5134159922599792,0.2941671311855316
392,229,-1.2694551944732666,-1.0644359588623047,0.39464160848408947,0.30589761406183247,0.10530561100691549,0.565552830696106,0.3582566976547241,0.565552830696106,0.3582566976547241,1.0835814476013184,0.6713804006576538,0.3582566976547241,0.07471489906311035,0.3582566976547241,0.07471489906311035,0.514818549156189,0.21031451225280762
393,230,-1.2600369453430176,-1.090632677078247,0.5211348818615077,0.26663770744577064,0.16764342660084375,0.6862290501594543,0.4765985608100891,0.6862290501594543,0.4765985608100891,0.9716675281524658,0.7394437789916992,0.4765985608100891,0.12339311838150024,0.4765985608100891,0.12339311838150024,0.6080211400985718,0.23691526055335999
394,232,-3.4132442474365234,-1.2750744819641113,0.48585721312711655,0.3860790977130336,0.16886686204622148,0.5844231247901917,0.4016485810279846,0.5844231247901917,0.4016485810279846,1.2042977809906006,0.8088067770004272,0.4016485810279846,0.1331040859222412,0.4016485810279846,0.1331040859222412,0.6052277088165283,0.29532957077026367
395,233,-1.2463399171829224,-1.5243196487426758,0.9324760993818442,0.3352275750289362,0.1842699328313271,1.8486055135726929,0.7108948230743408,1.8486055135726929,0.7108948230743408,2.311100721359253,1.1107699871063232,0.7108948230743408,0.12797796726226807,0.7108948230743408,0.12797796726226807,0.910832405090332,0.23329156637191772
396,234,-3.2809178829193115,-1.6537028551101685,0.5660938687995075,0.7015381921455264,0.18203744441270864,1.283595323562622,1.1617403030395508,1.283595323562622,1.1617403030395508,2.0107226371765137,1.1617403030395508,0.610183596611023,0.15860188007354736,0.610183596611023,0.15860188007354736,0.8859619498252869,0.40806201100349426
397,235,-3.4366586208343506,-1.8357187509536743,0.7656032654270533,0.3528552838042378,0.4785135956108568,1.6037156581878662,0.5546756982803345,1.6037156581878662,0.5546756982803345,2.7867143154144287,1.6417646408081055,0.5546756982803345,0.29584741592407227,0.5546756982803345,0.29584741592407227,0.8848080635070801,0.5016648173332214
398,236,-2.7459394931793213,-1.9169896841049194,0.8715470941488939,0.6396807457630833,0.18866637793680052,2.0503740310668945,0.7700612545013428,2.0503740310668945,0.7700612545013428,3.5116448402404785,1.4636898040771484,0.7700612545013428,0.17599380016326904,0.7700612545013428,0.17599380016326904,1.1168755292892456,0.44544166326522827
399,237,-4.080220699310303,-2.1830639839172363,0.8264027429309982,0.7158449345019959,0.4259095230636494,0.6941362619400024,0.6941362619400024,0.6941362619400024,0.6941362619400024,1.8954682350158691,1.5735902786254883,0.6941362619400024,0.42388176918029785,0.6941362619400024,0.42388176918029785,1.1338632106781006,0.754138708114624
400,238,-2.6270670890808105,-2.1151554584503174,0.9054589642708499,0.5140548198794324,0.35867013668020586,1.3018858432769775,0.6451612710952759,1.3018858432769775,0.6451612710952759,2.0678162574768066,1.3424066305160522,0.6451612710952759,0.25955235958099365,0.6451612710952759,0.25955235958099365,0.9937839508056641,0.46356844902038574
401,239,-4.192568302154541,-2.248466730117798,0.820369521453977,0.723078991435468,0.3809857985004781,0.6823315620422363,0.6823315620422363,0.6823315620422363,0.6823315620422363,2.195314884185791,1.5751246213912964,0.6823315620422363,0.3502591848373413,0.6823315620422363,0.3502591848373413,1.1287281513214111,0.7192696928977966
402,240,-2.882495403289795,-2.1976113319396973,0.924079440335433,0.5338191739345586,0.40217290966461117,1.5450756549835205,0.7941639423370361,1.5450756549835205,0.7941639423370361,2.3121838569641113,1.523845911026001,0.7941639423370361,0.37132859230041504,0.7941639423370361,0.37132859230041504,1.1590049266815186,0.614886999130249
403,242,-2.2840962409973145,-2.3444788455963135,0.9291743684001267,0.7570615711156281,0.3333858917001633,1.0042484998703003,0.8665808439254761,1.0042484998703003,0.8665808439254761,2.5522522926330566,1.7560724020004272,0.8665808439254761,0.3077659606933594,0.8665808439254761,0.3077659606933594,1.3113266229629517,0.670879602432251
404,243,-2.3036460876464844,-2.0719356536865234,0.6846982585266234,0.5919744275510307,0.3833205490186813,0.6053174734115601,0.6053174734115601,0.6053174734115601,0.6053174734115601,1.6768025159835815,1.4015495777130127,0.6053174734115601,0.3796771764755249,0.6053174734115601,0.3796771764755249,1.0034334659576416,0.6809133291244507
405,244,-3.7944140434265137,-2.1526944637298584,0.7727266223977007,0.556457506219546,0.4006650788957875,0.7608896493911743,0.751305103302002,0.7608896493911743,0.751305103302002,1.4981324672698975,1.4878004789352417,0.751305103302002,0.4323859214782715,0.751305103302002,0.4323859214782715,1.1195528507232666,0.7297516465187073
406,245,-2.6871187686920166,-2.2240493297576904,0.9227691599975029,0.4751807762185738,0.3009352649996675,1.7808529138565063,0.8968406915664673,1.7808529138565063,0.8968406915664673,2.4838016033172607,1.5533852577209473,0.8968406915664673,0.34294116497039795,0.8968406915664673,0.34294116497039795,1.2251129150390625,0.5906317234039307
407,246,-3.912565231323242,-2.321834087371826,0.9044536550343035,0.7648897659033531,0.2794664315134292,1.1067007780075073,0.8960777521133423,1.1067007780075073,0.8960777521133423,2.775369644165039,1.888131856918335,0.8960777521133423,0.2912895679473877,0.8960777521133423,0.2912895679473877,1.3921048641204834,0.6938339471817017
408,247,-2.7415425777435303,-2.4077200889587402,0.9648538426185647,0.6041414942840735,0.4165238195533554,1.468316674232483,0.8456666469573975,1.468316674232483,0.8456666469573975,2.4173402786254883,1.7537624835968018,0.8456666469573975,0.46176159381866455,0.8456666469573975,0.46176159381866455,1.2997145652770996,0.7439749240875244
409,248,-1.654624104499817,-2.4172892570495605,0.8426165044431888,0.6980370375638204,0.3424474967767792,0.8025659322738647,0.7745119333267212,0.8025659322738647,0.7745119333267212,2.2837488651275635,1.7164170742034912,0.7745119333267212,0.35477542877197266,0.7745119333267212,0.35477542877197266,1.245464563369751,0.7392322421073914
410,249,-2.251375198364258,-2.2466628551483154,0.6323499130209289,0.6902144705255823,0.45593616408606374,1.1346358060836792,1.535652756690979,1.1346358060836792,1.535652756690979,2.0407474040985107,1.535652756690979,0.7301056385040283,0.5359477996826172,0.7301056385040283,0.5359477996826172,1.1328792572021484,0.8796601891517639
411,250,-1.4285937547683716,-1.9875355958938599,0.8122332882260281,0.3951598259185751,0.3622368369748197,1.1808438301086426,0.8418151140213013,1.1808438301086426,0.8418151140213013,1.8743222951889038,1.5019892454147339,0.8418151140213013,0.43793439865112305,0.8418151140213013,0.43793439865112305,1.1719021797180176,0.6695681810379028
412,252,-1.1598423719406128,-1.728941559791565,0.45512378139576537,0.5672662897656361,0.2438650016688435,0.9454371929168701,1.2760859727859497,0.9454371929168701,1.2760859727859497,1.6441863775253296,1.2760859727859497,0.6196603775024414,0.2758803367614746,0.6196603775024414,0.2758803367614746,0.9478731751441956,0.5607165098190308
413,253,-2.5604324340820312,-1.5987190008163452,0.3924083300431569,0.3590470519041024,0.3251921989147859,0.5023444890975952,0.5023444890975952,0.5023444890975952,0.5023444890975952,1.1837890148162842,1.059981107711792,0.5023444890975952,0.40534448623657227,0.5023444890975952,0.40534448623657227,0.7811627984046936,0.6681964993476868
414,254,-2.414191484451294,-1.7563378810882568,0.8866560045381389,0.23774199677010355,0.19478816320498793,1.7038789987564087,0.8866438269615173,1.7038789987564087,0.8866438269615173,2.17201828956604,1.3414273262023926,0.8866438269615173,0.2658345699310303,0.8866438269615173,0.2658345699310303,1.1140356063842773,0.43334048986434937
415,255,-0.7297755479812622,-2.0361504554748535,0.8391385178267956,0.5734319902956486,0.13752553462982164,1.7056647539138794,0.9258991479873657,1.7056647539138794,0.9258991479873657,3.113250732421875,1.7859182357788086,0.9258991479873657,0.24940872192382812,0.9258991479873657,0.24940872192382812,1.3559086322784424,0.6036568284034729
416,256,-1.2915453910827637,-1.6438510417938232,0.2182540320108337,0.5858011591682831,0.3251894478003183,1.34604811668396,1.1029505729675293,1.34604811668396,1.1029505729675293,2.221564531326294,1.530932903289795,0.7119696140289307,0.3325718641281128,0.7119696140289307,0.3325718641281128,0.9226771593093872,0.5561169385910034
417,257,-2.940342903137207,-1.456130027770996,0.5488974485142778,0.15763039000021917,0.247225113964329,1.0155112743377686,0.6659793853759766,1.0155112743377686,0.6659793853759766,1.5927232503890991,1.2593075037002563,0.6659793853759766,0.2651132345199585,0.6659793853759766,0.2651132345199585,0.815143346786499,0.4184368848800659
418,258,-1.6798222064971924,-1.7542345523834229,0.9129532183458409,0.29051241577913345,0.0430643014733989,2.116971731185913,0.969449520111084,2.116971731185913,0.969449520111084,2.8921921253204346,1.478702425956726,0.969449520111084,0.13516783714294434,0.969449520111084,0.13516783714294434,1.2240760326385498,0.2989487648010254
419,259,-3.103968620300293,-1.9979904890060425,0.6104973119994005,0.7244420892496899,0.1926262069245186,1.3966717720031738,1.6071522235870361,1.3966717720031738,1.6071522235870361,2.5230774879455566,1.6071522235870361,0.8150299787521362,0.26860082149505615,0.8150299787521362,0.26860082149505615,1.2110910415649414,0.6252425312995911
420,260,-3.536182165145874,-2.0512583255767822,0.6809686288485923,0.3630590366075439,0.41145940671364434,1.1482495069503784,0.5284554958343506,1.1482495069503784,0.5284554958343506,2.1628246307373047,1.7619972229003906,0.5284554958343506,0.25420451164245605,0.5284554958343506,0.25420451164245605,0.8033852577209473,0.4739627242088318
421,261,-3.8032398223876953,-2.2168948650360107,0.7318071001519764,0.5621515900393326,0.22654824314018063,1.4074459075927734,0.5393121242523193,1.4074459075927734,0.5393121242523193,3.0184619426727295,1.3495457172393799,0.5393121242523193,0.2155144214630127,0.5393121242523193,0.2155144214630127,0.9444289207458496,0.47525858879089355
422,263,-1.8029179573059082,-2.5512053966522217,1.0081036619469521,0.6466102213785059,0.3593565855920311,1.3867429494857788,1.026097059249878,1.3867429494857788,1.026097059249878,2.5845067501068115,1.9850494861602783,1.026097059249878,0.3913578987121582,1.026097059249878,0.3913578987121582,1.5055732727050781,0.726824939250946
423,264,-3.4778175354003906,-2.631495952606201,0.560240644564231,0.8313261829813325,0.5289173034330206,1.5880264043807983,1.6678671836853027,1.5880264043807983,1.6678671836853027,2.5265259742736816,1.6678671836853027,0.8684520721435547,0.5744681358337402,0.8684520721435547,0.5744681358337402,1.2681596279144287,0.902813196182251
424,265,-3.3112757205963135,-2.4032235145568848,0.9044482298319542,0.38689232089867187,0.4637073813875513,1.7385700941085815,0.9072372913360596,1.7385700941085815,0.9072372913360596,2.944211959838867,2.278254747390747,0.9072372913360596,0.4026768207550049,0.9072372913360596,0.4026768207550049,1.2878127098083496,0.6701576113700867
425,266,-2.6432268619537354,-2.4732203483581543,0.9346744654824336,0.6921566262965404,0.21144501121093828,2.0027568340301514,1.0085153579711914,2.0027568340301514,1.0085153579711914,3.5793590545654297,2.0069684982299805,1.0085153579711914,0.2992985248565674,1.0085153579711914,0.2992985248565674,1.507741928100586,0.7098361253738403
426,267,-3.044818162918091,-2.6286749839782715,0.864959909211223,0.7143194395521034,0.4205593672146404,0.8481955528259277,0.8481955528259277,0.8481955528259277,0.8481955528259277,2.378833770751953,2.0210893154144287,0.8481955528259277,0.45087552070617676,0.8481955528259277,0.45087552070617676,1.4346424341201782,0.8750807046890259
427,268,-3.190023422241211,-2.323249101638794,1.0169825473551948,0.5934837523971999,0.37228658573081064,1.3577158451080322,1.126767635345459,1.3577158451080322,1.126767635345459,2.304372549057007,2.054739236831665,1.126767635345459,0.48416876792907715,1.126767635345459,0.48416876792907715,1.590753436088562,0.8262009024620056
428,269,-1.944191336631775,-2.4832208156585693,0.9874890455106891,0.6435425660635035,0.32687779201815537,1.1844947338104248,0.9355583190917969,1.1844947338104248,0.9355583190917969,2.2266931533813477,1.7882161140441895,0.9355583190917969,0.33472108840942383,0.9355583190917969,0.33472108840942383,1.3618872165679932,0.6553091406822205
429,270,-0.09872625768184662,-2.31553316116333,0.6797931137681006,0.765460476577282,0.4439159733802083,1.3157713413238525,1.7887845039367676,1.3157713413238525,1.7887845039367676,2.2761104106903076,1.7887845039367676,0.8823394775390625,0.5370528697967529,0.8823394775390625,0.5370528697967529,1.335561990737915,0.9471615552902222
430,271,-2.450537919998169,-1.7182600498199463,0.00016333746413410566,0.6384078094611563,0.4891970230887335,1.8832675218582153,0.9327043294906616,1.8832675218582153,0.9327043294906616,2.6532106399536133,1.5836341381072998,0.8686456680297852,0.05354487895965576,0.8686456680297852,0.05354487895965576,1.1931543350219727,0.39072394371032715
431,273,-2.1629319190979004,-1.4829583168029785,0.8618319814155495,0.10652890437593032,0.25163738309095307,2.2370128631591797,1.0299118757247925,2.2370128631591797,1.0299118757247925,2.885559320449829,1.4222080707550049,1.0299118757247925,0.0324934720993042,1.0299118757247925,0.0324934720993042,1.2087769508361816,0.20010477304458618
432,274,-2.2627246379852295,-1.8140852451324463,0.7558737321197988,0.6051403960585593,0.08880493715405469,2.019160747528076,0.9141276478767395,2.019160747528076,0.9141276478767395,3.5780699253082275,1.7574398517608643,0.9141276478767395,0.0216524600982666,0.9141276478767395,0.0216524600982666,1.3357837200164795,0.40488266944885254
433,275,-2.581397294998169,-2.1385390758514404,0.6836027838165559,0.4892370700339479,0.3670113188649218,0.7550234794616699,0.7086434364318848,0.7550234794616699,0.7086434364318848,1.562467336654663,1.5091859102249146,0.7086434364318848,0.4830026626586914,0.7086434364318848,0.4830026626586914,1.1089146137237549,0.7803854942321777
434,276,-2.8709518909454346,-2.188873767852783,0.7793912251790367,0.5328240040441354,0.25023430769642174,1.2044048309326172,0.9466006755828857,1.2044048309326172,0.9466006755828857,2.03434419631958,1.7364585399627686,0.9466006755828857,0.39969778060913086,0.9466006755828857,0.39969778060913086,1.3415296077728271,0.6879889369010925
435,278,-2.9421515464782715,-2.3305068016052246,0.795149325455229,0.5530514069894945,0.28160793813566376,1.1994543075561523,0.885270357131958,1.1994543075561523,0.885270357131958,2.2782106399536133,1.7647831439971924,0.885270357131958,0.373515248298645,0.885270357131958,0.373515248298645,1.3250267505645752,0.7061278223991394
436,278,-3.9064829349517822,-2.5495402812957764,0.8916635668774445,0.6134047262494764,0.30978762337317045,1.2099366188049316,0.9942053556442261,1.2099366188049316,0.9942053556442261,2.4129765033721924,2.039717197418213,0.9942053556442261,0.4245178699493408,0.9942053556442261,0.4245178699493408,1.5169613361358643,0.7840260863304138
437,280,-1.3967082500457764,-2.518983840942383,0.9537701636676985,0.5842816781004272,0.35536294193317497,1.534177303314209,1.0110357999801636,1.534177303314209,1.0110357999801636,2.5895636081695557,1.964108943939209,1.0110357999801636,0.47819089889526367,1.0110357999801636,0.47819089889526367,1.487572431564331,0.7842105031013489
438,282,-3.2414352893829346,-2.496846914291382,0.5021464281715455,0.9256779781356452,0.436012838836759,2.0891566276550293,1.824899673461914,2.0891566276550293,1.824899673461914,2.931281089782715,1.824899673461914,1.0993907451629639,0.6383156776428223,1.0993907451629639,0.6383156776428223,1.462145209312439,0.964579701423645
439,282,-1.1474616527557373,-2.2479639053344727,0.8530127053956192,0.261795530791084,0.4831281955788531,1.9063489437103271,0.8884644508361816,1.9063489437103271,0.8884644508361816,3.134218454360962,2.1001384258270264,0.8884644508361816,0.3712496757507324,0.8884644508361816,0.3712496757507324,1.263539433479309,0.6207107305526733
440,282,-1.8358370065689087,-1.8266624212265015,0.39839002718528105,0.698390819852551,0.13456235041220954,1.6086654663085938,1.5371267795562744,1.6086654663085938,1.5371267795562744,2.2682769298553467,1.5371267795562744,0.9319855570793152,0.28257763385772705,0.9319855570793152,0.28257763385772705,1.2345561981201172,0.5579687356948853
441,282,-1.0437666177749634,-1.8619928359985352,0.5915235526363052,0.23263831059137996,0.36785234952966384,1.1546108722686768,0.7858514785766602,1.1546108722686768,0.7858514785766602,2.0656323432922363,1.7701232433319092,0.7858514785766602,0.4144093990325928,0.7858514785766602,0.4144093990325928,1.053772211074829,0.6461796760559082
442,282,-2.9497854709625244,-1.6240508556365967,0.2850244388853508,0.47062847395738006,0.14320100442816808,1.031205177307129,1.272810459136963,1.031205177307129,1.272810459136963,1.649390697479248,1.272810459136963,0.6811763644218445,0.28854095935821533,0.6811763644218445,0.28854095935821533,0.9769934415817261,0.551992654800415
443,282,-1.8652377128601074,-1.8684426546096802,0.7977478604422261,0.16658679553618017,0.2078582664051405,1.904350996017456,1.0486211776733398,1.904350996017456,1.0486211776733398,2.5863988399505615,1.8014781475067139,1.0486211776733398,0.3132646083831787,1.0486211776733398,0.3132646083831787,1.195512056350708,0.4393154978752136
444,282,0.250493586063385,-1.9209579229354858,0.5887597333391507,0.5764024096851548,0.05152139329661942,1.1944878101348877,0.7642157077789307,1.1944878101348877,0.7642157077789307,2.7343878746032715,1.6514999866485596,0.7642157077789307,0.20554709434509277,0.7642157077789307,0.20554709434509277,1.2078578472137451,0.5774859189987183
445,282,-1.7382866144180298,-1.1556857824325562,0.25285284606118985,0.44449696401755007,0.31481652113298564,1.4515730142593384,0.5594656467437744,1.4515730142593384,0.5594656467437744,2.2861669063568115,0.9235531091690063,0.6995959281921387,0.13587665557861328,0.6995959281921387,0.13587665557861328,0.88173907995224,0.2312641739845276
446,282,-1.3115625381469727,-1.254392385482788,0.5957079170644286,0.24674215950071832,0.21354665048420418,2.016051769256592,0.8920978307723999,2.016051769256592,0.8920978307723999,1.9042973518371582,0.787294864654541,0.8920978307723999,0.32724225521087646,0.8920978307723999,0.32724225521087646,0.8396963477134705,0.28514808416366577
447,282,-1.345112919807434,-1.3134210109710693,0.4008782105768719,0.3905908119181791,0.1980502954249579,1.4215834140777588,0.5692732930183411,1.4215834140777588,0.5692732930183411,2.8476014137268066,1.2036184072494507,0.5692732930183411,0.04905843734741211,0.5692732930183411,0.04905843734741211,0.8864458799362183,0.29365161061286926
448,282,-1.1843162775039673,-1.6200048923492432,0.462025382257998,0.2611172491684554,0.2159622437506915,0.6328925490379333,0.6137750148773193,0.6328925490379333,0.6137750148773193,1.1454358100891113,1.1254020929336548,0.6137750148773193,0.3778367042541504,0.6137750148773193,0.3778367042541504,0.8695885539054871,0.5999175906181335
449,282,-0.3941306173801422,-1.446195363998413,0.3858816429600118,0.2720237904414534,0.13529270187020326,0.5331788659095764,0.5331788659095764,0.5331788659095764,0.5331788659095764,1.069711446762085,1.0074827671051025,0.5331788659095764,0.26685667037963867,0.5331788659095764,0.26685667037963867,0.7703307867050171,0.4737466871738434
450,282,-0.7598002552986145,-1.1075268983840942,0.09928174766401443,0.23023107963303713,0.11921431312958408,0.7539287805557251,0.676946222782135,0.7539287805557251,0.676946222782135,1.15695321559906,0.9232243299484253,0.4521743059158325,0.2155090570449829,0.4521743059158325,0.2155090570449829,0.5758916735649109,0.34994620084762573
451,282,-0.5150386691093445,-0.9242956638336182,0.1721259789851805,0.0175887668070695,0.11345774882783477,0.6385217308998108,0.42673707008361816,0.6385217308998108,0.42673707008361816,0.9875814914703369,0.8144665956497192,0.42673707008361816,0.1672878861427307,0.42673707008361816,0.1672878861427307,0.5348539352416992,0.2736954689025879
452,282,-1.0532691478729248,-0.6811702251434326,0.0669563674802583,0.1014417819927136,0.007463391286631593,0.4008696973323822,0.5396308898925781,0.4008696973323822,0.5396308898925781,0.7458294630050659,0.5396308898925781,0.2667936086654663,0.05211472511291504,0.2667936086654663,0.05211472511291504,0.4032122492790222,0.18370512127876282
453,282,-1.5582882165908813,-1.0234867334365845,0.35566652340193583,0.025679884764055305,0.012077040312190757,0.8022974133491516,0.5126133561134338,0.8022974133491516,0.5126133561134338,0.9932608604431152,0.7031580805778503,0.5126133561134338,0.13209301233291626,0.5126133561134338,0.13209301233291626,0.6078857183456421,0.21734434366226196
454,282,-0.5877776145935059,-1.3757933378219604,0.5216166585683821,0.203902545049787,0.055040654763579666,1.368671178817749,0.7734054923057556,1.368671178817749,0.7734054923057556,1.9590764045715332,1.1777751445770264,0.7734054923057556,0.0934758186340332,0.7734054923057556,0.0934758186340332,0.9755903482437134,0.27489304542541504
455,282,0.06132768839597702,-1.127617359161377,0.0698926156883437,0.337453183134397,0.08862016865362721,0.9052826166152954,0.8582272529602051,0.9052826166152954,0.8582272529602051,1.1556652784347534,1.0431623458862305,0.5448305606842041,0.2938652038574219,0.5448305606842041,0.2938652038574219,0.6368616819381714,0.39423057436943054
456,280,-2.736438751220703,-0.5602428317070007,0.3091838204860688,0.06156355667859306,0.15562054213136442,0.030261993408203125,0.030261993408203125,0.030261993408203125,0.030261993408203125,0.5422013401985168,0.5197787284851074,0.030261993408203125,0.24037760496139526,0.030261993408203125,0.24037760496139526,0.16297972202301025,0.39610809087753296
457,278,-0.6406518816947937,-1.3040260076522827,0.7923936969724794,0.2506498754272857,0.0696604219513638,2.410332202911377,1.163454532623291,2.410332202911377,1.163454532623291,2.388422727584839,1.137342095375061,1.163454532623291,0.11620283126831055,1.163454532623291,0.11620283126831055,1.1503982543945312,0.1068655252456665
458,276,-2.7940595149993896,-1.2802026271820068,0.044313286778827954,0.5468379993115857,0.19559980700413393,1.7181035280227661,1.200310468673706,1.7181035280227661,1.200310468673706,1.705542802810669,1.1852308511734009,0.8578100204467773,0.3058786392211914,0.8578100204467773,0.3058786392211914,0.8506428003311157,0.2978828549385071
459,276,-1.4430853128433228,-1.8884831666946411,0.7410433150579536,0.00902811287591887,0.31449621626486357,2.074333667755127,1.0773576498031616,2.074333667755127,1.0773576498031616,2.914079427719116,1.8339208364486694,1.0773576498031616,0.20793211460113525,1.0773576498031616,0.20793211460113525,1.3356297016143799,0.44437891244888306
460,276,0.3324696123600006,-1.7185567617416382,0.3354307900493343,0.5371645419237513,0.037117675400028194,1.4383766651153564,1.5406495332717896,1.4383766651153564,1.5406495332717896,2.6072845458984375,1.5406495332717896,0.8218632340431213,0.12924695014953613,0.8218632340431213,0.12924695014953613,1.1812564134597778,0.4432753324508667
461,276,-1.0551517009735107,-0.9891924262046814,0.437950944639742,0.2529021961614487,0.3236805447936057,0.16725260019302368,0.16725260019302368,0.16725260019302368,0.16725260019302368,0.769778847694397,0.8637772798538208,0.16725260019302368,0.5731256008148193,0.16725260019302368,0.5731256008148193,0.25323256850242615,0.8123078942298889
462,276,-1.3766154050827026,-0.8860968947410583,0.20896610001722998,0.38282839478304015,0.09949503301332374,0.12931698560714722,0.39539891481399536,0.12931698560714722,0.39539891481399536,1.1339399814605713,0.39539891481399536,0.12931698560714722,0.2779494524002075,0.12931698560714722,0.2779494524002075,0.2623579502105713,0.5480899810791016
463,276,-1.3038294315338135,-1.0822464227676392,0.3170196724558869,0.0888832820455231,0.19656932526578497,1.4769846200942993,0.6247615814208984,1.4769846200942993,0.6247615814208984,1.4181556701660156,0.9457917213439941,0.6247615814208984,0.30553150177001953,0.6247615814208984,0.30553150177001953,0.6034901142120361,0.2953836917877197
464,274,0.967424750328064,-1.3441200256347656,0.25791629272202665,0.19015606584648245,0.019612057531873672,0.6558443307876587,0.5369745492935181,0.6558443307876587,0.5369745492935181,1.290197730064392,1.0504419803619385,0.5369745492935181,0.2090015411376953,0.5369745492935181,0.2090015411376953,0.7937082648277283,0.42779308557510376
465,274,-0.41601306200027466,-0.28538942337036133,0.7822475177049636,0.16395634308457374,0.09822255194187157,0.4850090742111206,0.4850090742111206,0.4850090742111206,0.4850090742111206,0.7590577602386475,0.013554424047470093,0.4850090742111206,0.2773617208003998,0.4850090742111206,0.2773617208003998,0.24928174912929535,0.5059205293655396
466,274,-1.292842149734497,-0.2682039737701416,0.1517116889792186,0.6091516579749683,0.0910335986812909,0.37374192476272583,0.17704737186431885,0.37374192476272583,0.17704737186431885,0.4508615732192993,0.17704737186431885,0.37374192476272583,0.3087734580039978,0.37374192476272583,0.3087734580039978,0.27539464831352234,0.410253643989563
467,272,-0.3535562753677368,-0.7216710448265076,0.20831483046213772,0.15351793808241682,0.3294811609139043,0.1680399775505066,0.6274272203445435,0.1680399775505066,0.6274272203445435,1.2763102054595947,0.6274272203445435,0.1680399775505066,0.1687968373298645,0.1680399775505066,0.1687968373298645,0.30943989753723145,0.48553988337516785
468,270,-0.6679218411445618,-0.8230780959129333,0.1067364978588497,0.14442145299321663,0.09325831684128688,0.7636053562164307,0.599075198173523,0.7636053562164307,0.599075198173523,0.924191951751709,0.599075198173523,0.4423478841781616,0.08551621437072754,0.4423478841781616,0.08551621437072754,0.5207115411758423,0.1610192060470581
469,268,-0.6371862292289734,-0.8908392786979675,0.045611393299574754,0.15177359812582508,0.08511214226794711,0.13181674480438232,0.4135308563709259,0.13181674480438232,0.4135308563709259,0.7006570100784302,0.7662321329116821,0.13181674480438232,0.2772623300552368,0.13181674480438232,0.2772623300552368,0.309864342212677,0.4582148790359497
470,268,-0.01021021232008934,-0.6803871393203735,0.11270792681102945,0.09302627833870547,0.17654036905926968,0.10244083404541016,0.7305763959884644,0.10244083404541016,0.7305763959884644,0.5874086618423462,0.7305763959884644,0.10244083404541016,0.31599557399749756,0.10244083404541016,0.31599557399749756,0.2709803879261017,0.48133376240730286
471,268,-0.19430755078792572,-0.4874880313873291,0.3151489506661892,0.10822672955691812,0.07639337442815297,0.00437048077583313,0.00437048077583313,0.00437048077583313,0.00437048077583313,0.43730783462524414,0.2315133512020111,0.00437048077583313,0.1557888388633728,0.00437048077583313,0.1557888388633728,0.11794191598892212,0.26473313570022583
472,268,1.5364391803741455,-0.2874963879585266,0.24993927144755923,0.30425740604599305,0.10686439977337914,0.003084123134613037,0.07814472913742065,0.003084123134613037,0.07814472913742065,0.14810869097709656,0.07814472913742065,0.003084123134613037,0.12144073843955994,0.003084123134613037,0.12144073843955994,0.040614426136016846,0.15913602709770203
473,268,1.488561749458313,0.3035491704940796,0.9696765368183453,0.22234839481612068,0.23340191905697183,0.5277724862098694,0.5277724862098694,0.5277724862098694,0.5277724862098694,0.2637748718261719,0.4627608060836792,0.5277724862098694,0.04399201273918152,0.5277724862098694,0.04399201273918152,0.5266354084014893,0.044770464301109314
474,268,2.0509018898010254,0.6482945680618286,0.8769638769701124,0.6682118681073188,0.15009246241301288,0.45278650522232056,0.4711064398288727,0.45278650522232056,0.4711064398288727,0.795750081539154,0.815777063369751,0.4711064398288727,0.020859360694885254,0.4711064398288727,0.020859360694885254,0.6434417366981506,0.1340218186378479
475,268,0.9797074794769287,0.946663498878479,0.9170093795657155,0.5909750337153676,0.4226240385323765,0.361037015914917,0.361037015914917,0.361037015914917,0.361037015914917,0.5551646947860718,0.6960265636444092,0.361037015914917,0.14087975025177002,0.361037015914917,0.14087975025177002,0.5285317897796631,0.2589259147644043
476,268,0.8583225607872009,0.6420031785964966,0.6394604096064965,0.6053615084166328,0.34147078147778887,0.011530160903930664,0.18515124917030334,0.011530160903930664,0.18515124917030334,0.19059249758720398,0.46197816729545593,0.18515124917030334,0.08340966701507568,0.18515124917030334,0.08340966701507568,0.32356470823287964,0.21351014077663422
477,268,1.6020994186401367,0.8314594626426697,0.684050220772624,0.603009907528758,0.5299143536388875,0.07875263690948486,0.2719721794128418,0.07875263690948486,0.2719721794128418,0.09358131885528564,0.512080192565918,0.2719721794128418,0.253715455532074,0.2719721794128418,0.253715455532074,0.3920261859893799,0.37739840149879456
478,268,1.199529767036438,0.8897284269332886,0.9389459555844467,0.5044098162899415,0.3530072595148035,0.5051667094230652,0.5051667094230652,0.5051667094230652,0.5051667094230652,0.5297524929046631,0.7158160209655762,0.5051667094230652,0.10059058666229248,0.5051667094230652,0.10059058666229248,0.6104913949966431,0.18727311491966248
479,268,1.6773585081100464,0.6041222214698792,0.7226386225099368,0.5785189282024901,0.2986778891334929,0.11971765756607056,0.21583038568496704,0.11971765756607056,0.21583038568496704,0.3425407409667969,0.477237343788147,0.21583038568496704,0.04424154758453369,0.21583038568496704,0.04424154758453369,0.346533864736557,0.14382848143577576
480,268,0.6585118174552917,0.7308295965194702,0.720500705475764,0.5622273379269365,0.44846785077902784,0.2104893922805786,0.2104893922805786,0.2104893922805786,0.2104893922805786,0.3115397095680237,0.41061627864837646,0.2104893922805786,0.1052931547164917,0.2104893922805786,0.1052931547164917,0.31055283546447754,0.18962472677230835
481,268,1.6887842416763306,0.6794396042823792,0.7375401065498588,0.6684423625469209,0.29153340592980403,0.15185999870300293,0.31675398349761963,0.15185999870300293,0.31675398349761963,0.172204852104187,0.6614691019058228,0.31675398349761963,0.0930284857749939,0.31675398349761963,0.0930284857749939,0.4891115427017212,0.2768701910972595
482,268,2.2628729343414307,0.7875798940658569,0.9514561289548874,0.46837912704795615,0.4241577580943703,0.3655064105987549,0.3655064105987549,0.3655064105987549,0.3655064105987549,0.3064665198326111,0.5066823959350586,0.3655064105987549,0.09905838966369629,0.3655064105987549,0.09905838966369629,0.43609440326690674,0.15026694536209106
483,268,1.0723152160644531,1.0626307725906372,1.079306109336515,0.7163196848457059,0.32399136302371834,0.5014638900756836,0.5014638900756836,0.5014638900756836,0.5014638900756836,0.73064786195755,0.908385157585144,0.5014638900756836,0.057309508323669434,0.5014638900756836,0.057309508323669434,0.7049245238304138,0.18429172039031982
484,268,0.4966675937175751,0.9693962931632996,0.7165109034006795,0.7814483056155346,0.43652863285814725,0.32111209630966187,0.6633973121643066,0.32111209630966187,0.6633973121643066,0.2921221852302551,0.6633973121643066,0.32111209630966187,0.15827685594558716,0.32111209630966187,0.15827685594558716,0.49225470423698425,0.29472488164901733
485,268,1.023965835571289,0.6764907836914062,0.5764911103248596,0.641819008514285,0.5050259455293418,0.021060466766357422,0.45198848843574524,0.021060466766357422,0.45198848843574524,0.3289836645126343,0.45198848843574524,0.25131914019584656,0.23346754908561707,0.25131914019584656,0.23346754908561707,0.3516538143157959,0.3310799300670624
486,268,1.4123470783233643,0.6178238391876221,0.7288724862132221,0.4575477742683143,0.3972597313299775,0.31256991624832153,0.3308204412460327,0.31256991624832153,0.3308204412460327,0.2934974431991577,0.4672646224498749,0.3308204412460327,0.11296665668487549,0.3308204412460327,0.11296665668487549,0.399042546749115,0.17389874160289764
487,268,2.927389144897461,0.8716738820075989,0.8646754066646098,0.5527688315697014,0.3364665196649732,0.42256486415863037,0.42256486415863037,0.42256486415863037,0.42256486415863037,0.6123605370521545,0.7497180700302124,0.42256486415863037,0.08051514625549316,0.42256486415863037,0.08051514625549316,0.5861414670944214,0.21336102485656738
488,268,1.4074050188064575,1.1017909049987793,1.1551389179875453,0.6178179420654976,0.3275684407477577,0.6157148480415344,0.6157148480415344,0.6157148480415344,0.6157148480415344,0.6031883358955383,0.9297751188278198,0.6157148480415344,0.10357803106307983,0.6157148480415344,0.10357803106307983,0.7727450132369995,0.20324432849884033
489,268,1.9511545896530151,1.218251347541809,0.7843695715566474,0.8932794756939015,0.45348234621187045,0.29652905464172363,0.765383243560791,0.29652905464172363,0.765383243560791,0.2717578411102295,0.765383243560791,0.29652905464172363,0.128606915473938,0.29652905464172363,0.128606915473938,0.5309561491012573,0.29730096459388733
490,268,0.768196702003479,1.4450790882110596,1.0758413297434646,0.6837900551160179,0.5277503599164388,0.19761836528778076,0.56076979637146,0.19761836528778076,0.56076979637146,0.18178462982177734,0.9132500886917114,0.56076979637146,0.19380640983581543,0.56076979637146,0.19380640983581543,0.7370099425315857,0.3448619842529297
491,268,3.874790906906128,0.9440131187438965,0.6676874899584799,0.766540604243055,0.3846286527253686,0.44182467460632324,0.7773942947387695,0.44182467460632324,0.7773942947387695,0.29343247413635254,0.7773942947387695,0.44182467460632324,0.1552947759628296,0.44182467460632324,0.1552947759628296,0.6096094846725464,0.3116888403892517
492,268,4.111821174621582,1.3854100704193115,1.3010160741830865,0.4376115301592898,0.4296991290493559,0.7672983407974243,0.7672983407974243,0.7672983407974243,0.7672983407974243,0.4994834065437317,0.9692654609680176,0.7672983407974243,0.19460320472717285,0.7672983407974243,0.19460320472717285,0.868281900882721,0.25728267431259155
493,268,3.4664804935455322,1.3544838428497314,1.046796061806381,0.8137881618738172,0.2681599709764124,0.3704985976219177,0.3704985976219177,0.3704985976219177,0.3704985976219177,0.9793330430984497,1.064239263534546,0.3704985976219177,0.039215803146362305,0.3704985976219177,0.039215803146362305,0.7173689603805542,0.17862534523010254
494,268,3.5539498329162598,2.069910764694214,1.4638497721279657,0.924945634032289,0.47136176562557663,0.6939789056777954,1.01203191280365,0.6939789056777954,1.01203191280365,1.4463088512420654,1.833972692489624,1.01203191280365,0.3391660451889038,1.01203191280365,0.3391660451889038,1.4230022430419922,0.6357802152633667
495,268,2.7056326866149902,1.7086565494537354,1.3210441695650417,0.815788571362694,0.4718717745443186,0.5242592096328735,0.7380059361457825,0.5242592096328735,0.7380059361457825,0.9341350793838501,1.3905861377716064,0.7380059361457825,0.2548506259918213,0.7380059361457825,0.2548506259918213,1.064296007156372,0.4667566418647766
496,268,3.472738027572632,2.1258738040924072,1.3670058050006628,0.9776829770952464,0.5720136493071912,0.41198575496673584,0.7862966060638428,0.41198575496673584,0.7862966060638428,1.1118555068969727,1.5786309242248535,0.7862966060638428,0.32540619373321533,0.7862966060638428,0.32540619373321533,1.1824637651443481,0.6561219692230225
497,268,2.9893014430999756,2.2436130046844482,1.6474565216836832,0.9487835930784545,0.5992267106038827,1.0518862009048462,1.0991060733795166,1.0518862009048462,1.0991060733795166,1.5201752185821533,1.9040213823318481,1.0991060733795166,0.42515814304351807,1.0991060733795166,0.42515814304351807,1.5015637874603271,0.7370378375053406
498,268,0.45973724126815796,2.028716802597046,1.5281046727051337,0.9521438047414026,0.4260001753394804,1.0416171550750732,1.304527759552002,1.0416171550750732,1.304527759552002,1.7470345497131348,2.049410820007324,1.304527759552002,0.27262020111083984,1.304527759552002,0.27262020111083984,1.676969289779663,0.5952447652816772
499,268,0.20123261213302612,1.009259819984436,0.5930542634613811,1.0115826649591328,0.3385124631412326,0.5947726964950562,1.0072364807128906,0.5947726964950562,1.0072364807128906,0.3690907955169678,1.0072364807128906,0.7622565031051636,0.1638774871826172,0.7622565031051636,0.1638774871826172,0.8847464919090271,0.28203147649765015
500,268,1.7057363986968994,0.5910210609436035,0.4846456200629472,0.5164699179679154,0.504771218150854,0.5674678087234497,0.30952176451683044,0.5674678087234497,0.30952176451683044,0.14013051986694336,0.6461277604103088,0.18776991963386536,0.12046763300895691,0.18776991963386536,0.12046763300895691,0.3636270761489868,0.30090200901031494
501,268,0.2852063477039337,0.7309308052062988,1.108472916682561,0.3625481028606494,0.26893993866940336,0.8430488109588623,0.8430488109588623,0.8430488109588623,0.8430488109588623,0.43321290612220764,0.9147756099700928,0.8430488109588623,0.06343340873718262,0.8430488109588623,0.06343340873718262,0.8789122104644775,0.09940862655639648
502,268,-0.8007459044456482,0.5913770794868469,0.4861870443324249,0.7544129383812349,0.1881993246326843,0.4491456151008606,0.5988462567329407,0.4491456151008606,0.5988462567329407,0.11310303211212158,0.5988462567329407,0.4491456151008606,0.02144908905029297,0.4491456151008606,0.02144908905029297,0.5239959359169006,0.09573531150817871
503,268,-0.9440330266952515,0.09568992257118225,0.06405299452443902,0.4257307921970884,0.4845265311623612,0.26425397396087646,0.004328697919845581,0.26425397396087646,0.004328697919845581,0.15602636337280273,0.004328697919845581,0.26425397396087646,0.3996528685092926,0.26425397396087646,0.3996528685092926,0.32416820526123047,0.34524211287498474
504,268,-2.9670982360839844,-0.9076176881790161,0.13678260387231905,0.04618376880263292,0.2551610241892436,0.06922423839569092,0.7209490537643433,0.06922423839569092,0.7209490537643433,1.066985845565796,0.7209490537643433,0.06922423839569092,0.30634504556655884,0.06922423839569092,0.30634504556655884,0.22920840978622437,0.5525244474411011
505,268,-0.23805448412895203,-1.6431598663330078,0.652019109862546,0.05657824772099668,0.012666789653400401,1.9864177703857422,0.9684937000274658,1.9864177703857422,0.9684937000274658,2.437559127807617,1.3616185188293457,0.9684937000274658,0.1795099973678589,0.9684937000274658,0.1795099973678589,1.1650561094284058,0.32262033224105835
506,268,-4.385645866394043,-1.215915560722351,0.1504813207313418,0.5569523240625858,0.0006358645483852676,1.5245593786239624,1.0197844505310059,1.5245593786239624,1.0197844505310059,1.6542789936065674,1.0197844505310059,0.8973422646522522,0.190468430519104,0.8973422646522522,0.190468430519104,0.9585633277893066,0.24490898847579956
507,268,-1.3858466148376465,-1.979682445526123,0.7185435558483004,0.132021513208747,0.38611397128552216,2.478700876235962,0.9171410799026489,2.478700876235962,0.9171410799026489,3.6232848167419434,1.773791790008545,0.9171410799026489,0.08195376396179199,0.9171410799026489,0.08195376396179199,1.291715145111084,0.362504243850708
508,268,0.8097125291824341,-1.96492600440979,0.2885139626885451,0.7665077480177085,0.14427954064061232,2.0857975482940674,1.7286077737808228,2.0857975482940674,1.7286077737808228,3.3395063877105713,1.7286077737808228,1.0705970525741577,0.06253671646118164,1.0705970525741577,0.06253671646118164,1.3996024131774902,0.32019901275634766
509,268,-0.8338671922683716,-1.185575246810913,0.6185354936743777,0.2637629583043356,0.6319865508687993,1.2101240158081055,1.2373303174972534,1.2101240158081055,1.2373303174972534,0.7092993259429932,1.2373303174972534,1.0466926097869873,0.7080642580986023,1.0466926097869873,0.7080642580986023,0.8149133920669556,0.49217259883880615
510,268,-0.8548622727394104,-0.5321469306945801,0.07771364390850066,0.6117863912507892,0.10990239743143326,0.3581988215446472,0.0461849570274353,0.3581988215446472,0.0461849570274353,0.2911309003829956,0.3797350227832794,0.3581988215446472,0.4221476912498474,0.3581988215446472,0.4221476912498474,0.19609001278877258,0.5709373950958252
511,268,-0.7389159202575684,-0.5770359635353088,0.0674708980073532,0.017667604448894814,0.40647557115803146,0.1889902949333191,0.5076779127120972,0.1889902949333191,0.5076779127120972,0.9882249236106873,0.5076779127120972,0.1889902949333191,0.27858513593673706,0.1889902949333191,0.27858513593673706,0.19157081842422485,0.4759067893028259
512,268,-2.016880512237549,-1.0403809547424316,0.05443843264132729,0.03532540835440146,0.0004392695054412643,0.34762048721313477,0.34762048721313477,0.34762048721313477,0.34762048721313477,0.7712279558181763,0.7181936502456665,0.34762048721313477,0.22607547044754028,0.34762048721313477,0.22607547044754028,0.5329070687294006,0.39861658215522766
513,268,-1.355137586593628,-1.4162976741790771,0.5374785997268435,0.019055409076002727,0.013922020619114295,1.637593150138855,0.8665493130683899,1.637593150138855,0.8665493130683899,1.9339699745178223,1.177357792854309,0.8665493130683899,0.1805485486984253,0.8665493130683899,0.1805485486984253,1.0219535827636719,0.30238473415374756
514,268,-0.6048353314399719,-1.4873255491256714,0.2080130133001758,0.3624630327864239,0.035017600798358806,1.0410094261169434,1.2429208755493164,1.0410094261169434,1.2429208755493164,2.0265536308288574,1.2429208755493164,0.6102913618087769,0.1455925703048706,0.6102913618087769,0.1455925703048706,0.9266061186790466,0.42051705718040466
515,268,0.20663954317569733,-1.5782355070114136,0.011872601186235676,0.1720908995221058,0.25387472982207926,0.7496039867401123,1.31521737575531,0.7496039867401123,1.31521737575531,1.604392409324646,1.31521737575531,0.4526207447052002,0.26106762886047363,0.4526207447052002,0.26106762886047363,0.7227879762649536,0.5372200012207031
516,268,-0.9992375373840332,-0.3596113920211792,0.5209228388592602,0.11493483446538427,0.026225031502544738,0.1204792857170105,0.1204792857170105,0.1204792857170105,0.1204792857170105,0.4373024106025696,0.12917956709861755,0.1204792857170105,0.2797855734825134,0.1204792857170105,0.2797855734825134,0.12482942640781403,0.38603144884109497
517,268,1.698604941368103,-0.5038721561431885,0.11673078991472705,0.4231120617687705,0.07153120897710297,0.08430469036102295,0.40767979621887207,0.08430469036102295,0.40767979621887207,0.971095860004425,0.40767979621887207,0.08430469036102295,0.13396668434143066,0.08430469036102295,0.13396668434143066,0.2459922432899475,0.382175475358963
518,268,1.1059482097625732,0.4641474485397339,1.1298803040323158,0.04094470130900518,0.2549228578743833,0.8505948781967163,0.8505948781967163,0.8505948781967163,0.8505948781967163,0.821924090385437,0.5280871987342834,0.8505948781967163,0.3558616042137146,0.8505948781967163,0.3558616042137146,0.8629564046859741,0.33651453256607056
519,268,1.5098693370819092,0.8445757031440735,0.8643172567337751,0.9406394317373634,0.006746935360133488,0.6646386384963989,1.241242527961731,0.6646386384963989,1.241242527961731,0.9277012944221497,1.241242527961731,0.6646386384963989,0.19925349950790405,0.6646386384963989,0.19925349950790405,0.9529405832290649,0.28722134232521057
520,268,0.5555718541145325,1.300187110900879,1.0293526570374767,0.7166730305055778,0.516677542241911,0.48750996589660645,0.5802758932113647,0.48750996589660645,0.5802758932113647,0.6369489431381226,0.965110182762146,0.5802758932113647,0.25213122367858887,0.5802758932113647,0.25213122367858887,0.7726930379867554,0.43263888359069824
521,268,1.6049911975860596,0.7791796326637268,0.5826721759668241,0.8033158317177247,0.3930179927094528,0.44392579793930054,0.7084395289421082,0.44392579793930054,0.7084395289421082,0.26653510332107544,0.7084395289421082,0.44392579793930054,0.14809077978134155,0.44392579793930054,0.14809077978134155,0.5761826634407043,0.2734239399433136
522,268,1.1625348329544067,1.3049137592315674,1.1887120739370582,0.5368415287882089,0.41128593444824224,0.8522437214851379,0.8522437214851379,0.8522437214851379,0.8522437214851379,0.7075636982917786,1.0514945983886719,0.8522437214851379,0.2107081413269043,0.8522437214851379,0.2107081413269043,0.9518691301345825,0.3113137185573578
523,268,0.9757714867591858,1.2201259136199951,0.9323869554201762,0.7207717688257494,0.24993878005693348,0.3907622694969177,0.6520630121231079,0.3907622694969177,0.6520630121231079,0.9026961922645569,1.1344408988952637,0.6520630121231079,0.12308108806610107,0.6520630121231079,0.12308108806610107,0.8932519555091858,0.3808249831199646
524,268,2.627244710922241,1.1765390634536743,0.8129327203705907,0.6667966747283938,0.5005015239492057,0.14294373989105225,0.4430776834487915,0.14294373989105225,0.4430776834487915,0.3474167585372925,0.8289604187011719,0.4430776834487915,0.2725086212158203,0.4430776834487915,0.2725086212158203,0.6360190510749817,0.4692428708076477
525,268,0.6341314315795898,1.3558048009872437,1.3722435859210482,0.5126591857840928,0.31288856175417656,0.9709816575050354,0.9709816575050354,0.9709816575050354,0.9709816575050354,0.807806670665741,1.2955445051193237,0.9709816575050354,0.13094329833984375,0.9709816575050354,0.13094329833984375,1.133263111114502,0.25218677520751953
526,268,0.49945440888404846,1.1452873945236206,0.6957805043334762,1.0255086022863784,0.3941122823829455,0.6224846839904785,0.9538180232048035,0.6224846839904785,0.9538180232048035,0.12526607513427734,0.9538180232048035,0.6224846839904785,0.15248334407806396,0.6224846839904785,0.15248334407806396,0.7881513833999634,0.29167526960372925
527,270,1.6612176895141602,0.6974451541900635,0.549665931922694,0.5496546296154459,0.4455782454212507,0.7186634540557861,0.27123773097991943,0.7186634540557861,0.27123773097991943,0.9896185398101807,0.506050169467926,0.27123773097991943,0.21463602781295776,0.27123773097991943,0.21463602781295776,0.38864395022392273,0.34542855620384216
528,271,2.7543859481811523,1.1378657817840576,1.1062415460993846,0.5068494830404717,0.2702250553791723,0.8412469625473022,0.8412469625473022,0.8412469625473022,0.8412469625473022,0.6385962963104248,1.025006651878357,0.8412469625473022,0.0800786018371582,0.8412469625473022,0.0800786018371582,0.9331268072128296,0.16876566410064697
529,273,-0.24629981815814972,1.545156717300415,1.4060357049976786,0.7089203124990064,0.28787416198601345,1.00100576877594,1.00100576877594,1.00100576877594,1.00100576877594,1.1793034076690674,1.6019426584243774,1.00100576877594,0.06155109405517578,1.00100576877594,0.06155109405517578,1.3014742136001587,0.2779827117919922
530,275,2.0275039672851562,0.8604746460914612,0.19957026600216854,1.0590240756546458,0.38335791579758083,0.8091272115707397,0.6536657214164734,0.8091272115707397,0.6536657214164734,0.8606106042861938,0.8809481859207153,0.8091272115707397,0.14422458410263062,0.8091272115707397,0.14422458410263062,0.9171522855758667,0.10932967066764832
531,278,2.1251730918884277,1.3543130159378052,1.3784808329679068,0.19058837034739584,0.5473125672806054,0.7202379703521729,1.1982866525650024,0.7202379703521729,1.1982866525650024,1.0560849905014038,1.342574954032898,1.1982866525650024,0.09007525444030762,1.1982866525650024,0.09007525444030762,1.3236711025238037,0.24720707535743713
532,281,1.8703571557998657,1.54275381565094,1.3250743522246675,0.8888499049594007,0.10474111673732578,0.9734081625938416,0.9734081625938416,0.9734081625938416,0.9734081625938416,1.5080127716064453,1.5436947345733643,0.9734081625938416,0.04264342784881592,0.9734081625938416,0.04264342784881592,1.2585514783859253,0.2566041946411133
533,285,1.979621410369873,1.8042880296707153,1.2463582448723414,0.9923949305961535,0.4814537495064237,0.6847901344299316,0.823716402053833,0.6847901344299316,0.823716402053833,1.3726987838745117,1.5217998027801514,0.823716402053833,0.2538478374481201,0.823716402053833,0.2538478374481201,1.1727581024169922,0.5521301031112671
534,286,2.674675941467285,1.7634944915771484,1.2055469026913248,0.8796838857916491,0.5901357971069712,0.622977614402771,0.6949313879013062,0.622977614402771,0.6949313879013062,1.1341482400894165,1.3361958265304565,0.6949313879013062,0.3064401149749756,0.6949313879013062,0.3064401149749756,1.0155636072158813,0.5792264938354492
535,288,3.1233203411102295,2.121715545654297,1.6383707239975531,0.8844368768980104,0.3960867438217006,1.3091174364089966,1.3091174364089966,1.3091174364089966,1.3091174364089966,1.6733484268188477,1.9519741535186768,1.3091174364089966,0.2899273633956909,1.3091174364089966,0.2899273633956909,1.6305458545684814,0.5604850053787231
536,290,2.292642593383789,1.861484408378601,1.4093196776012578,0.9012129677894216,0.44525346253688136,0.6760530471801758,0.6760530471801758,0.6760530471801758,0.6760530471801758,1.2572648525238037,1.4367485046386719,0.6760530471801758,0.1844325065612793,0.6760530471801758,0.1844325065612793,1.0564007759094238,0.4314579963684082
537,291,4.043981075286865,2.227628469467163,1.4601794079318644,1.0964177153259513,0.5324600977078084,0.5472238063812256,0.9789210557937622,0.5472238063812256,0.9789210557937622,1.3108303546905518,1.7929106950759888,0.9789210557937622,0.3244532346725464,0.9789210557937622,0.3244532346725464,1.3859158754348755,0.6814099550247192
538,293,1.9066082239151,2.312873363494873,1.8858652775113778,0.791469541763266,0.5156671159093582,1.2124769687652588,1.2124769687652588,1.2124769687652588,1.2124769687652588,1.33294677734375,1.88166344165802,1.2124769687652588,0.24647808074951172,1.2124769687652588,0.24647808074951172,1.5470702648162842,0.4576287865638733
539,296,3.1072399616241455,2.23278546333313,1.263432782967575,1.2606960637122389,0.4776863408042118,0.07747220993041992,1.0019973516464233,0.07747220993041992,1.0019973516464233,0.8076236248016357,2.00566029548645,1.0019973516464233,0.3546297550201416,1.0019973516464233,0.3546297550201416,1.503828763961792,0.8344854116439819
540,298,4.235689163208008,2.6152138710021973,1.8397531997691845,0.9777062118612228,0.626162109142169,1.016076922416687,1.644897222518921,1.016076922416687,1.644897222518921,0.9548239707946777,2.510039806365967,1.644897222518921,0.6463122367858887,1.644897222518921,0.6463122367858887,2.0774683952331543,0.9474303126335144
541,299,4.770397663116455,2.7115371227264404,2.0940571206559735,1.0654551470031337,0.4310311984022466,1.6169975996017456,1.6169975996017456,1.6169975996017456,1.6169975996017456,2.094619035720825,2.555450201034546,1.6169975996017456,0.29987239837646484,1.6169975996017456,0.29987239837646484,2.086223840713501,0.6799662113189697
542,303,2.7079529762268066,3.0798511505126953,2.134191605833669,1.1179164914165938,0.5170109260578952,1.6286860704421997,1.6286860704421997,1.6286860704421997,1.6286860704421997,2.590364694595337,2.8286385536193848,1.6286860704421997,0.3965005874633789,1.6286860704421997,0.3965005874633789,2.2286622524261475,0.8523651361465454
543,306,5.947938442230225,2.8627853393554688,1.520534468423575,1.3254531172104174,0.6173286682367332,0.15653753280639648,1.0436217784881592,0.15653753280639648,1.0436217784881592,1.2412469387054443,2.6103498935699463,1.0436217784881592,0.44805145263671875,1.0436217784881592,0.44805145263671875,1.8269858360290527,1.0182327032089233
544,310,1.6816569566726685,3.072028398513794,2.153996107201092,0.9776817153254522,0.5979698834847662,1.8897438049316406,1.8897438049316406,1.8897438049316406,1.8897438049316406,1.7546790838241577,3.111182451248169,1.8897438049316406,0.6312453746795654,1.8897438049316406,0.6312453746795654,2.5004630088806152,0.9835076928138733
545,311,5.662985801696777,2.7674596309661865,1.333065409399569,1.6274580584838985,0.5940698512643579,1.5073118209838867,2.610769033432007,1.5073118209838867,2.610769033432007,0.5282919406890869,2.610769033432007,1.5073118209838867,0.5101985931396484,1.5073118209838867,0.5101985931396484,2.0590405464172363,1.0777068138122559
546,313,3.9573936462402344,3.1599268913269043,2.335462949027618,0.7478654366483286,0.7645471584548553,1.8825185298919678,2.035353183746338,1.8825185298919678,2.035353183746338,2.5582921504974365,3.315208911895752,2.035353183746338,0.435330867767334,2.035353183746338,0.435330867767334,2.3753137588500977,0.8037502765655518
547,314,4.142152309417725,3.043273448944092,1.869789893577496,1.366956074486176,0.3821019559601946,0.5125949382781982,1.328805685043335,0.5125949382781982,1.328805685043335,1.8216850757598877,2.8305234909057617,1.328805685043335,0.18585515022277832,1.328805685043335,0.18585515022277832,2.079664707183838,0.7393405437469482
548,316,3.5779690742492676,3.3719635009765625,2.015478365725527,1.2279947868796688,0.6215411557132997,0.7178139686584473,1.5815868377685547,0.7178139686584473,1.5815868377685547,1.392816185951233,3.2715420722961426,1.5815868377685547,0.5242786407470703,1.5815868377685547,0.5242786407470703,2.4265644550323486,1.057655930519104
549,317,3.503993034362793,3.257564067840576,1.847351014129817,1.2940786712989216,0.6705242783576248,1.0947296619415283,1.4445470571517944,1.0947296619415283,1.4445470571517944,2.5168707370758057,2.8900413513183594,1.4445470571517944,0.5252161026000977,1.4445470571517944,0.5252161026000977,2.1672942638397217,1.083465337753296
550,319,2.9586734771728516,3.3823795318603516,1.8614879738663634,1.2824257984136542,0.7268858209749061,1.1727659702301025,1.6020339727401733,1.1727659702301025,1.6020339727401733,2.4279651641845703,3.202749729156494,1.6020339727401733,0.7196650505065918,1.6020339727401733,0.7196650505065918,2.4023919105529785,1.318079948425293
551,321,2.732548236846924,2.9890031814575195,1.8412213584889352,1.2265348435860743,0.5830321488684667,1.0763975381851196,1.491020917892456,1.0763975381851196,1.491020917892456,2.378843307495117,2.8027594089508057,1.491020917892456,0.5271811485290527,1.491020917892456,0.5271811485290527,2.146890163421631,1.0662121772766113
552,322,3.8908164501190186,2.996769666671753,1.7539882055778677,1.2915794742495441,0.5139241331319018,1.1736397743225098,1.8157856464385986,1.1736397743225098,1.8157856464385986,2.2589030265808105,3.119582414627075,1.8157856464385986,0.6822435855865479,1.8157856464385986,0.6822435855865479,2.467684030532837,1.232673168182373
553,324,1.9156162738800049,1.9697909355163574,1.448370564114302,0.7985323472693564,0.5136263656429945,1.2384676933288574,1.2384676933288574,1.2384676933288574,1.2384676933288574,1.6120487451553345,1.9570411443710327,1.2384676933288574,0.43063247203826904,1.2384676933288574,0.43063247203826904,1.5977544784545898,0.7568238377571106
554,325,1.3457868099212646,2.1638412475585938,1.165009990825007,1.0597255413668853,0.5000202216828864,0.014952421188354492,0.7488375902175903,0.014952421188354492,0.7488375902175903,0.806094765663147,1.795365571975708,0.7488375902175903,0.3577975034713745,0.7488375902175903,0.3577975034713745,1.272101640701294,0.7919983267784119
555,327,1.636615514755249,2.1141483783721924,0.8712758338078854,0.9303736682981255,0.8674253192171455,0.028214454650878906,1.7932897806167603,0.028214454650878906,1.7932897806167603,0.5888800621032715,1.7932897806167603,1.0058577060699463,1.0497713088989258,1.0058577060699463,1.0497713088989258,1.399573802947998,1.3950165510177612
556,328,1.1626293659210205,1.4545446634292603,1.1618883892769616,0.6302477608869472,0.3226370023066798,0.8237626552581787,0.9926992654800415,0.8237626552581787,0.9926992654800415,1.0680285692214966,1.4190380573272705,0.9926992654800415,0.2188107967376709,0.9926992654800415,0.2188107967376709,1.2058687210083008,0.43309682607650757
557,330,1.015744924545288,1.283339023590088,0.9022294652586186,0.8004279295851786,0.2945219752689203,0.4310814142227173,0.7243640422821045,0.4310814142227173,0.7243640422821045,0.9504668116569519,1.2358856201171875,0.7243640422821045,0.1356898546218872,0.7243640422821045,0.1356898546218872,0.980124831199646,0.39822086691856384
558,331,1.419625163078308,1.17361581325531,0.7893024415771168,0.5239036140094202,0.3204802775631346,0.25543665885925293,0.6565310955047607,0.25543665885925293,0.6565310955047607,0.5256954431533813,1.0820245742797852,0.6565310955047607,0.23965120315551758,0.6565310955047607,0.23965120315551758,0.869277834892273,0.45374560356140137
559,333,1.3371663093566895,1.0702375173568726,0.9508570031449198,0.5172429490089416,0.2792066534236073,0.717700719833374,0.717700719833374,0.717700719833374,0.717700719833374,0.9345344305038452,1.077101707458496,0.717700719833374,0.17694175243377686,0.717700719833374,0.17694175243377686,0.8974012136459351,0.3496641516685486
560,335,1.8141673803329468,1.3611440658569336,0.9399431116553024,0.5879810170084238,0.2502047673193737,0.8322135806083679,0.8857163786888123,0.8322135806083679,0.8857163786888123,1.26793372631073,1.3178553581237793,0.8857163786888123,0.16526174545288086,0.8857163786888123,0.16526174545288086,1.1017858982086182,0.4018261730670929
561,336,2.1336863040924072,1.4254555702209473,1.1527586561441425,0.6127879654616115,0.3236929059773681,0.9849008917808533,0.9849008917808533,0.9849008917808533,0.9849008917808533,1.2500731945037842,1.4030346870422363,0.9849008917808533,0.17037510871887207,0.9849008917808533,0.17037510871887207,1.1939678192138672,0.37943747639656067
562,338,1.6966654062271118,1.9777588844299316,1.3157613439733784,0.7768831157187621,0.3349495219315095,1.2018706798553467,1.2018706798553467,1.2018706798553467,1.2018706798553467,1.7900727987289429,1.9131252765655518,1.2018706798553467,0.29326748847961426,1.2018706798553467,0.29326748847961426,1.5574979782104492,0.6285763382911682
563,339,1.5551434755325317,1.9041204452514648,1.2068353032693266,0.812714203260839,0.3751522602140902,0.7906310558319092,1.0931875705718994,0.7906310558319092,1.0931875705718994,1.4864157438278198,1.7551641464233398,1.0931875705718994,0.3255133628845215,1.0931875705718994,0.3255133628845215,1.4241758584976196,0.6732186079025269
564,341,1.4734686613082886,1.7875556945800781,1.0537491882281997,0.7692765957737961,0.4287874686407547,0.5811828374862671,0.9554787874221802,0.5811828374862671,0.9554787874221802,1.0244107246398926,1.551637053489685,0.9554787874221802,0.37693750858306885,0.9554787874221802,0.37693750858306885,1.2535579204559326,0.6801505088806152
565,342,3.6067938804626465,1.5304083824157715,0.9671781065811713,0.6877344306310016,0.39633465004463986,0.7491015195846558,0.8827168941497803,0.7491015195846558,0.8827168941497803,1.2638264894485474,1.443597435951233,0.8827168941497803,0.25167906284332275,0.8827168941497803,0.25167906284332275,1.1631572246551514,0.5454400777816772
566,344,0.884432315826416,2.515530586242676,1.897930169980973,0.680399455856532,0.401606083251536,1.7318379878997803,1.7318379878997803,1.7318379878997803,1.7318379878997803,1.5248327255249023,2.278897762298584,1.7318379878997803,0.29058289527893066,1.7318379878997803,0.29058289527893066,2.0053677558898926,0.5558664202690125
567,345,2.4405152797698975,1.7948153018951416,0.6987185300141574,1.3098476809263229,0.296866428181529,1.1732652187347412,1.708066701889038,1.1732652187347412,1.708066701889038,0.199853777885437,1.708066701889038,1.1732652187347412,0.19925713539123535,1.1732652187347412,0.19925713539123535,1.4406659603118896,0.4526466131210327
568,347,1.7735880613327026,2.1985204219818115,1.435036896392703,0.4311358014494182,0.682143906056881,0.6368993520736694,1.3727633953094482,0.6368993520736694,1.3727633953094482,1.2956182956695557,2.300065517425537,1.3727633953094482,0.3442344665527344,1.3727633953094482,0.3442344665527344,1.6732556819915771,0.6693923473358154
569,349,1.5638580322265625,1.9602288007736206,1.0918415815445282,0.9105265402110911,0.21880361000696835,0.6270917654037476,1.0525076389312744,0.6270917654037476,1.0525076389312744,1.514405608177185,1.9003033638000488,1.0525076389312744,0.16231727600097656,1.0525076389312744,0.16231727600097656,1.4764055013656616,0.608844518661499
570,350,2.402639865875244,1.8341044187545776,1.0245775954363243,0.7635901416031021,0.45844632448007694,0.4282442331314087,1.0400608777999878,0.4282442331314087,1.0400608777999878,0.8569081425666809,1.7193357944488525,1.0400608777999878,0.4465157985687256,1.0400608777999878,0.4465157985687256,1.3796982765197754,0.780580997467041
571,352,2.395200729370117,1.8889784812927246,1.2772002627203864,0.6725523230309287,0.3734854581827918,1.2882018089294434,1.2882018089294434,1.2882018089294434,1.2882018089294434,1.5483160018920898,1.8374183177947998,1.2882018089294434,0.3119320869445801,1.2882018089294434,0.3119320869445801,1.5628100633621216,0.5955209732055664
572,353,-0.2553180456161499,2.3748419284820557,1.2963587433223922,0.9276638376091912,0.3714530379821861,1.2452151775360107,1.249854326248169,1.2452151775360107,1.249854326248169,2.1135847568511963,2.1179251670837402,1.249854326248169,0.2933652400970459,1.249854326248169,0.2933652400970459,1.6838897466659546,0.6974104642868042
573,355,0.7764776349067688,0.891445517539978,0.024731198673447086,0.879676513231049,0.3872873805525402,0.8816019296646118,0.7378590106964111,0.8816019296646118,0.7378590106964111,1.0905827283859253,0.9597432613372803,0.8843592405319214,0.1606990098953247,0.8843592405319214,0.1606990098953247,0.9886829853057861,0.18768876791000366
574,356,0.27256155014038086,0.6371143460273743,0.5025796452785533,0.06598632333489762,0.4822024599804232,0.49302786588668823,0.4871198832988739,0.49302786588668823,0.4871198832988739,0.07628476619720459,0.6937704086303711,0.4871198832988739,0.10555368661880493,0.4871198832988739,0.10555368661880493,0.6426489949226379,0.17818506062030792
575,358,0.8842107653617859,0.32645183801651,0.2991435939073561,0.39513825058937085,0.03920733623206618,0.302242636680603,0.462429016828537,0.302242636680603,0.462429016828537,0.16477882862091064,0.462429016828537,0.302242636680603,0.04973721504211426,0.302242636680603,0.04973721504211426,0.3823358416557312,0.08185052871704102
576,360,1.1325268745422363,0.7292991280555725,0.4810349761818845,0.1937889749867221,0.1970915769351026,0.5120656490325928,0.5120656490325928,0.5120656490325928,0.5120656490325928,0.6186620593070984,0.7361258864402771,0.5120656490325928,0.1028175950050354,0.5120656490325928,0.1028175950050354,0.574377179145813,0.16951912641525269
577,361,1.0629347562789917,0.8934651613235474,0.6604181115329265,0.38830383509397515,0.1366501109302043,0.6777613162994385,0.6777613162994385,0.6777613162994385,0.6777613162994385,0.8822678327560425,0.964795708656311,0.6777613162994385,0.044342041015625,0.6777613162994385,0.044342041015625,0.8212785124778748,0.2012472152709961
578,363,1.038601040840149,1.21189284324646,0.6377709496269623,0.5378032710465291,0.21848273609454427,0.6125321984291077,0.6556980609893799,0.6125321984291077,0.6556980609893799,1.0642567873001099,1.1044740676879883,0.6556980609893799,0.17991280555725098,0.6556980609893799,0.17991280555725098,0.8800860643386841,0.413119912147522
579,364,2.1167702674865723,1.0981159210205078,0.6514619499444962,0.45889732122421234,0.3072162488102914,0.5438046455383301,0.5977434515953064,0.5438046455383301,0.5977434515953064,0.8525843024253845,0.925675630569458,0.5977434515953064,0.2226787805557251,0.5977434515953064,0.2226787805557251,0.7617095708847046,0.39558476209640503
580,366,1.950219750404358,1.6550873517990112,1.1992968988294401,0.47572940549502785,0.29297022576133425,1.1673113107681274,1.1673113107681274,1.1673113107681274,1.1673113107681274,1.1540133953094482,1.532945990562439,1.1673113107681274,0.2235121726989746,1.1673113107681274,0.2235121726989746,1.3501286506652832,0.41159188747406006
581,367,1.9772586822509766,1.894883632659912,1.1805051513885456,0.8421859676142531,0.25572849636276596,0.9856224656105042,1.0877002477645874,0.9856224656105042,1.0877002477645874,1.6780198812484741,1.7725967168807983,1.0877002477645874,0.18570566177368164,1.0877002477645874,0.18570566177368164,1.4301484823226929,0.5259882211685181
582,369,2.151017427444458,1.966448187828064,1.14724185573558,0.7703040641794605,0.396060898254315,0.9905822277069092,1.0722228288650513,0.9905822277069092,1.0722228288650513,1.619588017463684,1.759412169456482,1.0722228288650513,0.3348972797393799,1.0722228288650513,0.3348972797393799,1.4158174991607666,0.6695797443389893
583,370,1.5451884269714355,2.076291561126709,1.230550847675962,0.7424846054481651,0.4115942709761051,1.1441137790679932,1.1441137790679932,1.1441137790679932,1.1441137790679932,1.7438759803771973,1.8030564785003662,1.1441137790679932,0.38456273078918457,1.1441137790679932,0.38456273078918457,1.4735851287841797,0.6926762461662292
584,372,1.1282260417938232,1.7882226705551147,0.9989166201899445,0.8904334150875608,0.3859198340090617,0.5233936309814453,0.8891393542289734,0.5233936309814453,0.8891393542289734,1.2662876844406128,1.6040592193603516,0.8891393542289734,0.3092719316482544,0.8891393542289734,0.3092719316482544,1.2465993165969849,0.6646453738212585
585,374,2.2847108840942383,1.5855852365493774,0.7228488202889758,0.7005785905507703,0.4101303633612896,0.06723880767822266,0.7678775191307068,0.06723880767822266,0.7678775191307068,0.44648098945617676,1.3844953775405884,0.7678775191307068,0.3715693950653076,0.7678775191307068,0.3715693950653076,1.0761864185333252,0.6814130544662476
586,375,2.0862648487091064,1.6831308603286743,1.2269780217700947,0.5099186599192518,0.35257958766383446,1.1656324863433838,1.1656324863433838,1.1656324863433838,1.1656324863433838,1.1567776203155518,1.543039083480835,1.1656324863433838,0.281970739364624,1.1656324863433838,0.281970739364624,1.3543357849121094,0.46706658601760864
587,377,1.7745321989059448,2.1038248538970947,1.191933225778242,0.8435595608626802,0.2272396170844635,1.0250279903411865,1.1565759181976318,1.0250279903411865,1.1565759181976318,1.8686448335647583,1.9853535890579224,1.1565759181976318,0.24925947189331055,1.1565759181976318,0.24925947189331055,1.5709648132324219,0.6535745859146118
588,378,0.4291900396347046,2.0061111450195312,0.9915593600273129,0.7494653656519952,0.4106368718110027,0.6721324920654297,0.964440107345581,0.6721324920654297,0.964440107345581,1.3379251956939697,1.7001333236694336,0.964440107345581,0.4110991954803467,0.964440107345581,0.4110991954803467,1.3322867155075073,0.7602096199989319
589,380,1.200285792350769,0.9647422432899475,0.27598605393121645,0.583761417257289,0.3347225831697386,0.47881439328193665,0.8222912549972534,0.47881439328193665,0.8222912549972534,0.7348634004592896,1.0609140396118164,0.5838854312896729,0.26564210653305054,0.5838854312896729,0.26564210653305054,0.7099960446357727,0.40922391414642334
590,381,1.016295313835144,0.9508219957351685,0.6666417882032691,0.16223700415343045,0.3071185833774508,0.34032201766967773,0.651959240436554,0.34032201766967773,0.651959240436554,0.5897710919380188,1.0245558023452759,0.651959240436554,0.1517707109451294,0.651959240436554,0.1517707109451294,0.7667219638824463,0.2867274880409241
591,383,1.4509882926940918,1.0428094863891602,0.560568967719252,0.45058635428237426,0.11341588637481115,0.4684957265853882,0.5742456912994385,0.4684957265853882,0.5742456912994385,0.8827084302902222,0.9853832721710205,0.5742456912994385,0.06655102968215942,0.5742456912994385,0.06655102968215942,0.7798144817352295,0.27663931250572205
592,384,2.2360100746154785,1.3055795431137085,0.8176035178825258,0.38039613541215667,0.2507137816399334,0.8421496152877808,0.8421496152877808,0.8421496152877808,0.8421496152877808,1.0420854091644287,1.1903561353683472,0.8421496152877808,0.1845606565475464,0.8421496152877808,0.1845606565475464,1.016252875328064,0.3666516840457916
593,386,0.7264828681945801,1.790443778038025,1.1452528870726626,0.597257337688158,0.26383001238728565,1.1621766090393066,1.1621766090393066,1.1621766090393066,1.1621766090393066,1.39375638961792,1.6936665773391724,1.1621766090393066,0.21979784965515137,1.1621766090393066,0.21979784965515137,1.4279215335845947,0.4990609884262085
594,388,2.6828854084014893,1.2842236757278442,0.5571751646883786,0.7344711590930819,0.13796298554167175,0.5645908713340759,0.9911115169525146,0.5645908713340759,0.9911115169525146,0.16801834106445312,0.9911115169525146,0.5645908713340759,0.01146245002746582,0.5645908713340759,0.01146245002746582,0.7778512239456177,0.19920212030410767
595,389,0.3403870463371277,1.8053122758865356,1.246393988175938,0.3527613161752625,0.43519944230715446,1.037243366241455,1.037243366241455,1.037243366241455,1.037243366241455,1.3369371891021729,1.738032341003418,1.037243366241455,0.18073391914367676,1.037243366241455,0.18073391914367676,1.2307140827178955,0.34608131647109985
596,391,0.5333681106567383,1.0510677099227905,0.17287588186406855,0.96112253233868,0.21375089891332522,0.8408732414245605,1.0444883108139038,0.8408732414245605,1.0444883108139038,0.6964014768600464,1.183667778968811,0.8408732414245605,0.22232657670974731,0.8408732414245605,0.22232657670974731,0.9119225144386292,0.2865004539489746
597,392,0.06764879077672958,0.6806551218032837,0.2703814928730329,0.190338583731403,0.4097788551015157,0.3548712432384491,0.792338490486145,0.3548712432384491,0.792338490486145,0.576801061630249,0.792338490486145,0.3548712432384491,0.14632892608642578,0.3548712432384491,0.14632892608642578,0.5101931095123291,0.30801665782928467
598,394,-0.626473605632782,0.262617826461792,0.06448421668261295,0.20254038464277982,0.07304140247404575,0.15528500080108643,0.1888429820537567,0.15528500080108643,0.1888429820537567,0.17247804999351501,0.22977903485298157,0.15528500080108643,0.03473006188869476,0.15528500080108643,0.03473006188869476,0.1756366491317749,0.054992713034152985
599,395,-0.5283071994781494,-0.31974494457244873,0.2698292653883495,0.1427008673859138,0.16635837211584048,0.9903574585914612,0.33586961030960083,0.9903574585914612,0.33586961030960083,0.8727771639823914,0.21390022337436676,0.33586961030960083,0.024965882301330566,0.33586961030960083,0.024965882301330566,0.28857025504112244,0.06741005182266235
600,397,-2.0232596397399902,-0.46701398491859436,0.1498510312413175,0.12612481628855088,0.0927595460290711,0.5579748153686523,0.25372302532196045,0.5579748153686523,0.25372302532196045,0.9966495037078857,0.46557551622390747,0.25372302532196045,0.014449596405029297,0.25372302532196045,0.014449596405029297,0.35964927077293396,0.10505418479442596
601,399,-1.4671916961669922,-1.3670790195465088,0.8296845416150365,0.17227216742311924,0.09169064370760083,1.5796464681625366,0.7507690787315369,1.5796464681625366,0.7507690787315369,1.8008017539978027,0.9599374532699585,0.7507690787315369,0.14332151412963867,0.7507690787315369,0.14332151412963867,0.8553532361984253,0.2267950177192688
602,399,-0.11780209094285965,-1.4856326580047607,0.5995507657279575,0.5725318762039144,0.04650693857421451,1.0293810367584229,0.5498205423355103,1.0293810367584229,0.5498205423355103,2.2993757724761963,1.2973237037658691,0.5498205423355103,0.12665033340454102,0.5498205423355103,0.12665033340454102,0.9235721230506897,0.4481028914451599
603,399,-1.78744637966156,-1.218064546585083,0.1113708059241375,0.3987935188164314,0.33916780849297823,0.9975979328155518,0.5934292078018188,0.9975979328155518,0.5934292078018188,1.678197979927063,0.9957003593444824,0.5371661186218262,0.05374288558959961,0.5371661186218262,0.05374288558959961,0.737669825553894,0.29046258330345154
604,399,-0.6030686497688293,-1.1391587257385254,0.7192443712179858,0.020432112651566525,0.17954990347226463,1.595566749572754,0.7001711130142212,1.595566749572754,0.7001711130142212,2.0389044284820557,1.0045175552368164,0.7001711130142212,0.039742469787597656,0.7001711130142212,0.039742469787597656,0.8311029076576233,0.17538869380950928
605,399,-2.3066446781158447,-0.9177470803260803,0.29901962004679583,0.4809474274779978,0.041847684950722885,1.0654455423355103,0.8476637005805969,1.0654455423355103,0.8476637005805969,1.6415445804595947,0.8476637005805969,0.5579048991203308,0.02406555414199829,0.5579048991203308,0.02406555414199829,0.7027842998504639,0.16184234619140625
606,399,-0.8625820875167847,-1.6249518394470215,0.9295359875261783,0.15123544216156004,0.3111908574402331,1.7645453214645386,0.8499008417129517,1.7645453214645386,0.8499008417129517,2.5242507457733154,1.5420869588851929,0.8499008417129517,0.22280597686767578,0.8499008417129517,0.22280597686767578,1.0789103507995605,0.40126460790634155
607,399,-1.879510521888733,-1.3230259418487549,0.4098780868699152,0.7010776189559449,0.052321289147560845,1.3217763900756836,1.169071912765503,1.3217763900756836,1.169071912765503,1.9037609100341797,1.169071912765503,0.7592112421989441,0.1442345380783081,0.7592112421989441,0.1442345380783081,0.9641416072845459,0.33285653591156006
608,399,-2.1821200847625732,-1.6947643756866455,0.7941260483240086,0.21203715347995367,0.41310217050214604,1.2239092588424683,0.6881750822067261,1.2239092588424683,0.6881750822067261,2.0792315006256104,1.5977073907852173,0.6881750822067261,0.3383040428161621,0.6881750822067261,0.3383040428161621,0.9865542650222778,0.560649037361145
609,399,-3.024458646774292,-1.6624205112457275,0.8646700067445637,0.488343405202031,0.07869473446160535,1.5055623054504395,0.7592620849609375,1.5055623054504395,0.7592620849609375,2.4213404655456543,1.4138227701187134,0.7592620849609375,0.20383012294769287,0.7592620849609375,0.20383012294769287,1.0865423679351807,0.49687594175338745
610,399,-0.832580029964447,-2.1420655250549316,0.9381299954652785,0.6367452518641952,0.3377962277829645,1.5389354228973389,0.9230018854141235,1.5389354228973389,0.9230018854141235,2.4990200996398926,1.754326581954956,0.9230018854141235,0.462246298789978,0.9230018854141235,0.462246298789978,1.3386642932891846,0.7315836548805237
611,399,-1.4667909145355225,-2.1442368030548096,0.45832721948623645,0.8975936487317082,0.49654868137091446,1.9210212230682373,1.4737029075622559,1.9210212230682373,1.4737029075622559,2.675690174102783,2.0758566856384277,1.0710161924362183,0.34401726722717285,1.0710161924362183,0.34401726722717285,1.3701794147491455,0.6655938029289246
612,399,-2.324819564819336,-1.7484850883483887,0.669003855517755,0.2723969929354886,0.5916923783967892,0.7867031097412109,0.4843621253967285,0.7867031097412109,0.4843621253967285,2.102109432220459,1.7372686862945557,0.4843621253967285,0.31715595722198486,0.4843621253967285,0.31715595722198486,0.9344916939735413,0.6754170060157776
613,399,-2.6900932788848877,-1.6112743616104126,0.8373551267509662,0.4335109354120985,0.100813412287583,1.6100101470947266,0.7655502557754517,1.6100101470947266,0.7655502557754517,2.43904972076416,1.345294713973999,0.7655502557754517,0.2109079360961914,0.7655502557754517,0.2109079360961914,1.0554225444793701,0.4357365369796753
614,399,-1.8899831771850586,-2.123687267303467,0.9649323116863768,0.6739577624450124,0.293228128763537,1.5411739349365234,0.8261325359344482,1.5411739349365234,0.8261325359344482,2.8406550884246826,1.756861686706543,0.8261325359344482,0.3773467540740967,0.8261325359344482,0.3773467540740967,1.2914971113204956,0.7242461442947388
615,399,-1.6334394216537476,-2.0678253173828125,0.7072147162010272,0.7017194844534,0.334028818209966,0.5326075553894043,0.5326075553894043,0.5326075553894043,0.5326075553894043,1.7414190769195557,1.4234473705291748,0.5326075553894043,0.4183781147003174,0.5326075553894043,0.4183781147003174,0.9780274629592896,0.7549421191215515
616,399,-2.8182294368743896,-1.982115626335144,0.7122497560208042,0.6204774856691558,0.4879254823674759,0.47698986530303955,0.47698986530303955,0.47698986530303955,0.47698986530303955,1.3740551471710205,1.249939203262329,0.47698986530303955,0.5611109733581543,0.47698986530303955,0.5611109733581543,0.8634645342826843,0.8583288192749023
617,399,-0.6120415329933167,-2.0063459873199463,0.9323167876619842,0.4698672552593054,0.3233797980938107,1.4646903276443481,0.8068102598190308,1.4646903276443481,0.8068102598190308,2.1608786582946777,1.4867219924926758,0.8068102598190308,0.3906315565109253,0.8068102598190308,0.3906315565109253,1.146766185760498,0.615702748298645
618,399,-1.6098296642303467,-1.6145210266113281,0.37852933933027066,0.7582384580187502,0.23055801269598297,1.5630857944488525,1.1933358907699585,1.5630857944488525,1.1933358907699585,1.8964602947235107,1.1933358907699585,0.8925390243530273,0.33939802646636963,0.8925390243530273,0.33939802646636963,1.0429375171661377,0.47207891941070557
619,399,-2.011928081512451,-1.48154616355896,0.6813557833681503,0.19147753457228345,0.49664396802584343,1.0635534524917603,0.5406261682510376,1.0635534524917603,0.5406261682510376,2.140679359436035,1.479332447052002,0.5406261682510376,0.2428281307220459,0.5406261682510376,0.2428281307220459,0.8970512747764587,0.5337168574333191
620,399,-0.6017577648162842,-1.5222114324569702,0.7299898878112434,0.47294452957808963,0.059647066108882596,1.4610090255737305,0.7114946842193604,1.4610090255737305,0.7114946842193604,2.405940294265747,1.3002747297286987,0.7114946842193604,0.15365290641784668,0.7114946842193604,0.15365290641784668,1.0058846473693848,0.391169935464859
621,399,-1.2763768434524536,-1.2745857238769531,0.28143506837387894,0.5952329613765079,0.2440832355370126,1.2440093755722046,1.046032428741455,1.2440093755722046,1.046032428741455,1.5783878564834595,1.046032428741455,0.733710765838623,0.32169365882873535,0.733710765838623,0.32169365882873535,0.8898715972900391,0.46593955159187317
622,399,-1.6636229753494263,-1.4663479328155518,0.5585006082678834,0.16893822547669235,0.37010418229425934,0.8534685969352722,0.49859708547592163,0.8534685969352722,0.49859708547592163,1.690816044807434,1.2809555530548096,0.49859708547592163,0.24567222595214844,0.49859708547592163,0.24567222595214844,0.7593754529953003,0.47787392139434814
623,399,0.8664838075637817,-1.250674843788147,0.6400351996285218,0.31040015892436124,0.02360850866263109,1.1319397687911987,0.5921629667282104,1.1319397687911987,0.5921629667282104,1.8521640300750732,1.0553354024887085,0.5921629667282104,0.13589692115783691,0.5921629667282104,0.13589692115783691,0.8237491846084595,0.325723797082901
624,399,1.1085472106933594,-0.5388365983963013,0.4556001559893289,0.5143677764137584,0.16578615104158723,1.5858428478240967,0.20469164848327637,1.5858428478240967,0.20469164848327637,1.0767734050750732,0.20469164848327637,0.6657666563987732,0.3079083263874054,0.6657666563987732,0.3079083263874054,0.4352291524410248,0.2283945232629776
625,399,-0.18218114972114563,0.5063193440437317,0.6546413912127413,0.4828544146070879,0.2702784415086109,0.614989161491394,0.614989161491394,0.614989161491394,0.614989161491394,0.8874891996383667,0.9961025714874268,0.614989161491394,0.3311429023742676,0.614989161491394,0.3311429023742676,0.8055458664894104,0.1740870475769043
626,399,1.538821816444397,0.34766530990600586,0.05252269742389515,0.48999272050956877,0.23645733534048002,0.39478152990341187,0.29379427433013916,0.39478152990341187,0.29379427433013916,0.4885910749435425,0.4338088035583496,0.39478152990341187,0.1095590591430664,0.39478152990341187,0.1095590591430664,0.4629238545894623,0.07263976335525513
627,399,2.1374783515930176,0.9632980823516846,0.9329091100394726,0.022814865484833913,0.3109784539788958,0.9506373405456543,0.9506373405456543,0.9506373405456543,0.9506373405456543,1.06129789352417,1.0683969259262085,0.9506373405456543,0.07964789867401123,0.9506373405456543,0.07964789867401123,1.0467700958251953,0.11300462484359741
628,399,0.5176370143890381,1.336111307144165,1.1232192290838185,0.6210119087023972,0.03085639189540723,1.066754698753357,1.066754698753357,1.066754698753357,1.066754698753357,1.379065752029419,1.594573736190796,1.066754698753357,0.03350508213043213,1.066754698753357,0.03350508213043213,1.3306641578674316,0.27127310633659363
629,399,0.7160611748695374,1.3536561727523804,0.29989641955743207,0.9225900524730485,0.4461640700201194,0.8338993787765503,1.1350117921829224,0.8338993787765503,1.1350117921829224,1.0369198322296143,1.4746109247207642,0.8338993787765503,0.3313424587249756,0.8338993787765503,0.3313424587249756,1.0136444568634033,0.5177951455116272
630,399,1.3449287414550781,0.9793011546134949,0.4599524776451289,0.26110569020733254,0.5654636116698385,0.48366808891296387,1.0445630550384521,0.48366808891296387,1.0445630550384521,0.15032219886779785,1.0445630550384521,0.48366808891296387,0.21898800134658813,0.48366808891296387,0.21898800134658813,0.6632565259933472,0.4151555597782135
631,399,1.7114464044570923,0.9746440649032593,0.7619326406903562,0.343967207968235,0.12432085676118754,0.7646485567092896,0.7646485567092896,0.7646485567092896,0.7646485567092896,0.7961000204086304,1.0267456769943237,0.7646485567092896,0.070567786693573,0.7646485567092896,0.070567786693573,0.8956971168518066,0.20337370038032532
632,399,1.2431739568710327,1.3002779483795166,0.8804354588501154,0.5190758014842869,0.1996297827921807,0.9234046339988708,0.9234046339988708,0.9234046339988708,0.9234046339988708,1.2620340585708618,1.3880339860916138,0.9234046339988708,0.17499852180480957,0.9234046339988708,0.17499852180480957,1.15571928024292,0.43061622977256775
633,399,0.9888548254966736,1.2762295007705688,0.7348758366952339,0.6229431469986836,0.2902621989945573,0.41300803422927856,0.669062077999115,0.41300803422927856,0.669062077999115,0.9963586330413818,1.2413902282714844,0.669062077999115,0.28214484453201294,0.669062077999115,0.28214484453201294,0.9552261829376221,0.5636078715324402
634,399,1.2305039167404175,1.2507879734039307,0.5878920621300741,0.5460629663492242,0.35979632931450967,0.15300273895263672,0.5774219036102295,0.15300273895263672,0.5774219036102295,0.4492284059524536,1.0427137613296509,0.5774219036102295,0.34004777669906616,0.5774219036102295,0.34004777669906616,0.8100678324699402,0.5689380168914795
635,399,1.6327054500579834,1.359605312347412,0.7307856738318999,0.5033532362182934,0.3970756023873889,0.7097486257553101,0.7172617316246033,0.7097486257553101,0.7172617316246033,1.0429954528808594,1.165635585784912,0.7172617316246033,0.327136754989624,0.7172617316246033,0.327136754989624,0.9414486885070801,0.5559786558151245
636,399,2.2838869094848633,1.482754111289978,0.9480495155602693,0.5150106410402806,0.2561035785544663,0.9313382506370544,0.9313382506370544,0.9313382506370544,0.9313382506370544,1.2186740636825562,1.3681102991104126,0.9313382506370544,0.1780383586883545,0.9313382506370544,0.1780383586883545,1.1497242450714111,0.39735013246536255
637,399,0.39268994331359863,1.7450499534606934,1.1413711419453223,0.5512305317570768,0.2529122148950895,1.0454976558685303,1.0454976558685303,1.0454976558685303,1.0454976558685303,1.3293029069900513,1.5395877361297607,1.0454976558685303,0.17524981498718262,1.0454976558685303,0.17524981498718262,1.2925426959991455,0.4116321802139282
638,399,2.056877851486206,1.3036627769470215,0.2816517470528681,0.8270356715967258,0.36141200063129264,0.8438555002212524,1.0687706470489502,0.8438555002212524,1.0687706470489502,1.041508436203003,1.3993980884552002,0.8438555002212524,0.23711824417114258,0.8438555002212524,0.23711824417114258,1.01497220993042,0.40801796317100525
639,399,1.3667346239089966,1.5912206172943115,1.1546206994478903,0.24476198102657976,0.5099432827842734,1.0275144577026367,1.1646959781646729,1.0275144577026367,1.1646959781646729,1.45858895778656,1.7535545825958252,1.1646959781646729,0.1610410213470459,1.1646959781646729,0.1610410213470459,1.3774713277816772,0.3707428574562073
640,399,0.356962651014328,1.266538143157959,0.8863495869934559,0.6769113524258136,0.13736050993204119,0.37526965141296387,0.7674567699432373,0.37526965141296387,0.7674567699432373,0.98609459400177,1.36826753616333,0.7674567699432373,0.05829155445098877,0.7674567699432373,0.05829155445098877,1.0678621530532837,0.3614041209220886
641,399,1.2891721725463867,1.1381868124008179,0.24177767364929137,0.6035949700574077,0.45067593401918815,0.24914681911468506,0.7132554054260254,0.24914681911468506,0.7132554054260254,0.6740877628326416,1.1048815250396729,0.5156024694442749,0.20611083507537842,0.5156024694442749,0.20611083507537842,0.7166272401809692,0.4237232804298401
642,399,0.5616440176963806,1.1277320384979248,0.748473564175268,0.2136769866322481,0.44067859215040983,0.6751754283905029,0.7190259695053101,0.6751754283905029,0.7190259695053101,0.9936042428016663,1.179050326347351,0.7190259695053101,0.1524059772491455,0.7190259695053101,0.1524059772491455,0.8773505091667175,0.31646549701690674
643,399,1.715760588645935,0.7433059215545654,0.3922960878163576,0.5211892368271948,0.12364200379699475,0.44606104493141174,0.7501270174980164,0.44606104493141174,0.7501270174980164,0.35490643978118896,0.7501270174980164,0.44606104493141174,0.07090967893600464,0.44606104493141174,0.07090967893600464,0.5980940461158752,0.22757890820503235
644,399,0.437094122171402,1.2739304304122925,0.9225454194191843,0.35175827920436875,0.37459257877431806,0.8930140733718872,0.8930140733718872,0.8930140733718872,0.8930140733718872,1.0619852542877197,1.3751063346862793,0.8930140733718872,0.2060108184814453,0.8930140733718872,0.2060108184814453,1.0246281623840332,0.34637755155563354
645,399,1.5845171213150024,0.9037595987319946,0.2865026911223927,0.6782630228127041,0.1771155064056319,0.567566990852356,0.8055729269981384,0.567566990852356,0.8055729269981384,0.12181854248046875,0.8055729269981384,0.567566990852356,0.08017408847808838,0.567566990852356,0.08017408847808838,0.6865699291229248,0.1970387101173401
646,399,0.6471621990203857,1.1185505390167236,0.843796167857945,0.2093376749008895,0.3144092268124222,0.718914270401001,0.7850703001022339,0.718914270401001,0.7850703001022339,0.907370924949646,1.1262521743774414,0.7850703001022339,0.14371025562286377,0.7850703001022339,0.14371025562286377,0.8792374134063721,0.24637764692306519
647,399,2.4660611152648926,0.9649279713630676,0.387242775435249,0.6773738349104923,0.16739856197188296,0.642139732837677,0.977951169013977,0.642139732837677,0.977951169013977,0.490846186876297,0.977951169013977,0.642139732837677,0.09361201524734497,0.642139732837677,0.09361201524734497,0.8100454807281494,0.2634527087211609
648,399,2.2836835384368896,1.683105707168579,1.2591483998609085,0.28084071713810155,0.3450581134979924,1.1562438011169434,1.1562438011169434,1.1562438011169434,1.1562438011169434,1.2814010381698608,1.6806832551956177,1.1562438011169434,0.21928417682647705,1.1562438011169434,0.21928417682647705,1.3021931648254395,0.34210723638534546
649,399,2.857996702194214,2.0540475845336914,1.2347907375047606,0.9438287772486609,0.2138398110369839,1.1256529092788696,1.2353379726409912,1.1256529092788696,1.2353379726409912,1.9871983528137207,2.082733392715454,1.2353379726409912,0.11371815204620361,1.2353379726409912,0.11371815204620361,1.6590356826782227,0.5437717437744141
650,399,2.4432876110076904,2.633720874786377,1.498722812893489,0.8469793211917083,0.47045983954022397,1.3856799602508545,1.3856799602508545,1.3856799602508545,1.3856799602508545,2.0581881999969482,2.3090035915374756,1.3856799602508545,0.46591997146606445,1.3856799602508545,0.46591997146606445,1.847341775894165,0.8781874179840088
651,399,2.931365966796875,2.33886456489563,1.2840029331296683,0.9289116576313972,0.42855228811502455,0.9752271175384521,1.2363247871398926,0.9752271175384521,1.2363247871398926,1.8731663227081299,2.1120691299438477,1.2363247871398926,0.3339200019836426,1.2363247871398926,0.3339200019836426,1.6741969585418701,0.7515071630477905
652,399,1.5450550317764282,2.4839751720428467,1.3706773811671886,0.7940793605940417,0.5591316198045386,1.2453714609146118,1.2453714609146118,1.2453714609146118,1.2453714609146118,1.9076683521270752,2.0891225337982178,1.2453714609146118,0.5186061859130859,1.2453714609146118,0.5186061859130859,1.6672470569610596,0.8658289313316345
653,399,1.7091435194015503,2.0647077560424805,0.8691862070808807,0.9569481605912246,0.4436932013804715,0.9108552932739258,1.7209861278533936,0.9108552932739258,1.7209861278533936,0.989666223526001,1.7209861278533936,0.9108552932739258,0.4262658357620239,0.9108552932739258,0.4262658357620239,1.3159207105636597,0.8260818123817444
654,399,2.4238083362579346,1.9936296939849854,0.9385353440356752,0.6476640088421604,0.5495205571626625,0.20437312126159668,0.8481845855712891,0.20437312126159668,0.8481845855712891,0.25615787506103516,1.4762789011001587,0.8481845855712891,0.5413730144500732,0.8481845855712891,0.5413730144500732,1.162231683731079,0.8170753121376038
655,399,1.811348795890808,1.7966554164886475,1.251783760910233,0.575303851229449,0.31823060662796077,1.0760867595672607,1.0760867595672607,1.0760867595672607,1.0760867595672607,1.3720927238464355,1.6000840663909912,1.0760867595672607,0.2668188810348511,1.0760867595672607,0.2668188810348511,1.338085412979126,0.5005470514297485
656,399,2.4335482120513916,1.9471278190612793,0.9302587266514699,0.9436755157882969,0.4002889151747029,0.9047162532806396,1.8233561515808105,0.9047162532806396,1.8233561515808105,1.515845775604248,1.8233561515808105,0.9047162532806396,0.3885449171066284,0.9047162532806396,0.3885449171066284,1.364036202430725,0.8512373566627502
657,399,2.529484272003174,2.077885150909424,1.2664737971437472,0.6425282081247616,0.4325292687521629,1.1191232204437256,1.1191232204437256,1.1191232204437256,1.1191232204437256,1.51597261428833,1.7463908195495605,1.1191232204437256,0.3828517198562622,1.1191232204437256,0.3828517198562622,1.432757019996643,0.643835186958313
658,399,1.0825493335723877,2.3183443546295166,1.2531755071133373,0.8624208304658532,0.4174427137151362,1.1331666707992554,1.1331666707992554,1.1331666707992554,1.1331666707992554,1.9650518894195557,2.0007362365722656,1.1331666707992554,0.4236644506454468,1.1331666707992554,0.4236644506454468,1.5669515132904053,0.8075520396232605
659,399,0.22006855905056,1.6818368434906006,0.6431547235759596,0.9021360172020891,0.4879821981365482,0.8204585313796997,1.3963618278503418,0.8204585313796997,1.3963618278503418,0.6312551498413086,1.3963618278503418,0.8204585313796997,0.3877546787261963,0.8204585313796997,0.3877546787261963,1.108410120010376,0.6747905611991882
660,399,1.8212404251098633,0.9325582981109619,0.23941824179142723,0.4548179408907891,0.502947553358972,0.40047693252563477,0.8915372490882874,0.40047693252563477,0.8915372490882874,0.2855547070503235,0.8915372490882874,0.40047693252563477,0.10971236228942871,0.40047693252563477,0.10971236228942871,0.5882019996643066,0.2988470196723938
661,399,0.3404346704483032,1.1590628623962402,0.9374481577426194,0.18656042930670091,0.3156724624242635,0.9280925989151001,0.9280925989151001,0.9280925989151001,0.9280925989151001,0.9928411245346069,1.2333755493164062,0.9280925989151001,0.08347427845001221,0.9280925989151001,0.08347427845001221,1.0391137599945068,0.1952497661113739
662,399,0.42515647411346436,0.7363046407699585,0.19970467508460088,0.6747428762974838,0.11659676632533478,0.6186431646347046,0.8035228848457336,0.6186431646347046,0.8035228848457336,0.00046443939208984375,0.8035228848457336,0.6186431646347046,0.03672671318054199,0.6186431646347046,0.03672671318054199,0.7110830545425415,0.13650965690612793
663,399,-1.2767934799194336,0.6342146992683411,0.28181920619681466,0.19343289344571535,0.3588674338255078,0.2932148873806,0.6407649517059326,0.2932148873806,0.6407649517059326,0.22802698612213135,0.6407649517059326,0.2932148873806,0.11435770988464355,0.2932148873806,0.11435770988464355,0.40975016355514526,0.2304135113954544
664,399,-0.5525229573249817,-0.43907517194747925,0.5686639473214745,0.23034421771764746,0.15206537056714303,1.476991891860962,0.590790867805481,1.476991891860962,0.590790867805481,1.331859827041626,0.4372757077217102,0.590790867805481,0.0662875771522522,0.590790867805481,0.0662875771522522,0.514033317565918,0.13759109377861023
665,399,-0.35417789220809937,-0.687360405921936,0.2674826039994756,0.3481175527224938,0.16503753953923772,0.9642534255981445,0.677153468132019,0.9642534255981445,0.677153468132019,1.7527666091918945,0.677153468132019,0.41458091139793396,0.06798255443572998,0.41458091139793396,0.06798255443572998,0.5458672046661377,0.1270604133605957
666,399,1.9858124256134033,-0.7472244501113892,0.14895301641275488,0.11249196173002324,0.17609905925889804,0.43608057498931885,0.6529008746147156,0.43608057498931885,0.6529008746147156,0.6216477155685425,0.6529008746147156,0.27460700273513794,0.21155792474746704,0.27460700273513794,0.21155792474746704,0.36685746908187866,0.30522263050079346
667,399,1.2607225179672241,0.7403777837753296,1.058420801082005,0.005497182986388793,0.0313123936081926,1.0692298412322998,1.0692298412322998,1.0692298412322998,1.0692298412322998,0.49563950300216675,0.8367189168930054,1.0692298412322998,0.13114047050476074,1.0692298412322998,0.13114047050476074,1.009315013885498,0.19646239280700684
668,399,0.9316920042037964,1.2341766357421875,0.7845066723227502,0.7374855194985868,0.009166935682296984,0.2789914608001709,0.6840827465057373,0.2789914608001709,0.6840827465057373,0.9815475344657898,1.371630311012268,0.6840827465057373,0.07787275314331055,0.6840827465057373,0.07787275314331055,1.0278565883636475,0.35000842809677124
669,399,-0.1816408485174179,1.3352357149124146,0.5740283877650898,0.6013634397337835,0.4519502078990141,0.19490838050842285,0.9785335063934326,0.19490838050842285,0.9785335063934326,0.13165581226348877,0.9785335063934326,0.47169262170791626,0.367257297039032,0.47169262170791626,0.367257297039032,0.725113034248352,0.6096632480621338
670,399,1.2830065488815308,0.40087422728538513,0.0065602857301322315,0.4362147288342628,0.3117385751862699,0.2050335705280304,0.22108322381973267,0.2050335705280304,0.22108322381973267,0.3993323743343353,0.42184892296791077,0.321287602186203,0.09985336661338806,0.321287602186203,0.09985336661338806,0.42273032665252686,0.089774951338768
671,399,-1.7217371463775635,0.655715823173523,0.684088390711695,0.03622656527906665,0.2614425588585435,0.7111103534698486,0.7111103534698486,0.7111103534698486,0.7111103534698486,0.8229968547821045,0.8300741910934448,0.7111103534698486,0.06366264820098877,0.7111103534698486,0.06366264820098877,0.8032271265983582,0.09108707308769226
672,399,-0.21315063536167145,-0.4353429675102234,0.7389952529283859,0.46125544159983595,0.04871691079189358,2.1816654205322266,0.8733370304107666,2.1816654205322266,0.8733370304107666,1.795788049697876,0.4389917552471161,0.8733370304107666,0.02843838930130005,0.8733370304107666,0.02843838930130005,0.6561644077301025,0.18879646062850952
673,399,0.06546423584222794,-0.5637465715408325,0.08900802940130254,0.45439656432718034,0.32889217253774417,1.407436490058899,0.686493456363678,1.407436490058899,0.686493456363678,1.2031314373016357,0.4889260530471802,0.5732659697532654,0.11392799019813538,0.5732659697532654,0.11392799019813538,0.4733065962791443,0.1154649406671524
674,399,-1.0244747400283813,-0.35297369956970215,0.01595488216727972,0.04799889899790294,0.2741665108874441,0.6142798662185669,0.41145429015159607,0.6142798662185669,0.41145429015159607,0.790450930595398,0.41145429015159607,0.37087440490722656,0.03191670775413513,0.37087440490722656,0.03191670775413513,0.4073803424835205,0.0431433767080307
675,399,-0.10421854257583618,-0.6061712503433228,0.5527721693118414,0.04268629314998795,0.035128184581796285,1.1379740238189697,0.5233448147773743,1.1379740238189697,0.5233448147773743,1.1134787797927856,0.49912723898887634,0.5233448147773743,0.037184059619903564,0.5233448147773743,0.037184059619903564,0.5112360119819641,0.026172727346420288
676,399,-1.3419349193572998,-0.5198565721511841,0.09598482778916761,0.31631641643742725,0.10469062985231492,0.7669553160667419,0.42979541420936584,0.7669553160667419,0.42979541420936584,0.7558594346046448,0.41787034273147583,0.37519651651382446,0.05412295460700989,0.37519651651382446,0.05412295460700989,0.3691883981227875,0.04745298624038696
677,399,-0.6731324791908264,-1.0121158361434937,0.6492139615987738,0.026215900803605585,0.14324085542311255,1.3279454708099365,0.6198559999465942,1.3279454708099365,0.6198559999465942,1.7207978963851929,0.916567325592041,0.6198559999465942,0.04535722732543945,0.6198559999465942,0.04535722732543945,0.7473992109298706,0.18047881126403809
678,399,-1.16135835647583,-0.8442150354385376,0.37716138212631145,0.41505337274322907,0.07043240969379738,0.8822489380836487,0.8436381816864014,0.8822489380836487,0.8436381816864014,1.5901739597320557,0.8436381816864014,0.48626047372817993,0.023133933544158936,0.48626047372817993,0.023133933544158936,0.6649492979049683,0.19803491234779358
679,399,-0.05966860055923462,-1.1540228128433228,0.5818966878453891,0.23295792105297247,0.20473147290448357,0.7459051609039307,0.48257213830947876,0.7459051609039307,0.48257213830947876,1.0225958824157715,0.7567793130874634,0.48257213830947876,0.2993621826171875,0.48257213830947876,0.2993621826171875,0.6196757555007935,0.4146610200405121
680,399,-2.389275074005127,-0.6538796424865723,0.13339666455984106,0.34151557784527553,0.0937129297107458,0.8119029998779297,0.457129567861557,0.8119029998779297,0.457129567861557,0.8429527282714844,0.457129567861557,0.4275086522102356,0.16792401671409607,0.4275086522102356,0.16792401671409607,0.4423190951347351,0.18213719129562378
681,399,-1.3732893466949463,-1.2700401544570923,0.9632646280402939,0.047668037700156374,0.20460854432235154,2.1546454429626465,0.9994730949401855,2.1546454429626465,0.9994730949401855,2.6162357330322266,1.2656930685043335,0.9994730949401855,0.01734614372253418,0.9994730949401855,0.01734614372253418,1.1219468116760254,0.12725967168807983
682,399,-1.3350213766098022,-1.5477007627487183,0.6653213438391684,0.7426532606966791,0.056559729259460845,1.6394288539886475,1.4685978889465332,1.6394288539886475,1.4685978889465332,2.9410600662231445,1.4685978889465332,0.8383236527442932,0.014089465141296387,0.8383236527442932,0.014089465141296387,1.1534607410430908,0.28745362162590027
683,399,-0.40884318947792053,-1.6724826097488403,0.6935474411646525,0.5264984462658562,0.4443111173311871,0.5303771495819092,0.5303771495819092,0.5303771495819092,0.5303771495819092,1.1093491315841675,1.0917541980743408,0.5303771495819092,0.5300067663192749,0.5303771495819092,0.5300067663192749,0.811065673828125,0.7639798521995544
684,399,-0.32138168811798096,-1.0802854299545288,0.22986667313923437,0.4873921607186397,0.3089621784662206,1.0031492710113525,0.8166415095329285,1.0031492710113525,0.8166415095329285,1.5433725118637085,1.1867308616638184,0.596803605556488,0.20599794387817383,0.596803605556488,0.20599794387817383,0.7808207273483276,0.4165046215057373
685,399,-0.4372028112411499,-0.6060945987701416,0.19984555891404532,0.08102215717236216,0.19032016857216755,0.1665922999382019,0.1665922999382019,0.1665922999382019,0.1665922999382019,0.5933650135993958,0.5551261901855469,0.1665922999382019,0.1503227949142456,0.1665922999382019,0.1503227949142456,0.29326918721199036,0.2699960172176361
686,399,-1.2945970296859741,-0.34121838212013245,0.12467920274784171,0.0660236886454125,0.012283777625610448,0.2757588028907776,0.21679067611694336,0.2757588028907776,0.21679067611694336,0.39705631136894226,0.3386118412017822,0.21679067611694336,0.09079951047897339,0.21679067611694336,0.09079951047897339,0.2777012586593628,0.15008971095085144
687,399,0.6055571436882019,-0.7034002542495728,0.5139867438523409,0.03503491605942449,0.021656983132318897,0.9989293217658997,0.5336558818817139,0.9989293217658997,0.5336558818817139,1.1732747554779053,0.6756377220153809,0.5336558818817139,0.06812053918838501,0.5336558818817139,0.06812053918838501,0.6046468019485474,0.13531962037086487
688,399,-0.4007374942302704,-0.2851623296737671,0.3302648025378584,0.3655820336565375,0.03434042327106007,1.1129109859466553,0.16379235684871674,1.1129109859466553,0.16379235684871674,0.783117949962616,0.16379235684871674,0.4783425033092499,0.10978902876377106,0.4783425033092499,0.10978902876377106,0.3210674226284027,0.15645670890808105
689,399,0.007112372666597366,-0.12756511569023132,0.23125303099863226,0.2935066845407708,0.1455233724275603,0.20172461867332458,0.003335908055305481,0.20172461867332458,0.003335908055305481,0.5062986016273499,0.003335908055305481,0.20172461867332458,0.21338270604610443,0.20172461867332458,0.21338270604610443,0.10253026336431503,0.31203794479370117
690,399,1.5326603651046753,0.036562249064445496,0.06955136754860484,0.12685464245577655,0.19321534833560391,0.09714291989803314,0.03641630709171295,0.09714291989803314,0.03641630709171295,0.3694264888763428,0.03641630709171295,0.09714291989803314,0.003500834107398987,0.09714291989803314,0.003500834107398987,0.06853818148374557,0.06766236573457718
691,399,-2.5943238735198975,0.6280579566955566,0.6983588158587614,0.02672471399108589,0.04901204486687988,0.7750070691108704,0.7750070691108704,0.7750070691108704,0.7750070691108704,0.29647383093833923,0.6819388270378113,0.7750070691108704,0.002691030502319336,0.7750070691108704,0.002691030502319336,0.7271750569343567,0.048545241355895996
692,399,0.4739605486392975,-0.4969921410083771,0.9980023023610315,0.4922644648576776,0.06292140806714708,2.452099561691284,1.0531880855560303,2.452099561691284,1.0531880855560303,2.0801756381988525,0.572106122970581,1.0531880855560303,0.001358330249786377,1.0531880855560303,0.001358330249786377,0.8126471042633057,0.20642758905887604
693,399,-0.8450973629951477,-0.43818214535713196,0.13373979957153398,0.7841336899499097,0.3435708054279287,2.035438299179077,0.61458420753479,2.035438299179077,0.61458420753479,1.6911565065383911,0.3639509081840515,0.8273385167121887,0.2075537145137787,0.8273385167121887,0.2075537145137787,0.7019317150115967,0.3531484007835388
694,399,0.741585373878479,-0.7477041482925415,0.4007009936186175,0.15685299237569184,0.45696798410887524,1.0334877967834473,0.6842188239097595,1.0334877967834473,0.6842188239097595,2.0534515380859375,0.6842188239097595,0.4779217839241028,0.17003607749938965,0.4779217839241028,0.17003607749938965,0.6569100618362427,0.17644912004470825
695,399,2.1457130908966064,0.19999636709690094,0.24274147476690505,0.21265976031621292,0.17041167121070122,0.3547632694244385,0.3547632694244385,0.3547632694244385,0.3547632694244385,0.40297144651412964,0.08422060310840607,0.3547632694244385,0.09734323620796204,0.3547632694244385,0.09734323620796204,0.21949192881584167,0.1378757655620575
696,399,0.8353867530822754,1.0553165674209595,0.9149860836068788,0.17927429082492963,0.1250174726297455,0.9224052429199219,0.9224052429199219,0.9224052429199219,0.9224052429199219,0.7090579867362976,1.1752264499664307,0.9224052429199219,0.1366513967514038,0.9224052429199219,0.1366513967514038,1.0488158464431763,0.10254883766174316
697,399,1.1749849319458008,1.320717453956604,0.37719668998693423,0.7421426219803591,0.1272633496423563,0.7620444893836975,1.1654595136642456,0.7620444893836975,1.1654595136642456,0.541826605796814,1.1654595136642456,0.7620444893836975,0.13007473945617676,0.7620444893836975,0.13007473945617676,0.963752031326294,0.3307552635669708
698,399,0.8999240398406982,1.2561334371566772,0.47020166734854363,0.2626395276809732,0.36336506268630425,0.09746742248535156,0.5818077325820923,0.09746742248535156,0.5818077325820923,0.46806657314300537,1.1925864219665527,0.5818077325820923,0.3033170700073242,0.5818077325820923,0.3033170700073242,0.7477846741676331,0.4824853539466858
699,399,-0.1708277314901352,1.0407538414001465,0.33070477979878604,0.38888025971750406,0.18514901096622138,0.3849829435348511,0.827344536781311,0.3849829435348511,0.827344536781311,0.691441535949707,0.827344536781311,0.3849829435348511,0.15040117502212524,0.3849829435348511,0.15040117502212524,0.606163740158081,0.3680148720741272
700,399,0.4154396057128906,0.3779289126396179,0.14715892663846408,0.23350465377171825,0.1813563226287563,0.18414440751075745,0.1902138739824295,0.18414440751075745,0.1902138739824295,0.34058696031570435,0.35059112310409546,0.2680346965789795,0.07966649532318115,0.2680346965789795,0.07966649532318115,0.3485448360443115,0.07475543022155762
701,399,1.5643006563186646,0.407132089138031,0.15102169063563142,0.07338433630143609,0.19226425419251136,0.18575111031532288,0.3406916856765747,0.18575111031532288,0.3406916856765747,0.1495298147201538,0.3406916856765747,0.18575111031532288,0.05941653251647949,0.18575111031532288,0.05941653251647949,0.2942869961261749,0.110429547727108
702,399,0.4692954123020172,0.9040389657020569,0.7372115923961005,0.12787219149370987,0.024105569894115164,0.7961885929107666,0.7961885929107666,0.7961885929107666,0.7961885929107666,0.5788968801498413,0.9232513904571533,0.7961885929107666,0.02553272247314453,0.7961885929107666,0.02553272247314453,0.85971999168396,0.06696337461471558
703,399,0.0441182516515255,0.8248118162155151,0.2128229065984487,0.5707686820812524,0.09804693801328535,0.6168117523193359,0.8435316681861877,0.6168117523193359,0.8435316681861877,0.3073747158050537,0.8435316681861877,0.6168117523193359,0.09784823656082153,0.6168117523193359,0.09784823656082153,0.7301716804504395,0.2155866175889969
704,399,1.6622545719146729,0.28793883323669434,0.08239174840350938,0.15455002884070065,0.2715252125511567,0.25302839279174805,0.42139703035354614,0.25302839279174805,0.42139703035354614,0.04803626239299774,0.42139703035354614,0.25302839279174805,0.02034527063369751,0.25302839279174805,0.02034527063369751,0.32746174931526184,0.09827456623315811
705,399,0.7654570937156677,0.8051632046699524,0.6927025438224275,0.02258954378465805,0.14440468118836491,0.7366280555725098,0.7366280555725098,0.7366280555725098,0.7366280555725098,0.6167451739311218,0.8344703912734985,0.7366280555725098,0.013092339038848877,0.7366280555725098,0.013092339038848877,0.7785346508026123,0.04994192719459534
706,399,-0.6660091280937195,0.9274575710296631,0.36379538580154375,0.5616871973251302,0.0015284728320935637,0.5654580593109131,0.927987277507782,0.5654580593109131,0.927987277507782,0.5030738711357117,0.927987277507782,0.5654580593109131,0.009473025798797607,0.5654580593109131,0.009473025798797607,0.7467226982116699,0.20035231113433838
707,399,0.7209525108337402,0.11305268108844757,0.340355112279455,0.2489877012868723,0.29150645477076376,1.2283682823181152,0.2877482771873474,1.2283682823181152,0.2877482771873474,0.958807647228241,0.1883733868598938,0.2877482771873474,0.21667015552520752,0.2877482771873474,0.21667015552520752,0.16597071290016174,0.3375610411167145
708,399,-0.1976655125617981,0.21630308032035828,0.1984438083569208,0.24968785298367333,0.2001028591642777,0.7454103231430054,0.10493990778923035,0.7454103231430054,0.10493990778923035,0.5836186408996582,0.26214897632598877,0.23401197791099548,0.3337155878543854,0.23401197791099548,0.3337155878543854,0.15521743893623352,0.415862500667572
709,399,2.5146572589874268,0.11419950425624847,0.05909673317025113,0.2315664287408193,0.11462911626944933,0.2828437089920044,0.18676018714904785,0.2828437089920044,0.18676018714904785,0.08929198980331421,0.04337818920612335,0.2828437089920044,0.09608042240142822,0.2828437089920044,0.09608042240142822,0.2113971710205078,0.16329336166381836
710,399,1.5692856311798096,1.1726748943328857,1.116892864232262,0.036883661771814014,0.13193292160828918,1.1933673620224,1.1933673620224,1.1933673620224,1.1933673620224,1.0044517517089844,1.250972867012024,1.1933673620224,0.0751718282699585,1.1933673620224,0.0751718282699585,1.2603042125701904,0.0692630410194397
711,399,0.1247464120388031,1.5869314670562744,0.7120176223075638,0.8904118417638045,0.023530650123332997,0.8943659067153931,1.6891504526138306,0.8943659067153931,1.6891504526138306,1.1991052627563477,1.6891504526138306,0.8943659067153931,0.05220341682434082,0.8943659067153931,0.05220341682434082,1.2917581796646118,0.4205018877983093
712,399,2.66534686088562,1.2117993831634521,0.002805765755474532,0.5483352478966117,0.5604226572066544,0.5987393260002136,1.2249385118484497,0.5987393260002136,1.2249385118484497,0.8170979619026184,1.2249385118484497,0.5987393260002136,0.06328392028808594,0.5987393260002136,0.06328392028808594,0.8813290596008301,0.3797074854373932
713,399,1.4788498878479004,1.706830382347107,1.0772133237496018,0.0347619960084562,0.35108767867088286,1.1155321598052979,1.1155321598052979,1.1155321598052979,1.1155321598052979,1.222395896911621,1.5290429592132568,1.1155321598052979,0.037332773208618164,1.1155321598052979,0.037332773208618164,1.3002204895019531,0.20711910724639893
714,399,0.33906400203704834,1.5011141300201416,0.5227894597873093,0.8035857338830826,0.003378990069031529,0.8232411742210388,1.4352216720581055,0.8232411742210388,1.4352216720581055,0.9394193291664124,1.4352216720581055,0.8232411742210388,0.028370141983032227,0.8232411742210388,0.028370141983032227,1.1292314529418945,0.3337756395339966
715,399,1.7812262773513794,1.2268846035003662,0.11060769114643343,0.4135367822274565,0.5842513823509216,0.6607574224472046,1.3067121505737305,0.6607574224472046,1.3067121505737305,0.7558931112289429,1.3067121505737305,0.6607574224472046,0.16017305850982666,0.6607574224472046,0.16017305850982666,0.9058003425598145,0.41393429040908813
716,399,2.790724039077759,1.1363810300827026,0.6588561504085858,0.07802315042664631,0.2567366002624232,0.7403898239135742,0.7403898239135742,0.7403898239135742,0.7403898239135742,0.9613784551620483,1.1439118385314941,0.7403898239135742,0.12297224998474121,0.7403898239135742,0.12297224998474121,0.881500244140625,0.2712545394897461
717,399,-0.4341984987258911,1.796714425086975,1.004280459433794,0.48663351114839304,0.04446159560233376,1.1513357162475586,1.1513357162475586,1.1513357162475586,1.1513357162475586,1.4087245464324951,1.7515212297439575,1.1513357162475586,0.0820237398147583,1.1513357162475586,0.0820237398147583,1.4514284133911133,0.3624899387359619
718,399,2.0482959747314453,1.0243027210235596,0.26752962288757176,0.7789551146949332,0.3103679671759406,0.8745577335357666,0.677586019039154,0.8745577335357666,0.677586019039154,1.007704257965088,1.001783847808838,0.8745577335357666,0.2155376672744751,0.8745577335357666,0.2155376672744751,1.0355035066604614,0.1952776312828064
719,399,2.8234801292419434,1.390830636024475,0.7879705025812532,0.1893080515393133,0.585912132130858,0.580712616443634,0.9405758380889893,0.580712616443634,0.9405758380889893,1.2384172677993774,1.4368441104888916,0.9405758380889893,0.14547216892242432,0.9405758380889893,0.14547216892242432,1.2637884616851807,0.33031192421913147
720,399,2.362649440765381,1.525029182434082,1.008984351207813,0.4723858257879814,0.11462330008546551,0.9895721673965454,0.9895721673965454,0.9895721673965454,0.9895721673965454,1.3268450498580933,1.5538822412490845,0.9895721673965454,0.06855392456054688,0.9895721673965454,0.06855392456054688,1.271727204322815,0.26308971643447876
721,399,4.219044208526611,2.2667148113250732,0.8288309427288671,0.7978895381403468,0.3620946820949511,0.6834722757339478,0.8917816877365112,0.6834722757339478,0.8917816877365112,1.563373327255249,1.772460699081421,0.8917816877365112,0.43736469745635986,0.8917816877365112,0.43736469745635986,1.3321211338043213,0.8357995748519897
722,399,0.587735652923584,2.49876070022583,1.2197089651226998,0.5375866420567035,0.527492218390107,1.1580724716186523,1.1580724716186523,1.1580724716186523,1.1580724716186523,1.3128488063812256,1.9047386646270752,1.1580724716186523,0.5088725090026855,1.1580724716186523,0.5088725090026855,1.5314055681228638,0.7937494516372681
723,399,2.754925489425659,2.142000436782837,0.17946840838218758,1.1828052977907157,0.45628746277342247,1.3621894121170044,1.6371989250183105,1.3621894121170044,1.6371989250183105,1.4760336875915527,2.1253857612609863,1.3621894121170044,0.26673030853271484,1.3621894121170044,0.26673030853271484,1.6180754899978638,0.577027440071106
724,399,1.040989875793457,2.2768537998199463,0.9911631257335342,0.1276897578189773,0.7891648838172356,0.41852259635925293,1.1336230039596558,0.41852259635925293,1.1336230039596558,1.3873361349105835,2.2542359828948975,1.1336230039596558,0.22646355628967285,1.1336230039596558,0.22646355628967285,1.5801992416381836,0.6927323937416077
725,399,3.746793270111084,1.5291683673858643,0.3945348929489654,0.8552078319216769,0.06081664907435558,0.9361959099769592,1.4086366891860962,0.9361959099769592,1.4086366891860962,0.6668350100517273,1.4086366891860962,0.9361959099769592,0.14511418342590332,0.9361959099769592,0.14511418342590332,1.17241632938385,0.3789421021938324
726,399,3.4593796730041504,2.2753210067749023,1.2606817978993061,0.27367704123258596,0.5701667012646792,1.2838308811187744,1.2838308811187744,1.2838308811187744,1.2838308811187744,1.7216134071350098,2.364203929901123,1.2838308811187744,0.3389613628387451,1.2838308811187744,0.3389613628387451,1.6284830570220947,0.6427603363990784
727,399,1.560409426689148,2.633423089981079,1.0931231281409657,1.027987013372282,0.16937072283277965,0.9732290506362915,1.1187819242477417,0.9732290506362915,1.1187819242477417,2.1986594200134277,2.32857084274292,1.1187819242477417,0.2590656280517578,1.1187819242477417,0.2590656280517578,1.7236764430999756,0.7772806882858276
728,399,4.017620086669922,2.964383363723755,0.5850346397235986,1.1007183721661566,0.8502124739065768,1.1287726163864136,1.9577856063842773,1.1287726163864136,1.9577856063842773,2.1025633811950684,2.8716259002685547,1.2547575235366821,0.525292158126831,1.2547575235366821,0.525292158126831,1.7288472652435303,1.065694808959961
729,399,3.100985527038574,2.4069011211395264,1.180317370994017,0.3894575455319136,0.5449639667011797,1.117216944694519,1.117216944694519,1.117216944694519,1.117216944694519,1.7218478918075562,2.3274834156036377,1.117216944694519,0.450742244720459,1.117216944694519,0.450742244720459,1.4776556491851807,0.7579526305198669
730,399,2.400588035583496,2.653949022293091,1.118804966894289,1.0360888520379858,0.25798589007308115,0.609215259552002,1.0078201293945312,0.609215259552002,1.0078201293945312,1.8144917488098145,2.242452383041382,1.0078201293945312,0.2807502746582031,1.0078201293945312,0.2807502746582031,1.6251362562179565,0.7818752527236938
731,399,0.9229514598846436,2.590458393096924,0.803721349487702,0.8631633173177637,0.6928806182990475,0.5115773677825928,1.7666410207748413,0.5115773677825928,1.7666410207748413,0.7441582679748535,1.7666410207748413,0.8029346466064453,0.665094256401062,0.8029346466064453,0.665094256401062,1.284787893295288,1.1170021295547485
732,399,0.1886044293642044,2.1782400608062744,0.3680131265769404,0.7835709055388966,0.6509609872723618,0.5587515830993652,1.3320895433425903,0.5587515830993652,1.3320895433425903,1.2801659107208252,2.0615923404693604,0.8535244464874268,0.4093458652496338,0.8535244464874268,0.4093458652496338,1.2172982692718506,0.7695494890213013
733,399,0.681222677230835,1.0400774478912354,0.034497481621801884,0.2415123455971479,0.45285897400230185,0.5518091917037964,0.9906700849533081,0.5518091917037964,0.9906700849533081,0.3628186583518982,0.9906700849533081,0.5518091917037964,0.09642565250396729,0.5518091917037964,0.09642565250396729,0.7252650260925293,0.28241923451423645
734,399,1.309708595275879,0.5697904825210571,0.1253568010777236,0.024080956932157338,0.1311737351678312,0.17485493421554565,0.5547058582305908,0.17485493421554565,0.5547058582305908,0.37521418929100037,0.5547058582305908,0.17485493421554565,0.06629592180252075,0.17485493421554565,0.06629592180252075,0.33050310611724854,0.22590626776218414
735,399,-1.1761784553527832,0.8292073011398315,0.38774230070722593,0.0764387047973773,0.0584019342033813,0.5299073457717896,0.5299073457717896,0.5299073457717896,0.5299073457717896,0.5479950904846191,0.7627884745597839,0.5299073457717896,0.04398822784423828,0.5299073457717896,0.04398822784423828,0.6463478803634644,0.15820157527923584
736,399,-0.16384299099445343,0.12924426794052124,0.673108295612037,0.36841598477214554,0.09048244655132293,1.486926555633545,0.5214648246765137,1.486926555633545,0.5214648246765137,1.0847861766815186,0.03825262188911438,0.5214648246765137,0.13912545144557953,0.5214648246765137,0.13912545144557953,0.27985870838165283,0.38179653882980347
737,399,-1.1281301975250244,-0.31070953607559204,0.2554642181160549,0.5642100091061245,0.25994348021534586,1.2950307130813599,0.5575351715087891,1.2950307130813599,0.5575351715087891,1.028918981552124,0.24909278750419617,0.4779978394508362,0.08048762381076813,0.4779978394508362,0.08048762381076813,0.32356128096580505,0.16325059533119202
738,399,-1.4570155143737793,-0.848755955696106,0.694479953398307,0.175486245000114,0.38023804883783074,0.9437246322631836,0.48477303981781006,0.9437246322631836,0.48477303981781006,1.5097190141677856,0.8703188896179199,0.48477303981781006,0.06929647922515869,0.48477303981781006,0.06929647922515869,0.6456984877586365,0.22725696861743927
739,399,-1.9139289855957031,-1.0708407163619995,0.7645711886137723,0.5262820702418685,0.09211963247507815,1.244024395942688,0.6506885290145874,1.244024395942688,0.6506885290145874,1.94334077835083,1.0815752744674683,0.6506885290145874,0.043579816818237305,0.6506885290145874,0.043579816818237305,0.8661319017410278,0.2597269117832184
740,399,-1.0422959327697754,-1.6794325113296509,0.9529676894346872,0.6597680921728413,0.3928424928213159,1.0860031843185425,0.7079405784606934,1.0860031843185425,0.7079405784606934,1.8785107135772705,1.3475903272628784,0.7079405784606934,0.30077624320983887,0.7079405784606934,0.30077624320983887,1.0277655124664307,0.5721738338470459
741,399,-1.1255650520324707,-1.4860721826553345,0.5961060734093189,0.7672659044712782,0.41136680744588383,0.9863021373748779,1.112766981124878,0.9863021373748779,1.112766981124878,1.435192584991455,1.112766981124878,0.6680225133895874,0.35507309436798096,0.6680225133895874,0.35507309436798096,0.8903947472572327,0.57341068983078
742,399,-2.981205701828003,-1.2365270853042603,0.6647683021426202,0.4781063510850072,0.47039584826678027,0.5002490878105164,0.4612049460411072,0.5002490878105164,0.4612049460411072,0.8811526298522949,0.842505156993866,0.4612049460411072,0.4475886821746826,0.4612049460411072,0.4475886821746826,0.6518550515174866,0.614798903465271
743,399,-0.5105886459350586,-1.7654132843017578,1.193112338191519,0.533344981732468,0.3422676669868332,1.8536192178726196,0.9251371622085571,1.8536192178726196,0.9251371622085571,2.318124294281006,1.4143153429031372,0.9251371622085571,0.26786184310913086,0.9251371622085571,0.26786184310913086,1.1697262525558472,0.46359914541244507
744,399,-0.35501575469970703,-1.438462257385254,0.403651718277251,0.9972734221280555,0.3435788029187825,1.7358266115188599,1.1894845962524414,1.7358266115188599,1.1894845962524414,1.9574699401855469,1.1894845962524414,0.9549108743667603,0.30058979988098145,0.9549108743667603,0.30058979988098145,1.072197675704956,0.4171951115131378
745,399,0.7542703151702881,-1.0159956216812134,0.35152332631871097,0.37515220580622544,0.7001030692830683,1.2437437772750854,1.0471165180206299,1.2437437772750854,1.0471165180206299,1.5333188772201538,1.0471165180206299,0.6480164527893066,0.17780166864395142,0.6480164527893066,0.17780166864395142,0.7584918141365051,0.29390937089920044
746,399,0.6467059850692749,0.1498640775680542,0.247417644498249,0.27379404666523155,0.20939419976125156,0.5451884269714355,0.22596916556358337,0.5451884269714355,0.22596916556358337,0.19964835047721863,0.22596916556358337,0.13436797261238098,0.10421237349510193,0.13436797261238098,0.10421237349510193,0.18016856908798218,0.18097685277462006
747,399,1.4696074724197388,0.5958818197250366,0.1891304304202397,0.20409873397399972,0.1448516637707748,0.252928763628006,0.5331107378005981,0.252928763628006,0.5331107378005981,0.4859468340873718,0.5331107378005981,0.252928763628006,0.07411527633666992,0.252928763628006,0.07411527633666992,0.39301973581314087,0.1384282410144806
748,399,0.6998763084411621,1.1977676153182983,0.4993478211263813,0.16247923689583932,0.12063295486072723,0.652212381362915,0.652212381362915,0.652212381362915,0.652212381362915,0.5897106528282166,0.8905143737792969,0.652212381362915,0.17951703071594238,0.652212381362915,0.17951703071594238,0.771363377571106,0.28898361325263977
749,399,-0.5866499543190002,0.9517517685890198,0.17377170413732534,0.4094271579012275,0.06586565356701601,0.5529631972312927,0.8936113119125366,0.5529631972312927,0.8936113119125366,0.5191457867622375,0.8936113119125366,0.5529631972312927,0.11664533615112305,0.5529631972312927,0.11664533615112305,0.7232872247695923,0.2809605896472931
750,399,0.09818147122859955,0.28136759996414185,0.3784828837712605,0.15557330562422667,0.2240750660623113,1.1834003925323486,0.2871478199958801,1.1834003925323486,0.2871478199958801,0.8171330094337463,0.2973012328147888,0.2871478199958801,0.2780466079711914,0.2871478199958801,0.2780466079711914,0.1572163701057434,0.4271620512008667
751,399,-1.3257272243499756,-0.013942405581474304,0.11730799631526076,0.27290639710923037,0.0681812824184696,0.6456876397132874,0.15834647417068481,0.6456876397132874,0.15834647417068481,0.8681654334068298,0.15834647417068481,0.20296713709831238,0.1255873739719391,0.20296713709831238,0.1255873739719391,0.1806568056344986,0.14824703335762024
752,399,0.6364201903343201,-0.6655232310295105,0.6817668538882086,0.07913312034836661,0.17674891056648145,1.3169175386428833,0.6474204659461975,1.3169175386428833,0.6474204659461975,1.5831235647201538,0.7267987728118896,0.6474204659461975,0.045474112033843994,0.6474204659461975,0.045474112033843994,0.7098321914672852,0.06993159651756287
753,399,-0.7089149355888367,-0.11148647218942642,0.1433523583039641,0.461698900051415,0.027662561051547463,1.0224626064300537,0.13446669280529022,1.0224626064300537,0.13446669280529022,0.7313949465751648,0.13446669280529022,0.43761202692985535,0.022364340722560883,0.43761202692985535,0.022364340722560883,0.2860393524169922,0.18666943907737732
754,399,0.5539349317550659,-0.2548632025718689,0.4867471993590394,0.11945553453018254,0.3335451843837897,0.9199178814888,0.3275439143180847,0.9199178814888,0.3275439143180847,1.649662733078003,0.4000673294067383,0.3275439143180847,0.2580822706222534,0.3275439143180847,0.2580822706222534,0.48179614543914795,0.1651555895805359
755,399,-0.776401698589325,0.1874666064977646,0.15165654018521305,0.35539279125630857,0.0866088414937258,0.6655694842338562,0.01914691925048828,0.6655694842338562,0.01914691925048828,0.49331313371658325,0.01914691925048828,0.2392805963754654,0.16097629070281982,0.2392805963754654,0.16097629070281982,0.12921375036239624,0.2812337875366211
756,399,0.1644294410943985,-0.31211861968040466,0.5587913594953715,0.0952420767955483,0.2863477659225465,1.0261456966400146,0.3754224181175232,1.0261456966400146,0.3754224181175232,1.5116024017333984,0.3257136642932892,0.3754224181175232,0.2119101583957672,0.3754224181175232,0.2119101583957672,0.4592381417751312,0.1291714459657669
757,399,-1.2751396894454956,-0.11462504416704178,0.04530459129561981,0.41705344860752414,0.038920700165132605,0.7696380615234375,0.2087424397468567,0.7696380615234375,0.2087424397468567,0.8694750070571899,0.2087424397468567,0.2845682203769684,0.08148833364248276,0.2845682203769684,0.08148833364248276,0.24665533006191254,0.1203511655330658
758,399,0.048276387155056,-0.6639000773429871,0.7314615235726041,0.04313155327613161,0.2603075340824821,1.2912095785140991,0.6113002300262451,1.2912095785140991,0.6113002300262451,1.6756980419158936,0.7085899114608765,0.6113002300262451,0.06562066078186035,0.6113002300262451,0.06562066078186035,0.6935663223266602,0.07965826988220215
759,399,0.27087336778640747,-0.4364679753780365,0.1409161019449433,0.526926870731016,0.0028807253638903907,0.9025202989578247,0.39879125356674194,0.9025202989578247,0.39879125356674194,0.9332698583602905,0.39879125356674194,0.419606477022171,0.03053826093673706,0.419606477022171,0.03053826093673706,0.4091988801956177,0.040734320878982544
760,399,-0.7450470924377441,0.07345958054065704,0.043988690997163404,0.09523180515815813,0.2970854703088601,0.4938342571258545,0.0687870979309082,0.4938342571258545,0.0687870979309082,0.5595459342002869,0.0687870979309082,0.20581258833408356,0.1170390397310257,0.20581258833408356,0.1170390397310257,0.1971418708562851,0.12633870542049408
761,401,-0.6687522530555725,-0.15262973308563232,0.5006216119757543,0.0009369868629922617,0.033103289088855126,0.822823166847229,0.3587571084499359,0.822823166847229,0.3587571084499359,0.8559871315956116,0.23012478649616241,0.3587571084499359,0.12022218108177185,0.3587571084499359,0.12022218108177185,0.3541730046272278,0.1250629425048828
762,403,0.4757021963596344,-0.41196849942207336,0.4416932650919384,0.3426001722396662,0.00031122316451104304,0.7011958956718445,0.28790220618247986,0.7011958956718445,0.28790220618247986,1.2624882459640503,0.5175167322158813,0.28790220618247986,0.04488763213157654,0.28790220618247986,0.04488763213157654,0.4027094841003418,0.11272937804460526
763,405,-0.2669333815574646,-0.23133520781993866,0.06945906708637883,0.33432397571702804,0.20731298667689158,0.6303651928901672,0.03239819407463074,0.6303651928901672,0.03239819407463074,1.0429154634475708,0.1940404176712036,0.2434084713459015,0.2154303342103958,0.2434084713459015,0.2154303342103958,0.32309389114379883,0.13038699328899384
764,407,1.6809245347976685,-0.006526127457618713,0.252315393264095,0.08485014257331691,0.19367136391500633,0.4482274055480957,0.11995752900838852,0.4482274055480957,0.11995752900838852,0.8410287499427795,0.09467475116252899,0.11995752900838852,0.1894984096288681,0.11995752900838852,0.1894984096288681,0.19716666638851166,0.10737071931362152
765,410,0.22491669654846191,0.7325325012207031,0.6389369671481351,0.23295653873433675,0.02595062066490461,0.7338222861289978,0.7338222861289978,0.7338222861289978,0.7338222861289978,0.08539271354675293,0.6271659731864929,0.7338222861289978,0.08461487293243408,0.7338222861289978,0.08461487293243408,0.6804941296577454,0.048680126667022705
766,412,0.9786035418510437,0.6525482535362244,0.04443233786771711,0.49301761819670586,0.14938962173958623,0.596520185470581,0.6979713439941406,0.596520185470581,0.6979713439941406,0.11395001411437988,0.6375609040260315,0.596520185470581,0.09895509481430054,0.596520185470581,0.09895509481430054,0.566836953163147,0.07012766599655151
767,414,0.6781076788902283,1.0092233419418335,0.33901221651583924,0.021282718367874653,0.3282333013415335,0.11435848474502563,0.42787688970565796,0.11435848474502563,0.42787688970565796,0.5104643702507019,0.9118315577507019,0.42787688970565796,0.07867497205734253,0.42787688970565796,0.07867497205734253,0.6269344091415405,0.27772951126098633
768,416,-0.7360424995422363,0.7573885917663574,0.20243388755867897,0.26855175438026574,0.026868405329684375,0.34876734018325806,0.64754718542099,0.34876734018325806,0.64754718542099,0.513967752456665,0.64754718542099,0.34876734018325806,0.04429304599761963,0.34876734018325806,0.04429304599761963,0.498157262802124,0.187005877494812
769,418,-0.47783955931663513,0.1667765974998474,0.4509298637447256,0.07877118122453486,0.11307706820468094,1.0445103645324707,0.3339519500732422,1.0445103645324707,0.3339519500732422,0.8265377283096313,0.12061160802841187,0.3339519500732422,0.2468891739845276,0.3339519500732422,0.2468891739845276,0.2284337729215622,0.3491802513599396
770,421,1.5125693082809448,-0.2884281575679779,0.4230466119556999,0.4199973839366188,0.07515133502117044,0.7340189814567566,0.21525993943214417,0.7340189814567566,0.21525993943214417,1.4816412925720215,0.49210089445114136,0.21525993943214417,0.16367453336715698,0.21525993943214417,0.16367453336715698,0.35368043184280396,0.14270691573619843
771,423,-0.8809366822242737,0.27889660000801086,0.4305976155276099,0.2741920676951607,0.21438140143950773,0.6499107480049133,0.6499107480049133,0.6499107480049133,0.6499107480049133,0.16449090838432312,0.4784833490848541,0.6499107480049133,0.1607268750667572,0.6499107480049133,0.1607268750667572,0.5641970634460449,0.23353281617164612
772,425,0.22221288084983826,0.09616099298000336,0.5530266419177252,0.39163828930507083,0.19467227374513946,1.2229228019714355,0.37345558404922485,1.2229228019714355,0.37345558404922485,0.7324658632278442,0.148173525929451,0.37345558404922485,0.09385043382644653,0.37345558404922485,0.09385043382644653,0.2608145475387573,0.25293102860450745
773,427,-0.15684038400650024,0.11150272190570831,0.10334281442066032,0.4185830801849565,0.20528165775040783,1.1202318668365479,0.20920459926128387,1.1202318668365479,0.20920459926128387,0.7956345081329346,0.06297871470451355,0.30667316913604736,0.0967564731836319,0.30667316913604736,0.0967564731836319,0.16849568486213684,0.2265254557132721
774,429,-0.10598854720592499,-0.13960720598697662,0.2659647282150886,0.11338975075011448,0.30580386181672414,0.447626531124115,0.18072763085365295,0.447626531124115,0.18072763085365295,0.6632072925567627,0.18072763085365295,0.19330039620399475,0.07578624784946442,0.19330039620399475,0.07578624784946442,0.22470003366470337,0.04433862864971161
775,432,0.6089180111885071,-0.047913894057273865,0.21724858514964585,0.1975390519946814,0.03464949235320086,0.18570692837238312,0.04502288997173309,0.18570692837238312,0.04502288997173309,0.3603890538215637,0.09601816534996033,0.04502288997173309,0.045859433710575104,0.04502288997173309,0.045859433710575104,0.07052052766084671,0.025589969009160995
776,434,0.6231181621551514,0.25755563378334045,0.09772764621612928,0.17204412189001844,0.10895768139200904,0.2693929374217987,0.22414201498031616,0.2693929374217987,0.22414201498031616,0.45288804173469543,0.19384154677391052,0.03470003604888916,0.25932547450065613,0.03470003604888916,0.25932547450065613,0.049789607524871826,0.2441231906414032
777,436,1.278814673423767,0.4811771512031555,0.13733032402892917,0.10279604406406484,0.12139663560936856,0.27828654646873474,0.27828654646873474,0.27828654646873474,0.27828654646873474,0.07596343755722046,0.4885930120944977,0.27828654646873474,0.2342294603586197,0.27828654646873474,0.2342294603586197,0.2652565836906433,0.22052142024040222
778,438,-0.652364194393158,0.9709005951881409,0.40422749218220505,0.0779708127739529,0.0852519183481733,0.5261667966842651,0.5261667966842651,0.5261667966842651,0.5261667966842651,0.5119352340698242,0.8733651638031006,0.5261667966842651,0.21400320529937744,0.5261667966842651,0.21400320529937744,0.5966591835021973,0.28597065806388855
779,441,-0.8274506330490112,0.3108929991722107,0.4379799466518064,0.3721254129956167,0.039440847082684305,1.007889747619629,0.26866281032562256,1.007889747619629,0.26866281032562256,0.6199418306350708,0.13955986499786377,0.26866281032562256,0.12814423441886902,0.26866281032562256,0.12814423441886902,0.20411133766174316,0.3334997296333313
780,443,-1.3439899682998657,-0.2520633935928345,0.4882311303789417,0.323760077940921,0.21489203718801342,1.16707444190979,0.33788564801216125,1.16707444190979,0.33788564801216125,1.9705411195755005,0.5487024188041687,0.33788564801216125,0.262604296207428,0.33788564801216125,0.262604296207428,0.44329404830932617,0.15556678175926208
781,445,-0.9475007653236389,-0.9387772083282471,0.7436506943404675,0.40346693802624944,0.2204416893050074,0.7948335409164429,0.49969664216041565,0.7948335409164429,0.49969664216041565,1.170574426651001,0.8149200677871704,0.49969664216041565,0.1655188798904419,0.49969664216041565,0.1655188798904419,0.6573083400726318,0.3111097812652588
782,447,-1.8816981315612793,-1.0268462896347046,0.5091943330566089,0.5156554274509351,0.22983908894161376,0.6294482350349426,0.822185218334198,0.6294482350349426,0.822185218334198,1.054055094718933,0.822185218334198,0.4513309597969055,0.18870168924331665,0.4513309597969055,0.18870168924331665,0.6367580890655518,0.3655209541320801
783,449,0.19840671122074127,-1.2818427085876465,0.878428922755023,0.4066043307756384,0.3571051951994497,1.0919711589813232,0.7079509496688843,1.0919711589813232,0.7079509496688843,1.4352307319641113,1.0571208000183105,0.7079509496688843,0.3195533752441406,0.7079509496688843,0.3195533752441406,0.8825358748435974,0.48001766204833984
784,452,-1.685237169265747,-0.7680483460426331,0.08537101489802179,0.8068281026308735,0.22410409034540268,1.48966646194458,0.6396507620811462,1.48966646194458,0.6396507620811462,1.8199470043182373,0.8263111114501953,0.7431634068489075,0.10199666023254395,0.7431634068489075,0.10199666023254395,0.8358774185180664,0.10945063829421997
785,454,-1.42448091506958,-0.9926627278327942,0.9251840292072544,0.045346508246535855,0.4612946371423702,1.6182807683944702,0.7199044227600098,1.6182807683944702,0.7199044227600098,2.4705166816711426,1.0420289039611816,0.7199044227600098,0.07564371824264526,0.7199044227600098,0.07564371824264526,0.9183958172798157,0.20647814869880676
786,456,0.4562051296234131,-0.9203569293022156,0.7779891942441465,0.7355831305682656,0.007364681214094393,1.225015640258789,0.5325466394424438,1.225015640258789,0.5325466394424438,2.472177028656006,1.075911521911621,0.5325466394424438,0.03611987829208374,0.5325466394424438,0.03611987829208374,0.8042290806770325,0.2580861747264862
787,458,-1.4366611242294312,-0.8348675966262817,0.034337301049381486,0.5333878240361809,0.4105541534535587,1.1517648696899414,0.3602818548679352,1.1517648696899414,0.3602818548679352,1.818779468536377,0.7301580309867859,0.5501145124435425,0.20022761821746826,0.5501145124435425,0.20022761821746826,0.7261262536048889,0.2470114529132843
788,460,-1.0595567226409912,-0.7095179557800293,0.6916946598887445,0.09403099328279496,0.3690505243837833,1.2752416133880615,0.5301172137260437,1.2752416133880615,0.5301172137260437,1.8531769514083862,0.6369251012802124,0.5301172137260437,0.15617311000823975,0.5301172137260437,0.15617311000823975,0.6528763771057129,0.14473602175712585
789,463,0.11969345062971115,-0.715523362159729,0.5282854517176746,0.5664300121366977,0.0024773600324987655,1.0056027173995972,0.7929564118385315,1.0056027173995972,0.7929564118385315,2.1005561351776123,0.7929564118385315,0.4103144705295563,0.09167814254760742,0.4103144705295563,0.09167814254760742,0.6016354560852051,0.17700892686843872
790,465,0.7343533039093018,-0.6045435667037964,0.06848181782290341,0.46138610605150476,0.3934784497134387,0.7949888706207275,0.3369854688644409,0.7949888706207275,0.3369854688644409,1.414085865020752,0.6355340480804443,0.3831494450569153,0.04876971244812012,0.3831494450569153,0.04876971244812012,0.5314610004425049,0.17840194702148438
791,467,0.35368943214416504,0.036668386310338974,0.13567915992656104,0.0832159572948391,0.30347215820724766,0.5538690090179443,0.11113889515399933,0.5538690090179443,0.11113889515399933,0.2619057297706604,0.11113889515399933,0.19923058152198792,0.037502892315387726,0.19923058152198792,0.037502892315387726,0.13750150799751282,0.18092206120491028
792,469,1.280632734298706,0.3582914471626282,0.024212189776202056,0.10240139250953985,0.03505062183986099,0.25929445028305054,0.4118097424507141,0.25929445028305054,0.4118097424507141,0.16981887817382812,0.4341764450073242,0.25929445028305054,0.15229102969169617,0.25929445028305054,0.15229102969169617,0.27042752504348755,0.1634504795074463
793,472,0.30773472785949707,0.8765565156936646,0.3573761611183484,0.03180957915183774,0.04601126481856521,0.5107563138008118,0.5107563138008118,0.5107563138008118,0.5107563138008118,0.5508615970611572,0.7756287455558777,0.5107563138008118,0.10087937116622925,0.5107563138008118,0.10087937116622925,0.5882525444030762,0.17778190970420837
794,474,-0.22078050673007965,0.6098225712776184,0.05425014096001779,0.24212785237779227,0.0098831635589402,0.3739781677722931,0.48671191930770874,0.3739781677722931,0.48671191930770874,0.1277482807636261,0.48671191930770874,0.3739781677722931,0.07234162092208862,0.3739781677722931,0.07234162092208862,0.4303450584411621,0.12956129014492035
795,476,0.13343483209609985,0.17631857097148895,0.2892178965359925,0.015824532955885012,0.1987633373588323,0.7128329873085022,0.08719716966152191,0.7128329873085022,0.08719716966152191,0.4349976181983948,0.2768566906452179,0.08719716966152191,0.10546883940696716,0.08719716966152191,0.10546883940696716,0.13164186477661133,0.2332419604063034
796,478,0.9026918411254883,0.05821652710437775,0.11405302599072462,0.21515717674046758,0.021826077885925776,0.23114879429340363,0.01868588477373123,0.23114879429340363,0.01868588477373123,0.24665425717830658,0.01868588477373123,0.06825214624404907,0.0643102377653122,0.06825214624404907,0.0643102377653122,0.04346901550889015,0.08901873230934143
797,480,-1.5445913076400757,0.2181997299194336,0.2528052571664255,0.06167081752171119,0.12253142253806204,0.34856289625167847,0.34856289625167847,0.34856289625167847,0.34856289625167847,0.062450110912323,0.34327831864356995,0.34856289625167847,0.04305464029312134,0.34856289625167847,0.04305464029312134,0.324311763048172,0.024508312344551086
798,483,0.1920667439699173,-0.14045195281505585,0.6736246184259651,0.2532982063293456,0.05868113599717628,1.4201304912567139,0.5231235027313232,1.4201304912567139,0.5231235027313232,1.120030403137207,0.21073675155639648,0.5231235027313232,0.02987140417098999,0.5231235027313232,0.02987140417098999,0.36693012714385986,0.18248674273490906
799,485,-0.6628522276878357,-0.24366521835327148,0.060416980932156195,0.5864080914358297,0.1565874822934467,1.248272180557251,0.3734196126461029,1.248272180557251,0.3734196126461029,1.0166730880737305,0.18531331419944763,0.4485115110874176,0.076274573802948,0.4485115110874176,0.076274573802948,0.354452908039093,0.17769241333007812
800,487,-2.483767509460449,-0.5367223620414734,0.391259571214517,0.04803433538724988,0.43104588837673263,0.6741282939910889,0.4945756793022156,0.6741282939910889,0.4945756793022156,1.2545900344848633,0.4945756793022156,0.3342794179916382,0.07113176584243774,0.3342794179916382,0.07113176584243774,0.4446990489959717,0.1171901524066925
801,489,-1.5686919689178467,-0.9093393683433533,0.9302181390114127,0.3071576881408691,0.018086564149707662,1.704129934310913,0.7447079420089722,1.704129934310913,0.7447079420089722,2.1986050605773926,0.9515854120254517,0.7447079420089722,0.03880441188812256,0.7447079420089722,0.03880441188812256,0.8481466770172119,0.09110456705093384
802,491,-1.6924006938934326,-1.4432278871536255,0.6872875680464007,0.9129156533318261,0.2213595843936007,1.3557929992675781,1.3138477802276611,1.3557929992675781,1.3138477802276611,2.2565858364105225,1.3138477802276611,0.7979627251625061,0.20655536651611328,0.7979627251625061,0.20655536651611328,1.0559052228927612,0.4630974233150482
803,494,-1.7076823711395264,-1.603956699371338,0.7172653690601387,0.5965587783108155,0.6117433205867809,0.590522289276123,0.5407865047454834,0.590522289276123,0.5407865047454834,1.4057878255844116,1.6145210266113281,0.5407865047454834,0.591498851776123,0.5407865047454834,0.591498851776123,0.8622872829437256,0.8437542915344238
804,496,0.05245201662182808,-1.5953779220581055,0.7843056346902932,0.6597749805632825,0.45324540514925804,0.6959371566772461,0.6341952681541443,0.6959371566772461,0.6341952681541443,1.3900129795074463,1.284800410270691,0.6341952681541443,0.44936132431030273,0.6341952681541443,0.44936132431030273,0.9594978094100952,0.7318665385246277
805,498,-0.43771058320999146,-1.026222586631775,0.0904570954913897,0.6289874952534833,0.45477991408358,1.2271209955215454,0.6140859723091125,1.2271209955215454,0.6140859723091125,1.9375381469726562,1.007677435874939,0.6340531706809998,0.021663665771484375,0.6340531706809998,0.021663665771484375,0.8303370475769043,0.25447654724121094
806,500,0.04009363800287247,-0.5494950413703918,0.28650072026376927,0.05659450891738138,0.4008429606010516,0.6752744913101196,0.48667141795158386,0.6752744913101196,0.48667141795158386,1.032067060470581,0.48667141795158386,0.34741050004959106,0.019625365734100342,0.34741050004959106,0.019625365734100342,0.424945592880249,0.08309590816497803
807,503,2.166724681854248,-0.11484597623348236,0.10264304397006835,0.17767094803353145,0.022762499352296184,0.27824777364730835,0.11964958906173706,0.27824777364730835,0.11964958906173706,0.2684949040412903,0.11964958906173706,0.13377048075199127,0.010803014039993286,0.13377048075199127,0.010803014039993286,0.12671002745628357,0.01791594922542572
808,505,-0.835373044013977,0.6502957344055176,0.6983150599276026,0.07029632596919927,0.1520129333684842,0.8461295366287231,0.8461295366287231,0.8461295366287231,0.8461295366287231,0.16411614418029785,0.7578929662704468,0.8461295366287231,0.01265043020248413,0.8461295366287231,0.01265043020248413,0.7954779863357544,0.048486560583114624
809,507,2.027439594268799,0.3172261714935303,0.4494160333741455,0.6225716497935353,0.03610305403359232,0.6513091325759888,0.33457595109939575,0.6513091325759888,0.33457595109939575,0.7198292016983032,0.33457595109939575,0.6513091325759888,0.00820663571357727,0.6513091325759888,0.00820663571357727,0.49294254183769226,0.1729641705751419
810,509,0.824682354927063,0.9389077425003052,0.6272661904990673,0.422725167609751,0.4272125887498258,0.7090451717376709,0.7627538442611694,0.7090451717376709,0.7627538442611694,1.15108060836792,0.9338291883468628,0.7627538442611694,0.27552103996276855,0.7627538442611694,0.27552103996276855,0.983557403087616,0.24907749891281128
811,511,-0.005793133284896612,0.8003262281417847,0.23975333697473006,0.5807773739968736,0.27998750426496044,0.6974915266036987,1.0068113803863525,0.6974915266036987,1.0068113803863525,0.12227332592010498,0.8332260251045227,0.6974915266036987,0.33266696333885193,0.6974915266036987,0.33266696333885193,0.6108793020248413,0.24461524188518524
812,514,1.407473087310791,0.7183555960655212,0.15301212775365758,0.20495439199420312,0.4147919178583348,0.502945065498352,0.7769319415092468,0.502945065498352,0.7769319415092468,0.3722088038921356,0.7769319415092468,0.502945065498352,0.0025038719177246094,0.502945065498352,0.0025038719177246094,0.6409950852394104,0.16639694571495056
813,516,1.674005389213562,0.7855443954467773,0.42830516585459333,0.0702122384511557,0.09616439601251231,0.6481344699859619,0.6481344699859619,0.6481344699859619,0.6481344699859619,0.697992205619812,0.8179415464401245,0.6481344699859619,0.0023641586303710938,0.6481344699859619,0.0023641586303710938,0.7340743541717529,0.10282886028289795
814,518,-0.26719197630882263,1.2402796745300293,0.635546064109852,0.44777835731705007,0.025507082200298514,0.7093222737312317,0.7093222737312317,0.7093222737312317,0.7093222737312317,1.1606776714324951,1.2705621719360352,0.7093222737312317,0.0014199018478393555,0.7093222737312317,0.0014199018478393555,0.989942193031311,0.26266157627105713
815,520,2.451453924179077,0.8260341882705688,0.21238403839990505,0.4540532582439485,0.22215753514319647,0.5884003043174744,0.4788942337036133,0.5884003043174744,0.4788942337036133,0.8153144717216492,0.7668836712837219,0.5884003043174744,0.12477302551269531,0.5884003043174744,0.12477302551269531,0.7276163697242737,0.18205052614212036
816,522,-0.8836548328399658,1.1144864559173584,0.6405670424923302,0.15133199419826293,0.34277060553431515,0.7842903137207031,0.7842903137207031,0.7842903137207031,0.7842903137207031,0.9761966466903687,1.0706772804260254,0.7842903137207031,0.08507108688354492,0.7842903137207031,0.08507108688354492,0.967528760433197,0.2176172137260437
817,525,0.7306893467903137,0.3026946187019348,0.415960224637141,0.6466818919560562,0.115927010870849,0.6984654068946838,0.39227917790412903,0.6984654068946838,0.39227917790412903,0.7064587473869324,0.39227917790412903,0.6984654068946838,0.05701732635498047,0.6984654068946838,0.05701732635498047,0.5453723073005676,0.23364564776420593
818,527,2.147050380706787,0.39794284105300903,0.14034627293546997,0.4357297733674448,0.47775721815725175,0.4864943027496338,0.4738304615020752,0.4864943027496338,0.4738304615020752,0.8509292006492615,0.4738304615020752,0.4864943027496338,0.27064335346221924,0.4864943027496338,0.27064335346221924,0.35261860489845276,0.1610548198223114
819,529,0.7552070021629333,0.8077699542045593,0.6507246135175228,0.15965869955718526,0.2911951526254415,0.692834734916687,0.692834734916687,0.692834734916687,0.692834734916687,0.27875715494155884,0.7275255918502808,0.692834734916687,0.20102828741073608,0.692834734916687,0.20102828741073608,0.5903497934341431,0.10064512491226196
820,531,1.6062697172164917,1.210911750793457,0.20890339009463765,0.6756312103569508,0.11220503993332398,0.7764332294464111,1.0729843378067017,0.7764332294464111,1.0729843378067017,0.5276678204536438,1.0729843378067017,0.7764332294464111,0.21548455953598022,0.7764332294464111,0.21548455953598022,0.9247087836265564,0.3656207323074341
821,534,1.4768825769424438,1.237248420715332,0.5653242760027444,0.14205144087473565,0.42365043549488013,0.37663692235946655,0.5846214294433594,0.37663692235946655,0.5846214294433594,0.8706760406494141,1.2805794477462769,0.5846214294433594,0.26520854234695435,0.5846214294433594,0.26520854234695435,0.8212733864784241,0.504804790019989
822,536,1.2449707984924316,1.3466699123382568,0.46386722322553375,0.5329791818186641,0.12055827759206306,0.5787367224693298,1.0927455425262451,0.5787367224693298,1.0927455425262451,1.0470598936080933,1.0927455425262451,0.5787367224693298,0.2330777645111084,0.5787367224693298,0.2330777645111084,0.8357411623001099,0.4787457287311554
823,538,1.21602463722229,1.5786364078521729,0.41931110699971486,0.49673691745692256,0.39330193578110406,0.565380334854126,1.0991582870483398,0.565380334854126,1.0991582870483398,0.8994086980819702,1.0991582870483398,0.6205541491508484,0.5399297475814819,0.6205541491508484,0.5399297475814819,0.8598562479019165,0.7570398449897766
824,540,2.411301612854004,1.1687031984329224,0.34923781524101893,0.30882259550193947,0.32493538218239937,0.3379753828048706,0.4357326030731201,0.3379753828048706,0.4357326030731201,0.708627462387085,1.1633741855621338,0.4357326030731201,0.41004931926727295,0.4357326030731201,0.41004931926727295,0.6182874441146851,0.5804916620254517
825,542,1.454444408416748,1.4502848386764526,0.759708563139041,0.30914103838925566,0.2287866465685271,0.797277569770813,0.797277569770813,0.797277569770813,0.797277569770813,0.8044319152832031,1.2021421194076538,0.797277569770813,0.29963135719299316,0.797277569770813,0.29963135719299316,0.9997098445892334,0.47830474376678467
826,545,0.010793807916343212,1.6683425903320312,0.5625704659024876,0.7322353260467447,0.37252691196898646,0.8099229335784912,1.332576036453247,0.8099229335784912,1.332576036453247,0.9864580631256104,1.332576036453247,0.8099229335784912,0.38825321197509766,0.8099229335784912,0.38825321197509766,1.0712494850158691,0.6603914499282837
827,547,1.3769069910049438,1.1363744735717773,0.022627029952903666,0.49147206998740667,0.6512780328032868,0.6657443046569824,1.1331638097763062,0.6657443046569824,1.1331638097763062,0.8238275051116943,1.1331638097763062,0.6657443046569824,0.004188060760498047,0.6657443046569824,0.004188060760498047,0.897582471370697,0.2764173746109009
828,549,0.47952327132225037,0.8266183733940125,0.5454870680316041,0.003978931627546811,0.341462454913805,0.4626678228378296,0.4920451045036316,0.4626678228378296,0.4920451045036316,0.788508415222168,0.8208557367324829,0.4920451045036316,0.003321409225463867,0.4920451045036316,0.003321409225463867,0.6546275615692139,0.16763043403625488
829,551,1.1139830350875854,0.6539404392242432,0.17420776225626483,0.5185490667074917,0.03775103159248816,0.49417704343795776,0.6593925952911377,0.49417704343795776,0.6593925952911377,0.3505829870700836,0.6593925952911377,0.49417704343795776,0.0026259422302246094,0.49417704343795776,0.0026259422302246094,0.5767848491668701,0.08740328252315521
830,553,0.7663285136222839,0.968112587928772,0.42828479910269374,0.19150615589693187,0.3545789363980294,0.32362979650497437,0.42739516496658325,0.32362979650497437,0.42739516496658325,0.684705376625061,0.9552115201950073,0.42739516496658325,0.164198100566864,0.42739516496658325,0.164198100566864,0.6069550514221191,0.34505096077919006
831,556,1.0706250667572021,0.7538807392120361,0.28979576202730317,0.3521487405026953,0.11147705702732014,0.37562957406044006,0.6501167416572571,0.37562957406044006,0.6501167416572571,0.523849368095398,0.6501167416572571,0.37562957406044006,0.12235867977142334,0.37562957406044006,0.12235867977142334,0.5128731727600098,0.25860241055488586
832,558,1.0442371368408203,0.9392842054367065,0.373051827934881,0.2717445999135575,0.2803453122203548,0.3523519039154053,0.3678574562072754,0.3523519039154053,0.3678574562072754,0.6357126235961914,0.9188625812530518,0.3678574562072754,0.2802298069000244,0.3678574562072754,0.2802298069000244,0.5092331171035767,0.4216476380825043
833,560,1.9454797506332397,0.910869836807251,0.40366547703122113,0.352319428504755,0.15974879262348007,0.3731720447540283,0.3830334544181824,0.3731720447540283,0.3830334544181824,0.7453675270080566,0.7549031972885132,0.3830334544181824,0.18035149574279785,0.3830334544181824,0.18035149574279785,0.5689682960510254,0.3606497645378113
834,562,0.22168423235416412,1.3446391820907593,0.6669208970665932,0.29434542529284935,0.24190925441682365,0.6942158937454224,0.6942158937454224,0.6942158937454224,0.6942158937454224,0.7430043816566467,1.051634430885315,0.6942158937454224,0.29072105884552,0.6942158937454224,0.29072105884552,0.8729251623153687,0.45666030049324036
835,565,1.146756887435913,1.0070222616195679,0.05345271823306896,0.6799546904613574,0.21711308320363354,0.6824331283569336,0.7623636722564697,0.6824331283569336,0.7623636722564697,0.7177562713623047,1.015636682510376,0.6824331283569336,0.08245646953582764,0.6824331283569336,0.08245646953582764,0.8098529577255249,0.22624710202217102
836,565,2.559837818145752,1.008955478668213,0.40749081571896867,0.040874449045707695,0.4879503219512602,0.5158872604370117,0.9573538303375244,0.5158872604370117,0.9573538303375244,0.6243054866790771,0.9573538303375244,0.5158872604370117,0.07916659116744995,0.5158872604370117,0.07916659116744995,0.7005735635757446,0.2843446731567383
837,565,-0.9375404119491577,1.2628644704818726,0.8867537004003923,0.3642384686941904,0.006605101885894582,0.8338544964790344,0.8338544964790344,0.8338544964790344,0.8338544964790344,0.7444680333137512,1.2290949821472168,0.8338544964790344,0.05509376525878906,0.8338544964790344,0.05509376525878906,1.0314747095108032,0.23087820410728455
838,565,-1.1303502321243286,0.6503593325614929,0.3838348500058055,0.7216718649119138,0.21728384654968974,0.6802237629890442,0.33451420068740845,0.6802237629890442,0.33451420068740845,0.6962669491767883,0.33451420068740845,0.6802237629890442,0.23380756378173828,0.6802237629890442,0.23380756378173828,0.5073689818382263,0.16671645641326904
839,565,1.6538406610488892,-0.09953507781028748,0.47659289401024574,0.39806771880947034,0.6548206977825609,0.6128865480422974,0.09511144459247589,0.6128865480422974,0.09511144459247589,0.9890848398208618,0.09511144459247589,0.6128865480422974,0.3503265082836151,0.6128865480422974,0.3503265082836151,0.41533368825912476,0.5743501782417297
840,565,-0.7164939045906067,-0.07561759650707245,0.5675527030974625,0.4079892919957637,0.29997351363301267,0.632052481174469,0.632052481174469,0.632052481174469,0.632052481174469,0.7092464566230774,0.2082740217447281,0.632052481174469,0.2530858516693115,0.632052481174469,0.2530858516693115,0.42016324400901794,0.41949984431266785
841,565,1.5187625885009766,0.11822649091482162,0.29019557344416774,0.5726030150180061,0.3275064112866919,0.579423189163208,0.3351651430130005,0.579423189163208,0.3351651430130005,0.3208085298538208,0.06790345907211304,0.579423189163208,0.22695106267929077,0.579423189163208,0.22695106267929077,0.4457850456237793,0.3485623598098755
842,565,1.9488823413848877,0.7338134050369263,0.46647893314560274,0.27734523511181286,0.39903047734250613,0.4576531648635864,0.5059925317764282,0.4576531648635864,0.5059925317764282,0.8904257416725159,0.6967729330062866,0.5059925317764282,0.2094355821609497,0.5059925317764282,0.2094355821609497,0.7231093645095825,0.20587337017059326
843,565,1.085917592048645,0.9862228631973267,0.6175470497210821,0.452594017100831,0.2868957293281955,0.6164801716804504,0.6164801716804504,0.6164801716804504,0.6164801716804504,1.0080169439315796,1.1712769269943237,0.6164801716804504,0.1891460418701172,0.6164801716804504,0.1891460418701172,0.8938785791397095,0.25791144371032715
844,565,0.4341057538986206,1.3957579135894775,0.3244351838280758,0.6010715105136235,0.30239398536582784,0.6140923500061035,0.9934831261634827,0.6140923500061035,0.9934831261634827,0.6901136636734009,0.9934831261634827,0.6140923500061035,0.40177035331726074,0.6140923500061035,0.40177035331726074,0.8037877082824707,0.5837727785110474
845,565,-0.14016495645046234,1.0333772897720337,0.1190689968628188,0.29268614913647373,0.4951401031886538,0.5769593119621277,1.0819227695465088,0.5769593119621277,1.0819227695465088,0.6520678997039795,1.0819227695465088,0.5769593119621277,0.1615828275680542,0.5769593119621277,0.1615828275680542,0.7530835866928101,0.35750553011894226
846,565,0.22869393229484558,0.3460525870323181,0.11585935555398463,0.09162603102624425,0.22455584153532965,0.28401297330856323,0.36812376976013184,0.28401297330856323,0.36812376976013184,0.17145425081253052,0.36812376976013184,0.28401297330856323,0.1328970342874527,0.28401297330856323,0.1328970342874527,0.2607554793357849,0.10963023453950882
847,565,0.7683162689208984,0.1408691555261612,0.013690241125101865,0.08926209983726346,0.08771485989602903,0.22897250950336456,0.03578212857246399,0.22897250950336456,0.03578212857246399,0.12121810019016266,0.14295607805252075,0.04465363919734955,0.08054721355438232,0.04465363919734955,0.08054721355438232,0.05397336184978485,0.13443993031978607
848,565,-1.2499157190322876,0.2759690582752228,0.21957555858263123,0.02254446700525778,0.07743482912114506,0.25880834460258484,0.25880834460258484,0.25880834460258484,0.25880834460258484,0.007316142320632935,0.2975173890590668,0.25880834460258484,0.07090729475021362,0.25880834460258484,0.07090729475021362,0.2422405332326889,0.053991228342056274
849,565,0.578537106513977,-0.07885034382343292,0.4415697700344027,0.2033921216614545,0.0040258194133639125,1.0747900009155273,0.4127417206764221,1.0747900009155273,0.4127417206764221,0.852938711643219,0.18065443634986877,0.4127417206764221,0.052474573254585266,0.4127417206764221,0.052474573254585266,0.29669809341430664,0.1655387282371521
850,565,0.7404024004936218,0.0736907422542572,0.20090436706940334,0.37617628072698905,0.1731689299891392,0.9710923433303833,0.15601153671741486,0.9710923433303833,0.15601153671741486,0.8407838344573975,0.15601153671741486,0.3454391062259674,0.19376221299171448,0.3454391062259674,0.19376221299171448,0.25072532892227173,0.29585161805152893
851,565,0.8848053812980652,0.14951200783252716,0.2053749167422454,0.23451964175949502,0.3213900861268243,0.8215105533599854,0.13757354021072388,0.8215105533599854,0.13757354021072388,0.683387041091919,0.13757354021072388,0.2793687582015991,0.24394719302654266,0.2793687582015991,0.24394719302654266,0.19171875715255737,0.3491922914981842
852,565,0.5841026306152344,0.6644539833068848,0.32905932044610386,0.18813075145706531,0.13063502304255958,0.3105908930301666,0.3105908930301666,0.3105908930301666,0.3105908930301666,0.49362486600875854,0.5376297831535339,0.3105908930301666,0.13407880067825317,0.3105908930301666,0.13407880067825317,0.4241103529930115,0.24589693546295166
853,565,0.9185812473297119,0.6707957983016968,0.13752742220958075,0.3095889672761162,0.11527125225712859,0.2917068898677826,0.4911191463470459,0.2917068898677826,0.4911191463470459,0.387796014547348,0.4911191463470459,0.2917068898677826,0.18406817317008972,0.2917068898677826,0.18406817317008972,0.39141303300857544,0.2812145948410034
854,565,2.868093490600586,0.6676695346832275,0.252846291506042,0.1385524584477147,0.2517444867392381,0.3145321309566498,0.3145321309566498,0.3145321309566498,0.3145321309566498,0.5281416177749634,0.73259037733078,0.3145321309566498,0.18882885575294495,0.3145321309566498,0.18882885575294495,0.42551928758621216,0.30296915769577026
855,565,-0.09548591077327728,1.2335467338562012,0.8358004268491643,0.17854005114641014,0.06007074489258235,0.7875611782073975,0.7875611782073975,0.7875611782073975,0.7875611782073975,0.4759156107902527,1.0520966053009033,0.7875611782073975,0.1317678689956665,0.7875611782073975,0.1317678689956665,0.9198288917541504,0.24421465396881104
856,565,2.946312427520752,1.0168155431747437,0.008183568504949279,0.8412095037723579,0.1604664812485378,0.8395126461982727,0.808812141418457,0.8395126461982727,0.808812141418457,0.601577639579773,1.02106773853302,0.8395126461982727,0.030625581741333008,0.8395126461982727,0.030625581741333008,0.9460922479629517,0.1097002625465393
857,565,1.6326098442077637,1.6992489099502563,0.9051641633361581,0.06380240481346866,0.7092189756408334,0.9231500625610352,0.9231500625610352,0.9231500625610352,0.9231500625610352,1.6837432384490967,1.6724934577941895,0.9231500625610352,0.03283274173736572,0.9231500625610352,0.03283274173736572,1.3127615451812744,0.3852606415748596
858,565,0.3231229782104492,1.4201714992523193,0.46068550724536195,0.9280619256943463,0.06736089210957297,0.9243870973587036,1.4377856254577637,0.9243870973587036,1.4377856254577637,1.0205748081207275,1.4377856254577637,0.9243870973587036,0.025150179862976074,0.9243870973587036,0.025150179862976074,1.1810863018035889,0.24319583177566528
859,565,1.951299786567688,1.5637717247009277,0.05586196345587546,0.5113925034676989,0.7867415043090782,0.9130082130432129,1.5439491271972656,0.9130082130432129,1.5439491271972656,1.0160640478134155,1.5439491271972656,0.9130082130432129,0.12328720092773438,0.9130082130432129,0.12328720092773438,1.1769089698791504,0.43344205617904663
860,565,1.0293232202529907,1.1915061473846436,0.5906488930806515,0.023768714629114007,0.35119536057114586,0.6362833976745605,0.6362833976745605,0.6362833976745605,0.6362833976745605,0.9852446913719177,1.1605126857757568,0.6362833976745605,0.09913432598114014,0.6362833976745605,0.09913432598114014,0.8493006229400635,0.3030771017074585
861,565,-0.49116161465644836,1.031916618347168,0.3167603201698511,0.5352509536687283,0.0016966113075616018,0.5772836208343506,0.904994547367096,0.5772836208343506,0.904994547367096,0.6100730895996094,0.904994547367096,0.5772836208343506,0.07745176553726196,0.5772836208343506,0.07745176553726196,0.7411390542984009,0.23401257395744324
862,565,0.7325467467308044,0.8371939659118652,0.17913581291834502,0.3130003709097703,0.5035123173644145,0.618228554725647,0.7903985977172852,0.618228554725647,0.7903985977172852,0.6550899744033813,0.7903985977172852,0.618228554725647,0.1650993824005127,0.618228554725647,0.1650993824005127,0.7911069989204407,0.1834012269973755
863,565,0.15807998180389404,0.3697946071624756,0.17338246787587797,0.21409933041160303,0.24231940754378833,0.24992965161800385,0.3393786549568176,0.24992965161800385,0.3393786549568176,0.3820865750312805,0.3393786549568176,0.24992965161800385,0.2372138500213623,0.24992965161800385,0.2372138500213623,0.17599225044250488,0.16094523668289185
864,565,-0.38991862535476685,0.1689002811908722,0.021081264764070518,0.15770916894078255,0.16900829859077932,0.4349535405635834,0.15403753519058228,0.4349535405635834,0.15403753519058228,0.2098405361175537,0.15403753519058228,0.11898666620254517,0.04975821077823639,0.11898666620254517,0.04975821077823639,0.11157330125570297,0.16496050357818604
865,565,-0.5428929924964905,0.10882097482681274,0.13730433723578847,0.009583056097229314,0.08692895808567608,0.5076242685317993,0.13781732320785522,0.5076242685317993,0.13781732320785522,0.3362847566604614,0.0763075053691864,0.13781732320785522,0.04865577816963196,0.13781732320785522,0.04865577816963196,0.08289356529712677,0.13053269684314728
866,565,1.2194883823394775,-0.32307854294776917,0.25391951409634195,0.1358625917835161,0.015472048474475697,0.41695085167884827,0.18437646329402924,0.41695085167884827,0.18437646329402924,0.7132638692855835,0.31040844321250916,0.18437646329402924,0.04236266016960144,0.18437646329402924,0.04236266016960144,0.2473924458026886,0.06402488797903061
867,565,0.12121909111738205,0.13075324892997742,0.3909662107626596,0.24012317554404328,0.09830132478227213,0.39892148971557617,0.39892148971557617,0.39892148971557617,0.39892148971557617,0.2954275906085968,0.2229430377483368,0.39892148971557617,0.09116512537002563,0.39892148971557617,0.09116512537002563,0.3109322786331177,0.16938839852809906
868,565,0.8790407776832581,0.2915112376213074,0.011152546716233197,0.41665817861755683,0.23844552143166464,0.37993305921554565,0.42095911502838135,0.37993305921554565,0.42095911502838135,0.25573307275772095,0.26886922121047974,0.37993305921554565,0.039806246757507324,0.37993305921554565,0.039806246757507324,0.3040747344493866,0.07240590453147888
869,565,1.375004529953003,0.7320666909217834,0.2624239161486427,0.01453093772133196,0.31124544149885575,0.3225244879722595,0.6435543894767761,0.3225244879722595,0.6435543894767761,0.4946931004524231,0.6435543894767761,0.3225244879722595,0.04033774137496948,0.3225244879722595,0.04033774137496948,0.46406349539756775,0.19009265303611755
870,565,0.7714257836341858,0.6663691997528076,0.38343367898215835,0.2366819096108279,0.039869429382185184,0.42609885334968567,0.42609885334968567,0.42609885334968567,0.42609885334968567,0.545015811920166,0.6988471150398254,0.42609885334968567,0.028586924076080322,0.42609885334968567,0.028586924076080322,0.5624729990959167,0.15859590470790863
871,565,1.1425294876098633,0.903506338596344,0.23551256760954864,0.3584802017733455,0.18364134583622205,0.43815433979034424,0.6905023455619812,0.43815433979034424,0.6905023455619812,0.49146372079849243,0.6905023455619812,0.43815433979034424,0.247064471244812,0.43815433979034424,0.247064471244812,0.5643283128738403,0.37194961309432983
872,565,0.8277382254600525,0.8815370798110962,0.28600232737138864,0.1576383587904273,0.24987304680049438,0.27019357681274414,0.3393715023994446,0.27019357681274414,0.3393715023994446,0.6012891530990601,0.8864659070968628,0.3393715023994446,0.2320084571838379,0.3393715023994446,0.2320084571838379,0.5031460523605347,0.3943565785884857
873,565,-0.11484844237565994,0.8541914224624634,0.21460856574277076,0.26718606504301246,0.09892380687097702,0.3643490672111511,0.6294629573822021,0.3643490672111511,0.6294629573822021,0.5273717641830444,0.6294629573822021,0.3643490672111511,0.21063411235809326,0.3643490672111511,0.21063411235809326,0.49690601229667664,0.34127190709114075
874,565,0.8550914525985718,0.5429035425186157,0.12129285300771386,0.20557375283290935,0.21421118864168714,0.32662034034729004,0.5572483539581299,0.32662034034729004,0.5572483539581299,0.4926701486110687,0.5572483539581299,0.32662034034729004,0.04140967130661011,0.32662034034729004,0.04140967130661011,0.46053528785705566,0.1455308049917221
875,565,0.0532432422041893,0.459202378988266,0.2445709640253335,0.12511849798262123,0.12624226006679246,0.2735012173652649,0.2735012173652649,0.2735012173652649,0.2735012173652649,0.4716028869152069,0.444591224193573,0.2735012173652649,0.034475743770599365,0.2735012173652649,0.034475743770599365,0.3758416175842285,0.10523557662963867
876,565,0.23217689990997314,0.22847314178943634,0.03812143202250201,0.2456997700283925,0.10310761236896118,0.26150256395339966,0.27915018796920776,0.26150256395339966,0.27915018796920776,0.009930506348609924,0.2507433593273163,0.26150256395339966,0.017538756132125854,0.26150256395339966,0.017538756132125854,0.24731576442718506,0.013739876449108124
877,565,0.5352654457092285,0.38419342041015625,0.06951208379662904,0.036408925351376326,0.17512922557614125,0.20839689671993256,0.3000357449054718,0.20839689671993256,0.3000357449054718,0.08767729997634888,0.3000357449054718,0.20839689671993256,0.015621781349182129,0.20839689671993256,0.015621781349182129,0.24570542573928833,0.053026407957077026
878,565,1.1932451725006104,0.3140568733215332,0.12910951268548765,0.040435220344613,0.03582843226691085,0.1467801183462143,0.1467801183462143,0.1467801183462143,0.1467801183462143,0.1251278966665268,0.21776515245437622,0.1467801183462143,0.014309167861938477,0.1467801183462143,0.014309167861938477,0.18227264285087585,0.04902847111225128
879,565,2.192476511001587,0.5911187529563904,0.35455360799717406,0.13183560833024477,0.03663924739385649,0.37071311473846436,0.37071311473846436,0.37071311473846436,0.37071311473846436,0.33437594771385193,0.530461311340332,0.37071311473846436,0.054089128971099854,0.37071311473846436,0.054089128971099854,0.4505872130393982,0.12863607704639435
880,565,1.576608657836914,1.178853988647461,0.6492410747955241,0.32169656066844887,0.06206273658821981,0.6912980079650879,0.6912980079650879,0.6912980079650879,0.6912980079650879,0.7544609308242798,1.0679253339767456,0.6912980079650879,0.14604854583740234,0.6912980079650879,0.14604854583740234,0.8796116709709167,0.33118075132369995
881,565,2.044485330581665,1.4759234189987183,0.4460282272410889,0.5938691811574002,0.25294251793374634,0.6653693318367004,1.1488112211227417,0.6653693318367004,1.1488112211227417,0.9536141753196716,1.1488112211227417,0.6653693318367004,0.32253360748291016,0.6653693318367004,0.32253360748291016,0.9070903062820435,0.5639115571975708
882,565,1.3071800470352173,1.7141640186309814,0.6048303528005881,0.42579744795958185,0.5105744652325906,0.5576953887939453,0.6073811054229736,0.5576953887939453,0.6073811054229736,1.1732227802276611,1.6895012855529785,0.6073811054229736,0.5063878297805786,0.6073811054229736,0.5063878297805786,0.9140005111694336,0.786820650100708
883,565,-1.3845239877700806,1.4951374530792236,0.3964142572507261,0.5691826570034026,0.32460842672735457,0.6206761598587036,1.0104303359985352,0.6206761598587036,1.0104303359985352,0.7826682329177856,1.0104303359985352,0.6206761598587036,0.42027556896209717,0.6206761598587036,0.42027556896209717,0.8155532479286194,0.6054828763008118
884,565,1.6725622415542603,0.6885870695114136,0.5388597178831696,0.4433883906900882,0.5754782836511732,0.6162735223770142,0.6081451773643494,0.6162735223770142,0.6081451773643494,0.8183126449584961,0.6081451773643494,0.6162735223770142,0.46814021468162537,0.6162735223770142,0.46814021468162537,0.39326536655426025,0.23538784682750702
885,565,0.4649888277053833,0.4983787536621094,0.5468480780099828,0.4514471105920772,0.2789413902473948,0.5696192383766174,0.5696192383766174,0.5696192383766174,0.5696192383766174,0.7711136341094971,0.194668710231781,0.5696192383766174,0.29189741611480713,0.5696192383766174,0.29189741611480713,0.3821439743041992,0.15972119569778442
886,565,-0.30635523796081543,0.47938501834869385,0.11818120916684463,0.5451152857889732,0.414702792117993,0.5792803168296814,0.7572675347328186,0.5792803168296814,0.7572675347328186,0.6502269506454468,0.40062373876571655,0.5792803168296814,0.16657966375350952,0.5792803168296814,0.16657966375350952,0.40728089213371277,0.1594732403755188
887,565,0.2117680013179779,0.4915868043899536,0.15307332895075276,0.10686541967714824,0.38459660640607274,0.3989003300666809,0.4403407871723175,0.3989003300666809,0.4403407871723175,0.25357985496520996,0.4403407871723175,0.3989003300666809,0.13931769132614136,0.3989003300666809,0.13931769132614136,0.3483165502548218,0.08759847283363342
888,565,-0.3713628947734833,0.16305461525917053,0.0359553434699775,0.17941134454682467,0.07878913430497061,0.35511669516563416,0.029738903045654297,0.35511669516563416,0.029738903045654297,0.2298094928264618,0.0960754007101059,0.09969285130500793,0.07086073607206345,0.09969285130500793,0.07086073607206345,0.062334850430488586,0.1345692127943039
889,565,0.48627322912216187,-0.07800746709108353,0.26999515252343065,0.03140463951199013,0.14075783373477557,0.3126935362815857,0.12257910519838333,0.3126935362815857,0.12257910519838333,0.5056941509246826,0.12971416115760803,0.12257910519838333,0.06749624758958817,0.12257910519838333,0.06749624758958817,0.158887580037117,0.03769470378756523
890,565,-0.1622268706560135,0.11851001530885696,0.005727268693347831,0.2856181036184231,0.05326288981984062,0.39633792638778687,0.038878992199897766,0.39633792638778687,0.038878992199897766,0.4126744866371155,0.09367672353982925,0.12020587176084518,0.16209901869297028,0.12020587176084518,0.16209901869297028,0.0930866226553917,0.1901620626449585
891,565,-0.2782447636127472,0.04993373155593872,0.16210591075321035,7.819445182888352e-05,0.22507872612526011,0.26573240756988525,0.021001458168029785,0.26573240756988525,0.021001458168029785,0.4981082081794739,0.021001458168029785,0.07494236528873444,0.14457637071609497,0.07494236528873444,0.14457637071609497,0.09788453578948975,0.12109974026679993
892,565,1.5172443389892578,0.01838870346546173,0.20866535497208427,0.20055404712756483,0.002764772300918872,0.3410530686378479,0.09153980016708374,0.3410530686378479,0.09153980016708374,0.59181147813797,0.14262031018733978,0.09153980016708374,0.1313362568616867,0.09153980016708374,0.1313362568616867,0.11708005517721176,0.10489439964294434
893,565,0.3740507662296295,0.4115278124809265,0.42630056887865053,0.2289749469608068,0.1836599441617726,0.5460634827613831,0.5460634827613831,0.5460634827613831,0.5460634827613831,0.17894130945205688,0.44650161266326904,0.5460634827613831,0.042844951152801514,0.5460634827613831,0.042844951152801514,0.49628254771232605,0.08864793181419373
894,565,0.13642245531082153,0.4352567791938782,0.010508201941847872,0.39409460499882687,0.20237902797758572,0.5021750330924988,0.6177319884300232,0.5021750330924988,0.6177319884300232,0.08963555097579956,0.5409486889839172,0.5021750330924988,0.1096683144569397,0.5021750330924988,0.1096683144569397,0.46411827206611633,0.07439547777175903
895,565,-1.1982611417770386,0.6618783473968506,0.0016491201395789634,0.005462007199724617,0.31978104388962203,0.40254488587379456,0.5767314434051514,0.40254488587379456,0.5767314434051514,0.14988970756530762,0.5767314434051514,0.40254488587379456,0.044697344303131104,0.40254488587379456,0.044697344303131104,0.4655344486236572,0.10599853098392487
896,565,-0.33128800988197327,-0.19713535904884338,0.46246215920584904,0.027142447854081764,0.01855405049088099,0.7899570465087891,0.3396666944026947,0.7899570465087891,0.3396666944026947,0.8192328214645386,0.29839885234832764,0.3396666944026947,0.08905377984046936,0.3396666944026947,0.08905377984046936,0.31903278827667236,0.11046706140041351
897,565,-0.6210187673568726,-0.47388893365859985,0.2918532534937063,0.515534862751762,0.034568748498956525,0.82056725025177,0.4896540641784668,0.82056725025177,0.4896540641784668,1.080439805984497,0.4896540641784668,0.3842882513999939,0.04050678014755249,0.3842882513999939,0.04050678014755249,0.43697115778923035,0.05599597096443176
898,565,-0.3388679027557373,-0.5274857878684998,0.3296992465915779,0.2849892003989467,0.4235254179469,0.5011612176895142,0.5817752480506897,0.5011612176895142,0.5817752480506897,0.7929666638374329,0.5817752480506897,0.2872645854949951,0.11179512739181519,0.2872645854949951,0.11179512739181519,0.3844919204711914,0.21038486063480377
899,565,2.1765806674957275,-0.301843523979187,0.2179890349631508,0.2866907415663202,0.18705129322906333,0.27331554889678955,0.29108017683029175,0.27331554889678955,0.29108017683029175,0.3767428696155548,0.29108017683029175,0.1887662261724472,0.07994864881038666,0.1887662261724472,0.07994864881038666,0.23992320895195007,0.13261276483535767
900,565,0.6367028951644897,0.506563127040863,0.5890652646869422,0.2346023750677706,0.26472653765231374,0.6878484487533569,0.6878484487533569,0.6878484487533569,0.6878484487533569,0.19083720445632935,0.41635066270828247,0.6878484487533569,0.09434539079666138,0.6878484487533569,0.09434539079666138,0.6063148975372314,0.16846010088920593
901,565,1.4029568433761597,0.9749571084976196,0.10364812644819421,0.6519378116788965,0.2288592119080327,0.7339698076248169,0.9561063647270203,0.7339698076248169,0.9561063647270203,0.13651251792907715,0.8503941297531128,0.7339698076248169,0.2061958909034729,0.7339698076248169,0.2061958909034729,0.6831585764884949,0.1546173393726349
902,565,0.8368399739265442,1.3425837755203247,0.31216885811338824,0.07574025087679415,0.5418096111776929,0.6363939046859741,1.2513538599014282,0.6363939046859741,1.2513538599014282,0.8086121082305908,1.2513538599014282,0.6363939046859741,0.22186601161956787,0.6363939046859741,0.22186601161956787,0.8355099558830261,0.42583197355270386
903,565,-1.7370810508728027,0.9673534035682678,0.1844427922872517,0.332198268075396,0.035390215751637366,0.43332886695861816,0.689002513885498,0.43332886695861816,0.689002513885498,0.5142995715141296,0.689002513885498,0.43332886695861816,0.16675281524658203,0.43332886695861816,0.16675281524658203,0.5611656904220581,0.2876966595649719
904,565,-0.2306438535451889,0.12992163002490997,0.6997279151404898,0.16769445345116157,0.2713229205676666,1.4875870943069458,0.5946215391159058,1.4875870943069458,0.5946215391159058,1.1040798425674438,0.09070277959108353,0.5946215391159058,0.27093246579170227,0.5946215391159058,0.27093246579170227,0.3872174918651581,0.4609583616256714
905,565,0.6507279872894287,-0.2297000288963318,0.24935912935684112,0.6620008079955977,0.1540913497035702,1.3579366207122803,0.5980290770530701,1.3579366207122803,0.5980290770530701,1.7638776302337646,0.5980290770530701,0.5253268480300903,0.23378467559814453,0.5253268480300903,0.23378467559814453,0.5616779327392578,0.19437292218208313
906,565,-0.4628906548023224,-0.25113916397094727,0.08253165408968943,0.27621664196252826,0.5649290280044079,1.1345922946929932,0.308155357837677,1.1345922946929932,0.308155357837677,1.5371346473693848,0.308155357837677,0.4446239471435547,0.23865315318107605,0.4446239471435547,0.23865315318107605,0.479602187871933,0.19283372163772583
907,565,1.2492672204971313,0.15042629837989807,0.26097527949760346,0.07264377313976478,0.25054430399710936,0.45118001103401184,0.14038974046707153,0.45118001103401184,0.14038974046707153,0.7495791912078857,0.008162856101989746,0.14038974046707153,0.21507233381271362,0.14038974046707153,0.21507233381271362,0.16964229941368103,0.18429118394851685
908,565,-1.6474215984344482,0.4745923578739166,0.244491072941261,0.29468669244864343,0.035349044293786214,0.6620510816574097,0.2537599503993988,0.6620510816574097,0.2537599503993988,0.29362228512763977,0.2537599503993988,0.13345161080360413,0.17741674184799194,0.13345161080360413,0.17741674184799194,0.19360578060150146,0.38508284091949463
909,565,-1.305247187614441,-0.18200308084487915,0.6865931292743577,0.256549106790529,0.2616713952439993,1.3718822002410889,0.5411605834960938,1.3718822002410889,0.5411605834960938,1.9793028831481934,0.23430168628692627,0.5411605834960938,0.4495975375175476,0.5411605834960938,0.4495975375175476,0.602820873260498,0.3797851800918579
910,565,-0.9839541912078857,-0.5355903506278992,0.5978642014320938,0.6758642275538298,0.19200519459322085,1.4218684434890747,0.9646773338317871,1.4218684434890747,0.9646773338317871,2.5812571048736572,0.9646773338317871,0.5446437001228333,0.350677490234375,0.5446437001228333,0.350677490234375,0.7546604871749878,0.24295085668563843
911,565,-1.8859944343566895,-1.3403295278549194,0.5290976185475786,0.6606474580367409,0.6288213095193107,0.73808753490448,0.9698190689086914,0.73808753490448,0.9698190689086914,1.3412400484085083,1.408199667930603,0.5991071462631226,0.3920729160308838,0.5991071462631226,0.3920729160308838,0.8369349241256714,0.6792405843734741
912,565,-1.3924894332885742,-1.3081690073013306,0.7423828977470597,0.5036193641399345,0.5315377010901768,0.9464144706726074,0.6285600066184998,0.9464144706726074,0.6285600066184998,1.3983545303344727,1.3517160415649414,0.6285600066184998,0.41205865144729614,0.6285600066184998,0.41205865144729614,0.8307254314422607,0.6031073331832886
913,565,-1.31541109085083,-1.2421364784240723,0.5853693223372102,0.7260881169512867,0.35856222122907644,0.8917072415351868,1.0447882413864136,0.8917072415351868,1.0447882413864136,1.4455766677856445,1.0447882413864136,0.6162168383598328,0.2875332832336426,0.6162168383598328,0.2875332832336426,0.8305025100708008,0.5032137632369995
914,565,-0.5772454738616943,-1.4788578748703003,0.5874226157491407,0.6552556462337572,0.675437521201869,0.808552622795105,1.5650182962417603,0.808552622795105,1.5650182962417603,1.3117055892944336,1.5650182962417603,0.6324069499969482,0.46843576431274414,0.6324069499969482,0.46843576431274414,0.888585090637207,0.7714127898216248
915,565,-1.2788324356079102,-1.004338264465332,0.32184686227391146,0.5586389421361188,0.4733118686514597,0.7840756773948669,0.7094607353210449,0.7840756773948669,0.7094607353210449,1.2962324619293213,1.0601563453674316,0.5134023427963257,0.2115877866744995,0.5134023427963257,0.2115877866744995,0.6954715251922607,0.4224400520324707
916,565,-0.962660551071167,-1.002766489982605,0.6266823971644044,0.33648901566863065,0.48560569386929253,0.713752031326294,0.4549226760864258,0.713752031326294,0.4549226760864258,1.3168821334838867,1.054467797279358,0.4549226760864258,0.23286616802215576,0.4549226760864258,0.23286616802215576,0.657151460647583,0.4231586456298828
917,565,0.5607872605323792,-0.8583752512931824,0.4884969996474682,0.5841254544444383,0.2697350885719063,0.66042160987854,0.7452932596206665,0.66042160987854,0.7452932596206665,1.0817441940307617,0.7452932596206665,0.43952783942222595,0.1768120527267456,0.43952783942222595,0.1768120527267456,0.5924105644226074,0.33644288778305054
918,565,-0.3799097537994385,-0.36254164576530457,0.06352652334918574,0.4460545036817589,0.4560766493777435,0.7691314220428467,0.4424808919429779,0.7691314220428467,0.4424808919429779,1.5686132907867432,0.4424808919429779,0.3295046091079712,0.19050022959709167,0.3295046091079712,0.19050022959709167,0.466371089220047,0.1638002246618271
919,565,-1.5944421291351318,-0.1015162542462349,0.22629225557049115,0.04717342237631472,0.35353206334014725,0.5872111916542053,0.1724010556936264,0.5872111916542053,0.1724010556936264,0.9869615435600281,0.1724010556936264,0.2139092981815338,0.17657291889190674,0.2139092981815338,0.17657291889190674,0.27286189794540405,0.1133507639169693
920,565,-2.001433849334717,-0.37773290276527405,0.6348856143405042,0.25563840517153336,0.020244955855111324,1.1328898668289185,0.48533719778060913,1.1328898668289185,0.48533719778060913,1.5725370645523071,0.6091466546058655,0.48533719778060913,0.1626269519329071,0.48533719778060913,0.1626269519329071,0.5472419261932373,0.09887224435806274
921,565,-0.43824201822280884,-1.2430076599121094,0.8460937214891113,0.6691112502540151,0.20331593825171423,1.3276991844177246,0.700592577457428,1.3276991844177246,0.700592577457428,2.1718130111694336,1.255123257637024,0.700592577457428,0.11497890949249268,0.700592577457428,0.11497890949249268,0.9778579473495483,0.3910282552242279
922,565,-2.7116358280181885,-1.2721519470214844,0.31218840333322695,0.8061452244470515,0.5990105482439201,1.2917498350143433,0.9022626280784607,1.2917498350143433,0.9022626280784607,1.9974373579025269,1.3361632823944092,0.7514244318008423,0.17072844505310059,0.7514244318008423,0.17072844505310059,0.9740744233131409,0.44147396087646484
923,565,-1.517002820968628,-1.3475136756896973,0.9292958989615243,0.2492136968734362,0.538433576269696,1.553091049194336,0.8252899050712585,1.553091049194336,0.8252899050712585,2.2838134765625,1.4453985691070557,0.8252899050712585,0.16071105003356934,0.8252899050712585,0.16071105003356934,1.0715272426605225,0.3935965299606323
924,565,0.25404223799705505,-1.4744395017623901,0.6690564901630085,1.0038176170984903,0.23903196106354407,1.7209140062332153,1.518508791923523,1.7209140062332153,1.518508791923523,2.504584312438965,1.518508791923523,0.98598712682724,0.14763224124908447,0.98598712682724,0.14763224124908447,1.252247929573059,0.42882615327835083
925,565,-2.047079563140869,-1.2275559902191162,0.03238088761766744,0.6951126499970754,0.9246486426641544,1.7374790906906128,1.3538342714309692,1.7374790906906128,1.3538342714309692,2.9262216091156006,1.3538342714309692,0.9473381042480469,0.09159374237060547,0.9473381042480469,0.09159374237060547,1.1916396617889404,0.3426615595817566
926,565,0.3242017924785614,-0.8971177935600281,0.7401256089285018,0.02845393631607296,0.5026922734081745,1.2791941165924072,0.6410549283027649,1.2791941165924072,0.6410549283027649,2.1841585636138916,0.9521418809890747,0.6410549283027649,0.10317462682723999,0.6410549283027649,0.10317462682723999,0.8360718488693237,0.2163097858428955
927,565,-0.8654317259788513,-0.3914787471294403,0.051425402347619276,0.7161388749318819,0.008417883176977337,1.2828260660171509,0.5394314527511597,1.2828260660171509,0.5394314527511597,1.192238450050354,0.5394314527511597,0.6298497319221497,0.07066065073013306,0.6298497319221497,0.07066065073013306,0.584640622138977,0.12381486594676971
928,565,-1.1743947267532349,-0.6568560004234314,0.3346839713336278,0.0373177131296446,0.6612932266232868,1.244788646697998,0.745836079120636,1.244788646697998,0.745836079120636,1.8693749904632568,0.745836079120636,0.5928976535797119,0.14674633741378784,0.5928976535797119,0.14674633741378784,0.7210420966148376,0.15409934520721436
929,565,-0.9005000591278076,-0.3960186243057251,0.4722812787008782,0.337363191259404,0.058121670776357215,0.8337798118591309,0.3905841112136841,0.8337798118591309,0.3905841112136841,1.437711238861084,0.6628432273864746,0.3905841112136841,0.09261101484298706,0.3905841112136841,0.09261101484298706,0.5267136693000793,0.14750435948371887
930,565,-2.2772746086120605,-0.7206271290779114,0.37274489751706513,0.42877525248254333,0.25378231861318157,0.4562186300754547,0.6512253880500793,0.4562186300754547,0.6512253880500793,0.7485867738723755,0.6512253880500793,0.36729952692985535,0.2224489152431488,0.36729952692985535,0.2224489152431488,0.5092624425888062,0.3708810806274414
931,565,-1.2866435050964355,-1.2729301452636719,0.7655336340454715,0.39149140422542894,0.41256573970740074,1.1725646257400513,0.6813274621963501,1.1725646257400513,0.6813274621963501,1.5302625894546509,1.2986980676651,0.6813274621963501,0.32368701696395874,0.6813274621963501,0.32368701696395874,0.8525156378746033,0.4881126582622528
932,565,-2.1394295692443848,-1.3499783277511597,0.5160482293615738,0.7827189201737444,0.2991213880168895,1.221956491470337,1.1860133409500122,1.221956491470337,1.1860133409500122,1.7048548460006714,1.1860133409500122,0.7888567447662354,0.2778584957122803,0.7888567447662354,0.2778584957122803,0.9874350428581238,0.4936656057834625
933,565,-1.9695974588394165,-1.7913341522216797,0.814093852353593,0.5859703012680013,0.7193082164352138,1.015826940536499,0.6735242605209351,1.015826940536499,0.6735242605209351,2.0882439613342285,1.924373745918274,0.6735242605209351,0.5315102338790894,0.6735242605209351,0.5315102338790894,1.078007459640503,0.8598592877388
934,565,-2.859163284301758,-1.6797515153884888,0.7392501729540523,0.8274206407368185,0.4266270719654859,1.139438509941101,1.4418166875839233,1.139438509941101,1.4418166875839233,1.917698621749878,1.4418166875839233,0.8528395891189575,0.43774664402008057,0.8528395891189575,0.43774664402008057,1.1473281383514404,0.7491417527198792
935,565,-3.8427913188934326,-2.0899643898010254,0.8970692298002539,0.7785045196115972,0.6744094911031424,1.1488840579986572,0.7732828855514526,1.1488840579986572,0.7732828855514526,1.9062089920043945,1.6118940114974976,0.7732828855514526,0.7248226404190063,0.7732828855514526,0.7248226404190063,1.192588448524475,1.044931173324585
936,565,-3.075836181640625,-2.457101345062256,1.0576456250498691,0.9954781390974916,0.625260228614013,1.648273229598999,0.8892563581466675,1.648273229598999,0.8892563581466675,2.890749454498291,2.0194480419158936,0.8892563581466675,0.5749009847640991,0.8892563581466675,0.5749009847640991,1.4543521404266357,1.0345842838287354
937,565,-3.5060651302337646,-2.884404420852661,0.9026662764449918,1.204497960855563,0.8718185933430989,1.4561409950256348,2.0052356719970703,1.4561409950256348,2.0052356719970703,2.4880173206329346,2.0052356719970703,1.0811076164245605,0.7793641090393066,1.0811076164245605,0.7793641090393066,1.5431716442108154,1.2208359241485596
938,559,-3.3243753910064697,-2.761535406112671,0.9837213606076936,0.9464818132917087,0.9008987183930977,0.8394618034362793,0.6902260780334473,0.8394618034362793,0.6902260780334473,2.0304977893829346,1.8807272911071777,0.6902260780334473,0.8429055213928223,0.6902260780334473,0.8429055213928223,1.2854766845703125,1.3209896087646484
939,559,-4.708375930786133,-2.7865149974823,0.9718573812519509,1.096140196950486,0.778224657432486,1.1595332622528076,2.017305612564087,1.1595332622528076,2.017305612564087,2.2922871112823486,2.017305612564087,1.0024737119674683,0.7839279174804688,1.0024737119674683,0.7839279174804688,1.5098896026611328,1.2728321552276611
940,559,-3.196312665939331,-2.885680675506592,1.123792262064914,1.0067982629934948,0.9095875252659118,1.4612129926681519,0.8905066251754761,1.4612129926681519,0.8905066251754761,2.6275084018707275,2.1412105560302734,0.8905066251754761,0.8983274698257446,0.8905066251754761,0.8983274698257446,1.5158586502075195,1.3662917613983154
941,559,-3.45127010345459,-3.1090469360351562,0.9051378547276054,1.4189584153021375,0.9077207719037934,2.038750648498535,2.3077170848846436,2.038750648498535,2.3077170848846436,2.7562620639801025,3.1960463523864746,1.4082847833633423,0.7039861679077148,1.4082847833633423,0.7039861679077148,1.8528072834014893,1.2871620655059814
942,559,-3.2325029373168945,-2.977931261062622,0.8907717358662435,1.046801206214974,1.1172751106290768,1.5139037370681763,3.0683374404907227,1.5139037370681763,3.0683374404907227,2.4864373207092285,3.0683374404907227,1.127614140510559,0.6597940921783447,1.127614140510559,0.6597940921783447,1.6443507671356201,1.3333368301391602
943,559,-2.641193151473999,-2.9129180908203125,0.9217048371334866,1.111814267834028,0.8966769899924594,1.2066740989685059,2.0721099376678467,1.2066740989685059,2.0721099376678467,2.200979232788086,2.0721099376678467,1.0929070711135864,0.9012231826782227,1.0929070711135864,0.9012231826782227,1.5825085639953613,1.3864901065826416
944,559,-2.112520456314087,-2.7387068271636963,0.75854459674408,1.114995158587893,0.888928628576299,1.4676979780197144,1.9457876682281494,1.4676979780197144,1.9457876682281494,2.37013840675354,2.8356268405914307,1.1964819431304932,0.6160423755645752,1.1964819431304932,0.6160423755645752,1.6093705892562866,1.1833324432373047
945,559,-4.1676859855651855,-2.5884439945220947,0.6395372872799638,0.9262082793936133,0.8989839033409952,1.3156161308288574,1.7329492568969727,1.3156161308288574,1.7329492568969727,2.346963405609131,2.562810182571411,1.076178789138794,0.5646560192108154,1.076178789138794,0.5646560192108154,1.5028290748596191,1.147228717803955
946,559,-4.347239971160889,-2.661773920059204,1.109844048966964,0.7863758676902699,0.7852868103825799,1.8554290533065796,0.9564623832702637,1.8554290533065796,0.9564623832702637,2.653331756591797,1.981382131576538,0.9564623832702637,0.8787713050842285,0.9564623832702637,0.8787713050842285,1.4689222574234009,1.2651972770690918
947,559,-2.4783687591552734,-2.9423341751098633,1.1509528267880276,1.1895269030084217,0.591537876253327,1.7732068300247192,2.353724718093872,1.7732068300247192,2.353724718093872,3.5690088272094727,2.353724718093872,1.0470072031021118,0.5307374000549316,1.0470072031021118,0.5307374000549316,1.7003660202026367,1.1246585845947266
948,559,-3.7964589595794678,-3.27998948097229,0.8111079242452979,1.3473264608159665,1.1627076821029183,2.048734664916992,2.0679192543029785,2.048734664916992,2.0679192543029785,3.6026031970977783,3.3427586555480957,1.2058374881744385,0.5878233909606934,1.2058374881744385,0.5878233909606934,1.8578803539276123,1.2652077674865723
949,559,-2.715641975402832,-2.9570107460021973,1.0838956670959787,0.839285893340906,1.1007933272918065,1.6422955989837646,3.0005013942718506,1.6422955989837646,3.0005013942718506,3.196000337600708,3.0005013942718506,1.0871058702468872,0.8170151710510254,1.0871058702468872,0.8170151710510254,1.6459085941314697,1.3492515087127686
950,559,-2.8264033794403076,-2.834824800491333,0.8870749047026041,1.3035817180946467,0.7272801006585361,1.8644908666610718,2.19342041015625,1.8644908666610718,2.19342041015625,2.772088050842285,2.19342041015625,1.338864803314209,0.7584409713745117,1.338864803314209,0.7584409713745117,1.7661426067352295,1.2160491943359375
951,559,-2.5551493167877197,-2.900589942932129,0.8262230601534246,0.9890354901924732,1.1697948043048383,1.571543574333191,2.9986777305603027,1.571543574333191,2.9986777305603027,2.498993396759033,2.9986777305603027,1.1728414297103882,0.6919574737548828,1.1728414297103882,0.6919574737548828,1.6832528114318848,1.2862684726715088
952,559,-1.2468678951263428,-2.622251510620117,0.7691678240895272,0.9921760817430914,0.8761701565422115,1.2571303844451904,1.9408314228057861,1.2571303844451904,1.9408314228057861,2.0821967124938965,2.700824499130249,1.1390637159347534,0.7285727262496948,1.1390637159347534,0.7285727262496948,1.551417350769043,1.2715625762939453
953,559,-2.804161787033081,-2.1892101764678955,0.45703140013540766,0.8732451875709619,0.8589660587642964,1.6356267929077148,1.5267865657806396,1.6356267929077148,1.5267865657806396,2.7129995822906494,2.268890142440796,1.1176764965057373,0.4388737678527832,1.1176764965057373,0.4388737678527832,1.5144931077957153,0.970586895942688
954,559,-1.4777233600616455,-1.950527310371399,0.8589739760259787,0.42518094601730505,0.7323747694740692,1.3104232549667358,0.8474676609039307,1.3104232549667358,0.8474676609039307,2.492927312850952,2.0591578483581543,0.8474676609039307,0.5023772716522217,0.8474676609039307,0.5023772716522217,1.2639271020889282,0.8765314221382141
955,559,-0.663553774356842,-1.7841565608978271,0.5120354709153372,0.9582511638601623,0.37398456462969376,1.5656213760375977,1.5351296663284302,1.5656213760375977,1.5351296663284302,2.092729091644287,1.5351296663284302,1.0644028186798096,0.46027684211730957,1.0644028186798096,0.46027684211730957,1.2997663021087646,0.7310726046562195
956,559,-0.6541514992713928,-1.6465176343917847,0.2219751478110752,0.5400453290467462,0.9163902518649895,1.6302757263183594,1.764042615890503,1.6302757263183594,1.764042615890503,2.403527021408081,1.764042615890503,1.0382945537567139,0.25655698776245117,1.0382945537567139,0.25655698776245117,1.297511100769043,0.6119714975357056
957,559,-1.943244457244873,-0.872043251991272,0.21260195018102723,0.20045403802146522,0.44407252122958496,0.7097010612487793,0.8902658224105835,0.7097010612487793,0.8902658224105835,0.9161264300346375,0.8902658224105835,0.48005211353302,0.2449589967727661,0.48005211353302,0.2449589967727661,0.5821002721786499,0.346645325422287
958,559,-0.4211670160293579,-0.892930269241333,0.6740880890066424,0.19817030871907892,0.16595794415722287,1.0083122253417969,0.613229513168335,1.0083122253417969,0.613229513168335,1.2020601034164429,0.8263552188873291,0.613229513168335,0.20042181015014648,0.613229513168335,0.20042181015014648,0.719792366027832,0.30911439657211304
959,559,-0.993751585483551,-1.0022213459014893,0.1257899010678133,0.7204103670765954,0.17582357821365213,1.1456936597824097,0.8394143581390381,1.1456936597824097,0.8394143581390381,1.3734323978424072,1.0237298011779785,0.721706211566925,0.1435489058494568,0.721706211566925,0.1435489058494568,0.8126592636108398,0.26100799441337585
960,559,-2.5455331802368164,-0.908414363861084,0.27814700275659565,0.10478122651577004,0.682533257305622,1.061379313468933,1.0102462768554688,1.061379313468933,1.0102462768554688,1.4846348762512207,1.0102462768554688,0.6172772645950317,0.1551724672317505,0.6172772645950317,0.1551724672317505,0.7533614039421082,0.29395776987075806
961,559,-0.6012980341911316,-1.1073100566864014,0.7774858733639118,0.2986771684512497,0.08518546797335169,1.3276984691619873,0.7438961267471313,1.3276984691619873,0.7438961267471313,1.7378039360046387,1.0531005859375,0.7438961267471313,0.13233643770217896,0.7438961267471313,0.13233643770217896,0.8984983563423157,0.2920660972595215
962,559,-1.4743362665176392,-1.2336804866790771,0.15675349837789931,0.8518747162322202,0.288032187211017,1.4924248456954956,1.0876243114471436,1.4924248456954956,1.0876243114471436,1.8136563301086426,1.3437553644180298,0.9103573560714722,0.2133631706237793,0.9103573560714722,0.2133631706237793,1.0420458316802979,0.3876695930957794
963,559,-2.5133750438690186,-1.3343840837478638,0.4152494612832862,0.18479401526351746,0.7954343069841469,1.3810522556304932,1.422299861907959,1.3810522556304932,1.422299861907959,2.009474515914917,1.422299861907959,0.8309351205825806,0.25000762939453125,0.8309351205825806,0.25000762939453125,1.0293445587158203,0.47059401869773865
964,559,-1.0790936946868896,-1.1406850814819336,0.6982223149389027,0.41598179575055827,0.12625409167259938,1.2094507217407227,0.6570316553115845,1.2094507217407227,0.6570316553115845,1.8424382209777832,1.0878686904907227,0.6570316553115845,0.1889094114303589,0.6570316553115845,0.1889094114303589,0.8724501729011536,0.39843106269836426
965,559,-3.0780515670776367,-1.696311116218567,0.3362419917682806,0.9103009368727604,0.49244389976064373,1.5074986219406128,1.3093022108078003,1.5074986219406128,1.3093022108078003,2.0201735496520996,1.7574161291122437,1.0088038444519043,0.3757665157318115,1.0088038444519043,0.3757665157318115,1.2493407726287842,0.6821496486663818
966,559,-3.478787899017334,-2.1521406173706055,0.8950445221364499,0.37183611188083865,0.8569108966365458,1.5195562839508057,0.9085884094238281,1.5195562839508057,0.9085884094238281,2.802128314971924,2.128312587738037,0.9085884094238281,0.38814330101013184,0.9085884094238281,0.38814330101013184,1.3499081134796143,0.8008366823196411
967,559,-3.5699965953826904,-2.1895933151245117,0.9988275899365543,0.9376406623050569,0.30584789179265526,1.8942844867706299,0.9320000410079956,1.8942844867706299,0.9320000410079956,3.1565916538238525,1.983505129814148,0.9320000410079956,0.3701666593551636,0.9320000410079956,0.3701666593551636,1.4577525854110718,0.8612058162689209
968,559,-3.2501399517059326,-2.962473154067993,0.9456228984892361,1.1713270606473096,0.8951674139127133,1.2993816137313843,2.082010507583618,1.2993816137313843,2.082010507583618,2.425243854522705,2.082010507583618,1.1295294761657715,0.9059262275695801,1.1295294761657715,0.9059262275695801,1.6057699918746948,1.4085431098937988
969,553,-2.3776657581329346,-2.9487557411193848,0.8493100305398307,1.1100444156800708,0.9700555387263496,1.3088737726211548,2.1570191383361816,1.3088737726211548,2.1570191383361816,2.3105790615081787,3.089322090148926,1.1798548698425293,0.7730951309204102,1.1798548698425293,0.7730951309204102,1.6676093339920044,1.3978794813156128
970,553,-2.87957501411438,-2.7700181007385254,0.6853668410513394,1.010962914544701,1.0224870505552586,1.5543311834335327,2.8891892433166504,1.5543311834335327,2.8891892433166504,2.8136987686157227,2.8891892433166504,1.173186182975769,0.6090657711029053,1.173186182975769,0.6090657711029053,1.6916544437408447,1.242846131324768
971,553,-3.019998073577881,-2.692491292953491,0.8415317219961431,0.7852931981300935,0.9329385517304765,1.2175427675247192,2.758146047592163,1.2175427675247192,2.758146047592163,2.3969287872314453,2.758146047592163,0.9574073553085327,0.7926186323165894,0.9574073553085327,0.7926186323165894,1.4350125789642334,1.2409006357192993
972,553,-0.13734936714172363,-2.4758012294769287,0.8293477427959441,0.9291412178426982,0.6493653297424316,1.2045023441314697,1.8378159999847412,1.2045023441314697,1.8378159999847412,2.2313125133514404,1.8378159999847412,1.0271379947662354,0.8383285999298096,1.0271379947662354,0.8383285999298096,1.4324769973754883,1.240016222000122
973,548,-0.6222668886184692,-1.8491652011871338,0.03546846683137139,0.966876116702333,0.8209780360572038,2.1593592166900635,1.2106893062591553,2.1593592166900635,1.2106893062591553,3.6151769161224365,1.928314447402954,1.1621211767196655,0.05623674392700195,1.1621211767196655,0.05623674392700195,1.5250084400177002,0.5518735647201538
974,548,-0.027555139735341072,-0.8994807004928589,0.1741481805592776,0.05898087978363031,0.7609298374503849,1.5235027074813843,1.0336111783981323,1.5235027074813843,1.0336111783981323,1.8819972276687622,1.0336111783981323,0.7988909482955933,0.06410479545593262,0.7988909482955933,0.06410479545593262,0.89603191614151,0.16047406196594238
975,548,-1.864974856376648,-0.15979859232902527,0.04660516466169307,0.17707474453219518,0.0005251881976922335,0.35344260931015015,0.18722587823867798,0.35344260931015015,0.18722587823867798,0.3612539768218994,0.18722587823867798,0.17936153709888458,0.03283390402793884,0.17936153709888458,0.03283390402793884,0.18329370021820068,0.03686751797795296
976,548,-2.0318684577941895,-0.6418580412864685,0.5056763034127654,0.07666460352018478,0.1148394956812262,1.010977864265442,0.5213769674301147,1.010977864265442,0.5213769674301147,1.2999718189239502,0.6716537475585938,0.5213769674301147,0.008719384670257568,0.5213769674301147,0.008719384670257568,0.5925439596176147,0.0840984582901001
977,548,-1.0562994480133057,-1.134060263633728,0.5569585240570207,0.5045375419299427,0.07110615229389305,1.2456482648849487,0.6183103322982788,1.2456482648849487,0.6183103322982788,2.212416172027588,1.1345583200454712,0.6183103322982788,0.007938981056213379,0.6183103322982788,0.007938981056213379,0.876434326171875,0.28646066784858704
978,548,-1.6399142742156982,-1.6386994123458862,0.3208551530539989,0.6495818001776934,0.5410055727511645,1.1668891906738281,1.1465855836868286,1.1668891906738281,1.1465855836868286,1.9041571617126465,1.6723153591156006,0.7911239862442017,0.3857003450393677,0.7911239862442017,0.3857003450393677,1.073094367980957,0.7067126035690308
979,548,-2.772493600845337,-1.565469741821289,0.5451697865749399,0.3465901940936842,0.5647132092962663,1.0591809749603271,1.598421335220337,1.0591809749603271,1.598421335220337,1.7231577634811401,1.598421335220337,0.7530456185340881,0.5078905820846558,0.7530456185340881,0.5078905820846558,1.0016592741012573,0.7822814583778381
980,548,-0.8236125111579895,-1.738011360168457,0.790025420350333,0.542608382602533,0.24938988582541533,1.4701600074768066,0.8644137978553772,1.4701600074768066,0.8644137978553772,2.1389145851135254,1.452506422996521,0.8644137978553772,0.33849191665649414,0.8644137978553772,0.33849191665649414,1.1584601402282715,0.6177041530609131
981,548,-1.0272892713546753,-1.7567696571350098,0.34869898114353437,0.882512774989009,0.5397844091430304,1.713901162147522,1.3258227109909058,1.713901162147522,1.3258227109909058,2.4675815105438232,1.8123910427093506,1.0545477867126465,0.28995656967163086,1.0545477867126465,0.28995656967163086,1.2991105318069458,0.5993795394897461
982,548,-2.248760938644409,-1.2549068927764893,0.33595205704371134,0.2900773083666961,0.6351750123004118,1.2270869016647339,1.270959496498108,1.2270869016647339,1.270959496498108,1.5815207958221436,1.270959496498108,0.746101975440979,0.32725590467453003,0.746101975440979,0.32725590467453003,0.8871800303459167,0.47679901123046875
983,548,-1.548561453819275,-1.1523536443710327,0.6231379812707502,0.34255136316021306,0.2581727978338798,1.0472303628921509,0.6345528364181519,1.0472303628921509,0.6345528364181519,1.4089412689208984,0.9580168724060059,0.6345528364181519,0.2333923578262329,0.6345528364181519,0.2333923578262329,0.7962848544120789,0.3926515579223633
984,548,0.06333549320697784,-1.4929015636444092,0.5245769178494811,0.6743575780466201,0.2868339677155016,1.1514787673950195,1.233849287033081,1.1514787673950195,1.233849287033081,1.7451318502426147,1.233849287033081,0.7744293808937073,0.34079110622406006,0.7744293808937073,0.34079110622406006,1.0041393041610718,0.5901646614074707
985,548,-1.5257129669189453,-1.1450551748275757,0.036485862570504235,0.5413754486789304,0.6363525276755296,1.4408758878707886,1.1756130456924438,1.4408758878707886,1.1756130456924438,2.4037725925445557,1.1756130456924438,0.7350320816040039,0.023641228675842285,0.7350320816040039,0.023641228675842285,0.96482914686203,0.29135367274284363
986,548,-0.7149143815040588,-0.9249114394187927,0.5159996838184695,0.05689055200045301,0.4795406155536571,1.0301786661148071,0.514104425907135,1.0301786661148071,0.514104425907135,1.9472506046295166,0.9458067417144775,0.514104425907135,0.027453839778900146,0.514104425907135,0.027453839778900146,0.7408128976821899,0.24953053891658783
987,548,-0.12510542571544647,-0.5970714092254639,0.2098309258247415,0.44768576885263134,0.04651398391773309,0.9126309156417847,0.6335979104042053,0.9126309156417847,0.6335979104042053,1.3145296573638916,0.6335979104042053,0.4382326602935791,0.017709195613861084,0.4382326602935791,0.017709195613861084,0.5359152555465698,0.1064755916595459
988,548,-0.09535490721464157,-0.5454749464988708,0.04536796896408002,0.22667515287796652,0.3986726998413602,0.7396869659423828,0.6350868940353394,0.7396869659423828,0.6350868940353394,1.1325063705444336,0.6350868940353394,0.3967154622077942,0.0372920036315918,0.3967154622077942,0.0372920036315918,0.4987892508506775,0.1535053253173828
989,548,-0.08849266916513443,-0.19797855615615845,0.021870775980254026,0.0418388717745741,0.1917715026189884,0.3388497829437256,0.25027763843536377,0.3388497829437256,0.25027763843536377,0.3852505683898926,0.25027763843536377,0.18382364511489868,0.029037952423095703,0.18382364511489868,0.029037952423095703,0.20281776785850525,0.04905964434146881
990,548,-0.995561957359314,-0.016162827610969543,0.05215128981818755,0.0018356688258548692,0.034518868767966844,0.02863207459449768,0.02863207459449768,0.02863207459449768,0.02863207459449768,0.07032503932714462,0.08931618183851242,0.02863207459449768,0.0286448672413826,0.02863207459449768,0.0286448672413826,0.044768378138542175,0.04470961168408394
991,548,-1.4052016735076904,-0.3043789267539978,0.33438665846983584,0.0627718186254303,0.032363599451879665,0.5737296938896179,0.2964922785758972,0.5737296938896179,0.2964922785758972,0.6014420390129089,0.32392820715904236,0.2964922785758972,0.026110410690307617,0.2964922785758972,0.026110410690307617,0.3102102279663086,0.03940194845199585
992,548,-0.5703506469726562,-0.5469775199890137,0.41501851392289,0.2765123840173086,0.049403846835096576,0.7775748372077942,0.39440131187438965,0.7775748372077942,0.39440131187438965,1.257137417793274,0.6605582237243652,0.39440131187438965,0.022871971130371094,0.39440131187438965,0.022871971130371094,0.5274797677993774,0.1648094803094864
993,548,-1.3389188051223755,-0.9113832116127014,0.24025520901506137,0.4866679882941148,0.27662785214682417,0.8126623630523682,0.7047200202941895,0.8126623630523682,0.7047200202941895,1.175837516784668,0.9661497473716736,0.519422173500061,0.20747613906860352,0.519422173500061,0.20747613906860352,0.6571662425994873,0.36974459886550903
994,548,-1.8370214700698853,-0.9614271521568298,0.4618310014406839,0.2349279913368324,0.4006302233474951,0.6668194532394409,0.4146117568016052,0.6668194532394409,0.4146117568016052,1.237447738647461,0.9463531970977783,0.4146117568016052,0.2027146816253662,0.4146117568016052,0.2027146816253662,0.5939224362373352,0.38220369815826416
995,548,0.9623821377754211,-1.274192452430725,0.6644347919399538,0.49891995462278516,0.2069014967853826,1.0868582725524902,0.6245994567871094,1.0868582725524902,0.6245994567871094,1.7395052909851074,1.1190252304077148,0.6245994567871094,0.2021031379699707,0.6245994567871094,0.2021031379699707,0.8718123435974121,0.45201241970062256
996,548,-1.9865716695785522,-0.5432730317115784,0.21774529998501124,0.6164864890525737,0.4021123451242844,1.4377100467681885,0.31989967823028564,1.4377100467681885,0.31989967823028564,2.5784449577331543,0.6810694336891174,0.6096201539039612,0.33120936155319214,0.6096201539039612,0.33120936155319214,0.7849702835083008,0.21507424116134644
997,548,-2.327482223510742,-0.7609742283821106,0.5786848042036097,0.20378787183513247,0.5255967430273691,1.3051438331604004,0.5345829725265503,1.3051438331604004,0.5345829725265503,2.613750457763672,0.722112774848938,0.5345829725265503,0.3053143620491028,0.5345829725265503,0.3053143620491028,0.7599413990974426,0.2511705458164215
998,548,-1.5472893714904785,-0.9497714042663574,0.7295772939920424,0.6547151043638588,0.20675926964730018,1.5267635583877563,0.628425121307373,1.5267635583877563,0.628425121307373,3.042294502258301,1.2313587665557861,0.628425121307373,0.27121782302856445,0.628425121307373,0.27121782302856445,0.9298919439315796,0.31036877632141113
999,548,-0.20590893924236298,-1.7241201400756836,0.5334342290461063,0.8243906219303606,0.6472123304009438,1.065863847732544,1.289770483970642,1.065863847732544,1.289770483970642,1.7336381673812866,1.8227308988571167,0.810436487197876,0.5205094814300537,0.810436487197876,0.5205094814300537,1.0888159275054932,0.8432976007461548
1000,548,0.2146945595741272,-1.2124098539352417,0.13602079404518008,0.585363386254758,0.7421285651624199,1.3073105812072754,1.2879897356033325,1.3073105812072754,1.2879897356033325,2.320535659790039,1.2879897356033325,0.7353866100311279,0.07340633869171143,0.7353866100311279,0.07340633869171143,0.9805182814598083,0.3716585636138916
1001,548,-0.3092544674873352,-0.3642663061618805,0.04675492418309046,0.13195778923730062,0.44525863404075294,0.8588330745697021,0.394893616437912,0.8588330745697021,0.394893616437912,1.0755436420440674,0.394893616437912,0.39885595440864563,0.07571792602539062,0.39885595440864563,0.07571792602539062,0.43136632442474365,0.03785999119281769
1002,548,0.9275673627853394,-0.008286640048027039,0.1136687077085177,0.035880113591750445,0.11130932504932087,0.21880507469177246,0.08263593912124634,0.21880507469177246,0.08263593912124634,0.37324750423431396,0.06992489099502563,0.08263593912124634,0.06300382316112518,0.08263593912124634,0.06300382316112518,0.10769711434841156,0.0379040390253067
1003,548,-0.9154808521270752,0.31750011444091797,0.19043988392377897,0.16392320598786078,0.01671723271409667,0.2402782440185547,0.2402782440185547,0.2402782440185547,0.2402782440185547,0.22396421432495117,0.148147851228714,0.2402782440185547,0.051734209060668945,0.2402782440185547,0.051734209060668945,0.19421304762363434,0.04511737823486328
1004,548,-1.9499757289886475,-0.01102682389318943,0.26367558866894486,0.19797020440300306,0.13890722637219985,0.6925848126411438,0.2620502710342407,0.6925848126411438,0.2620502710342407,0.45472344756126404,0.006622841581702232,0.2620502710342407,0.07116743922233582,0.2620502710342407,0.07116743922233582,0.13433656096458435,0.13664981722831726
1005,548,-1.3944005966186523,-0.5422415733337402,0.7221255227178334,0.3230310416221619,0.1632028255611656,1.4061342477798462,0.6049705743789673,1.4061342477798462,0.6049705743789673,2.2653560638427734,0.8955045938491821,0.6049705743789673,0.2694091796875,0.6049705743789673,0.2694091796875,0.7502375841140747,0.1556892991065979
1006,548,-3.058154582977295,-1.37692129611969,0.5864787759383518,0.7860889462505779,0.27204508693267915,1.013782024383545,1.130977988243103,1.013782024383545,1.130977988243103,1.624345064163208,1.130977988243103,0.6852787137031555,0.34510505199432373,0.6852787137031555,0.34510505199432373,0.9081283807754517,0.5686891078948975
1007,548,-0.10028773546218872,-1.8280487060546875,0.9963403488012657,0.5369629451135791,0.6385360462653138,1.5388412475585938,0.9099096059799194,1.5388412475585938,0.9099096059799194,2.1566269397735596,1.9056552648544312,0.9099096059799194,0.5135209560394287,0.9099096059799194,0.5135209560394287,1.1971290111541748,0.7618415355682373
1008,548,0.05982719361782074,-1.1771225929260254,0.17888112646838028,0.9747050938320657,0.4554177521852155,1.9123119115829468,0.9462109804153442,1.9123119115829468,0.9462109804153442,2.669025182723999,1.2951781749725342,0.9123393297195435,0.04114794731140137,0.9123393297195435,0.04114794731140137,1.0881043672561646,0.2546802759170532
1009,548,0.07921435683965683,-0.6832504272460938,0.06345914605073621,0.18964975426904862,0.7783480928093196,1.6485261917114258,0.7002166509628296,1.6485261917114258,0.7002166509628296,1.7532840967178345,0.7002166509628296,0.6887040734291077,0.02407979965209961,0.6887040734291077,0.02407979965209961,0.7038830518722534,0.02170485258102417
1010,548,0.7040926814079285,0.05248166620731354,0.01881475260170798,0.07138147531232489,0.1513613395408417,0.06906084716320038,0.017040513455867767,0.06906084716320038,0.017040513455867767,0.057731449604034424,0.017040513455867767,0.024644076824188232,0.02485482767224312,0.024644076824188232,0.02485482767224312,0.016241692006587982,0.03332196921110153
1011,548,0.7871671915054321,0.28154757618904114,0.12502424118419483,0.0763580550874273,0.1030572598303357,0.2049001157283783,0.2049001157283783,0.2049001157283783,0.2049001157283783,0.06277398765087128,0.24222217500209808,0.2049001157283783,0.023068100214004517,0.2049001157283783,0.023068100214004517,0.21184289455413818,0.029992535710334778
1012,548,-0.9262625575065613,0.41177132725715637,0.19804215218871823,0.121403724886477,0.05324885807931412,0.21183766424655914,0.21183766424655914,0.21183766424655914,0.21183766424655914,0.38284334540367126,0.4060468375682831,0.21183766424655914,0.018133848905563354,0.21183766424655914,0.018133848905563354,0.3089422583580017,0.1123420000076294
1013,553,0.5644369125366211,0.1853606253862381,0.37123596886172894,0.10814451266080145,0.053154782112687815,0.7939347624778748,0.2788694500923157,0.7939347624778748,0.2788694500923157,0.5299699902534485,0.027546197175979614,0.2788694500923157,0.19327349960803986,0.2788694500923157,0.19327349960803986,0.15320782363414764,0.3112022578716278
1014,553,0.8401116132736206,0.16939131915569305,0.14911235719298335,0.38224617966140306,0.08421838733678053,0.8031591773033142,0.08656053245067596,0.8031591773033142,0.08656053245067596,0.6990487575531006,0.08656053245067596,0.2589483857154846,0.18208077549934387,0.2589483857154846,0.18208077549934387,0.1727544665336609,0.2735093832015991
1015,553,-1.1487209796905518,0.20906035602092743,0.20856908132632568,0.10319952150185899,0.31114423821369797,0.6679446697235107,0.2106812596321106,0.6679446697235107,0.2106812596321106,0.4164443612098694,0.2106812596321106,0.1993386298418045,0.15163567662239075,0.1993386298418045,0.15163567662239075,0.12779982388019562,0.28572288155555725
1016,553,0.36591941118240356,0.12380543351173401,0.4140149185744424,0.18539344065512223,0.08066101013372332,0.935186505317688,0.3593468964099884,0.935186505317688,0.3593468964099884,0.6898893117904663,0.11177055537700653,0.3593468964099884,0.1353413611650467,0.3593468964099884,0.1353413611650467,0.23555871844291687,0.2584800124168396
1017,553,-0.06181193143129349,0.09325896203517914,0.047056740174690886,0.40314565618832904,0.15353394756714497,0.9242047071456909,0.21334891021251678,0.9242047071456909,0.21334891021251678,0.6658138036727905,0.0004749298095703125,0.323492169380188,0.11598469316959381,0.323492169380188,0.11598469316959381,0.21662715077400208,0.22372576594352722
1018,553,-0.11059629172086716,-0.08761811256408691,0.06522798640032612,0.023963886785010546,0.39155694225182136,0.7418347597122192,0.18915003538131714,0.7418347597122192,0.18915003538131714,0.9109452366828918,0.18915003538131714,0.28573107719421387,0.1194579154253006,0.28573107719421387,0.1194579154253006,0.2960891127586365,0.10902409255504608
1019,553,-0.8663675785064697,0.03543467819690704,0.07104567207396029,0.08431955751031632,0.007410272397100931,0.15189999341964722,0.05190587043762207,0.15189999341964722,0.05190587043762207,0.3243829607963562,0.05190587043762207,0.018955379724502563,0.09383352100849152,0.018955379724502563,0.09383352100849152,0.03543062508106232,0.07713679224252701
1020,553,0.565363883972168,-0.2675513029098511,0.2936567171166341,0.07563065099219479,0.07468431438008938,0.5094628930091858,0.27000001072883606,0.5094628930091858,0.27000001072883606,0.5552151799201965,0.3040143847465515,0.27000001072883606,0.017369985580444336,0.27000001072883606,0.017369985580444336,0.287007212638855,0.035418927669525146
1021,553,0.9982970356941223,-0.08556129038333893,0.11014068726450203,0.32457926396280523,0.06952061161398887,0.6981214880943298,0.0952993780374527,0.6981214880943298,0.0952993780374527,0.5418046712875366,0.0952993780374527,0.26084715127944946,0.028201758861541748,0.26084715127944946,0.028201758861541748,0.17807325720787048,0.08766159415245056
1022,553,0.9007582068443298,0.3444634974002838,0.2529736886235575,0.0842485240350167,0.2411903515768548,0.2925546169281006,0.2925546169281006,0.2925546169281006,0.2925546169281006,0.3589129149913788,0.26592910289764404,0.2925546169281006,0.164750337600708,0.2925546169281006,0.164750337600708,0.19763337075710297,0.09285843372344971
1023,553,0.23307573795318604,0.7168163061141968,0.21832375373070442,0.2073386771728596,0.024137943455328437,0.2158239483833313,0.24287185072898865,0.2158239483833313,0.24287185072898865,0.5011177062988281,0.5273772478103638,0.24287185072898865,0.14681297540664673,0.24287185072898865,0.14681297540664673,0.3851245641708374,0.2840532064437866
1024,553,1.379249095916748,0.6122698187828064,0.05858855752895287,0.23708194817105932,0.1965362581486502,0.27611273527145386,0.3782603442668915,0.27611273527145386,0.3782603442668915,0.5680062174797058,0.6692045331001282,0.30810946226119995,0.06962549686431885,0.30810946226119995,0.06962549686431885,0.452985942363739,0.22624602913856506
1025,553,0.312572181224823,0.7112797498703003,0.38116720824191974,0.015554904754583876,0.17420070916103803,0.3779345750808716,0.3779345750808716,0.3779345750808716,0.3779345750808716,0.4929632544517517,0.6830012798309326,0.3779345750808716,0.07311737537384033,0.3779345750808716,0.07311737537384033,0.49612030386924744,0.1880931258201599
1026,553,1.455482840538025,0.6076351404190063,0.0733861308172345,0.37780597520992165,0.04737954372540115,0.4503607749938965,0.5432824492454529,0.4503607749938965,0.5432824492454529,0.2305094301700592,0.5432824492454529,0.4503607749938965,0.06763619184494019,0.4503607749938965,0.06763619184494019,0.4968216121196747,0.11548838019371033
1027,553,-0.27756279706954956,0.9426797032356262,0.4279467000688115,0.01698993830631179,0.3377869007984798,0.41278892755508423,0.41278892755508423,0.41278892755508423,0.41278892755508423,0.8189700841903687,0.9377167820930481,0.41278892755508423,0.10342967510223389,0.41278892755508423,0.10342967510223389,0.6265567541122437,0.2975209951400757
1028,553,-1.3720780611038208,0.45801591873168945,0.11036833250274275,0.42361924123639866,0.010552952022602091,0.4736025333404541,0.39205092191696167,0.4736025333404541,0.39205092191696167,0.11625343561172485,0.39205092191696167,0.4736025333404541,0.0917656421661377,0.4736025333404541,0.0917656421661377,0.4328267276287079,0.048347920179367065
1029,553,0.3408961892127991,-0.10672803968191147,0.4354042069613934,0.15645433261990543,0.4163759276270867,1.1148630380630493,0.3858276307582855,1.1148630380630493,0.3858276307582855,0.7470526099205017,0.047023288905620575,0.3858276307582855,0.09495530277490616,0.3858276307582855,0.09495530277490616,0.21199913322925568,0.22702112793922424
1030,553,1.7101391553878784,-0.32474613189697266,0.09568458128720514,0.46200221501290795,0.12369403567165144,0.8922222852706909,0.27682289481163025,0.8922222852706909,0.27682289481163025,1.1587169170379639,0.3464183807373047,0.37446194887161255,0.10624688863754272,0.37446194887161255,0.10624688863754272,0.40869849920272827,0.06985816359519958
1031,553,0.06959263980388641,0.29448479413986206,0.45965471617877485,0.06893567821010954,0.37663244811818014,0.4620110094547272,0.4620110094547272,0.4620110094547272,0.4620110094547272,0.6918075084686279,0.25064975023269653,0.4620110094547272,0.09002181887626648,0.4620110094547272,0.09002181887626648,0.3094622790813446,0.14249098300933838
1032,553,-0.9750024676322937,0.5481371283531189,0.019175861440598962,0.4742091801390052,0.02072142496705054,0.5262913703918457,0.5443055033683777,0.5262913703918457,0.5443055033683777,0.24127358198165894,0.6266827583312988,0.5262913703918457,0.018427014350891113,0.5262913703918457,0.018427014350891113,0.5673452019691467,0.0669417679309845
1033,553,-1.0531429052352905,0.16509495675563812,0.3196807339756438,0.007112357864777194,0.39752140008223535,0.4319356083869934,0.16601485013961792,0.4319356083869934,0.16601485013961792,0.5794264674186707,0.16601485013961792,0.4319356083869934,0.021275773644447327,0.4319356083869934,0.021275773644447327,0.28939610719680786,0.1434713900089264
1034,553,-1.4967505931854248,-0.6205855011940002,0.3696949698962272,0.3291520387027411,0.0003837793227285946,0.6892920732498169,0.33837467432022095,0.6892920732498169,0.33837467432022095,1.2351884841918945,0.6123918890953064,0.33837467432022095,0.019322693347930908,0.33837467432022095,0.019322693347930908,0.47538328170776367,0.14770974218845367
1035,553,-1.0127822160720825,-0.9669448733329773,0.5207131340168417,0.3449051590822637,0.2573166088946164,0.6321797370910645,0.4628766179084778,0.6321797370910645,0.4628766179084778,0.9199875593185425,0.7471873760223389,0.4628766179084778,0.25195711851119995,0.4628766179084778,0.25195711851119995,0.6050319671630859,0.39211729168891907
1036,553,-2.1139180660247803,-1.1398968696594238,0.36808798061062903,0.5409804640461999,0.3360506024335823,0.6609364151954651,0.8339725136756897,0.6609364151954651,0.8339725136756897,0.9797335863113403,0.8339725136756897,0.5058111548423767,0.33575838804244995,0.5058111548423767,0.33575838804244995,0.6698918342590332,0.5060591697692871
1037,553,0.07805217802524567,-1.3845946788787842,0.6734126152098177,0.36856440756469966,0.4875244785472752,1.0630102157592773,0.6879131197929382,1.0630102157592773,0.6879131197929382,1.5460978746414185,1.378346562385559,0.6879131197929382,0.36316823959350586,0.6879131197929382,0.36316823959350586,0.8846297264099121,0.5632480382919312
1038,553,0.8954716920852661,-0.7955994606018066,0.009187370985746401,0.6445288765057922,0.2921545787528157,1.2653805017471313,0.5921441912651062,1.2653805017471313,0.5921441912651062,1.8865877389907837,0.8184615969657898,0.6165018081665039,0.030161023139953613,0.6165018081665039,0.030161023139953613,0.729098916053772,0.1451115608215332
1039,553,-0.8074066042900085,-0.25712263584136963,0.24089411462346708,0.0030613553027310503,0.5954503320654232,1.4715403318405151,0.245036780834198,1.4715403318405151,0.245036780834198,1.1978758573532104,0.245036780834198,0.5232491493225098,0.026068925857543945,0.5232491493225098,0.026068925857543945,0.39588239789009094,0.17152082920074463
1040,553,1.1311042308807373,0.12133108079433441,0.2815736468384663,0.21191940774520238,0.021410972128311806,0.6958631277084351,0.2437054067850113,0.6958631277084351,0.2437054067850113,0.46723973751068115,0.007820367813110352,0.2437054067850113,0.02053453028202057,0.2437054067850113,0.02053453028202057,0.12576287984848022,0.15106138586997986
1041,553,-0.17675243318080902,0.36388352513313293,0.30946555117766056,0.3697228932877381,0.16384677308301127,0.9214084148406982,0.09791046380996704,0.9214084148406982,0.09791046380996704,0.5922784805297852,0.09791046380996704,0.22112128138542175,0.21687445044517517,0.22112128138542175,0.21687445044517517,0.1595158725976944,0.391599178314209
1042,553,-0.3293439745903015,0.06271243095397949,0.10139776051044472,0.2515852563269436,0.28657797181978817,0.7072293162345886,0.08715028315782547,0.7072293162345886,0.08715028315782547,0.3436564803123474,0.08715028315782547,0.1600380539894104,0.04506884515285492,0.1600380539894104,0.04506884515285492,0.14605268836021423,0.14411300420761108
1043,553,0.20903117954730988,0.09645714610815048,0.14328206082185108,0.13795743168642122,0.20681135466943182,0.2738480865955353,0.1363644003868103,0.2738480865955353,0.1363644003868103,0.17760679125785828,0.1363644003868103,0.2738480865955353,0.04931219667196274,0.2738480865955353,0.04931219667196274,0.2286805957555771,0.09324611723423004
1044,559,-0.3101810812950134,-0.04554871842265129,0.019194954521954077,0.2190643854811788,0.13370393663644792,0.24092918634414673,0.02685745805501938,0.24092918634414673,0.02685745805501938,0.3851501941680908,0.06916093826293945,0.08894041925668716,0.06289449334144592,0.08894041925668716,0.06289449334144592,0.1099739670753479,0.04184234142303467
1045,559,0.12042566388845444,-0.09578347206115723,0.152070798377196,0.016616775492827085,0.21183723146716754,0.21405461430549622,0.1026323139667511,0.21405461430549622,0.1026323139667511,0.44315558671951294,0.1026323139667511,0.0778898298740387,0.05896320939064026,0.0778898298740387,0.05896320939064026,0.11991160362958908,0.042292520403862
1046,559,-1.4329358339309692,-0.03939983248710632,0.04262381117790931,0.2251437127590179,0.05436026450246573,0.24957792460918427,0.05415879189968109,0.24957792460918427,0.05415879189968109,0.1942860335111618,0.00282122939825058,0.08804301917552948,0.03358481824398041,0.08804301917552948,0.03358481824398041,0.06241782009601593,0.058344632387161255
1047,559,1.7647277116775513,-0.39638248085975647,0.454844723554949,0.0515175661134224,0.16333863668764625,0.776191234588623,0.3855416774749756,0.776191234588623,0.3855416774749756,0.9489129781723022,0.42485517263412476,0.3855416774749756,0.032755881547927856,0.3855416774749756,0.032755881547927856,0.42112237215042114,0.03668767213821411
1048,565,1.0688483715057373,0.18073266744613647,0.525305835660547,0.5596942771412432,0.06231059703975922,1.4741215705871582,0.12497559934854507,1.4741215705871582,0.12497559934854507,0.9762380719184875,0.12497559934854507,0.3948894143104553,0.02994757890701294,0.3948894143104553,0.02994757890701294,0.2599325180053711,0.316986620426178
1049,565,-0.4207404553890228,0.4376542568206787,0.2742321470379829,0.47129894841462383,0.47737128268927337,1.5068726539611816,0.4722234010696411,1.5068726539611816,0.4722234010696411,0.7807402610778809,0.4722234010696411,0.3235841989517212,0.2938454747200012,0.3235841989517212,0.2938454747200012,0.25547945499420166,0.5395511388778687
1050,565,2.2600767612457275,0.7218154668807983,0.1600342922036846,0.2717702497045199,0.41214477157841123,0.4957423806190491,0.6747460961341858,0.4957423806190491,0.6747460961341858,0.595818042755127,0.6747460961341858,0.4957423806190491,0.12096899747848511,0.4957423806190491,0.12096899747848511,0.6432132124900818,0.17015856504440308
1051,565,0.24764977395534515,0.8102136850357056,0.6024527600655954,0.2184761191283664,0.21056460327158366,0.6023673415184021,0.6023673415184021,0.6023673415184021,0.6023673415184021,0.4607001543045044,0.47853830456733704,0.6023673415184021,0.2679164409637451,0.6023673415184021,0.2679164409637451,0.5404528379440308,0.21728909015655518
1052,565,1.2663522958755493,0.6744046211242676,0.08756495463351421,0.6650416329006354,0.24762799945970396,0.7311960458755493,0.7989309430122375,0.7311960458755493,0.7989309430122375,0.24509453773498535,0.6995395421981812,0.7311960458755493,0.07329940795898438,0.7311960458755493,0.07329940795898438,0.6816025972366333,0.059368133544921875
1053,565,0.8859562277793884,1.0267016887664795,0.3073867097993691,0.03579837934424501,0.5448704934616883,0.6327154040336609,0.9942888617515564,0.6327154040336609,0.9942888617515564,0.6931340098381042,0.9942888617515564,0.6327154040336609,0.08505070209503174,0.6327154040336609,0.08505070209503174,0.780074954032898,0.24619251489639282
1054,565,-0.9701986312866211,0.5344936847686768,0.2239342861125866,0.2961870517830053,0.007516125713785349,0.33427077531814575,0.5455962419509888,0.33427077531814575,0.5455962419509888,0.4527503550052643,0.5455962419509888,0.33427077531814575,0.061949968338012695,0.33427077531814575,0.061949968338012695,0.43993350863456726,0.16517353057861328
1055,565,1.4842274188995361,0.3757016062736511,0.2917609419394284,0.20653538111597314,0.2570231772679834,0.7884340882301331,0.26007598638534546,0.7884340882301331,0.26007598638534546,0.4006311893463135,0.37407130002975464,0.26007598638534546,0.2805359363555908,0.26007598638534546,0.2805359363555908,0.19236984848976135,0.4470183849334717
1056,565,0.541462779045105,0.24414783716201782,0.32251140420014657,0.32586703778554993,0.16530461507538952,0.9398744702339172,0.09404805302619934,0.9398744702339172,0.09404805302619934,0.6102120876312256,0.09404805302619934,0.21964141726493835,0.19302265346050262,0.21964141726493835,0.19302265346050262,0.15684473514556885,0.3710905909538269
1057,565,-0.21579678356647491,0.33357009291648865,0.10099643401801572,0.33512706408277154,0.34975149074569334,1.0758154392242432,0.3244798183441162,1.0758154392242432,0.3244798183441162,0.5103534460067749,0.3244798183441162,0.22214582562446594,0.13517116010189056,0.22214582562446594,0.13517116010189056,0.20459848642349243,0.33353760838508606
1058,565,1.227960228919983,0.5591046810150146,0.08861094422638421,0.06711606960743677,0.3618397480621934,0.525797963142395,0.628168523311615,0.525797963142395,0.628168523311615,0.012298643589019775,0.628168523311615,0.525797963142395,0.2063416838645935,0.525797963142395,0.2063416838645935,0.49589085578918457,0.17587578296661377
1059,565,1.070504903793335,0.4280584156513214,0.3214614493524035,0.1660687138574819,0.04745703655605518,0.3094712197780609,0.3094712197780609,0.3094712197780609,0.3094712197780609,0.2287919819355011,0.24596670269966125,0.3094712197780609,0.14283621311187744,0.3094712197780609,0.14283621311187744,0.2777189612388611,0.11371174454689026
1060,565,0.9481651782989502,0.5555742979049683,0.24384273847565058,0.3050663920305669,0.18050311256200074,0.3697018027305603,0.6339993476867676,0.3697018027305603,0.6339993476867676,0.5948876738548279,0.6339993476867676,0.3697018027305603,0.06179898977279663,0.3697018027305603,0.06179898977279663,0.5018506050109863,0.13653701543807983
1061,565,1.8823356628417969,0.9659343957901001,0.22908045909057062,0.2473788044104972,0.2897007664168875,0.3852642774581909,0.9093348979949951,0.3852642774581909,0.9093348979949951,0.6332272291183472,0.9093348979949951,0.3852642774581909,0.23315751552581787,0.3852642774581909,0.23315751552581787,0.5294339060783386,0.4058319926261902
1062,565,0.8142892122268677,0.9054519534111023,0.4581478773305815,0.16377296919158357,0.18130961804805923,0.4208052456378937,0.4208052456378937,0.4208052456378937,0.4208052456378937,0.5021460652351379,0.9694210290908813,0.4208052456378937,0.29374247789382935,0.4208052456378937,0.29374247789382935,0.5696216821670532,0.4164791703224182
1063,565,2.098376989364624,1.18340265750885,0.2382539257003614,0.5812747549234579,0.1517091479400794,0.7246670722961426,0.9394541382789612,0.7246670722961426,0.9394541382789612,0.6608952283859253,0.9394541382789612,0.7246670722961426,0.35740482807159424,0.7246670722961426,0.35740482807159424,0.8320605754852295,0.4737022817134857
1064,565,1.2346874475479126,1.3914414644241333,0.5555517912656067,0.16939172595739405,0.5297131941467522,0.5336737632751465,0.5336737632751465,0.5336737632751465,0.5336737632751465,1.132324457168579,1.4231514930725098,0.5336737632751465,0.2881392240524292,0.5336737632751465,0.2881392240524292,0.8628271818161011,0.5753435492515564
1065,565,0.04009801894426346,1.388121485710144,0.2992573776872207,0.6420779489198076,0.14261030369748684,0.7710276246070862,1.0890730619430542,0.7710276246070862,1.0890730619430542,0.8634887933731079,1.0890730619430542,0.7710276246070862,0.3267791271209717,0.7710276246070862,0.3267791271209717,0.9300503730773926,0.48833948373794556
1066,565,-0.05224002152681351,1.2251965999603271,0.004856051895767433,0.3062769672647121,0.6292754476331173,0.7948743104934692,1.1592812538146973,0.7948743104934692,1.1592812538146973,0.9099128246307373,1.1592812538146973,0.7948743104934692,0.009729743003845215,0.7948743104934692,0.009729743003845215,0.9720338582992554,0.25617823004722595
1067,565,-0.8177993297576904,0.391997367143631,0.0862745124070595,0.0703878018974016,0.22051999043052395,0.33814913034439087,0.33684080839157104,0.33814913034439087,0.33684080839157104,0.047583937644958496,0.33684080839157104,0.33814913034439087,0.011769235134124756,0.33814913034439087,0.011769235134124756,0.33212023973464966,0.006129711866378784
1068,565,-0.29258599877357483,-0.16135020554065704,0.29022116251289837,0.17461053891107436,0.12370469057932504,0.480208158493042,0.24400867521762848,0.480208158493042,0.24400867521762848,0.5194116830825806,0.2587578594684601,0.24400867521762848,0.011264875531196594,0.24400867521762848,0.011264875531196594,0.2513832747936249,0.007661104202270508
1069,565,1.5062193870544434,-0.26721474528312683,0.13827884502088028,0.3249897629146774,0.14979664589588837,0.4340381622314453,0.29797130823135376,0.4340381622314453,0.29797130823135376,0.44763219356536865,0.31090131402015686,0.22089093923568726,0.08550915122032166,0.22089093923568726,0.08550915122032166,0.22758333384990692,0.09213376045227051
1070,565,0.07831674814224243,0.17235571146011353,0.2946516246100267,0.1896771354104082,0.30722675679872435,0.827370285987854,0.1427551805973053,0.827370285987854,0.1427551805973053,0.43039727210998535,0.1427551805973053,0.18083634972572327,0.06704956293106079,0.18083634972572327,0.06704956293106079,0.19951802492141724,0.20354367792606354
1071,565,-1.4486459493637085,0.4133149981498718,0.03459401129434503,0.2696931301926574,0.251119682515661,0.4283968210220337,0.4478127956390381,0.4283968210220337,0.4478127956390381,0.141535222530365,0.3811916708946228,0.4283968210220337,0.019005000591278076,0.4283968210220337,0.019005000591278076,0.3952968716621399,0.03805682063102722
1072,565,0.8667025566101074,0.11350354552268982,0.47069087980935964,0.09525669066856307,0.2634094903369744,1.0250296592712402,0.37543514370918274,1.0250296592712402,0.37543514370918274,0.5987163782119751,0.06708842515945435,0.37543514370918274,0.024129077792167664,0.37543514370918274,0.024129077792167664,0.21142825484275818,0.24113571643829346
1073,565,-1.085379719734192,-0.023213163018226624,0.19286970922723412,0.5671980990841984,0.1029035724140705,1.08143949508667,0.13072292506694794,1.08143949508667,0.13072292506694794,0.8568072319030762,0.13072292506694794,0.34627026319503784,0.019106633961200714,0.34627026319503784,0.019106633961200714,0.2384966015815735,0.1493956446647644
1074,565,-0.031353384256362915,-0.3643381595611572,0.37189822245699666,0.183723180924232,0.5371156883550188,1.1432958841323853,0.39597001671791077,1.1432958841323853,0.39597001671791077,1.8805029392242432,0.39597001671791077,0.3523595631122589,0.2770724296569824,0.3523595631122589,0.2770724296569824,0.49666011333465576,0.16103440523147583
1075,565,0.36192870140075684,-0.00478634238243103,0.05109067414576807,0.4143680745797853,0.10404461392511921,0.8393995761871338,0.2725660502910614,0.8393995761871338,0.2725660502910614,0.5651342868804932,0.06360532343387604,0.26610490679740906,0.006922289729118347,0.26610490679740906,0.006922289729118347,0.1614862084388733,0.09758657962083817
1076,565,1.3195428848266602,-0.12870576977729797,0.0429584392284354,0.09112724776069331,0.38179809658477704,0.6049906611442566,0.15363171696662903,0.6049906611442566,0.15363171696662903,0.7280077934265137,0.15363171696662903,0.2395438849925995,0.10388076305389404,0.2395438849925995,0.10388076305389404,0.24337267875671387,0.09963241219520569
1077,565,1.1828134059906006,0.4991249740123749,0.3163647315775355,0.04372382442156478,0.1617173488313953,0.33031585812568665,0.33031585812568665,0.33031585812568665,0.33031585812568665,0.10143128037452698,0.4253445863723755,0.33031585812568665,0.09899386763572693,0.33031585812568665,0.09899386763572693,0.3261041045188904,0.09501373767852783
1078,565,1.5780365467071533,0.8756453990936279,0.2463982989142337,0.3239015035579602,0.10399953593810396,0.4060004651546478,0.6802548170089722,0.4060004651546478,0.6802548170089722,0.6459864377975464,0.6802548170089722,0.4060004651546478,0.11273574829101562,0.4060004651546478,0.11273574829101562,0.5431276559829712,0.2489602118730545
1079,565,1.1378026008605957,1.2715907096862793,0.3282207860176761,0.2198747706909976,0.31125785642613957,0.4091729521751404,0.4091729521751404,0.4091729521751404,0.4091729521751404,0.8020360469818115,1.221455454826355,0.4091729521751404,0.43728286027908325,0.4091729521751404,0.43728286027908325,0.6454834938049316,0.6284855604171753
1080,565,0.7509470582008362,1.3053711652755737,0.30811381231993434,0.34792097266763455,0.1959326683729885,0.5787113904953003,0.8618091940879822,0.5787113904953003,0.8618091940879822,0.7469593286514282,0.8618091940879822,0.5787113904953003,0.4297606348991394,0.5787113904953003,0.4297606348991394,0.7202602624893188,0.5765830278396606
1081,565,0.19252151250839233,1.151726484298706,0.17027823655555652,0.26160870476315423,0.31716154793898255,0.5547779202461243,1.052505373954773,0.5547779202461243,1.052505373954773,0.7584100365638733,1.052505373954773,0.5547779202461243,0.1635621190071106,0.5547779202461243,0.1635621190071106,0.71559739112854,0.37080612778663635
1082,565,2.056039333343506,0.7182368040084839,0.022866335393240123,0.13781155347203206,0.2553210385267934,0.3657454550266266,0.6457833051681519,0.3657454550266266,0.6457833051681519,0.4764886200428009,0.6457833051681519,0.3657454550266266,0.051457881927490234,0.3657454550266266,0.051457881927490234,0.47915035486221313,0.18019968271255493
1083,565,0.5956655740737915,0.67596435546875,0.433594415144374,0.06039680893222504,0.06019031665598362,0.41581907868385315,0.41581907868385315,0.41581907868385315,0.41581907868385315,0.06452429294586182,0.4642145037651062,0.41581907868385315,0.1671762466430664,0.41581907868385315,0.1671762466430664,0.44001680612564087,0.1877875179052353
1084,565,1.165187954902649,0.7906025052070618,0.11558332789689318,0.5099555163085457,0.09793807435780744,0.6147313117980957,0.7541645765304565,0.6147313117980957,0.7541645765304565,0.4216350317001343,0.7541645765304565,0.6147313117980957,0.06306195259094238,0.6147313117980957,0.06306195259094238,0.6844479441642761,0.13664913177490234
1085,565,0.874339759349823,1.1593016386032104,0.20362260370825713,0.05651465020452928,0.5054483517011008,0.6549625396728516,1.0679892301559448,0.6549625396728516,1.0679892301559448,0.7125733494758606,1.0679892301559448,0.6549625396728516,0.2254582643508911,0.6549625396728516,0.2254582643508911,0.7808685302734375,0.3449127674102783
1086,565,0.9155392050743103,0.8459270000457764,0.14571830438449976,0.16911383196711532,0.021862042378634206,0.3219708204269409,0.5442960262298584,0.3219708204269409,0.5442960262298584,0.46819794178009033,0.5442960262298584,0.3219708204269409,0.17914456129074097,0.3219708204269409,0.17914456129074097,0.43313342332839966,0.28650593757629395
1087,565,1.502766728401184,0.8897693753242493,0.2001653755269943,0.07145472440868622,0.14633800173178313,0.15643221139907837,0.21834003925323486,0.15643221139907837,0.21834003925323486,0.5187110900878906,0.8154998421669006,0.21834003925323486,0.27571481466293335,0.21834003925323486,0.27571481466293335,0.39915135502815247,0.43441876769065857
1088,565,1.5658127069473267,0.8850515484809875,0.3471604241182408,0.14296999925126647,0.0562554926549394,0.3719525933265686,0.3719525933265686,0.3719525933265686,0.3719525933265686,0.4779496192932129,0.6570059061050415,0.3719525933265686,0.2720203995704651,0.3719525933265686,0.2720203995704651,0.5144792795181274,0.39771270751953125
1089,565,0.9729388952255249,1.2016448974609375,0.37558590116600216,0.3428761764491596,0.11392926397422942,0.3884093165397644,0.3884093165397644,0.3884093165397644,0.3884093165397644,0.872199296951294,0.8910504579544067,0.3884093165397644,0.30551987886428833,0.3884093165397644,0.30551987886428833,0.6397298574447632,0.5275819897651672
1090,565,0.4993445575237274,1.2413218021392822,0.2597892841945092,0.3874975789214177,0.3097248709822692,0.5691850781440735,0.8106169700622559,0.5691850781440735,0.8106169700622559,0.9706785678863525,1.2280791997909546,0.5691850781440735,0.2549632787704468,0.5691850781440735,0.2549632787704468,0.7772022485733032,0.521684467792511
1091,565,1.6042141914367676,1.019757866859436,0.08392528454462689,0.24156627255181462,0.3460348248730104,0.4943021535873413,0.8825296759605408,0.4943021535873413,0.8825296759605408,0.6031752228736877,0.8825296759605408,0.4943021535873413,0.12086492776870728,0.4943021535873413,0.12086492776870728,0.6280153393745422,0.28754836320877075
1092,565,1.2845085859298706,0.8157312870025635,0.37319045341263224,0.0013790875424941618,0.17148610955725108,0.35116755962371826,0.35116755962371826,0.35116755962371826,0.35116755962371826,0.44740527868270874,0.7351172566413879,0.35116755962371826,0.1324676275253296,0.35116755962371826,0.1324676275253296,0.4794968366622925,0.24738767743110657
1093,559,1.7448899745941162,0.8798484802246094,0.29009359372158855,0.31843948603918154,0.03692493529369423,0.4158991575241089,0.7109362483024597,0.4158991575241089,0.7109362483024597,0.6346033215522766,0.7109362483024597,0.4158991575241089,0.13701045513153076,0.4158991575241089,0.13701045513153076,0.5634176731109619,0.2850821316242218
1094,562,0.7297918796539307,1.2559975385665894,0.42294688951534537,0.30426016247210397,0.32913058662166195,0.4219752550125122,0.4219752550125122,0.4219752550125122,0.4219752550125122,0.86003178358078,1.245901107788086,0.4219752550125122,0.44332683086395264,0.4219752550125122,0.44332683086395264,0.6587061285972595,0.6415050029754639
1095,565,0.7671112418174744,1.2181406021118164,0.1168917306264241,0.4223814873148997,0.29804574144383256,0.5787765383720398,0.7584686279296875,0.5787765383720398,0.7584686279296875,0.819226861000061,1.1157729625701904,0.5787765383720398,0.20086443424224854,0.5787765383720398,0.20086443424224854,0.7586017847061157,0.42106181383132935
1096,568,1.161306381225586,1.100014328956604,0.18462946956356352,0.0871289971222482,0.4098849490036567,0.5532152056694031,0.9542961120605469,0.5532152056694031,0.9542961120605469,0.5017233490943909,0.9542961120605469,0.5532152056694031,0.2495630979537964,0.5532152056694031,0.2495630979537964,0.6510844826698303,0.3490581512451172
1097,571,0.7907913327217102,0.6342984437942505,0.2621308571348589,0.10334777570019166,0.0002769652878246154,0.25946295261383057,0.25946295261383057,0.25946295261383057,0.25946295261383057,0.3689202070236206,0.47716426849365234,0.25946295261383057,0.18814346194267273,0.25946295261383057,0.18814346194267273,0.36831361055374146,0.28846925497055054
1098,574,1.8747057914733887,0.7664480805397034,0.20809502201775698,0.16618329333762333,0.07574477734665075,0.0919235348701477,0.17728149890899658,0.0919235348701477,0.17728149890899658,0.4258740246295929,0.5122592449188232,0.17728149890899658,0.21207910776138306,0.17728149890899658,0.21207910776138306,0.3447703719139099,0.36405375599861145
1099,569,1.9624449014663696,0.922461748123169,0.39403681079857045,0.11652495091781023,0.16056131954304875,0.3677193522453308,0.3677193522453308,0.3677193522453308,0.3677193522453308,0.4879801273345947,0.8486678600311279,0.3677193522453308,0.22079098224639893,0.3677193522453308,0.22079098224639893,0.512749195098877,0.34500551223754883
1100,572,1.2828669548034668,1.317384123802185,0.484214249054591,0.4980270736167827,0.06644280093411603,0.6008014678955078,1.0798677206039429,0.6008014678955078,1.0798677206039429,1.053955316543579,1.0798677206039429,0.6254606246948242,0.26723623275756836,0.6254606246948242,0.26723623275756836,0.8526641726493835,0.49292057752609253
1101,575,1.132036805152893,1.6928123235702515,0.32380262705187035,0.607012306532512,0.5484823263871172,0.7491319179534912,1.0622036457061768,0.7491319179534912,1.0622036457061768,1.2848576307296753,1.6325175762176514,0.7491319179534912,0.3056071996688843,0.7491319179534912,0.3056071996688843,1.0280309915542603,0.6759719848632812
1102,578,0.012236122973263264,1.276826024055481,0.29673922248184675,0.2735230553895236,0.4997644194960593,0.6236668825149536,1.2265934944152832,0.6236668825149536,1.2265934944152832,0.6915949583053589,1.2265934944152832,0.6236668825149536,0.4382181167602539,0.6236668825149536,0.4382181167602539,0.7579687237739563,0.5698381662368774
1103,573,2.1074507236480713,0.8114063739776611,0.02162343611319839,0.25903680809463064,0.30463127285862956,0.42594239115715027,0.7658554315567017,0.42594239115715027,0.7658554315567017,0.7194799184799194,0.7658554315567017,0.42594239115715027,0.002911210060119629,0.42594239115715027,0.002911210060119629,0.5943905711174011,0.2011508196592331
1104,576,1.8469738960266113,0.8209489583969116,0.5249651539449891,0.15202408364663522,0.18791288611789547,0.5013655424118042,0.5013655424118042,0.5013655424118042,0.5013655424118042,0.5435775518417358,0.7873120307922363,0.5013655424118042,0.003464818000793457,0.5013655424118042,0.003464818000793457,0.6427676677703857,0.14436358213424683
1105,579,0.42771056294441223,1.0819802284240723,0.41250734120607346,0.5676893647760155,0.09464832991361605,0.6028066873550415,1.042952060699463,0.6028066873550415,1.042952060699463,0.9758220911026001,1.042952060699463,0.6028066873550415,0.003740668296813965,0.6028066873550415,0.003740668296813965,0.8228793740272522,0.2284456491470337
1106,573,2.0142574310302734,1.3938249349594116,0.1565883999255797,0.5172924369977163,0.5805081599981836,0.7479952573776245,1.3837101459503174,0.7479952573776245,1.3837101459503174,1.2158938646316528,1.3837101459503174,0.7479952573776245,0.10029661655426025,0.7479952573776245,0.10029661655426025,1.0145379304885864,0.4384303689002991
1107,576,1.0486761331558228,1.2469418048858643,0.45877570492525876,0.006727934082349396,0.4093906809141239,0.49797213077545166,0.49797213077545166,0.49797213077545166,0.49797213077545166,1.0197250843048096,1.179241418838501,0.49797213077545166,0.16422772407531738,0.49797213077545166,0.16422772407531738,0.780518114566803,0.43867939710617065
1108,579,1.5357385873794556,1.0056506395339966,0.224414049933354,0.4628843181828658,0.0010496942947308963,0.5800073146820068,0.8141269683837891,0.5800073146820068,0.8141269683837891,0.5980654954910278,0.8141269683837891,0.5800073146820068,0.12933093309402466,0.5800073146820068,0.12933093309402466,0.697067141532898,0.25085338950157166
1109,582,1.2742117643356323,1.3348368406295776,0.38064023600270347,0.1747642111157377,0.4382579450805983,0.6060857772827148,1.2583087682724,0.6060857772827148,1.2583087682724,0.8498480319976807,1.2583087682724,0.6060857772827148,0.3983166217803955,0.6060857772827148,0.3983166217803955,0.7880280613899231,0.5841399431228638
1110,586,-0.022507505491375923,1.265197992324829,0.3010316840186714,0.355078261755407,0.1722345608100294,0.578372597694397,0.9080162644386292,0.578372597694397,0.9080162644386292,0.8386539220809937,0.9080162644386292,0.578372597694397,0.3849528431892395,0.578372597694397,0.3849528431892395,0.7431944608688354,0.556354284286499
1111,589,0.22635427117347717,0.9113390445709229,0.06974409396760173,0.26334734227508283,0.2750965128187093,0.5060080289840698,0.8826932311058044,0.5060080289840698,0.8826932311058044,0.8148797750473022,0.8826932311058044,0.5060080289840698,0.006340742111206055,0.5060080289840698,0.006340742111206055,0.6973347663879395,0.2382466197013855
1112,592,1.3363690376281738,0.4286279082298279,0.003840361113349622,0.07875305538376173,0.22020691285530716,0.3186180293560028,0.37029343843460083,0.3186180293560028,0.37029343843460083,0.014834284782409668,0.37029343843460083,0.3186180293560028,0.05305933952331543,0.3186180293560028,0.05305933952331543,0.31574493646621704,0.050077736377716064
1113,595,1.068665623664856,0.3985348343849182,0.27120771934588755,0.05144172875831521,0.12801837271700311,0.3351387679576874,0.3351387679576874,0.3351387679576874,0.3351387679576874,0.028308212757110596,0.3891146779060364,0.3351387679576874,0.056688010692596436,0.3351387679576874,0.056688010692596436,0.33252525329589844,0.0541951060295105
1114,598,-0.3041907846927643,0.780417263507843,0.19485221662869062,0.2701756057267388,0.12559084008137394,0.40264397859573364,0.6313897371292114,0.40264397859573364,0.6313897371292114,0.5712214708328247,0.6313897371292114,0.40264397859573364,0.06891798973083496,0.40264397859573364,0.06891798973083496,0.5170168876647949,0.18431931734085083
1115,601,-0.5315254330635071,0.7313990592956543,0.11304625261574974,0.23746433518826948,0.26417880434542906,0.4356132447719574,0.6653159856796265,0.4356132447719574,0.6653159856796265,0.6699451804161072,0.6653159856796265,0.4356132447719574,0.07604420185089111,0.4356132447719574,0.07604420185089111,0.5908358693122864,0.1730950027704239
1116,604,-0.4356650710105896,0.09820564836263657,0.14941245992357532,0.1369327015678088,0.18266756176327661,0.2741119861602783,0.04982125014066696,0.2741119861602783,0.04982125014066696,0.22913619875907898,0.04982125014066696,0.2741119861602783,0.08257380872964859,0.2741119861602783,0.08257380872964859,0.20295071601867676,0.14764651656150818
1117,599,0.28654128313064575,-0.3661718964576721,0.13596800257762276,0.2430515695673724,0.17868655513351162,0.20286482572555542,0.25579261779785156,0.20286482572555542,0.25579261779785156,0.277608722448349,0.3282471001148224,0.14276382327079773,0.11839571595191956,0.14276382327079773,0.11839571595191956,0.1801009625196457,0.1548953354358673
1118,593,0.3518511950969696,0.024156715720891953,0.07479276692184317,0.16140641249095408,0.19333791347530985,0.29413512349128723,0.14502334594726562,0.29413512349128723,0.14502334594726562,0.6076881885528564,0.14502334594726562,0.11430659890174866,0.08002551645040512,0.11430659890174866,0.08002551645040512,0.16806751489639282,0.0547369047999382
1119,596,1.2597179412841797,-0.0012774765491485596,0.13931089345365766,0.03830502722412346,0.15876597441732881,0.25184446573257446,0.06940101087093353,0.25184446573257446,0.06940101087093353,0.17090952396392822,0.06940101087093353,0.08537977933883667,0.06997272372245789,0.08537977933883667,0.06997272372245789,0.04319167137145996,0.11475566774606705
1120,599,0.3481194078922272,0.5282124280929565,0.3565221156599,0.01943556503392757,0.006949311359785493,0.30166420340538025,0.30166420340538025,0.30166420340538025,0.30166420340538025,0.1344417929649353,0.40495002269744873,0.30166420340538025,0.07293134927749634,0.30166420340538025,0.07293134927749634,0.3533071279525757,0.11846712231636047
1121,602,1.6775785684585571,0.4996529519557953,0.0978402198199182,0.33123508953489367,0.01662978325039144,0.3264768123626709,0.40985599160194397,0.3264768123626709,0.40985599160194397,0.19768261909484863,0.40985599160194397,0.3264768123626709,0.08636695146560669,0.3264768123626709,0.08636695146560669,0.36816638708114624,0.1284509152173996
1122,605,-0.3122428059577942,0.899061918258667,0.4020642278715969,0.028131937235593818,0.2670367147400974,0.3723439574241638,0.3723439574241638,0.3723439574241638,0.3723439574241638,0.6329413652420044,0.8463582396507263,0.3723439574241638,0.10890507698059082,0.3723439574241638,0.10890507698059082,0.5606640577316284,0.2880573272705078
1123,609,-0.48560309410095215,0.6272252798080444,0.09557384757945941,0.45320805301268907,0.010090108116467766,0.49934226274490356,0.40928101539611816,0.49934226274490356,0.40928101539611816,0.09470534324645996,0.40928101539611816,0.49934226274490356,0.10722988843917847,0.49934226274490356,0.10722988843917847,0.45431163907051086,0.062435805797576904
1124,612,0.7094213366508484,0.2678574323654175,0.14578131039937336,0.16500079106849924,0.36323617955359316,0.4077496826648712,0.19896939396858215,0.4077496826648712,0.19896939396858215,0.19001448154449463,0.19896939396858215,0.4077496826648712,0.11367058753967285,0.4077496826648712,0.11367058753967285,0.3659259080886841,0.15428385138511658
1125,615,-1.2017313241958618,0.07722438871860504,0.16482291339586172,0.14490944371869158,0.0931239616622527,0.1741645634174347,0.1741645634174347,0.1741645634174347,0.1741645634174347,0.2391248196363449,0.05499465763568878,0.1741645634174347,0.06811320781707764,0.1741645634174347,0.06811320781707764,0.11457961052656174,0.12379781156778336
1126,618,-1.2525420188903809,-0.11020542681217194,0.3392089620263626,0.13967887786837907,0.3032588380326827,0.8139587044715881,0.3303152918815613,0.8139587044715881,0.3303152918815613,1.3260884284973145,0.25817763805389404,0.3303152918815613,0.21629740297794342,0.3303152918815613,0.21629740297794342,0.3977581262588501,0.14555899798870087
1127,621,1.5705718994140625,-0.4652627408504486,0.35208685880526885,0.46587792959995566,0.059926430713385326,0.9432517290115356,0.6785529851913452,0.9432517290115356,0.6785529851913452,1.7208309173583984,0.6785529851913452,0.36190319061279297,0.21725985407829285,0.36190319061279297,0.21725985407829285,0.5202280879020691,0.18749716877937317
1128,624,0.4998139441013336,-0.026771582663059235,0.4590013578658302,0.42382505721102154,0.3221821937958399,0.5376050472259521,0.5376050472259521,0.5376050472259521,0.5376050472259521,0.7581457495689392,0.14664539694786072,0.5376050472259521,0.24360129237174988,0.5376050472259521,0.24360129237174988,0.3421252369880676,0.3716369867324829
1129,627,0.7512199282646179,0.45892855525016785,0.1653263115618998,0.49866922258088975,0.4989949621617171,1.5476713180541992,0.31021660566329956,1.5476713180541992,0.31021660566329956,0.8244996070861816,0.31021660566329956,0.3317814767360687,0.13685497641563416,0.3317814767360687,0.13685497641563416,0.2506744861602783,0.40099966526031494
1130,630,1.8871665000915527,0.7571024894714355,0.20821433883160362,0.09377622880041603,0.3758222591504454,0.43792402744293213,0.7617048025131226,0.43792402744293213,0.7617048025131226,0.42140451073646545,0.7617048025131226,0.43792402744293213,0.14618122577667236,0.43792402744293213,0.14618122577667236,0.5321731567382812,0.2381249964237213
1131,634,2.050374984741211,0.777420163154602,0.408012777119875,0.1392571486160158,0.006638899259269193,0.4238678216934204,0.4238678216934204,0.4238678216934204,0.4238678216934204,0.31254637241363525,0.6279991269111633,0.4238678216934204,0.11384660005569458,0.4238678216934204,0.11384660005569458,0.5259335041046143,0.20402976870536804
1132,637,1.1272690296173096,1.224676489830017,0.49660085845738644,0.455071571841836,0.0735823733732105,0.48683929443359375,0.48683929443359375,0.48683929443359375,0.48683929443359375,0.9657382369041443,1.0079293251037598,0.48683929443359375,0.2175908088684082,0.48683929443359375,0.2175908088684082,0.7473843097686768,0.45995691418647766
1133,631,1.5728286504745483,1.5902209281921387,0.2713315322684746,0.5755317728842297,0.5140444034400085,0.73186194896698,0.9796967506408691,0.73186194896698,0.9796967506408691,1.1971659660339355,1.506249189376831,0.73186194896698,0.26207661628723145,0.73186194896698,0.26207661628723145,0.9846460819244385,0.593299388885498
1134,625,1.5346481800079346,1.3278924226760864,0.36302586226413636,0.25004383424917864,0.5047799298415582,0.6682775020599365,1.2725645303726196,0.6682775020599365,1.2725645303726196,0.8935969471931458,1.2725645303726196,0.6682775020599365,0.3664103150367737,0.6682775020599365,0.3664103150367737,0.833100438117981,0.5367447137832642
1135,628,2.053351402282715,1.2206422090530396,0.3511085948348044,0.38593636553734567,0.24467930916696778,0.48643749952316284,0.8172125220298767,0.48643749952316284,0.8172125220298767,0.8083999156951904,0.8172125220298767,0.48643749952316284,0.37429922819137573,0.48643749952316284,0.37429922819137573,0.6518250107765198,0.5345425605773926
1136,632,1.9046417474746704,1.382643461227417,0.460741284241279,0.3970040994261703,0.3798029059295851,0.46944016218185425,0.46944016218185425,0.46944016218185425,0.46944016218185425,0.815531313419342,0.9721762537956238,0.46944016218185425,0.5053725242614746,0.46944016218185425,0.5053725242614746,0.720808207988739,0.7074180841445923
1137,635,-1.3129392862319946,1.767828345298767,0.46775034610647737,0.6266052876971662,0.36412901945877807,0.7484378814697266,1.189430832862854,0.7484378814697266,1.189430832862854,1.1512632369995117,1.189430832862854,0.7484378814697266,0.5400338172912598,0.7484378814697266,0.5400338172912598,0.9689343571662903,0.7652815580368042
1138,638,0.6722347140312195,1.087537407875061,0.3462846848616997,0.5793109969918927,0.6009033932288488,0.818810760974884,1.0279979705810547,0.818810760974884,1.0279979705810547,1.346754550933838,1.0279979705810547,0.818810760974884,0.39112770557403564,0.818810760974884,0.39112770557403564,1.104103684425354,0.38725873827934265
1139,641,1.0607877969741821,0.4542323350906372,0.17300462757547697,0.4762303600708642,0.47883871992429083,0.5475016832351685,0.37773725390434265,0.5475016832351685,0.37773725390434265,0.7816034555435181,0.37773725390434265,0.5475016832351685,0.1890329122543335,0.5475016832351685,0.1890329122543335,0.36775708198547363,0.19299620389938354
1140,644,0.16838297247886658,0.28712841868400574,0.2309723018730679,0.07050422533104822,0.2899987599005301,0.7358882427215576,0.23619768023490906,0.7358882427215576,0.23619768023490906,0.46943262219429016,0.23619768023490906,0.18226730823516846,0.162765234708786,0.18226730823516846,0.162765234708786,0.12946443259716034,0.31367674469947815
1141,647,0.15600745379924774,0.5304467082023621,0.027476720872024685,0.1971561339621742,0.05104110722740482,0.32164663076400757,0.366441011428833,0.32164663076400757,0.366441011428833,0.3921988606452942,0.5279080867767334,0.32164663076400757,0.04659569263458252,0.32164663076400757,0.04659569263458252,0.4023403227329254,0.1373901665210724
1142,650,-0.47622889280319214,0.48507168889045715,0.0016592483719189144,0.06714151556293158,0.1795651584615309,0.2861354351043701,0.37392541766166687,0.2861354351043701,0.37392541766166687,0.07509434223175049,0.37392541766166687,0.2861354351043701,0.03887903690338135,0.2861354351043701,0.03887903690338135,0.3094075620174408,0.06363803148269653
1143,653,-1.6122236251831055,0.045391716063022614,0.1925905271681646,0.03027712485442563,0.05724882338816922,0.2947600781917572,0.12751227617263794,0.2947600781917572,0.12751227617263794,0.2531619668006897,0.04101966321468353,0.12751227617263794,0.044737234711647034,0.12751227617263794,0.044737234711647034,0.10611845552921295,0.06672056019306183
1144,657,-0.9091309905052185,-0.55759197473526,0.5443501726413766,0.22843591033170618,0.1031765115509431,0.9388388395309448,0.4732331931591034,0.9388388395309448,0.4732331931591034,1.1987950801849365,0.5940332412719727,0.4732331931591034,0.0388789176940918,0.4732331931591034,0.0388789176940918,0.5336332321166992,0.0685185045003891
1145,660,-1.7671366930007935,-0.7443168759346008,0.3711604902396599,0.5538130507121485,0.22493167454997687,0.8144181966781616,0.7513871192932129,0.8144181966781616,0.7513871192932129,1.1733782291412354,0.7513871192932129,0.49718916416168213,0.1462271809577942,0.49718916416168213,0.1462271809577942,0.6242881417274475,0.2855468690395355
1146,663,-0.6583872437477112,-1.270218014717102,0.6460169437776008,0.3899808366845052,0.5650748603294294,0.9905732870101929,0.6618440747261047,0.9905732870101929,0.6618440747261047,1.5792244672775269,1.3915963172912598,0.6618440747261047,0.3816189169883728,0.6618440747261047,0.3816189169883728,0.8992561101913452,0.631649911403656
1147,666,-0.2732543349266052,-0.9160736799240112,0.32608657538269936,0.6373734593329331,0.41250160017361237,0.9566572904586792,0.808311402797699,0.9566572904586792,0.808311402797699,1.2666897773742676,1.0409337282180786,0.5930984020233154,0.2653208374977112,0.5930984020233154,0.2653208374977112,0.7165655493736267,0.4061310291290283
1148,669,-0.2610766291618347,-0.6735556721687317,0.21841025276730464,0.2968185486147801,0.5592583632345001,0.8727974891662598,0.7207126617431641,0.8727974891662598,0.7207126617431641,1.1759135723114014,0.7207126617431641,0.47064322233200073,0.09126710891723633,0.47064322233200073,0.09126710891723633,0.557816743850708,0.1952059268951416
1149,663,-0.6308742761611938,-0.3257843852043152,0.1338285664220652,0.2535468477507432,0.32388994385798764,0.2923099994659424,0.32579416036605835,0.2923099994659424,0.32579416036605835,0.3724612891674042,0.32579416036605835,0.18071137368679047,0.07238185405731201,0.18071137368679047,0.07238185405731201,0.21872025728225708,0.11076649278402328
1150,667,-0.37895509600639343,-0.2750025987625122,0.33089199602603914,0.23525804311037068,0.1660682188719511,0.29446637630462646,0.18574418127536774,0.29446637630462646,0.18574418127536774,0.36354881525039673,0.2564951181411743,0.18574418127536774,0.06941016018390656,0.18574418127536774,0.06941016018390656,0.22111964225769043,0.10558952391147614
1151,670,0.15451152622699738,-0.28877824544906616,0.22634474297364554,0.2752851439764102,0.17357108113666375,0.26397407054901123,0.2730964422225952,0.26397407054901123,0.2730964422225952,0.40230318903923035,0.2730964422225952,0.16600123047828674,0.06046977639198303,0.16600123047828674,0.06046977639198303,0.21954883635044098,0.11537471413612366
1152,673,1.953985571861267,-0.11749138683080673,0.03734299797875196,0.23443703528804083,0.31385211930920687,0.3586759567260742,0.21614322066307068,0.3586759567260742,0.21614322066307068,0.6395779848098755,0.21614322066307068,0.15178662538528442,0.04796779900789261,0.15178662538528442,0.04796779900789261,0.2060098499059677,0.056002359837293625
1153,676,1.7989237308502197,0.545844316482544,0.47807094415028883,0.0713288018728297,0.22967144719014548,0.5305718183517456,0.5305718183517456,0.5305718183517456,0.5305718183517456,0.19752156734466553,0.4812731146812439,0.5305718183517456,0.03831130266189575,0.5305718183517456,0.03831130266189575,0.4844464659690857,0.04178750514984131
1154,679,1.271947979927063,1.1039366722106934,0.43978572266797233,0.4844160925845304,0.11955364105602095,0.5255720615386963,1.0561145544052124,0.5255720615386963,1.0561145544052124,1.0075292587280273,1.0561145544052124,0.5255720615386963,0.03849315643310547,0.5255720615386963,0.03849315643310547,0.7908433079719543,0.2906873822212219
1155,682,2.7080233097076416,1.5128263235092163,0.29965354225908714,0.4260657040526471,0.4087803721738358,0.5675098896026611,0.9672443270683289,0.5675098896026611,0.9672443270683289,1.0941853523254395,1.4691219329833984,0.6158168315887451,0.3567073345184326,0.6158168315887451,0.3567073345184326,0.8742572069168091,0.6638878583908081
1156,685,0.8786618709564209,1.4538154602050781,0.5960633320361376,0.23945435233414214,0.3712695734947916,0.6294153332710266,0.6294153332710266,0.6294153332710266,0.6294153332710266,0.8873268365859985,1.4583784341812134,0.6294153332710266,0.3627051115036011,0.6294153332710266,0.3627051115036011,0.875119686126709,0.5773546695709229
1157,688,2.6103813648223877,1.6230469942092896,0.1647238343084858,0.7741334424043694,0.24086149143675928,0.9048992395401001,1.1357208490371704,0.9048992395401001,1.1357208490371704,0.8614367246627808,1.44635009765625,0.9048992395401001,0.24549555778503418,0.9048992395401001,0.24549555778503418,1.0573737621307373,0.44814878702163696
1158,691,2.1420867443084717,1.9209144115447998,0.6549187550445399,0.18280772508432452,0.7206283829485377,0.8759380578994751,1.8178060054779053,0.8759380578994751,1.8178060054779053,1.5216264724731445,1.8178060054779053,0.8759380578994751,0.301288366317749,0.8759380578994751,0.301288366317749,1.2138292789459229,0.6504356265068054
1159,695,1.3804888725280762,1.8340884447097778,0.5605728615820409,0.7339334335550665,0.17445275995880372,0.8778440952301025,1.4545365571975708,0.8778440952301025,1.4545365571975708,1.3227119445800781,1.4545365571975708,0.8778440952301025,0.27608931064605713,0.8778440952301025,0.27608931064605713,1.1661903858184814,0.5667133331298828
1160,698,1.7794197797775269,2.0073323249816895,0.3556503796329098,0.6845825586592164,0.6991253847753005,0.9163861274719238,1.9632740020751953,0.9163861274719238,1.9632740020751953,1.4503517150878906,1.9632740020751953,0.9163861274719238,0.3597278594970703,0.9163861274719238,0.3597278594970703,1.249282717704773,0.7716472744941711
1161,701,1.7581959962844849,1.415892243385315,0.40297939787929227,0.36665288117093353,0.48654198371184393,0.6080312132835388,1.4222506284713745,0.6080312132835388,1.4222506284713745,0.9634661078453064,1.4222506284713745,0.6080312132835388,0.4350987672805786,0.6080312132835388,0.4350987672805786,0.834906816482544,0.6571155786514282
1162,704,2.4022269248962402,1.5418952703475952,0.48448110631977526,0.44531994025533383,0.3148467760657271,0.4757225513458252,0.48230433464050293,0.4757225513458252,0.48230433464050293,1.046213984489441,1.0524290800094604,0.48230433464050293,0.4509073495864868,0.48230433464050293,0.4509073495864868,0.7673667073249817,0.7041764259338379
1163,707,2.6924736499786377,1.8343238830566406,0.5801418332258859,0.4883171858141817,0.4255066275099917,0.6632030010223389,0.6632030010223389,0.6632030010223389,0.6632030010223389,1.068807601928711,1.2820546627044678,0.6632030010223389,0.590290904045105,0.6632030010223389,0.590290904045105,0.9726288318634033,0.8488070368766785
1164,710,0.19775383174419403,2.303211212158203,0.7942829728002352,0.7518724216024083,0.4279758344466482,0.7219361066818237,0.7219361066818237,0.7219361066818237,0.7219361066818237,1.5916497707366943,1.6997298002243042,0.7219361066818237,0.5229891538619995,0.7219361066818237,0.5229891538619995,1.210832953453064,0.9254484176635742
1165,713,3.1174967288970947,1.8567836284637451,0.04758267135669825,0.8301213988972205,0.7532447068703668,0.9589444994926453,1.0200161933898926,0.9589444994926453,1.0200161933898926,1.635155200958252,1.7764948606491089,0.9589444994926453,0.05595541000366211,0.9589444994926453,0.05595541000366211,1.3373404741287231,0.48983022570610046
1166,716,0.5700706839561462,1.4411749839782715,0.6659431255360444,0.010726652989784702,0.6647710744043189,0.6344118118286133,0.6344118118286133,0.6344118118286133,0.6344118118286133,1.3066660165786743,1.4643102884292603,0.6344118118286133,0.0614246129989624,0.6344118118286133,0.0614246129989624,1.0226101875305176,0.41632938385009766
1167,720,1.921838641166687,1.4430742263793945,0.16434791321555764,1.0642545067022244,0.019146748961259785,1.1717923879623413,1.3492714166641235,1.1717923879623413,1.3492714166641235,0.5813694596290588,1.3492714166641235,1.1717923879623413,0.06907260417938232,1.1717923879623413,0.06907260417938232,1.2605319023132324,0.15918242931365967
1168,728,4.614962100982666,1.677663803100586,0.5236539777515765,0.1392615253090237,0.8990112286860437,0.986281156539917,1.6321790218353271,0.986281156539917,1.6321790218353271,1.1655590534210205,1.6321790218353271,0.986281156539917,0.18967044353485107,0.986281156539917,0.18967044353485107,1.2329621315002441,0.4299488067626953
1169,728,1.590277910232544,1.6032475233078003,1.065847426553567,0.47210469042261427,0.09696735610564589,0.9998250603675842,0.9998250603675842,0.9998250603675842,0.9998250603675842,0.7711549997329712,1.5204112529754639,0.9998250603675842,0.11381173133850098,0.9998250603675842,0.11381173133850098,1.2601181268692017,0.32909226417541504
1170,728,3.308459758758545,2.382390260696411,0.38772914692759497,1.3079474924504755,0.5094442473351959,1.4002224206924438,1.8045337200164795,1.4002224206924438,1.8045337200164795,1.1707990169525146,2.3270671367645264,1.4002224206924438,0.33710646629333496,1.4002224206924438,0.33710646629333496,1.6484737396240234,0.6561431288719177
1171,728,2.8157358169555664,2.7618491649627686,0.721634345973531,0.40796182146916804,1.3680852366114655,1.3842716217041016,2.648733139038086,1.3842716217041016,2.648733139038086,1.8213317394256592,2.648733139038086,1.3842716217041016,0.4371027946472168,1.3842716217041016,0.4371027946472168,1.7753405570983887,0.7294392585754395
1172,728,2.5443408489227295,2.2490034103393555,0.6903461428343628,1.0196633094533658,0.38725333978732435,1.060195803642273,1.7614896297454834,1.060195803642273,1.7614896297454834,1.6183018684387207,1.7614896297454834,1.060195803642273,0.4944498538970947,1.060195803642273,0.4944498538970947,1.4108426570892334,0.838911235332489
1173,728,1.5587148666381836,2.3111255168914795,0.5847488305966064,0.7646740602391457,0.9143992221790056,1.0062166452407837,2.2701475620269775,1.0062166452407837,2.2701475620269775,1.62103271484375,2.2701475620269775,1.0062166452407837,0.40837323665618896,1.0062166452407837,0.40837323665618896,1.3660756349563599,0.88606196641922
1174,737,0.3538179397583008,2.16656494140625,0.4351536211371423,0.8463122932612896,0.8174275006353855,0.8283634185791016,1.2830798625946045,0.8283634185791016,1.2830798625946045,1.647660732269287,2.1297149658203125,0.9176143407821655,0.3233354091644287,0.9176143407821655,0.3233354091644287,1.3163573741912842,0.8359090685844421
1175,737,1.8962737321853638,1.5343143939971924,0.10396160463492032,0.4789408099154633,0.7843385900060338,0.8665051460266113,1.4331892728805542,0.8665051460266113,1.4331892728805542,1.049277901649475,1.4331892728805542,0.8665051460266113,0.08772933483123779,0.8665051460266113,0.08772933483123779,1.0992467403411865,0.36179012060165405
1176,737,1.6787973642349243,1.1473373174667358,0.5311787842710811,0.06224182124560074,0.40502494431411246,0.5353845953941345,0.5353845953941345,0.5353845953941345,0.5353845953941345,0.9024728536605835,1.09138822555542,0.5353845953941345,0.114859938621521,0.5353845953941345,0.114859938621521,0.763608992099762,0.3374606668949127
1177,737,-0.12242582440376282,1.194805383682251,0.4905549786674479,0.5273935112791756,0.024479319962362744,0.5566594004631042,1.0007270574569702,0.5566594004631042,1.0007270574569702,0.9386869072914124,1.0007270574569702,0.5566594004631042,0.10723507404327393,0.5566594004631042,0.10723507404327393,0.7786931991577148,0.31917041540145874
1178,746,1.3433117866516113,1.139591932296753,0.007546802293509236,0.5041365511156621,0.49755073107779,0.5069948434829712,0.5429994463920593,0.5069948434829712,0.5429994463920593,1.0299197435379028,1.0551095008850098,0.5766499042510986,0.035494327545166016,0.5766499042510986,0.035494327545166016,0.8319388031959534,0.30358806252479553
1179,746,1.5445696115493774,0.8394840359687805,0.4098832582744459,0.014811280857150666,0.44888804986762504,0.4773385226726532,0.8170055747032166,0.4773385226726532,0.8170055747032166,0.7539000511169434,0.8170055747032166,0.4773385226726532,0.03192496299743652,0.4773385226726532,0.03192496299743652,0.6645386815071106,0.1721840798854828
1180,746,1.4669115543365479,0.6918311715126038,0.4321980509689698,0.3446119720224912,0.0411167469884578,0.3977527916431427,0.3977527916431427,0.3977527916431427,0.3977527916431427,0.690159022808075,0.73991858959198,0.3977527916431427,0.025756359100341797,0.3977527916431427,0.025756359100341797,0.5688356757164001,0.16662515699863434
1181,755,-0.24599045515060425,1.2512295246124268,0.4448750015348196,0.46006445236504057,0.4020362678170205,0.4578511118888855,0.8417142629623413,0.4578511118888855,0.8417142629623413,0.8196443319320679,0.8417142629623413,0.4578511118888855,0.3900565505027771,0.4578511118888855,0.3900565505027771,0.649782657623291,0.5768176317214966
1182,755,-0.78826904296875,0.8389586210250854,0.03136523571175809,0.4371123541301735,0.3989565653229753,0.4200090169906616,0.3779965341091156,0.4200090169906616,0.3779965341091156,0.8081403970718384,0.7635746598243713,0.4420512616634369,0.06564289331436157,0.4420512616634369,0.06564289331436157,0.6351324915885925,0.21716882288455963
1183,755,2.8798186779022217,0.25530657172203064,0.2589444257381063,0.07476695089290541,0.4904575805303952,0.48076558113098145,0.15419475734233856,0.48076558113098145,0.15419475734233856,0.41575995087623596,0.15419475734233856,0.48076558113098145,0.08055716753005981,0.48076558113098145,0.08055716753005981,0.35488778352737427,0.20041145384311676
1184,755,2.113525629043579,0.628597617149353,0.8431953352938094,0.26208038778354725,0.063863367748757,0.8593480587005615,0.8593480587005615,0.8593480587005615,0.8593480587005615,0.5351266860961914,0.6329888701438904,0.8593480587005615,0.05195820331573486,0.8593480587005615,0.05195820331573486,0.7461684942245483,0.1358765959739685
1185,755,2.7997307777404785,1.4146960973739624,0.6333246406602364,0.8179804707753158,0.24731277385105677,0.8821073770523071,1.4714256525039673,0.8821073770523071,1.4714256525039673,1.2546253204345703,1.4714256525039673,0.8821073770523071,0.13635027408599854,0.8821073770523071,0.13635027408599854,1.1767665147781372,0.2693556547164917
1186,755,2.983701467514038,2.1993014812469482,0.6813287242750327,0.6187479027981562,0.781284692349533,0.893256664276123,2.1215028762817383,0.893256664276123,2.1215028762817383,1.5463287830352783,2.1215028762817383,0.893256664276123,0.6762454509735107,0.893256664276123,0.6762454509735107,1.230499267578125,1.0122828483581543
1187,755,2.1594738960266113,2.3314051628112793,0.817159009011618,0.7891937712688617,0.6163834990134154,0.6798678636550903,0.6798678636550903,0.6798678636550903,0.6798678636550903,1.4995852708816528,1.560986042022705,0.6798678636550903,0.640236496925354,0.6798678636550903,0.640236496925354,1.120426893234253,1.0310215950012207
1188,755,1.8914196491241455,2.3552770614624023,0.5457570585010885,0.866073709942478,0.7462851928659556,0.8852674961090088,1.4198977947235107,0.8852674961090088,1.4198977947235107,1.6087515354156494,2.2420406341552734,0.8852674961090088,0.46917426586151123,0.8852674961090088,0.46917426586151123,1.2691948413848877,0.9168282151222229
1189,755,2.3464467525482178,1.9637130498886108,0.47925337993850303,0.5700943619882065,0.8281736238052448,0.8675334453582764,1.931672215461731,0.8675334453582764,1.931672215461731,1.2430875301361084,1.931672215461731,0.8675334453582764,0.3377048969268799,0.8675334453582764,0.3377048969268799,1.1470153331756592,0.6788805723190308
1190,755,2.5071916580200195,2.132000684738159,0.6147081496442356,0.5782764267797278,0.6596915556738772,0.6805834770202637,2.023723602294922,0.6805834770202637,2.023723602294922,1.3500730991363525,2.023723602294922,0.7380334138870239,0.6165823936462402,0.7380334138870239,0.6165823936462402,1.0743663311004639,0.9497437477111816
1191,755,2.086107015609741,2.105776786804199,0.6423243746720255,0.6677191603742538,0.5153385369107129,0.749099612236023,1.4319909811019897,0.749099612236023,1.4319909811019897,1.3810646533966064,1.4319909811019897,0.7917678356170654,0.6208100318908691,0.7917678356170654,0.6208100318908691,1.1118793487548828,0.9456114172935486
1192,763,1.7955305576324463,2.158524990081787,0.5925217946370445,0.7787523177017768,0.6659017814447481,0.8608773946762085,1.4025589227676392,0.8608773946762085,1.4025589227676392,1.441913366317749,2.064638376235962,0.8608773946762085,0.489399790763855,0.8608773946762085,0.489399790763855,1.1693274974822998,0.8988763689994812
1193,772,2.466806411743164,2.0650978088378906,0.6249189994980895,0.7494169715543586,0.737772980382045,0.7870337963104248,1.5903018712997437,0.7870337963104248,1.5903018712997437,1.5429868698120117,2.240898847579956,0.9584475755691528,0.6665067672729492,0.9584475755691528,0.6665067672729492,1.306603193283081,1.138296127319336
1194,772,1.2845280170440674,1.9224436283111572,0.692779976464808,0.4829890628904101,0.4770227378234271,0.6940855979919434,0.6940855979919434,0.6940855979919434,0.6940855979919434,1.092790126800537,1.3138751983642578,0.6940855979919434,0.5891804695129395,0.6940855979919434,0.5891804695129395,1.0039803981781006,0.8412728309631348
1195,772,-1.6231883764266968,1.7301775217056274,0.4598746970295904,0.8162884020805359,0.4936431259661914,0.8559918403625488,1.3090921640396118,0.8559918403625488,1.3090921640396118,1.230360984802246,1.8626594543457031,0.8559918403625488,0.4202871322631836,0.8559918403625488,0.4202871322631836,1.1379079818725586,0.7234573364257812
1196,772,1.770174264907837,0.3715067505836487,0.5771581253844001,0.3955947839592894,0.5657481855091948,1.7019166946411133,0.5721154808998108,1.7019166946411133,0.5721154808998108,1.0699973106384277,0.4806235730648041,0.5721154808998108,0.4412793815135956,0.5721154808998108,0.4412793815135956,0.3452256917953491,0.7134400010108948
1197,772,-0.08209674805402756,0.47799792885780334,0.5339941269966464,0.43363934135374915,0.3605234172722944,0.5587267875671387,0.5587267875671387,0.5587267875671387,0.5587267875671387,0.8262958526611328,0.11414682865142822,0.5587267875671387,0.3099091053009033,0.5587267875671387,0.3099091053009033,0.33643680810928345,0.19485600292682648
1198,772,-0.6712125539779663,0.5074081420898438,0.026945605389773697,0.4553831987082959,0.2592911509796976,0.4474972188472748,0.4168573021888733,0.4474972188472748,0.4168573021888733,0.37054646015167236,0.1906263828277588,0.4474972188472748,0.026586949825286865,0.4474972188472748,0.026586949825286865,0.33268386125564575,0.12817150354385376
1199,763,1.0531364679336548,0.42353254556655884,0.20227338177462417,0.08941579792027676,0.46565905072415864,0.49507826566696167,0.29248157143592834,0.49507826566696167,0.29248157143592834,0.3342796564102173,0.29248157143592834,0.49507826566696167,0.024262726306915283,0.49507826566696167,0.024262726306915283,0.4046136140823364,0.10920220613479614
1200,763,0.9679811000823975,0.2543664574623108,0.37658344267557065,0.26126210769017544,0.08416792542984083,0.3332061171531677,0.3332061171531677,0.3332061171531677,0.3332061171531677,0.44299107789993286,0.13099774718284607,0.3332061171531677,0.022246569395065308,0.3332061171531677,0.022246569395065308,0.2321019321680069,0.1118994802236557
1201,763,1.2616782188415527,0.47518616914749146,0.27982745325192815,0.32168749302625665,0.22524506455287352,0.2822480797767639,0.5749096274375916,0.2822480797767639,0.5749096274375916,0.5489919185638428,0.5749096274375916,0.2822480797767639,0.14341235160827637,0.2822480797767639,0.14341235160827637,0.42857885360717773,0.1273842602968216
1202,763,-1.5817328691482544,0.9032694697380066,0.3522242631514868,0.20917871115108344,0.2575652286161977,0.3213624358177185,0.3213624358177185,0.3213624358177185,0.3213624358177185,0.5615835189819336,0.8733583688735962,0.3213624358177185,0.27238327264785767,0.3213624358177185,0.27238327264785767,0.4674879014492035,0.40320220589637756
1203,763,1.4137845039367676,0.4057735204696655,0.4116704933655757,0.37578038981805245,0.22463058796400806,1.0979773998260498,0.4258221387863159,1.0979773998260498,0.4258221387863159,0.7198878526687622,0.02552419900894165,0.4258221387863159,0.292873352766037,0.4258221387863159,0.292873352766037,0.22567316889762878,0.47504812479019165
1204,763,1.1953191757202148,0.35045066475868225,0.3949365167133511,0.4395393475145103,0.36039016047492634,1.4186522960662842,0.024873584508895874,1.4186522960662842,0.024873584508895874,1.0513710975646973,0.024873584508895874,0.3727668225765228,0.3545054495334625,0.3727668225765228,0.3545054495334625,0.19882020354270935,0.6117094159126282
1205,763,-0.8433362245559692,0.5191404819488525,0.2996779755999645,0.3412945825730759,0.4322844675059119,1.3289517164230347,0.3456621766090393,1.3289517164230347,0.3456621766090393,0.837394118309021,0.3456621766090393,0.36786067485809326,0.33523866534233093,0.36786067485809326,0.33523866534233093,0.19828827679157257,0.5537760257720947
1206,763,1.1874171495437622,0.6320629119873047,0.2655692182853816,0.28057214863598323,0.3135720339789987,0.4628070592880249,0.5845609903335571,0.4628070592880249,0.5845609903335571,0.7502265572547913,0.5845609903335571,0.4628070592880249,0.21403175592422485,0.4628070592880249,0.21403175592422485,0.6370797157287598,0.18674808740615845
1207,763,0.8201870918273926,0.5698491930961609,0.29557886117137955,0.3211651428695767,0.26028978182002915,0.8716936707496643,0.09781736135482788,0.8716936707496643,0.09781736135482788,0.5866442322731018,0.09781736135482788,0.2130972146987915,0.3199336528778076,0.2130972146987915,0.3199336528778076,0.1554572880268097,0.5059854984283447
1208,772,1.2986390590667725,0.5319663286209106,0.23958834446966648,0.36064124256372465,0.3625818642228843,0.9426612854003906,0.4814690947532654,0.9426612854003906,0.4814690947532654,0.5012319087982178,0.4814690947532654,0.22915738821029663,0.29281336069107056,0.22915738821029663,0.29281336069107056,0.2038729190826416,0.5108425617218018
1209,781,1.6402326822280884,0.8882077932357788,0.359022525176406,0.19319303311407554,0.2804596757143736,0.3329273462295532,0.3329273462295532,0.3329273462295532,0.3329273462295532,0.6215856075286865,0.8833267092704773,0.3329273462295532,0.2327021360397339,0.3329273462295532,0.2327021360397339,0.4904583692550659,0.36931532621383667
1210,781,1.0772541761398315,1.119712233543396,0.43388382439812007,0.34831690264244897,0.18456939009328677,0.4292725920677185,0.4292725920677185,0.4292725920677185,0.4292725920677185,0.7201213240623474,0.8177776336669922,0.4292725920677185,0.22476404905319214,0.4292725920677185,0.22476404905319214,0.6235251426696777,0.40063780546188354
1211,781,1.6068891286849976,1.28681218624115,0.33413395169501514,0.43585077758257584,0.3109527909879881,0.5148903131484985,0.8007909059524536,0.5148903131484985,0.8007909059524536,0.6465985178947449,0.8007909059524536,0.5148903131484985,0.3940753936767578,0.5148903131484985,0.3940753936767578,0.6578406095504761,0.538051426410675
1212,781,1.5650526285171509,1.2306679487228394,0.4207221525379768,0.28853698132870087,0.3584575103533765,0.425748348236084,0.43517446517944336,0.425748348236084,0.43517446517944336,0.921143114566803,1.2303833961486816,0.43517446517944336,0.3368995189666748,0.43517446517944336,0.3368995189666748,0.6829209327697754,0.5544668436050415
1213,781,0.3016882836818695,1.2750781774520874,0.4481869707706695,0.44726415163682154,0.290199581425016,0.39027976989746094,0.40148258209228516,0.39027976989746094,0.40148258209228516,0.9266595840454102,0.9382987022399902,0.40148258209228516,0.3423948287963867,0.40148258209228516,0.3423948287963867,0.6698906421661377,0.5830785632133484
1214,781,1.0423192977905273,1.1787067651748657,0.07037232620020717,0.4684960453336438,0.4090151541059214,0.5074566602706909,0.6037431955337524,0.5074566602706909,0.6037431955337524,0.9782304167747498,1.0796375274658203,0.5200161933898926,0.08262300491333008,0.5200161933898926,0.08262300491333008,0.7550047636032104,0.3415350615978241
1215,781,0.7068634033203125,1.0716408491134644,0.26382148984819653,0.011060094274580545,0.45486394606530645,0.5043770670890808,0.895280659198761,0.5043770670890808,0.895280659198761,0.6503230929374695,0.895280659198761,0.5043770670890808,0.10083001852035522,0.5043770670890808,0.10083001852035522,0.6521288156509399,0.24137872457504272
1216,781,0.3220125734806061,0.6084543466567993,0.21542639468486113,0.24575585956374807,0.002768861868729211,0.28212466835975647,0.4768974184989929,0.28212466835975647,0.4768974184989929,0.3831791579723358,0.4768974184989929,0.28212466835975647,0.07479828596115112,0.28212466835975647,0.07479828596115112,0.3795110583305359,0.16684241592884064
1217,781,1.216120719909668,0.7158344984054565,0.09488763964424535,0.18769540260235457,0.2404295614237587,0.30634552240371704,0.6197590827941895,0.30634552240371704,0.6197590827941895,0.41752859950065613,0.6197590827941895,0.30634552240371704,0.09494805335998535,0.30634552240371704,0.09494805335998535,0.411674439907074,0.2025354951620102
1218,781,1.5571216344833374,0.7010084986686707,0.2805105295777321,0.014564274474978434,0.10549521841108792,0.30412203073501587,0.30412203073501587,0.30412203073501587,0.30412203073501587,0.3513025641441345,0.5458511114120483,0.30412203073501587,0.07601183652877808,0.30412203073501587,0.07601183652877808,0.38558363914489746,0.14914077520370483
1219,781,1.8705562353134155,0.9739726781845093,0.44673781619096825,0.2922793866383533,0.01838864485422742,0.4257155656814575,0.4257155656814575,0.4257155656814575,0.4257155656814575,0.712982177734375,0.8220266103744507,0.4257155656814575,0.09275412559509277,0.4257155656814575,0.09275412559509277,0.6238710880279541,0.2698884606361389
1220,781,2.1718084812164307,1.2566300630569458,0.5046023896460731,0.3541289943022031,0.21184090621148566,0.4581194519996643,0.4581194519996643,0.4581194519996643,0.4581194519996643,0.8175709843635559,0.9020668268203735,0.4581194519996643,0.29106634855270386,0.4581194519996643,0.29106634855270386,0.6800931692123413,0.48624953627586365
1221,781,-0.5150601267814636,1.5003061294555664,0.5130051300891987,0.5043278056786704,0.3091778118473789,0.5374999046325684,0.5374999046325684,0.5374999046325684,0.5374999046325684,1.0249829292297363,1.1108675003051758,0.5374999046325684,0.44479668140411377,0.5374999046325684,0.44479668140411377,0.8241837024688721,0.6981304287910461
1222,781,1.762582778930664,1.2455220222473145,0.16538014327952033,0.6288123964347566,0.5598525735146056,0.7231875061988831,0.5926674008369446,0.7231875061988831,0.5926674008369446,1.225463628768921,1.1765602827072144,0.7231875061988831,0.12996697425842285,0.7231875061988831,0.12996697425842285,1.0188132524490356,0.3134666979312897
1223,781,-1.0973225831985474,0.9923550486564636,0.45567187088852124,0.22131243108461296,0.5405524489594002,0.6029314398765564,0.9987112879753113,0.6029314398765564,0.9987112879753113,1.0180367231369019,0.9987112879753113,0.6029314398765564,0.14010173082351685,0.6029314398765564,0.14010173082351685,0.8760945796966553,0.23507001996040344
1224,790,0.6401880979537964,0.1314750760793686,0.3295982024942835,0.4682482017079989,0.18341744364549717,0.5158427357673645,0.20773592591285706,0.5158427357673645,0.20773592591285706,0.5331432819366455,0.20773592591285706,0.5158427357673645,0.13063053786754608,0.5158427357673645,0.13063053786754608,0.361789345741272,0.27061986923217773
1225,790,0.9458016157150269,0.47351476550102234,0.15584279313062627,0.355011688216279,0.4011832977210482,0.4485642910003662,0.3628099858760834,0.4485642910003662,0.3628099858760834,0.6415212154388428,0.3628099858760834,0.4485642910003662,0.15731096267700195,0.4485642910003662,0.15731096267700195,0.3223300576210022,0.13298343122005463
1226,781,-1.187963604927063,0.32145562767982483,0.22271851625293504,0.09904578465968372,0.37491498149931446,0.872876763343811,0.16684937477111816,0.872876763343811,0.16684937477111816,0.653294563293457,0.16684937477111816,0.2666143476963043,0.1789063811302185,0.2666143476963043,0.1789063811302185,0.1400398164987564,0.32631027698516846
1227,781,-2.107017755508423,0.13443423807621002,0.37765676867216835,0.18006279904395353,0.05212439984083181,0.8486053943634033,0.3027084469795227,0.8486053943634033,0.3027084469795227,0.5732499361038208,0.012346118688583374,0.3027084469795227,0.19012071192264557,0.3027084469795227,0.19012071192264557,0.15752728283405304,0.3295708894729614
1228,781,-0.43877658247947693,-0.6578289270401001,0.6667164349555968,0.4464719617366789,0.21847349174320674,1.4601894617080688,0.6410292983055115,1.4601894617080688,0.6410292983055115,2.3245503902435303,0.9781744480133057,0.6410292983055115,0.33300232887268066,0.6410292983055115,0.33300232887268066,0.809601902961731,0.2023109793663025
1229,781,0.001479103695601225,-0.9075556397438049,0.21079278164853665,0.6677163046908875,0.4329580970791478,1.2365119457244873,0.7872763872146606,1.2365119457244873,0.7872763872146606,1.6912720203399658,1.0837957859039307,0.6521150469779968,0.1821897029876709,0.6521150469779968,0.1821897029876709,0.8102415204048157,0.3855848014354706
1230,781,-2.000204086303711,-0.5946009755134583,0.06366665976742913,0.22087661957989124,0.6467412513370315,1.2259126901626587,0.7271125912666321,1.2259126901626587,0.7271125912666321,1.513559103012085,0.7271125912666321,0.600361704826355,0.0005207657814025879,0.600361704826355,0.0005207657814025879,0.6639413833618164,0.080727219581604
1231,772,-0.3850491940975189,-0.49531927704811096,0.5059473280453433,0.026244153811906923,0.148006061365207,1.0111771821975708,0.5262805223464966,1.0111771821975708,0.5262805223464966,1.1686474084854126,0.6326250433921814,0.5262805223464966,0.00046956539154052734,0.5262805223464966,0.00046956539154052734,0.5796386003494263,0.06715346872806549
1232,763,-0.7195415496826172,-0.6393536925315857,0.19736675715694818,0.6578967698539296,0.009442809919516404,1.1603816747665405,0.6860398650169373,1.1603816747665405,0.6860398650169373,1.3441294431686401,0.6860398650169373,0.5783790946006775,0.0005362629890441895,0.5783790946006775,0.0005362629890441895,0.6322094798088074,0.07276684045791626
1233,755,-1.9667534828186035,-0.8169345259666443,0.30363369941711427,0.21428079076111328,0.5351120080053806,0.9739886522293091,0.8464595079421997,0.9739886522293091,0.8464595079421997,1.2330923080444336,0.8464595079421997,0.546476423740387,0.13693904876708984,0.546476423740387,0.13693904876708984,0.6469132900238037,0.25513964891433716
1234,746,-3.65381121635437,-0.8509569764137268,0.632856451825549,0.2729854930316409,0.19875296111529084,0.9983714818954468,0.5444658994674683,0.9983714818954468,0.5444658994674683,1.2252917289733887,0.7317521572113037,0.5444658994674683,0.1114962100982666,0.5444658994674683,0.1114962100982666,0.638109028339386,0.2140813171863556
1235,737,-1.9596682786941528,-1.814334750175476,0.9922654077534874,0.6645036522050698,0.30119651072969056,2.1399896144866943,1.0741026401519775,2.1399896144866943,1.0741026401519775,2.6847198009490967,1.6477761268615723,1.0741026401519775,0.3007289171218872,1.0741026401519775,0.3007289171218872,1.360939383506775,0.6227946281433105
1236,728,-3.643108367919922,-2.5126497745513916,0.858745898635437,1.2792056723249454,0.7058285447334254,2.087439775466919,2.117494821548462,2.087439775466919,2.117494821548462,2.7432429790496826,2.117494821548462,1.3808786869049072,0.7584915161132812,1.3808786869049072,0.7584915161132812,1.7491867542266846,1.1886320114135742
1237,720,-2.880298376083374,-2.5558700561523438,1.102354128410419,0.7416301163782673,0.974922984143098,1.965080976486206,1.1673729419708252,1.965080976486206,1.1673729419708252,2.923666477203369,2.589407444000244,1.1673729419708252,0.7257587909698486,1.1673729419708252,0.7257587909698486,1.6516276597976685,1.231182336807251
1238,711,-3.1025195121765137,-2.632718801498413,1.0606451683739824,1.2579363772893943,0.7335322788233558,1.9416840076446533,2.2279422283172607,1.9416840076446533,2.2279422283172607,3.0814566612243652,2.2279422283172607,1.3450459241867065,0.7878154516220093,1.3450459241867065,0.7878154516220093,1.7864940166473389,1.2705618143081665
1239,711,-2.0546205043792725,-2.7616450786590576,0.9996048107805353,1.0355441340819622,1.1161502814215294,1.369689702987671,2.9171340465545654,1.369689702987671,2.9171340465545654,2.35897159576416,2.9171340465545654,1.0723974704742432,0.8166615962982178,1.0723974704742432,0.8166615962982178,1.5697298049926758,1.384514331817627
1240,711,-1.2335231304168701,-2.2839367389678955,0.809964694691201,1.0047415861611568,0.8075944164146978,1.3683371543884277,1.7030974626541138,1.3683371543884277,1.7030974626541138,2.0306296348571777,1.7030974626541138,1.0178108215332031,0.8056178092956543,1.0178108215332031,0.8056178092956543,1.3604540824890137,1.1799583435058594
1241,711,-1.7944698333740234,-1.9026449918746948,0.5181496940553187,0.8334126215800645,0.9241050358489157,1.6527173519134521,1.995569109916687,1.6527173519134521,1.995569109916687,2.5355472564697266,1.995569109916687,1.1048402786254883,0.5580586194992065,1.1048402786254883,0.5580586194992065,1.389631986618042,0.959437370300293
1242,702,-1.1912962198257446,-1.6697582006454468,0.6722877799905835,0.5197671767883003,0.7508494513854385,1.0198993682861328,1.6942065954208374,1.0198993682861328,1.6942065954208374,1.7830106019973755,1.6942065954208374,0.7278685569763184,0.49094080924987793,0.7278685569763184,0.49094080924987793,1.0351243019104004,0.8113373517990112
1243,693,-1.38892662525177,-1.1594890356063843,0.3368212702746195,0.5313235497350494,0.43817510964969775,0.7425926327705383,0.9327548742294312,0.7425926327705383,0.9327548742294312,1.0896778106689453,1.2380515336990356,0.5634576082229614,0.45069289207458496,0.5634576082229614,0.45069289207458496,0.731610894203186,0.6149011850357056
1244,693,-0.9377261400222778,-1.1339319944381714,0.3864432832784951,0.3380156780779363,0.477419575806707,0.6738420724868774,1.200003981590271,0.6738420724868774,1.200003981590271,1.116794466972351,1.200003981590271,0.5073270797729492,0.38668370246887207,0.5073270797729492,0.38668370246887207,0.7116691470146179,0.6031206846237183
1245,684,-2.854743003845215,-1.0958950519561768,0.27884644513328893,0.5006960871008534,0.39401047646378473,0.619910717010498,0.7794184684753418,0.619910717010498,0.7794184684753418,1.079915165901184,1.130763292312622,0.46527034044265747,0.34401416778564453,0.46527034044265747,0.34401416778564453,0.6541674137115479,0.5283198356628418
1246,684,-0.5472303628921509,-1.4819703102111816,0.8058561168983578,0.31178346570581206,0.4897539319843053,1.5140724182128906,0.8981674909591675,1.5140724182128906,0.8981674909591675,1.8759369850158691,1.5295296907424927,0.8981674909591675,0.32095015048980713,0.8981674909591675,0.32095015048980713,1.0835707187652588,0.540262758731842
1247,684,-0.40836381912231445,-1.1458845138549805,0.16347799831380438,0.7536620951940616,0.27257718027879785,1.4690275192260742,0.9508702754974365,1.4690275192260742,0.9508702754974365,1.8251205682754517,1.1673264503479004,0.7950294017791748,0.21282196044921875,0.7950294017791748,0.21282196044921875,0.9098988175392151,0.3447563052177429
1248,684,-2.6212875843048096,-0.9756724238395691,0.1508455453502635,0.19178727571542065,0.7033126265431444,1.5240763425827026,0.9672743082046509,1.5240763425827026,0.9672743082046509,1.7634570598602295,0.9672743082046509,0.7064794301986694,0.15402597188949585,0.7064794301986694,0.15402597188949585,0.7813030481338501,0.24732708930969238
1249,684,-1.9495398998260498,-1.007453203201294,0.7821164188782372,0.15336339964220946,0.18243473468969262,1.3371357917785645,0.7815248370170593,1.3371357917785645,0.7815248370170593,1.4666106700897217,1.0188909769058228,0.7815248370170593,0.12746381759643555,0.7815248370170593,0.12746381759643555,0.8487493991851807,0.20679640769958496
1250,684,-0.29926368594169617,-1.479729175567627,0.6386261422714841,0.8655221987950305,0.19818394668089856,1.5751867294311523,1.4429051876068115,1.5751867294311523,1.4429051876068115,2.4310781955718994,1.4429051876068115,0.8736519813537598,0.15073943138122559,0.8736519813537598,0.15073943138122559,1.1582785844802856,0.49710243940353394
1251,684,-3.092299222946167,-1.4041963815689087,0.1263644723407924,0.6503860408812763,0.8343667230568826,1.582896113395691,1.4663779735565186,1.582896113395691,1.4663779735565186,2.7409589290618896,1.4663779735565186,0.831430971622467,0.11564993858337402,0.831430971622467,0.11564993858337402,1.1073477268218994,0.452016144990921
1252,684,-1.424033522605896,-1.60619056224823,0.9316755181675154,0.1429977580284083,0.6298822565873461,1.8380637168884277,0.9546917080879211,1.8380637168884277,0.9546917080879211,2.593888759613037,1.6275817155838013,0.9546917080879211,0.10753285884857178,0.9546917080879211,0.10753285884857178,1.246736764907837,0.4297600984573364
1253,684,-0.06281017512083054,-1.3782336711883545,0.46013424262404445,0.9641647685877978,0.16180075289681572,1.8877310752868652,1.3848798274993896,1.8877310752868652,1.3848798274993896,2.5142974853515625,1.3848798274993896,0.9775776863098145,0.1174854040145874,0.9775776863098145,0.1174854040145874,1.181228756904602,0.38437655568122864
1254,684,-2.8279504776000977,-1.370565414428711,0.02382422783722471,0.4872607682024439,0.9507691545536121,1.9973149299621582,1.406957745552063,1.9973149299621582,1.406957745552063,2.9694838523864746,1.406957745552063,1.0109986066818237,0.02499377727508545,1.0109986066818237,0.02499377727508545,1.2013883590698242,0.29652702808380127
1255,684,-0.6381765007972717,-1.2603840827941895,0.7892563366517424,0.018496209196746216,0.4727878697589041,1.6034232378005981,0.8098673224449158,1.6034232378005981,0.8098673224449158,2.273329019546509,1.2507843971252441,0.8098673224449158,0.02323126792907715,0.8098673224449158,0.02323126792907715,1.0212429761886597,0.2698577642440796
1256,684,0.09379852563142776,-0.9188778400421143,0.1509909805709807,0.8194868713217629,0.03520093414660874,1.6926416158676147,0.9651463627815247,1.6926416158676147,0.9651463627815247,1.9791843891143799,0.9651463627815247,0.792838454246521,0.023431241512298584,0.792838454246521,0.023431241512298584,0.8789924383163452,0.1359153389930725
1257,684,0.031139884144067764,-0.9961957931518555,0.060418666303158064,0.2064433366805315,0.8767150713130833,1.9172863960266113,1.02775239944458,1.9172863960266113,1.02775239944458,2.479550361633301,1.02775239944458,0.8727121353149414,0.037667274475097656,0.8727121353149414,0.037667274475097656,0.9630715250968933,0.13182520866394043
1258,684,0.0588759146630764,-0.13837918639183044,0.035667173936963115,0.04299340412020684,0.17340356413275007,0.4196787178516388,0.15180841088294983,0.4196787178516388,0.15180841088294983,0.3925900459289551,0.15180841088294983,0.18670403957366943,0.009051501750946045,0.18670403957366943,0.009051501750946045,0.17348405718803406,0.02276352047920227
1259,684,-0.870060384273529,0.09550563991069794,0.06891804470680656,0.0023315252084284976,0.02088833624497055,0.006050899624824524,0.014895915985107422,0.006050899624824524,0.014895915985107422,0.029981181025505066,0.04657718166708946,0.014895915985107422,0.007547073066234589,0.014895915985107422,0.007547073066234589,0.026910370215773582,0.01950123906135559
1260,684,1.5442715883255005,-0.15157677233219147,0.23467227316151062,0.012472670332839109,0.0469651603947083,0.4405529499053955,0.21783538162708282,0.4405529499053955,0.21783538162708282,0.43975335359573364,0.19550463557243347,0.21783538162708282,0.015315324068069458,0.21783538162708282,0.015315324068069458,0.21385598182678223,0.01961134374141693
1261,684,2.869175434112549,0.30178016424179077,0.4083640130485099,0.3030440075074634,0.0023264633367458543,0.4088323414325714,0.4088323414325714,0.4088323414325714,0.4088323414325714,0.6202570796012878,0.17255832254886627,0.4088323414325714,0.0146980881690979,0.4088323414325714,0.0146980881690979,0.29069533944129944,0.10307550430297852
1262,684,2.15403151512146,0.9482461214065552,0.6009273821488023,0.3513742671534419,0.26189648892730466,0.6005091667175293,0.6005091667175293,0.6005091667175293,0.6005091667175293,0.6639941930770874,1.0177196264266968,0.6005091667175293,0.15456926822662354,0.6005091667175293,0.15456926822662354,0.809114396572113,0.17192542552947998
1263,684,2.6959805488586426,1.660446286201477,0.457767623936137,0.7258361011495188,0.3851040282597147,0.7514986991882324,1.2009286880493164,0.7514986991882324,1.2009286880493164,1.0366531610488892,1.2009286880493164,0.7514986991882324,0.3939225673675537,0.7514986991882324,0.3939225673675537,0.9762136936187744,0.6090777516365051
1264,684,1.5807080268859863,1.9675732851028442,0.49043263680301585,0.5582536417432127,0.7682884409558032,0.7250462770462036,1.8877816200256348,0.7250462770462036,1.8877816200256348,1.0839688777923584,1.8877816200256348,0.7250462770462036,0.21900296211242676,0.7250462770462036,0.21900296211242676,0.9817585349082947,0.5491419434547424
1265,684,2.2710514068603516,1.7458484172821045,0.34154299709945923,0.7511513186618688,0.564137870967388,0.7045414447784424,1.0217959880828857,0.7045414447784424,1.0217959880828857,1.171576738357544,1.6881643533706665,0.7045414447784424,0.22087955474853516,0.7045414447784424,0.22087955474853516,1.0061273574829102,0.5631455183029175
1266,684,3.1912927627563477,1.6503580808639526,0.43411809293553216,0.43273795221000877,0.8003642466478056,0.7583925724029541,1.640387773513794,0.7583925724029541,1.640387773513794,1.1035157442092896,1.640387773513794,0.7583925724029541,0.4248645305633545,0.7583925724029541,0.4248645305633545,0.9775578379631042,0.5909120440483093
1267,684,2.7133944034576416,1.7867155075073242,0.6323333997807155,0.6686341107978176,0.44470250012973933,0.3739497661590576,1.1869583129882812,0.3739497661590576,1.1869583129882812,0.8548256158828735,1.1869583129882812,0.6131720542907715,0.4148637056350708,0.6131720542907715,0.4148637056350708,0.9000651836395264,0.6941373348236084
1268,684,3.876066207885742,2.2343590259552,0.4864207303399841,0.9728836441102124,0.7032421689542634,0.8824589252471924,1.350170373916626,0.8824589252471924,1.350170373916626,1.3016200065612793,2.1900813579559326,0.8824589252471924,0.2120506763458252,0.8824589252471924,0.2120506763458252,1.2032142877578735,0.667193591594696
1269,684,3.255509853363037,2.2995452880859375,0.5776561777417863,0.6806032814582185,0.9618275278930863,0.6309064626693726,2.272181987762451,0.6309064626693726,2.272181987762451,1.0169321298599243,2.272181987762451,0.7973519563674927,0.1326313018798828,0.7973519563674927,0.1326313018798828,1.0943589210510254,0.606769859790802
1270,684,2.9431402683258057,2.5099453926086426,0.5753072534905121,1.0676117594943697,0.7019698103827736,0.8885586261749268,1.474134087562561,0.8885586261749268,1.474134087562561,1.3793069124221802,2.459563970565796,0.8885586261749268,0.228041410446167,0.8885586261749268,0.228041410446167,1.2755663394927979,0.6889021396636963
1271,684,3.9328784942626953,2.582533836364746,0.5237203036869564,0.908825945506494,1.1934853272760901,1.0402019023895264,2.6124095916748047,1.0402019023895264,2.6124095916748047,1.7980101108551025,2.6124095916748047,1.0402019023895264,0.19283509254455566,1.0402019023895264,0.19283509254455566,1.482165813446045,0.6941401958465576
1272,684,4.09704065322876,2.502635955810547,0.6810134010575715,0.8661651188693937,0.9753411558642986,0.7413700819015503,2.507885217666626,0.7413700819015503,2.507885217666626,1.3026838302612305,2.507885217666626,0.8666146993637085,0.2790999412536621,0.8666146993637085,0.2790999412536621,1.2249743938446045,0.8240817785263062
1273,684,2.2306835651397705,2.635845899581909,0.6456515561913452,1.070632183899482,0.8599963826065262,0.9072583913803101,1.605332374572754,0.9072583913803101,1.605332374572754,1.4159334897994995,2.6167259216308594,0.9495928287506104,0.25208115577697754,0.9495928287506104,0.25208115577697754,1.320305347442627,0.8306401371955872
1274,693,3.495771646499634,2.825411558151245,0.43912710948536837,1.125769642504553,1.1601145586619772,1.0065010786056519,2.8373146057128906,1.0065010786056519,2.8373146057128906,2.2609217166900635,2.8373146057128906,1.047128677368164,0.21047592163085938,1.047128677368164,0.21047592163085938,1.6712603569030762,0.8254099488258362
1275,693,2.4146931171417236,2.654871702194214,0.6812165472935887,0.6212899770960207,1.1734301840048287,1.0331201553344727,2.605618715286255,1.0331201553344727,2.605618715286255,1.6810126304626465,2.605618715286255,1.0331201553344727,0.5076436996459961,1.0331201553344727,0.5076436996459961,1.4393889904022217,0.7720087766647339
1276,693,4.154897689819336,2.386739492416382,0.5147894036521519,1.1657730732237295,0.6264423132811985,1.1944091320037842,1.5859973430633545,1.1944091320037842,1.5859973430633545,1.5003366470336914,2.307803153991699,1.1944091320037842,0.2964444160461426,1.1944091320037842,0.2964444160461426,1.4702987670898438,0.7200663089752197
1277,693,2.202045440673828,2.434190273284912,0.6939508974800508,0.6596136348942916,0.9838769357154766,0.7542579174041748,2.3726329803466797,0.7542579174041748,2.3726329803466797,1.4711735248565674,2.3726329803466797,0.8937675952911377,0.6215260028839111,0.8937675952911377,0.6215260028839111,1.2792978286743164,0.906288743019104
1278,693,3.041705846786499,2.597093105316162,0.459129092295965,1.2666355697189768,0.7366829709087805,1.2758005857467651,1.7128639221191406,1.2758005857467651,1.7128639221191406,1.5232285261154175,2.5377068519592285,1.2758005857467651,0.3271007537841797,1.2758005857467651,0.3271007537841797,1.6435472965240479,0.7528361678123474
1279,693,3.9542222023010254,2.614637613296509,0.5657532653088371,0.5945355234543479,1.339648194300632,1.3067513704299927,2.5851950645446777,1.3067513704299927,2.5851950645446777,1.3926806449890137,2.5851950645446777,1.3067513704299927,0.31209802627563477,1.3067513704299927,0.31209802627563477,1.5941030979156494,0.6891156435012817
1280,693,4.495426177978516,2.1962218284606934,0.8335897304986916,0.854382709202667,0.5086903434743482,0.6962090730667114,1.6564871072769165,0.6962090730667114,1.6564871072769165,1.4105045795440674,1.6564871072769165,0.9154621362686157,0.5671210289001465,0.9154621362686157,0.5671210289001465,1.2859746217727661,0.986594557762146
1281,693,3.204343557357788,2.90859055519104,0.7718880844488742,1.180423784255982,0.8456701722368589,0.9566603899002075,1.8695448637008667,0.9566603899002075,1.8695448637008667,1.5024999380111694,2.862877368927002,1.1067759990692139,0.4143943786621094,1.1067759990692139,0.4143943786621094,1.4975156784057617,1.0050718784332275
1282,693,3.93872332572937,3.1515052318573,0.6205476481219132,1.279290651505192,1.1474239815523228,1.1418695449829102,1.7516549825668335,1.1418695449829102,1.7516549825668335,2.214519500732422,3.0646779537200928,1.1418695449829102,0.2290358543395996,1.1418695449829102,0.2290358543395996,1.7257192134857178,0.9269339442253113
1283,693,5.072566509246826,3.2397735118865967,0.7947243227390572,0.9590529210399832,1.46770035001915,1.2918288707733154,3.208728551864624,1.2918288707733154,3.208728551864624,1.9259165525436401,3.208728551864624,1.2918288707733154,0.36792469024658203,1.2918288707733154,0.36792469024658203,1.7372874021530151,0.9042772650718689
1284,693,2.533297538757324,2.814946413040161,0.9293841155990954,1.1203801058605316,0.8460010088235137,0.7507703304290771,1.8881585597991943,0.7507703304290771,1.8881585597991943,1.5006630420684814,1.8881585597991943,1.0312139987945557,0.7000153064727783,1.0312139987945557,0.7000153064727783,1.459686279296875,1.1670531034469604
1285,693,2.100389242172241,3.395216703414917,0.5848629993945367,1.502945801801979,1.2437006495147944,1.210191011428833,1.768195629119873,1.210191011428833,1.768195629119873,2.369616985321045,3.29834246635437,1.210191011428833,0.2782440185546875,1.210191011428833,0.2782440185546875,1.9248652458190918,0.9292503595352173
1286,693,3.064663887023926,2.786255121231079,0.4313048182179524,0.7306190230449043,1.637848150705298,1.6250452995300293,2.7140159606933594,1.6250452995300293,2.7140159606933594,1.6228938102722168,2.7140159606933594,1.6250452995300293,0.2256784439086914,1.6250452995300293,0.2256784439086914,1.9425348043441772,0.5946545600891113
1287,693,2.2931928634643555,2.0041801929473877,0.6478726801152028,0.6043670215333503,0.7306304472933214,0.6160975694656372,1.9205946922302246,0.6160975694656372,1.9205946922302246,1.219159483909607,1.9205946922302246,0.7324733734130859,0.6483503580093384,0.7324733734130859,0.6483503580093384,1.0444085597991943,0.9175662398338318
1288,693,3.0234158039093018,2.0230953693389893,0.5593087705969806,0.8767260131239892,0.5869891761243344,0.9693808555603027,1.4129289388656616,0.9693808555603027,1.4129289388656616,1.263428807258606,1.970287561416626,0.9693808555603027,0.4081348180770874,0.9693808555603027,0.4081348180770874,1.2035080194473267,0.7764390110969543
1289,693,3.2756636142730713,2.7973785400390625,0.6524726832658057,0.7846286340802907,1.061941127553582,1.1067473888397217,2.556731939315796,1.1067473888397217,2.556731939315796,1.5736900568008423,2.556731939315796,1.1067473888397217,0.40606188774108887,1.1067473888397217,0.40606188774108887,1.4299505949020386,0.8979506492614746
1290,693,1.8706035614013672,2.555513381958008,0.7429248397548998,0.9803626378749805,0.7612725056832037,1.0008399486541748,1.712742805480957,1.0008399486541748,1.712742805480957,1.4408040046691895,2.465776205062866,1.073022484779358,0.45147180557250977,1.073022484779358,0.45147180557250977,1.3796300888061523,0.9807010293006897
1291,693,1.632431149482727,2.724524736404419,0.4688872689257071,1.0628592731679474,1.0866633172954123,1.1265265941619873,2.631093978881836,1.1265265941619873,2.631093978881836,2.129991054534912,2.631093978881836,1.198028802871704,0.40127134323120117,1.198028802871704,0.40127134323120117,1.6909247636795044,0.9853264093399048
1292,684,0.536461591720581,1.7825838327407837,0.35899729378521417,0.4658521365746855,0.923752335943282,1.0208556652069092,1.7764410972595215,1.0208556652069092,1.7764410972595215,1.1353509426116943,1.7764410972595215,1.0208556652069092,0.30501556396484375,1.0208556652069092,0.30501556396484375,1.2255094051361084,0.5904805660247803
1293,684,0.018888693302869797,1.3639776706695557,0.14162463097522648,0.5042153157542149,0.5225503954912227,0.6637893915176392,1.245876669883728,0.6637893915176392,1.245876669883728,1.0633609294891357,1.245876669883728,0.6637893915176392,0.11881136894226074,0.6637893915176392,0.11881136894226074,0.8924785256385803,0.4016891121864319
1294,684,1.3918039798736572,0.6421129703521729,0.03632865890860559,0.10759112581610675,0.45110260024666793,0.4739299714565277,0.6064671277999878,0.4739299714565277,0.6064671277999878,0.32992926239967346,0.6064671277999878,0.4739299714565277,0.00362241268157959,0.4739299714565277,0.00362241268157959,0.538103461265564,0.07631383836269379
1295,684,0.549535870552063,0.5853816270828247,0.3691957349004226,0.10813023791648446,0.10168182602617865,0.33765101432800293,0.33765101432800293,0.33765101432800293,0.33765101432800293,0.05769836902618408,0.34246352314949036,0.33765101432800293,0.14087581634521484,0.33765101432800293,0.14087581634521484,0.34005725383758545,0.14306269586086273
1296,684,0.43792787194252014,0.5306850671768188,0.16918427569170807,0.3554859018077452,0.0994847733030717,0.3349802792072296,0.4631095230579376,0.3349802792072296,0.4631095230579376,0.26778432726860046,0.4631095230579376,0.3349802792072296,0.0042517781257629395,0.3349802792072296,0.0042517781257629395,0.3990449011325836,0.06304456293582916
1297,684,1.2213612794876099,0.7708288431167603,0.08836413781469066,0.1485669214775165,0.39103310167168576,0.4147975742816925,0.6711561679840088,0.4147975742816925,0.6711561679840088,0.3329996168613434,0.6711561679840088,0.4147975742816925,0.10122478008270264,0.4147975742816925,0.10122478008270264,0.4860316514968872,0.18208548426628113
1298,684,0.46459531784057617,0.6302992701530457,0.30266939835002044,0.0213937159006794,0.12144815934201067,0.274231880903244,0.274231880903244,0.274231880903244,0.274231880903244,0.24000054597854614,0.5217011570930481,0.274231880903244,0.10336190462112427,0.274231880903244,0.10336190462112427,0.34570157527923584,0.166682630777359
1299,684,1.2521982192993164,0.6582733392715454,0.08692128550261269,0.2912415734957903,0.028931783633306618,0.2882239818572998,0.3933262526988983,0.2882239818572998,0.3933262526988983,0.22329917550086975,0.3933262526988983,0.2882239818572998,0.1002265214920044,0.2882239818572998,0.1002265214920044,0.34077513217926025,0.14936906099319458
1300,684,0.7543531656265259,0.7776899337768555,0.2678657090167207,0.004764932257433685,0.252546110662321,0.25052112340927124,0.25052112340927124,0.25052112340927124,0.25052112340927124,0.5649580955505371,0.6770016551017761,0.25052112340927124,0.12438571453094482,0.25052112340927124,0.12438571453094482,0.41110289096832275,0.2672831416130066
1301,693,0.8799495100975037,0.7568990588188171,0.1755302030965685,0.2729442735016346,0.04953276574611676,0.33285248279571533,0.5038437843322754,0.33285248279571533,0.5038437843322754,0.39111047983169556,0.5038437843322754,0.33285248279571533,0.122314453125,0.33285248279571533,0.122314453125,0.41834813356399536,0.21003714203834534
1302,693,-0.3176744282245636,0.780282199382782,0.18951435730171706,0.12835953862716754,0.25219217611787215,0.3513776361942291,0.7421737313270569,0.3513776361942291,0.7421737313270569,0.46701082587242126,0.7421737313270569,0.3513776361942291,0.18966352939605713,0.3513776361942291,0.18966352939605713,0.451565146446228,0.2833327054977417
1303,693,-0.10007940977811813,0.43740588426589966,0.07091730014731484,0.17276282219837114,0.13833720567325747,0.2195710837841034,0.15410855412483215,0.2195710837841034,0.15410855412483215,0.3746235966682434,0.3343983292579651,0.2195710837841034,0.06621235609054565,0.2195710837841034,0.06621235609054565,0.31187936663627625,0.09523618221282959
1304,693,-0.9878843426704407,0.22282299399375916,0.054606562219560104,0.12224416581913829,0.22597110303118823,0.25715741515159607,0.1455995887517929,0.25715741515159607,0.1455995887517929,0.1732909381389618,0.1455995887517929,0.25715741515159607,0.023570626974105835,0.25715741515159607,0.023570626974105835,0.21401089429855347,0.06517261266708374
1305,693,1.5676655769348145,-0.13401642441749573,0.2768868854890267,0.07187855676437416,0.0909951614650587,0.44510266184806824,0.2343725711107254,0.44510266184806824,0.2343725711107254,0.5655378103256226,0.33252599835395813,0.2343725711107254,0.023725047707557678,0.2343725711107254,0.023725047707557678,0.2723485231399536,0.06526872515678406
1306,702,0.9428417086601257,0.21373751759529114,0.4341561872015396,0.29423367762317254,0.0662810243790348,0.44126367568969727,0.44126367568969727,0.44126367568969727,0.44126367568969727,0.5315393209457397,0.1994609534740448,0.44126367568969727,0.020999103784561157,0.44126367568969727,0.020999103784561157,0.3203623294830322,0.11000184714794159
1307,711,0.6508603096008301,0.5939749479293823,0.27168733021865304,0.4426679013545314,0.2937169870485863,0.42386212944984436,0.7134162783622742,0.42386212944984436,0.7134162783622742,0.5004687309265137,0.46365317702293396,0.42386212944984436,0.235218346118927,0.42386212944984436,0.235218346118927,0.318295419216156,0.13141652941703796
1308,720,0.33780843019485474,0.8141045570373535,0.13889968300859123,0.1982747401545446,0.38849325800935425,0.42665305733680725,0.7789113521575928,0.42665305733680725,0.7789113521575928,0.49812379479408264,0.7789113521575928,0.42665305733680725,0.12306880950927734,0.42665305733680725,0.12306880950927734,0.5269144177436829,0.23690228164196014
1309,728,2.3227813243865967,0.41326212882995605,0.07688307645420239,0.14647647595653926,0.22637034794936575,0.2121841460466385,0.4387508034706116,0.2121841460466385,0.4387508034706116,0.2947338819503784,0.4387508034706116,0.2121841460466385,0.07216501235961914,0.2121841460466385,0.07216501235961914,0.28587210178375244,0.1489993929862976
1310,737,1.8762708902359009,0.9894051551818848,0.534525009735177,0.018260746306429265,0.0714142177874843,0.5399365425109863,0.5399365425109863,0.5399365425109863,0.5399365425109863,0.17000073194503784,0.8131352663040161,0.5399365425109863,0.07321715354919434,0.5399365425109863,0.07321715354919434,0.6327794790267944,0.14517855644226074
1311,746,3.6280105113983154,1.143010139465332,0.4701436137687416,0.5727497205883263,0.016138005768880248,0.5789663791656494,1.0274722576141357,0.5789663791656494,1.0274722576141357,0.9159024357795715,1.0274722576141357,0.5789663791656494,0.09096312522888184,0.5789663791656494,0.09096312522888184,0.8032193183898926,0.3137059807777405
1312,755,1.1175684928894043,2.0397584438323975,0.7529616129274168,0.493187335493664,0.564092695216338,0.6486417055130005,0.6486417055130005,0.6486417055130005,0.6486417055130005,1.0293875932693481,1.9448935985565186,0.6486417055130005,0.5613952875137329,0.6486417055130005,0.5613952875137329,1.0304813385009766,0.8014765977859497
1313,763,-0.47072675824165344,1.8136316537857056,0.2558622102749841,0.9577179604334138,0.4186833468576272,1.0550203323364258,1.3091413974761963,1.0550203323364258,1.3091413974761963,1.0877115726470947,1.7616477012634277,1.0550203323364258,0.25822019577026367,1.0550203323364258,0.25822019577026367,1.2702572345733643,0.5188059210777283
1314,763,1.967165231704712,1.5804219245910645,0.13385839765425778,0.310239467457868,1.132270779190585,1.2879389524459839,1.476491928100586,1.2879389524459839,1.476491928100586,0.8267055153846741,1.476491928100586,1.2879389524459839,0.11946642398834229,1.2879389524459839,0.11946642398834229,1.4446042776107788,0.20371145009994507
1315,763,-0.8877667188644409,0.6758361458778381,0.46725123010575764,0.16963563282042737,0.21729911472648378,0.46361035108566284,0.46361035108566284,0.46361035108566284,0.46361035108566284,0.5272867679595947,0.6146906018257141,0.46361035108566284,0.09479069709777832,0.46361035108566284,0.09479069709777832,0.5945273637771606,0.11120378971099854
1316,763,-0.10694611817598343,0.1604887843132019,0.26310945666084684,0.49756705976401777,0.15643377312148626,0.5166261196136475,0.29058125615119934,0.5166261196136475,0.29058125615119934,0.43013328313827515,0.29058125615119934,0.5166261196136475,0.0958324670791626,0.5166261196136475,0.0958324670791626,0.4036036729812622,0.19635774195194244
1317,772,0.7851449251174927,0.37725958228111267,0.07317219628021127,0.4152023001294583,0.38422920490615076,1.1240819692611694,0.2489793598651886,1.1240819692611694,0.2489793598651886,0.5719274282455444,0.14407427608966827,0.22560283541679382,0.02373141050338745,0.22560283541679382,0.02373141050338745,0.1988697052001953,0.18742375075817108
1318,781,-1.0233380794525146,0.03926658630371094,0.09024578648308917,0.1815908076738318,0.3363527219121655,0.5957508087158203,0.01825585961341858,0.5957508087158203,0.01825585961341858,0.8790236115455627,0.01825585961341858,0.18735456466674805,0.21753540635108948,0.18735456466674805,0.21753540635108948,0.19985821843147278,0.20287829637527466
1319,781,-0.2545718848705292,-0.11135800182819366,0.368110245708376,0.05198014464229328,0.16653135025873783,0.642894446849823,0.23866145312786102,0.642894446849823,0.23866145312786102,0.8428739905357361,0.08126605302095413,0.23866145312786102,0.19461040198802948,0.23866145312786102,0.19461040198802948,0.2502118647098541,0.1804068237543106
1320,790,-0.00918834563344717,-0.029691308736801147,0.23655334475139783,0.5138311920935908,0.09929471747328844,0.8269453048706055,0.33618664741516113,0.8269453048706055,0.33618664741516113,1.1422138214111328,0.33618664741516113,0.2740766406059265,0.2581862211227417,0.2740766406059265,0.2581862211227417,0.3051316440105438,0.21783198416233063
1321,790,-0.16502338647842407,-0.3619464337825775,0.09586827611550686,0.2876908893883229,0.45406607082113615,0.5934961438179016,0.38305166363716125,0.5934961438179016,0.38305166363716125,0.718173623085022,0.38305166363716125,0.3108938932418823,0.0028771162033081055,0.3108938932418823,0.0028771162033081055,0.345782607793808,0.0448836088180542
1322,790,-0.5994842052459717,-0.11017736047506332,0.20563662250836684,0.15526434463759264,0.2233591844638188,0.12335614114999771,0.10683585703372955,0.12335614114999771,0.10683585703372955,0.20142561197280884,0.10683585703372955,0.0630175918340683,0.002443552017211914,0.0630175918340683,0.002443552017211914,0.08376429975032806,0.023953162133693695
1323,790,1.3801618814468384,-0.12652051448822021,0.28906998883311946,0.2956985249494513,0.15366603317980965,0.10039939731359482,0.21316727995872498,0.10039939731359482,0.21316727995872498,0.42137664556503296,0.21316727995872498,0.051589131355285645,0.0031747519969940186,0.051589131355285645,0.0031747519969940186,0.1323782056570053,0.08528277277946472
1324,790,0.9782283902168274,0.29888540506362915,0.2971842410415412,0.2995171847194434,0.1965566916018725,0.6499799489974976,0.23391662538051605,0.6499799489974976,0.23391662538051605,0.3087158799171448,0.23391662538051605,0.12956786155700684,0.03415846824645996,0.12956786155700684,0.03415846824645996,0.18174225091934204,0.1910724937915802
1325,790,1.3274867534637451,0.5338255167007446,0.15869096400837113,0.2511285594726601,0.3034036148463686,0.7158036231994629,0.48832592368125916,0.7158036231994629,0.48832592368125916,0.270696759223938,0.48832592368125916,0.11943984031677246,0.2520983815193176,0.11943984031677246,0.2520983815193176,0.17806605994701385,0.44214269518852234
1326,790,-0.2719239592552185,1.0323991775512695,0.2651436940270165,0.12208371490395309,0.23737231734363984,0.30221378803253174,0.314566969871521,0.30221378803253174,0.314566969871521,0.6890695691108704,0.9860683679580688,0.314566969871521,0.2980996370315552,0.314566969871521,0.2980996370315552,0.5086363554000854,0.45941251516342163
1327,790,-2.9926235675811768,0.6829480528831482,0.14721603700270247,0.2856266550223032,0.13239895037064947,0.40633705258369446,0.3342139720916748,0.40633705258369446,0.3342139720916748,0.07690674066543579,0.3342139720916748,0.40633705258369446,0.287088006734848,0.40633705258369446,0.287088006734848,0.37027549743652344,0.2498459368944168
1328,790,-2.837104082107544,-0.40288856625556946,0.8629815571506818,0.22341818458245444,0.2122061015867318,1.7946295738220215,0.7159392833709717,1.7946295738220215,0.7159392833709717,2.2868125438690186,0.7808143496513367,0.7159392833709717,0.3461281955242157,0.7159392833709717,0.3461281955242157,0.7483768463134766,0.30854332447052
1329,790,-1.2073849439620972,-1.5740857124328613,0.8960016582782071,0.881917765835921,0.17386036275575556,1.8015446662902832,0.8636454939842224,1.8015446662902832,0.8636454939842224,2.8873391151428223,1.5960936546325684,0.8636454939842224,0.09114420413970947,0.8636454939842224,0.09114420413970947,1.2298696041107178,0.5264898538589478
1330,790,-2.9905600547790527,-2.107816219329834,0.5279969372848672,0.9981256759787598,0.9301013267661133,1.7360856533050537,1.5171830654144287,1.7360856533050537,1.5171830654144287,2.7890334129333496,2.1985201835632324,1.0809117555618286,0.46058225631713867,1.0809117555618286,0.46058225631713867,1.4869211912155151,0.9846543073654175
1331,790,-2.1794443130493164,-1.9747161865234375,0.9103615628307065,0.504778050047656,0.8887357054402429,1.6811063289642334,0.8571397066116333,1.6811063289642334,0.8571397066116333,2.6493372917175293,2.0694031715393066,0.8571397066116333,0.4939512014389038,0.8571397066116333,0.4939512014389038,1.3139195442199707,0.9108443856239319
1332,790,0.16891855001449585,-2.006537437438965,0.7935480336720746,0.9897569970662397,0.47082734430829665,1.6897780895233154,1.7250958681106567,1.6897780895233154,1.7250958681106567,2.6023333072662354,1.7250958681106567,1.0890580415725708,0.5214264392852783,1.0890580415725708,0.5214264392852783,1.4070769548416138,0.8858475685119629
1333,790,-2.2142820358276367,-1.4808768033981323,0.06907733293871088,0.7770707625399034,0.9424627910057704,1.8794796466827393,1.5969220399856567,1.8794796466827393,1.5969220399856567,3.3577804565429688,1.5969220399856567,1.1141602993011475,0.0729149580001831,1.1141602993011475,0.0729149580001831,1.375585675239563,0.42665421962738037
1334,790,-1.6632413864135742,-1.244830846786499,0.7416840697514512,0.010368320501099593,0.6701242729897299,1.487798810005188,0.7218680381774902,1.487798810005188,0.7218680381774902,2.4835424423217773,1.2615822553634644,0.7218680381774902,0.0726625919342041,0.7218680381774902,0.0726625919342041,1.0124058723449707,0.3674244284629822
1335,790,-1.0314700603485107,-0.9270299077033997,0.5755786495469509,0.6511565200984476,0.004704938810318415,1.2399693727493286,1.0215165615081787,1.2399693727493286,1.0215165615081787,2.114349365234375,1.0215165615081787,0.6218525171279907,0.05383646488189697,0.6218525171279907,0.05383646488189697,0.8216845393180847,0.25337159633636475
1336,790,-0.8452911972999573,-1.2786645889282227,0.4367567861452699,0.6188719483837484,0.6263983956351877,0.994128406047821,1.384002447128296,0.994128406047821,1.384002447128296,1.5463310480117798,1.384002447128296,0.6983011364936829,0.3566775321960449,0.6983011364936829,0.3566775321960449,0.9143176078796387,0.6396827101707458
1337,790,-0.03694944828748703,-1.0397049188613892,0.3712750693162281,0.4370792764735718,0.5728071507004401,0.8560547232627869,1.0908596515655518,0.8560547232627869,1.0908596515655518,1.1246564388275146,1.0908596515655518,0.642397940158844,0.2991454005241394,0.642397940158844,0.2991454005241394,0.7666348814964294,0.4896809458732605
1338,790,-1.7662911415100098,-0.40145188570022583,0.0814836166923244,0.3233403303225835,0.3339632735525569,0.521653413772583,0.4946169853210449,0.521653413772583,0.4946169853210449,0.9287773966789246,0.4946169853210449,0.27619442343711853,0.01151508092880249,0.27619442343711853,0.01151508092880249,0.38068878650665283,0.13146847486495972
1339,790,1.0564559698104858,-0.7868062257766724,0.5370420783261458,0.08587228339786335,0.3579996491658191,1.0853252410888672,0.5621428489685059,1.0853252410888672,0.5621428489685059,1.4660463333129883,0.8285271525382996,0.5621428489685059,0.013836383819580078,0.5621428489685059,0.013836383819580078,0.6902194023132324,0.16530132293701172
1340,790,0.172800675034523,0.01955375075340271,0.3203897117078305,0.5415702133253217,0.09353231992572542,1.4008084535598755,0.13442890346050262,1.4008084535598755,0.13442890346050262,1.0954957008361816,0.13442890346050262,0.44571831822395325,0.011178925633430481,0.44571831822395325,0.011178925633430481,0.29007360339164734,0.19760176539421082
1341,790,0.244884192943573,0.048478469252586365,0.02634952432165555,0.32496578639994056,0.532613498394688,1.4727727174758911,0.11423611640930176,1.4727727174758911,0.11423611640930176,1.1074360609054565,0.11423611640930176,0.47709786891937256,0.05999603867530823,0.47709786891937256,0.05999603867530823,0.32063543796539307,0.2626218795776367
1342,790,-0.11763212829828262,0.5492756962776184,0.0762019649458428,0.012521170216302058,0.2389577109677096,0.25981616973876953,0.360709547996521,0.25981616973876953,0.360709547996521,0.1266053318977356,0.360709547996521,0.25981616973876953,0.04155111312866211,0.25981616973876953,0.04155111312866211,0.28918835520744324,0.06885866820812225
1343,790,0.384086012840271,0.2458750307559967,0.051204771945873875,0.026153419141968143,0.02315422023336096,0.12508878111839294,0.030413329601287842,0.12508878111839294,0.030413329601287842,0.062181323766708374,0.032923370599746704,0.030413329601287842,0.043564796447753906,0.030413329601287842,0.043564796447753906,0.03166835010051727,0.0752825140953064
1344,790,1.3168059587478638,0.28757351636886597,0.07074950264145932,0.06264050068954626,0.04031337210287643,0.10549697279930115,0.10549697279930115,0.10549697279930115,0.10549697279930115,0.051876068115234375,0.07636895775794983,0.10549697279930115,0.0572524219751358,0.10549697279930115,0.0572524219751358,0.09093296527862549,0.04278356581926346
1345,790,1.119801640510559,0.5069612264633179,0.35458759011079866,0.04772286915530771,0.021624957869450345,0.32913070917129517,0.32913070917129517,0.32913070917129517,0.32913070917129517,0.19237232208251953,0.4250817596912384,0.32913070917129517,0.02070319652557373,0.32913070917129517,0.02070319652557373,0.377106249332428,0.040077462792396545
1346,790,0.19649961590766907,0.8298242092132568,0.27640694429166596,0.31218199470080443,0.011218992117792537,0.35577210783958435,0.6496565937995911,0.35577210783958435,0.6496565937995911,0.597123920917511,0.6496565937995911,0.35577210783958435,0.0906476378440857,0.35577210783958435,0.0906476378440857,0.5027143359184265,0.2353079915046692
1347,790,0.8059819340705872,0.759684681892395,0.023576750668386492,0.22746630037824328,0.28528683106104524,0.3548646569252014,0.6836380958557129,0.3548646569252014,0.6836380958557129,0.5893653631210327,0.6836380958557129,0.3548646569252014,0.050551652908325195,0.3548646569252014,0.050551652908325195,0.4951512813568115,0.20805540680885315
1348,790,2.3139145374298096,0.5835603475570679,0.13370417044808475,0.012375571529070595,0.19063916930307945,0.25981247425079346,0.4892205595970154,0.25981247425079346,0.4892205595970154,0.37317800521850586,0.4892205595970154,0.25981247425079346,0.048016369342803955,0.25981247425079346,0.048016369342803955,0.3523983955383301,0.13946020603179932
1349,790,1.515813946723938,0.8147297501564026,0.4762826687097549,0.09153919972479335,0.004403905645012696,0.4878135919570923,0.4878135919570923,0.4878135919570923,0.4878135919570923,0.3236927390098572,0.6593115329742432,0.4878135919570923,0.03315848112106323,0.4878135919570923,0.03315848112106323,0.5735625624656677,0.10812437534332275
1350,790,1.0113563537597656,1.1550204753875732,0.337093146033585,0.5286405800282956,0.08819660123437645,0.5876017808914185,0.9426590204238892,0.5876017808914185,0.9426590204238892,0.7510848045349121,0.9426590204238892,0.5876017808914185,0.18631106615066528,0.5876017808914185,0.18631106615066528,0.7651304006576538,0.3718065321445465
1351,790,0.41340765357017517,1.3042607307434082,0.17161703310906895,0.32977363171055873,0.5105940294079486,0.6133944392204285,1.2218315601348877,0.6133944392204285,1.2218315601348877,0.7970925569534302,1.2218315601348877,0.6133944392204285,0.21931052207946777,0.6133944392204285,0.21931052207946777,0.7956898212432861,0.4465644955635071
1352,790,0.24283890426158905,0.7431420683860779,0.023197102475290277,0.12704571858358885,0.2599772273873292,0.3596206307411194,0.6897221803665161,0.3596206307411194,0.6897221803665161,0.4797331690788269,0.6897221803665161,0.3596206307411194,0.09756499528884888,0.3596206307411194,0.09756499528884888,0.4748203754425049,0.22697466611862183
1353,790,0.6813763976097107,0.5040584802627563,0.024334333514173717,0.008891974364717975,0.13600322877367338,0.23133093118667603,0.38049572706222534,0.23133093118667603,0.38049572706222534,0.11437869071960449,0.38049572706222534,0.23133093118667603,0.08685529232025146,0.23133093118667603,0.08685529232025146,0.2589036822319031,0.11256517469882965
1354,790,-0.6669489741325378,0.3684057593345642,0.13637809257954353,0.015011997744441147,0.02052122827619328,0.16887405514717102,0.16887405514717102,0.16887405514717102,0.16887405514717102,0.20178648829460144,0.3172973394393921,0.16887405514717102,0.05380859971046448,0.16887405514717102,0.05380859971046448,0.21520167589187622,0.09845131635665894
1355,790,-1.9654784202575684,0.10558855533599854,0.2511261368294558,0.12167488521585865,0.027947907683749967,0.5185377597808838,0.17588937282562256,0.5185377597808838,0.17588937282562256,0.3536475896835327,6.0617923736572266e-05,0.17588937282562256,0.059050142765045166,0.17588937282562256,0.059050142765045166,0.08797499537467957,0.15035203099250793
1356,790,0.13514861464500427,-0.4348774254322052,0.6163775201141835,0.24670683801174165,0.13511912256479264,1.2045197486877441,0.5284559726715088,1.2045197486877441,0.5284559726715088,1.6329395771026611,0.6821551322937012,0.5284559726715088,0.18141934275627136,0.5284559726715088,0.18141934275627136,0.605305552482605,0.0948692113161087
1357,790,-0.7804092168807983,-0.5980342626571655,0.04955035855993639,0.573476394135505,0.20491097375750528,1.0555130243301392,0.516443133354187,1.0555130243301392,0.516443133354187,1.3461378812789917,0.6568573713302612,0.5514715313911438,0.04691517353057861,0.5514715313911438,0.04691517353057861,0.6203708648681641,0.11080925166606903
1358,790,-0.4305725693702698,-0.6392201781272888,0.33486521828298765,0.03907711298515393,0.6054547474098704,1.1200692653656006,0.7318992018699646,1.1200692653656006,0.7318992018699646,1.5524154901504517,0.7318992018699646,0.5644224882125854,0.05272209644317627,0.5644224882125854,0.05272209644317627,0.6649085283279419,0.13090640306472778
1359,790,-0.10621821880340576,-0.1769217550754547,0.27871772548804674,0.3215854044879477,0.033498997750381676,0.466743141412735,0.3261776566505432,0.466743141412735,0.3261776566505432,0.7405189275741577,0.3261776566505432,0.20940162241458893,0.03936624526977539,0.20940162241458893,0.03936624526977539,0.2677896320819855,0.06225624680519104
1360,790,-0.2910969853401184,-0.07565894722938538,0.09908178127060341,0.22232734891275568,0.21605992755542194,0.16240879893302917,0.116627037525177,0.16240879893302917,0.116627037525177,0.42882323265075684,0.25847768783569336,0.09306910634040833,0.024451762437820435,0.09306910634040833,0.024451762437820435,0.1646803915500641,0.09890463203191757
1361,790,-0.7306931614875793,-0.14165078103542328,0.16423852119594812,0.11398148763924842,0.2207255817949772,0.17050255835056305,0.19571936130523682,0.17050255835056305,0.19571936130523682,0.28760236501693726,0.19571936130523682,0.09758146107196808,0.0265539288520813,0.09758146107196808,0.0265539288520813,0.13441479206085205,0.06466349959373474
1362,790,-0.16941331326961517,-0.08299010992050171,0.338177650248011,0.194400108171006,0.12859310628225407,0.3824390470981598,0.20534242689609528,0.3824390470981598,0.20534242689609528,0.49787765741348267,0.27767032384872437,0.20534242689609528,0.026749402284622192,0.20534242689609528,0.026749402284622192,0.24150636792182922,0.06399394571781158
1363,790,-1.9735959768295288,-0.22840286791324615,0.14082754024614885,0.3160356417795024,0.1612109682460625,0.315964937210083,0.2228136509656906,0.315964937210083,0.2228136509656906,0.4017820656299591,0.2851368188858032,0.17959922552108765,0.046697646379470825,0.17959922552108765,0.046697646379470825,0.21132896840572357,0.08122402429580688
1364,790,0.35765340924263,-0.7868438363075256,0.6707907795843979,0.15236183765654765,0.349298502591749,1.1351193189620972,0.5824730396270752,1.1351193189620972,0.5824730396270752,1.4206295013427734,0.8306502103805542,0.5824730396270752,0.05781877040863037,0.5824730396270752,0.05781877040863037,0.6841390132904053,0.17234928905963898
1365,790,-0.5574550628662109,-0.41135939955711365,0.0255419994393985,0.6541543004165093,0.15035272392133875,1.2032266855239868,0.4468473196029663,1.2032266855239868,0.4468473196029663,1.3976715803146362,0.48952552676200867,0.5459309816360474,0.12564316391944885,0.5459309816360474,0.12564316391944885,0.5666119456291199,0.09769667685031891
1366,790,-1.649962067604065,-0.47945815324783325,0.2146615801596392,0.032055433619146645,0.5860319473718604,1.1846163272857666,0.5506418943405151,1.1846163272857666,0.5506418943405151,1.5509119033813477,0.5506418943405151,0.4894143342971802,0.114341139793396,0.4894143342971802,0.114341139793396,0.5616921782493591,0.08613783121109009
1367,799,-0.6171568036079407,-0.38919544219970703,0.5325337685644624,0.27141229286789903,0.028989703804254363,0.9362792372703552,0.4017098546028137,0.9362792372703552,0.4017098546028137,1.2806416749954224,0.5402829051017761,0.4017098546028137,0.10539472103118896,0.4017098546028137,0.10539472103118896,0.4709963798522949,0.07838207483291626
1368,799,-0.006742153782397509,-0.6478878259658813,0.2907123170917232,0.549111411658426,0.2512800257404647,0.7322234511375427,0.626882016658783,0.7322234511375427,0.626882016658783,0.911516547203064,0.626882016658783,0.4593937397003174,0.16543656587600708,0.4593937397003174,0.16543656587600708,0.5431379079818726,0.26041465997695923
1369,799,0.7217305302619934,-0.5598081350326538,0.11607598436996336,0.3300820082239805,0.5872562635131182,0.9636887907981873,0.6698590517044067,0.9636887907981873,0.6698590517044067,1.3478069305419922,0.6698590517044067,0.4994952976703644,0.0025078654289245605,0.4994952976703644,0.0025078654289245605,0.5836973786354065,0.1145758330821991
1370,799,1.169079303741455,0.1041424572467804,0.11774591053525607,0.1129592855026324,0.25527535853286587,0.4856949746608734,0.05202987790107727,0.4856949746608734,0.05202987790107727,0.29623937606811523,0.05202987790107727,0.1485564410686493,0.001803383231163025,0.1485564410686493,0.001803383231163025,0.10118749737739563,0.10793111473321915
1371,799,1.0756763219833374,0.4874795079231262,0.21883454926311968,0.07401112057268633,0.09817688286304477,0.27991873025894165,0.27991873025894165,0.27991873025894165,0.27991873025894165,0.01853567361831665,0.4533204436302185,0.27991873025894165,0.16331660747528076,0.27991873025894165,0.16331660747528076,0.2791369557380676,0.1625962108373642
1372,799,0.5311313271522522,0.9158351421356201,0.24904466248738258,0.21222965392904988,0.07006051246697698,0.25442296266555786,0.27867424488067627,0.25442296266555786,0.27867424488067627,0.568261981010437,0.5927644968032837,0.27867424488067627,0.18372595310211182,0.27867424488067627,0.18372595310211182,0.43571937084198,0.3394116163253784
1373,799,0.35381293296813965,0.7846994400024414,0.06607684915264472,0.21077435245116538,0.18263853711386513,0.260273814201355,0.4117238223552704,0.260273814201355,0.4117238223552704,0.5320384502410889,0.6861108541488647,0.28196823596954346,0.1307084560394287,0.28196823596954346,0.1307084560394287,0.4171707034111023,0.2777698040008545
1374,799,2.1749613285064697,0.6670032739639282,0.019666683577621913,0.05056586430097626,0.21130813676553467,0.2855587303638458,0.5151698589324951,0.2855587303638458,0.5151698589324951,0.2819491922855377,0.5151698589324951,0.2855587303638458,0.0884699821472168,0.2855587303638458,0.0884699821472168,0.35353517532348633,0.1630227416753769
1375,799,1.3422645330429077,0.8438327312469482,0.5008568367858728,0.02261205131808941,0.036069889863332205,0.5516568422317505,0.5516568422317505,0.5516568422317505,0.5516568422317505,0.26584047079086304,0.7519559860229492,0.5516568422317505,0.07870745658874512,0.5516568422317505,0.07870745658874512,0.6112895011901855,0.13215765357017517
1376,799,1.0362259149551392,1.1179187297821045,0.30830009003169834,0.47940974625758825,0.00879431778565054,0.5400343537330627,0.8753191828727722,0.5400343537330627,0.8753191828727722,0.6682900786399841,0.8753191828727722,0.5400343537330627,0.08874392509460449,0.5400343537330627,0.08874392509460449,0.7076767683029175,0.2553807199001312
1377,799,1.1014589071273804,1.0868192911148071,0.20513876478498183,0.2601506964241463,0.4462994971064232,0.5186302065849304,1.015215516090393,0.5186302065849304,1.015215516090393,0.6238399744033813,1.015215516090393,0.5186302065849304,0.19254767894744873,0.5186302065849304,0.19254767894744873,0.6458069086074829,0.3502184748649597
1378,799,1.2143274545669556,0.9049579501152039,0.2142015449764828,0.1897180165226261,0.2708280830147365,0.3163418173789978,0.838350772857666,0.3163418173789978,0.838350772857666,0.5237581729888916,0.838350772857666,0.3163418173789978,0.25611937046051025,0.3163418173789978,0.25611937046051025,0.44889774918556213,0.38337936997413635
1379,799,0.9911213517189026,0.8895415663719177,0.28784765189513567,0.19031657392159096,0.1735042729973793,0.29228144884109497,0.29228144884109497,0.29228144884109497,0.29228144884109497,0.551843523979187,0.5788756608963013,0.29228144884109497,0.23573553562164307,0.29228144884109497,0.23573553562164307,0.4355785548686981,0.3707076609134674
1380,799,2.584756851196289,0.949216902256012,0.2102751611669858,0.26622115173687544,0.1857395077620943,0.32872116565704346,0.5603703856468201,0.32872116565704346,0.5603703856468201,0.5081443786621094,0.5603703856468201,0.32872116565704346,0.2977587580680847,0.32872116565704346,0.2977587580680847,0.44454577565193176,0.41960325837135315
1381,799,2.7286667823791504,1.3143274784088135,0.6488298584396638,0.1789168920616312,0.23656059494862958,0.6684302687644958,0.6684302687644958,0.6684302687644958,0.6684302687644958,0.6268846988677979,1.1893996000289917,0.6684302687644958,0.2549917697906494,0.6684302687644958,0.2549917697906494,0.8114556074142456,0.3777979612350464
1382,799,1.2305724620819092,1.8874527215957642,0.7310004325831927,0.6914473282421632,0.14883219691614302,0.7417809963226318,0.7417809963226318,0.7417809963226318,0.7417809963226318,1.4878469705581665,1.5233428478240967,0.7417809963226318,0.28580570220947266,0.7417809963226318,0.28580570220947266,1.1325619220733643,0.6634814739227295
1383,799,1.1981624364852905,1.7085398435592651,0.30981484709928475,0.74162874362121,0.6182034048686424,0.8174451589584351,1.1175107955932617,0.8174451589584351,1.1175107955932617,1.3696160316467285,1.7219940423965454,0.8174451589584351,0.30934786796569824,0.8174451589584351,0.30934786796569824,1.1059465408325195,0.6728192567825317
1384,799,2.166329860687256,1.6484814882278442,0.26462182189027517,0.3278550085673728,0.7998454916725553,0.9293950796127319,1.559849500656128,0.9293950796127319,1.559849500656128,0.8500346541404724,1.559849500656128,0.9293950796127319,0.30253350734710693,0.9293950796127319,0.30253350734710693,1.0909452438354492,0.516547441482544
1385,799,2.3762528896331787,1.2090433835983276,0.5731353987318772,0.2287363307628162,0.25276035860025636,0.5663654804229736,0.5663654804229736,0.5663654804229736,0.5663654804229736,0.6508767604827881,1.1815589666366577,0.5663654804229736,0.3321950435638428,0.5663654804229736,0.3321950435638428,0.7256433963775635,0.47007763385772705
1386,799,1.8960187435150146,1.7727129459381104,0.6566940353562439,0.6522540384562061,0.24693742685330422,0.6002312898635864,0.6002312898635864,0.6002312898635864,0.6002312898635864,1.279097318649292,1.338565707206726,0.6002312898635864,0.3601158857345581,0.6002312898635864,0.3601158857345581,0.9693984985351562,0.6936489939689636
1387,799,1.552219033241272,2.1542186737060547,0.5015424179285768,0.7589385168254374,0.6477973586320875,0.8256896734237671,1.3479481935501099,0.8256896734237671,1.3479481935501099,1.453370451927185,2.052755355834961,0.8256896734237671,0.46024978160858154,0.8256896734237671,0.46024978160858154,1.1617896556854248,0.8809446692466736
1388,799,2.377699375152588,1.6613229513168335,0.36388415919616857,0.4829113381728527,0.6403693167120217,0.7289265990257263,1.5958212614059448,0.7289265990257263,1.5958212614059448,1.1046549081802368,1.5958212614059448,0.7289265990257263,0.35384416580200195,0.7289265990257263,0.35384416580200195,0.9644192457199097,0.6513992547988892
1389,799,2.315009832382202,1.7424445152282715,0.5928694284893572,0.3939696752093731,0.48881804782897254,0.6052463054656982,0.6052463054656982,0.6052463054656982,0.6052463054656982,1.0850317478179932,1.6234066486358643,0.6052463054656982,0.49840986728668213,0.6052463054656982,0.49840986728668213,0.9087092876434326,0.7483043670654297
1390,799,2.2775096893310547,1.8333733081817627,0.6069709742503862,0.6470570937233666,0.36776224746058395,0.7536826133728027,1.3787918090820312,0.7536826133728027,1.3787918090820312,1.3619415760040283,1.3787918090820312,0.7536826133728027,0.4807617664337158,0.7536826133728027,0.4807617664337158,1.066237211227417,0.8094249963760376
1391,799,1.3118741512298584,1.9645413160324097,0.5647098718707764,0.6174861197297772,0.5750666989137725,0.7253561019897461,1.317695140838623,0.7253561019897461,1.317695140838623,1.3025891780853271,1.9401355981826782,0.742097020149231,0.5762566328048706,0.742097020149231,0.5762566328048706,1.0288636684417725,0.9452752470970154
1392,799,1.3133788108825684,1.7958351373672485,0.28602410279214396,0.6136072023399174,0.5824212807230651,0.7427889108657837,1.0932180881500244,0.7427889108657837,1.0932180881500244,1.3561370372772217,1.7123064994812012,0.7536435127258301,0.3316863775253296,0.7536435127258301,0.3316863775253296,1.0588805675506592,0.7098370790481567
1393,799,3.199932336807251,1.429282546043396,0.3006704840933281,0.2677134209995472,0.553423530658086,0.6638457775115967,1.3194879293441772,0.6638457775115967,1.3194879293441772,0.75297611951828,1.3194879293441772,0.6638457775115967,0.4047602415084839,0.6638457775115967,0.4047602415084839,0.8307502269744873,0.5721830129623413
1394,799,2.7943599224090576,1.626870036125183,0.7432492139438787,0.26795115980009265,0.22101638900736953,0.7797977924346924,0.7797977924346924,0.7797977924346924,0.7797977924346924,0.5938901901245117,1.1371417045593262,0.7797977924346924,0.3248414993286133,0.7797977924346924,0.3248414993286133,0.9584697484970093,0.47194766998291016
1395,799,3.5291717052459717,2.1212265491485596,0.60968895825247,0.8587145756805935,0.2653471909339229,1.011273741722107,1.6800529956817627,1.011273741722107,1.6800529956817627,1.5839357376098633,1.6800529956817627,1.011273741722107,0.35476624965667725,1.011273741722107,0.35476624965667725,1.34566330909729,0.7121829986572266
1396,799,1.9016927480697632,2.702907085418701,0.7568137203839915,0.6595703537886342,0.8077078642261526,0.8413317203521729,2.5908496379852295,0.8413317203521729,2.5908496379852295,1.753385066986084,2.5908496379852295,0.9148604869842529,0.7492766380310059,0.9148604869842529,0.7492766380310059,1.3761200904846191,1.1905708312988281
1397,799,3.30304217338562,2.679931640625,0.3947429908936224,1.0203272384529312,0.7801217404504615,1.1112377643585205,1.6201640367507935,1.1112377643585205,1.6201640367507935,1.8654066324234009,2.6066036224365234,1.1112377643585205,0.3901407718658447,1.1112377643585205,0.3901407718658447,1.5832644701004028,0.9042145609855652
1398,799,2.377734899520874,2.4636144638061523,0.7394871280093986,0.4178111321975786,0.9715948410083853,1.0637789964675903,2.456310510635376,1.0637789964675903,2.456310510635376,1.8971924781799316,2.456310510635376,1.0637789964675903,0.5237692594528198,1.0637789964675903,0.5237692594528198,1.5119593143463135,0.9617378115653992
1399,799,2.2791078090667725,2.483403205871582,0.5863770279614253,0.9370393353374673,0.4202160220593216,1.0914146900177002,1.738887071609497,1.0914146900177002,1.738887071609497,1.4882028102874756,1.738887071609497,1.0914146900177002,0.5572699308395386,1.0914146900177002,0.5572699308395386,1.4151508808135986,0.9044330716133118
1400,799,3.7041335105895996,2.533374547958374,0.47881993878632834,0.6388894674368197,0.9986172706075012,1.1036351919174194,2.391798496246338,1.1036351919174194,2.391798496246338,1.5758579969406128,2.391798496246338,1.1036351919174194,0.3661532402038574,1.1036351919174194,0.3661532402038574,1.4319260120391846,0.788808286190033
1401,799,0.855450451374054,2.1792945861816406,0.8586269719153643,0.5054173729568718,0.5258628877997399,0.8439850807189941,0.8439850807189941,0.8439850807189941,0.8439850807189941,1.2288682460784912,2.129375696182251,0.8439850807189941,0.6350388526916504,0.8439850807189941,0.6350388526916504,1.2142030000686646,0.9238680005073547
1402,799,1.9252718687057495,2.084089756011963,0.1798570352047686,1.072839182987809,0.526781934648752,1.1916972398757935,1.3971278667449951,1.1916972398757935,1.3971278667449951,1.460403561592102,2.016594886779785,1.1916972398757935,0.20085155963897705,1.1916972398757935,0.20085155963897705,1.4928383827209473,0.5430805087089539
1403,799,3.0294814109802246,1.8114489316940308,0.3466895907868941,0.14260884021719322,1.015528111507495,1.0883253812789917,1.6961029767990112,1.0883253812789917,1.6961029767990112,1.1198344230651855,1.6961029767990112,1.0883253812789917,0.26087212562561035,1.0883253812789917,0.26087212562561035,1.2984626293182373,0.4507325291633606
1404,799,1.4667781591415405,1.4654008150100708,0.719416726498554,0.3925723520262787,0.09643504254209523,0.6999563574790955,0.6999563574790955,0.6999563574790955,0.6999563574790955,0.952894389629364,1.240587830543518,0.6999563574790955,0.21599853038787842,0.6999563574790955,0.21599853038787842,0.9702720642089844,0.4443640410900116
1405,799,1.3905147314071655,1.99556303024292,0.3620213126887879,0.847776351210972,0.44096964651097825,0.9736323356628418,1.348032832145691,0.9736323356628418,1.348032832145691,1.2272906303405762,1.8814775943756104,0.9736323356628418,0.38141465187072754,0.9736323356628418,0.38141465187072754,1.2369773387908936,0.7092406749725342
1406,799,1.3009389638900757,1.9805595874786377,0.3273567390255634,0.4096485529141499,0.9299486284842712,1.1121630668640137,1.8624111413955688,1.1121630668640137,1.8624111413955688,1.082277536392212,1.8624111413955688,1.1121630668640137,0.37934958934783936,1.1121630668640137,0.37934958934783936,1.3069173097610474,0.6608783602714539
1407,799,1.791500449180603,1.0680999755859375,0.24907600001742436,0.2642444462825857,0.2843081063156325,0.37848275899887085,0.998651921749115,0.37848275899887085,0.998651921749115,0.6761745810508728,0.998651921749115,0.37848275899887085,0.32397645711898804,0.37848275899887085,0.32397645711898804,0.5348309874534607,0.5029035210609436
1408,799,2.175781726837158,1.177432656288147,0.4293345916674783,0.22683264907759915,0.25186214327191325,0.4156395196914673,0.4156395196914673,0.4156395196914673,0.4156395196914673,0.69221031665802,1.1056455373764038,0.4156395196914673,0.34699785709381104,0.4156395196914673,0.34699785709381104,0.5996037721633911,0.5001485347747803
1409,799,1.5614458322525024,1.6029773950576782,0.5602261796593664,0.4651477091759447,0.22825597472488846,0.5832502841949463,0.5832502841949463,0.5832502841949463,0.5832502841949463,1.0227266550064087,1.1248513460159302,0.5832502841949463,0.38902223110198975,0.5832502841949463,0.38902223110198975,0.8540508151054382,0.6286855340003967
1410,799,2.042463541030884,1.6558653116226196,0.30836282151440764,0.584925239450919,0.42887778753569983,0.6940954327583313,1.070383071899414,0.6940954327583313,1.070383071899414,1.052510380744934,1.5232478380203247,0.6940954327583313,0.37135469913482666,0.6940954327583313,0.37135469913482666,0.9122359752655029,0.6496739983558655
1411,799,0.8771171569824219,1.6875115633010864,0.4706753013965985,0.3320259142791231,0.6097721353483696,0.701075553894043,1.6170761585235596,0.701075553894043,1.6170761585235596,1.169333815574646,1.6170761585235596,0.701075553894043,0.4676767587661743,0.701075553894043,0.4676767587661743,0.9522638320922852,0.7140668034553528
1412,799,0.39330893754959106,1.4079149961471558,0.1758161731747292,0.5166282573280234,0.32281322722633665,0.6593060493469238,0.8890664577484131,0.6593060493469238,0.8890664577484131,0.9502672553062439,1.287888765335083,0.6593060493469238,0.2498788833618164,0.6593060493469238,0.2498788833618164,0.8600491881370544,0.49467575550079346
1413,799,-0.021260548382997513,0.8857353925704956,0.013575710877776093,0.12914397388696663,0.4623202160000801,0.5529875755310059,0.8475707173347473,0.5529875755310059,0.8475707173347473,0.484442800283432,0.8475707173347473,0.5529875755310059,0.10459810495376587,0.5529875755310059,0.10459810495376587,0.6505587100982666,0.21840709447860718
1414,799,0.3846920132637024,0.3481595516204834,0.061693512629717506,0.03765970226377255,0.12041875099763269,0.20527146756649017,0.2910090982913971,0.20527146756649017,0.2910090982913971,0.02111870050430298,0.2910090982913971,0.20527146756649017,0.09490460157394409,0.20527146756649017,0.09490460157394409,0.2026630938053131,0.09233227372169495
1415,799,2.2437305450439453,0.3170959949493408,0.004833245724439633,0.06597333215177052,0.025304444357752913,0.09173718094825745,0.09393742680549622,0.09173718094825745,0.09393742680549622,0.008638620376586914,0.18209943175315857,0.0044678449630737305,0.0985383689403534,0.0044678449630737305,0.0985383689403534,0.04294419288635254,0.14272980391979218
1416,799,2.264439344406128,0.7296611070632935,0.4900897665818532,0.002909234215815959,0.05411497200528781,0.5762683749198914,0.5762683749198914,0.5762683749198914,0.5762683749198914,0.05539357662200928,0.6492832899093628,0.5762683749198914,0.06415772438049316,0.5762683749198914,0.06415772438049316,0.573875904083252,0.06212148070335388
1417,799,3.459174633026123,1.4227664470672607,0.5426142520705861,0.4998087945828833,0.06381545965870217,0.6276102066040039,0.6276102066040039,0.6276102066040039,0.6276102066040039,1.249066710472107,1.2539604902267456,0.6276102066040039,0.0916215181350708,0.6276102066040039,0.0916215181350708,0.9407853484153748,0.406197190284729
1418,799,3.063154697418213,1.9507012367248535,0.7556924824416635,0.4750090038403869,0.401579232029617,0.7604022026062012,0.7604022026062012,0.7604022026062012,0.7604022026062012,1.086449146270752,1.395675778388977,0.7604022026062012,0.5068565607070923,0.7604022026062012,0.5068565607070923,1.0780389308929443,0.7576611638069153
1419,799,3.5300259590148926,2.3304121494293213,0.7171644321394461,0.8802112586734199,0.4481597434480986,1.0174437761306763,1.7367597818374634,1.0174437761306763,1.7367597818374634,1.6427451372146606,1.7367597818374634,1.0174437761306763,0.5438107252120972,1.0174437761306763,0.5438107252120972,1.3771017789840698,0.9413090944290161
1420,799,4.762775897979736,3.0994439125061035,0.8720123169633249,0.8626831742903835,0.9455487129806233,0.9709203243255615,2.995511770248413,0.9709203243255615,2.995511770248413,2.003714084625244,2.995511770248413,0.9902091026306152,0.8587350845336914,0.9902091026306152,0.8587350845336914,1.507584810256958,1.3436708450317383
1421,799,2.608166456222534,2.888591766357422,0.9982827747613195,0.8743414193019274,0.7025516221299761,0.8346412181854248,0.8346412181854248,0.8346412181854248,0.8346412181854248,1.6428176164627075,2.0010907649993896,0.8346412181854248,0.7069339752197266,0.8346412181854248,0.7069339752197266,1.4178659915924072,1.1393237113952637
1422,799,4.612782955169678,3.191657304763794,0.6531207509835557,1.3524842187700172,0.8861148298842214,1.411446213722229,2.1267967224121094,1.411446213722229,2.1267967224121094,2.146601676940918,3.1389095783233643,1.411446213722229,0.5215139389038086,1.411446213722229,0.5215139389038086,1.91255784034729,1.0887577533721924
1423,799,4.598289489746094,3.44407057762146,0.9524598735198371,0.748561993762852,1.2700733650848266,1.2660562992095947,3.292433977127075,1.2660562992095947,3.292433977127075,2.4561355113983154,3.292433977127075,1.2660562992095947,0.7415764331817627,1.2660562992095947,0.7415764331817627,1.8857437372207642,1.2400140762329102
1424,799,3.7339279651641846,3.1918869018554688,1.0669617014129957,1.1485355738302068,0.6017213072379435,1.2598873376846313,2.460618019104004,1.2598873376846313,2.460618019104004,2.4568870067596436,2.460618019104004,1.2598873376846313,0.646934986114502,1.2598873376846313,0.646934986114502,1.8602526187896729,1.2647795677185059
1425,799,4.380762100219727,3.2747840881347656,0.7933800482563673,1.1448474981822074,1.0072809483483436,1.1962051391601562,2.0988144874572754,1.1962051391601562,2.0988144874572754,2.2832672595977783,3.19575572013855,1.2003154754638672,0.6675996780395508,1.2003154754638672,0.6675996780395508,1.7429358959197998,1.3375046253204346
1426,799,4.190744400024414,3.253842353820801,0.9019081655393038,0.9630160865436004,1.0990464855978885,1.1053686141967773,3.2037527561187744,1.1053686141967773,3.2037527561187744,1.9087841510772705,3.2037527561187744,1.1053686141967773,0.7461328506469727,1.1053686141967773,0.7461328506469727,1.5918619632720947,1.375489592552185
1427,799,5.32611608505249,3.5177977085113525,0.9071178253988426,1.2271796461070574,0.9713918722296753,1.28151535987854,2.2535157203674316,1.28151535987854,2.2535157203674316,2.195195436477661,3.380350112915039,1.28151535987854,0.7915973663330078,1.28151535987854,0.7915973663330078,1.7943565845489502,1.419400691986084
1428,799,5.522115230560303,3.9654884338378906,1.2053639205420998,1.1534840484956903,1.1999638935054349,0.9414675235748291,0.9414675235748291,0.9414675235748291,0.9414675235748291,2.3214597702026367,3.9076085090637207,0.9414675235748291,1.0747532844543457,0.9414675235748291,1.0747532844543457,1.7618528604507446,1.749692440032959
1429,799,3.4340906143188477,3.8993918895721436,1.1844771407544608,1.377068436145783,0.976166918054223,1.2049033641815186,2.605809211730957,1.2049033641815186,2.605809211730957,2.5417089462280273,2.605809211730957,1.261223316192627,0.8106963634490967,1.261223316192627,0.8106963634490967,1.933516263961792,1.5163415670394897
1430,799,5.23238468170166,3.8740499019622803,0.7583374032688637,1.4873899808836475,1.2472445661698783,1.4019222259521484,2.2671022415161133,1.4019222259521484,2.2671022415161133,2.80519700050354,3.787510395050049,1.4019222259521484,0.5419938564300537,1.4019222259521484,0.5419938564300537,2.117453098297119,1.320762038230896
1431,799,2.9018232822418213,3.8005752563476562,1.184481130552788,0.8314681581159435,1.3931735614066325,1.303464651107788,3.6790120601654053,1.303464651107788,3.6790120601654053,2.6628243923187256,3.6790120601654053,1.303464651107788,0.8252794742584229,1.303464651107788,0.8252794742584229,2.022404432296753,1.449938178062439
1432,799,3.8746988773345947,3.405331611633301,0.6609781445811196,1.5330343870321907,0.886672859514753,1.6161999702453613,2.3898491859436035,1.6161999702453613,2.3898491859436035,2.1620750427246094,3.3794753551483154,1.6161999702453613,0.6523761749267578,1.6161999702453613,0.6523761749267578,2.0890932083129883,1.2375824451446533
1433,799,4.054872035980225,3.427520990371704,0.9117836033677067,0.6674900622790059,1.4542911104609566,1.4744675159454346,3.321718692779541,1.4744675159454346,3.321718692779541,2.229569435119629,3.321718692779541,1.4744675159454346,0.7325291633605957,1.4744675159454346,0.7325291633605957,2.027099132537842,1.2511664628982544
1434,799,5.828502655029297,3.3636474609375,1.102867993383358,1.1622929150300718,0.6960009572903321,1.3382856845855713,2.568182945251465,1.3382856845855713,2.568182945251465,2.5139529705047607,2.568182945251465,1.3973935842514038,0.9020509719848633,1.3973935842514038,0.9020509719848633,1.982788324356079,1.5538196563720703
1435,799,4.555905342102051,3.925515651702881,1.337887262105941,1.1045014943182474,0.9631336876749996,1.234668254852295,1.234668254852295,1.234668254852295,1.234668254852295,2.0816397666931152,2.648162603378296,1.234668254852295,0.9385592937469482,1.234668254852295,0.9385592937469482,1.9414154291152954,1.5653749704360962
1436,799,4.661974906921387,4.199941158294678,1.212098153233528,1.5872192444652318,1.0594656042009598,1.4458024501800537,2.8841161727905273,1.4458024501800537,2.8841161727905273,2.531712770462036,2.8841161727905273,1.4458024501800537,0.8631420135498047,1.4458024501800537,0.8631420135498047,2.16495943069458,1.6202385425567627
1437,799,4.00520658493042,4.644626617431641,1.1287577554707737,1.353093910266956,1.4730279588078448,1.129784345626831,4.437783718109131,1.129784345626831,4.437783718109131,2.4055912494659424,4.437783718109131,1.129784345626831,0.6976075172424316,1.129784345626831,0.6976075172424316,1.9753831624984741,1.4925950765609741
1438,799,4.620450973510742,3.7560720443725586,0.9410786502125368,1.4483207588891185,1.0959896312343576,1.752368688583374,2.6710495948791504,1.752368688583374,2.6710495948791504,2.619169235229492,3.683234930038452,1.752368688583374,0.9415132999420166,1.752368688583374,0.9415132999420166,2.192934513092041,1.6777544021606445
1439,799,5.2106242179870605,3.99727463722229,1.1823550386230155,1.1659454041222732,1.2740867449591553,1.3074085712432861,3.9532558917999268,1.3074085712432861,3.9532558917999268,2.725832462310791,3.9532558917999268,1.3074085712432861,1.3216087818145752,1.3074085712432861,1.3216087818145752,2.02297306060791,1.970624566078186
1440,799,5.516193389892578,4.410040378570557,1.355086476219197,1.3756817000483474,1.0945106748243174,1.1599185466766357,2.9143576622009277,1.1599185466766357,2.9143576622009277,2.7000067234039307,2.9143576622009277,1.361448049545288,1.0902111530303955,1.361448049545288,1.0902111530303955,2.1379027366638184,1.889640212059021
1441,799,3.8059725761413574,4.209474563598633,1.3033407941460613,1.4585168814659122,1.1117256433516736,1.3251495361328125,2.8974790573120117,1.3251495361328125,2.8974790573120117,2.810379981994629,2.8974790573120117,1.3903138637542725,1.0649971961975098,1.3903138637542725,1.0649971961975098,2.1438965797424316,1.825218677520752
1442,799,4.424546241760254,4.418161869049072,0.944496126497786,1.6278760123501215,1.40266322436432,1.5301282405853271,2.6226789951324463,1.5301282405853271,2.6226789951324463,3.179340362548828,4.271538257598877,1.5301282405853271,0.7371616363525391,1.5301282405853271,0.7371616363525391,2.3841309547424316,1.616721749305725
1443,799,4.779470920562744,4.336165904998779,1.1285541132340833,1.103510540599625,1.5813072286049517,1.651932954788208,4.161168098449707,1.651932954788208,4.161168098449707,2.657783031463623,4.161168098449707,1.651932954788208,1.2200570106506348,1.651932954788208,1.2200570106506348,2.332557201385498,1.8182947635650635
1444,799,3.078557252883911,3.8442225456237793,1.1914601835360132,1.1788670311619835,1.0421185513337452,1.2130601406097412,1.2130601406097412,1.2130601406097412,1.2130601406097412,2.5603575706481934,2.6537842750549316,1.2130601406097412,1.2627146244049072,1.2130601406097412,1.2627146244049072,1.9334222078323364,1.825416922569275
1445,799,4.32767915725708,3.813228130340576,0.7175217411170416,1.5297882528106364,1.2258321782077348,1.7403264045715332,2.5360867977142334,1.7403264045715332,2.5360867977142334,2.920924186706543,3.822887420654297,1.7403264045715332,0.6680912971496582,1.7403264045715332,0.6680912971496582,2.354592800140381,1.489304542541504
1446,799,4.165566921234131,3.5181050300598145,1.118633246868849,0.7748902194574478,1.2431129879876965,1.4711015224456787,3.47558331489563,1.4711015224456787,3.47558331489563,2.6139941215515137,3.47558331489563,1.4711015224456787,1.0320148468017578,1.4711015224456787,1.0320148468017578,2.0982589721679688,1.6456036567687988
1447,799,4.2705464363098145,3.731107234954834,1.1601991829213998,1.2899322629657886,0.7379049000268179,1.513951063156128,2.7638111114501953,1.513951063156128,2.7638111114501953,2.722115993499756,2.7638111114501953,1.513951063156128,0.8961248397827148,1.513951063156128,0.8961248397827148,2.138881206512451,1.5742661952972412
1448,799,4.583813190460205,3.8387179374694824,1.1525831512113403,1.2374544268598164,1.0922021540006006,1.3391847610473633,2.7017765045166016,1.3391847610473633,2.7017765045166016,2.6356287002563477,2.7017765045166016,1.3938024044036865,1.2751820087432861,1.3938024044036865,1.2751820087432861,2.0477895736694336,1.968145489692688
1449,799,2.607759952545166,4.10829496383667,1.2833978103101251,1.2145469763875014,1.172214609533548,1.0998103618621826,1.0998103618621826,1.0998103618621826,1.0998103618621826,2.5864198207855225,2.6786723136901855,1.0998103618621826,1.1182940006256104,1.0998103618621826,1.1182940006256104,1.889241337776184,1.8211272954940796
1450,799,2.6327314376831055,3.823824405670166,0.6116277728353938,1.5178425311421355,1.2860784113903836,1.6993894577026367,2.343769073486328,1.6993894577026367,2.343769073486328,2.975184917449951,3.7417643070220947,1.6993894577026367,0.5813589096069336,1.6993894577026367,0.5813589096069336,2.364447832107544,1.4050323963165283
1451,799,2.766576051712036,3.3355767726898193,0.6561819309492907,0.7536281002064551,1.4380830563356477,1.7649736404418945,3.207829236984253,1.7649736404418945,3.207829236984253,1.9926470518112183,3.207829236984253,1.7649736404418945,0.7312712669372559,1.7649736404418945,0.7312712669372559,2.124868869781494,1.2902107238769531
1452,799,2.711705446243286,2.3390045166015625,0.6814806302885217,0.6799862551192437,0.548696423719327,0.8173578977584839,0.8173578977584839,0.8173578977584839,0.8173578977584839,1.6171375513076782,1.6497058868408203,0.8173578977584839,0.7725604772567749,0.8173578977584839,0.7725604772567749,1.2335319519042969,1.140700340270996
1453,799,2.6577816009521484,2.2259535789489746,0.6218991308659314,0.6432458750903609,0.5759166995435951,0.8779246807098389,1.5519812107086182,0.8779246807098389,1.5519812107086182,1.5400893688201904,1.5519812107086182,0.8779246807098389,0.7662477493286133,0.8779246807098389,0.7662477493286133,1.2149529457092285,1.1294546127319336
1454,799,2.018566131591797,3.082575798034668,0.7819779737169543,0.8359007156888645,0.8528305325532952,1.1310750246047974,2.8964056968688965,1.1310750246047974,2.8964056968688965,2.0413389205932617,2.8964056968688965,1.1310750246047974,0.8768472671508789,1.1310750246047974,0.8768472671508789,1.591745138168335,1.4308083057403564
1455,799,3.1072452068328857,2.228527784347534,0.4553378181035317,0.6666761905203265,0.646047326611976,0.8542256355285645,1.3887577056884766,0.8542256355285645,1.3887577056884766,1.5398420095443726,2.0923385620117188,0.8650977611541748,0.5157389640808105,0.8650977611541748,0.5157389640808105,1.2069073915481567,0.9748245477676392
1456,799,5.51746129989624,2.0364818572998047,0.7793527201749386,0.4300756443850693,0.5575672879070046,0.8590140342712402,0.8590140342712402,0.8590140342712402,0.8590140342712402,1.4677212238311768,2.0029008388519287,0.8590140342712402,0.6642073392868042,0.8590140342712402,0.6642073392868042,1.2052252292633057,0.9383604526519775
1457,799,1.9148741960525513,3.1947124004364014,1.517298505951961,0.8524910738070801,0.3961278655131659,1.5930167436599731,1.5930167436599731,1.5930167436599731,1.5930167436599731,1.8658440113067627,2.6288270950317383,1.5930167436599731,0.5935640335083008,1.5930167436599731,0.5935640335083008,2.110921859741211,1.0582852363586426
1458,799,4.228397846221924,3.168050527572632,0.5011721407994632,1.6317650654539464,0.7269769904762504,1.9094207286834717,2.423811435699463,1.9094207286834717,2.423811435699463,2.113934278488159,3.104236125946045,1.9094207286834717,0.5927038192749023,1.9094207286834717,0.5927038192749023,2.2598018646240234,1.0960503816604614
1459,799,2.7066690921783447,3.537968635559082,0.9204459367692475,0.4754858343303203,1.6616563387215135,1.8645281791687012,3.4156463146209717,1.8645281791687012,3.4156463146209717,2.6359610557556152,3.4156463146209717,1.8645281791687012,0.7217960357666016,1.8645281791687012,0.7217960357666016,2.4024624824523926,1.21187162399292
1460,799,3.7573401927948,3.2747795581817627,0.7667472665508583,1.440160960176339,0.43634843792145483,1.8034740686416626,2.5530667304992676,1.8034740686416626,2.5530667304992676,2.140913248062134,2.5530667304992676,1.8034740686416626,0.6333103179931641,1.8034740686416626,0.6333103179931641,2.1782703399658203,1.1038281917572021
1461,799,4.384033679962158,3.364616870880127,0.9790907519559067,0.7039536710704364,1.241409227612118,1.533998966217041,3.3841986656188965,1.533998966217041,3.3841986656188965,2.5539438724517822,3.3841986656188965,1.533998966217041,1.0017623901367188,1.533998966217041,1.0017623901367188,2.1092231273651123,1.538295030593872
1462,799,3.7636237144470215,3.239128828048706,1.1878317441046242,1.0768615224957467,0.6622541724145408,1.286437749862671,1.286437749862671,1.286437749862671,1.286437749862671,2.3774616718292236,2.5278735160827637,1.286437749862671,0.9117472171783447,1.286437749862671,0.9117472171783447,1.9071556329727173,1.4779653549194336
1463,799,4.527007579803467,3.984379291534424,0.9512730125710371,1.4706317183002828,1.0899574075639245,1.6146607398986816,2.70011043548584,1.6146607398986816,2.70011043548584,2.70959210395813,3.9481236934661865,1.6146607398986816,0.8492879867553711,1.6146607398986816,0.8492879867553711,2.2169599533081055,1.6479820013046265
1464,799,3.377476453781128,4.028959274291992,1.0804928939541179,1.1198971462746468,1.311174230774243,1.3418519496917725,3.909525156021118,1.3418519496917725,3.909525156021118,2.4062373638153076,3.909525156021118,1.373950481414795,0.9350967407226562,1.373950481414795,0.9350967407226562,1.9849451780319214,1.7085684537887573
1465,799,3.1203086376190186,3.911611795425415,0.8610644069810705,1.3600305712719765,1.1065056460847456,1.610408067703247,2.5822863578796387,1.610408067703247,2.5822863578796387,2.6230483055114746,3.75687837600708,1.610408067703247,0.9269654750823975,1.610408067703247,0.9269654750823975,2.213270664215088,1.6665278673171997
1466,799,2.4011740684509277,3.7482314109802246,0.7752293432752286,1.0044274124751493,1.4274363911400236,1.694291591644287,3.6432414054870605,1.694291591644287,3.6432414054870605,2.5458407402038574,3.6432414054870605,1.694291591644287,0.8151650428771973,1.694291591644287,0.8151650428771973,2.256136894226074,1.4942841529846191
1467,799,4.121842861175537,2.6261823177337646,0.5803712753268582,0.8392358641015984,0.8379158809284367,1.107232689857483,1.8047969341278076,1.107232689857483,1.8047969341278076,1.9473075866699219,2.6238036155700684,1.1914480924606323,0.7467639446258545,1.1914480924606323,0.7467639446258545,1.5945618152618408,1.2978829145431519
1468,799,2.194572925567627,2.8280606269836426,1.0761553164571522,0.5468841479718685,0.7545392230898142,1.1035131216049194,1.1035131216049194,1.1035131216049194,1.1035131216049194,1.9201531410217285,2.768204927444458,1.1035131216049194,0.8792247772216797,1.1035131216049194,0.8792247772216797,1.6412880420684814,1.2369685173034668
1469,799,3.518603563308716,3.0287139415740967,0.5798272496958568,1.3205959935983023,0.5553787918885553,1.6388903856277466,2.2426109313964844,1.6388903856277466,2.2426109313964844,1.717225432395935,2.2426109313964844,1.6388903856277466,0.8398056030273438,1.6388903856277466,0.8398056030273438,1.9407505989074707,1.2191746234893799
1470,799,3.454958915710449,3.0428199768066406,0.8482197413841885,0.5905265508840478,1.1718439877281588,1.4340332746505737,2.9262454509735107,1.4340332746505737,2.9262454509735107,2.2311015129089355,2.9262454509735107,1.4340332746505737,0.9154353141784668,1.4340332746505737,0.9154353141784668,1.91214919090271,1.3657137155532837
1471,799,1.0594083070755005,3.0683517456054688,0.9419293165951965,1.0712995187938215,0.49504554264247425,1.4047844409942627,2.379537582397461,1.4047844409942627,2.379537582397461,2.3627753257751465,2.379537582397461,1.4047844409942627,0.7840275764465332,1.4047844409942627,0.7840275764465332,1.8921610116958618,1.347251057624817
1472,799,1.3759818077087402,2.4612419605255127,0.18317805433024992,0.967647002817442,0.9436155608979363,1.2499675750732422,1.5179259777069092,1.2499675750732422,1.5179259777069092,2.1517186164855957,2.4217755794525146,1.2685127258300781,0.2712419033050537,1.2685127258300781,0.2712419033050537,1.7163962125778198,0.8917760848999023
1473,799,2.516050338745117,1.7403947114944458,0.25942375450705457,0.17710044731696462,0.9091143732083342,1.0819635391235352,1.6783297061920166,1.0819635391235352,1.6783297061920166,0.9063596725463867,1.6783297061920166,1.0819635391235352,0.3601362705230713,1.0819635391235352,0.3601362705230713,1.251180648803711,0.5283042788505554
1474,799,1.3525899648666382,1.495918869972229,0.5916632599911342,0.20966705945009978,0.11714643917667367,0.6722028851509094,0.6722028851509094,0.6722028851509094,0.6722028851509094,0.74309903383255,1.0551837682724,0.6722028851509094,0.26839780807495117,0.6722028851509094,0.26839780807495117,0.863693356513977,0.44649842381477356
1475,799,0.909193217754364,1.707322120666504,0.3164723872765898,0.6480299215391279,0.18589033782482134,0.8964462876319885,1.2661101818084717,0.8964462876319885,1.2661101818084717,0.9497373104095459,1.2661101818084717,0.8964462876319885,0.4486277103424072,0.8964462876319885,0.4486277103424072,1.0812782049179077,0.6572667360305786
1476,799,1.0242340564727783,1.2639055252075195,0.13300217224905886,0.2140145212287703,0.5034312111387651,0.6458351016044617,1.1630654335021973,0.6458351016044617,1.1630654335021973,0.6897475719451904,1.1630654335021973,0.6458351016044617,0.20696091651916504,0.6458351016044617,0.20696091651916504,0.7888031005859375,0.3756784200668335
1477,799,2.634723663330078,0.9196639657020569,0.17982115039601937,0.08175814479589466,0.21150019330903874,0.3422408103942871,0.8424462080001831,0.3422408103942871,0.8424462080001831,0.5433905124664307,0.8424462080001831,0.3422408103942871,0.2608632445335388,0.3422408103942871,0.2608632445335388,0.4877971410751343,0.402416855096817
1478,799,2.1329305171966553,1.165102481842041,0.6238985515696307,0.10763075189044091,0.07251933510725683,0.6618994474411011,0.6618994474411011,0.6618994474411011,0.6618994474411011,0.5101389288902283,0.9022462368011475,0.6618994474411011,0.18300825357437134,0.6618994474411011,0.18300825357437134,0.7820728421211243,0.29556983709335327
1479,799,1.4668538570404053,1.7980765104293823,0.5491299317777155,0.6909577833116054,0.09134170129895214,0.8584754467010498,1.42969810962677,0.8584754467010498,1.42969810962677,1.3070467710494995,1.42969810962677,0.8584754467010498,0.2923327684402466,0.8584754467010498,0.2923327684402466,1.1440868377685547,0.6228429675102234
1480,799,2.864443302154541,1.942508339881897,0.34679367365936464,0.5441406315813462,0.6379676736394563,0.902452826499939,1.821968913078308,0.902452826499939,1.821968913078308,1.337713599205017,1.821968913078308,0.902452826499939,0.47248899936676025,0.902452826499939,0.47248899936676025,1.170567274093628,0.8467373847961426
1481,799,2.621119737625122,1.9732872247695923,0.7494172834449757,0.2825927720343071,0.4551001843468597,0.7825963497161865,0.7825963497161865,0.7825963497161865,0.7825963497161865,1.2621369361877441,1.8236873149871826,0.7825963497161865,0.48010778427124023,0.7825963497161865,0.48010778427124023,1.1122130155563354,0.7510685324668884
1482,799,1.2026349306106567,2.193561553955078,0.6568987615561733,0.8326589093233147,0.2704105399890495,1.0483527183532715,1.7406338453292847,1.0483527183532715,1.7406338453292847,1.680674433708191,1.7406338453292847,1.0483527183532715,0.4628307819366455,1.0483527183532715,0.4628307819366455,1.3944933414459229,0.8758025169372559
1483,799,2.709740400314331,2.4001293182373047,0.21364085741341166,0.7082174410019074,0.8856768529210233,1.1844446659088135,2.2851672172546387,1.1844446659088135,2.2851672172546387,1.9100985527038574,2.2851672172546387,1.1844446659088135,0.3376305103302002,1.1844446659088135,0.3376305103302002,1.5747287273406982,0.8399454951286316
1484,799,1.6847805976867676,1.971625804901123,0.5741468734418352,0.1198625220482552,0.5429389599462349,0.6977282762527466,0.6977282762527466,0.6977282762527466,0.6977282762527466,1.4632421731948853,1.760550618171692,0.6977282762527466,0.3242400884628296,0.6977282762527466,0.3242400884628296,1.0897910594940186,0.668115496635437
1485,799,1.2020107507705688,1.9406439065933228,0.3401482550303141,0.6784283253798882,0.10062474968532742,1.0112009048461914,1.47129487991333,1.0112009048461914,1.47129487991333,1.2027539014816284,1.47129487991333,1.0112009048461914,0.3937886953353882,1.0112009048461914,0.3937886953353882,1.2412478923797607,0.6767350435256958
1486,799,1.5433241128921509,1.3377301692962646,0.15109825033694535,0.22486907672137002,0.4483889332413673,0.616503119468689,1.270100712776184,0.616503119468689,1.270100712776184,0.7697721719741821,1.270100712776184,0.616503119468689,0.2848551273345947,0.616503119468689,0.2848551273345947,0.7951487898826599,0.49490073323249817
1487,799,3.0249905586242676,1.1279762983322144,0.24129710710297042,0.1078960489916303,0.23190807369227212,0.3658164143562317,0.4019036293029785,0.3658164143562317,0.4019036293029785,0.7828754782676697,1.1003416776657104,0.4019036293029785,0.28488898277282715,0.4019036293029785,0.28488898277282715,0.6105882525444031,0.4854975640773773
1488,799,2.8321471214294434,1.831226110458374,0.7247847747057675,0.16477493926882747,0.08057886622846144,0.8926759362220764,0.8926759362220764,0.8926759362220764,0.8926759362220764,0.91179358959198,1.314873218536377,0.8926759362220764,0.3186936378479004,0.8926759362220764,0.3186936378479004,1.1037745475769043,0.4980783462524414
1489,799,2.8403055667877197,2.160972833633423,0.6895948299517229,0.63498586875697,0.15322385912140235,0.8740200996398926,0.9313483238220215,0.8740200996398926,0.9313483238220215,1.6591784954071045,1.7062339782714844,0.9313483238220215,0.43137049674987793,0.9313483238220215,0.43137049674987793,1.318791151046753,0.8269997239112854
1490,799,2.6990628242492676,2.918057441711426,0.6982543344857794,0.7510731505850947,0.7597664816739659,1.1012077331542969,2.7750203609466553,1.1012077331542969,2.7750203609466553,1.909375548362732,2.7750203609466553,1.1012077331542969,0.8823635578155518,1.1012077331542969,0.8823635578155518,1.5261110067367554,1.4105308055877686
1491,799,3.3321259021759033,3.099560022354126,0.7138270312920219,0.8110431907325987,0.7913135016337031,1.2793916463851929,2.1419360637664795,1.2793916463851929,2.1419360637664795,2.2177727222442627,2.986738920211792,1.2793916463851929,1.0033657550811768,1.2793916463851929,1.0033657550811768,1.7495055198669434,1.6099448204040527
1492,799,2.3904764652252197,2.9578158855438232,0.8226556496446328,0.6885675928493344,0.7290783080582817,1.0410966873168945,1.0410966873168945,1.0410966873168945,1.0410966873168945,1.9831039905548096,2.8185927867889404,1.0410966873168945,1.082564115524292,1.0410966873168945,1.082564115524292,1.579667329788208,1.4837779998779297
1493,799,2.7792446613311768,2.7299373149871826,0.5573454428836704,0.9045319264382125,0.6050165283307436,1.2287726402282715,1.9102977514266968,1.2287726402282715,1.9102977514266968,1.8444199562072754,2.635331869125366,1.2287726402282715,0.7287652492523193,1.2287726402282715,0.7287652492523193,1.594313383102417,1.189680814743042
1494,799,1.9623123407363892,2.534458875656128,0.6321576443314548,0.5276910750567918,0.7776713851094246,1.1369352340698242,2.427905321121216,1.1369352340698242,2.427905321121216,1.7716822624206543,2.427905321121216,1.1369352340698242,0.8915523290634155,1.1369352340698242,0.8915523290634155,1.52646803855896,1.2863987684249878
1495,799,1.4136672019958496,2.2550292015075684,0.41954151221861435,0.6605345479523144,0.6128953842570384,0.9598101377487183,1.5336521863937378,0.9598101377487183,1.5336521863937378,1.587500810623169,2.270204544067383,0.9598101377487183,0.596962571144104,0.9598101377487183,0.596962571144104,1.3210091590881348,1.0724661350250244
1496,799,1.8281766176223755,1.9611985683441162,0.2777577057480809,0.41824265010654926,0.6685892581194641,0.9625023603439331,1.8963494300842285,0.9625023603439331,1.8963494300842285,1.302801251411438,1.8963494300842285,0.9625023603439331,0.44940245151519775,0.9625023603439331,0.44940245151519775,1.2305073738098145,0.792005717754364
1497,799,1.3121832609176636,1.3942625522613525,0.33145781248807893,0.18543991874903454,0.3048933781310917,0.4234476685523987,0.455369770526886,0.4234476685523987,0.455369770526886,0.917462170124054,1.2830557823181152,0.455369770526886,0.38377845287323,0.455369770526886,0.38377845287323,0.70268714427948,0.5916849374771118
1498,799,2.9322187900543213,1.0391815900802612,0.16639326333999632,0.25357490453869114,0.1733436663821339,0.40860897302627563,0.7263652086257935,0.40860897302627563,0.7263652086257935,0.6227782964706421,1.0653700828552246,0.40860897302627563,0.30796879529953003,0.40860897302627563,0.30796879529953003,0.5554884672164917,0.4740496575832367
1499,799,1.7481638193130493,1.5531045198440552,0.6285401364912588,0.09135323849817134,0.2558755969007809,0.7936058640480042,0.7936058640480042,0.7936058640480042,0.7936058640480042,0.9896185398101807,1.5309444665908813,0.7936058640480042,0.3013429641723633,0.7936058640480042,0.3013429641723633,1.0166226625442505,0.49290338158607483
