scenario_name,scenario_type,l2_distance_from_baseline,max_pairwise_l2,detection_lag_mean,detection_lag_std,detection_success_rate,false_positive_rate,window_mean,window_std,window_min,window_max,shap_corr_regime0,shap_corr_regime1,shap_corr_regime2,shap_corr_overall,faithfulness_p50,faithfulness_p90,ablation_mif_p90,ablation_lif_p90
baseline,original,0.0,1.26,,,0.0,0.0,,,,,0.5082864277050438,0.45538844359322017,,0.5508003110763106,2.2112301513209323,2.034964167720391,1.4314085618891794,0.1904504948342862
closer,l2_distance_reduction,0.3633409785128381,0.6293250352560273,,,0.0,0.0,,,,,0.39730796652587264,0.2808704894759851,,0.29668828575792194,1.21864568360848,0.90722623801062,0.6739304079438135,0.2442934711788496
further,l2_distance_increase,0.8103673005470594,1.1434159348198711,,,0.0,0.0,,,,,0.6663731416837276,0.43766942338813325,,0.6343506914304772,1.1443253477159805,1.056604971227947,0.7562298009203555,0.1259117961965626
random_1,random_sampling,0.631994241696347,1.4246988293578433,,,0.0,0.0,,,,,0.5203427854850953,0.272762832277407,,0.399375381003368,1.0638013814565956,0.9393304639342834,0.6380147053681302,0.1094094134120416
random_2,random_sampling,0.9131738103518984,0.7929756955141304,,,0.0,0.0,,,,,0.014749460629026417,0.5971055641496388,,0.4002311398904352,1.1820376326319992,1.022886596454133,0.6544926871621435,0.1101264421715073
random_3,random_sampling,1.0255133520648316,0.9610065328810905,,,0.0,0.0,,,,,0.5333892707909262,0.2991917118695425,,0.2600524248959761,1.0537260925388694,1.00566821942784,0.6128001026666156,0.1192231553073073
