end_index,window_len,y_true,y_hat,shap_lag_t-1,shap_lag_t-2,shap_lag_t-3,faithfulness_prtb_p90,faithfulness_sqnc_p90,faithfulness_prtb_p70,faithfulness_sqnc_p70,faithfulness_prtb_p50,faithfulness_sqnc_p50,ablation_mif_p90,ablation_lif_p90,ablation_mif_p70,ablation_lif_p70,ablation_mif_p50,ablation_lif_p50
482,482,1.7298814504523006,0.7095206,0.27916021311966066,0.15433432882962134,0.045606002143273705,0.15620452165603638,0.28862419724464417,0.15620452165603638,0.28862419724464417,0.45294028520584106,0.5852094888687134,0.28862419724464417,0.1432206630706787,0.28862419724464417,0.1432206630706787,0.4369168281555176,0.28573283553123474
483,482,0.5011537906364837,1.1971829,0.6623682534073788,0.0029238348702589345,0.05667781562854868,0.6833341121673584,0.6833341121673584,0.6833341121673584,0.6833341121673584,0.7236522436141968,1.1252057552337646,0.6833341121673584,0.22488462924957275,0.6833341121673584,0.22488462924957275,0.8029155135154724,0.3358982503414154
484,482,0.9621116186676952,1.4732738,0.5682721599191429,0.391449064090848,0.06904994636774076,0.6862692832946777,0.7405819296836853,0.6862692832946777,0.7405819296836853,1.2467020750045776,1.2982348203659058,0.7405819296836853,0.21724629402160645,0.7405819296836853,0.21724629402160645,1.0194083452224731,0.47907206416130066
485,482,-0.1788485636200323,1.4051069,0.11210020652972141,0.41303360146470397,0.4042447840794919,0.6176082491874695,0.8850975632667542,0.6176082491874695,0.8850975632667542,1.1364035606384277,1.385180115699768,0.6599622964859009,0.2271575927734375,0.6599622964859009,0.2271575927734375,0.9143778085708618,0.5353207588195801
486,482,0.8236367390620078,0.98026454,0.39204429538920516,0.09055591680342334,0.1990393024100922,0.08484441041946411,0.43856269121170044,0.08484441041946411,0.43856269121170044,0.5080651044845581,0.9742581844329834,0.43856269121170044,0.16488784551620483,0.43856269121170044,0.16488784551620483,0.6384326815605164,0.3640735149383545
487,482,0.3904759021690719,0.2893636,0.054975776700303,0.12111222743056708,0.01934007866308085,0.2534433603286743,0.18051502108573914,0.2534433603286743,0.18051502108573914,0.24762508273124695,0.18051502108573914,0.2534433603286743,0.1326851099729538,0.2534433603286743,0.1326851099729538,0.21697919070720673,0.09699830412864685
488,482,-0.2600960221339937,0.47429213,0.10135573466618841,0.2853898943463961,0.015414887766043217,0.35146811604499817,0.26957401633262634,0.35146811604499817,0.26957401633262634,0.09179225564002991,0.26957401633262634,0.042316943407058716,0.2238920032978058,0.042316943407058716,0.2238920032978058,0.15594547986984253,0.3797832131385803
489,482,-1.1508476120269062,0.31693935,0.0837570196265976,0.05759300517539187,0.21303892859568194,0.26378142833709717,0.34540390968322754,0.26378142833709717,0.34540390968322754,0.28276145458221436,0.34540390968322754,0.03483003377914429,0.19971822202205658,0.03483003377914429,0.19971822202205658,0.08637021481990814,0.28800204396247864
490,482,-1.17202144416251,0.103493236,0.27186458534250657,0.12106931975732255,0.006413722832997681,0.62236487865448,0.12383360415697098,0.62236487865448,0.12383360415697098,0.6377290487289429,0.002863168716430664,0.12383360415697098,0.18968334794044495,0.12383360415697098,0.18968334794044495,0.06334838271141052,0.239942267537117
491,482,0.7335545925998354,-0.45734474,0.589392421171069,0.18230820395052427,0.06949813872575772,1.0555031299591064,0.4898306727409363,1.0555031299591064,0.4898306727409363,1.2539031505584717,0.5484415292739868,0.4898306727409363,0.06764605641365051,0.4898306727409363,0.06764605641365051,0.5191360712051392,0.03599657118320465
492,482,-1.056773811876302,-0.84851044,0.580701401211942,0.40235304338547084,0.1940572692702215,0.9089356064796448,0.532381534576416,0.9089356064796448,0.532381534576416,1.3776705265045166,0.7804983854293823,0.532381534576416,0.04279059171676636,0.532381534576416,0.04279059171676636,0.6564399600028992,0.1859748363494873
493,482,-1.5374562455176035,-0.103985295,0.10095953783020373,0.4908667752798648,0.346336629288271,0.6808146834373474,0.060307085514068604,0.6808146834373474,0.060307085514068604,1.447868824005127,0.08749078214168549,0.22348365187644958,0.30800873041152954,0.22348365187644958,0.30800873041152954,0.2952601909637451,0.23144224286079407
494,482,-0.9831156377382438,-0.41084006,0.4250301394611598,0.11799407638609405,0.39947328999638554,1.1756083965301514,0.46722912788391113,1.1756083965301514,0.46722912788391113,1.9859116077423096,0.4846191704273224,0.46722912788391113,0.17865261435508728,0.46722912788391113,0.17865261435508728,0.5743446946144104,0.1023893654346466
495,482,-0.9045728143878048,-0.93809795,0.901503753941506,0.408445945736021,0.012842590138316456,1.6713615655899048,0.7521762251853943,1.6713615655899048,0.7521762251853943,2.3862733840942383,0.9784635901451111,0.7521762251853943,0.12852001190185547,0.7521762251853943,0.12852001190185547,0.8653199076652527,0.13178983330726624
496,482,-0.5894845491896682,-0.9390178,0.5390509941677248,0.5755549662808579,0.44106126765410125,0.4946012496948242,0.7630631327629089,0.4946012496948242,0.7630631327629089,0.8844358921051025,0.7630631327629089,0.3569824695587158,0.19920313358306885,0.3569824695587158,0.19920313358306885,0.5600228309631348,0.42008328437805176
497,482,0.0855802099792384,-0.893462,0.5357418173551559,0.38196389198303227,0.4045490534603595,0.41900765895843506,0.41900765895843506,0.41900765895843506,0.41900765895843506,0.7702453136444092,0.8746217489242554,0.41900765895843506,0.24633991718292236,0.41900765895843506,0.24633991718292236,0.5371614694595337,0.3759876787662506
498,482,1.1136914403729468,-0.65199757,0.4460865568059186,0.49466073332975313,0.4311514629113178,0.2884331941604614,0.46076500415802,0.2884331941604614,0.46076500415802,0.5378718972206116,0.46076500415802,0.21219605207443237,0.16445404291152954,0.21219605207443237,0.16445404291152954,0.3364805281162262,0.2927350103855133
499,482,-0.8027198554125623,-0.24581799,0.05426825581739336,0.26482358967264497,0.28770260402311865,0.31959158182144165,0.243819460272789,0.31959158182144165,0.243819460272789,0.6889619827270508,0.243819460272789,0.13935992121696472,0.03626352548599243,0.13935992121696472,0.03626352548599243,0.20903955399990082,0.06557068228721619
500,482,-1.207059084374968,0.32170656,0.5424134323745966,0.15819340351968994,0.2768513085320593,0.4344210624694824,0.4344210624694824,0.4344210624694824,0.4344210624694824,0.019776642322540283,0.3643951416015625,0.4344210624694824,0.020565032958984375,0.4344210624694824,0.020565032958984375,0.3885093927383423,0.044403836131095886
501,482,-0.4710560688756634,0.011959292,0.44833896059542894,0.10220759071409702,0.18987235907465227,1.006363868713379,0.3099134564399719,1.006363868713379,0.3099134564399719,1.3002831935882568,0.006171524524688721,0.3099134564399719,0.29973381757736206,0.3099134564399719,0.29973381757736206,0.29865097999572754,0.309965044260025
502,482,-0.3720002497673839,-0.5639947,0.7725993510180463,0.46077297655244676,0.00025385101946717725,1.4265738725662231,0.5877293348312378,1.4265738725662231,0.5877293348312378,2.253525495529175,0.7998390197753906,0.5877293348312378,0.18647408485412598,0.5877293348312378,0.18647408485412598,0.6937841773033142,0.09781742095947266
503,482,-0.5947485234161854,-0.6456764,0.2542730181167524,0.3663226046661535,0.255320247883598,0.3890741169452667,0.416855126619339,0.3890741169452667,0.416855126619339,0.6245883703231812,0.5577576160430908,0.23077359795570374,0.19689056277275085,0.23077359795570374,0.19689056277275085,0.30040308833122253,0.2597618103027344
504,482,0.6605555749771881,-0.4809109,0.226529190465808,0.3265591041743755,0.38287825994193553,0.28326964378356934,0.4013538062572479,0.28326964378356934,0.4013538062572479,0.4230330288410187,0.4013538062572479,0.1505521535873413,0.15215182304382324,0.1505521535873413,0.15215182304382324,0.20164769887924194,0.19822219014167786
505,482,-0.5266304615687201,-0.47905463,0.3393653581291438,0.2496835965663195,0.23125916153192505,0.3287656307220459,0.2413352131843567,0.3287656307220459,0.2413352131843567,0.40779146552085876,0.31918269395828247,0.2413352131843567,0.07868719100952148,0.2413352131843567,0.07868719100952148,0.2802589535713196,0.11922807991504669
506,482,-1.4904647624028151,0.050525725,0.09684785917401306,0.3942921036481858,0.25742907628417,0.44687268137931824,0.12016069889068604,0.44687268137931824,0.12016069889068604,0.7828385233879089,0.06273403763771057,0.12039268016815186,0.23782959580421448,0.12039268016815186,0.23782959580421448,0.14903317391872406,0.21118398010730743
507,482,0.2302633217172218,-0.1941253,0.22142133492045102,0.011860527517273955,0.3040829852782191,0.3948681354522705,0.17241604626178741,0.3948681354522705,0.17241604626178741,1.1579203605651855,0.17241604626178741,0.10049405694007874,0.1409400999546051,0.10049405694007874,0.1409400999546051,0.21787483990192413,0.11062981188297272
508,482,-1.9799607316210903,-0.7245548,0.6388119065761566,0.24830947041511542,0.06341609753668309,1.4280760288238525,0.6513830423355103,1.4280760288238525,0.6513830423355103,1.9684984683990479,0.7901561856269836,0.6513830423355103,0.11741423606872559,0.6513830423355103,0.11741423606872559,0.7207696437835693,0.06975686550140381
509,482,-0.880886413092604,-0.34030426,0.06829204298555847,0.4901116081699728,0.25035253334790475,0.7866581678390503,0.22200308740139008,0.7866581678390503,0.22200308740139008,1.1285512447357178,0.3175114095211029,0.3215675354003906,0.10955822467803955,0.3215675354003906,0.10955822467803955,0.3686816692352295,0.06683677434921265
510,482,-1.9850977097850433,-1.0946143,0.9989316565295061,0.05232072004427524,0.42729059965660166,1.7531121969223022,0.9123173356056213,1.7531121969223022,0.9123173356056213,2.5060226917266846,1.126720905303955,0.9123173356056213,0.0530015230178833,0.9123173356056213,0.0530015230178833,1.0493475198745728,0.13583621382713318
511,482,-0.4461426113178875,-0.8885966,0.4822803815205893,0.6904594717298944,0.08188947276522729,1.1536551713943481,0.8626465201377869,1.1536551713943481,0.8626465201377869,2.088282585144043,0.8626465201377869,0.4793844223022461,0.03701651096343994,0.4793844223022461,0.03701651096343994,0.6710155010223389,0.20413708686828613
512,482,-1.3254045896408044,-1.3009773,0.8606418601050974,0.2872796941176059,0.49945490986108765,1.1921831369400024,0.7611141800880432,1.1921831369400024,0.7611141800880432,1.8026721477508545,1.307407259941101,0.7611141800880432,0.18005144596099854,0.7611141800880432,0.18005144596099854,0.938732385635376,0.3603304624557495
513,482,-0.5076510595148032,-0.9466136,0.15743809994310165,0.5894548397138714,0.3125676806271076,0.8658186197280884,0.6763352751731873,0.8658186197280884,0.6763352751731873,1.1456091403961182,0.8279497623443604,0.4877929091453552,0.23354101181030273,0.4877929091453552,0.23354101181030273,0.5594310760498047,0.31496933102607727
514,482,-1.1076148746770116,-1.0468422,0.5972731095304094,0.20576460262139618,0.5236035927881797,0.9286969304084778,0.5949153900146484,0.9286969304084778,0.5949153900146484,1.6651910543441772,1.052555799484253,0.5949153900146484,0.09257793426513672,0.5949153900146484,0.09257793426513672,0.7738569378852844,0.2811412215232849
515,482,-2.56420463195083,-0.55816174,0.3053982704132795,0.40306105986237534,0.21583419002592574,0.4149700403213501,0.4584310054779053,0.4149700403213501,0.4584310054779053,0.6625417470932007,0.4584310054779053,0.23804718255996704,0.08825236558914185,0.23804718255996704,0.08825236558914185,0.34823909401893616,0.19821324944496155
516,482,-0.8627110808111025,-0.8672752,0.5000509256497025,0.26187164366245264,0.40942955594509844,0.7015354633331299,0.4735682010650635,0.7015354633331299,0.4735682010650635,1.142094612121582,0.8251984715461731,0.4735682010650635,0.10033208131790161,0.4735682010650635,0.10033208131790161,0.5978668928146362,0.22867226600646973
517,482,-1.3895788856203906,-1.6408489,1.1769747731337945,0.31621312870333607,0.22864670089135553,1.970144271850586,1.2134672403335571,1.970144271850586,1.2134672403335571,2.3253607749938965,1.433768630027771,1.2134672403335571,0.10400676727294922,1.2134672403335571,0.10400676727294922,1.323617935180664,0.24911129474639893
518,482,-0.8422129233787129,-1.1605641,0.43744105100631714,0.6862694869935513,0.34506161265075197,0.8934817314147949,0.8986047506332397,0.8934817314147949,0.8986047506332397,1.253577470779419,0.8986047506332397,0.538098156452179,0.2262629270553589,0.538098156452179,0.2262629270553589,0.7183514833450317,0.42538827657699585
519,482,-1.2530951773578964,-1.2887058,0.6175897959868112,0.23165172586838434,0.6112201643983524,0.759613573551178,0.5542108416557312,0.759613573551178,0.5542108416557312,1.5844497680664062,1.2013351917266846,0.5542108416557312,0.18668794631958008,0.5542108416557312,0.18668794631958008,0.7917661666870117,0.4133544862270355
520,482,-1.236159911004621,-0.8872011,0.41563284019629154,0.40828318367401756,0.2622644698868195,0.3655468225479126,0.3655468225479126,0.3655468225479126,0.3655468225479126,0.7349954843521118,0.6191703081130981,0.3655468225479126,0.152459979057312,0.3655468225479126,0.152459979057312,0.49235856533050537,0.2924414575099945
521,482,-1.1250871391780537,-1.0470308,0.46857518096764894,0.25942562387635293,0.3895273831610879,0.754144549369812,0.5845059156417847,0.754144549369812,0.5845059156417847,1.1117740869522095,1.0293320417404175,0.5845059156417847,0.2215557098388672,0.5845059156417847,0.2215557098388672,0.7125866413116455,0.3600456416606903
522,482,-0.0932599609658999,-0.9591165,0.6406873725603025,0.4400457655886809,0.26559196370343363,0.6725773811340332,0.5198215842247009,0.6725773811340332,0.5198215842247009,1.015334963798523,0.7695269584655762,0.5198215842247009,0.1255776286125183,0.5198215842247009,0.1255776286125183,0.6446743011474609,0.26442408561706543
523,482,-0.3651107799794397,-1.0170286,0.5371343190968035,0.45337140165269385,0.3859670197963714,0.536034345626831,0.536034345626831,0.536034345626831,0.536034345626831,0.7859519124031067,0.7631002068519592,0.536034345626831,0.19358372688293457,0.536034345626831,0.19358372688293457,0.6495672464370728,0.34052860736846924
524,482,-0.4302982490020842,-0.4627617,0.06628504437704885,0.3605596275006731,0.3416775081430872,0.4326152503490448,0.23836466670036316,0.4326152503490448,0.23836466670036316,0.8867812156677246,0.41437292098999023,0.20145368576049805,0.03964012861251831,0.20145368576049805,0.03964012861251831,0.2892807722091675,0.12251754105091095
525,482,-0.1529295858180615,-0.37784255,0.17234483674789464,0.14893018285433457,0.39295904834444323,0.40852662920951843,0.34884607791900635,0.40852662920951843,0.34884607791900635,0.6652296185493469,0.34884607791900635,0.18651266396045685,0.019243359565734863,0.18651266396045685,0.019243359565734863,0.2569120228290558,0.0869835689663887
526,482,-0.4974718101327238,-0.26752234,0.13771316111087795,0.21072422463446858,0.15946489673107866,0.14596673846244812,0.23840852081775665,0.14596673846244812,0.23840852081775665,0.16152602434158325,0.25346678495407104,0.082518070936203,0.157411128282547,0.082518070936203,0.157411128282547,0.08996405452489853,0.1645100861787796
527,482,-2.7493850115390774,-0.31302854,0.05370430231094364,0.21907907972112306,0.1621800214983522,0.1509600430727005,0.1502905637025833,0.1509600430727005,0.1502905637025833,0.2475431114435196,0.2077672779560089,0.09036840498447418,0.06129103899002075,0.09036840498447418,0.06129103899002075,0.11932100355625153,0.08903726935386658
528,482,0.7727008430492391,-0.3212147,0.2741716583818197,0.19808169178664692,0.2521236036717891,0.35308894515037537,0.2097076177597046,0.35308894515037537,0.2097076177597046,0.5002051591873169,0.3239789307117462,0.2097076177597046,0.027083545923233032,0.2097076177597046,0.027083545923233032,0.2517228126525879,0.06943705677986145
529,482,-1.8289772387752836,-1.2910794,1.2552769193798303,0.26548983044922336,0.14238155469298386,1.9908411502838135,1.1354501247406006,1.9908411502838135,1.1354501247406006,2.1737046241760254,1.2447935342788696,1.1354501247406006,0.02767038345336914,1.1354501247406006,0.02767038345336914,1.1901218891143799,0.09703713655471802
530,482,0.7355550880172406,-0.4714645,0.197158654257655,0.7120157183706758,0.24494066007435333,1.552760124206543,0.2976153492927551,1.552760124206543,0.2976153492927551,2.239492893218994,0.41205716133117676,0.5700755715370178,0.29990172386169434,0.5700755715370178,0.29990172386169434,0.6286019086837769,0.23856070637702942
531,482,-0.9267361184163972,-1.0909283,0.6907172419006624,0.2645929594462113,0.520946692029635,1.4709722995758057,0.7094550728797913,1.4709722995758057,0.7094550728797913,3.0775251388549805,0.9815399050712585,0.7094550728797913,0.18964064121246338,0.7094550728797913,0.18964064121246338,0.9377708435058594,0.221859872341156
532,482,-1.1497680609711478,-0.06396535,0.3535341334342957,0.6436373843997718,0.10370442859828483,1.4850897789001465,0.22991082072257996,1.4850897789001465,0.22991082072257996,1.187364101409912,0.22991082072257996,0.4917609989643097,0.19303986430168152,0.4917609989643097,0.19303986430168152,0.3608359098434448,0.3293536305427551
533,482,-2.0612978439744243,-0.5821028,0.3119056517258285,0.18778926230967052,0.4898164868727328,1.2537121772766113,0.5634517669677734,1.2537121772766113,0.5634517669677734,2.3081552982330322,0.5634517669677734,0.3689817190170288,0.17992115020751953,0.3689817190170288,0.17992115020751953,0.5630606412887573,0.1928701102733612
534,482,-2.301157275279065,-0.6835727,0.3924669158582885,0.21702060052504135,0.10711299608151104,1.160707950592041,0.46179714798927307,1.160707950592041,0.46179714798927307,1.9733538627624512,0.6849514245986938,0.46179714798927307,0.14099931716918945,0.46179714798927307,0.14099931716918945,0.5733742713928223,0.1053142249584198
535,482,-1.1236904613280871,-1.2168771,0.7936636473673087,0.30572885210315404,0.24323259711886425,1.2229220867156982,0.8327497243881226,1.2229220867156982,0.8327497243881226,1.4703311920166016,1.0501233339309692,0.8327497243881226,0.17741668224334717,0.8327497243881226,0.17741668224334717,0.9414365291595459,0.311750590801239
536,482,-1.6188452159287818,-1.8040371,0.9850493952756125,0.5031670236339171,0.2724449339633188,1.4896528720855713,1.040113091468811,1.4896528720855713,1.040113091468811,2.010739326477051,1.4264494180679321,1.040113091468811,0.24146318435668945,1.040113091468811,0.24146318435668945,1.2332812547683716,0.4855184555053711
537,482,-2.9244929626720095,-1.3766017,0.39301291296258567,0.572991020474583,0.41984484851360326,0.827289342880249,0.9815108776092529,0.827289342880249,0.9815108776092529,1.4521241188049316,1.3141714334487915,0.5557403564453125,0.4999150037765503,0.5557403564453125,0.4999150037765503,0.7264900803565979,0.6777041554450989
538,482,-2.167649283827948,-1.4741973,0.49834824651479753,0.22921252831816652,0.48018920466303816,0.8148972988128662,0.6399034261703491,0.8148972988128662,0.6399034261703491,1.5576999187469482,1.374942421913147,0.6399034261703491,0.2822688817977905,0.6399034261703491,0.2822688817977905,0.8729428052902222,0.506621241569519
539,482,-2.9669050206646475,-1.9428992,1.1177537464102107,0.34054611836870496,0.24198056710263116,1.930982232093811,1.246802806854248,1.930982232093811,1.246802806854248,2.352036952972412,1.593719244003296,1.246802806854248,0.25250494480133057,1.246802806854248,0.25250494480133057,1.420261025428772,0.4496085047721863
540,482,-2.2559274024867277,-2.1201425,0.8584515966102481,0.7293766145035625,0.40319561384618297,1.4414376020431519,1.1737123727798462,1.4414376020431519,1.1737123727798462,2.277914047241211,1.7537859678268433,1.1737123727798462,0.39792191982269287,1.1737123727798462,0.39792191982269287,1.4637491703033447,0.7787869572639465
541,482,-0.6687622665640462,-2.6725667,1.3207381286968787,0.7040511086521044,0.7097921146017812,1.7931325435638428,1.4757933616638184,1.7931325435638428,1.4757933616638184,2.5548176765441895,2.654245138168335,1.4757933616638184,0.8204406499862671,1.4757933616638184,0.8204406499862671,1.77619469165802,1.11162269115448
542,482,-0.8687487112982852,-2.3925445,1.042392863755425,0.8618088358392318,0.43422972699006346,1.306457281112671,1.2597553730010986,1.306457281112671,1.2597553730010986,2.256709098815918,2.0293354988098145,1.2597553730010986,0.515250563621521,1.2597553730010986,0.515250563621521,1.6445454359054565,0.9455362558364868
543,482,-1.694038389126061,-1.3221643,0.1113168301930032,0.4998398603250582,0.5459330563743909,0.9612831473350525,1.2183409929275513,0.9612831473350525,1.2183409929275513,2.147830009460449,1.2183409929275513,0.505523145198822,0.3150651454925537,0.505523145198822,0.3150651454925537,0.7338305711746216,0.551784873008728
544,482,-0.9881439987159344,-0.9218386,0.2638699868569771,0.19986382635931177,0.5095685705045858,0.754124641418457,0.8957393765449524,0.754124641418457,0.8957393765449524,1.1735228300094604,0.8957393765449524,0.3891451358795166,0.1842271089553833,0.3891451358795166,0.1842271089553833,0.5571244955062866,0.35023635625839233
545,482,-1.875104043872204,-1.1712319,0.5458371155957382,0.21173563311497373,0.1638611369828381,1.0438095331192017,0.6895896196365356,1.0438095331192017,0.6895896196365356,1.313575029373169,0.8989439010620117,0.6895896196365356,0.1327112913131714,0.6895896196365356,0.1327112913131714,0.7942667603492737,0.2466507852077484
546,482,-0.7141315092950328,-1.1210066,0.29970469713211045,0.4285384483635426,0.25080249875783933,0.5546830892562866,0.7767051458358765,0.5546830892562866,0.7767051458358765,1.0245517492294312,0.7767051458358765,0.36240851879119873,0.1727428436279297,0.36240851879119873,0.1727428436279297,0.5695568323135376,0.3929908275604248
547,482,-0.6314032843195947,-1.4712781,0.6545637175068261,0.2827341217920185,0.349518848210573,1.1024079322814941,0.7488545179367065,1.1024079322814941,0.7488545179367065,1.5177353620529175,1.27603280544281,0.7488545179367065,0.2631450891494751,0.7488545179367065,0.2631450891494751,0.886500358581543,0.4114445447921753
548,482,-1.6379815421248305,-0.9485168,0.29384274986883,0.48766358939309906,0.2356638896962009,0.7636175751686096,0.740687370300293,0.7636175751686096,0.740687370300293,1.033294916152954,0.740687370300293,0.4707816541194916,0.1706923246383667,0.4707816541194916,0.1706923246383667,0.6057345271110535,0.3317508399486542
549,482,-0.5169029515392524,-0.81221056,0.18723060250282308,0.1856426119804382,0.39420185513794403,0.5780126452445984,0.7114611864089966,0.5780126452445984,0.7114611864089966,0.8111332058906555,0.7114611864089966,0.31403037905693054,0.15147632360458374,0.31403037905693054,0.15147632360458374,0.4298557639122009,0.2669265866279602
550,482,1.0729561704684794,-0.9903399,0.6638792316367227,0.19476001751919592,0.23578984071811038,1.0466537475585938,0.6994502544403076,1.0466537475585938,0.6994502544403076,1.216296672821045,0.9967411160469055,0.6994502544403076,0.14252662658691406,0.6994502544403076,0.14252662658691406,0.775091290473938,0.22222936153411865
551,482,-0.6048245599988162,-0.8596763,0.12305652836182457,0.47637563811925543,0.2649416142872847,0.7403674721717834,0.6470990777015686,0.7403674721717834,0.6470990777015686,0.9807379245758057,0.8361584544181824,0.43189623951911926,0.2136526107788086,0.43189623951911926,0.2136526107788086,0.5268719792366028,0.3012840151786804
552,482,-0.2399098824358994,-0.09312253,0.5197419140736261,0.13356477340062456,0.2934138317902883,0.35422271490097046,0.35422271490097046,0.35422271490097046,0.35422271490097046,0.5235128402709961,0.008850619196891785,0.35422271490097046,0.11407791078090668,0.35422271490097046,0.11407791078090668,0.2342950701713562,0.24607235193252563
553,482,0.1248518222628293,-0.15039037,0.2617158477505047,0.2444099860141674,0.254663912927111,0.9299506545066833,0.2594464421272278,0.9299506545066833,0.2594464421272278,1.715343713760376,0.0844455361366272,0.2594464421272278,0.2996974587440491,0.2594464421272278,0.2996974587440491,0.3359341621398926,0.23528999090194702
554,482,1.2745082557209648,-0.011001229,0.015071185380220453,0.17458460018038746,0.27853439003229136,0.2658982276916504,0.011403799057006836,0.2658982276916504,0.011403799057006836,0.35846927762031555,0.011403799057006836,0.2658982276916504,0.09958946704864502,0.2658982276916504,0.09958946704864502,0.18709595501422882,0.18760773539543152
555,482,1.1277542226450303,-0.22989647,0.27191850088847175,0.02645885456663874,0.10158084434146689,0.05106954276561737,0.05106954276561737,0.05106954276561737,0.05106954276561737,0.24285249412059784,0.13352379202842712,0.05106954276561737,0.05689211189746857,0.05106954276561737,0.05689211189746857,0.06265898048877716,0.12047529965639114
556,482,2.956348215744465,0.38930583,0.547190445427162,0.0010474641372760218,0.13006939623660102,0.4907163381576538,0.4907163381576538,0.4907163381576538,0.4907163381576538,0.014808893203735352,0.4681112468242645,0.4907163381576538,0.0377315878868103,0.4907163381576538,0.0377315878868103,0.46094006299972534,0.029972165822982788
557,482,2.6285434373974232,0.86605185,0.5477360694669186,0.3243600645288824,0.0171453058905896,0.4149099290370941,0.4801040589809418,0.4149099290370941,0.4801040589809418,0.8030176162719727,0.8662540912628174,0.4801040589809418,0.03672909736633301,0.4801040589809418,0.03672909736633301,0.6731790900230408,0.231875479221344
558,482,2.826556153354432,1.7011966,1.1287964766845104,0.29420477723702776,0.2659926601685587,1.0693118572235107,1.0693118572235107,1.0693118572235107,1.0693118572235107,0.8117993474006653,1.4587889909744263,1.0693118572235107,0.39220237731933594,1.0693118572235107,0.39220237731933594,1.2640504837036133,0.571549654006958
559,482,2.670039192281029,2.2876933,0.9189435166865587,0.8323060993850231,0.18968559704720978,0.8854912519454956,1.0388461351394653,0.8854912519454956,1.0388461351394653,1.904051423072815,2.033492088317871,1.0388461351394653,0.4135854244232178,1.0388461351394653,0.4135854244232178,1.5361690521240234,0.8929247856140137
560,482,1.7381280968023036,2.7542884,1.0390276528398201,0.7889361989746488,0.6596707234779993,0.8930141925811768,0.955479621887207,0.8930141925811768,0.955479621887207,1.8057646751403809,1.9977442026138306,0.955479621887207,0.8803294897079468,0.955479621887207,0.8803294897079468,1.476611852645874,1.2998318672180176
561,482,3.172028302651679,2.6836991,0.9032409292956194,0.8757384554048377,0.6627083363135655,0.83830726146698,0.9164546728134155,0.83830726146698,0.9164546728134155,1.9436465501785278,2.0178542137145996,0.9164546728134155,0.8074349164962769,0.9164546728134155,0.8074349164962769,1.4671545028686523,1.3366129398345947
562,482,2.5137518790606626,2.5426793,0.782191010483851,0.8608897660238046,0.803572677423557,1.0131852626800537,1.7641019821166992,1.0131852626800537,1.7641019821166992,1.8943493366241455,2.591827630996704,1.0803093910217285,0.6016262769699097,1.0803093910217285,0.6016262769699097,1.508795142173767,1.1801674365997314
563,482,2.3866820691959756,2.5028512,1.2762475269660358,0.5642797039821739,0.815789392068982,1.0203118324279785,1.0203118324279785,1.0203118324279785,1.0203118324279785,1.793947696685791,2.4851694107055664,1.0203118324279785,0.5743799209594727,1.0203118324279785,0.5743799209594727,1.4894382953643799,0.9680482745170593
564,482,2.991217136575858,2.4608316,0.9338049102574586,0.9881973078846934,0.4574297326803207,1.1751182079315186,2.063769817352295,1.1751182079315186,2.063769817352295,1.779029369354248,2.063769817352295,1.1751182079315186,0.625889778137207,1.1751182079315186,0.625889778137207,1.6194440126419067,1.0650871992111206
565,482,0.9051726998441793,2.6040769,0.751714248508215,0.6872225007414816,0.8768827863037586,1.0754449367523193,2.5266125202178955,1.0754449367523193,2.5266125202178955,1.5691770315170288,2.5266125202178955,1.0754449367523193,0.8454142808914185,1.0754449367523193,0.8454142808914185,1.4633138179779053,1.207585096359253
566,482,2.302921766586957,2.578474,0.9659417916710183,0.7277032998825108,0.7377429933349291,0.8828921318054199,0.8828921318054199,0.8828921318054199,0.8828921318054199,1.6282987594604492,2.565361738204956,0.8828921318054199,0.8266665935516357,0.8828921318054199,0.8266665935516357,1.3470538854599,1.2492860555648804
567,482,1.478954453387331,2.0580301,0.3638845346309245,0.9294174689240752,0.6487303951382637,1.1361439228057861,1.4963476657867432,1.1361439228057861,1.4963476657867432,1.660522699356079,2.1352145671844482,1.1361439228057861,0.37042558193206787,1.1361439228057861,0.37042558193206787,1.4761120080947876,0.799706757068634
568,482,1.839068608349249,1.9947163,1.0402695319196211,0.3038825201056894,0.7598993211472408,0.5084021091461182,0.7910788059234619,0.5084021091461182,0.7910788059234619,1.4871280193328857,2.060887575149536,0.7910788059234619,0.35444509983062744,0.7910788059234619,0.35444509983062744,1.2866880893707275,0.777459442615509
569,482,2.2806242767006406,1.636344,0.6367309918254611,0.6521385938674213,0.197570017874241,0.8920272588729858,1.4777613878250122,0.8920272588729858,1.4777613878250122,1.1425144672393799,1.4777613878250122,0.8920272588729858,0.3522341251373291,0.8920272588729858,0.3522341251373291,1.184894323348999,0.6764426827430725
570,482,2.3327450909023324,2.0431418,0.7797443244482085,0.43063501464823895,0.6495373537267242,0.487496018409729,0.6826977729797363,0.487496018409729,0.6826977729797363,1.4154454469680786,2.0698130130767822,0.6826977729797363,0.5884585380554199,0.6826977729797363,0.5884585380554199,1.146346926689148,0.9780443906784058
571,482,2.141723419109171,1.8993813,0.8552386769404017,0.4806795976807674,0.26032093872626594,0.953910231590271,0.953910231590271,0.953910231590271,0.953910231590271,1.4987530708312988,1.6499607563018799,0.953910231590271,0.4693105220794678,0.953910231590271,0.4693105220794678,1.3019354343414307,0.7785776853561401
572,482,3.863203013391912,2.2753358,0.8415399643530448,0.67759710231175,0.48398519971718423,0.7668612003326416,0.7668612003326416,0.7668612003326416,0.7668612003326416,1.6941168308258057,1.714961051940918,0.7668612003326416,0.723344087600708,0.7668612003326416,0.723344087600708,1.2409111261367798,1.137244701385498
573,482,1.9983343077798137,2.4039505,0.9029477427760135,0.7349082377878949,0.6896457898337398,0.7057361602783203,0.7935851812362671,0.7057361602783203,0.7935851812362671,1.6019184589385986,1.6851089000701904,0.7935851812362671,0.7888648509979248,0.7935851812362671,0.7888648509979248,1.239346981048584,1.2114906311035156
574,482,1.594619829487981,2.4593194,1.1840114251896738,0.6528343507274985,0.5605988880246879,1.0494282245635986,1.0494282245635986,1.0494282245635986,1.0494282245635986,1.2188653945922852,1.931821346282959,1.0494282245635986,0.8061352968215942,1.0494282245635986,0.8061352968215942,1.4906247854232788,1.1618266105651855
575,482,2.8326269467304193,2.6743827,0.8370300451417765,1.1096213397880401,0.5773337595661476,1.272839903831482,2.0810866355895996,1.272839903831482,2.0810866355895996,1.3212919235229492,2.0810866355895996,1.272839903831482,0.6807749271392822,1.272839903831482,0.6807749271392822,1.6769633293151855,1.104405164718628
576,482,2.0594437247801323,2.3719895,0.7126853618770839,0.6201927059143779,0.9406987316161394,1.1612730026245117,2.3971753120422363,1.1612730026245117,2.3971753120422363,0.9700925350189209,2.3971753120422363,1.1612730026245117,0.6910965442657471,1.1612730026245117,0.6910965442657471,1.4762941598892212,1.0435800552368164
577,482,1.8984765931005212,2.0635428,0.7745329481984179,0.3598953269856673,0.4135344475942352,0.8654096126556396,0.8654096126556396,0.8654096126556396,0.8654096126556396,1.284437656402588,2.0491676330566406,0.8654096126556396,0.6568416357040405,0.8654096126556396,0.6568416357040405,1.214298129081726,0.9455955624580383
578,482,2.7023625377598535,2.1682262,0.6801589333669595,0.8825956347429502,0.440582421713819,0.9926209449768066,1.753347396850586,0.9926209449768066,1.753347396850586,1.4420521259307861,1.753347396850586,0.9926209449768066,0.5562576055526733,0.9926209449768066,0.5562576055526733,1.3729841709136963,0.9262040853500366
579,482,0.6093131803199181,2.2584333,0.7127520874018468,0.6426105718563004,0.7688020194942751,0.949233889579773,2.3382344245910645,0.949233889579773,2.3382344245910645,1.2765566110610962,2.3382344245910645,0.949233889579773,0.7927491664886475,0.949233889579773,0.7927491664886475,1.311033010482788,1.1869027614593506
580,482,2.1951234541432902,2.2740095,0.9508714987275504,0.5996044459690648,0.5493520422962805,0.9286332130432129,0.9286332130432129,0.9286332130432129,0.9286332130432129,1.3617026805877686,1.6861717700958252,0.9286332130432129,0.7005228996276855,0.9286332130432129,0.7005228996276855,1.307402491569519,1.0190010070800781
581,482,1.7142839058779005,1.6830571,0.11876583681131403,0.6750019517044226,0.41807656858737285,0.9636990427970886,1.1979392766952515,0.9636990427970886,1.1979392766952515,1.2649458646774292,1.6960537433624268,0.9636990427970886,0.24562954902648926,0.9636990427970886,0.24562954902648926,1.2163617610931396,0.5712713599205017
582,482,2.392351163697414,1.8441885,0.8236162182254095,0.15243257251878584,0.664687897109737,0.5942795276641846,0.8214441537857056,0.5942795276641846,0.8214441537857056,1.5203521251678467,1.9395270347595215,0.8214441537857056,0.2521175146102905,0.8214441537857056,0.2521175146102905,1.2789984941482544,0.6770015358924866
583,482,1.1708003193311125,1.519865,0.7599565695226195,0.5791078023239973,0.00048471022397311714,0.4604966640472412,0.6619787812232971,0.4604966640472412,0.6619787812232971,1.1845192909240723,1.3790868520736694,0.6619787812232971,0.2041630744934082,0.6619787812232971,0.2041630744934082,1.0205328464508057,0.543708324432373
584,482,2.6066711860228224,2.0030668,0.733284454594056,0.3931175445268551,0.48509225706259396,0.72282874584198,0.72282874584198,0.72282874584198,0.72282874584198,1.3862411975860596,1.9714279174804688,0.72282874584198,0.5585024356842041,0.72282874584198,0.5585024356842041,1.083824634552002,0.8729057312011719
585,482,1.5387622894722472,1.8653482,0.47331093118836476,0.7162252236281834,0.41886895870168983,0.9230517745018005,1.4023454189300537,0.9230517745018005,1.4023454189300537,0.9041257500648499,1.4023454189300537,0.9230517745018005,0.6089626550674438,0.9230517745018005,0.6089626550674438,1.1626986265182495,0.8493022322654724
586,482,2.4591433985517197,1.933444,0.76253707700409,0.23056699499487898,0.509021541913971,0.8942548036575317,0.8942548036575317,0.8942548036575317,0.8942548036575317,1.5792819261550903,1.9913333654403687,0.8942548036575317,0.4352611303329468,0.8942548036575317,0.4352611303329468,1.2667901515960693,0.7789693474769592
587,482,1.320581587313576,1.88774,0.6027286925911903,0.7322609289363027,0.19349992383271464,0.9850143194198608,1.5884101390838623,0.9850143194198608,1.5884101390838623,1.1501288414001465,1.5884101390838623,0.9850143194198608,0.4236571788787842,0.9850143194198608,0.4236571788787842,1.2867121696472168,0.7453683614730835
588,482,2.0107508779630616,2.0838702,0.7786250721632194,0.42098131985093157,0.5883733773386723,0.7526321411132812,0.8139779567718506,0.7526321411132812,0.8139779567718506,1.5707902908325195,2.109515428543091,0.8139779567718506,0.5870480537414551,0.8139779567718506,0.5870480537414551,1.2223427295684814,0.9277372360229492
589,482,1.084040397791763,1.8359563,0.46784135264654947,0.7241198696599652,0.34917361947086967,0.9512342810630798,1.483904242515564,0.9512342810630798,1.483904242515564,1.0230672359466553,1.483904242515564,0.9512342810630798,0.5977470874786377,0.9512342810630798,0.5977470874786377,1.2175692319869995,0.8689149022102356
590,482,2.109502082976302,1.9496992,0.703111774896582,0.2969990485658247,0.561227203955253,0.566962480545044,0.7680552005767822,0.566962480545044,0.7680552005767822,1.3540736436843872,1.9784605503082275,0.7680552005767822,0.5183925628662109,0.7680552005767822,0.5183925628662109,1.1586626768112183,0.867026686668396
591,482,0.9353388533594128,1.6600956,0.3523963925490778,0.5659703294063607,0.27830451666067035,0.7867963314056396,1.2449791431427002,0.7867963314056396,1.2449791431427002,0.8500277996063232,1.2449791431427002,0.7867963314056396,0.4835164546966553,0.7867963314056396,0.4835164546966553,1.01588773727417,0.7154321670532227
592,482,1.3273222361032817,1.800004,0.5580596215898794,0.13889529089132968,0.4141975033159053,0.8088117837905884,0.8088117837905884,0.8088117837905884,0.8088117837905884,1.4430415630340576,1.8645182847976685,0.8088117837905884,0.4231768846511841,0.8088117837905884,0.4231768846511841,1.1412525177001953,0.7390846610069275
593,482,0.2565261434941358,1.4276218,0.3491211467981339,0.6522319143265486,0.21707190386950947,0.7729462385177612,1.1677756309509277,0.7729462385177612,1.1677756309509277,0.6772037744522095,1.1677756309509277,0.7729462385177612,0.35415220260620117,0.7729462385177612,0.35415220260620117,0.9703609347343445,0.5510133504867554
594,482,0.6151766177361002,1.3986492,0.2645691482971112,0.08627889933685451,0.46117474968234706,0.708698034286499,1.4688162803649902,0.708698034286499,1.4688162803649902,0.9077948331832886,1.4688162803649902,0.708698034286499,0.3096623420715332,0.708698034286499,0.3096623420715332,0.9507400393486023,0.5511399507522583
595,482,2.164190978256848,0.7242855,0.05182682003825906,0.28063702706247556,0.10977607913315302,0.4147201478481293,0.510425329208374,0.4147201478481293,0.510425329208374,0.5683266520500183,0.7712132930755615,0.4147201478481293,0.09333813190460205,0.4147201478481293,0.09333813190460205,0.5442231297492981,0.23318932950496674
596,482,0.8933933161005816,0.6882797,0.06426210095485055,0.08638251456121612,0.17915159729619828,0.39760443568229675,0.7326589822769165,0.39760443568229675,0.7326589822769165,0.12096911668777466,0.7326589822769165,0.39760443568229675,0.24072223901748657,0.39760443568229675,0.24072223901748657,0.4409540891647339,0.2857764959335327
597,482,1.4998745637655877,0.9976678,0.623820461444557,0.033140827994793565,0.05711304577067522,0.7885292768478394,0.7885292768478394,0.7885292768478394,0.7885292768478394,0.28992342948913574,1.0749062299728394,0.7885292768478394,0.20066940784454346,0.7885292768478394,0.20066940784454346,0.8277530670166016,0.23756879568099976
598,482,2.035143093064544,1.2709417,0.27281380295753477,0.613142251968384,0.08067538991570455,0.7954575419425964,1.1652562618255615,0.7954575419425964,1.1652562618255615,0.6356825828552246,1.1652562618255615,0.7954575419425964,0.19219112396240234,0.7954575419425964,0.19219112396240234,0.9803569316864014,0.38692784309387207
599,482,1.591793355132807,1.4230311,0.2958329551666975,0.0952981530874969,0.5263674074411391,0.7338806986808777,1.618755578994751,0.7338806986808777,1.618755578994751,1.0465004444122314,1.618755578994751,0.7338806986808777,0.32310986518859863,0.7338806986808777,0.32310986518859863,1.0144425630569458,0.5940256118774414
600,482,1.964726533603972,1.4897056,0.6211669762184221,0.3459128603090844,0.16871015523870792,0.7433848977088928,0.7433848977088928,0.7433848977088928,0.7433848977088928,1.0808699131011963,1.2641937732696533,0.7433848977088928,0.2810481786727905,0.7433848977088928,0.2810481786727905,1.0037893056869507,0.533073365688324
601,482,1.3348528969589706,1.7690256,0.367438357460002,0.5512442976298427,0.2623620665880547,0.730401873588562,1.3673135042190552,0.730401873588562,1.3673135042190552,1.1849833726882935,1.3673135042190552,0.730401873588562,0.45305514335632324,0.730401873588562,0.45305514335632324,1.0488576889038086,0.7674310207366943
602,482,3.2182062479081432,1.9525162,0.6011207780009136,0.39437828578520584,0.5293927601445465,0.6885280609130859,0.7164030075073242,0.6885280609130859,0.7164030075073242,1.3967324495315552,2.002891778945923,0.7164030075073242,0.5912460088729858,0.7164030075073242,0.5912460088729858,1.071058750152588,0.9131463766098022
603,482,-0.2303861771565052,1.6119751,0.3249937625974416,0.43432780519127845,0.29413665860891347,0.6041218042373657,1.1022934913635254,0.6041218042373657,1.1022934913635254,0.8649120926856995,1.1022934913635254,0.6041218042373657,0.4497859477996826,0.6041218042373657,0.4497859477996826,0.8532076478004456,0.703096866607666
604,482,2.626820091492071,2.083876,0.864087533354759,0.14687567375600352,0.4537674318999052,0.9679152965545654,0.9679152965545654,0.9679152965545654,0.9679152965545654,1.2131829261779785,2.119971752166748,0.9679152965545654,0.34287500381469727,0.9679152965545654,0.34287500381469727,1.3176828622817993,0.6555355787277222
605,482,-0.4327453580824201,1.4516246,0.2095166845122971,0.8232661100973684,0.26067046550412964,1.056556224822998,0.9641554951667786,1.056556224822998,0.9641554951667786,0.8913868069648743,1.3887614011764526,1.056556224822998,0.09241747856140137,1.056556224822998,0.09241747856140137,1.2698169946670532,0.2425733208656311
606,482,1.662980007445625,1.5345032,0.7697670833518104,0.24127131095776955,0.6807939506818853,0.6441507935523987,0.8559685945510864,0.6441507935523987,0.8559685945510864,1.4669716358184814,1.616911768913269,0.8559685945510864,0.08802986145019531,0.8559685945510864,0.08802986145019531,1.2766621112823486,0.39620256423950195
607,482,1.2469758243410023,0.5974314,0.3693042610337339,0.6474374553437036,0.2598268281047542,0.8369675278663635,0.6705072522163391,0.8369675278663635,0.6705072522163391,0.3617650270462036,0.6705072522163391,0.8369675278663635,0.07393980026245117,0.8369675278663635,0.07393980026245117,0.7537373900413513,0.16064995527267456
608,482,0.3643482917016114,1.2495183,0.3996784282848238,0.40531782321631915,0.6272115230187776,0.790351390838623,1.339621663093567,0.790351390838623,1.339621663093567,0.43277573585510254,1.339621663093567,0.790351390838623,0.6339892745018005,0.790351390838623,0.6339892745018005,0.7144269943237305,0.5506043434143066
609,482,1.3462478188203209,0.9448078,0.33218802979836853,0.3753675702090066,0.28178946023186047,0.5513753890991211,1.044105052947998,0.5513753890991211,1.044105052947998,0.874045193195343,1.044105052947998,0.5513753890991211,0.1296495795249939,0.5513753890991211,0.1296495795249939,0.7977402210235596,0.2266554832458496
610,482,-0.7733074374045822,0.9863843,0.013534452436336553,0.2810188899588926,0.35478084123965037,0.5009554624557495,1.0347133874893188,0.5009554624557495,1.0347133874893188,0.7667999267578125,1.0347133874893188,0.5009554624557495,0.13636159896850586,0.5009554624557495,0.13636159896850586,0.7006170153617859,0.35158783197402954
611,482,0.8646539784980334,1.0115678,0.3328587938845155,0.08291109636425964,0.1754959697276356,0.5216168761253357,0.5216168761253357,0.5216168761253357,0.5216168761253357,0.8801639676094055,1.0377559661865234,0.5216168761253357,0.13886874914169312,0.5216168761253357,0.13886874914169312,0.7158799767494202,0.32658496499061584
612,482,0.1519220814160429,0.18234006,0.49172145998726285,0.20493850780030082,0.12081516242275636,1.1078418493270874,0.30478546023368835,1.1078418493270874,0.30478546023368835,0.6413906812667847,0.1697898507118225,0.30478546023368835,0.11652301996946335,0.30478546023368835,0.11652301996946335,0.23728765547275543,0.34453850984573364
613,482,-0.3003161432175893,0.38269204,0.09954344160854806,0.553028107881546,0.21077986065298332,1.1021184921264648,0.0472162663936615,1.1021184921264648,0.0472162663936615,0.6276904940605164,0.45044076442718506,0.27920520305633545,0.3178616166114807,0.27920520305633545,0.3178616166114807,0.20217014849185944,0.5040494203567505
614,482,0.2769949254766795,0.120412536,0.13852716987331715,0.0793989124769966,0.4221654882406196,0.7239372730255127,0.10354506969451904,0.7239372730255127,0.10354506969451904,0.9111211895942688,0.10354506969451904,0.2408631145954132,0.30462759733200073,0.2408631145954132,0.30462759733200073,0.21335390210151672,0.3336540162563324
615,482,0.3886563182253125,0.12245643,0.31044838059072705,0.18547051905964806,0.0745462577293316,0.5398024320602417,0.11187443137168884,0.5398024320602417,0.11187443137168884,0.7411181926727295,0.059469372034072876,0.11187443137168884,0.23434200882911682,0.11187443137168884,0.23434200882911682,0.08567190170288086,0.25985077023506165
616,482,-0.1631583589205037,0.07448873,0.0384205857664347,0.2877934031747282,0.08270502353087061,0.3014358580112457,9.825825691223145e-05,0.3014358580112457,9.825825691223145e-05,0.29309892654418945,0.048068199306726456,0.10168053209781647,0.10212548077106476,0.10168053209781647,0.10212548077106476,0.07814338058233261,0.12620699405670166
617,482,0.0055528169765649,0.14360869,0.02032068266843773,0.1187523798396189,0.32213831085090827,0.35287904739379883,0.14218346774578094,0.35287904739379883,0.14218346774578094,0.2947245240211487,0.14218346774578094,0.10830995440483093,0.14933308959007263,0.10830995440483093,0.14933308959007263,0.05769018828868866,0.20166461169719696
618,482,0.5152050981176653,0.16151862,0.3121726975745211,0.11249148739191395,0.15882820252949986,0.27171653509140015,0.06237339973449707,0.27171653509140015,0.06237339973449707,0.21567650139331818,0.1776057928800583,0.06237339973449707,0.14478802680969238,0.06237339973449707,0.14478802680969238,0.04773972928524017,0.19212155044078827
619,482,-0.8659301539464496,0.084111296,0.1773955859678487,0.29960855670894193,0.011462606588999391,0.2628660500049591,0.05682123452425003,0.2628660500049591,0.05682123452425003,0.40507766604423523,0.05682123452425003,0.058897264301776886,0.13160428404808044,0.058897264301776886,0.13160428404808044,0.05785924941301346,0.1326393187046051
620,482,0.5420235437175185,0.051609885,0.12734823885684188,0.36224925936510183,0.29885766390090196,0.19298727810382843,0.20088200271129608,0.19298727810382843,0.20088200271129608,0.45139873027801514,0.1532166302204132,0.0020726174116134644,0.19886009395122528,0.0020726174116134644,0.19886009395122528,0.024045901373028755,0.17502319812774658
621,482,-1.1998818828434423,-0.13886514,0.4889947645366191,0.01995529234409321,0.1650878971815109,0.8467217683792114,0.3251914083957672,0.8467217683792114,0.3251914083957672,1.0444918870925903,0.12449038028717041,0.3251914083957672,0.1897394061088562,0.3251914083957672,0.1897394061088562,0.3240697383880615,0.19079825282096863
622,482,0.005410247610556,0.058620065,0.03081372931599613,0.5341604524292052,0.02455084992572676,0.824765682220459,0.09343314170837402,0.824765682220459,0.09343314170837402,0.6225310564041138,0.09343314170837402,0.28748956322669983,0.1713854819536209,0.28748956322669983,0.1713854819536209,0.19046135246753693,0.2710013687610626
623,482,0.3010698179293616,-0.5209281,0.6355738646909594,0.011234774924814728,0.45578889869153505,1.0701996088027954,0.41609078645706177,1.0701996088027954,0.41609078645706177,1.7506062984466553,0.5123600959777832,0.41609078645706177,0.18821394443511963,0.41609078645706177,0.18821394443511963,0.5588402152061462,0.14762818813323975
624,482,-0.0838696358410145,-0.22563115,0.24244984512527779,0.5970633106057842,0.004555715682605821,0.9869844913482666,0.3597606420516968,0.9869844913482666,0.3597606420516968,1.169419765472412,0.3597606420516968,0.36154332756996155,0.1618305742740631,0.36154332756996155,0.1618305742740631,0.36065196990966797,0.16273397207260132
625,482,-0.908255529291392,-0.2898729,0.028544938166936262,0.13772510786851244,0.5115190651019415,0.8670673370361328,0.2918183505535126,0.8670673370361328,0.2918183505535126,0.9574559926986694,0.2918183505535126,0.40301448106765747,0.11012193560600281,0.40301448106765747,0.11012193560600281,0.40209901332855225,0.1110924780368805
626,482,1.804380532651344,0.14065608,0.23833277730892105,0.08017734164992962,0.19075928247223312,0.15599900484085083,0.027788370847702026,0.15599900484085083,0.027788370847702026,0.24536123871803284,0.07373079657554626,0.027788370847702026,0.09976597130298615,0.027788370847702026,0.09976597130298615,0.026954248547554016,0.10060916095972061
627,482,-0.1591913541651651,-0.24247652,0.503741684431831,0.2772769878307977,0.11655038150648278,0.6782026290893555,0.27783647179603577,0.6782026290893555,0.27783647179603577,0.8313547968864441,0.3035798668861389,0.27783647179603577,0.08392530679702759,0.27783647179603577,0.08392530679702759,0.29070818424224854,0.0717131495475769
628,482,-0.0243276195781012,0.25056416,0.3550459807304045,0.5103145009434473,0.20718207766922803,1.2272942066192627,0.31686049699783325,1.2272942066192627,0.31686049699783325,0.6106628179550171,0.31686049699783325,0.2692708969116211,0.02425438165664673,0.2692708969116211,0.02425438165664673,0.2930656969547272,0.2963005304336548
629,482,-0.4247908474207562,0.27433562,0.23737830753127753,0.358710361396273,0.5131381225834288,1.2036889791488647,0.2502307891845703,1.2036889791488647,0.2502307891845703,0.508055567741394,0.2502307891845703,0.2804147005081177,0.05688130855560303,0.2804147005081177,0.05688130855560303,0.29394346475601196,0.30439281463623047
630,482,-0.6591816566740727,0.4896145,0.22495875120162945,0.35272889129817475,0.3206343726813792,0.7389062643051147,0.05811053514480591,0.7389062643051147,0.05811053514480591,0.15082114934921265,0.48100709915161133,0.05046510696411133,0.007624328136444092,0.05046510696411133,0.007624328136444092,0.2698470950126648,0.2694777548313141
631,482,-0.5099616090247883,-0.24070051,0.35836327992379674,0.192411655858159,0.23296805620193473,0.27521222829818726,0.1394544243812561,0.27521222829818726,0.1394544243812561,0.3690032362937927,0.19795668125152588,0.1394544243812561,0.007799088954925537,0.1394544243812561,0.007799088954925537,0.16471940279006958,0.03283870220184326
632,482,-0.6402427873413903,-0.37980777,0.41251974488298104,0.4081495828429858,0.1649771709243456,0.4019061326980591,0.1986083686351776,0.4019061326980591,0.1986083686351776,0.6685425639152527,0.3322141766548157,0.1986083686351776,0.007807135581970215,0.1986083686351776,0.007807135581970215,0.26541125774383545,0.07266388088464737
633,482,-0.0206822726554265,-0.6184613,0.36786522924900045,0.44867458157241363,0.309980145767331,0.27537596225738525,0.35795068740844727,0.27537596225738525,0.35795068740844727,0.464161217212677,0.35795068740844727,0.2003035545349121,0.12732714414596558,0.2003035545349121,0.12732714414596558,0.2791271209716797,0.20351558923721313
634,482,0.7848797012200124,-0.6115012,0.4439444265514612,0.43247153583914033,0.36228792082518346,0.2475261688232422,0.20265528559684753,0.2475261688232422,0.20265528559684753,0.429461807012558,0.38305556774139404,0.20265528559684753,0.20464065670967102,0.20265528559684753,0.20464065670967102,0.292855441570282,0.29146039485931396
635,482,0.0310409213483769,-0.3380574,0.18387534086902946,0.3987544741791985,0.38957729637001937,0.41048750281333923,0.22281520068645477,0.41048750281333923,0.22281520068645477,0.7225977182388306,0.38413697481155396,0.21635353565216064,0.006607145071029663,0.21635353565216064,0.006607145071029663,0.2970200181007385,0.0909024178981781
636,482,1.196633450472606,0.03790532,0.032705624798933575,0.25167605419953654,0.432484991674622,0.6256741285324097,0.0630216971039772,0.6256741285324097,0.0630216971039772,0.9065799117088318,0.0630216971039772,0.20074935257434845,0.267076313495636,0.20074935257434845,0.267076313495636,0.2043069750070572,0.2635675370693207
637,482,-0.4682725435180459,0.19782454,0.12074273511767394,0.07947944596409803,0.10788808986544607,0.24196863174438477,0.010309189558029175,0.24196863174438477,0.010309189558029175,0.500140368938446,0.2720508575439453,0.010309189558029175,0.26861387491226196,0.010309189558029175,0.26861387491226196,0.007010988891124725,0.2652961313724518
638,482,1.9436779074780888,0.7009633,0.20999531819174677,0.2341045330589016,0.017207046026984807,0.40664058923721313,0.38974910974502563,0.40664058923721313,0.38974910974502563,0.0278051495552063,0.38974910974502563,0.010662853717803955,0.24038082361221313,0.010662853717803955,0.24038082361221313,0.2002059817314148,0.4383728504180908
639,482,1.8383646367601696,0.18707502,0.22529852529366812,0.28801096724967157,0.10318773967524364,0.38326823711395264,0.24121814966201782,0.38326823711395264,0.24121814966201782,0.26802903413772583,0.24121814966201782,0.38326823711395264,0.010538041591644287,0.38326823711395264,0.010538041591644287,0.31224319338798523,0.07137367129325867
640,482,1.0982161062642328,0.8200513,0.3493967261475823,0.47437362205858025,0.06912529402722889,1.0447012186050415,0.5173439979553223,1.0447012186050415,0.5173439979553223,0.3416023254394531,0.5173439979553223,0.1678844690322876,0.35463154315948486,0.1678844690322876,0.35463154315948486,0.34261423349380493,0.699938178062439
641,482,2.1696559057936335,1.1535403,0.4186508125873899,0.4189232125893855,0.3403232454586147,0.6602609157562256,1.2712434530258179,0.6602609157562256,1.2712434530258179,1.2369135618209839,1.2712434530258179,0.6602609157562256,0.1395803689956665,0.6602609157562256,0.1395803689956665,0.9657521843910217,0.30680152773857117
642,482,1.920707097485983,1.7236047,0.20462443849692746,0.4857033996904891,0.48235949414471774,0.6656674146652222,1.0508381128311157,0.6656674146652222,1.0508381128311157,1.3188190460205078,1.7333505153656006,0.7044428586959839,0.3608347177505493,0.7044428586959839,0.3608347177505493,1.0312447547912598,0.6980324983596802
643,482,1.0666698997676347,1.8521051,0.5669740108400583,0.2032619629427791,0.4183896453306081,0.7556498050689697,0.7556498050689697,0.7556498050689697,0.7556498050689697,1.3276793956756592,1.8436527252197266,0.7556498050689697,0.4471409320831299,0.7556498050689697,0.4471409320831299,1.1011940240859985,0.7559220790863037
644,482,1.909793335161274,1.7569927,0.45396471673001837,0.49249070515235266,0.1115920999025306,0.7650942206382751,1.4305336475372314,0.7650942206382751,1.4305336475372314,1.3421292304992676,1.4305336475372314,0.7650942206382751,0.33829009532928467,0.7650942206382751,0.33829009532928467,1.0978139638900757,0.6801460385322571
645,482,1.7816252436472793,1.7464455,0.1787448766361922,0.474157414822839,0.525063646673225,0.6861597299575806,1.7219254970550537,0.6861597299575806,1.7219254970550537,1.2598179578781128,1.7219254970550537,0.6861597299575806,0.35581934452056885,0.6861597299575806,0.35581934452056885,1.0186147689819336,0.687096357345581
646,482,1.612755151919714,1.5631748,0.41003245947261646,0.17018068445225565,0.40852366124590245,0.6282323598861694,0.6321150660514832,0.6282323598861694,0.6321150660514832,1.2381857633590698,1.5925276279449463,0.6321150660514832,0.40916407108306885,0.6321150660514832,0.40916407108306885,0.9369717836380005,0.6972777843475342
647,482,2.3312831455126597,1.6323824,0.36408698252091776,0.4561790197963518,0.13225974614421532,0.7312761545181274,1.3380128145217896,0.7312761545181274,1.3380128145217896,1.2946155071258545,1.3380128145217896,0.7312761545181274,0.37527966499328613,0.7312761545181274,0.37527966499328613,1.0346444845199585,0.6900928020477295
648,482,0.7715457423493066,1.8058014,0.38273662071675074,0.44106240447610595,0.4431943567097189,0.5989668369293213,1.8134602308273315,0.5989668369293213,1.8134602308273315,1.2012507915496826,1.8134602308273315,0.5989668369293213,0.5562183856964111,0.5989668369293213,0.5562183856964111,0.9235875606536865,0.886304497718811
649,482,1.495735501479084,1.8347206,0.5414284323404227,0.2906305506328748,0.3134089981267851,0.690741777420044,0.690741777420044,0.690741777420044,0.690741777420044,1.0909618139266968,1.779381513595581,0.690741777420044,0.5749126672744751,0.690741777420044,0.5749126672744751,0.9778147339820862,0.8230096697807312
650,482,1.8288970409543113,1.5802289,0.04948714464902859,0.4410117421299222,0.2023353186249729,0.8124420642852783,1.0411934852600098,0.8124420642852783,1.0411934852600098,1.0682296752929688,1.5119973421096802,0.8124420642852783,0.25968098640441895,0.8124420642852783,0.25968098640441895,1.046349287033081,0.5220047235488892
651,482,1.387163771086083,1.4547124,0.10360634731749702,0.13941725057860216,0.3497838144997756,0.6862795352935791,1.38808274269104,0.6862795352935791,1.38808274269104,0.4228682518005371,1.38808274269104,0.6862795352935791,0.45574498176574707,0.6862795352935791,0.45574498176574707,0.8118955492973328,0.5954639911651611
652,482,2.140116838530721,1.3439962,0.3330723408857982,0.23954639139274747,0.03635068965454891,0.5805144309997559,0.5805144309997559,0.5805144309997559,0.5805144309997559,0.9808874130249023,1.090699315071106,0.5805144309997559,0.2790600061416626,0.5805144309997559,0.2790600061416626,0.8356068730354309,0.5426590442657471
653,482,0.4362288154894269,1.6035392,0.22205956041812913,0.33125738181173764,0.19124500729143634,0.7183038592338562,1.1716930866241455,0.7183038592338562,1.1716930866241455,1.0278314352035522,1.1716930866241455,0.7183038592338562,0.5124142169952393,0.7183038592338562,0.5124142169952393,0.9449985027313232,0.7576014995574951
654,482,1.8234390254625792,1.679041,0.3943302382342515,0.1787900376413022,0.2632877612579614,0.672088623046875,0.672088623046875,0.672088623046875,0.672088623046875,1.1370201110839844,1.665496826171875,0.672088623046875,0.5036556720733643,0.672088623046875,0.5036556720733643,0.9494979381561279,0.7422653436660767
655,482,1.881844028639419,1.2192925,0.20095354159673073,0.40225653919080917,0.17023628341654934,0.7363696694374084,0.869198203086853,0.7363696694374084,0.869198203086853,0.33794867992401123,0.869198203086853,0.7363696694374084,0.4734598398208618,0.7363696694374084,0.4734598398208618,0.8027839660644531,0.5452869534492493
656,482,1.695341660721315,1.3711596,0.31641262805710213,0.1440936754768093,0.39421695368985354,0.6507389545440674,1.367805004119873,0.6507389545440674,1.367805004119873,1.121182918548584,1.367805004119873,0.6507389545440674,0.1634044647216797,0.6507389545440674,0.1634044647216797,0.9359920620918274,0.43046292662620544
657,482,2.271108130388033,1.2624178,0.3516174056008461,0.30152288246899844,0.1391727336496117,0.5778101086616516,0.5778101086616516,0.5778101086616516,0.5778101086616516,1.1439484357833862,1.163318157196045,0.5778101086616516,0.12804675102233887,0.5778101086616516,0.12804675102233887,0.8705641031265259,0.41461774706840515
658,482,-0.0687716962117666,1.7808509,0.2893259487549463,0.38653963147352133,0.3140531827385228,0.6743742227554321,1.20172917842865,0.6743742227554321,1.20172917842865,1.1877036094665527,1.7502270936965942,0.6743742227554321,0.5373228788375854,0.6743742227554321,0.5373228788375854,0.9396488070487976,0.8344008326530457
659,482,1.1532730038071768,1.9383371,0.5095257568669814,0.3989362949815891,0.42389495862026993,0.6884675025939941,0.6884675025939941,0.6884675025939941,0.6884675025939941,1.198439121246338,1.9019482135772705,0.6884675025939941,0.6196234226226807,0.6884675025939941,0.6196234226226807,1.0117719173431396,0.9179525375366211
660,482,0.0761037372213799,1.3705351,0.21871810745447884,0.588307417407632,0.34963252279907453,0.8241223096847534,0.8014042973518372,0.8241223096847534,0.8014042973518372,1.1982200145721436,1.3726928234100342,0.8241223096847534,0.02416086196899414,0.8241223096847534,0.02416086196899414,1.1095657348632812,0.3011167645454407
661,482,0.8622435066547047,1.0178146,0.15675914494010312,0.22622803761002927,0.5269345588951061,0.6729474067687988,1.0078696012496948,0.6729474067687988,1.0078696012496948,0.0877232551574707,1.0078696012496948,0.6729474067687988,0.3454744815826416,0.6729474067687988,0.3454744815826416,0.6618415117263794,0.33379313349723816
662,482,-1.813133444321777,0.40990606,0.25097280163511937,0.03815810591719726,0.3218034838310753,0.36496832966804504,0.319210946559906,0.36496832966804504,0.319210946559906,0.6671260595321655,0.319210946559906,0.018382251262664795,0.31670424342155457,0.018382251262664795,0.31670424342155457,0.011122792959213257,0.32732197642326355
663,482,0.2498596022438657,0.6224968,0.08826671623003993,0.21358329315359406,0.18435450459209568,0.3811134696006775,0.3354194164276123,0.3811134696006775,0.3354194164276123,0.05188250541687012,0.7760702967643738,0.028511881828308105,0.3070812523365021,0.028511881828308105,0.3070812523365021,0.24953246116638184,0.5276991724967957
664,482,0.7141616052261297,-0.27746496,0.8341591101574399,0.0035557861284662984,0.24749077856230228,1.4919371604919434,0.5649127960205078,1.4919371604919434,0.5649127960205078,1.727292537689209,0.24048274755477905,0.5649127960205078,0.24060788750648499,0.5649127960205078,0.24060788750648499,0.5527307987213135,0.25016939640045166
665,482,-1.3760923173673612,-0.20128253,0.15568015702068783,0.7811251929402352,0.05811715565621833,1.4571291208267212,0.4624210000038147,1.4571291208267212,0.4624210000038147,1.5712074041366577,0.4624210000038147,0.5324563980102539,0.27051639556884766,0.5324563980102539,0.27051639556884766,0.4974386990070343,0.309975266456604
666,482,0.3547561345879432,-0.28836587,0.07367099257806964,0.21336638356248538,0.8405890003095069,1.358246922492981,0.31703466176986694,1.358246922492981,0.31703466176986694,1.435956597328186,0.31703466176986694,0.6105424761772156,0.22218844294548035,0.6105424761772156,0.22218844294548035,0.5702619552612305,0.26976028084754944
667,482,1.13673306509953,-0.08042243,0.5545838856448728,0.03778022455672414,0.07995041822393745,0.9323133230209351,0.34414324164390564,0.9323133230209351,0.34414324164390564,0.9966864585876465,0.0485500693321228,0.34414324164390564,0.19805002212524414,0.34414324164390564,0.19805002212524414,0.3061180114746094,0.2364812195301056
668,482,0.2150359407661226,-0.11857109,0.1333715519060692,0.7013615071525177,0.025809462641676384,1.161929726600647,0.3222011923789978,1.161929726600647,0.3222011923789978,1.1635174751281738,0.3222011923789978,0.43657994270324707,0.23308588564395905,0.43657994270324707,0.23308588564395905,0.37939056754112244,0.28598204255104065
669,482,-0.1777728375278823,0.024313211,0.18363298341631887,0.12105577394366263,0.6213097836077213,1.1679229736328125,0.007837891578674316,1.1679229736328125,0.007837891578674316,0.8256775140762329,0.007837891578674316,0.41541075706481934,0.12528613209724426,0.41541075706481934,0.12528613209724426,0.2541811466217041,0.29524677991867065
670,482,-1.2897930456490128,0.5627844,0.13541223976140224,0.13228099073904245,0.1093282042847325,0.23446416854858398,0.0686262845993042,0.23446416854858398,0.0686262845993042,0.144680917263031,0.4359019994735718,0.0686262845993042,0.10851240158081055,0.0686262845993042,0.10851240158081055,0.252264142036438,0.2918899953365326
671,482,-1.4142407141272595,0.3617636,0.311097407390674,0.2667995635916791,0.05451907674471557,0.4221380352973938,0.046980708837509155,0.4221380352973938,0.046980708837509155,0.6654945611953735,0.01329854130744934,0.046980708837509155,0.3347545266151428,0.046980708837509155,0.3347545266151428,0.030139625072479248,0.365468293428421
672,482,-0.7178299335523672,-0.36418653,0.5679958215231697,0.27529141592482725,0.08649490295598894,0.8302729725837708,0.3637204170227051,0.8302729725837708,0.3637204170227051,1.012606143951416,0.420929878950119,0.3637204170227051,0.06315171718597412,0.3637204170227051,0.06315171718597412,0.39232516288757324,0.03600943088531494
673,482,-2.4256486562290323,-0.7817944,0.5229234049965936,0.5704048207898935,0.2322309945275387,0.698785662651062,0.7258998155593872,0.698785662651062,0.7258998155593872,1.449601411819458,0.7258998155593872,0.36318883299827576,0.049890875816345215,0.36318883299827576,0.049890875816345215,0.5445443391799927,0.21951068937778473
674,482,-1.506545387111769,-1.1256318,0.543099761468669,0.7640684863676626,0.718379862693449,0.6776202917098999,0.6387616991996765,0.6776202917098999,0.6387616991996765,1.2759425640106201,1.0952138900756836,0.43318766355514526,0.17093414068222046,0.43318766355514526,0.17093414068222046,0.658247709274292,0.40709173679351807
675,482,-1.8714009916982723,-1.0792359,0.6944456805040439,0.40594080162545065,0.5601835859318576,0.9716613292694092,0.41885900497436523,0.9716613292694092,0.41885900497436523,1.5822157859802246,1.1095088720321655,0.41885900497436523,0.18860137462615967,0.41885900497436523,0.18860137462615967,0.6631273031234741,0.3861680030822754
676,482,-1.0156199206584344,-1.2626489,0.6061303512255349,0.8958281911412876,0.4685864532987276,1.1064985990524292,0.9383438229560852,1.1064985990524292,0.9383438229560852,1.8281378746032715,0.9383438229560852,0.5679936408996582,0.20680975914001465,0.5679936408996582,0.20680975914001465,0.7531687021255493,0.35730040073394775
677,482,-0.8163960760190725,-1.4558526,0.6216790190214914,0.6398331672201554,0.8427518262589971,0.8759358525276184,1.4661262035369873,0.8759358525276184,1.4661262035369873,1.271907925605774,1.4661262035369873,0.5894135236740112,0.2786966562271118,0.5894135236740112,0.2786966562271118,0.7855852842330933,0.49949076771736145
678,482,0.6632548301262269,-1.2799431,0.5198041136935352,0.8587178699299695,0.7163819763064383,0.7833437919616699,0.7825238704681396,0.7833437919616699,0.7825238704681396,1.4670252799987793,1.296451210975647,0.5023697018623352,0.2292574644088745,0.5023697018623352,0.2292574644088745,0.7547723054885864,0.47058892250061035
679,482,-0.6569532588423163,-1.0844021,0.32921335647503525,0.4622829152892034,0.6203775209436815,0.8831929564476013,1.0899958610534668,0.8831929564476013,1.0899958610534668,1.2106013298034668,1.0899958610534668,0.5699391961097717,0.18440043926239014,0.5699391961097717,0.18440043926239014,0.7180545926094055,0.35575613379478455
680,482,1.1591364290663684,-0.448482,0.035198820481697646,0.4705911373967926,0.5057587683821719,0.8296319842338562,0.3921649754047394,0.8296319842338562,0.3921649754047394,1.5964977741241455,0.3921649754047394,0.35079866647720337,0.2020910084247589,0.35079866647720337,0.2020910084247589,0.47495216131210327,0.12634460628032684
681,482,0.5634406048003691,-0.21538368,0.4501444296973447,0.04180253377805154,0.4877621000694731,0.6821352243423462,0.2147364318370819,0.6821352243423462,0.2147364318370819,1.3585337400436401,0.2147364318370819,0.23344796895980835,0.2155689299106598,0.23344796895980835,0.2155689299106598,0.3365362286567688,0.1218666285276413
682,482,0.4279195610741464,0.36255935,0.17825733141352726,0.40610618651534114,0.004887657879541235,0.8085449934005737,0.16385897994041443,0.8085449934005737,0.16385897994041443,0.4107803404331207,0.16385897994041443,0.19330748915672302,0.17584380507469177,0.19330748915672302,0.17584380507469177,0.17858323454856873,0.3506796956062317
683,482,1.3085282829492255,0.2964367,0.05185591436301673,0.16725224048520126,0.4804389822234709,0.7813392877578735,0.384005069732666,0.7813392877578735,0.384005069732666,0.35225561261177063,0.384005069732666,0.2010895013809204,0.19160830974578857,0.2010895013809204,0.19160830974578857,0.20010560750961304,0.38800865411758423
684,482,0.4056275197941198,0.64041215,0.09218315516288074,0.0146640938830873,0.165923060302933,0.3394881784915924,0.6553362607955933,0.3394881784915924,0.6553362607955933,0.2434864640235901,0.6553362607955933,0.3394881784915924,0.19052016735076904,0.3394881784915924,0.19052016735076904,0.40591734647750854,0.2585182785987854
685,482,1.6504144036883683,0.65060353,0.190048901711901,0.05457085082928342,0.03133581635852653,0.38878050446510315,0.38878050446510315,0.38878050446510315,0.38878050446510315,0.2383190095424652,0.5225052237510681,0.38878050446510315,0.17472004890441895,0.38878050446510315,0.17472004890441895,0.4556428790092468,0.24374043941497803
686,482,1.4034919804709436,0.7051506,0.09654553985533586,0.19524005078400167,0.11327260265437282,0.4256662130355835,0.5458762645721436,0.4256662130355835,0.5458762645721436,0.2928423583507538,0.6773506999015808,0.4256662130355835,0.13026201725006104,0.4256662130355835,0.13026201725006104,0.4900655746459961,0.19684074819087982
687,482,1.497525421167601,1.0991567,0.3828732964656472,0.031135450278137466,0.2594754785530192,0.5047180652618408,0.5047180652618408,0.5047180652618408,0.5047180652618408,0.804327130317688,1.0377076864242554,0.5047180652618408,0.13630235195159912,0.5047180652618408,0.13630235195159912,0.7072717547416687,0.3212915360927582
688,482,1.5323284456933497,1.1850457,0.3065128185537953,0.36919603071485974,0.05130874885867043,0.6001322865486145,1.0342992544174194,0.6001322865486145,1.0342992544174194,0.9584149122238159,1.0342992544174194,0.6001322865486145,0.14340496063232422,0.6001322865486145,0.14340496063232422,0.8172158002853394,0.3668631315231323
689,482,2.5736670905566212,1.5089233,0.2890141457567611,0.27423695134619885,0.31333314771453535,0.5450094938278198,1.4490972757339478,0.5450094938278198,1.4490972757339478,0.9759242534637451,1.4490972757339478,0.5450094938278198,0.527726411819458,0.5450094938278198,0.527726411819458,0.7842806577682495,0.752861738204956
690,482,1.7261010412846636,1.4249784,0.2950639629115662,0.25107707645123206,0.23269866410021967,0.46965599060058594,0.46965599060058594,0.46965599060058594,0.46965599060058594,0.9799284934997559,0.9908595085144043,0.46965599060058594,0.4677952527999878,0.46965599060058594,0.4677952527999878,0.7302577495574951,0.7167487740516663
691,482,2.6640798656525138,1.7889605,0.5505789024507004,0.2595744954173763,0.22839825903375977,0.7611188888549805,0.7611188888549805,0.7611188888549805,0.7611188888549805,0.9373030662536621,1.3025728464126587,0.7611188888549805,0.5238115787506104,0.7611188888549805,0.5238115787506104,1.0318458080291748,0.7727440595626831
692,482,4.577529400966221,1.9577591,0.3066573470706746,0.608179567965368,0.20494903999070313,0.9404606819152832,1.4882714748382568,0.9404606819152832,1.4882714748382568,1.2142987251281738,1.4882714748382568,0.9404606819152832,0.5382411479949951,0.9404606819152832,0.5382411479949951,1.21436607837677,0.8264369368553162
693,482,3.758911248353402,2.1781988,0.6451116056988637,0.4053706305349867,0.6030971125389137,0.8387352228164673,0.8387352228164673,0.8387352228164673,0.8387352228164673,1.635077714920044,2.18410062789917,0.8387352228164673,0.6368334293365479,0.8387352228164673,0.6368334293365479,1.250011682510376,0.9981993436813354
694,482,3.2515956092142817,2.7845418,1.2332089768846821,0.7381902305533494,0.38577981082101687,1.2895357608795166,1.2895357608795166,1.2895357608795166,1.2895357608795166,1.5553808212280273,2.27333664894104,1.2895357608795166,0.5542056560516357,1.2895357608795166,0.5542056560516357,1.7814362049102783,0.9876736402511597
695,482,3.1235942484592916,3.0935807,0.8641389850527048,1.1695079813897609,0.5763439000397921,1.357207179069519,2.4114646911621094,1.357207179069519,2.4114646911621094,2.1416659355163574,2.4114646911621094,1.357207179069519,0.7022991180419922,1.357207179069519,0.7022991180419922,1.884335994720459,1.2093071937561035
696,482,2.5405298047394433,3.4683235,0.697810444347561,1.0935286196134983,1.1273629599995907,1.2567710876464844,3.5324032306671143,1.2567710876464844,3.5324032306671143,2.2533161640167236,3.5324032306671143,1.2567710876464844,0.6415550708770752,1.2567710876464844,0.6415550708770752,1.8806579113006592,1.4101556539535522
697,482,3.232532070461439,3.0394099,0.6892959254716211,0.810904626037615,0.8552809041428067,0.9938449859619141,2.9957973957061768,0.9938449859619141,2.9957973957061768,1.8458714485168457,2.9957973957061768,0.9938449859619141,0.7884142398834229,0.9938449859619141,0.7884142398834229,1.510179042816162,1.3245728015899658
698,482,3.347975836268623,2.937056,0.6157848344991601,0.8149550487349433,0.8265196506182352,1.0930029153823853,3.038074493408203,1.0930029153823853,3.038074493408203,2.1709744930267334,3.038074493408203,1.0930029153823853,0.7083964347839355,1.0930029153823853,0.7083964347839355,1.6534054279327393,1.355838418006897
699,482,3.821785563505366,2.6940463,0.8089670030275982,0.6727646629388131,0.7361444035793344,0.9507108926773071,0.9507108926773071,0.9507108926773071,0.9507108926773071,1.902754545211792,2.7051374912261963,0.9507108926773071,0.8724647760391235,0.9507108926773071,0.8724647760391235,1.443986177444458,1.2973659038543701
700,482,2.6458548538697753,2.858132,0.7832648704200986,0.8240607106313107,0.5830123947933317,1.0500348806381226,2.170008420944214,1.0500348806381226,2.170008420944214,2.125253200531006,2.170008420944214,1.1008259057998657,0.8665611743927002,1.1008259057998657,0.8665611743927002,1.6354172229766846,1.3983595371246338
701,482,3.897976608827527,3.1581652,0.8501294519899719,0.8517173396943447,0.7227003153863678,0.8399126529693604,2.1996026039123535,0.8399126529693604,2.1996026039123535,2.007958173751831,2.1996026039123535,1.0121524333953857,0.8886303901672363,1.0121524333953857,0.8886303901672363,1.6058775186538696,1.4657225608825684
702,482,2.5331352581649744,2.932678,0.6303219687441985,0.9618111301461854,0.8000705716262263,1.1747533082962036,2.013911724090576,1.1747533082962036,2.013911724090576,2.0224685668945312,2.9910871982574463,1.1747533082962036,0.6997864246368408,1.1747533082962036,0.6997864246368408,1.669435977935791,1.2393522262573242
703,482,3.7843866950984575,3.1074948,0.8826284416640796,0.7174836686874426,0.874549153695504,0.9072353839874268,0.9072353839874268,0.9072353839874268,0.9072353839874268,2.108060121536255,3.145966053009033,0.9072353839874268,0.9044291973114014,0.9072353839874268,0.9044291973114014,1.522223949432373,1.4076509475708008
704,482,4.301713743115656,2.9645967,0.5896317555320763,1.0771494147305685,0.630323574350526,1.4143025875091553,2.160653591156006,1.4143025875091553,2.160653591156006,1.838706135749817,3.0000853538513184,1.4143025875091553,0.6814608573913574,1.4143025875091553,0.6814608573913574,1.8120496273040771,1.175907015800476
705,482,3.483308120439246,3.147122,0.8293225059658288,0.6700520070642226,0.9864308730512867,1.1725459098815918,3.1200315952301025,1.1725459098815918,3.1200315952301025,2.262450933456421,3.1200315952301025,1.1725459098815918,0.9207220077514648,1.1725459098815918,0.9207220077514648,1.737478256225586,1.4515478610992432
706,482,2.8800426096989034,3.0656393,1.032690895795822,0.9590647279098632,0.5504386537894601,1.1168807744979858,1.1168807744979858,1.1168807744979858,1.1168807744979858,2.157965660095215,2.3495194911956787,1.1168807744979858,0.6190996170043945,1.1168807744979858,0.6190996170043945,1.7332000732421875,1.1879515647888184
707,482,1.6813249341805965,3.4079049,0.8130005732054517,1.1630197032789387,0.8285518501947322,1.3439536094665527,2.468224048614502,1.3439536094665527,2.468224048614502,2.1859729290008545,3.444288969039917,1.3439536094665527,0.8059296607971191,1.3439536094665527,0.8059296607971191,1.834313154220581,1.4089926481246948
708,482,2.54329193699684,3.2736945,0.6658332787454133,0.9593065327405925,0.9047126914560795,0.8385891914367676,2.1624913215637207,0.8385891914367676,2.1624913215637207,2.0364551544189453,3.2841897010803223,1.2092723846435547,0.7819614410400391,1.2092723846435547,0.7819614410400391,1.7741334438323975,1.4173154830932617
709,482,1.6857235722256627,2.4303064,0.3179207385828098,0.7268242544805011,0.7861668647949892,0.9405454397201538,2.483844041824341,0.9405454397201538,2.483844041824341,1.7010853290557861,2.483844041824341,0.9405454397201538,0.5137587785720825,0.9405454397201538,0.5137587785720825,1.4264769554138184,0.9946482181549072
710,482,1.4503027986125456,2.2386105,0.5514082935700816,0.30392103339234966,0.5447149633864562,0.6945550441741943,0.8103139400482178,0.6945550441741943,0.8103139400482178,1.5524811744689941,2.2556753158569336,0.8103139400482178,0.5818209648132324,0.8103139400482178,0.5818209648132324,1.2389500141143799,0.9845250844955444
711,482,3.3345905104634164,2.1251051,0.4266006850327051,0.6828141362468397,0.34444629176209407,1.0033150911331177,1.593418002128601,1.0033150911331177,1.593418002128601,1.2955677509307861,1.593418002128601,1.0033150911331177,0.597162127494812,1.0033150911331177,0.597162127494812,1.2983665466308594,0.9186384081840515
712,482,0.77193223043648,1.8768444,0.21498112142086023,0.3492941293492914,0.5601045172289014,0.7838127613067627,1.8329075574874878,0.7838127613067627,1.8329075574874878,1.0705695152282715,1.8329075574874878,0.7838127613067627,0.45668458938598633,0.7838127613067627,0.45668458938598633,1.0773357152938843,0.7710037231445312
713,482,2.530918696477361,2.0315375,0.7522488084031891,0.18257916769633664,0.27675896605166317,1.0400464534759521,1.0400464534759521,1.0400464534759521,1.0400464534759521,1.0516116619110107,2.055773973464966,1.0400464534759521,0.520391583442688,1.0400464534759521,0.520391583442688,1.305271863937378,0.7502871751785278
714,482,2.316163395645656,1.7174902,0.029707508608699085,0.8166725467517969,0.28215157393366097,1.0762300491333008,1.3133759498596191,1.0762300491333008,1.3133759498596191,0.957953155040741,1.745413899421692,1.0762300491333008,0.2590845823287964,1.0762300491333008,0.2590845823287964,1.2906875610351562,0.5095733404159546
715,482,1.7519635783359613,2.097869,0.5504499126846591,0.01569109859565887,0.6432896792019407,1.0099886655807495,2.13533878326416,1.0099886655807495,2.13533878326416,1.5881744623184204,2.13533878326416,1.0099886655807495,0.29475855827331543,1.0099886655807495,0.29475855827331543,1.4394887685775757,0.7381581664085388
716,482,2.040950098411209,1.9018081,0.5142148582808054,0.6011320251397169,0.0051943873117368256,0.9490204453468323,1.6960185766220093,0.9490204453468323,1.6960185766220093,1.6279386281967163,1.6960185766220093,0.9490204453468323,0.2584906816482544,0.9490204453468323,0.2584906816482544,1.3225195407867432,0.6383236646652222
717,482,2.0441638570809295,2.1952941,0.29226918131113067,0.4648057039827109,0.48777122490107994,0.8429327011108398,2.1690797805786133,0.8429327011108398,2.1690797805786133,1.5411522388458252,2.1690797805786133,0.8429327011108398,0.5731167793273926,0.8429327011108398,0.5731167793273926,1.2271772623062134,0.9952671527862549
718,482,2.0062734966428866,2.0164,0.3801710990071294,0.3325664643198256,0.42537194170057746,0.7867716550827026,2.031235933303833,0.7867716550827026,2.031235933303833,1.3603507280349731,2.031235933303833,0.7867716550827026,0.7127896547317505,0.7867716550827026,0.7127896547317505,1.1201329231262207,1.0332505702972412
719,482,1.9224241313873225,1.8712449,0.3867822377663107,0.43487315776757907,0.3548147012945261,0.7542502880096436,1.4330297708511353,0.7542502880096436,1.4330297708511353,1.4320122003555298,1.4330297708511353,0.7554235458374023,0.5950459241867065,0.7554235458374023,0.5950459241867065,1.094226598739624,0.9527848362922668
720,482,2.339245201781827,1.9899325,0.5143757509191833,0.5167051466306047,0.445919082959493,0.7909082174301147,1.437265396118164,0.7909082174301147,1.437265396118164,1.4250872135162354,1.437265396118164,0.7909082174301147,0.6785625219345093,0.7909082174301147,0.6785625219345093,1.1140868663787842,1.0111401081085205
721,482,2.4428855028243897,1.9516292,0.3214910636345547,0.43465229282776496,0.36988712946573893,0.7818914651870728,1.3986594676971436,0.7818914651870728,1.3986594676971436,1.3468111753463745,1.9627842903137207,0.7960999011993408,0.6486808061599731,0.7960999011993408,0.6486808061599731,1.0779807567596436,0.9760059118270874
722,482,2.0887370401375978,2.125139,0.531498249955475,0.46132296171039366,0.44743223711848257,0.7496117353439331,0.7496117353439331,0.7496117353439331,0.7496117353439331,1.3784573078155518,1.5445308685302734,0.7496117353439331,0.7003228664398193,0.7496117353439331,0.7003228664398193,1.147071361541748,1.057494878768921
723,482,2.568247732747186,2.3187776,0.4876832429071267,0.5333516539571184,0.31718002449100235,0.9238179922103882,1.6919572353363037,0.9238179922103882,1.6919572353363037,1.6533905267715454,1.6919572353363037,0.964920163154602,0.674851655960083,0.964920163154602,0.674851655960083,1.3284387588500977,1.0828274488449097
724,482,2.246423804252922,2.0895119,0.28932807872071875,0.5300435808207835,0.39383518687449415,0.8450766801834106,1.5090956687927246,0.8450766801834106,1.5090956687927246,1.467895269393921,2.165736198425293,0.8450766801834106,0.6559404134750366,0.8450766801834106,0.6559404134750366,1.1725075244903564,1.0041954517364502
725,482,0.6929717034741876,2.316856,0.5698883266374468,0.4684517766535281,0.5060037403181196,0.802726149559021,0.802726149559021,0.802726149559021,0.802726149559021,1.590044379234314,2.295088291168213,0.802726149559021,0.8713908195495605,0.802726149559021,0.8713908195495605,1.2161340713500977,1.1997907161712646
726,482,1.9880452064306056,2.2470806,0.4805329681932926,0.5550330733507871,0.3639994277432561,0.8546000719070435,1.5568852424621582,0.8546000719070435,1.5568852424621582,1.4492816925048828,1.5568852424621582,0.8546000719070435,0.680012583732605,0.8546000719070435,0.680012583732605,1.205742597579956,1.044696569442749
727,482,0.0895135509161741,1.9514402,0.016484436504542455,0.5453592587262388,0.5921393202617765,0.9508949518203735,1.9106285572052002,0.9508949518203735,1.9106285572052002,1.6083799600601196,1.9106285572052002,0.9508949518203735,0.22867238521575928,0.9508949518203735,0.22867238521575928,1.3319498300552368,0.6968322396278381
728,482,0.955739737947054,1.4779181,0.34063904823114466,0.07670008728901556,0.39779897594203556,0.6086127161979675,1.4560770988464355,0.6086127161979675,1.4560770988464355,1.1401927471160889,1.4560770988464355,0.6086127161979675,0.2646353244781494,0.6086127161979675,0.2646353244781494,0.9153788089752197,0.5344667434692383
729,482,2.723071210321107,0.94068575,0.20619927442322206,0.39641528063764186,0.005825130840142689,0.6710391044616699,0.701570987701416,0.6710391044616699,0.701570987701416,0.08333241939544678,0.701570987701416,0.6710391044616699,0.22660255432128906,0.6710391044616699,0.22660255432128906,0.686305046081543,0.24242913722991943
730,482,0.8083402304341916,0.91837573,0.004919526080290393,0.3238232580324014,0.38820331955949466,0.6294142603874207,0.9483121037483215,0.6294142603874207,0.9483121037483215,0.03661316633224487,0.9483121037483215,0.6294142603874207,0.2961477041244507,0.6294142603874207,0.2961477041244507,0.6451007127761841,0.31250905990600586
731,482,0.9642020407707552,1.2747731,0.581055131368339,0.05402678288519408,0.2245736049488189,0.9360565543174744,0.9360565543174744,0.9360565543174744,0.9360565543174744,0.11739623546600342,1.3343815803527832,0.9360565543174744,0.34973132610321045,0.9360565543174744,0.34973132610321045,0.9518170356750488,0.36589181423187256
732,482,1.827590141745694,1.5748488,0.0901264569473762,0.7489872966365265,0.12006068209496656,1.0137357711791992,1.294165849685669,1.0137357711791992,1.294165849685669,0.7585851550102234,1.6384248733520508,1.0137357711791992,0.3006511926651001,1.0137357711791992,0.3006511926651001,1.185549259185791,0.484453946352005
733,482,1.4912900239169042,1.5103985,0.07682600833475628,0.018178176246583355,0.6031963378004728,0.9235989451408386,1.4795430898666382,0.9235989451408386,1.4795430898666382,0.6748514175415039,1.4795430898666382,0.9235989451408386,0.31739115715026855,0.9235989451408386,0.31739115715026855,1.0709702968597412,0.4622047543525696
734,482,1.9101386160759832,1.2003384,0.33151026442181336,0.050731086572632034,0.0530928625026717,0.5256010293960571,0.5256010293960571,0.5256010293960571,0.5256010293960571,0.4541517496109009,1.1611151695251465,0.5256010293960571,0.3241744637489319,0.5256010293960571,0.3241744637489319,0.6665475368499756,0.45623302459716797
735,482,1.8748873803405528,1.5070511,0.24268085181713117,0.3409984156489373,0.0764210392534731,0.716254472732544,1.190407633781433,0.716254472732544,1.190407633781433,1.081565260887146,1.190407633781433,0.716254472732544,0.3923671245574951,0.716254472732544,0.3923671245574951,0.9533310532569885,0.6334829330444336
736,482,3.2706081483737055,1.7481903,0.32466181287542,0.17633398309350024,0.31188887210562793,0.6152400970458984,0.6152400970458984,0.6152400970458984,0.6152400970458984,1.1771843433380127,1.6916651725769043,0.6152400970458984,0.5499805212020874,0.6152400970458984,0.5499805212020874,0.9094297289848328,0.8311858773231506
737,482,2.9112580800318892,1.881231,0.39035778558502565,0.4455568668494623,0.264574826123814,0.7192394733428955,1.3948732614517212,0.7192394733428955,1.3948732614517212,1.3824138641357422,1.3948732614517212,0.7192394733428955,0.5207115411758423,0.7192394733428955,0.5207115411758423,1.0570564270019531,0.8634209036827087
738,482,2.8288208082239694,2.3253171,0.6866855757310986,0.2757020835578441,0.3556478079780937,0.9864702224731445,0.9864702224731445,0.9864702224731445,0.9864702224731445,1.161556601524353,2.302197217941284,0.9864702224731445,0.6460334062576294,0.9864702224731445,0.6460334062576294,1.3081347942352295,0.9600851535797119
739,482,1.997543758630715,2.6026902,0.6225174189483123,0.7745430954669914,0.3629888687779508,1.0752688646316528,2.0097906589508057,1.0752688646316528,2.0097906589508057,1.8943591117858887,2.0097906589508057,1.0752688646316528,0.5549678802490234,1.0752688646316528,0.5549678802490234,1.542529821395874,1.0293354988098145
740,482,2.0460116963321813,2.8438077,0.6007625557792684,0.7162317553845543,0.6815536560614904,0.9016836881637573,1.8969862461090088,0.9016836881637573,1.8969862461090088,1.8704884052276611,2.834709644317627,1.0560263395309448,0.7678849697113037,1.0560263395309448,0.7678849697113037,1.527162790298462,1.302703619003296
741,482,2.4477139722233865,2.5305502,0.43271031451721975,0.6229064730306466,0.6497935097416241,0.9444254636764526,2.6014771461486816,0.9444254636764526,2.6014771461486816,1.908362627029419,2.6014771461486816,0.9444254636764526,0.6571149826049805,0.9444254636764526,0.6571149826049805,1.441699743270874,1.148072361946106
742,482,1.9614312135249068,2.3671288,0.3773943093419079,0.42773045152425737,0.703221179097891,0.9716954231262207,2.2670319080352783,0.9716954231262207,2.2670319080352783,1.3555642366409302,2.2670319080352783,0.9716954231262207,0.6360797882080078,0.9716954231262207,0.6360797882080078,1.3029496669769287,0.9876005053520203
743,482,2.6634959274891075,2.007769,0.49774418843289225,0.44678250556190774,0.36461493251224386,0.7232025861740112,0.7232025861740112,0.7232025861740112,0.7232025861740112,1.2779141664505005,1.4179948568344116,0.7232025861740112,0.5606969594955444,0.7232025861740112,0.5606969594955444,1.0705987215042114,0.9005611538887024
744,482,4.100475234139276,2.220242,0.3590131992877772,0.5808420953465004,0.4100452761010577,0.928665280342102,1.4844051599502563,0.928665280342102,1.4844051599502563,1.382061243057251,2.144507646560669,0.928665280342102,0.6149411201477051,0.928665280342102,0.6149411201477051,1.219001293182373,0.9534226655960083
745,482,4.110210511034202,2.332536,0.6797071190519879,0.43818793932596845,0.5319595541215192,0.8916758298873901,0.8916758298873901,0.8916758298873901,0.8916758298873901,1.6119542121887207,2.320141553878784,0.8916758298873901,0.7062007188796997,0.8916758298873901,0.7062007188796997,1.2877941131591797,1.0760698318481445
746,482,2.068863762056554,2.787571,0.847881872157256,0.6207090581456823,0.36236032086114034,1.2063802480697632,1.2063802480697632,1.2063802480697632,1.2063802480697632,1.6351954936981201,2.195784091949463,1.2063802480697632,0.6859791278839111,1.2063802480697632,0.6859791278839111,1.7010822296142578,1.1878101825714111
747,482,1.9013909912444975,2.9906306,0.7611378151302532,0.8277633363505204,0.43977223628511064,1.0504233837127686,2.259399652481079,1.0504233837127686,2.259399652481079,2.2559797763824463,2.259399652481079,1.0538246631622314,0.5956132411956787,1.0538246631622314,0.5956132411956787,1.6566121578216553,1.1764793395996094
748,482,1.297352889918936,2.9272165,0.35445928831895235,0.9506049527724578,0.792451860954364,1.2529515027999878,1.93280029296875,1.2529515027999878,1.93280029296875,2.310879945755005,2.9682862758636475,1.2529515027999878,0.5764427185058594,1.2529515027999878,0.5764427185058594,1.783559799194336,1.166233777999878
749,482,1.2576041505052564,2.4565148,0.32478671675547965,0.39003245880827286,0.7338589577749373,1.0491318702697754,2.463874578475952,1.0491318702697754,2.463874578475952,1.0583500862121582,2.463874578475952,1.0491318702697754,0.6832554340362549,1.0491318702697754,0.6832554340362549,1.4244616031646729,1.0819265842437744
750,482,2.348477715411755,1.8505306,0.1936141368374229,0.45887808535248076,0.4493775886669751,0.7316615581512451,1.2169686555862427,0.7316615581512451,1.2169686555862427,1.3619951009750366,1.8328362703323364,0.8044712543487549,0.4477728605270386,0.8044712543487549,0.4477728605270386,1.1143347024917603,0.7913921475410461
751,482,2.118271707576274,1.6345916,0.13895986935744686,0.15157092514137405,0.36778153947244113,0.6724985241889954,1.694192886352539,0.6724985241889954,1.694192886352539,0.9553076028823853,1.694192886352539,0.6724985241889954,0.46770644187927246,0.6724985241889954,0.46770644187927246,0.9403787851333618,0.7317185401916504
752,482,3.0839186748085625,1.658612,0.5825389196909964,0.23898787522688486,0.22760915011167526,0.7909508347511292,0.7909508347511292,0.7909508347511292,0.7909508347511292,0.8508153557777405,1.2602834701538086,0.7909508347511292,0.42328155040740967,0.7909508347511292,0.42328155040740967,1.0256171226501465,0.6514373421669006
753,482,3.0471753143105964,1.94765,0.44818764701485625,0.5453303373232483,0.1452551138028504,0.8553813695907593,1.5675054788589478,0.8553813695907593,1.5675054788589478,1.484347939491272,1.5675054788589478,0.8553813695907593,0.4265859127044678,0.8553813695907593,0.4265859127044678,1.2114434242248535,0.7979274988174438
754,482,2.095461432618412,2.5078392,0.7667425811414916,0.4656166358043752,0.5163729355608423,1.035760521888733,1.035760521888733,1.035760521888733,1.035760521888733,1.533444881439209,2.562654495239258,1.035760521888733,0.8022499084472656,1.035760521888733,0.8022499084472656,1.4150054454803467,1.169874906539917
755,482,3.7670247921293942,2.6369946,0.6629157157987356,0.6347679864615202,0.39421890676021554,0.9491579532623291,0.9643354415893555,0.9491579532623291,0.9643354415893555,1.996719241142273,2.0112385749816895,0.9643354415893555,0.6051936149597168,0.9643354415893555,0.6051936149597168,1.4877870082855225,1.1250946521759033
756,482,3.001846510893833,2.7597327,0.4620469036946695,0.7349361731360358,0.6112003718564905,1.0671225786209106,1.8831088542938232,1.0671225786209106,1.8831088542938232,2.0320448875427246,2.7855417728424072,1.0840426683425903,0.7415781021118164,1.0840426683425903,0.7415781021118164,1.5650324821472168,1.229373574256897
757,482,0.9783724471479508,2.7908893,0.8417065424099563,0.4525374537706375,0.580596958510578,1.0486499071121216,1.0486499071121216,1.0486499071121216,1.0486499071121216,1.7595621347427368,2.878227472305298,1.0486499071121216,0.6387529373168945,1.0486499071121216,0.6387529373168945,1.539867639541626,1.1153165102005005
758,482,2.5728608968370534,2.746026,0.6006740936016042,0.8679450681929789,0.369376926024755,1.1965810060501099,2.130998373031616,1.1965810060501099,2.130998373031616,1.8630870580673218,2.130998373031616,1.1965810060501099,0.6439907550811768,1.1965810060501099,0.6439907550811768,1.6637897491455078,1.1203713417053223
759,482,2.6852739745103507,2.4368665,0.021168387047946435,0.6910810059309012,0.6742001191154117,0.8052147626876831,1.5130748748779297,0.8052147626876831,1.5130748748779297,1.840090036392212,2.506833076477051,1.1523923873901367,0.3701951503753662,1.1523923873901367,0.3701951503753662,1.6579020023345947,0.885151743888855
760,482,1.7646716891818897,2.0559561,0.5096617191036541,0.05734654971708841,0.5845209396754703,0.8681957721710205,2.074497699737549,0.8681957721710205,2.074497699737549,1.5776609182357788,2.074497699737549,0.8681957721710205,0.36658740043640137,0.8681957721710205,0.36658740043640137,1.2979494333267212,0.7772625684738159
761,482,2.251744971445804,2.2744615,0.584673745657007,0.6084843044231332,0.0284051976601285,0.8548057079315186,1.8973015546798706,0.8548057079315186,1.8973015546798706,1.8501579761505127,1.8973015546798706,0.8994402885437012,0.3062021732330322,0.8994402885437012,0.3062021732330322,1.3983709812164307,0.7774193286895752
762,482,2.0855847036673056,2.2764108,0.25208883104225,0.5666394271453223,0.4700453766932089,1.0376381874084473,1.618868112564087,1.0376381874084473,1.618868112564087,1.717658519744873,2.40767240524292,1.0376381874084473,0.6010478734970093,1.0376381874084473,0.6010478734970093,1.3976777791976929,0.9898964762687683
763,482,2.722677035439996,2.2215722,0.5159387391991914,0.40112009042873975,0.5649857468530535,0.8332858085632324,2.2890465259552,0.8332858085632324,2.2890465259552,1.4969379901885986,2.2890465259552,0.8332858085632324,0.6840888261795044,0.8332858085632324,0.6840888261795044,1.251219630241394,1.0970951318740845
764,482,3.254175635971853,2.2162354,0.34987773644427456,0.46278721610705076,0.2794230404744543,0.8977810144424438,1.6718440055847168,0.8977810144424438,1.6718440055847168,1.6129035949707031,1.6718440055847168,0.8977810144424438,0.6261892318725586,0.8977810144424438,0.6261892318725586,1.2848124504089355,1.0134742259979248
765,482,2.43956721212491,2.4261,0.6813123783841728,0.4798655379191039,0.493804371468723,0.9275182485580444,0.9275182485580444,0.9275182485580444,0.9275182485580444,1.5607550144195557,2.583214044570923,0.9275182485580444,0.7566742897033691,0.9275182485580444,0.7566742897033691,1.339108943939209,1.1638000011444092
766,482,3.232716556085787,2.6504903,0.6918162982414159,0.5532147827992844,0.421469761605064,0.9899579286575317,0.9899579286575317,0.9899579286575317,0.9899579286575317,1.7501652240753174,1.976657748222351,0.9899579286575317,0.6821310520172119,0.9899579286575317,0.6821310520172119,1.4833078384399414,1.1814429759979248
767,482,3.611874435264153,2.6800654,0.5724307129035393,0.8076901416728893,0.5537890444944304,1.110554814338684,1.9409246444702148,1.110554814338684,1.9409246444702148,1.6451276540756226,1.9409246444702148,1.110554814338684,0.8380084037780762,1.110554814338684,0.8380084037780762,1.5257396697998047,1.2557765245437622
768,482,3.1672218291476173,2.7603018,0.6366343829222025,0.4960171689838171,0.6150151087157427,0.9125466346740723,0.9199879169464111,0.9125466346740723,0.9199879169464111,1.9304932355880737,2.7965500354766846,0.9199879169464111,0.7910280227661133,0.9199879169464111,0.7910280227661133,1.4292304515838623,1.2654407024383545
769,482,3.47553429453209,2.9178095,0.7675194011131914,0.6725230338859062,0.444919516003381,1.0260151624679565,1.0260151624679565,1.0260151624679565,1.0260151624679565,1.9584465026855469,2.1183547973632812,1.0260151624679565,0.6909999847412109,1.0260151624679565,0.6909999847412109,1.5721850395202637,1.23087739944458
770,482,4.410144221338688,2.9820032,0.7023120470461429,0.8285228243237364,0.5859098056447691,1.0097155570983887,2.0985219478607178,1.0097155570983887,2.0985219478607178,1.9045946598052979,2.0985219478607178,1.0097155570983887,0.8277683258056641,1.0097155570983887,0.8277683258056641,1.5541187524795532,1.346289873123169
771,482,4.758387702285885,3.0868118,0.8475344917426513,0.7062529096628227,0.6941654480124511,1.006803035736084,1.0647790431976318,1.006803035736084,1.0647790431976318,1.9259893894195557,2.1656625270843506,1.0647790431976318,0.9112424850463867,1.0647790431976318,0.9112424850463867,1.6152207851409912,1.45167875289917
772,482,4.615835815929085,3.3376436,0.9352373180538417,0.7818109605461361,0.5995148898661133,1.1233491897583008,1.1233491897583008,1.1233491897583008,1.1233491897583008,2.008206605911255,2.4356637001037598,1.1233491897583008,0.8026590347290039,1.1233491897583008,0.8026590347290039,1.7795064449310303,1.4182018041610718
773,482,3.9917121201107726,3.4374113,0.9884661547094585,0.9283428008109333,0.5818416348099706,1.0811824798583984,1.0811824798583984,1.0811824798583984,1.0811824798583984,2.3737616539001465,2.5167460441589355,1.0811824798583984,0.680060625076294,1.0811824798583984,0.680060625076294,1.798964262008667,1.322678565979004
774,482,4.720197686241755,3.6334903,0.9481677982583647,0.9735962549224488,0.7756811121851208,1.058455467224121,2.421412467956543,1.058455467224121,2.421412467956543,2.36865234375,2.421412467956543,1.058455467224121,0.8060939311981201,1.058455467224121,0.8060939311981201,1.739933967590332,1.480690360069275
775,482,4.306458393246398,3.4861555,0.9241875456646088,1.0139761381968848,0.772637534625829,1.0802459716796875,2.45809006690979,1.0802459716796875,2.45809006690979,2.136317253112793,2.45809006690979,1.1284728050231934,0.8183882236480713,1.1284728050231934,0.8183882236480713,1.7932814359664917,1.4615885019302368
776,482,5.546170863610794,3.6945148,1.0139670882374048,0.8878359761834143,0.8093746853619819,1.267920732498169,1.267920732498169,1.267920732498169,1.267920732498169,2.348414897918701,2.6609318256378174,1.267920732498169,1.1050240993499756,1.267920732498169,1.1050240993499756,1.9644262790679932,1.7364354133605957
777,482,2.386263034595384,3.620552,0.8810291831940409,0.9539741820842033,0.6902599094808104,1.0842204093933105,2.585463285446167,1.0842204093933105,2.585463285446167,2.419329881668091,2.585463285446167,1.0842204093933105,0.7881765365600586,1.0842204093933105,0.7881765365600586,1.8348418474197388,1.470424771308899
778,482,3.725877460277239,3.7297745,1.1699251854295534,0.7672998498628532,0.6999466921264927,1.2261407375335693,1.2261407375335693,1.2261407375335693,1.2261407375335693,2.100297451019287,2.580488681793213,1.2261407375335693,0.7630307674407959,1.2261407375335693,0.7630307674407959,1.9033147096633911,1.4257980585098267
779,482,3.39845324969449,3.3194776,0.43628868383045005,1.0555076143393909,0.7076741421284776,1.2899346351623535,2.232769727706909,1.2899346351623535,2.232769727706909,2.0564699172973633,3.3746728897094727,1.2899346351623535,0.7671184539794922,1.2899346351623535,0.7671184539794922,1.886324167251587,1.2577128410339355
780,482,2.5220670933345453,3.294141,0.870745396018028,0.5279731900990017,0.9507167667150492,1.165290355682373,3.294994354248047,1.165290355682373,3.294994354248047,1.7344998121261597,3.294994354248047,1.165290355682373,0.7522950172424316,1.165290355682373,0.7522950172424316,1.7962616682052612,1.4049656391143799
781,482,4.867498919657234,3.0252557,0.7646080213040117,0.9040627197176215,0.41192765504121787,1.1772024631500244,2.378810405731201,1.1772024631500244,2.378810405731201,2.2594099044799805,2.378810405731201,1.1772024631500244,0.598644495010376,1.1772024631500244,0.598644495010376,1.7780064344406128,1.191040277481079
782,482,2.931668146425326,3.0039704,0.4186754446973404,0.6746665271123253,0.6678181142111614,0.9139831066131592,1.9440642595291138,0.9139831066131592,1.9440642595291138,1.9821418523788452,3.0369551181793213,1.0318846702575684,0.8224337100982666,1.0318846702575684,0.8224337100982666,1.5706050395965576,1.3329306840896606
783,482,3.232877108122171,3.2688718,1.0409441297128803,0.4523908878117797,0.5822328970208757,1.4139657020568848,1.4139657020568848,1.4139657020568848,1.4139657020568848,1.9108840227127075,3.2542877197265625,1.4139657020568848,0.8552122116088867,1.4139657020568848,0.8552122116088867,1.9024388790130615,1.3273299932479858
784,482,4.626641203767346,3.1780057,0.5829489550398043,1.1394416099817795,0.45125676399407366,1.5727370977401733,2.4035093784332275,1.5727370977401733,2.4035093784332275,1.834498643875122,2.4035093784332275,1.5727370977401733,0.8121895790100098,1.5727370977401733,0.8121895790100098,1.9881231784820557,1.2905571460723877
785,482,3.158584538664178,3.3205879,0.6514754362652702,0.7056233415255949,0.9016097388664879,1.3499603271484375,3.4541001319885254,1.3499603271484375,3.4541001319885254,1.6867990493774414,3.4541001319885254,1.3499603271484375,1.1179161071777344,1.3499603271484375,1.1179161071777344,1.8914430141448975,1.7297008037567139
786,482,3.656586107341328,3.2946744,1.0397369964669145,0.7253346821914113,0.5463035992781329,1.3848752975463867,1.3848752975463867,1.3848752975463867,1.3848752975463867,1.9706509113311768,2.4776158332824707,1.3848752975463867,0.7070741653442383,1.3848752975463867,0.7070741653442383,1.9312455654144287,1.2553870677947998
787,482,4.639166615780068,3.3798556,0.6153658043096462,1.1000472460562989,0.5932176830495393,1.435594916343689,2.3712878227233887,1.435594916343689,2.3712878227233887,1.9376633167266846,2.3712878227233887,1.435594916343689,0.7797427177429199,1.435594916343689,0.7797427177429199,1.9034414291381836,1.2896592617034912
788,482,3.077762094854512,3.4979236,0.7624105895310632,0.6018907973915344,0.852793659865856,1.1351242065429688,3.5529298782348633,1.1351242065429688,3.5529298782348633,2.0183329582214355,3.5529298782348633,1.1351242065429688,0.8922474384307861,1.1351242065429688,0.8922474384307861,1.7815414667129517,1.6160818338394165
789,482,3.647697949434334,3.42541,0.9388169490949557,0.8468114178099984,0.5618719267224273,1.2153730392456055,1.2153730392456055,1.2153730392456055,1.2153730392456055,2.0940327644348145,2.47935152053833,1.2153730392456055,0.8173658847808838,1.2153730392456055,0.8173658847808838,1.8473622798919678,1.4292746782302856
790,482,4.421684896107539,3.4951265,0.5718508569523695,1.0134600862488152,0.6565540019422766,1.391082763671875,2.5128860473632812,1.391082763671875,2.5128860473632812,2.1546542644500732,3.5761563777923584,1.391082763671875,0.9158148765563965,1.391082763671875,0.9158148765563965,1.9594099521636963,1.4718751907348633
791,482,5.509052493435643,3.3700004,0.7161797020832692,0.7003197775284451,0.8409762833515805,1.360804557800293,3.4636807441711426,1.360804557800293,3.4636807441711426,2.116755962371826,3.4636807441711426,1.360804557800293,1.247807502746582,1.360804557800293,1.247807502746582,1.9146908521652222,1.8585355281829834
792,482,3.945404866359719,3.4204416,0.9813754995663959,0.8702566700180372,0.543180505086978,1.2473628520965576,1.2473628520965576,1.2473628520965576,1.2473628520965576,2.3119282722473145,2.6049790382385254,1.2473628520965576,0.7916922569274902,1.2473628520965576,0.7916922569274902,1.9261709451675415,1.4080727100372314
793,482,4.152000400484512,3.7839983,1.1612186208864055,0.8780725048234059,0.5304578074564543,1.4521641731262207,1.4521641731262207,1.4521641731262207,1.4521641731262207,2.460904359817505,2.910883665084839,1.4521641731262207,0.7621331214904785,1.4521641731262207,0.7621331214904785,2.1815237998962402,1.4407968521118164
794,482,3.5712466527659084,3.7288654,0.8168846683328344,1.0183928750952087,0.7020677440737688,1.2717490196228027,2.679333448410034,1.2717490196228027,2.679333448410034,2.0454459190368652,2.679333448410034,1.2717490196228027,0.8871245384216309,1.2717490196228027,0.8871245384216309,1.9755412340164185,1.566150188446045
795,482,0.4979809376271977,3.7935045,0.9319436918695769,0.9225159483154608,0.9104562977453083,0.6741907596588135,1.109973669052124,0.6741907596588135,1.109973669052124,1.4365358352661133,2.445795774459839,1.109973669052124,1.1062169075012207,1.109973669052124,1.1062169075012207,1.7778847217559814,1.7705001831054688
796,482,2.9354116483651245,3.4823062,0.6905510854783158,0.845660951218257,0.6664486601824562,1.1357643604278564,2.4219675064086914,1.1357643604278564,2.4219675064086914,2.1888508796691895,2.4219675064086914,1.1357643604278564,0.8948256969451904,1.1357643604278564,0.8948256969451904,1.778865933418274,1.5235412120819092
797,482,3.0273633744479787,2.539325,0.17712837174534823,0.8679976622387771,0.7569307472184299,1.0362520217895508,1.5382215976715088,1.0362520217895508,1.5382215976715088,2.196399211883545,2.629016876220703,1.3040143251419067,0.21847796440124512,1.3040143251419067,0.21847796440124512,1.8700931072235107,0.7900794744491577
798,482,2.295870682182053,2.2981637,0.6635609518736598,0.20724672213196715,0.6518506884574888,0.9072481393814087,1.1970914602279663,0.9072481393814087,1.1970914602279663,1.95457124710083,2.412424325942993,1.1970914602279663,0.23152732849121094,1.1970914602279663,0.23152732849121094,1.7031972408294678,0.7950040698051453
799,482,2.289847169948391,2.2344413,0.616726753171533,0.5493091932125389,0.15908595858141772,1.096564531326294,1.096564531326294,1.096564531326294,1.096564531326294,2.082759141921997,2.116900682449341,1.096564531326294,0.1620497703552246,1.096564531326294,0.1620497703552246,1.6067326068878174,0.6957765817642212
800,482,1.501407617452215,2.7514946,0.3145506914084162,0.5719149692853291,0.4266703103606895,1.1439859867095947,1.9239917993545532,1.1439859867095947,1.9239917993545532,1.9649585485458374,2.7827274799346924,1.1439859867095947,0.7583980560302734,1.1439859867095947,0.7583980560302734,1.5673550367355347,1.2545197010040283
801,482,1.4880600035710918,2.6424115,0.41186402226487817,0.46459886523584504,0.564091224099199,1.0173091888427734,2.6381587982177734,1.0173091888427734,2.6381587982177734,1.5886516571044922,2.6381587982177734,1.0173091888427734,0.8959436416625977,1.0173091888427734,0.8959436416625977,1.4368765354156494,1.3667398691177368
802,482,1.688231921094112,2.1712,0.0490881987164421,0.3692789693425098,0.32212374689678314,0.8775016069412231,1.4617457389831543,0.8775016069412231,1.4617457389831543,1.6708333492279053,2.275667667388916,0.8798459768295288,0.5177918672561646,0.8798459768295288,0.5177918672561646,1.276623249053955,0.9020130634307861
803,482,2.4535627040975068,1.8494864,0.09801102633277553,0.0964743796239298,0.30754974039892363,0.7855907678604126,1.9158685207366943,0.7855907678604126,1.9158685207366943,1.0681793689727783,1.9158685207366943,0.7855907678604126,0.6098340749740601,0.7855907678604126,0.6098340749740601,1.0844688415527344,0.9016680121421814
804,482,2.606780202507289,1.5687853,0.11207951647539953,0.019166212876637945,0.08659544584651771,0.5903484225273132,0.5903484225273132,0.5903484225273132,0.5903484225273132,1.0239745378494263,1.6602168083190918,0.5903484225273132,0.5611438751220703,0.5903484225273132,0.5611438751220703,0.8403722047805786,0.8059151768684387
805,482,1.5253922568642977,2.092918,0.506825039073204,0.27458665057395865,0.16950239627001218,0.9370647668838501,0.9370647668838501,0.9370647668838501,0.9370647668838501,1.2968409061431885,1.5962244272232056,0.9370647668838501,0.5086160898208618,0.9370647668838501,0.5086160898208618,1.2666445970535278,0.8460943698883057
806,482,2.269092828769558,2.3171072,0.49537619857738446,0.4485093543926876,0.1576805453623329,0.9410742521286011,0.9410742521286011,0.9410742521286011,0.9410742521286011,1.768064022064209,1.8271961212158203,0.9410742521286011,0.5094543695449829,0.9410742521286011,0.5094543695449829,1.3841352462768555,0.9703291058540344
807,482,1.7463514764432675,2.2135086,0.12953990468134458,0.5623623952766258,0.34923314274599165,1.0630147457122803,1.5802037715911865,1.0630147457122803,1.5802037715911865,1.740116834640503,2.3137190341949463,1.0630147457122803,0.5869237184524536,1.0630147457122803,0.5869237184524536,1.4262992143630981,0.9760280251502991
808,482,0.9979999702932488,2.1921108,0.38522875327616946,0.14898256748914696,0.41800201456993824,0.8536016941070557,2.300933837890625,0.8536016941070557,2.300933837890625,1.579756259918213,2.300933837890625,0.8536016941070557,0.647171139717102,0.8536016941070557,0.647171139717102,1.2829259634017944,1.0686018466949463
809,482,1.0703168687607545,1.9292437,0.3034023578464987,0.5072936460375783,0.18655071660876266,0.8679949045181274,1.5082669258117676,0.8679949045181274,1.5082669258117676,1.3263952732086182,1.5082669258117676,0.8679949045181274,0.45482492446899414,0.8679949045181274,0.45482492446899414,1.1881308555603027,0.7974234819412231
810,482,1.126637128965303,1.7322593,0.10092925094068034,0.1450987495854496,0.2746709882095454,0.7343522310256958,1.7125880718231201,0.7343522310256958,1.7125880718231201,1.1779946088790894,1.7125880718231201,0.7343522310256958,0.31899917125701904,0.7343522310256958,0.31899917125701904,1.051988124847412,0.6621022820472717
811,482,0.524518584316618,1.209573,0.029078743147352995,0.11140356077502196,0.1757908432682357,0.5286914706230164,1.1812291145324707,0.5286914706230164,1.1812291145324707,0.6128848195075989,1.1812291145324707,0.5286914706230164,0.36504268646240234,0.5286914706230164,0.36504268646240234,0.6899105310440063,0.5366809368133545
812,482,0.756855529421623,1.1331238,0.054907125874112214,0.00978100740661278,0.0008985871511199423,0.4136585593223572,0.4136585593223572,0.4136585593223572,0.4136585593223572,0.8226470351219177,0.8460396528244019,0.4136585593223572,0.36534756422042847,0.4136585593223572,0.36534756422042847,0.6298490762710571,0.5888798832893372
813,482,0.8702518842088894,0.8620115,0.17838244725018748,0.05899266976863145,0.030008766055107203,0.027888119220733643,0.1863032579421997,0.027888119220733643,0.1863032579421997,0.36097991466522217,0.5626897811889648,0.1863032579421997,0.3218550682067871,0.1863032579421997,0.3218550682067871,0.3744965195655823,0.5191240310668945
814,482,-0.3197488428233869,0.9550376,0.17277141620715464,0.2878718963762126,0.03954603811105073,0.0282365083694458,0.4842797517776489,0.0282365083694458,0.4842797517776489,0.11074173450469971,0.4842797517776489,0.20073843002319336,0.4136333465576172,0.20073843002319336,0.4136333465576172,0.34250909090042114,0.5577003955841064
815,482,-0.271035093157728,0.7341333,0.0898229965691763,0.14590487928440182,0.21146760073800874,0.061020731925964355,0.8158375024795532,0.061020731925964355,0.8158375024795532,0.321510910987854,0.8158375024795532,0.1786578893661499,0.35226160287857056,0.1786578893661499,0.35226160287857056,0.33027184009552,0.5004920959472656
816,482,-0.93058004700409,0.34292465,0.46083782315254207,0.08850808098912233,0.038307949453592394,0.5877541899681091,0.11893290281295776,0.5877541899681091,0.11893290281295776,0.2427353858947754,0.2175253927707672,0.11893290281295776,0.2509489357471466,0.11893290281295776,0.2509489357471466,0.1682291477918625,0.40755194425582886
817,482,-1.474625541366112,0.007988617,0.6083589714641373,0.619306363078455,0.14644940296808895,0.5754702687263489,0.2204282134771347,0.5754702687263489,0.2204282134771347,1.145399808883667,0.2204282134771347,0.11986266076564789,0.2896636724472046,0.11986266076564789,0.2896636724472046,0.1701454371213913,0.24693503975868225
818,482,-1.567025673879507,-0.50702775,0.7831009489049514,0.5275640859206518,0.44624305081864213,0.4698847532272339,0.24870872497558594,0.4698847532272339,0.24870872497558594,0.5707617402076721,0.3459036350250244,0.24870872497558594,0.08927851915359497,0.24870872497558594,0.08927851915359497,0.2973061800003052,0.13206800818443298
819,482,-1.2475138499620408,-0.7622261,0.7582947782551249,0.6569004488860566,0.36836542797585325,0.6969766616821289,0.29000261425971985,0.6969766616821289,0.29000261425971985,1.2767648696899414,0.586688756942749,0.29000261425971985,0.07233548164367676,0.29000261425971985,0.07233548164367676,0.43834567070007324,0.18941982090473175
820,482,-0.3678194659771368,-0.9897099,0.8272755739092826,0.8282081219926478,0.5846826903894544,0.45890289545059204,0.6762833595275879,0.45890289545059204,0.6762833595275879,1.097636342048645,0.6762833595275879,0.30395323038101196,0.1809653639793396,0.30395323038101196,0.1809653639793396,0.4901182949542999,0.34656408429145813
821,482,-0.0184009752524773,-1.1013807,0.7136207852636778,0.8206338701893887,0.719315022615095,0.42600005865097046,0.5812757611274719,0.42600005865097046,0.5812757611274719,0.8638416528701782,1.0065137147903442,0.3393934369087219,0.17337924242019653,0.3393934369087219,0.17337924242019653,0.5250333547592163,0.38039183616638184
822,482,-0.788757299351562,-0.8739394,0.42715317968279143,0.633526862300932,0.6401185162365437,0.6822192668914795,0.8594880104064941,0.6822192668914795,0.8594880104064941,1.3501406908035278,0.8594880104064941,0.3831897974014282,0.06710195541381836,0.3831897974014282,0.06710195541381836,0.5638164281845093,0.23869240283966064
823,482,0.5040097899457617,-0.5900539,0.4039945192293575,0.515341370537256,0.6168466070604822,0.6855331063270569,0.43594205379486084,0.6855331063270569,0.43594205379486084,0.9697803258895874,0.43594205379486084,0.304474413394928,0.004421710968017578,0.304474413394928,0.004421710968017578,0.367229163646698,0.05447511374950409
824,482,-1.6631247517809216,-0.4600749,0.5866102383782468,0.38592276224245636,0.4337964307640989,0.4825921058654785,0.21336199343204498,0.4825921058654785,0.21336199343204498,0.7141308188438416,0.3263477683067322,0.21336199343204498,0.005183160305023193,0.21336199343204498,0.005183160305023193,0.26664501428604126,0.05244255065917969
825,482,-1.0994388379341486,-0.2296685,0.2268186961859464,0.6081990521401166,0.3039812948554754,0.7881905436515808,0.08424949645996094,0.7881905436515808,0.08424949645996094,0.9581038355827332,0.09039545059204102,0.27258744835853577,0.17963233590126038,0.27258744835853577,0.17963233590126038,0.2756659686565399,0.1766667366027832
826,482,-0.7252961585255101,-0.6356269,0.7869951031729578,0.2024749709479512,0.5108145495317875,1.2327659130096436,0.4089028239250183,1.2327659130096436,0.4089028239250183,1.864967703819275,0.46851491928100586,0.4089028239250183,0.12181264162063599,0.4089028239250183,0.12181264162063599,0.5289336442947388,0.08910956978797913
827,482,-1.4791265992745035,-0.7414461,0.7144912432630856,0.8778524925683936,0.2482189465438327,1.1573452949523926,0.7738827466964722,1.1573452949523926,0.7738827466964722,2.185868978500366,0.7738827466964722,0.3994622826576233,0.07798188924789429,0.3994622826576233,0.07798188924789429,0.5866725444793701,0.11450132727622986
828,482,-1.9684987584376417,-0.9956857,0.5200922194619975,0.7369807579865059,0.7683106095840533,0.7194657325744629,0.9255398511886597,0.7194657325744629,0.9255398511886597,1.1633691787719727,0.9255398511886597,0.43316972255706787,0.10674512386322021,0.43316972255706787,0.10674512386322021,0.5853780508041382,0.2562570571899414
829,482,-0.9226866003351324,-0.70036954,0.8521718298643826,0.6524647834151984,0.5651324674487115,0.45369744300842285,0.23804974555969238,0.45369744300842285,0.23804974555969238,0.6715124845504761,0.43293213844299316,0.23804974555969238,0.19960033893585205,0.23804974555969238,0.19960033893585205,0.3354909420013428,0.27653658390045166
830,482,-1.3915429968798028,-1.049012,0.8513458231339852,0.7316377654174964,0.3990643161783616,0.6661438941955566,0.2952512502670288,0.6661438941955566,0.2952512502670288,1.398560881614685,0.6957844495773315,0.2952512502670288,0.13004815578460693,0.2952512502670288,0.13004815578460693,0.4955178499221802,0.2845030426979065
831,482,-0.8166593149748109,-1.0401595,0.5748717622286255,0.8436401729869734,0.5920160430444713,0.5837544202804565,0.5211055278778076,0.5837544202804565,0.5211055278778076,1.1757594347000122,0.9064546823501587,0.2992393374443054,0.13507795333862305,0.2992393374443054,0.13507795333862305,0.45642292499542236,0.2562698721885681
832,482,-1.8072125858771808,-1.0031523,0.6618909024695556,0.6057033864843346,0.7209199016230803,0.5618698000907898,0.9142759442329407,0.5618698000907898,0.9142759442329407,1.108341932296753,0.9142759442329407,0.29967039823532104,0.157456636428833,0.29967039823532104,0.157456636428833,0.45284196734428406,0.28249451518058777
833,482,-2.0348234991469667,-0.9527538,0.4802282901356618,0.693369025501112,0.5102292940641444,0.5387563109397888,0.5691874623298645,0.5387563109397888,0.5691874623298645,0.8698568940162659,0.8767499327659607,0.3407898545265198,0.17060524225234985,0.3407898545265198,0.17060524225234985,0.4800053536891937,0.29869934916496277
834,482,-0.0813572696507007,-1.0646194,0.7626959785819054,0.5494573886319993,0.5780806924775244,0.6114391088485718,0.30338937044143677,0.6114391088485718,0.30338937044143677,1.171116590499878,0.9201458692550659,0.30338937044143677,0.1621464490890503,0.30338937044143677,0.1621464490890503,0.4869350492954254,0.3149818181991577
835,482,-1.6864399082445196,-1.0871369,0.8089108220363656,0.7420973650986951,0.4699057308087746,0.5726850032806396,0.19762051105499268,0.5726850032806396,0.19762051105499268,1.5224661827087402,0.6512308120727539,0.19762051105499268,0.11661624908447266,0.19762051105499268,0.11661624908447266,0.4244256615638733,0.26963746547698975
836,482,0.0900110668151029,-1.0812266,0.40275733664631863,0.924245742559433,0.738064182177186,1.1184203624725342,0.461050808429718,1.1184203624725342,0.461050808429718,2.1803171634674072,0.9832128882408142,0.44020354747772217,0.011755228042602539,0.44020354747772217,0.011755228042602539,0.6971256732940674,0.18437552452087402
837,482,-0.6885304967682596,-0.9096098,0.7548328099896513,0.42663968351980075,0.822324999173482,0.9646492004394531,0.8262070417404175,0.9646492004394531,0.8262070417404175,1.9456321001052856,0.8262070417404175,0.44378265738487244,0.020795702934265137,0.44378265738487244,0.020795702934265137,0.6212779879570007,0.14575892686843872
838,482,-0.151969670069304,-0.5762102,0.24409243424733473,0.7658722985287507,0.23949694400032384,1.0841944217681885,0.45142483711242676,1.0841944217681885,0.45142483711242676,1.0506792068481445,0.45142483711242676,0.48047250509262085,0.02256983518600464,0.48047250509262085,0.02256983518600464,0.4659486711025238,0.011899203062057495
839,482,-1.2351062788462026,-0.75100416,0.6106493509809178,0.3380096974472204,0.7977616558472315,0.9714500904083252,0.6237810850143433,0.9714500904083252,0.6237810850143433,1.464860200881958,0.6237810850143433,0.4562884569168091,0.028601408004760742,0.4562884569168091,0.028601408004760742,0.5546538829803467,0.08371996879577637
840,482,-1.7259799287943078,-0.32544795,0.37855635599543636,0.580615434770783,0.23810935429607816,0.5028189420700073,0.2617780566215515,0.5028189420700073,0.2617780566215515,0.6426534652709961,0.2617780566215515,0.2133040577173233,0.027507156133651733,0.2133040577173233,0.027507156133651733,0.2375410497188568,0.021950632333755493
841,482,-0.563373871911798,-0.73742944,0.754831449488799,0.5113911917681493,0.5953849889958895,0.7082423567771912,0.30994507670402527,0.7082423567771912,0.30994507670402527,1.1348704099655151,0.5774737000465393,0.30994507670402527,0.03953444957733154,0.30994507670402527,0.03953444957733154,0.4151197075843811,0.13011789321899414
842,482,-1.0843791460662482,-0.78075135,0.7119600952168308,0.6629686224212248,0.32173157689472043,0.7943416833877563,0.25813937187194824,0.7943416833877563,0.25813937187194824,1.6530965566635132,0.6672149896621704,0.25813937187194824,0.03951525688171387,0.25813937187194824,0.03951525688171387,0.4626771807670593,0.1843973845243454
843,482,-1.580471506076032,-1.0227257,0.457699056540926,0.7924369474252067,0.5735113146652777,0.793108344078064,0.5432775020599365,0.793108344078064,0.5432775020599365,1.3822414875030518,0.9139289855957031,0.4050542116165161,0.10474991798400879,0.4050542116165161,0.10474991798400879,0.5839403867721558,0.27410340309143066
844,482,-1.6387828153187172,-0.91525257,0.6612138676270842,0.5429537910968063,0.7472734012827278,0.7241965532302856,0.8973647952079773,0.7241965532302856,0.8973647952079773,1.266984224319458,0.8973647952079773,0.39372920989990234,0.15110325813293457,0.39372920989990234,0.15110325813293457,0.5437970757484436,0.2728193998336792
845,482,-1.5812571570498497,-0.92674893,0.7649685289772848,0.6967082796307901,0.436199024344484,0.5843915343284607,0.2570338845252991,0.5843915343284607,0.2570338845252991,1.1779370307922363,0.5949500203132629,0.2570338845252991,0.12402057647705078,0.2570338845252991,0.12402057647705078,0.425991952419281,0.25628888607025146
846,482,-1.3619708638807828,-0.95056653,0.7016130749477694,0.664069545061017,0.4560047001640004,0.3367575407028198,0.1919163465499878,0.3367575407028198,0.1919163465499878,0.900550127029419,0.5319139957427979,0.1919163465499878,0.11195147037506104,0.1919163465499878,0.11195147037506104,0.3619151711463928,0.2510855197906494
847,482,-1.0973624834392015,-1.2390729,0.7091446816921233,0.7383333696052432,0.6515491745248436,0.31046193838119507,0.5898674130439758,0.31046193838119507,0.5898674130439758,0.6101569533348083,0.5898674130439758,0.29675406217575073,0.34343522787094116,0.29675406217575073,0.34343522787094116,0.4433107376098633,0.48040270805358887
848,482,-1.264644951142995,-1.1429317,0.645485680649678,0.6694772947455443,0.5886743061865372,0.31719839572906494,0.5712856650352478,0.31719839572906494,0.5712856650352478,0.6449778079986572,0.5712856650352478,0.2642834186553955,0.2579501271247864,0.2642834186553955,0.2579501271247864,0.41778454184532166,0.40215954184532166
849,482,-1.434674547649044,-1.1293238,0.6845915185660127,0.8516289169341325,0.7483484585583213,0.4616946578025818,0.6057062149047852,0.4616946578025818,0.6057062149047852,0.9828781485557556,1.061145305633545,0.38045215606689453,0.15790295600891113,0.38045215606689453,0.15790295600891113,0.5743697881698608,0.387957364320755
850,482,0.109681879345814,-1.0589595,0.6763081621006131,0.6964590972661971,0.645122197829187,0.2612811326980591,0.5466887950897217,0.2612811326980591,0.5466887950897217,0.597345769405365,0.5466887950897217,0.2612811326980591,0.29967057704925537,0.2612811326980591,0.29967057704925537,0.4039849638938904,0.4488098919391632
851,482,-0.3507244713777167,-1.0317938,0.6590023070573806,0.7119308426603677,0.5681280842795968,0.2921280264854431,0.5678526759147644,0.2921280264854431,0.5678526759147644,0.7235312461853027,0.5678526759147644,0.2532656788825989,0.19723635911941528,0.2532656788825989,0.19723635911941528,0.41055917739868164,0.34287241101264954
852,482,-1.0482620196144956,-0.90381473,0.2804324894646806,0.7520393397162357,0.6224977939079204,0.9473576545715332,0.3728194236755371,0.9473576545715332,0.3728194236755371,1.7479405403137207,0.7300419807434082,0.4059517979621887,0.027196049690246582,0.4059517979621887,0.027196049690246582,0.5859639644622803,0.1678715944290161
853,482,-3.173866959637814,-0.5833427,0.5010330312202376,0.278181074435512,0.6883679119745891,0.8833014965057373,0.45342588424682617,0.8833014965057373,0.45342588424682617,1.203873872756958,0.45342588424682617,0.37496525049209595,0.031921207904815674,0.37496525049209595,0.031921207904815674,0.43386945128440857,0.046987384557724
854,482,-1.6725790253014132,-0.56989014,0.7509393199300392,0.5061373946815728,0.33055700975004587,0.752549946308136,0.3073185086250305,0.752549946308136,0.3073185086250305,1.0711607933044434,0.426277220249176,0.3073185086250305,0.02636098861694336,0.3073185086250305,0.02636098861694336,0.36679786443710327,0.04718884825706482
855,482,-1.845027395125226,-0.9525602,0.8992850159853696,0.5447119143605232,0.3408787753432987,1.4823801517486572,0.432076096534729,1.4823801517486572,0.432076096534729,2.0538406372070312,0.7481540441513062,0.432076096534729,0.06844067573547363,0.432076096534729,0.06844067573547363,0.5901150703430176,0.1614425778388977
856,482,-3.028003550365097,-1.1400533,0.6843319027932981,0.7831581420140961,0.4724606151382129,0.9393640756607056,0.6402937173843384,0.9393640756607056,0.6402937173843384,1.781275749206543,0.6402937173843384,0.2640308141708374,0.11147427558898926,0.2640308141708374,0.11147427558898926,0.4521622657775879,0.2498970925807953
857,482,-2.2922059602186913,-1.5619853,0.8425434589137637,0.8204508681346971,0.9927223831911884,0.8354237675666809,1.406556487083435,0.8354237675666809,1.406556487083435,1.3274250030517578,1.406556487083435,0.5303704738616943,0.28605175018310547,0.5303704738616943,0.28605175018310547,0.6975027322769165,0.43189188838005066
858,482,-3.162545013512511,-1.4704103,0.8389902091523012,0.6713048177895448,0.5253366104823844,0.8695064783096313,0.3839024305343628,0.8695064783096313,0.3839024305343628,1.4915292263031006,0.8992573618888855,0.3839024305343628,0.2899123430252075,0.3839024305343628,0.2899123430252075,0.6415798664093018,0.46621793508529663
859,482,-1.8261050834535049,-1.5379621,0.8250084913273652,0.9727935825039942,0.6434234115233026,0.7879148721694946,0.9288772940635681,0.7879148721694946,0.9288772940635681,1.551876187324524,0.9288772940635681,0.4832615852355957,0.2654876708984375,0.4832615852355957,0.2654876708984375,0.7060694694519043,0.46331787109375
860,482,-0.947649044084689,-1.5936867,0.7906811016798019,0.7361196225136519,0.7243651575967669,0.3446011543273926,0.16943836212158203,0.3446011543273926,0.16943836212158203,1.0054285526275635,0.7697255611419678,0.16943836212158203,0.296921968460083,0.16943836212158203,0.296921968460083,0.4695819616317749,0.5041686296463013
861,482,-2.289311928908462,-1.6222949,0.788207259538273,1.0237792148689429,0.716689217040936,0.9035146832466125,0.9813231825828552,0.9035146832466125,0.9813231825828552,1.4579181671142578,0.9813231825828552,0.5566619634628296,0.3593571186065674,0.5566619634628296,0.3593571186065674,0.76899254322052,0.5363517999649048
862,482,-1.799630595742286,-1.516859,0.5925817872832218,0.8561224070812266,1.0045454595113794,1.266932487487793,1.4567959308624268,1.266932487487793,1.4567959308624268,2.2176637649536133,1.4567959308624268,0.6544379591941833,0.16853976249694824,0.6544379591941833,0.16853976249694824,0.9008110761642456,0.42870357632637024
863,482,-0.377237376130235,-1.2598891,0.814481538468972,0.5113375640846787,0.58111308936961,0.8893338441848755,0.39892810583114624,0.8893338441848755,0.39892810583114624,1.6225829124450684,1.1696029901504517,0.39892810583114624,0.17984259128570557,0.39892810583114624,0.17984259128570557,0.6166026592254639,0.34371665120124817
864,482,-2.0366033566341164,-1.2423888,0.8459851525723936,0.9744945859164001,0.4775135484337807,0.8421339392662048,0.921025276184082,0.8421339392662048,0.921025276184082,1.727431297302246,0.921025276184082,0.47640037536621094,0.16681039333343506,0.47640037536621094,0.16681039333343506,0.6987128257751465,0.34334585070610046
865,482,-2.28994702699521,-1.3207551,0.5124980327176551,0.9167077047998707,0.8033072992103791,1.0604958534240723,0.6524307727813721,1.0604958534240723,0.6524307727813721,2.1336498260498047,1.2228100299835205,0.5276776552200317,0.09539628028869629,0.5276776552200317,0.09539628028869629,0.8066664338111877,0.3944523334503174
866,482,-1.672638757924082,-1.1395911,0.7625511119018,0.4047650416816275,0.585675081561009,1.110827088356018,0.46671009063720703,1.110827088356018,0.46671009063720703,1.9432353973388672,1.012256383895874,0.46671009063720703,0.0936737060546875,0.46671009063720703,0.0936737060546875,0.6773325204849243,0.2739001512527466
867,482,-1.9335388005165528,-1.3033254,0.8845056744416554,0.7843791572873793,0.308354432520767,1.2768046855926514,0.46874678134918213,1.2768046855926514,0.46874678134918213,2.4850471019744873,1.0678658485412598,0.46874678134918213,0.08506715297698975,0.46874678134918213,0.08506715297698975,0.768306314945221,0.3149418234825134
868,482,-2.8051141738411154,-1.5078081,0.6810081887493531,0.7661395060891906,0.5981076767916478,0.5604977011680603,0.8030878305435181,0.5604977011680603,0.8030878305435181,1.0289514064788818,0.8030878305435181,0.39589691162109375,0.27379846572875977,0.39589691162109375,0.27379846572875977,0.5994923710823059,0.45993438363075256
869,482,-2.7744010236301166,-1.5037543,0.8305025508875647,0.6915359513337412,0.6435921117166679,0.4436289072036743,0.3566603660583496,0.4436289072036743,0.3566603660583496,0.9122158288955688,0.8111950159072876,0.3566603660583496,0.3975670337677002,0.3566603660583496,0.3975670337677002,0.5839276909828186,0.5931357145309448
870,482,-4.470591837182871,-1.5034536,0.8836486871540548,0.7159070438146591,0.569938873797655,0.8853344321250916,0.4459519386291504,0.8853344321250916,0.4459519386291504,1.587270975112915,1.0556931495666504,0.4459519386291504,0.31975746154785156,0.4459519386291504,0.31975746154785156,0.7508225440979004,0.5306940674781799
871,482,-1.3412744251617326,-1.9323841,1.120166000363727,1.189362435688575,0.7758931886528933,0.8939707279205322,1.3515948057174683,0.8939707279205322,1.3515948057174683,2.097954273223877,1.3515948057174683,0.6236979961395264,0.4475257396697998,0.6236979961395264,0.4475257396697998,0.9876464009284973,0.7514697313308716
872,482,-2.1151572721682785,-1.8669077,0.9383935507697364,0.8461857817539324,0.7152629956075298,1.0968025922775269,0.369839072227478,1.0968025922775269,0.369839072227478,1.8941283226013184,1.131178379058838,0.369839072227478,0.5114006996154785,0.369839072227478,0.5114006996154785,0.750508725643158,0.7436141967773438
873,482,-2.050698343986026,-2.2120616,0.7176190100579216,1.3649417572251208,0.8094776822129888,2.0346286296844482,1.4683741331100464,2.0346286296844482,1.4683741331100464,3.178494691848755,2.134326934814453,1.017896056175232,0.33963727951049805,1.017896056175232,0.33963727951049805,1.3531036376953125,0.6624960899353027
874,482,-4.2684753016710815,-1.7800461,0.8873445715382693,0.6560366204753523,0.9981658229976894,1.5179269313812256,1.7404361963272095,1.5179269313812256,1.7404361963272095,2.4328725337982178,1.7404361963272095,0.7532882690429688,0.3103131055831909,0.7532882690429688,0.3103131055831909,1.0295192003250122,0.5688247084617615
875,482,-3.8845324513419377,-1.5539688,0.863742242368559,0.8441425372535982,0.4611164776484171,0.7897018194198608,0.5085957050323486,0.7897018194198608,0.5085957050323486,1.7532618045806885,1.160239577293396,0.5085957050323486,0.24179482460021973,0.5085957050323486,0.24179482460021973,0.8344176411628723,0.5255614519119263
876,482,-1.8297968652585772,-2.0089054,1.1319196365773678,0.7441489807516337,0.6024114028364418,1.6415783166885376,0.7257931232452393,1.6415783166885376,0.7257931232452393,2.304321527481079,1.3915870189666748,0.7257931232452393,0.4381685256958008,0.7257931232452393,0.4381685256958008,1.058690071105957,0.6661046147346497
877,482,-4.32983669254858,-2.2475796,1.0909207629660767,1.033918105314175,0.5402708823482198,1.5264017581939697,0.7439864873886108,1.5264017581939697,0.7439864873886108,3.274045944213867,1.7193288803100586,0.7439864873886108,0.34147608280181885,0.7439864873886108,0.34147608280181885,1.2316577434539795,0.7328808307647705
878,482,-3.0103799863650074,-2.5218668,0.7727471400300665,1.4253715135032934,1.0329136723155772,1.8236867189407349,1.5347318649291992,1.8236867189407349,1.5347318649291992,3.361088991165161,2.4263412952423096,0.98492431640625,0.29756665229797363,0.98492431640625,0.29756665229797363,1.414109230041504,0.7775372862815857
879,482,-2.7937863378527332,-2.2785003,1.2744833361109096,0.7814255784203614,0.9890528875341018,1.749558687210083,0.7267324924468994,1.749558687210083,0.7267324924468994,3.0750985145568848,2.25925874710083,0.7267324924468994,0.49842405319213867,0.7267324924468994,0.49842405319213867,1.1904268264770508,0.8360222578048706
880,482,-2.0680993257136224,-2.2901576,1.16911306368808,1.1246545993040002,0.5390142829219502,1.415940761566162,0.8638306856155396,1.415940761566162,0.8638306856155396,3.2469701766967773,1.8056845664978027,0.8638306856155396,0.3536832332611084,0.8638306856155396,0.3536832332611084,1.3347575664520264,0.8028240203857422
881,482,-2.02267961957902,-2.61017,1.078711317504446,1.1819311630229152,1.0456012381861606,0.9831634759902954,1.7060853242874146,0.9831634759902954,1.7060853242874146,1.8071194887161255,1.7060853242874146,0.9043929576873779,0.9240504503250122,0.9043929576873779,0.9240504503250122,1.305239200592041,1.3246691226959229
882,482,-0.5029698542252659,-2.3275418,0.9095253064980113,1.1597399430473643,0.9273388753583034,1.1436116695404053,1.5478999614715576,1.1436116695404053,1.5478999614715576,2.1078591346740723,2.223167657852173,0.8878856897354126,0.5593392848968506,0.8878856897354126,0.5593392848968506,1.2323839664459229,0.9626273512840271
883,482,-2.301563447389975,-1.9525737,1.0246514091951147,0.8910604381126663,0.7567851328228914,0.6062328815460205,0.6062328815460205,0.6062328815460205,0.6062328815460205,1.3007447719573975,1.2839481830596924,0.6062328815460205,0.5776033401489258,0.6062328815460205,0.5776033401489258,0.9450905323028564,0.8533029556274414
884,482,-1.5258036551166494,-1.5318054,0.5972150407917798,0.985743319746107,0.7689617732912302,1.2944329977035522,0.9309362173080444,1.2944329977035522,0.9309362173080444,2.2340524196624756,1.4236422777175903,0.7285842299461365,0.1903223991394043,0.7285842299461365,0.1903223991394043,0.9794595241546631,0.5019618272781372
885,482,-1.225056742230219,-1.4819654,1.0048141625771918,0.43848006977389264,0.6843647889668744,1.5024268627166748,0.7450735569000244,1.5024268627166748,0.7450735569000244,2.3385939598083496,1.4367973804473877,0.7450735569000244,0.161865234375,0.7450735569000244,0.161865234375,1.0091526508331299,0.396032452583313
886,482,-1.5137169415590892,-1.4220445,0.8793190681189298,0.9658677703514699,0.3121150190010664,1.261391520500183,1.2638126611709595,1.261391520500183,1.2638126611709595,2.2385454177856445,1.2638126611709595,0.7059966325759888,0.12528538703918457,0.7059966325759888,0.12528538703918457,0.9849046468734741,0.3889046609401703
887,482,-0.5571233347686328,-1.6447526,0.6881786146759987,0.7697186223417521,0.7553087650984527,0.6427294015884399,0.9923243522644043,0.6427294015884399,0.9923243522644043,1.5875099897384644,1.5750865936279297,0.5198605060577393,0.4237964153289795,0.5198605060577393,0.4237964153289795,0.8370426297187805,0.7422500252723694
888,482,-1.0802366901316431,-1.3873577,0.7235424693425494,0.5882646142443023,0.5500707848866782,0.6005367040634155,0.48845934867858887,0.6005367040634155,0.48845934867858887,1.0264105796813965,0.9153231382369995,0.48845934867858887,0.3764474391937256,0.48845934867858887,0.3764474391937256,0.7018912434577942,0.5710434913635254
889,482,0.1094099626218576,-1.1367718,0.6063408019393682,0.8450533387064935,0.527160336598754,0.8188791275024414,0.702244222164154,0.8188791275024414,0.702244222164154,1.0559206008911133,0.702244222164154,0.47504210472106934,0.28206753730773926,0.47504210472106934,0.28206753730773926,0.5886431932449341,0.3935897648334503
890,482,-0.9625884652456348,-1.0519084,0.5886912771811088,0.417643931483229,0.46555407771219803,0.7068628072738647,0.45572298765182495,0.7068628072738647,0.45572298765182495,1.222641944885254,0.960917055606842,0.45572298765182495,0.18561595678329468,0.45572298765182495,0.18561595678329468,0.6223332285881042,0.3718748390674591
891,482,-0.1559235694950169,-0.62015784,0.255016435352154,0.6876490689488127,0.3939565296377987,0.8323620557785034,0.32775887846946716,0.8323620557785034,0.32775887846946716,1.2184946537017822,0.47093433141708374,0.37006184458732605,0.042867839336395264,0.37006184458732605,0.042867839336395264,0.4416734576225281,0.07147958874702454
892,482,-0.6548610462776943,-0.6506849,0.7761803329891216,0.2997900652109333,0.564651329886789,0.8580571413040161,0.390667200088501,0.8580571413040161,0.390667200088501,1.3912365436553955,0.6152857542037964,0.390667200088501,0.03948110342025757,0.390667200088501,0.03948110342025757,0.5222318172454834,0.1354590505361557
893,482,-2.337901858474654,-0.4372142,0.2883408784990509,0.5483315808077653,0.14350116067876406,0.6590306162834167,0.35013723373413086,0.6590306162834167,0.35013723373413086,0.832997739315033,0.35013723373413086,0.2913590669631958,0.022774338722229004,0.2913590669631958,0.022774338722229004,0.32074815034866333,0.028772354125976562
894,482,-0.8624620610388425,-0.6926175,0.474945679716766,0.3427807633671911,0.41075601129792627,0.4662339985370636,0.258571594953537,0.4662339985370636,0.258571594953537,0.8901486396789551,0.5377302765846252,0.258571594953537,0.05596351623535156,0.258571594953537,0.05596351623535156,0.37027299404144287,0.17021866142749786
895,482,-1.1744739831993805,-0.9092152,0.942374095655978,0.5234807399474084,0.2563066677562893,1.4854317903518677,0.620910108089447,1.4854317903518677,0.620910108089447,1.8105568885803223,0.8190707564353943,0.620910108089447,0.04008221626281738,0.620910108089447,0.04008221626281738,0.7199904322624207,0.13217222690582275
896,482,0.28886405103077,-1.2846731,0.608533668629825,0.9535084465518592,0.3192031446099284,1.2559648752212524,1.03740656375885,1.2559648752212524,1.03740656375885,1.6980268955230713,1.03740656375885,0.7165704965591431,0.17114031314849854,0.7165704965591431,0.17114031314849854,0.8769885301589966,0.32137566804885864
897,482,0.2611045837715388,-1.3008518,0.7079312591999769,0.5129270647466182,0.6828543035686017,0.5455210208892822,0.4188881516456604,0.5455210208892822,0.4188881516456604,1.4323983192443848,1.2437522411346436,0.4188881516456604,0.32478779554367065,0.4188881516456604,0.32478779554367065,0.6848808526992798,0.5643649697303772
898,482,-2.3198145128348027,-0.5796848,0.029168749433010954,0.5634417805075645,0.3035070423968136,0.963624894618988,0.3225323259830475,0.963624894618988,0.3225323259830475,1.5195488929748535,0.5051712989807129,0.43678170442581177,0.11211246252059937,0.43678170442581177,0.11211246252059937,0.5303175449371338,0.09238627552986145
899,482,-0.7544604512954536,-0.11707796,0.12893373155966414,0.15272762855514888,0.4673992000892758,0.6208707690238953,0.07048851996660233,0.6208707690238953,0.07048851996660233,0.5078662037849426,0.07048851996660233,0.26351577043533325,0.09779137372970581,0.26351577043533325,0.09779137372970581,0.21661807596683502,0.14222502708435059
900,482,-1.8384254244640752,-0.70492715,1.0295189944157999,0.17787811205411974,0.16235022377843644,1.733522653579712,0.757196843624115,1.733522653579712,0.757196843624115,1.655414342880249,0.6696524620056152,0.757196843624115,0.06187933683395386,0.757196843624115,0.06187933683395386,0.7134246826171875,0.09431606531143188
901,482,-1.7189114652236053,-1.0589185,0.4838382474767666,1.0047793883892397,0.07109888496498251,1.779212474822998,1.025644063949585,1.779212474822998,1.025644063949585,2.5166289806365967,1.025644063949585,0.7229215502738953,0.06478023529052734,0.7229215502738953,0.06478023529052734,0.8742828369140625,0.1486600935459137
902,482,-0.6940322185687953,-1.3835608,0.8482076823711395,0.3948529408499597,0.6959099056199194,0.9272735118865967,0.5458698868751526,0.9272735118865967,0.5458698868751526,1.928813099861145,1.3390281200408936,0.5458698868751526,0.2747138738632202,0.5458698868751526,0.2747138738632202,0.8136472702026367,0.4811675250530243
903,482,-0.6140950173141071,-1.3849057,0.9331900324858724,0.8055799921229481,0.36256043983623387,0.9049121141433716,0.5618219375610352,0.9049121141433716,0.5618219375610352,1.8893808126449585,1.1493703126907349,0.5618219375610352,0.14520466327667236,0.5618219375610352,0.14520466327667236,0.855596125125885,0.4008961319923401
904,482,0.8437723383140608,-1.3325084,0.505373667726914,0.8354726619521775,0.6581733196477098,0.9301406741142273,0.851834774017334,0.9301406741142273,0.851834774017334,1.7260290384292603,1.3051540851593018,0.5906703472137451,0.24992167949676514,0.5906703472137451,0.24992167949676514,0.8186821937561035,0.5017843246459961
905,482,-1.0452291987303737,-0.86437076,0.4826764771932115,0.5141165293597927,0.5681787596208354,0.6225941181182861,0.7791364192962646,0.6225941181182861,0.7791364192962646,0.8501316905021667,0.7791364192962646,0.3831639885902405,0.22777533531188965,0.3831639885902405,0.22777533531188965,0.4779597222805023,0.3368520140647888
906,482,-1.018860487820607,-0.14167556,0.034732627471288025,0.529172272371749,0.3519226603830854,0.6837486028671265,0.12090221047401428,0.6837486028671265,0.12090221047401428,1.358664870262146,0.014531075954437256,0.19515033066272736,0.312315970659256,0.19515033066272736,0.312315970659256,0.26550567150115967,0.24649211764335632
907,482,0.3933398864089463,-0.36744827,0.6869067964206138,0.005127095480759847,0.37981218713025267,1.0618152618408203,0.36128807067871094,1.0618152618408203,0.36128807067871094,1.6820909976959229,0.22979635000228882,0.36128807067871094,0.2460593581199646,0.36128807067871094,0.2460593581199646,0.4382771849632263,0.1862967312335968
908,482,-1.154249323503544,-0.691377,0.727263327750067,0.6420004589731493,0.012631920849283551,1.2632691860198975,0.43214383721351624,1.2632691860198975,0.43214383721351624,2.404433250427246,0.8337914347648621,0.43214383721351624,0.20938360691070557,0.43214383721351624,0.20938360691070557,0.6329676508903503,0.17497548460960388
909,482,0.3000003318723545,-0.47900292,0.08513544384390137,0.6446944534406063,0.4154087042808533,0.8358438014984131,0.20140796899795532,0.8358438014984131,0.20140796899795532,1.4710229635238647,0.43678998947143555,0.35425272583961487,0.1611497700214386,0.35425272583961487,0.1611497700214386,0.4665966033935547,0.12405835092067719
910,482,-1.9881624036043908,-0.60780466,0.7109751056476187,0.178540794129173,0.48897296422782033,1.0528067350387573,0.4239170551300049,1.0528067350387573,0.4239170551300049,1.6391987800598145,0.5111467242240906,0.4239170551300049,0.12674546241760254,0.4239170551300049,0.12674546241760254,0.536552906036377,0.12066473066806793
911,482,0.0479563283780237,-0.2701058,0.17699271026998753,0.7218393156304956,0.11175233475863933,0.998461127281189,0.28152164816856384,0.998461127281189,0.28152164816856384,0.9197267293930054,0.28152164816856384,0.3902392089366913,0.09686583280563354,0.3902392089366913,0.09686583280563354,0.33588042855262756,0.15313297510147095
912,482,-1.171578239527528,-0.9087426,0.9728060753146808,0.06530136639873185,0.46415957706669975,1.4878119230270386,0.6712757349014282,1.4878119230270386,0.6712757349014282,2.129354476928711,0.830388069152832,0.6712757349014282,0.09342807531356812,0.6712757349014282,0.09342807531356812,0.8032625913619995,0.12496700882911682
913,482,-1.20449644740678,-0.6134928,0.27369313781149696,0.7847350854426622,0.09280418823473147,1.3264819383621216,0.4981764853000641,1.3264819383621216,0.4981764853000641,1.4124711751937866,0.4981764853000641,0.5151610374450684,0.06119382381439209,0.5151610374450684,0.06119382381439209,0.506668746471405,0.06979554891586304
914,482,-0.7441344559356795,-0.92465895,0.6612278314431508,0.20188640204568697,0.7107055523743232,0.973974883556366,0.8058683276176453,0.973974883556366,0.8058683276176453,1.8184611797332764,0.8058683276176453,0.43628543615341187,0.016199231147766113,0.43628543615341187,0.016199231147766113,0.6295069456100464,0.17396938800811768
915,482,1.3709001698923835,-0.7992089,0.6605061641087133,0.6250933472563824,0.19009689037998512,0.8897631764411926,0.41315099596977234,0.8897631764411926,0.41315099596977234,1.6769211292266846,0.7861799001693726,0.41315099596977234,0.011767148971557617,0.41315099596977234,0.011767148971557617,0.5996654629707336,0.18476520478725433
916,482,-1.5518105161917688,-1.0426135,0.5159616557819147,0.7213611675364276,0.48720644795646284,0.6193748712539673,0.7027862071990967,0.6193748712539673,0.7027862071990967,0.8720990419387817,0.7027862071990967,0.4459928274154663,0.30893540382385254,0.4459928274154663,0.30893540382385254,0.5743895173072815,0.4322230815887451
917,482,1.173233030850004,-0.21649888,0.18644444912051172,0.6212000636818509,0.574660722228388,1.0889700651168823,0.20146659016609192,1.0889700651168823,0.20146659016609192,2.2639777660369873,0.11776401847600937,0.2798303961753845,0.4760524332523346,0.2798303961753845,0.4760524332523346,0.45943883061408997,0.3171219229698181
918,482,-0.6495246330723059,-0.27298003,0.7106288046638168,0.30337617249538473,0.3991862786437075,1.5309929847717285,0.5124107599258423,1.5309929847717285,0.5124107599258423,2.4617934226989746,0.22864142060279846,0.5124107599258423,0.4147927165031433,0.5124107599258423,0.4147927165031433,0.612447202205658,0.329233855009079
919,482,-0.9080510772618252,0.024567612,0.1575604852909842,0.8814286375169953,0.16469407024482896,1.8846111297607422,0.1702841818332672,1.8846111297607422,0.1702841818332672,1.358954668045044,0.1404414176940918,0.5893439054489136,0.33820533752441406,0.5893439054489136,0.33820533752441406,0.40959644317626953,0.4641135334968567
920,482,2.0773104711667516,-0.2343092,0.44455832752088686,0.23925461654861757,0.5570247732351223,1.176816701889038,0.17971299588680267,1.176816701889038,0.17971299588680267,2.1145434379577637,0.17971299588680267,0.3626357913017273,0.4205293655395508,0.3626357913017273,0.4205293655395508,0.48478588461875916,0.2999687194824219
921,482,-2.2243548972827005,-0.32978287,0.5430032003174226,0.4938205639893809,0.11045798630764081,1.0891469717025757,0.3109737038612366,1.0891469717025757,0.3109737038612366,2.0425987243652344,0.5334791541099548,0.3109737038612366,0.26167264580726624,0.3109737038612366,0.26167264580726624,0.4222264289855957,0.16680850088596344
922,482,-0.0316311448045015,0.09079364,0.45832760598510514,0.5386187336221339,0.4044736396521329,1.4596973657608032,0.3438095152378082,1.4596973657608032,0.3438095152378082,0.7526102066040039,0.3438095152378082,0.31301072239875793,0.1901068389415741,0.31301072239875793,0.1901068389415741,0.3284101188182831,0.34077757596969604
923,482,-1.3378395981786235,-0.34890306,0.8606728974605602,0.4154593536940714,0.4838341311427452,2.088831901550293,0.7213137745857239,2.088831901550293,0.7213137745857239,3.3467893600463867,0.264121413230896,0.7213137745857239,0.5172000527381897,0.7213137745857239,0.5172000527381897,0.8741388320922852,0.41733160614967346
924,482,0.0433740005746532,-0.30087125,0.36068760953843604,1.2010664122924206,0.34716956701129664,2.4136271476745605,0.7988574504852295,2.4136271476745605,0.7988574504852295,3.0987792015075684,0.7988574504852295,0.789212703704834,0.5638698935508728,0.789212703704834,0.5638698935508728,0.7940350770950317,0.5593432188034058
925,482,-1.4299926690232816,-1.1028081,0.5868818087379138,0.1640065824488799,0.711025292823712,1.1307957172393799,1.0394604206085205,1.1307957172393799,1.0394604206085205,2.095028877258301,1.0394604206085205,0.6131287813186646,0.012906432151794434,0.6131287813186646,0.012906432151794434,0.8202557563781738,0.20738422870635986
926,482,-1.055401199427085,-0.5082373,0.25811941128224125,0.6846700288914145,0.20000135688111198,0.8889270424842834,0.41331493854522705,0.8889270424842834,0.41331493854522705,0.8731535077095032,0.41331493854522705,0.42688536643981934,0.0084000825881958,0.42688536643981934,0.0084000825881958,0.4201001524925232,0.006422549486160278
927,482,-2.020035950608378,-0.8080034,0.6318302310506502,0.16230106028417768,0.5099310677001873,0.9320076704025269,0.44397637248039246,0.9320076704025269,0.44397637248039246,1.6466636657714844,0.7634037733078003,0.44397637248039246,0.014173150062561035,0.44397637248039246,0.014173150062561035,0.6109363436698914,0.15871748328208923
928,482,-0.4473404779093521,-0.80763936,0.4648469916482767,0.7384858813633521,0.15634612617393318,1.0847939252853394,0.7810370326042175,1.0847939252853394,0.7810370326042175,1.7403168678283691,0.7810370326042175,0.5127851963043213,0.009769797325134277,0.5127851963043213,0.009769797325134277,0.6469111442565918,0.13520485162734985
929,482,-0.0379847976291314,-1.2783945,0.7993077918328342,0.57866534544155,0.5356022270582619,0.794714629650116,0.4827762246131897,0.794714629650116,0.4827762246131897,1.1841161251068115,0.8764216899871826,0.4827762246131897,0.3012545704841614,0.4827762246131897,0.3012545704841614,0.6795989274978638,0.48269861936569214
930,482,-0.7207954491126707,-1.15313,0.3958306280523538,1.0344298193976282,0.49764735367149115,1.234978199005127,0.8310967087745667,1.234978199005127,0.8310967087745667,1.7535912990570068,1.0641666650772095,0.7096750140190125,0.12307226657867432,0.7096750140190125,0.12307226657867432,0.8210163116455078,0.25129762291908264
931,482,-1.458089010247412,-0.70242965,0.2734626976897321,0.5442688662869234,0.7648036578980585,0.9213980436325073,0.5674662590026855,0.9213980436325073,0.5674662590026855,1.2989180088043213,0.5674662590026855,0.42063865065574646,0.009780466556549072,0.42063865065574646,0.009780466556549072,0.4889048933982849,0.08435681462287903
932,482,-2.2067960860069857,-0.47302142,0.4893554444238545,0.31650633763521896,0.38860072247683997,0.4918771982192993,0.24883049726486206,0.4918771982192993,0.24883049726486206,0.7298269271850586,0.3863709568977356,0.24883049726486206,0.013907909393310547,0.24883049726486206,0.013907909393310547,0.3103973865509033,0.07713162899017334
933,482,-0.8152120447025517,-0.8268093,0.6462719646965465,0.3839709231009084,0.17223289856066315,0.9516561031341553,0.44783005118370056,0.9516561031341553,0.44783005118370056,1.459985613822937,0.7042914032936096,0.44783005118370056,0.0077239274978637695,0.44783005118370056,0.0077239274978637695,0.5760607123374939,0.12454098463058472
934,482,-3.5052148064912383,-1.3651443,0.8265805811062457,0.6581218456290663,0.3490653890185056,1.1201496124267578,0.6362027525901794,1.1201496124267578,0.6362027525901794,1.8686814308166504,1.121360421180725,0.6362027525901794,0.15034067630767822,0.6362027525901794,0.15034067630767822,0.8787815570831299,0.360000342130661
935,482,-3.285683548872126,-1.4029378,0.5380908182263373,1.006524198614061,0.6028207955881952,1.0998913049697876,0.9058741331100464,1.0998913049697876,0.9058741331100464,1.66526198387146,1.260290265083313,0.6494852304458618,0.25230860710144043,0.6494852304458618,0.25230860710144043,0.8290783762931824,0.4516524374485016
936,482,-3.6038155928384703,-1.6464899,1.063995588719845,0.5030127481743694,0.7644356276467441,1.5351552963256836,0.6529651880264282,1.5351552963256836,0.6529651880264282,2.5407538414001465,1.5273182392120361,0.6529651880264282,0.23671305179595947,0.6529651880264282,0.23671305179595947,0.9477885365486145,0.4658765196800232
937,482,-5.063860037334658,-2.1419523,1.0563467107402778,1.175546589723478,0.3435677809516591,1.6324188709259033,1.8405084609985352,1.6324188709259033,1.8405084609985352,3.6167941093444824,1.8405084609985352,0.9940520524978638,0.21945714950561523,0.9940520524978638,0.21945714950561523,1.4172801971435547,0.623650074005127
938,482,-4.207150055516367,-2.5187974,1.045740347020328,1.1465624795854088,0.805149228312076,0.8498151302337646,1.7800517082214355,0.8498151302337646,1.7800517082214355,1.876725196838379,1.7800517082214355,0.8498151302337646,0.5797364711761475,0.8498151302337646,0.5797364711761475,1.3149334192276,1.0080080032348633
939,482,-5.70508073025175,-2.8405614,1.0895025824755429,1.1891346817836164,0.8304662106558682,0.9701137542724609,2.022716999053955,0.9701137542724609,2.022716999053955,2.5961930751800537,2.022716999053955,0.8712571859359741,0.6199309825897217,0.8712571859359741,0.6199309825897217,1.4469871520996094,1.14693284034729
940,482,-4.6484962821264935,-3.3687277,1.3622165097792944,1.7359317334492999,0.8903654268135628,1.897649884223938,2.6941282749176025,1.897649884223938,2.6941282749176025,3.397819995880127,2.6941282749176025,1.4866820573806763,0.6984424591064453,1.4866820573806763,0.6984424591064453,2.090405225753784,1.2199046611785889
941,482,-5.59931306107015,-3.3055286,1.4031654184001185,1.436198297167818,1.0403411253603796,1.2818748950958252,2.4605774879455566,1.2818748950958252,2.4605774879455566,3.002889633178711,2.4605774879455566,1.2818748950958252,0.8361141681671143,1.2818748950958252,0.8361141681671143,1.871226191520691,1.4871673583984375
942,482,-4.20541678001618,-3.837541,1.4331833957259859,1.8604118655932438,0.9304316801515724,2.1696600914001465,2.9299495220184326,2.1696600914001465,2.9299495220184326,3.4440677165985107,2.9299495220184326,1.6555554866790771,0.6405668258666992,1.6555554866790771,0.6405668258666992,2.292752504348755,1.319185495376587
943,482,-3.848412447463892,-3.7350426,1.5629378392050661,1.5208688690761718,1.196893050881724,1.2135875225067139,0.9039318561553955,1.2135875225067139,0.9039318561553955,2.818160057067871,2.5580599308013916,0.9039318561553955,0.798914909362793,0.9039318561553955,0.798914909362793,1.7309958934783936,1.475816011428833
944,482,-4.88584617444869,-3.683867,1.3518372164294121,1.5447638902440666,0.9528667891770608,1.79607093334198,2.5279769897460938,1.79607093334198,2.5279769897460938,3.076517105102539,2.5279769897460938,1.3002424240112305,0.6161131858825684,1.3002424240112305,0.6161131858825684,1.914109706878662,1.2441730499267578
945,482,-3.650510091744432,-3.9211404,1.2674564919744937,1.7466927673046784,1.414753980835278,1.7503316402435303,2.7402734756469727,1.7503316402435303,2.7402734756469727,3.5002758502960205,3.8677937984466553,1.5999290943145752,0.9465904235839844,1.5999290943145752,0.9465904235839844,2.2132620811462402,1.7440063953399658
946,482,-3.223751656825197,-3.6834707,1.5850683824283378,1.4264328711697214,1.1754565455236783,1.678262710571289,1.2520451545715332,1.678262710571289,1.2520451545715332,2.9695754051208496,2.662187099456787,1.2520451545715332,1.0387778282165527,1.2520451545715332,1.0387778282165527,1.9571161270141602,1.6548206806182861
947,482,-5.036368929367225,-3.8803458,1.2841720890005435,1.8407773089905577,1.014133256872495,2.3264291286468506,3.0843467712402344,2.3264291286468506,3.0843467712402344,3.491377353668213,3.0843467712402344,1.930445909500122,1.0640685558319092,1.930445909500122,1.0640685558319092,2.5073962211608887,1.6602861881256104
948,482,-2.837220268984754,-3.884701,1.3186908388634526,1.7800122537215552,1.5574559058745698,1.749666690826416,2.7021243572235107,1.749666690826416,2.7021243572235107,3.5274112224578857,3.7596585750579834,1.5553898811340332,1.054304599761963,1.5553898811340332,1.054304599761963,2.18660306930542,1.8291531801223755
949,482,-2.729339220716551,-3.5145624,1.6369833590866376,1.3964213047580178,1.0242616893847778,1.937343716621399,1.1869874000549316,1.937343716621399,1.1869874000549316,3.1579437255859375,2.629824638366699,1.1869874000549316,0.860074520111084,1.1869874000549316,0.860074520111084,1.9084060192108154,1.416804313659668
950,482,-4.412153304169138,-3.4971848,1.1785077658916503,1.7879546306158114,0.9458442284415169,2.538085460662842,2.819049835205078,2.538085460662842,2.819049835205078,3.5140299797058105,2.819049835205078,1.8538497686386108,0.9322023391723633,1.8538497686386108,0.9322023391723633,2.3364498615264893,1.460519790649414
951,482,-5.0396235409415535,-3.7058651,1.062614943732818,1.3688336733852824,1.5587813414757452,2.519261360168457,3.546983242034912,2.519261360168457,3.546983242034912,3.6497695446014404,3.546983242034912,1.7857465744018555,0.9997613430023193,1.7857465744018555,0.9997613430023193,2.3044655323028564,1.7050015926361084
952,482,-5.694042575338983,-3.0409453,1.4931515813494727,0.954832907008627,0.7223355300972862,2.247202157974243,1.4949275255203247,2.247202157974243,1.4949275255203247,3.041388988494873,2.4505505561828613,1.4949275255203247,0.7832942008972168,1.4949275255203247,0.7832942008972168,1.9727389812469482,1.2517451047897339
953,482,-3.2886719154660815,-3.8647792,1.723605390886466,1.637894090364376,0.9877201476941506,2.8519389629364014,1.8185701370239258,2.8519389629364014,1.8185701370239258,4.398244857788086,3.272561550140381,1.8185701370239258,1.0428886413574219,1.8185701370239258,1.0428886413574219,2.5455658435821533,1.7231240272521973
954,482,-4.471089616618483,-4.3583117,1.760763434687008,1.9520881623153885,1.1089188476589822,2.03194260597229,3.3302862644195557,2.03194260597229,3.3302862644195557,3.808718681335449,3.3302862644195557,1.8049252033233643,0.8087406158447266,1.8049252033233643,0.8087406158447266,2.56760573387146,1.5977511405944824
955,482,-4.223827845296453,-4.2867594,1.206555288905899,2.1124542092780274,1.2245030096421636,2.749410629272461,3.202451705932617,2.749410629272461,3.202451705932617,4.4710283279418945,4.177562236785889,2.166098117828369,0.947789192199707,2.166098117828369,0.947789192199707,2.6987247467041016,1.6827099323272705
956,482,-3.598609375350899,-4.009929,1.6464817156828941,1.3862630582973359,1.4774684688635171,1.5826807022094727,1.1184556484222412,1.5826807022094727,1.1184556484222412,3.778097629547119,3.9282784461975098,1.1184556484222412,1.2608232498168945,1.1184556484222412,1.2608232498168945,1.993150234222412,1.836012363433838
957,482,-4.978673386501829,-3.8873594,1.6788389624220632,1.7643558066276208,0.961331311439475,2.0991945266723633,3.1317291259765625,2.0991945266723633,3.1317291259765625,3.76826810836792,3.1317291259765625,1.8376636505126953,0.8859927654266357,1.8376636505126953,0.8859927654266357,2.484696388244629,1.6589655876159668
958,482,-3.953765529079504,-4.149643,1.3861295101232827,1.9257468736753802,1.2396276422194203,2.2463250160217285,3.1663405895233154,2.2463250160217285,3.1663405895233154,3.3902945518493652,3.1663405895233154,1.961585521697998,1.3269035816192627,1.961585521697998,1.3269035816192627,2.563962936401367,1.9308143854141235
959,482,-3.9276241391800286,-4.057962,1.669412037036381,1.5017847834806886,1.199262488740497,2.2690176963806152,1.662057876586914,2.2690176963806152,1.662057876586914,3.5047712326049805,3.0994131565093994,1.662057876586914,1.2917237281799316,1.662057876586914,1.2917237281799316,2.380735397338867,1.9353922605514526
960,482,-4.810396829386229,-4.157423,1.4776195325454071,1.9532478958865007,1.0424833837648233,2.5181097984313965,3.290506362915039,2.5181097984313965,3.290506362915039,3.8238778114318848,3.290506362915039,2.1420981884002686,0.9690835475921631,2.1420981884002686,0.9690835475921631,2.7163023948669434,1.755694031715393
961,482,-3.866297961968413,-4.1922297,1.4041506688793493,1.5165555802484354,1.4302534944315757,1.483842372894287,3.0085108280181885,1.483842372894287,3.0085108280181885,3.1378393173217773,3.9484596252441406,1.4722797870635986,1.410871982574463,1.4722797870635986,1.410871982574463,2.151054859161377,2.156838893890381
962,482,-4.635803629986307,-4.103301,1.8134377660105623,1.6121364835525553,1.135262494447331,2.1001758575439453,1.734757423400879,2.1001758575439453,1.734757423400879,3.3997366428375244,3.1748011112213135,1.734757423400879,1.164290428161621,1.734757423400879,1.164290428161621,2.4547791481018066,1.845165491104126
963,482,-4.160229617006319,-3.943326,1.4367174307008586,1.7558178986733157,1.020573508304854,2.119260311126709,3.2290430068969727,2.119260311126709,3.2290430068969727,3.5313165187835693,3.2290430068969727,1.79541015625,1.1138310432434082,1.79541015625,1.1138310432434082,2.5122265815734863,1.8007054328918457
964,482,-4.251905416890636,-4.183814,1.655415424431363,1.6646111343304315,1.262097386295597,1.6766767501831055,3.3457536697387695,1.6766767501831055,3.3457536697387695,3.6232404708862305,3.3457536697387695,1.6766767501831055,1.462181568145752,1.6766767501831055,1.462181568145752,2.5112152099609375,2.2356395721435547
965,482,-4.1259727004940645,-4.235405,1.4262734324485065,1.6902275624871257,0.9807137345522641,2.2921833992004395,3.3101444244384766,2.2921833992004395,3.3101444244384766,3.704939842224121,3.3101444244384766,1.9748609066009521,1.1743113994598389,1.9748609066009521,1.1743113994598389,2.642502784729004,1.9658359289169312
966,482,-3.841613219827725,-4.2076383,1.56583052282532,1.6248506903772553,1.2126009129857032,1.6763265132904053,3.0534191131591797,1.6763265132904053,3.0534191131591797,3.079984664916992,3.0534191131591797,1.6763265132904053,1.2225303649902344,1.6763265132904053,1.2225303649902344,2.364872932434082,2.003145933151245
967,482,-4.449799662183543,-4.1907425,1.6178778522337478,1.8025883888701597,1.2623680357510842,1.8354334831237793,3.182495594024658,1.8354334831237793,3.182495594024658,3.2298672199249268,3.182495594024658,1.7843601703643799,1.106438398361206,1.7843601703643799,1.106438398361206,2.4834280014038086,1.9097517728805542
968,482,-2.8137814793677887,-4.008046,1.4032112180193266,1.5892860915449758,1.1844929199976226,1.9132776260375977,3.1784231662750244,1.9132776260375977,3.1784231662750244,3.2895922660827637,3.1784231662750244,1.7776367664337158,1.4093077182769775,1.7776367664337158,1.4093077182769775,2.47802996635437,2.097935199737549
969,482,-2.8342810259451867,-4.1417155,1.591614254452288,1.4950860609486696,1.2386264918744567,1.9723334312438965,1.701848030090332,1.9723334312438965,1.701848030090332,3.357996940612793,3.1696512699127197,1.701848030090332,1.3533852100372314,1.701848030090332,1.3533852100372314,2.4357495307922363,2.0382418632507324
970,482,-3.752352273328204,-3.6829212,0.9947461172007026,1.73376358229667,1.1389508751966058,2.534952163696289,2.831881046295166,2.534952163696289,2.831881046295166,3.815561294555664,3.504490375518799,1.9125161170959473,1.1887445449829102,1.9125161170959473,1.1887445449829102,2.3689792156219482,1.7740974426269531
971,482,-3.452126260839863,-3.5324771,1.1794874841844045,1.1940196192016206,1.4172988700245814,1.913484811782837,3.3733885288238525,1.913484811782837,3.3733885288238525,2.8820810317993164,3.3733885288238525,1.5769504308700562,1.1372194290161133,1.5769504308700562,1.1372194290161133,2.0202584266662598,1.7553694248199463
972,482,-1.547534725146715,-3.2962997,1.5903031039983033,1.3163166744261976,1.0361461608111862,2.036283493041992,1.6420034170150757,2.036283493041992,1.6420034170150757,2.9477500915527344,2.6371359825134277,1.6420034170150757,1.1419386863708496,1.6420034170150757,1.1419386863708496,2.1395697593688965,1.6538805961608887
973,482,-3.512410167487489,-3.4023767,1.2547769437233605,1.5464731416354578,0.8259506426999965,1.999041199684143,2.5977704524993896,1.999041199684143,2.5977704524993896,3.0014166831970215,2.5977704524993896,1.7152483463287354,0.8140819072723389,1.7152483463287354,0.8140819072723389,2.1565093994140625,1.3617721796035767
974,482,-1.7152620774229463,-2.9214184,0.7186189024647085,1.3988780091082051,1.1136945841585595,2.137434482574463,2.0447633266448975,2.137434482574463,2.0447633266448975,3.681386947631836,2.778372049331665,1.4449468851089478,0.7012662887573242,1.4449468851089478,0.7012662887573242,1.8795313835144043,1.239916443824768
975,482,-3.0551369045735393,-2.5075774,1.2176479840278622,0.5717494712769988,0.9229344120621681,1.5194189548492432,1.0045750141143799,1.5194189548492432,1.0045750141143799,2.999843120574951,2.3704891204833984,1.0045750141143799,0.7764933109283447,1.0045750141143799,0.7764933109283447,1.4562201499938965,1.0847928524017334
976,482,-1.3348225333113637,-2.1552439,0.5037522278850282,1.2415701322381691,0.4999223898102838,1.7396667003631592,1.49851393699646,1.7396667003631592,1.49851393699646,2.275892496109009,1.49851393699646,1.0900793075561523,0.3996690511703491,1.0900793075561523,0.3996690511703491,1.2942966222763062,0.6577737927436829
977,482,-2.8777268310013993,-2.6472733,1.0150377012416725,0.770008019767702,1.0058305761218067,1.6245198249816895,1.1968426704406738,1.6245198249816895,1.1968426704406738,2.6193313598632812,2.543248176574707,1.1968426704406738,0.7940714359283447,1.1968426704406738,0.7940714359283447,1.590148687362671,1.27656888961792
978,482,-1.7923331180464297,-2.1286523,0.47148898489773283,1.2910087841004134,0.49785552345216244,1.7980774641036987,1.6922743320465088,1.7980774641036987,1.6922743320465088,2.2902591228485107,2.1002981662750244,1.3013925552368164,0.5212981700897217,1.3013925552368164,0.5212981700897217,1.4724633693695068,0.751937210559845
979,482,-1.796682180761168,-2.1628325,0.9866408039132755,0.5564281570787233,0.8222883666182558,1.4121477603912354,0.9592478275299072,1.4121477603912354,0.9592478275299072,2.3951685428619385,2.0683438777923584,0.9592478275299072,0.6040182113647461,0.9592478275299072,0.6040182113647461,1.2794606685638428,0.9643566608428955
980,482,-2.106036448964643,-2.1309206,0.6118905979022382,1.0686275183409455,0.3464460504427551,1.6757886409759521,1.7545838356018066,1.6757886409759521,1.7545838356018066,2.3873744010925293,1.7545838356018066,1.1630595922470093,0.4202927350997925,1.1630595922470093,0.4202927350997925,1.4588217735290527,0.7641908526420593
981,482,-1.0662437007715462,-1.9294661,0.560525739192963,0.787400400787592,0.7457597754895686,0.679635763168335,1.1306970119476318,0.679635763168335,1.1306970119476318,1.6378586292266846,1.703307032585144,0.679635763168335,0.56606125831604,0.679635763168335,0.56606125831604,0.9874662160873413,0.8388229608535767
982,482,-1.888002012901987,-1.7653934,0.7949853292355937,0.6733294417957464,0.5943945026646058,0.8220198750495911,0.7283667325973511,0.8220198750495911,0.7283667325973511,1.338262915611267,1.2528315782546997,0.7283667325973511,0.42682135105133057,0.7283667325973511,0.42682135105133057,0.9905991554260254,0.7134868502616882
983,482,-1.6797693790262311,-1.4733388,0.3068854872634017,0.6866949944694833,0.4533877349396548,0.9797163009643555,0.9872386455535889,0.9797163009643555,0.9872386455535889,1.6115660667419434,1.339949131011963,0.6781318187713623,0.368524432182312,0.6781318187713623,0.368524432182312,0.860150933265686,0.5581403970718384
984,482,-0.9787075184387776,-1.4115653,0.5790289214625957,0.4163241958245636,0.6120889175683258,0.6976425051689148,1.222348690032959,0.6976425051689148,1.222348690032959,1.344119668006897,1.222348690032959,0.4543135166168213,0.38057518005371094,0.4543135166168213,0.38057518005371094,0.6750165224075317,0.5829209089279175
985,482,-0.7700960555189305,-1.4355199,0.4723247714402775,0.590843033964435,0.24754315429056684,0.8817055225372314,1.042948842048645,0.8817055225372314,1.042948842048645,1.4016252756118774,1.042948842048645,0.6601624488830566,0.1896423101425171,0.6601624488830566,0.1896423101425171,0.8515556454658508,0.42628905177116394
986,482,-0.9919511899603896,-1.3847412,0.30734836865216475,0.6519676714669913,0.5324428543914113,0.8075441718101501,0.8322333097457886,0.8075441718101501,0.8322333097457886,1.4567302465438843,1.2692219018936157,0.5938345789909363,0.2794914245605469,0.5938345789909363,0.2794914245605469,0.7970439195632935,0.4971676766872406
987,482,-2.065333215330858,-1.148714,0.2565689368049303,0.48219196431959677,0.5138901333945494,0.6208181977272034,0.9379482269287109,0.6208181977272034,0.9379482269287109,1.0870859622955322,0.9379482269287109,0.3907617926597595,0.22406136989593506,0.3907617926597595,0.22406136989593506,0.5535056591033936,0.379842072725296
988,482,-1.7418867033887566,-0.8987666,0.3057052243749301,0.3251666130373875,0.3330956223855416,0.31507402658462524,0.7959051132202148,0.31507402658462524,0.7959051132202148,0.5888304710388184,0.7959051132202148,0.254436194896698,0.27498388290405273,0.254436194896698,0.27498388290405273,0.38813546299934387,0.4004255533218384
989,482,-1.882056761996929,-1.2823085,0.7434389085074266,0.3277310489614803,0.23221896236141548,1.0448031425476074,0.6691848039627075,1.0448031425476074,0.6691848039627075,1.439331293106079,0.9842714667320251,0.6691848039627075,0.1338118314743042,0.6691848039627075,0.1338118314743042,0.826728105545044,0.2994392514228821
990,482,0.1343289288966094,-1.560317,0.765507042830189,0.9092385116343696,0.3439847496276103,1.1231489181518555,1.288607120513916,1.1231489181518555,1.288607120513916,1.8617660999298096,1.288607120513916,0.7655949592590332,0.22894740104675293,0.7655949592590332,0.22894740104675293,1.0271010398864746,0.5277454853057861
991,482,-1.9185023423011096,-1.7607039,0.7141461497917772,0.7258167739212511,0.5789016370102766,0.652193546295166,1.2061748504638672,0.652193546295166,1.2061748504638672,1.244276523590088,1.2061748504638672,0.652193546295166,0.5025045871734619,0.652193546295166,0.5025045871734619,0.9291841983795166,0.7941800355911255
992,482,-1.407796493038012,-1.0460293,0.07493771302824226,0.864509238017102,0.5844687776950498,1.209782361984253,0.5494763851165771,1.209782361984253,0.5494763851165771,2.495572090148926,0.9418105483055115,0.5807363390922546,0.0335690975189209,0.5807363390922546,0.0335690975189209,0.7796183824539185,0.18414661288261414
993,482,-0.8873635845065797,-1.0505999,0.6505005884605148,0.03369223647440478,0.6016919847826164,1.1094883680343628,0.538007378578186,1.1094883680343628,0.538007378578186,2.180177688598633,0.9240732192993164,0.538007378578186,0.037729859352111816,0.538007378578186,0.037729859352111816,0.7521314024925232,0.20986521244049072
994,482,-1.31510146403319,-1.1325595,0.5473104178905484,0.7821375924721361,0.026459592916071584,1.2594730854034424,1.0188262462615967,1.2594730854034424,1.0188262462615967,2.3488645553588867,1.0188262462615967,0.5835424661636353,0.02680516242980957,0.5835424661636353,0.02680516242980957,0.801184356212616,0.21472811698913574
995,482,-0.0517292190817229,-1.2291173,0.3432914794546864,0.4992892187399166,0.5582213747253022,0.6480129957199097,1.1007535457611084,0.6480129957199097,1.1007535457611084,1.2952640056610107,1.1007535457611084,0.4329972267150879,0.23548924922943115,0.4329972267150879,0.23548924922943115,0.6444677114486694,0.4565688967704773
996,482,-2.0044046473670907,-1.0946174,0.4057195460920532,0.3304050263514122,0.3668760771056016,0.46232348680496216,0.34417539834976196,0.46232348680496216,0.34417539834976196,0.8756251335144043,0.9290083646774292,0.34417539834976196,0.22880703210830688,0.34417539834976196,0.22880703210830688,0.4955282509326935,0.3944283723831177
997,482,0.1971182792971723,-0.65098655,0.024318301503857054,0.41810034813980274,0.21235611061255139,1.0131192207336426,0.5024734139442444,1.0131192207336426,0.5024734139442444,1.61712646484375,0.7829704880714417,0.49070003628730774,0.010896086692810059,0.49070003628730774,0.010896086692810059,0.6299304962158203,0.11070922017097473
998,482,-1.4614269233941526,-1.0613769,0.8163181409984825,0.22709869172424102,0.5853997288271784,1.1159523725509644,0.5207889080047607,1.1159523725509644,0.5207889080047607,1.9264458417892456,0.8636319041252136,0.5207889080047607,0.015685439109802246,0.5207889080047607,0.015685439109802246,0.6829348802566528,0.1769513487815857
999,482,-1.1885864708073737,-0.6909803,0.04537030997375657,0.9272065287331739,0.14326820420722164,1.4740833044052124,0.5912124514579773,1.4740833044052124,0.5912124514579773,1.5763217210769653,0.605031430721283,0.649182915687561,0.05608493089675903,0.649182915687561,0.05608493089675903,0.6561658382415771,0.05050581693649292
1000,482,-0.8208217824526098,-0.88716,0.5088218314821522,0.03365580869683371,0.6299215887409324,0.8833189010620117,0.7917500138282776,0.8833189010620117,0.7917500138282776,2.0822153091430664,0.7917500138282776,0.3821346163749695,0.056280672550201416,0.3821346163749695,0.056280672550201416,0.6179773807525635,0.19794046878814697
1001,482,-0.2262910281974137,-0.81927097,0.36802661162956307,0.4719044767102848,0.08625186825947218,0.8902317881584167,0.7635412812232971,0.8902317881584167,0.7635412812232971,1.7534960508346558,0.7635412812232971,0.43318748474121094,0.04387742280960083,0.43318748474121094,0.04387742280960083,0.5983643531799316,0.1691938042640686
1002,482,-1.2685915927616027,-0.98124003,0.3032675114460289,0.4270628774911165,0.47368155943229795,0.43227505683898926,0.8529115915298462,0.43227505683898926,0.8529115915298462,0.8976023197174072,0.8529115915298462,0.29815375804901123,0.18362772464752197,0.29815375804901123,0.18362772464752197,0.4691563844680786,0.3604734539985657
1003,482,-1.4241363104539095,-0.7339966,0.18268420721093803,0.34094393859306976,0.40689417290190855,0.4834280014038086,0.573214054107666,0.4834280014038086,0.573214054107666,1.0049934387207031,0.573214054107666,0.253964364528656,0.06624019145965576,0.253964364528656,0.06624019145965576,0.3772970139980316,0.1843312680721283
1004,482,-1.8223010210168211,-0.7979369,0.45660286334653705,0.25886516330142806,0.33220960189898807,0.6168990135192871,0.31465065479278564,0.6168990135192871,0.31465065479278564,0.9646198749542236,0.5912757515907288,0.31465065479278564,0.06713974475860596,0.31465065479278564,0.06713974475860596,0.4109687805175781,0.16362890601158142
1005,482,-0.4206371833303804,-0.9869164,0.5638941218703986,0.6393189676664768,0.18394366856664424,0.8003079891204834,0.8358227014541626,0.8003079891204834,0.8358227014541626,1.5990376472473145,0.8358227014541626,0.41778361797332764,0.051150619983673096,0.41778361797332764,0.051150619983673096,0.6268031597137451,0.25790005922317505
1006,482,-0.9205011404490056,-1.4595942,0.7139542153726023,0.6970793570453921,0.47423564052830125,0.7075143456459045,0.5383585095405579,0.7075143456459045,0.5383585095405579,1.2074897289276123,0.9979860186576843,0.5383585095405579,0.3439371585845947,0.5383585095405579,0.3439371585845947,0.7681722640991211,0.5727862119674683
1007,482,-0.2608459725530482,-1.153594,0.22414199827859815,0.675200531731049,0.4134469798083106,0.8604543209075928,0.5553890466690063,0.8604543209075928,0.5553890466690063,1.671416163444519,0.8519815802574158,0.44256460666656494,0.11999106407165527,0.44256460666656494,0.11999106407165527,0.5864523649215698,0.24722200632095337
1008,482,-1.8002387179088355,-0.84172595,0.32780779924243686,0.13977058351039895,0.47523874070495364,0.5988860130310059,0.7116881012916565,0.5988860130310059,0.7116881012916565,1.0820977687835693,0.7116881012916565,0.3088074326515198,0.10901516675949097,0.3088074326515198,0.10901516675949097,0.4489675462245941,0.24537822604179382
1009,482,-0.0203647434316904,-0.58493793,0.1683451917891703,0.5064031128336985,0.2409654402857025,0.46809670329093933,0.34523606300354004,0.46809670329093933,0.34523606300354004,0.6105334162712097,0.43257415294647217,0.2632894217967987,0.07739061117172241,0.2632894217967987,0.07739061117172241,0.3061465620994568,0.11389593780040741
1010,482,0.4342427989927601,-0.9333601,0.648596382761995,0.12662684521327416,0.30665952331076063,0.8717947602272034,0.4638625383377075,0.8717947602272034,0.4638625383377075,1.3833074569702148,0.7661851644515991,0.4638625383377075,0.07012426853179932,0.4638625383377075,0.07012426853179932,0.5719926357269287,0.14570361375808716
1011,482,0.4916205148213838,-0.6193723,0.19354090219984443,0.8321404125417271,0.18470722089211167,1.1034820079803467,0.5683876872062683,1.1034820079803467,0.5683876872062683,1.1113730669021606,0.5683876872062683,0.5615347027778625,0.05354052782058716,0.5615347027778625,0.05354052782058716,0.5649611949920654,0.05717259645462036
1012,482,-0.951579730206939,-0.38939488,0.1786647687728205,0.008404990049699967,0.4979602700968582,1.055613398551941,0.3259972929954529,1.055613398551941,0.3259972929954529,0.9123737812042236,0.3259972929954529,0.44448769092559814,0.006379306316375732,0.44448769092559814,0.006379306316375732,0.38195136189460754,0.05694478750228882
1013,482,-0.4624800553926295,0.28766727,0.13721599096432324,0.03014032313600183,0.11291326384991406,0.18679925799369812,0.18679925799369812,0.18679925799369812,0.18679925799369812,0.07388952374458313,0.3090333938598633,0.18679925799369812,0.1297491490840912,0.18679925799369812,0.1297491490840912,0.18474669754505157,0.12776343524456024
1014,482,-2.139233747043938,0.014396116,0.4216924313952526,0.02036308330794173,0.025792379577954605,0.7034144997596741,0.2835984230041504,0.7034144997596741,0.2835984230041504,0.5656128525733948,0.013759702444076538,0.2835984230041504,0.15940162539482117,0.2835984230041504,0.15940162539482117,0.2160184234380722,0.21471549570560455
1015,482,-0.7313301073355272,-0.46796608,0.13188531967500838,0.41577858860294037,0.09548680660625303,0.9207984209060669,0.4721066355705261,0.9207984209060669,0.4721066355705261,1.3924318552017212,0.4721066355705261,0.32900184392929077,0.1337922215461731,0.32900184392929077,0.1337922215461731,0.40055423974990845,0.0718875527381897
1016,482,-0.1112283291658449,-1.0997144,0.713968167429169,0.310076068987449,0.3071217073251804,1.0928523540496826,0.6285890936851501,1.0928523540496826,0.6285890936851501,1.2270138263702393,0.7736488580703735,0.6285890936851501,0.22432494163513184,0.6285890936851501,0.22432494163513184,0.7011189460754395,0.30247077345848083
1017,482,-0.2828697447921608,-1.0304362,0.24042845777546362,0.7006263490797332,0.14852736700636637,1.0722286701202393,0.7344188690185547,1.0722286701202393,0.7344188690185547,1.4191253185272217,0.7344188690185547,0.5382487773895264,0.09903734922409058,0.5382487773895264,0.09903734922409058,0.6363338232040405,0.1911299228668213
1018,482,-0.604394808316949,-0.77729774,0.04170065944393475,0.2230565196772416,0.598582982023557,0.9635424613952637,0.7447341680526733,0.9635424613952637,0.7447341680526733,1.5501160621643066,0.7447341680526733,0.4736407399177551,0.037130117416381836,0.4736407399177551,0.037130117416381836,0.5911519527435303,0.15238714218139648
1019,482,0.5147320844542752,-0.33245358,0.11592450497671958,0.16984839411452407,0.33397565055638556,0.31006428599357605,0.2678026258945465,0.31006428599357605,0.2678026258945465,0.3475421667098999,0.2678026258945465,0.15578408539295197,0.07484036684036255,0.15578408539295197,0.07484036684036255,0.17224612832069397,0.08994399011135101
1020,482,0.017202588096723,-0.45044482,0.25313894756759203,0.29236797862375774,0.13172271812955538,0.1385592222213745,0.2854325771331787,0.1385592222213745,0.2854325771331787,0.5075539946556091,0.2854325771331787,0.08502203226089478,0.027071863412857056,0.08502203226089478,0.027071863412857056,0.18522730469703674,0.12697690725326538
1021,482,-0.2297861589956017,-0.21655233,0.11587252552310612,0.3277156285693248,0.19809337971111135,0.5435998439788818,0.03855547308921814,0.5435998439788818,0.03855547308921814,0.9127690196037292,0.10899567604064941,0.1785147786140442,0.13675151765346527,0.1785147786140442,0.13675151765346527,0.2159118354320526,0.10351593792438507
1022,482,0.6673712195739417,-0.04697763,0.054711678822835313,0.2259713738163312,0.13923025506238143,0.17215433716773987,0.17655056715011597,0.17215433716773987,0.17655056715011597,0.2277253270149231,0.057408347725868225,0.17215433716773987,0.004656508564949036,0.17215433716773987,0.004656508564949036,0.1125403419137001,0.06577267497777939
1023,482,0.2119166800587507,0.011409253,0.05035635524739822,0.03878834002961713,0.07353233272830645,0.1304016262292862,0.0657772570848465,0.1304016262292862,0.0657772570848465,0.17319609224796295,0.0657772570848465,0.1304016262292862,0.005624562501907349,0.1304016262292862,0.005624562501907349,0.09543885290622711,0.03595487028360367
1024,482,-1.7521637808387036,0.020753875,0.06360971360156942,0.34477292121698466,0.19893395212789372,0.37007397413253784,0.11077454686164856,0.37007397413253784,0.11077454686164856,0.5642595291137695,0.1146402657032013,0.07218298316001892,0.182191401720047,0.07218298316001892,0.182191401720047,0.07006114721298218,0.18408460915088654
1025,482,0.1228475446930806,0.12531209,0.005899347974918784,0.047173642681445915,0.21204999994719395,0.3768268823623657,0.2107836902141571,0.3768268823623657,0.2107836902141571,0.11428992450237274,0.2107836902141571,0.06791137158870697,0.06054610759019852,0.06791137158870697,0.06054610759019852,0.11129689961671829,0.16523310542106628
1026,482,-1.1178550871840818,-0.33940738,0.6895325155680377,0.10586045020570362,0.08802720966438438,1.3162286281585693,0.5504307150840759,1.3162286281585693,0.5504307150840759,1.414008378982544,0.4752207100391388,0.5504307150840759,0.2136715054512024,0.5504307150840759,0.2136715054512024,0.5128257274627686,0.2435724139213562
1027,482,-1.7333740144260932,-0.5317095,0.06790565394485981,0.7032841344426076,0.05318870487312488,1.239289402961731,0.5171061754226685,1.239289402961731,0.5171061754226685,1.2261245250701904,0.5171061754226685,0.5538349151611328,0.04299283027648926,0.5538349151611328,0.04299283027648926,0.5354705452919006,0.060111165046691895
1028,482,-0.0363978874030781,-0.6677364,0.43952631518244745,0.09593445770442488,0.5598280831426381,0.8192415237426758,0.6318414211273193,0.8192415237426758,0.6318414211273193,1.619640588760376,0.6318414211273193,0.3292778730392456,0.03208005428314209,0.3292778730392456,0.03208005428314209,0.49882087111473083,0.1642751395702362
1029,482,0.1571738036028174,-0.8824049,0.44808473895459144,0.1976008382781097,0.10191864283600205,0.9665794372558594,0.45748651027679443,0.9665794372558594,0.45748651027679443,1.7783371210098267,0.7822783589363098,0.45748651027679443,0.022144556045532227,0.45748651027679443,0.022144556045532227,0.6198824644088745,0.15754181146621704
1030,482,0.4547386121453877,-0.9423633,0.07734078915168818,0.7098212367792927,0.38055131555845334,1.0932766199111938,0.5784631967544556,1.0932766199111938,0.5784631967544556,1.8565022945404053,0.8389111757278442,0.5696243643760681,0.009769916534423828,0.5696243643760681,0.009769916534423828,0.6992940902709961,0.14087507128715515
1031,482,-1.934193231231549,-0.47118387,0.09948644891381264,0.0026061724126340002,0.47123580008745203,1.0485241413116455,0.3584010601043701,1.0485241413116455,0.3584010601043701,1.0002286434173584,0.3584010601043701,0.3907143473625183,0.010022938251495361,0.3907143473625183,0.010022938251495361,0.3688567578792572,0.021048888564109802
1032,482,-0.2572779782500096,0.099346384,0.07955480919529995,0.14137456060076753,0.17147998735929526,0.14806680381298065,0.17813792824745178,0.14806680381298065,0.17813792824745178,0.19759581983089447,0.17813792824745178,0.009427651762962341,0.1410246193408966,0.009427651762962341,0.1410246193408966,0.023965885862708092,0.16407081484794617
1033,482,0.0772673340706789,-0.5336919,0.7529448041071496,0.011530392927427968,0.15397007503857219,1.3167579174041748,0.564893364906311,1.3167579174041748,0.564893364906311,1.3600701093673706,0.3978985548019409,0.564893364906311,0.1100149154663086,0.564893364906311,0.1100149154663086,0.5462633371353149,0.12422257661819458
1034,482,-0.2018016688016251,-0.7412423,0.1546937026518087,0.8284361082191267,0.02497363738094749,1.5844831466674805,0.6927693486213684,1.5844831466674805,0.6927693486213684,2.0114383697509766,0.6927693486213684,0.6136786937713623,0.08746016025543213,0.6136786937713623,0.08746016025543213,0.653223991394043,0.04641598463058472
1035,482,-0.1941816763502987,-0.48463944,0.003979615295926497,0.22486904318134,0.5838821549961966,0.8756781816482544,0.42810025811195374,0.8756781816482544,0.42810025811195374,1.0893474817276,0.42810025811195374,0.38373738527297974,0.022989600896835327,0.38373738527297974,0.022989600896835327,0.41718804836273193,0.03586761653423309
1036,482,0.4989283104964566,-0.34919047,0.10936061056951685,0.1115484742323557,0.19121606665352978,0.1526954621076584,0.09688708186149597,0.1526954621076584,0.09688708186149597,0.12844277918338776,0.09688708186149597,0.06343048810958862,0.055268824100494385,0.06343048810958862,0.055268824100494385,0.051957011222839355,0.04405587911605835
1037,482,0.8060125352366193,-0.2858961,0.03472473756720626,0.1356041411434611,0.057029859175284664,0.15654107928276062,0.1211690604686737,0.15654107928276062,0.1211690604686737,0.13331517577171326,0.09891733527183533,0.06425750255584717,0.05648517608642578,0.06425750255584717,0.05648517608642578,0.053224578499794006,0.045745715498924255
1038,482,0.2573613635340567,-0.001993019,0.11177499828549728,0.17105307178882262,0.18583357071814438,0.18945179879665375,0.053648896515369415,0.18945179879665375,0.053648896515369415,0.47901231050491333,0.053648896515369415,0.03921811282634735,0.14206762611865997,0.03921811282634735,0.14206762611865997,0.06571902334690094,0.11708469688892365
1039,482,0.0303378259525564,0.2284973,0.22428575309614338,0.16271735864381,0.23115188260873154,0.41535982489585876,0.3441266715526581,0.41535982489585876,0.3441266715526581,0.1372445523738861,0.3441266715526581,0.06007835268974304,0.16912195086479187,0.06007835268974304,0.16912195086479187,0.12216505408287048,0.28142255544662476
1040,482,1.7258708848900746,0.26472571,0.05147006685535113,0.22976281786958375,0.006321529100338619,0.2997720241546631,0.36048832535743713,0.2997720241546631,0.36048832535743713,0.2309160828590393,0.36048832535743713,0.2997720241546631,0.15089648962020874,0.2997720241546631,0.15089648962020874,0.3301301598548889,0.18422850966453552
1041,482,-0.7281051949493706,0.16168806,0.05108099366227789,0.012018872362871982,0.09198703588296973,0.2295149266719818,0.3200114071369171,0.2295149266719818,0.3200114071369171,0.01145637035369873,0.3200114071369171,0.2295149266719818,0.09168852120637894,0.2295149266719818,0.09168852120637894,0.23430761694908142,0.09673977643251419
1042,482,-0.8538159843521683,0.31161726,0.43606940537691113,0.08144277587532994,0.09800547868013387,0.422121524810791,0.422121524810791,0.422121524810791,0.422121524810791,0.0757559984922409,0.49687016010284424,0.422121524810791,0.011901140213012695,0.422121524810791,0.011901140213012695,0.4543193578720093,0.05051857978105545
1043,482,1.0688409824202751,0.15311068,0.20811828126509985,0.5183888396496573,0.14422741548468657,0.5284384489059448,0.3358711004257202,0.5284384489059448,0.3358711004257202,0.34661731123924255,0.3358711004257202,0.5284384489059448,0.009965449571609497,0.5284384489059448,0.009965449571609497,0.4321547746658325,0.11152642965316772
1044,482,-0.5928148265212988,-0.26555195,0.41385833327968913,0.4665781780642768,0.29609876622135445,1.336010217666626,0.5459048748016357,1.336010217666626,0.5459048748016357,2.583110809326172,0.5459048748016357,0.2548166811466217,0.37291327118873596,0.2548166811466217,0.37291327118873596,0.40036076307296753,0.2550986409187317
1045,482,0.1481415684269862,-0.26828986,0.2931073846916358,0.2777638449271519,0.2707804489632448,0.267580509185791,0.267580509185791,0.267580509185791,0.267580509185791,0.564406156539917,0.0353550910949707,0.267580509185791,0.20228323340415955,0.267580509185791,0.20228323340415955,0.15146780014038086,0.33546391129493713
1046,482,0.2544569961633446,-0.28111997,0.3066179260859887,0.12212238793571795,0.5637737297887604,1.0048867464065552,0.03562608361244202,1.0048867464065552,0.03562608361244202,1.7120307683944702,0.03562608361244202,0.23799271881580353,0.2939680516719818,0.23799271881580353,0.2939680516719818,0.3156897723674774,0.230340838432312
1047,482,-0.8357327746148587,-0.07553786,0.05624147678414984,0.3008333953221639,0.23825876946250601,0.9711230993270874,0.18650853633880615,0.9711230993270874,0.18650853633880615,0.5606966614723206,0.11674100160598755,0.22743716835975647,0.037633687257766724,0.22743716835975647,0.037633687257766724,0.15331746637821198,0.16908474266529083
1048,482,1.3294863019347107,-0.16777363,0.12044372883935768,0.046377523268262555,0.2486765999595324,0.4089822769165039,0.04056979715824127,0.4089822769165039,0.04056979715824127,0.34183454513549805,0.04056979715824127,0.15221959352493286,0.04464058578014374,0.15221959352493286,0.04464058578014374,0.1202700138092041,0.07588163763284683
1049,482,0.9161229912451576,-0.30679157,0.33238414026796814,0.045557897500693834,0.1601538886502385,0.5106600522994995,0.2181321382522583,0.5106600522994995,0.2181321382522583,0.49712228775024414,0.10351622104644775,0.2181321382522583,0.07192268967628479,0.2181321382522583,0.07192268967628479,0.197327122092247,0.09020130336284637
1050,482,-0.4757856440703902,0.039967887,0.30380453372995053,0.45878983171035836,0.05769313962509237,1.1118394136428833,0.07719102501869202,1.1118394136428833,0.07719102501869202,0.7190686464309692,0.07719102501869202,0.2631908357143402,0.06586628407239914,0.2631908357143402,0.06586628407239914,0.1701909303665161,0.22896255552768707
1051,482,0.5341133131110334,0.28228307,0.21014652863144878,0.3547458339482545,0.43394533991813655,1.142980694770813,0.4110141396522522,1.142980694770813,0.4110141396522522,0.5082026124000549,0.4110141396522522,0.2610110640525818,0.23814508318901062,0.2610110640525818,0.23814508318901062,0.22073198854923248,0.4248199462890625
1052,482,0.2607076789314296,0.44183767,0.23835807571808493,0.1674941909809906,0.180842000891765,0.7280062437057495,0.158625066280365,0.7280062437057495,0.158625066280365,0.14738178253173828,0.5758671760559082,0.158625066280365,0.3203517198562622,0.158625066280365,0.3203517198562622,0.2395922839641571,0.5029752850532532
1053,482,0.5159343750839976,0.090582,0.10781264877567694,0.2676779275884231,0.1304595716918508,0.7667186856269836,0.02603253722190857,0.7667186856269836,0.02603253722190857,0.41847866773605347,0.23716919124126434,0.17072094976902008,0.1409103125333786,0.17072094976902008,0.1409103125333786,0.13217219710350037,0.2585054636001587
1054,482,-0.490121233967853,-0.1289861,0.05139095457891624,0.04366820224871237,0.3381437801445523,0.4579240083694458,0.09823530912399292,0.4579240083694458,0.09823530912399292,0.4615257978439331,0.09823530912399292,0.12754356861114502,0.1544070988893509,0.12754356861114502,0.1544070988893509,0.09468816220760345,0.1838207095861435
1055,482,0.3401936697760696,0.22392517,0.04052103232747567,0.0450086029789721,0.005583690886075264,0.004452168941497803,0.2261190563440323,0.004452168941497803,0.2261190563440323,0.13284897804260254,0.2261190563440323,0.08935388922691345,0.15077608823776245,0.08935388922691345,0.15077608823776245,0.15773648023605347,0.21834267675876617
1056,482,0.3807691084574721,-0.06513196,0.24918056687961024,0.011107551691432793,0.060642384613553646,0.41711482405662537,0.12990662455558777,0.41711482405662537,0.12990662455558777,0.4153776466846466,0.11911246180534363,0.12990662455558777,0.17423459887504578,0.12990662455558777,0.17423459887504578,0.090953528881073,0.2099204808473587
1057,482,0.7633890946935782,-0.038565017,0.07965897849450516,0.28858227965732425,0.024166352512935807,0.5588912963867188,0.0663604736328125,0.5588912963867188,0.0663604736328125,0.5091637372970581,0.0663604736328125,0.16138893365859985,0.15001380443572998,0.16138893365859985,0.15001380443572998,0.11387470364570618,0.19442765414714813
1058,482,-0.4607601036940085,-0.06523409,0.039253812395036225,0.04160166565328838,0.27178900003433226,0.45147913694381714,0.06810180097818375,0.45147913694381714,0.06810180097818375,0.3165070116519928,0.06810180097818375,0.1468687355518341,0.08732382208108902,0.1468687355518341,0.08732382208108902,0.08231491595506668,0.1453656554222107
1059,482,0.3699172413715986,0.29297847,0.08236732147634018,0.02594864763319496,0.08259404286742197,0.030162036418914795,0.46128320693969727,0.030162036418914795,0.46128320693969727,0.18873901665210724,0.46128320693969727,0.1193481832742691,0.1541651338338852,0.1193481832742691,0.1541651338338852,0.22182217240333557,0.2566228210926056
1060,482,-0.1123906875810756,0.10224426,0.09471554706494015,0.31099920441706974,0.05225214918454493,0.2605249881744385,0.13496598601341248,0.2605249881744385,0.13496598601341248,0.1932375431060791,0.13496598601341248,0.2605249881744385,0.11605843901634216,0.2605249881744385,0.11605843901634216,0.19774548709392548,0.06554867327213287
1061,482,0.3324913649500988,0.049182594,0.007650523930788078,0.3656790089607239,0.02599540293216704,0.6210447549819946,0.03429190814495087,0.6210447549819946,0.03429190814495087,0.32162725925445557,0.18670254945755005,0.14934810996055603,0.11085798591375351,0.14934810996055603,0.11085798591375351,0.11398860812187195,0.212236687541008
1062,482,0.7857379794923811,-0.21363129,0.031870521629850046,0.044818365598718296,0.23478456834952033,0.42195019125938416,0.05049455165863037,0.42195019125938416,0.05049455165863037,0.2882283329963684,0.05049455165863037,0.13199999928474426,0.026357412338256836,0.13199999928474426,0.026357412338256836,0.07816283404827118,0.04950224608182907
1063,482,0.6025553703741375,0.10757351,0.14752618083109462,0.05325098923097052,0.09797349137564498,0.0759260356426239,0.0854763388633728,0.0759260356426239,0.0854763388633728,0.17339476943016052,0.1489100456237793,0.0854763388633728,0.03605934977531433,0.0854763388633728,0.03605934977531433,0.13427244126796722,0.049215130507946014
1064,482,1.2224823820583346,0.15177727,0.09633060157299039,0.0779828668758274,0.2241512774303555,0.31388822197914124,0.2800816595554352,0.31388822197914124,0.2800816595554352,0.08307012915611267,0.2800816595554352,0.031118780374526978,0.10152598470449448,0.031118780374526978,0.10152598470449448,0.10665905475616455,0.20455177128314972
1065,482,-0.5418297825180844,0.21606027,0.21369334661712247,0.2444913989429672,0.04854047728081545,0.2925160527229309,0.4328644275665283,0.2925160527229309,0.4328644275665283,0.3911508321762085,0.4328644275665283,0.2925160527229309,0.10576707124710083,0.2925160527229309,0.10576707124710083,0.3626902401447296,0.18241608142852783
1066,482,0.3563434735670417,0.6467962,0.2674459985643625,0.04902636334300048,0.09840625561773772,0.34483587741851807,0.34483587741851807,0.34483587741851807,0.34483587741851807,0.45634984970092773,0.7727514505386353,0.34483587741851807,0.24856960773468018,0.34483587741851807,0.24856960773468018,0.4643741250038147,0.3675420582294464
1067,482,1.7685876200388218,0.27025518,0.13772805737952393,0.45670061660309624,0.08150745933254566,0.4450620412826538,0.2984098792076111,0.4450620412826538,0.2984098792076111,0.18791359663009644,0.2984098792076111,0.4450620412826538,0.19486120343208313,0.4450620412826538,0.19486120343208313,0.37173596024513245,0.11320556700229645
1068,482,-0.6794946428370581,0.18778768,0.06772979822009806,0.17149443536996833,0.31893716346472495,0.33890455961227417,0.26911240816116333,0.33890455961227417,0.26911240816116333,0.3777295649051666,0.26911240816116333,0.33890455961227417,0.09267760068178177,0.33890455961227417,0.09267760068178177,0.2602953016757965,0.08874571323394775
1069,482,-1.5401560658614295,0.27948093,0.611634626959761,0.1804079337542256,0.0985170525188247,0.47314390540122986,0.47314390540122986,0.47314390540122986,0.47314390540122986,0.1372554898262024,0.5746502876281738,0.47314390540122986,0.14884954690933228,0.47314390540122986,0.14884954690933228,0.523897111415863,0.08911484479904175
1070,482,-0.4024574088498125,0.26361835,0.16556763401875896,0.5548398111884791,0.0072735731800398495,0.5576746463775635,0.3757627010345459,0.5576746463775635,0.3757627010345459,0.26207804679870605,0.3757627010345459,0.5576746463775635,0.1304885894060135,0.5576746463775635,0.1304885894060135,0.4667186737060547,0.11829342693090439
1071,482,-2.7685705317938427,-0.43757206,0.5172446200313667,0.19637843413899342,0.4336427865860363,1.4773707389831543,0.5347354412078857,1.4773707389831543,0.5347354412078857,0.8685749769210815,0.2948189973831177,0.5347354412078857,0.2118500918149948,0.5347354412078857,0.2118500918149948,0.3252123296260834,0.1800992488861084
1072,482,-1.4246471256230644,-0.86528504,0.1684550608694555,0.6086280561611056,0.2634159274771809,0.7740262150764465,0.5322064757347107,0.7740262150764465,0.5322064757347107,1.052526593208313,0.7013947367668152,0.44456881284713745,0.08946490287780762,0.44456881284713745,0.08946490287780762,0.5259947776794434,0.16763263940811157
1073,482,-1.709543121729625,-1.3090116,0.7860299217452602,0.0979729461794101,0.49684004416068395,1.2838139533996582,0.7654560208320618,1.2838139533996582,0.7654560208320618,2.0663719177246094,1.2163327932357788,0.7654560208320618,0.11048674583435059,0.7654560208320618,0.11048674583435059,0.9378936290740967,0.28748077154159546
1074,482,0.6346508178583723,-1.3903408,0.45550877143551305,0.9613160836828559,0.18449109861316781,1.4412808418273926,1.050927758216858,1.4412808418273926,1.050927758216858,2.211956024169922,1.050927758216858,0.7183184027671814,0.0958104133605957,0.7183184027671814,0.0958104133605957,0.8846230506896973,0.2620342969894409
1075,482,1.156851704827675,-1.6357255,0.5442208510326842,0.47636411382506294,0.7649649617510537,0.9213335514068604,1.4534367322921753,0.9213335514068604,1.4534367322921753,1.4248038530349731,1.4534367322921753,0.674006998538971,0.548626184463501,0.674006998538971,0.548626184463501,0.8711225986480713,0.7375872135162354
1076,482,-1.023732258674671,-0.77808374,0.1780288384606441,0.5856992383922138,0.42568773678193494,1.1724987030029297,0.25753194093704224,1.1724987030029297,0.25753194093704224,2.5660929679870605,0.5693956017494202,0.41847580671310425,0.17655479907989502,0.41847580671310425,0.17655479907989502,0.5787941217422485,0.15459024906158447
1077,482,1.2805934229535894,-0.07816064,0.251516390517354,0.08168429575860509,0.6540485721826554,1.7000616788864136,0.09141047298908234,1.7000616788864136,0.09141047298908234,1.2627675533294678,0.09141047298908234,0.4270620048046112,0.17738458514213562,0.4270620048046112,0.17738458514213562,0.26336294412612915,0.3099546432495117
1078,482,0.763163727590045,0.14772974,0.2966047318776449,0.31383750240008046,0.04679586003224051,0.412242591381073,0.19604814052581787,0.412242591381073,0.19604814052581787,0.3184909224510193,0.19604814052581787,0.412242591381073,0.2406139373779297,0.412242591381073,0.2406139373779297,0.30414536595344543,0.12690716981887817
1079,482,-0.0409809861648846,0.19652866,0.42197461304565265,0.46984667538354796,0.3331207043056687,1.5046604871749878,0.03135296702384949,1.5046604871749878,0.03135296702384949,1.0331859588623047,0.03135296702384949,0.4205518364906311,0.30429452657699585,0.4205518364906311,0.30429452657699585,0.2259524017572403,0.4695298373699188
1080,482,1.1171326669532309,0.1733067,0.25134941657384235,0.42309052770336464,0.3412074191371599,0.3977741003036499,0.5684115886688232,0.3977741003036499,0.5684115886688232,0.5739022493362427,0.3648034334182739,0.3977741003036499,0.1929631233215332,0.3977741003036499,0.1929631233215332,0.2924652397632599,0.1317414492368698
1081,482,0.2694281347354362,0.54819906,0.11097347114235168,0.25970209270715705,0.3585056670382619,0.4546545147895813,0.6872965693473816,0.4546545147895813,0.6872965693473816,0.5376068353652954,0.6872965693473816,0.4546545147895813,0.011577427387237549,0.4546545147895813,0.011577427387237549,0.5759459733963013,0.15834510326385498
1082,482,1.2079789338331637,0.30068004,0.30996902704549334,0.07546411446916562,0.18795044291143614,0.2953944802284241,0.2953944802284241,0.2953944802284241,0.2953944802284241,0.42643505334854126,0.5216379761695862,0.2953944802284241,0.01490628719329834,0.2953944802284241,0.01490628719329834,0.41448381543159485,0.13401654362678528
1083,482,0.2100057208405574,0.1982917,0.08443894796694318,0.3631066540318231,0.10791047414143878,0.35360920429229736,0.4074958264827728,0.35360920429229736,0.4074958264827728,0.003362417221069336,0.39719194173812866,0.35360920429229736,0.06133091449737549,0.35360920429229736,0.06133091449737549,0.3483883738517761,0.05491742491722107
1084,482,1.4979777573882944,0.5984736,0.24635442429687837,0.09372565349563966,0.11289423113223174,0.35397768020629883,0.35397768020629883,0.35397768020629883,0.35397768020629883,0.6469742059707642,0.7484052181243896,0.35397768020629883,0.11316335201263428,0.35397768020629883,0.11316335201263428,0.5115410089492798,0.288196861743927
1085,482,-0.1032373977108094,0.3943115,0.05169589176153144,0.18604439262921607,0.18777097513278324,0.25970208644866943,0.5123565196990967,0.25970208644866943,0.5123565196990967,0.21315382421016693,0.5123565196990967,0.08914440870285034,0.062010109424591064,0.08914440870285034,0.062010109424591064,0.2752499580383301,0.25544294714927673
1086,482,-0.0006369471978115,0.8493814,0.48174228161573407,0.01608297169208517,0.3929527831077575,0.5242087244987488,0.5242087244987488,0.5242087244987488,0.5242087244987488,0.8474197387695312,1.0075676441192627,0.5242087244987488,0.09362143278121948,0.5242087244987488,0.09362143278121948,0.7334506511688232,0.33812403678894043
1087,482,0.2330253618065642,0.3651436,0.011625057812780115,0.5365248474292457,0.014650252386927631,0.4894939959049225,0.46269261837005615,0.4894939959049225,0.46269261837005615,0.17246876657009125,0.5170053243637085,0.4894939959049225,0.03173556923866272,0.4894939959049225,0.03173556923866272,0.5163822174072266,0.03643406927585602
1088,482,-2.216110848356566,0.21305886,0.10874752516547831,0.21023171971241633,0.28584935580690696,0.42319610714912415,0.392353892326355,0.42319610714912415,0.392353892326355,0.15111026167869568,0.392353892326355,0.42319610714912415,0.00017702579498291016,0.42319610714912415,0.00017702579498291016,0.40785425901412964,0.01978449523448944
1089,482,0.0393437803620257,-0.19923016,0.04098781867573664,0.18053849187369148,0.2224542041185002,0.12100660800933838,0.0240994393825531,0.12100660800933838,0.0240994393825531,0.1981678456068039,0.0240994393825531,0.026999086141586304,0.05054813623428345,0.026999086141586304,0.05054813623428345,0.027094155550003052,0.05045755207538605
1090,482,-0.5310925819451029,-0.61643505,0.6420669978236158,0.04166298721606532,0.11555225494628163,1.1027133464813232,0.5189053416252136,1.1027133464813232,0.5189053416252136,1.1910998821258545,0.4515804648399353,0.5189053416252136,0.05480241775512695,0.5189053416252136,0.05480241775512695,0.5189846754074097,0.05474179983139038
1091,482,-1.3388217236872653,-0.7731965,0.08304754190146912,0.8132267435640097,0.0036277136206627203,1.5828545093536377,0.6219878792762756,1.5828545093536377,0.6219878792762756,1.644073247909546,0.6219878792762756,0.631633460521698,0.0523868203163147,0.631633460521698,0.0523868203163147,0.6268106698989868,0.05732518434524536
1092,482,0.3707087382182752,-0.842531,0.10698119089007385,0.000599974095821354,0.6671619607508181,1.2268391847610474,0.6326573491096497,1.2268391847610474,0.6326573491096497,1.5843379497528076,0.6326573491096497,0.5251627564430237,0.010599732398986816,0.5251627564430237,0.010599732398986816,0.5847288370132446,0.05240514874458313
1093,482,-1.0894077758219758,-0.66894627,0.37403454144795745,0.09368966837724041,0.02419966767231624,0.7680302858352661,0.3673606514930725,0.7680302858352661,0.3673606514930725,1.1263710260391235,0.5181354880332947,0.3673606514930725,0.010902762413024902,0.3673606514930725,0.010902762413024902,0.4427480697631836,0.07272875308990479
1094,482,-2.6761036267967566,-0.57908684,0.09383931417018176,0.42516574211418623,0.19299609012901797,0.9350948333740234,0.30021539330482483,0.9350948333740234,0.30021539330482483,1.5431954860687256,0.43639707565307617,0.38543516397476196,0.08777469396591187,0.38543516397476196,0.08777469396591187,0.4570581316947937,0.061035722494125366
1095,482,-1.4122370760141214,-0.62252235,0.24772490513821455,0.15090585137406998,0.44111342040201024,0.9427722096443176,0.4478166103363037,0.9427722096443176,0.4478166103363037,1.7935078144073486,0.4478166103363037,0.2843652367591858,0.07588952779769897,0.2843652367591858,0.07588952779769897,0.4205365478992462,0.10231336951255798
1096,482,-1.7492418583339524,-1.0718633,0.8342266281197468,0.3507933774838844,0.06832242180903725,1.6047730445861816,0.7880003452301025,1.6047730445861816,0.7880003452301025,2.4417264461517334,1.084301233291626,0.7880003452301025,0.08326101303100586,0.7880003452301025,0.08326101303100586,0.9361507892608643,0.1654404103755951
1097,482,-2.2396066340329543,-1.5188862,0.4165096308958407,0.7537068826674174,0.24607980168579768,1.1374905109405518,1.1609411239624023,1.1374905109405518,1.1609411239624023,1.6252576112747192,1.1609411239624023,0.8101718425750732,0.29055213928222656,0.8101718425750732,0.29055213928222656,0.9855564832687378,0.5011420249938965
1098,482,0.129921058787819,-1.6484169,0.40352953552578863,0.42522592663144076,0.667163389765968,0.9832779169082642,1.3783972263336182,0.9832779169082642,1.3783972263336182,1.437387466430664,1.3783972263336182,0.6441090106964111,0.44918298721313477,0.6441090106964111,0.44918298721313477,0.8363245725631714,0.6315880417823792
1099,482,-4.049239487601017,-1.5022213,0.5762013576179745,0.555821590051055,0.41633298978209465,0.7487947344779968,0.5707356333732605,0.7487947344779968,0.5707356333732605,1.2945594787597656,1.0451734066009521,0.5707356333732605,0.3782021999359131,0.5707356333732605,0.3782021999359131,0.8079545497894287,0.6436758041381836
1100,482,-1.090213246246479,-1.2645278,0.11324964359402645,0.6852377349883318,0.5569117210060357,1.3407529592514038,0.6737557649612427,1.3407529592514038,0.6737557649612427,2.880545139312744,1.1360838413238525,0.699644148349762,0.03253674507141113,0.699644148349762,0.03253674507141113,0.9329824447631836,0.2484000325202942
1101,482,-0.5447327125140735,-1.6138449,1.1255250606002907,0.13759116247606795,0.6207385813041282,1.782135009765625,1.0167243480682373,1.782135009765625,1.0167243480682373,3.559596061706543,1.4911073446273804,1.0167243480682373,0.045232176780700684,1.0167243480682373,0.045232176780700684,1.2739853858947754,0.23979449272155762
1102,482,-1.877592099675391,-1.6935804,0.3445366099430247,1.383930643708445,0.023100363221019382,2.662418842315674,1.527636170387268,2.662418842315674,1.527636170387268,3.5640182495117188,1.527636170387268,1.270675539970398,0.03680408000946045,1.270675539970398,0.03680408000946045,1.399155855178833,0.17604124546051025
1103,482,-1.2701979783992732,-1.6115619,0.07068174493809543,0.2141810636719067,1.0113675212611755,2.0240230560302734,1.42118501663208,2.0240230560302734,1.42118501663208,2.755070209503174,1.42118501663208,1.0114094018936157,0.14165592193603516,1.0114094018936157,0.14165592193603516,1.1564390659332275,0.3147045969963074
1104,482,-0.982981478664524,-0.95106894,0.6148866257692376,0.18412084041784205,0.3807614331195752,0.8267265558242798,0.5011279582977295,0.8267265558242798,0.5011279582977295,1.232296109199524,0.8935826420783997,0.5011279582977295,0.1744903326034546,0.5011279582977295,0.1744903326034546,0.6239622831344604,0.29510298371315
1105,482,-1.855672143841587,-1.1752896,0.38561133407056336,0.6490529171377419,0.24488930918276308,0.8462478518486023,0.7915130853652954,0.8462478518486023,0.7915130853652954,1.3719717264175415,0.7915130853652954,0.5291073322296143,0.14037585258483887,0.5291073322296143,0.14037585258483887,0.6603102087974548,0.2781354486942291
1106,482,-0.82326808650249,-1.1175717,0.20535367270310723,0.3059017709394296,0.4941184449692567,0.5751243829727173,0.9124614000320435,0.5751243829727173,0.9124614000320435,1.070639967918396,0.9124614000320435,0.3731820583343506,0.16695713996887207,0.3731820583343506,0.16695713996887207,0.5333361625671387,0.3156515657901764
1107,482,-0.9969427320951768,-1.1377825,0.5361079066308835,0.30263660967970907,0.3901940789508324,0.6019967198371887,0.40220052003860474,0.6019967198371887,0.40220052003860474,1.001927137374878,0.9754654169082642,0.40220052003860474,0.2440447211265564,0.40220052003860474,0.2440447211265564,0.5505810976028442,0.3748663663864136
1108,482,-0.3499343316289944,-1.1446635,0.2515598756571611,0.5791655996938547,0.21791335334380468,0.8436943292617798,0.77183997631073,0.8436943292617798,0.77183997631073,1.033922553062439,0.77183997631073,0.5909964442253113,0.2272515892982483,0.5909964442253113,0.2272515892982483,0.6814181804656982,0.33843374252319336
1109,482,-2.0136579036760014,-1.0600159,0.22384333715774102,0.15383152621798224,0.467141744773835,0.7291789650917053,0.9356540441513062,0.7291789650917053,0.9356540441513062,1.0205601453781128,0.9356540441513062,0.4686565399169922,0.2659258246421814,0.4686565399169922,0.2659258246421814,0.5815081596374512,0.37121763825416565
1110,482,-0.8287654769991083,-0.7905092,0.1940493541210888,0.32309218071401113,0.27458858057856583,0.4216926097869873,0.3287186026573181,0.4216926097869873,0.3287186026573181,0.7530121803283691,0.5234551429748535,0.26076918840408325,0.071341872215271,0.26076918840408325,0.071341872215271,0.35480794310569763,0.16386055946350098
1111,482,0.7741369995316145,-0.91517603,0.6345079863133529,0.14006758880491055,0.3738843517253796,0.7688329219818115,0.4264692962169647,0.7688329219818115,0.4264692962169647,1.2296663522720337,0.7275105118751526,0.4264692962169647,0.08915144205093384,0.4264692962169647,0.08915144205093384,0.5325291156768799,0.18372109532356262
1112,482,-1.3867334767511434,-1.0542661,0.1457311014582715,0.6231237540518243,0.039715694574018245,1.0295838117599487,0.7046488523483276,1.0295838117599487,0.7046488523483276,1.4165282249450684,0.7046488523483276,0.5348776578903198,0.09134161472320557,0.5348776578903198,0.09134161472320557,0.6197632551193237,0.18477365374565125
1113,482,-0.012594654932054,-0.67554593,0.1576880580435196,0.3175320250292617,0.6200093324234089,1.3011131286621094,0.4433329701423645,1.3011131286621094,0.4433329701423645,2.43680477142334,0.4433329701423645,0.4419875144958496,0.1961042284965515,0.4419875144958496,0.1961042284965515,0.5442120432853699,0.10169011354446411
1114,482,-1.350601784664098,-0.5656465,0.33524600329498433,0.32006583453466486,0.21171946650991835,0.8103412389755249,0.29882606863975525,0.8103412389755249,0.29882606863975525,0.5661433339118958,0.09945961833000183,0.29882606863975525,0.17540058493614197,0.29882606863975525,0.17540058493614197,0.19914284348487854,0.08973230421543121
1115,482,-2.1487972864625635,-0.37794396,0.02382652401924129,0.3839425376243889,0.2573938100971282,1.2720072269439697,0.4715690612792969,1.2720072269439697,0.4715690612792969,0.9209426641464233,0.20738506317138672,0.46835076808929443,0.0026557743549346924,0.46835076808929443,0.0026557743549346924,0.3365827798843384,0.10467299818992615
1116,482,-1.4107960101867698,-0.74434984,0.3316770410599808,0.056295889889200645,0.3819832057195406,0.5543228387832642,0.5560569763183594,0.5543228387832642,0.5560569763183594,1.437430739402771,0.5560569763183594,0.25476163625717163,0.002561807632446289,0.25476163625717163,0.002561807632446289,0.4037521183490753,0.11797988414764404
1117,482,-1.019136798243354,-1.0700012,0.5383565241346757,0.3292213616768517,0.07981391665836168,1.111509919166565,0.5400621294975281,1.111509919166565,0.5400621294975281,2.0410618782043457,0.8998415470123291,0.5400621294975281,0.0026813745498657227,0.5400621294975281,0.0026813745498657227,0.719951868057251,0.17356479167938232
1118,482,0.8103008135887326,-1.489754,0.4294408947105206,0.6769570812458794,0.40227695288757515,0.9029369950294495,1.0031838417053223,0.9029369950294495,1.0031838417053223,1.2193983793258667,1.0031838417053223,0.7112480998039246,0.35121309757232666,0.7112480998039246,0.35121309757232666,0.8572160005569458,0.5441721677780151
1119,482,-0.4816609962825594,-1.361368,0.24546998813748377,0.3895673789829017,0.6332723661512135,0.8115583658218384,1.1385639905929565,0.8115583658218384,1.1385639905929565,1.3961280584335327,1.1385639905929565,0.5498334169387817,0.16175925731658936,0.5498334169387817,0.16175925731658936,0.7316542863845825,0.3665798306465149
1120,482,1.1581459243239074,-0.6405429,0.22929223644236718,0.3527772252013287,0.3866248266895611,0.9609488248825073,0.35459399223327637,0.9609488248825073,0.35459399223327637,2.386420726776123,0.35459399223327637,0.29082733392715454,0.17504644393920898,0.29082733392715454,0.17504644393920898,0.4288574159145355,0.11376920342445374
1121,482,1.281113005747962,-0.39237267,0.18671345159721864,0.17678277114095775,0.40252828290065124,1.0113239288330078,0.13964521884918213,1.0113239288330078,0.13964521884918213,1.6724472045898438,0.13964521884918213,0.25616317987442017,0.18679529428482056,0.25616317987442017,0.18679529428482056,0.3195528984069824,0.1424407809972763
1122,482,-0.5784401254674627,0.17568035,0.27944898967941606,0.2406377042705815,0.12488697693993653,0.3647332787513733,0.3647332787513733,0.3647332787513733,0.3647332787513733,0.48687946796417236,0.19958078861236572,0.3647332787513733,0.2787633538246155,0.3647332787513733,0.2787633538246155,0.2821570336818695,0.20259492099285126
1123,482,0.4116462186751559,0.39503837,0.30201851165543003,0.34296141876528663,0.2944046006103357,0.3801533579826355,0.7451220750808716,0.3801533579826355,0.7451220750808716,0.7116599082946777,0.7451220750808716,0.42004913091659546,0.20331525802612305,0.42004913091659546,0.20331525802612305,0.5825855731964111,0.21080632507801056
1124,482,0.6035872827730349,0.39215475,0.27244965765625234,0.3059319183882324,0.24207358338870122,0.45638978481292725,0.28183963894844055,0.45638978481292725,0.28183963894844055,0.31524914503097534,0.28183963894844055,0.45638978481292725,0.38868802785873413,0.45638978481292725,0.38868802785873413,0.3691146969795227,0.3010725975036621
1125,482,-0.2350863454765031,0.13500333,0.10570661281545962,0.25173860485355065,0.42344911803801855,0.4367283582687378,0.3501342236995697,0.4367283582687378,0.3501342236995697,0.5195345282554626,0.3501342236995697,0.4367283582687378,0.1081252172589302,0.4367283582687378,0.1081252172589302,0.34350791573524475,0.12016592919826508
1126,482,0.5453584101296107,-0.16049036,0.13744357754786818,0.05552847524483992,0.20052268187204997,0.5178045034408569,0.12693184614181519,0.5178045034408569,0.12693184614181519,0.33389812707901,0.12693184614181519,0.14234718680381775,0.10861018300056458,0.14234718680381775,0.10861018300056458,0.07865361869335175,0.18092209100723267
1127,482,1.4133305676728256,0.004394971,0.010784846780200863,0.26214352415253717,0.0952984302987655,0.17034411430358887,0.114607073366642,0.17034411430358887,0.114607073366642,0.2321183979511261,0.2331264615058899,0.17034411430358887,0.06242070347070694,0.17034411430358887,0.06242070347070694,0.22713492810726166,0.06756117939949036
1128,482,1.044147792733952,0.1367909,0.06572091897328691,0.23132626647750537,0.09507502769430477,0.38398584723472595,0.09602057933807373,0.38398584723472595,0.09602057933807373,0.15124386548995972,0.29327815771102905,0.07895529270172119,0.17165392637252808,0.07895529270172119,0.17165392637252808,0.10368528962135315,0.26719653606414795
1129,482,-0.1611417460320633,0.2659876,0.3227894409994284,0.11930940980712584,0.18596376200517023,0.3561706244945526,0.3561706244945526,0.3561706244945526,0.3561706244945526,0.2955645024776459,0.4503765404224396,0.3561706244945526,0.1789790689945221,0.3561706244945526,0.1789790689945221,0.32163044810295105,0.13996939361095428
1130,482,0.4516745536779084,0.6948355,0.2908895462316772,0.45157371900354826,0.10632204500337439,0.4607318043708801,0.7472726106643677,0.4607318043708801,0.7472726106643677,0.6475898027420044,0.7472726106643677,0.4607318043708801,0.2029953896999359,0.4607318043708801,0.2029953896999359,0.6040022373199463,0.35289961099624634
1131,482,1.0096077156790484,0.81532645,0.1001831386983395,0.35447905376553535,0.49320139825344084,0.5972820520401001,0.9003809690475464,0.5972820520401001,0.9003809690475464,0.825066089630127,0.9003809690475464,0.5972820520401001,0.05652284622192383,0.5972820520401001,0.05652284622192383,0.7689573764801025,0.2219446450471878
1132,482,0.0342740709483223,0.2273714,0.1176215640921146,0.14892793531529602,0.27379236888140435,0.33490312099456787,0.39378368854522705,0.33490312099456787,0.39378368854522705,0.10184288024902344,0.39378368854522705,0.33490312099456787,0.1324460804462433,0.33490312099456787,0.1324460804462433,0.3120995759963989,0.10559675842523575
1133,482,-0.13962307552364,0.16363367,0.1336855872161686,0.028131228778511236,0.29929785136133424,0.47894927859306335,0.3326478600502014,0.47894927859306335,0.3326478600502014,0.15717250108718872,0.3326478600502014,0.050908446311950684,0.1330975443124771,0.050908446311950684,0.1330975443124771,0.13067013025283813,0.252951443195343
1134,482,-0.0580841178276076,0.33481306,0.08924835414936139,0.2103388088631133,0.10699767798806223,0.34492191672325134,0.3544235825538635,0.34492191672325134,0.3544235825538635,0.30905529856681824,0.4991420805454254,0.34492191672325134,0.010753452777862549,0.34492191672325134,0.010753452777862549,0.41756513714790344,0.09752712398767471
1135,482,2.5159958917759115,0.12314667,0.13636282055328286,0.1595299351836245,0.18700557326277095,0.3098490238189697,0.28542107343673706,0.3098490238189697,0.28542107343673706,0.02339605987071991,0.28542107343673706,0.3098490238189697,0.037626832723617554,0.3098490238189697,0.037626832723617554,0.3146054744720459,0.031498879194259644
1136,482,1.272610388297439,-0.24123657,0.008836158489187576,0.04419173150012891,0.02126758514593044,0.08807069063186646,0.051839470863342285,0.08807069063186646,0.051839470863342285,0.07848912477493286,0.0424351692199707,0.03888070583343506,0.01275518536567688,0.03888070583343506,0.01275518536567688,0.03421229124069214,0.00814656913280487
1137,482,-0.5154622653607246,0.41983986,0.7998816739146909,0.002904993643363163,0.03010882547746102,0.6783104538917542,0.6783104538917542,0.6783104538917542,0.6783104538917542,0.37858134508132935,0.6268171072006226,0.6783104538917542,0.01741313934326172,0.6783104538917542,0.01741313934326172,0.6602394580841064,0.04055294394493103
1138,482,1.4298795542164104,1.1209778,0.4556314531962079,0.8790245059380929,0.005774599288900895,1.0083775520324707,1.3628652095794678,1.0083775520324707,1.3628652095794678,1.0170924663543701,1.3628652095794678,1.0083775520324707,0.026259183883666992,1.0083775520324707,0.026259183883666992,1.1856213808059692,0.24021917581558228
1139,482,1.2260125648756712,1.1191446,0.13647360603014635,0.5102464300890763,0.8586436367531618,1.0541523694992065,1.2800624370574951,1.0541523694992065,1.2800624370574951,1.0632513761520386,1.2800624370574951,1.0541523694992065,0.1958627700805664,1.0541523694992065,0.1958627700805664,1.2341337203979492,0.3190357983112335
1140,482,0.4650661050812558,0.5607883,0.4189406520004073,0.15324357983966663,0.3791244420285026,0.4821174740791321,0.4821174740791321,0.4821174740791321,0.4821174740791321,0.8414971232414246,0.7447385787963867,0.4821174740791321,0.21921390295028687,0.4821174740791321,0.21921390295028687,0.6842905282974243,0.28305527567863464
1141,482,2.7687850573759754,0.39177495,0.3164230675126115,0.49266285734872023,0.34859087952723106,0.510442852973938,0.7154173254966736,0.510442852973938,0.7154173254966736,0.5791541934013367,0.5835920572280884,0.510442852973938,0.2961466908454895,0.510442852973938,0.2961466908454895,0.4248495399951935,0.2067376673221588
1142,482,2.499949589932908,1.1420681,0.15981845838328224,0.4996673941736418,0.5163389596467216,0.7149369120597839,1.27919340133667,0.7149369120597839,1.27919340133667,1.0911260843276978,1.27919340133667,0.7149369120597839,0.17870169878005981,0.7149369120597839,0.17870169878005981,0.9368702173233032,0.4500308036804199
1143,482,2.0717596910041784,1.2614487,0.711251711199681,0.08295827309290571,0.3060313911239305,0.8190082907676697,0.8190082907676697,0.8190082907676697,0.8190082907676697,0.6592243909835815,1.4537098407745361,0.8190082907676697,0.19537413120269775,0.8190082907676697,0.19537413120269775,1.0746504068374634,0.49693357944488525
1144,482,2.3368738727082694,1.9411687,0.9036880006827412,0.9559968690108507,0.09827838468365391,1.280461072921753,2.0389065742492676,1.280461072921753,2.0389065742492676,1.96067476272583,2.0389065742492676,1.280461072921753,0.24066519737243652,1.280461072921753,0.24066519737243652,1.6596838235855103,0.7464433908462524
1145,482,1.375073110969709,2.558741,0.6623835622146728,0.9278262977302074,1.0734867111966013,1.2428488731384277,2.753650188446045,1.2428488731384277,2.753650188446045,2.0979607105255127,2.753650188446045,1.2428488731384277,0.6899957656860352,1.2428488731384277,0.6899957656860352,1.7164344787597656,1.2034416198730469
1146,482,1.9076050801138,2.557359,0.7678525384018824,0.7555224386105934,0.9221638160447276,1.181159496307373,2.693047046661377,1.181159496307373,2.693047046661377,1.9457263946533203,2.693047046661377,1.181159496307373,0.900475263595581,1.181159496307373,0.900475263595581,1.5931873321533203,1.3075180053710938
1147,482,2.011430158398404,2.041652,0.7054652346173922,1.0618057997028034,0.9225571150581038,1.112306833267212,1.5824189186096191,1.112306833267212,1.5824189186096191,1.7681175470352173,2.2174880504608154,1.112306833267212,0.5550280809402466,1.112306833267212,0.5550280809402466,1.480977177619934,1.021484613418579
1148,482,1.9392003749786817,1.9921476,0.7379052229784426,0.6448311627656222,0.8582223583199086,1.0859825611114502,2.1329314708709717,1.0859825611114502,2.1329314708709717,1.586561679840088,2.1329314708709717,1.0859825611114502,0.6323611736297607,1.0859825611114502,0.6323611736297607,1.4093772172927856,1.006563425064087
1149,482,0.2951572926165768,2.0118742,0.7004120305677255,0.8121213739489512,0.6024764040236674,0.9135364294052124,1.6472883224487305,0.9135364294052124,1.6472883224487305,1.5999737977981567,1.6472883224487305,0.9660645723342896,0.7985644340515137,0.9660645723342896,0.7985644340515137,1.3066763877868652,1.1312744617462158
1150,482,1.0884627518066432,2.1545892,0.7754912926753361,0.9458815225710472,0.7988482345392307,0.9267573356628418,1.6130454540252686,0.9267573356628418,1.6130454540252686,1.7468478679656982,2.353851795196533,0.9267573356628418,0.6823253631591797,0.9267573356628418,0.6823253631591797,1.357520341873169,1.1496504545211792
1151,482,2.518718627114853,1.4748269,0.1312652378653485,0.7192777042215068,0.7080005787809692,0.8300050497055054,0.9483189582824707,0.8300050497055054,0.9483189582824707,1.5512261390686035,1.6366347074508667,0.8612905740737915,0.10840010643005371,0.8612905740737915,0.10840010643005371,1.2170116901397705,0.5699209570884705
1152,482,0.4428514202825251,1.1066166,0.3832521413452923,0.14218250180594616,0.7298203118052335,0.8898626565933228,1.3047213554382324,0.8898626565933228,1.3047213554382324,0.9600262641906738,1.3047213554382324,0.8898626565933228,0.14670181274414062,0.8898626565933228,0.14670181274414062,1.0497865676879883,0.3510245382785797
1153,482,2.6287896547027803,1.3668394,0.9167977996356785,0.43023502171039585,0.06562606429681184,0.8886227607727051,0.8886227607727051,0.8886227607727051,0.8886227607727051,0.7518981695175171,1.2917875051498413,0.8886227607727051,0.11964249610900879,0.8886227607727051,0.11964249610900879,1.090205192565918,0.33470726013183594
1154,482,1.6769653394499395,1.5425069,0.11392324586709335,0.9023413549860322,0.4197788417836028,1.030118465423584,1.1507058143615723,1.030118465423584,1.1507058143615723,0.8681601285934448,1.6240112781524658,1.030118465423584,0.15957939624786377,1.030118465423584,0.15957939624786377,1.279569149017334,0.4461514353752136
1155,482,0.0711400247897773,1.9440612,0.8510428916290402,0.25811254691332586,0.980831777602434,1.1825902462005615,2.095693349838257,1.1825902462005615,2.095693349838257,1.9290449619293213,2.095693349838257,1.2305482625961304,0.21047914028167725,1.2305482625961304,0.21047914028167725,1.5978219509124756,0.6687259674072266
1156,482,1.7777664413571603,1.5002325,0.5599526355912288,0.8849097591762742,0.0960759332900245,1.1942375898361206,1.6166048049926758,1.1942375898361206,1.6166048049926758,1.382738471031189,1.6166048049926758,1.1942375898361206,0.2654367685317993,1.1942375898361206,0.2654367685317993,1.405421257019043,0.573722243309021
1157,482,1.8322530560343555,1.587494,0.07016654804969868,0.5295313195356478,0.8006344698586815,1.2051489353179932,1.8521578311920166,1.2051489353179932,1.8521578311920166,1.4946907758712769,1.8521578311920166,1.2051489353179932,0.025682687759399414,1.2051489353179932,0.025682687759399414,1.519428014755249,0.4231085777282715
1158,482,-1.1511254242408746,1.0331385,0.5577962437520424,0.006470987337331202,0.48270634992669015,0.6418557167053223,0.6418557167053223,0.6418557167053223,0.6418557167053223,1.1488271951675415,1.1919240951538086,0.6418557167053223,0.03191375732421875,0.6418557167053223,0.03191375732421875,0.9081909656524658,0.38391706347465515
1159,482,2.711749587476741,0.9705494,0.5981942819058896,0.5779185637831687,0.030073130503296852,0.5828757286071777,0.5828757286071777,0.5828757286071777,0.5828757286071777,1.1662098169326782,1.182274341583252,0.5828757286071777,0.0334850549697876,0.5828757286071777,0.0334850549697876,0.8825750350952148,0.3767087459564209
1160,482,1.8630414995774651,0.9459768,0.43735003783677995,0.6254112734893957,0.6107588658916452,0.7235279679298401,0.30085450410842896,0.7235279679298401,0.30085450410842896,1.3435217142105103,1.077994704246521,0.7235279679298401,0.4885675311088562,0.7235279679298401,0.4885675311088562,1.0408068895339966,0.491779625415802
1161,482,1.3673743307471686,1.1423059,0.7182061323275168,0.3603522242854036,0.8072467616697151,0.5031519532203674,1.3345648050308228,0.5031519532203674,1.3345648050308228,1.2982285022735596,1.3345648050308228,0.9647538661956787,0.41968297958374023,0.9647538661956787,0.41968297958374023,1.3043873310089111,0.38280922174453735
1162,482,3.194376261792089,0.7970331,0.5380872186645866,0.9155979393795132,0.4505195868015288,0.9769212603569031,1.34193754196167,0.9769212603569031,1.34193754196167,1.1795873641967773,1.34193754196167,0.9769212603569031,0.5474792718887329,0.9769212603569031,0.5474792718887329,1.1594294309616089,0.3022981584072113
1163,482,0.2875022607261357,2.4788246,0.4514793823659424,0.8019287003576754,1.3359912000596523,1.5467822551727295,2.559267044067383,1.5467822551727295,2.559267044067383,1.9725570678710938,2.559267044067383,1.5467822551727295,0.38292956352233887,1.5467822551727295,0.38292956352233887,1.90244460105896,0.7930336594581604
1164,482,0.7877526154887117,2.447721,0.9107455146933598,0.5772731216872728,0.7822014723966519,0.9460843801498413,0.9460843801498413,0.9460843801498413,0.9460843801498413,1.2545013427734375,2.534777879714966,0.9460843801498413,0.551591157913208,0.9460843801498413,0.551591157913208,1.4934754371643066,1.0918960571289062
1165,482,0.3642710411472598,1.6428742,0.09995905316124354,1.1324304725478092,0.483975387575726,1.282273292541504,1.3618271350860596,1.282273292541504,1.3618271350860596,1.0477045774459839,1.9141650199890137,1.282273292541504,0.1038658618927002,1.282273292541504,0.1038658618927002,1.5706508159637451,0.47103938460350037
1166,482,1.4141240852495012,1.5904303,0.20685611695051198,0.10056006796658057,1.1184269427508111,1.4988569021224976,1.7846457958221436,1.4988569021224976,1.7846457958221436,1.0652190446853638,1.7846457958221436,1.4988569021224976,0.14467346668243408,1.4988569021224976,0.14467346668243408,1.5993058681488037,0.3138009309768677
1167,482,1.0395455800791584,0.30510283,0.10590166948735713,0.20489778414368626,0.049446512237191154,0.2639555335044861,0.35340002179145813,0.2639555335044861,0.35340002179145813,0.24933572113513947,0.35340002179145813,0.2639555335044861,0.12770839035511017,0.2639555335044861,0.12770839035511017,0.3086777925491333,0.17322994768619537
1168,482,0.4414290329874821,0.5904828,0.3641920393208663,0.11847824862847733,0.22102212651322278,0.40148353576660156,0.40148353576660156,0.40148353576660156,0.40148353576660156,0.4728407859802246,0.8256502151489258,0.40148353576660156,0.1474759578704834,0.40148353576660156,0.1474759578704834,0.5610551834106445,0.3289327025413513
1169,482,0.6599204506174342,0.8311016,0.22521906929090607,0.4340421819314362,0.012241380121558842,0.5924262404441833,0.873436450958252,0.5924262404441833,0.873436450958252,0.7733358144760132,0.873436450958252,0.5924262404441833,0.20981991291046143,0.5924262404441833,0.20981991291046143,0.73293137550354,0.3617681860923767
1170,482,-1.3173617272995817,0.92107844,0.13281728848814978,0.40012272477149946,0.48055393978953365,0.6866447925567627,1.1065349578857422,0.6866447925567627,1.1065349578857422,0.9006456136703491,1.1065349578857422,0.6866447925567627,0.1407003402709961,0.6866447925567627,0.1407003402709961,0.8482084274291992,0.35648834705352783
1171,482,-0.1281925553177983,0.5939952,0.0987277777120471,0.05548203676939012,0.1285208515450359,0.4720815122127533,0.778350830078125,0.4720815122127533,0.778350830078125,0.5433939099311829,0.778350830078125,0.4720815122127533,0.18832537531852722,0.4720815122127533,0.18832537531852722,0.5556645393371582,0.28526929020881653
1172,482,-0.3016345913730112,-0.17960413,0.3980606288276613,0.2079505210742355,0.0016565416380763254,0.9083085060119629,0.383228063583374,0.9083085060119629,0.383228063583374,0.6572563052177429,0.16361774504184723,0.383228063583374,0.13150270283222198,0.383228063583374,0.13150270283222198,0.27342289686203003,0.21381917595863342
1173,482,-0.3813906119054092,-0.38726074,0.08090589866042147,0.32365003786981106,0.28608159847557535,1.113955020904541,0.452586829662323,1.113955020904541,0.452586829662323,0.7893162965774536,0.2111063003540039,0.42045944929122925,0.029772132635116577,0.42045944929122925,0.029772132635116577,0.30224817991256714,0.0968521386384964
1174,482,0.1364898894652768,-0.586455,0.10547138741860784,0.10045349915201462,0.5162437788086633,0.7185238599777222,0.42472022771835327,0.7185238599777222,0.42472022771835327,0.8424618244171143,0.42472022771835327,0.324830561876297,0.028842389583587646,0.324830561876297,0.028842389583587646,0.3573800325393677,0.05637744069099426
1175,482,-1.1057192266030649,-0.36386722,0.10763604843989005,0.15943274665623905,0.2477679733000696,0.04654276371002197,0.24189899861812592,0.04654276371002197,0.24189899861812592,0.19610655307769775,0.24189899861812592,0.04654276371002197,0.09848865866661072,0.04654276371002197,0.09848865866661072,0.09358180314302444,0.14528679847717285
1176,482,0.0012687137045275,-0.36632693,0.007349482948581398,0.2400530281414588,0.2860888843735059,0.24558667838573456,0.16920123994350433,0.24558667838573456,0.16920123994350433,0.5244532227516174,0.16920123994350433,0.09513020515441895,0.028548717498779297,0.09513020515441895,0.028548717498779297,0.14721548557281494,0.049406498670578
1177,482,0.0501118861862252,-0.46799764,0.14987271881972752,0.1535909623714785,0.062239442629118735,0.03153252601623535,0.2132287323474884,0.03153252601623535,0.2132287323474884,0.4792821407318115,0.2132287323474884,0.03153252601623535,0.09623229503631592,0.03153252601623535,0.09623229503631592,0.12238062918186188,0.22439369559288025
1178,482,-1.0887186790255057,-0.43711534,0.04442434380451832,0.3106320025523503,0.013037943939367913,0.6259516477584839,0.2693876624107361,0.6259516477584839,0.2693876624107361,0.6571985483169556,0.2693876624107361,0.2696554660797119,0.040641188621520996,0.2696554660797119,0.040641188621520996,0.269521564245224,0.04077032208442688
1179,482,0.6118117285621092,-0.40903845,0.0613349852214258,0.10575365720937645,0.38299941727270687,0.8878201246261597,0.3772498667240143,0.8878201246261597,0.3772498667240143,0.9056791067123413,0.3772498667240143,0.3916639983654022,0.012583404779434204,0.3916639983654022,0.012583404779434204,0.39146146178245544,0.012759789824485779
1180,482,-1.3170592423969798,-0.42431927,0.25061844746271766,0.03751949214686953,0.026758337157467976,0.528547465801239,0.2536924481391907,0.528547465801239,0.2536924481391907,0.5125407576560974,0.23881088197231293,0.2536924481391907,0.00034677982330322266,0.2536924481391907,0.00034677982330322266,0.2462516725063324,0.007079660892486572
1181,482,-0.8982972734566714,-0.2830873,0.15098262873788665,0.3377114644894996,0.049634453157583885,0.7698661088943481,0.1568305492401123,0.7698661088943481,0.1568305492401123,0.6100937128067017,0.1568305492401123,0.2818010151386261,0.014102280139923096,0.2818010151386261,0.014102280139923096,0.2193157821893692,0.07399335503578186
1182,482,-2.0175522776103354,-0.59185946,0.4073015672154725,0.16811374330893147,0.37367099314928043,0.8275532722473145,0.336246520280838,0.8275532722473145,0.336246520280838,1.8406102657318115,0.46194106340408325,0.336246520280838,0.13780426979064941,0.336246520280838,0.13780426979064941,0.47806137800216675,0.12737338244915009
1183,482,-0.556427264328003,-0.54838115,0.0640951976055899,0.26290392114470407,0.22774257068832704,0.9554933309555054,0.577295184135437,0.9554933309555054,0.577295184135437,0.7003899812698364,0.37505650520324707,0.38010600209236145,0.17520546913146973,0.38010600209236145,0.17520546913146973,0.2909599542617798,0.09404739737510681
1184,482,-0.5834463197054223,-1.0777348,0.44106668845439945,0.14945412323499718,0.44536473313967384,0.3397541642189026,0.8936956524848938,0.3397541642189026,0.8936956524848938,0.9999556541442871,0.8936956524848938,0.257071316242218,0.2214757204055786,0.257071316242218,0.2214757204055786,0.4587930738925934,0.38177138566970825
1185,482,-2.3350460491068747,-1.129264,0.1476277884095909,0.6672510560229421,0.40532067667692895,0.9447529315948486,0.6560458540916443,0.9447529315948486,0.6560458540916443,1.4355400800704956,0.9405782222747803,0.5611254572868347,0.11464571952819824,0.5611254572868347,0.11464571952819824,0.6965818405151367,0.2500978112220764
1186,482,-0.6884187336111014,-0.8960507,0.03794925366838786,0.08377052207787816,0.5736274803181489,1.0274760723114014,0.7692629098892212,1.0274760723114014,0.7692629098892212,1.2258514165878296,0.7692629098892212,0.5045107007026672,0.09952807426452637,0.5045107007026672,0.09952807426452637,0.5820333361625671,0.16419661045074463
1187,482,-1.52894739187242,-1.0803003,0.6556758528947829,0.3020378629863263,0.41650306835770623,0.9079666137695312,0.531753420829773,0.9079666137695312,0.531753420829773,1.0849871635437012,0.8446300029754639,0.531753420829773,0.15403974056243896,0.531753420829773,0.15403974056243896,0.6074694395065308,0.22932559251785278
1188,482,-2.8020546547940475,-1.1451777,0.18872319586575015,0.7447180292010309,0.23853631891310212,1.1710530519485474,0.817162036895752,1.1710530519485474,0.817162036895752,1.4076634645462036,1.0113815069198608,0.6974433064460754,0.17317914962768555,0.6974433064460754,0.17317914962768555,0.785930871963501,0.2645420432090759
1189,482,-1.5061504736074751,-1.2726326,0.26412524698302153,0.004239455731585462,0.6563375413138417,0.9919171333312988,1.0969083309173584,0.9919171333312988,1.0969083309173584,1.7425655126571655,1.0969083309173584,0.5563892722129822,0.2124950885772705,0.5563892722129822,0.2124950885772705,0.7286657094955444,0.32872474193573
1190,482,-1.402819363806982,-1.4098992,0.5800077540613711,0.27984661759808643,0.10998774357140073,0.9325125217437744,0.5769479870796204,0.9325125217437744,0.5769479870796204,1.6986660957336426,1.0009655952453613,0.5769479870796204,0.13560819625854492,0.5769479870796204,0.13560819625854492,0.7889567613601685,0.33843860030174255
1191,482,-2.068472365739204,-1.7211623,0.4193472612276674,0.8674425662681464,0.47680957168340643,1.1426137685775757,1.180884599685669,1.1426137685775757,1.180884599685669,1.5565279722213745,1.5617344379425049,0.8321982622146606,0.4461638927459717,0.8321982622146606,0.4461638927459717,1.0187616348266602,0.6522610783576965
1192,482,-4.255805824036404,-1.6741027,0.23287729324152084,0.3483034260322647,0.8703782709812127,1.264256477355957,1.562172770500183,1.264256477355957,1.562172770500183,1.846000075340271,1.562172770500183,0.8247210383415222,0.2546088695526123,0.8247210383415222,0.2546088695526123,1.0401691198349,0.5034711360931396
1193,482,-0.7107794248953159,-1.2639536,0.36903323650360126,0.2319000089168548,0.3604509110376237,0.43530523777008057,0.3431389331817627,0.43530523777008057,0.3431389331817627,0.8792562484741211,1.098327875137329,0.3431389331817627,0.3695182800292969,0.3431389331817627,0.3695182800292969,0.5346341133117676,0.5174846053123474
1194,482,-0.3957248159472502,-2.3360262,1.098074973045538,0.5094224769497908,0.31806680791700903,1.930413842201233,1.2598367929458618,1.930413842201233,1.2598367929458618,2.6676712036132812,1.7856736183166504,1.2598367929458618,0.4954683780670166,1.2598367929458618,0.4954683780670166,1.5227551460266113,0.7878403067588806
1195,482,-2.5511522663138972,-2.4500997,0.11938489761203597,1.3674535307288163,0.7961081802472472,2.343294382095337,1.5734765529632568,2.343294382095337,1.5734765529632568,3.9504940509796143,2.2466228008270264,1.4342490434646606,0.23230338096618652,1.4342490434646606,0.23230338096618652,1.760852575302124,0.6196953654289246
1196,482,0.3793560636495987,-1.590309,0.018303129399816154,0.15977637345592155,1.1459455012033386,2.3387088775634766,1.4028501510620117,2.3387088775634766,1.4028501510620117,2.8757457733154297,1.4028501510620117,1.1432771682739258,0.10098373889923096,1.1432771682739258,0.10098373889923096,1.2323555946350098,0.23115074634552002
1197,482,-0.3685556369744949,-1.1679231,0.6692238040144247,0.11618037289629368,0.23881044904390947,1.1132618188858032,0.589326798915863,1.1132618188858032,0.589326798915863,1.4307587146759033,0.895881712436676,0.589326798915863,0.10607194900512695,0.589326798915863,0.10607194900512695,0.6899568438529968,0.20576688647270203
1198,482,-1.3676063803274023,-0.8909611,0.1689235618617383,0.7145121572073546,0.07083862299099564,1.5797219276428223,0.5590081214904785,1.5797219276428223,0.5590081214904785,1.459876298904419,0.5590081214904785,0.6352106928825378,0.10743647813796997,0.6352106928825378,0.10743647813796997,0.5971094369888306,0.07027554512023926
1199,482,2.257398008742459,-0.9027665,0.05519128466645862,0.1242332768191895,0.8655244377503795,2.2369487285614014,0.7625784873962402,2.2369487285614014,0.7625784873962402,2.0531132221221924,0.7625784873962402,0.8102723360061646,0.053762733936309814,0.8102723360061646,0.053762733936309814,0.7517924308776855,0.05550244450569153
1200,482,-0.6876146723730449,-0.46842808,0.3017143863687912,0.08579366231958074,0.17253011894722775,0.6633195877075195,0.2771342396736145,0.6633195877075195,0.2771342396736145,0.538029134273529,0.26408612728118896,0.2771342396736145,0.08933162689208984,0.2771342396736145,0.08933162689208984,0.22478163242340088,0.049112945795059204
1201,482,-0.6962431872825994,-0.39443338,0.5107415490349133,0.4488139232496422,0.14907721439997335,0.3900223970413208,0.3900223970413208,0.3900223970413208,0.3900223970413208,1.3425713777542114,0.01854032278060913,0.3900223970413208,0.1436186134815216,0.3900223970413208,0.1436186134815216,0.20428135991096497,0.3992140293121338
1202,482,1.6519962211138317,-0.09787986,0.06662007448573898,0.7786463072399298,0.40224561211963494,0.5978262424468994,0.4584825932979584,0.5978262424468994,0.4584825932979584,1.2544208765029907,0.06944635510444641,0.5978262424468994,0.1746525764465332,0.5978262424468994,0.1746525764465332,0.40969187021255493,0.442599356174469
1203,482,0.1717099191443812,0.27865028,0.11735609225928778,0.22677340440452087,0.846794868558645,0.796908974647522,0.4628279507160187,0.796908974647522,0.4628279507160187,0.32090526819229126,0.4628279507160187,0.796908974647522,0.18168407678604126,0.796908974647522,0.18168407678604126,0.7030661106109619,0.321026086807251
1204,482,-1.116092085721891,-0.22502273,0.33435248612115814,0.29640728184332477,0.41845871922870476,1.2574148178100586,0.09522107243537903,1.2574148178100586,0.09522107243537903,0.8022077679634094,0.09522107243537903,0.23640424013137817,0.20090514421463013,0.23640424013137817,0.20090514421463013,0.1752469837665558,0.1660771518945694
1205,482,1.7190311068643058,0.06478037,0.1467368918657303,0.6489622267335653,0.16787872441112994,0.452862024307251,0.48817092180252075,0.452862024307251,0.48817092180252075,0.6551143527030945,0.28463950753211975,0.452862024307251,0.04095412790775299,0.452862024307251,0.04095412790775299,0.34991008043289185,0.12365436553955078
1206,482,1.081743652671463,0.37968844,0.27959344398230324,0.12058505006134512,0.7645962265506387,0.7937259674072266,0.6139037609100342,0.7937259674072266,0.6139037609100342,0.05022299289703369,0.6139037609100342,0.7937259674072266,0.06244063377380371,0.7937259674072266,0.06244063377380371,0.6783966422080994,0.14665436744689941
1207,482,-1.950740406022554,-0.09671458,0.37443883420278623,0.35768001421044265,0.02656743397315342,0.32880961894989014,0.32880961894989014,0.32880961894989014,0.32880961894989014,0.9172384738922119,0.037241943180561066,0.32880961894989014,0.07100097090005875,0.32880961894989014,0.07100097090005875,0.1830257773399353,0.15129734575748444
1208,482,-0.3783900025736177,0.07245587,0.24337556807945177,0.48236540375898285,0.5270763323207698,2.2181005477905273,0.2747066020965576,2.2181005477905273,0.2747066020965576,1.438462734222412,0.2747066020965576,0.4982529878616333,0.20260334014892578,0.4982529878616333,0.20260334014892578,0.28272783756256104,0.4127695858478546
1209,482,0.6822187470497199,0.36802164,0.4362315894787514,0.45870249914626293,0.7569117823118967,0.7280435562133789,0.6094018220901489,0.7280435562133789,0.6094018220901489,0.8366057276725769,0.6094018220901489,0.7280435562133789,0.6017799377441406,0.7280435562133789,0.6017799377441406,0.8581254482269287,0.3754172921180725
1210,482,-1.40462091222203,-0.4900886,0.002865314756830606,0.5868500759856153,0.45097164867135386,1.877930760383606,0.7127585411071777,1.877930760383606,0.7127585411071777,1.254775881767273,0.277570515871048,0.623360812664032,0.07443428039550781,0.623360812664032,0.07443428039550781,0.4134223461151123,0.16957907378673553
1211,482,-0.2570590496232205,-0.7071055,0.205839166243871,0.05251527593781563,0.5547044727827113,1.7839255332946777,0.5594016313552856,1.7839255332946777,0.5594016313552856,1.5835955142974854,0.5594016313552856,0.5919495820999146,0.0959097146987915,0.5919495820999146,0.0959097146987915,0.5252285599708557,0.05284005403518677
1212,482,-1.6524717955907238,-0.36762094,0.2161063262820243,0.23860181529074903,0.1208399271592498,0.14945495128631592,0.054303765296936035,0.14945495128631592,0.054303765296936035,0.4021252989768982,0.054303765296936035,0.14945495128631592,0.13217106461524963,0.14945495128631592,0.13217106461524963,0.10187935829162598,0.2656747102737427
1213,482,-0.9711727034778548,-0.4120986,0.03956956795106337,0.4432030044371882,0.2559727345903714,1.2529361248016357,0.49977895617485046,1.2529361248016357,0.49977895617485046,0.8609040379524231,0.2334165871143341,0.44046109914779663,0.04748743772506714,0.44046109914779663,0.04748743772506714,0.3135824203491211,0.10041764378547668
1214,482,-1.3942383086692889,-0.9315219,0.2284501436476905,0.06551891698191559,0.4013197643806537,0.8340330123901367,0.7740404009819031,0.8340330123901367,0.7740404009819031,1.5102335214614868,0.7740404009819031,0.43648239970207214,0.062171220779418945,0.43648239970207214,0.062171220779418945,0.5705937743186951,0.19006699323654175
1215,482,-3.5176438477790692,-0.8743719,0.09693937094261235,0.3070578595375021,0.044594285661975375,0.7696248292922974,0.5803417563438416,0.7696248292922974,0.5803417563438416,1.1480897665023804,0.5803417563438416,0.39946505427360535,0.0722118616104126,0.39946505427360535,0.0722118616104126,0.48990339040756226,0.15666401386260986
1216,482,-2.4904092742789263,-1.2630813,0.2299493291197966,0.13064823674658943,0.5976213744065413,0.8137288093566895,1.0757626295089722,0.8137288093566895,1.0757626295089722,1.1511327028274536,1.0757626295089722,0.5782226324081421,0.25243937969207764,0.5782226324081421,0.25243937969207764,0.7032697200775146,0.38471463322639465
1217,482,-0.9132342281425172,-1.5829754,0.6673568679268161,0.17926945849011355,0.14842873739699514,0.9727197885513306,0.6284344792366028,0.9727197885513306,0.6284344792366028,1.4365869760513306,1.0038871765136719,0.6284344792366028,0.23694968223571777,0.6284344792366028,0.23694968223571777,0.8161607980728149,0.43774619698524475
1218,482,-1.8967053179248683,-2.37461,0.44873259492218476,1.1345048331841825,0.32979008968919543,1.8436659574508667,1.691693663597107,1.8436659574508667,1.691693663597107,2.3996710777282715,1.691693663597107,1.348993182182312,0.4875767230987549,1.348993182182312,0.4875767230987549,1.5203434228897095,0.8013728857040405
1219,482,-3.279991644687844,-2.33313,0.1463668373227125,0.6028005104511975,1.0213015223294493,2.0862958431243896,2.1393842697143555,2.0862958431243896,2.1393842697143555,3.875044107437134,2.1393842697143555,1.2788338661193848,0.23611092567443848,1.2788338661193848,0.23611092567443848,1.6210147142410278,0.6661709547042847
1220,482,-0.9908040050044208,-1.6398914,0.31815109718590984,0.13410419624298808,0.7914745666831731,1.3006274700164795,1.3863236904144287,1.3006274700164795,1.3863236904144287,1.9147891998291016,1.3863236904144287,0.7927932739257812,0.28078269958496094,0.7927932739257812,0.28078269958496094,0.9611449241638184,0.44713807106018066
1221,482,-1.1054443116676649,-1.6421515,0.5675321956227222,0.2783535978073879,0.03227051443109885,1.1478475332260132,0.6709367036819458,1.1478475332260132,0.6709367036819458,1.9181236028671265,1.1517765522003174,0.6709367036819458,0.26932668685913086,0.6709367036819458,0.26932668685913086,0.9113566279411316,0.508930504322052
1222,482,-2.449024055675824,-2.193118,0.1542226983979349,1.0841047549247742,0.6977184968814251,1.8231922388076782,1.4240525960922241,1.8231922388076782,1.4240525960922241,2.982025384902954,2.059913158416748,1.2534931898117065,0.3066840171813965,1.2534931898117065,0.3066840171813965,1.5626015663146973,0.6871142983436584
1223,482,-1.4722014703284316,-1.976315,0.20677717341110124,0.21255867969244735,1.2385974360071121,2.113058567047119,1.7737661600112915,2.113058567047119,1.7737661600112915,2.543196439743042,1.7737661600112915,1.2521283626556396,0.2693279981613159,1.2521283626556396,0.2693279981613159,1.402156949043274,0.4505055546760559
1224,482,-1.9017324166281415,-1.2546248,0.4264106900493303,0.21626849802831805,0.23176685946683095,0.6531740427017212,0.4141733646392822,0.6531740427017212,0.4141733646392822,0.9700016379356384,1.0150046348571777,0.4141733646392822,0.28753793239593506,0.4141733646392822,0.28753793239593506,0.5730114579200745,0.44561856985092163
1225,482,-1.20872713803432,-1.6429055,0.265969139051934,0.6984899273266394,0.206713091072937,1.1480128765106201,1.1121728420257568,1.1480128765106201,1.1121728420257568,1.5012284517288208,1.1121728420257568,0.8071192502975464,0.4251720905303955,0.8071192502975464,0.4251720905303955,0.9596460461616516,0.6094598770141602
1226,482,-1.5643403639532811,-1.8739569,0.25808108126123774,0.28961131920417116,0.7378952886660894,1.2146363258361816,1.6014235019683838,1.2146363258361816,1.6014235019683838,1.642279863357544,1.6014235019683838,0.8671956062316895,0.3937644958496094,0.8671956062316895,0.3937644958496094,1.0585428476333618,0.5696542263031006
1227,482,-2.871364901233866,-1.4782406,0.18675194986164567,0.5189908213913439,0.4746923021227123,0.7615702152252197,0.7777940034866333,0.7615702152252197,0.7777940034866333,1.3218237161636353,1.2532167434692383,0.5736685395240784,0.23834478855133057,0.5736685395240784,0.23834478855133057,0.7955458164215088,0.4759160876274109
1228,482,-1.5943105912752549,-1.3381605,0.20306073041011885,0.15785826501746947,0.5111700254057847,0.6891772747039795,1.0877281427383423,0.6891772747039795,1.0877281427383423,1.0675922632217407,1.0877281427383423,0.5103968381881714,0.31978893280029297,0.5103968381881714,0.31978893280029297,0.640474259853363,0.4170612692832947
1229,482,-0.5742855792818655,-1.517548,0.40266709726303795,0.21587385699152967,0.18344522532075636,0.7501217126846313,0.4859861135482788,0.7501217126846313,0.4859861135482788,1.2482519149780273,0.8933845162391663,0.4859861135482788,0.3669731616973877,0.4859861135482788,0.3669731616973877,0.6896853446960449,0.590986430644989
1230,482,-1.5831001181451625,-1.8611462,0.15045576322823784,0.6363470461964603,0.2620029571279885,1.1264326572418213,1.1259889602661133,1.1264326572418213,1.1259889602661133,1.629366159439087,1.615557312965393,0.8543281555175781,0.34465670585632324,0.8543281555175781,0.34465670585632324,1.0850902795791626,0.6042367219924927
1231,482,-0.7504651589359363,-1.787373,0.023387094326317692,0.3650378355756403,0.8738433565199373,1.7544606924057007,1.4500763416290283,1.7544606924057007,1.4500763416290283,2.9626965522766113,1.4500763416290283,0.938518762588501,0.07465815544128418,0.938518762588501,0.07465815544128418,1.1493360996246338,0.32028424739837646
1232,482,0.2934012692898247,-1.0992739,0.25265038654829053,0.003917896977315594,0.5139780867348114,0.7732153534889221,0.8888586759567261,0.7732153534889221,0.8888586759567261,1.3077867031097412,0.8888586759567261,0.4616212844848633,0.1672583818435669,0.4616212844848633,0.1672583818435669,0.5979247093200684,0.27956831455230713
1233,482,-0.8506809198488847,-0.9218199,0.05127137232571821,0.3784795783087612,0.10663376554846771,0.6739848852157593,0.5212785601615906,0.6739848852157593,0.5212785601615906,0.8705731630325317,0.7108889818191528,0.4197309613227844,0.11571341753005981,0.4197309613227844,0.11571341753005981,0.5096529722213745,0.20302850008010864
1234,482,-0.4253341769326273,-0.9126911,0.14632499574994032,0.0959796983251966,0.5518379021870594,1.364391803741455,0.6956756114959717,1.364391803741455,0.6956756114959717,1.304894208908081,0.6956756114959717,0.5250833034515381,0.18725347518920898,0.5250833034515381,0.18725347518920898,0.5037145018577576,0.1697130799293518
1235,482,1.775740120642066,-0.50603265,0.014424685500562195,0.3577874851366505,0.02437874181661759,0.06861019134521484,0.07026782631874084,0.06861019134521484,0.07026782631874084,0.47654321789741516,0.2939773499965668,0.06861019134521484,0.1368783414363861,0.06861019134521484,0.1368783414363861,0.10999070107936859,0.24908287823200226
1236,482,-1.0997263730426778,-0.29123038,0.049172498372693885,0.24390120285873612,0.09690959398324295,0.5444044470787048,0.29635095596313477,0.5444044470787048,0.29635095596313477,0.4248831570148468,0.19184410572052002,0.21831189095973969,0.07601296901702881,0.21831189095973969,0.07601296901702881,0.16729789972305298,0.04843786358833313
1237,482,1.369723852282392,-0.31265903,0.31156945335368325,0.17332131428023181,0.3626847145458063,1.4213671684265137,0.13480837643146515,1.4213671684265137,0.13480837643146515,1.052536964416504,0.13480837643146515,0.2886439561843872,0.10159564018249512,0.2886439561843872,0.10159564018249512,0.15657927095890045,0.12092262506484985
1238,482,-0.7704456672934897,-0.06290357,0.11120835045352578,0.7445004459097981,0.07899534391239293,0.5021373629570007,0.3133136034011841,0.5021373629570007,0.3133136034011841,0.22865842282772064,0.3133136034011841,0.5021373629570007,0.14939656853675842,0.5021373629570007,0.14939656853675842,0.4077254831790924,0.2604493498802185
1239,482,0.1224935074926337,0.43653658,0.37738532582297935,0.262287455862388,0.8529966016486288,0.6994089484214783,0.6200278997421265,0.6994089484214783,0.6200278997421265,0.8736132383346558,0.6200278997421265,0.6994089484214783,0.40680381655693054,0.6994089484214783,0.40680381655693054,0.8199299573898315,0.25528809428215027
1240,482,-0.0823889439754236,-0.29254362,0.0960176074427242,0.40361476634939514,0.4758506112002458,1.3495702743530273,0.1042749434709549,1.3495702743530273,0.1042749434709549,0.778007984161377,0.1042749434709549,0.3028280436992645,0.09049840271472931,0.3028280436992645,0.09049840271472931,0.1537799835205078,0.1505039930343628
1241,482,-0.3335281695272212,-0.0044270754,0.2021248865996798,0.015633344644059854,0.6393991319773097,0.39865249395370483,0.24076130986213684,0.39865249395370483,0.24076130986213684,0.22722747921943665,0.24076130986213684,0.39865249395370483,0.22486570477485657,0.39865249395370483,0.22486570477485657,0.40746092796325684,0.21391230821609497
1242,482,0.4246096795421952,-0.50824577,0.06830011562754712,0.18301644844313475,0.17003624184678007,0.029477238655090332,0.016649603843688965,0.029477238655090332,0.016649603843688965,0.5900185704231262,0.25645512342453003,0.029477238655090332,0.012922406196594238,0.029477238655090332,0.012922406196594238,0.13621166348457336,0.15068617463111877
1243,482,1.102676638862203,-0.12007825,0.07590901806950578,0.12100027155131104,0.15646535564213987,0.040349334478378296,0.027602531015872955,0.040349334478378296,0.027602531015872955,0.032468728721141815,0.027602531015872955,0.040349334478378296,0.04836065322160721,0.040349334478378296,0.04836065322160721,0.02984171360731125,0.05905842036008835
1244,482,-0.0381204863127947,-0.20352396,0.14975546728819605,0.050938927270472,0.12278368175029758,0.06731200218200684,0.06731200218200684,0.06731200218200684,0.06731200218200684,0.133713036775589,0.04205244779586792,0.06731200218200684,0.08344236016273499,0.06731200218200684,0.08344236016273499,0.053759828209877014,0.09802772104740143
1245,482,2.5902969923071604,-0.028423622,0.3032067900647719,0.24074619491895044,0.1332586518178383,0.16563257575035095,0.16563257575035095,0.16563257575035095,0.16563257575035095,0.0967978686094284,0.2782447338104248,0.16563257575035095,0.1335066705942154,0.16563257575035095,0.1335066705942154,0.22193865478038788,0.07091133296489716
1246,482,0.4228335973803742,0.3909749,0.1739901291579008,0.5999368238449097,0.30152617983520036,0.32072171568870544,0.31422796845436096,0.32072171568870544,0.31422796845436096,0.2218530774116516,0.46838462352752686,0.32072171568870544,0.006543338298797607,0.32072171568870544,0.006543338298797607,0.39766693115234375,0.0902085155248642
1247,482,1.2493348247586624,0.74779224,0.5908586782092847,0.13198306663582748,0.6026176041613023,0.17237180471420288,0.8967759609222412,0.17237180471420288,0.8967759609222412,0.3266633152961731,0.8967759609222412,0.45852920413017273,0.013906538486480713,0.45852920413017273,0.013906538486480713,0.6825971603393555,0.24457597732543945
1248,482,0.6156155754736345,0.6038637,0.12340880559136469,0.7783253216681381,0.052585167667518085,0.7291346788406372,0.7881723642349243,0.7291346788406372,0.7881723642349243,0.4555450677871704,0.7881723642349243,0.7291346788406372,0.01738142967224121,0.7291346788406372,0.01738142967224121,0.7586535215377808,0.04079800844192505
1249,482,-0.4185388133009616,1.4307847,0.3712968715031941,0.30148970538129416,1.2358565546696385,1.1831921339035034,1.5178488492965698,1.1831921339035034,1.5178488492965698,1.1663175821304321,1.5178488492965698,1.1831921339035034,0.19192278385162354,1.1831921339035034,0.19192278385162354,1.2931106090545654,0.32355716824531555
1250,482,1.322436070268803,0.51644516,0.2690000578016043,0.6440729541331529,0.4052531760931015,0.44260185956954956,0.5610726475715637,0.44260185956954956,0.5610726475715637,0.26586753129959106,0.7167277336120605,0.44260185956954956,0.1412944793701172,0.44260185956954956,0.1412944793701172,0.52527916431427,0.23663264513015747
1251,482,-0.6439862873310643,0.40247887,0.08900673214346178,0.37012635603547095,0.6481314559653402,0.4621882438659668,0.5506965517997742,0.4621882438659668,0.5506965517997742,0.45757725834846497,0.5506965517997742,0.4621882438659668,0.07857394218444824,0.4621882438659668,0.07857394218444824,0.5400823354721069,0.0934382975101471
1252,482,-0.7614958644661467,0.10526391,0.3491559829935432,0.051207808442413794,0.423281088769436,0.04597041755914688,0.3478994071483612,0.04597041755914688,0.3478994071483612,0.16440702974796295,0.3478994071483612,0.2937544584274292,0.1310807466506958,0.2937544584274292,0.1310807466506958,0.38138526678085327,0.10194644331932068
1253,482,0.6772812031589338,-0.09872012,0.025374181577935806,0.53163293085061,0.02896596801467244,0.32950812578201294,0.22811256349086761,0.32950812578201294,0.22811256349086761,0.5185861587524414,0.08259330689907074,0.32950812578201294,0.12572810053825378,0.32950812578201294,0.12572810053825378,0.25950971245765686,0.21344707906246185
1254,482,-1.0444902662868798,-0.020363282,0.006618612462965134,0.04269054248618592,0.6367512421511734,0.43245482444763184,0.16372519731521606,0.43245482444763184,0.16372519731521606,0.1874285340309143,0.16372519731521606,0.43245482444763184,0.13590769469738007,0.43245482444763184,0.13590769469738007,0.3489789664745331,0.2336224913597107
1255,482,-1.0413468509660309,-0.4455583,0.25920140763123833,0.07500598388413571,0.1484505087385577,0.10618799924850464,0.10618799924850464,0.10618799924850464,0.10618799924850464,0.5882413983345032,0.3104374408721924,0.10618799924850464,0.19473984837532043,0.10618799924850464,0.19473984837532043,0.10438032448291779,0.3066454231739044
1256,482,0.6437851639428052,-0.49875444,0.058308827131986596,0.35266179457306857,0.18564921334385875,0.16938209533691406,0.023037612438201904,0.16938209533691406,0.023037612438201904,0.7332471609115601,0.28117722272872925,0.16938209533691406,0.15856808423995972,0.16938209533691406,0.15856808423995972,0.14511218667030334,0.32104194164276123
1257,482,-1.4249921496047198,-0.3636515,0.03244094754258786,0.06312650355199986,0.45329364006718015,0.24548977613449097,0.21320514380931854,0.24548977613449097,0.21320514380931854,0.5084208250045776,0.21320514380931854,0.24548977613449097,0.18341095745563507,0.24548977613449097,0.18341095745563507,0.1495552957057953,0.347393274307251
1258,482,-0.9770291963615988,-0.7524914,0.20653048368636523,0.1605090155871586,0.24563059005886315,1.2080261707305908,0.6162238121032715,1.2080261707305908,0.6162238121032715,1.0696642398834229,0.6162238121032715,0.3883533477783203,0.28131818771362305,0.3883533477783203,0.28131818771362305,0.3430744409561157,0.24656808376312256
1259,482,-0.3894333092310941,-0.49837255,0.10253572104498748,0.4531988351233304,0.13843471670523289,0.17829662561416626,0.0003268420696258545,0.17829662561416626,0.0003268420696258545,0.8237212896347046,0.3934228718280792,0.17829662561416626,0.17503443360328674,0.17829662561416626,0.17503443360328674,0.18152084946632385,0.37313300371170044
1260,482,-1.1236334018684606,-0.43372035,0.019047507022818044,0.18891845891873055,0.4612278488030035,0.23405295610427856,0.30832597613334656,0.23405295610427856,0.30832597613334656,0.7420190572738647,0.30832597613334656,0.23405295610427856,0.16405588388442993,0.23405295610427856,0.16405588388442993,0.20959284901618958,0.37925800681114197
1261,482,-1.659620765065628,-1.0456915,0.044029137523224016,0.17778999744604018,0.3780551830368739,0.8911557197570801,0.8039398193359375,0.8911557197570801,0.8039398193359375,1.4088472127914429,0.8039398193359375,0.4875045418739319,0.05190020799636841,0.4875045418739319,0.05190020799636841,0.617080569267273,0.16705775260925293
1262,482,-3.633079287080622,-0.8103463,0.038354271782251814,0.15517188297429446,0.08092475883352263,0.09681373834609985,0.23679512739181519,0.09681373834609985,0.23679512739181519,0.6206923723220825,0.577082633972168,0.09681373834609985,0.14600402116775513,0.09681373834609985,0.14600402116775513,0.25222575664520264,0.3120916187763214
1263,482,-0.7723443184005889,-0.88726753,0.15118462776144337,0.11265437865008904,0.0020094564432897033,0.45329737663269043,0.25760143995285034,0.45329737663269043,0.25760143995285034,0.9644376039505005,0.5465331673622131,0.25760143995285034,0.12514925003051758,0.25760143995285034,0.12514925003051758,0.40206730365753174,0.27323201298713684
1264,482,-2.091890361884106,-1.8600245,0.6367420104146,0.28370887666940736,0.21042873650789273,1.1322827339172363,0.7869254350662231,1.1322827339172363,0.7869254350662231,1.6921405792236328,1.2749292850494385,0.7869254350662231,0.42039036750793457,0.7869254350662231,0.42039036750793457,1.0309274196624756,0.7027261853218079
1265,482,-3.3033559161642385,-1.999406,0.05346445312102621,0.892226770396034,0.37113116251925593,1.8469197750091553,1.3085603713989258,1.8469197750091553,1.3085603713989258,3.185044765472412,1.873169183731079,1.1953403949737549,0.21461927890777588,1.1953403949737549,0.21461927890777588,1.4681085348129272,0.5451362729072571
1266,482,-0.3736306061066934,-2.0620787,0.22364369488631664,0.04194733677121487,0.963288346969833,2.352327346801758,1.783336877822876,2.352327346801758,1.783336877822876,3.161795139312744,1.783336877822876,1.244928002357483,0.3241163492202759,1.244928002357483,0.3241163492202759,1.4049367904663086,0.4911245107650757
1267,482,-2.047102226910492,-1.6215345,0.5026203209099671,0.40348537476112467,0.06245081905896499,0.9606183767318726,0.6524713635444641,0.9606183767318726,0.6524713635444641,1.7303993701934814,1.1855700016021729,0.6524713635444641,0.2540935277938843,0.6524713635444641,0.2540935277938843,0.9190206527709961,0.5700092315673828
1268,482,-4.340954448279751,-1.7961848,0.06170811953643973,0.7989049480607114,0.579949530561765,1.5434743165969849,0.9290002584457397,1.5434743165969849,0.9290002584457397,3.5524282455444336,1.6206763982772827,0.8811687231063843,0.0818185806274414,0.8811687231063843,0.0818185806274414,1.226470947265625,0.4463139772415161
1269,482,-1.694993307650012,-1.7887783,0.19011532785991836,0.21233084638913502,0.8502091837177675,2.42817759513855,1.5033024549484253,2.42817759513855,1.5033024549484253,2.5880513191223145,1.5033024549484253,1.1112017631530762,0.38449811935424805,1.1112017631530762,0.38449811935424805,1.1612436771392822,0.43079912662506104
1270,482,-0.1981551594670239,-1.742613,0.7888596850509444,0.3526483151937525,0.1477457006772359,1.5412665605545044,0.8693417906761169,1.5412665605545044,0.8693417906761169,2.5411219596862793,1.3828527927398682,0.8693417906761169,0.09732770919799805,0.8693417906761169,0.09732770919799805,1.126097321510315,0.34628164768218994
1271,482,-1.8719862372925191,-2.5603821,0.17607495152701924,1.1275855477650962,0.43479893842091144,1.9995357990264893,1.7135734558105469,1.9995357990264893,1.7135734558105469,3.012362241744995,2.4405102729797363,1.426110029220581,0.4721190929412842,1.426110029220581,0.4721190929412842,1.7790244817733765,0.851847767829895
1272,482,-1.322859055574577,-2.0397477,0.20210777637859167,0.25190963077048445,1.2394681150714555,3.187274932861328,1.8938188552856445,3.187274932861328,1.8938188552856445,4.221014976501465,1.8938188552856445,1.4314351081848145,0.06242513656616211,1.4314351081848145,0.06242513656616211,1.6479376554489136,0.33883827924728394
1273,482,1.0154532880545926,-1.1947643,0.18082549342264737,0.16550277801851432,0.37276858308662963,1.2806103229522705,0.9401882886886597,1.2806103229522705,0.9401882886886597,2.0529391765594482,0.9401882886886597,0.536377489566803,0.0423966646194458,0.536377489566803,0.0423966646194458,0.7091490030288696,0.19751381874084473
1274,482,-0.2819497118700838,-0.983871,0.05237455998857826,0.3421914189805587,0.12189086082081006,1.0228978395462036,0.6435132026672363,1.0228978395462036,0.6435132026672363,1.1469950675964355,0.7323161363601685,0.46993881464004517,0.19771301746368408,0.46993881464004517,0.19771301746368408,0.513739824295044,0.22979146242141724
1275,482,0.470065089810149,-0.91703427,0.31389689633001866,0.1107470354872444,0.3375359028639892,1.9587395191192627,0.7566420435905457,1.9587395191192627,0.7566420435905457,1.8729197978973389,0.7566420435905457,0.5454246997833252,0.24425667524337769,0.5454246997833252,0.24425667524337769,0.4854775667190552,0.19298231601715088
1276,482,1.389326477420848,-0.5433421,0.12934938624501258,0.448763076364994,0.3456446164846422,0.20201921463012695,0.16461169719696045,0.20201921463012695,0.16461169719696045,1.676173448562622,0.2700216770172119,0.20201921463012695,0.03572344779968262,0.20201921463012695,0.03572344779968262,0.21589000523090363,0.30828672647476196
1277,482,-2.3205574546642507,0.3722208,0.28719272709141186,0.1491868240262073,0.7560548789302506,0.5999422073364258,0.6015286445617676,0.5999422073364258,0.6015286445617676,0.5864272117614746,0.6015286445617676,0.5999422073364258,0.1375533938407898,0.5999422073364258,0.1375533938407898,0.6419283151626587,0.08903467655181885
1278,482,-0.4580802301856566,0.024826795,0.4183068367342153,0.4094703705484669,0.16528937509904307,0.2409059852361679,0.2409059852361679,0.2409059852361679,0.2409059852361679,0.07650317251682281,0.3935600519180298,0.2409059852361679,0.16423335671424866,0.2409059852361679,0.16423335671424866,0.31723302602767944,0.0931190550327301
1279,482,-0.9518035954826318,0.13067578,0.24583692078789066,0.6436975439886252,0.5082434114317098,0.4931216835975647,0.0724683403968811,0.4931216835975647,0.0724683403968811,0.2430814653635025,0.33471521735191345,0.4931216835975647,0.5335961580276489,0.4931216835975647,0.5335961580276489,0.6043148040771484,0.37226665019989014
1280,482,-1.7928446332362804,-0.32781136,0.10158221462120598,0.5670941368925075,0.823467051566889,0.4274190664291382,0.1853449046611786,0.4274190664291382,0.1853449046611786,1.2854610681533813,0.1853449046611786,0.4274190664291382,0.06684944033622742,0.4274190664291382,0.06684944033622742,0.2763335704803467,0.5871862173080444
1281,482,-2.1877110992285953,-1.3361309,0.047926291339099314,0.1708458120375872,0.48195549037307495,1.9305157661437988,1.0797507762908936,1.9305157661437988,1.0797507762908936,2.145092487335205,1.0797507762908936,0.812205970287323,0.16202521324157715,0.812205970287323,0.16202521324157715,0.8732385635375977,0.20899909734725952
1282,482,0.6202899789637264,-0.8998281,0.09217324203811574,0.0375075456500054,0.06637253911234428,0.42089444398880005,0.25409042835235596,0.42089444398880005,0.25409042835235596,0.5472384691238403,0.5770207643508911,0.25409042835235596,0.1797313094139099,0.25409042835235596,0.1797313094139099,0.3155371844768524,0.24780991673469543
1283,482,-1.455786789957905,-1.4457482,0.16158048349743068,0.219475745682915,0.04134087533379582,0.6248535513877869,0.7493674159049988,0.6248535513877869,0.7493674159049988,1.1148052215576172,0.7493674159049988,0.4434840679168701,0.33752667903900146,0.4434840679168701,0.33752667903900146,0.5964257717132568,0.5130349397659302
1284,482,0.3154120245715253,-1.1845771,0.2522716069718205,0.3253471417228384,0.3322816484669844,1.4314100742340088,0.8660807609558105,1.4314100742340088,0.8660807609558105,2.9579954147338867,0.8660807609558105,0.4084056615829468,0.08669543266296387,0.4084056615829468,0.08669543266296387,0.6884527802467346,0.17811578512191772
1285,482,1.7862455112903477,-1.0602257,0.06288794397686903,0.31094165111581473,0.6078845943448444,2.4656143188476562,0.7815264463424683,2.4656143188476562,0.7815264463424683,2.2245397567749023,0.7815264463424683,0.7204428911209106,0.18010824918746948,0.7204428911209106,0.18010824918746948,0.6480456590652466,0.13265728950500488
1286,482,-1.2459813693978976,-0.27418286,0.2689659528434276,0.14151695802807773,0.5198978620767593,0.2555285692214966,0.07570141553878784,0.2555285692214966,0.07570141553878784,0.25684285163879395,0.07570141553878784,0.2555285692214966,0.47020697593688965,0.2555285692214966,0.47020697593688965,0.27574971318244934,0.44718390703201294
1287,482,-0.3373558616056626,-0.6491934,0.28516107865919677,0.23553523605068527,0.2911847331995765,1.9765901565551758,0.35259565711021423,1.9765901565551758,0.35259565711021423,2.0059456825256348,0.35259565711021423,0.6668974757194519,0.0556640625,0.6668974757194519,0.0556640625,0.5609995126724243,0.13321232795715332
1288,482,0.9256583238119794,0.50165415,0.03203518159687513,0.9073894000053406,0.5423566929250956,0.7291172742843628,0.5079764127731323,0.7291172742843628,0.5079764127731323,0.14784574508666992,0.6946896910667419,0.7291172742843628,0.2632334232330322,0.7291172742843628,0.2632334232330322,0.8118269443511963,0.14783382415771484
1289,482,-1.7731082454226064,0.23712423,0.15239345890780298,0.20567474218706283,1.0625757523377737,0.9256405830383301,0.5538445711135864,0.9256405830383301,0.5538445711135864,0.4608552157878876,0.5538445711135864,0.9256405830383301,0.05935049057006836,0.9256405830383301,0.05935049057006836,0.7629655003547668,0.3572632074356079
1290,482,0.5099790633791743,-0.69027174,0.3375548325261722,0.14933533659825737,0.1698997980014733,0.11453831195831299,0.11453831195831299,0.11453831195831299,0.11453831195831299,1.7691926956176758,0.4299767315387726,0.11453831195831299,0.06423527002334595,0.11453831195831299,0.06423527002334595,0.223732128739357,0.31764355301856995
1291,482,-0.5703646799750506,-0.48105747,0.147164394830664,0.4166014180208246,0.06492004045595723,0.25765353441238403,0.004527568817138672,0.25765353441238403,0.004527568817138672,0.33510610461235046,0.004527568817138672,0.25765353441238403,0.21039241552352905,0.25765353441238403,0.21039241552352905,0.13109055161476135,0.37617725133895874
1292,482,-0.731845400392567,-0.29955924,0.2126040914530556,0.33128394170974707,0.6090306864368418,0.3401331305503845,0.048707664012908936,0.3401331305503845,0.048707664012908936,1.0671387910842896,0.048707664012908936,0.3401331305503845,0.06344911456108093,0.3401331305503845,0.06344911456108093,0.22513538599014282,0.3552214503288269
1293,482,0.7395897303062019,-0.876482,0.07985371910035594,0.2908598124235871,0.4205121017992497,1.9089473485946655,0.659748911857605,1.9089473485946655,0.659748911857605,1.7728641033172607,0.659748911857605,0.7291669249534607,0.08013647794723511,0.7291669249534607,0.08013647794723511,0.6467268466949463,0.04879915714263916
1294,482,0.4537994874013495,-0.24504767,0.08189753426238872,0.01739902147091943,0.6894217391032724,0.282126784324646,0.0012290477752685547,0.282126784324646,0.0012290477752685547,0.011490002274513245,0.0012290477752685547,0.282126784324646,0.21878549456596375,0.282126784324646,0.21878549456596375,0.23270553350448608,0.2810775935649872
1295,482,0.5229068643528778,-0.44245416,0.34298079998542885,0.08865769354005648,0.04985358187307898,0.12046492099761963,0.12046492099761963,0.12046492099761963,0.12046492099761963,0.44206011295318604,0.05111938714981079,0.12046492099761963,0.1964917629957199,0.12046492099761963,0.1964917629957199,0.08579215407371521,0.2977909445762634
1296,482,1.477539263588325,-0.2931406,0.2843926223864158,0.46777468615521967,0.10758430146922693,0.21086329221725464,0.2598174810409546,0.21086329221725464,0.2598174810409546,0.22928476333618164,0.2598174810409546,0.21086329221725464,0.4817015528678894,0.21086329221725464,0.4817015528678894,0.23534038662910461,0.4426259398460388
1297,482,-0.2666441819757161,0.7480396,0.27621634156753627,0.4596702796344957,0.7280508818974099,0.5594116449356079,0.7978200316429138,0.5594116449356079,0.7978200316429138,0.6248059272766113,0.7978200316429138,0.5594116449356079,0.04719972610473633,0.5594116449356079,0.04719972610473633,0.6459174156188965,0.1468878984451294
1298,482,0.1316559530723739,0.53328556,0.36518829528242347,0.3573719332180917,0.45758492706343545,0.30405449867248535,0.6833974719047546,0.30405449867248535,0.6833974719047546,0.21712303161621094,0.6833974719047546,0.2691212296485901,0.18707770109176636,0.2691212296485901,0.18707770109176636,0.3757164180278778,0.29051893949508667
1299,482,1.780356851702387,0.5687934,0.1717685155694686,0.7435967964803178,0.624014143248399,0.5609720349311829,0.5306955575942993,0.5609720349311829,0.5306955575942993,0.27795472741127014,0.8231996893882751,0.5609720349311829,0.02675044536590576,0.5609720349311829,0.02675044536590576,0.7064432501792908,0.18593920767307281
1300,482,1.8454014042289464,0.661927,0.23810659654438493,0.24581819221377355,1.1159273536503314,1.0017540454864502,0.9395829439163208,1.0017540454864502,0.9395829439163208,0.34268224239349365,0.9395829439163208,1.0017540454864502,0.018409430980682373,1.0017540454864502,0.018409430980682373,0.9616820812225342,0.0598205029964447
1301,482,-0.5029020969292138,-0.055857383,0.4071951618914803,0.20162209452440333,0.13737657797833303,0.23968514800071716,0.23968514800071716,0.23968514800071716,0.23968514800071716,0.22507327795028687,0.27513042092323303,0.23968514800071716,0.14419952034950256,0.23968514800071716,0.14419952034950256,0.2574077844619751,0.1233227401971817
1302,482,2.0018698829155572,0.6294389,0.4242050011207661,0.7429378955562908,0.40895568040510044,0.505486011505127,0.7608911991119385,0.505486011505127,0.7608911991119385,0.7389084696769714,0.7608911991119385,0.5256531238555908,0.05674731731414795,0.5256531238555908,0.05674731731414795,0.6432721614837646,0.1378617286682129
1303,482,1.3462791710248423,1.6397376,0.16800602911661056,0.9677443095544973,1.4705320653940244,1.1824920177459717,1.8659452199935913,1.1824920177459717,1.8659452199935913,1.8953509330749512,1.8659452199935913,1.2449030876159668,0.010975480079650879,1.2449030876159668,0.010975480079650879,1.5911762714385986,0.24574249982833862
1304,482,0.4465576197346099,0.9907536,0.22747656664500615,0.09654877501229464,1.2454617489005129,0.8586544990539551,0.9772726893424988,0.8586544990539551,0.9772726893424988,1.0605708360671997,0.9772726893424988,0.9501523375511169,0.12386506795883179,0.9501523375511169,0.12386506795883179,1.0526444911956787,0.17259812355041504
1305,482,3.2964348781563535,0.44161415,0.374415194094181,0.765472670197487,0.050007518082857194,0.6146924495697021,0.8171499371528625,0.6146924495697021,0.8171499371528625,0.7149564623832703,0.8171499371528625,0.6146924495697021,0.27652138471603394,0.6146924495697021,0.27652138471603394,0.71592116355896,0.20815342664718628
1306,482,0.9041204321576056,1.5484985,0.28299593952794844,0.7399069338043531,1.3848966864993173,1.0243396759033203,1.6550594568252563,1.0243396759033203,1.6550594568252563,1.3064632415771484,1.6550594568252563,1.0243396759033203,0.029074907302856445,1.0243396759033203,0.029074907302856445,1.3026511669158936,0.1790395975112915
1307,482,2.127229213159853,1.0242566,0.5471994184000261,0.360159302702717,0.9842209917524208,0.15018105506896973,1.1262481212615967,0.15018105506896973,1.1262481212615967,0.20525217056274414,1.1262481212615967,0.5286886692047119,0.08361482620239258,0.5286886692047119,0.08361482620239258,0.7456762790679932,0.15965434908866882
1308,482,3.086322266547554,1.3288603,0.26033377165595706,1.2123719467471041,0.5344552326450744,1.0376802682876587,1.1278326511383057,1.0376802682876587,1.1278326511383057,0.10917472839355469,1.400050163269043,1.0376802682876587,0.002377748489379883,1.0376802682876587,0.002377748489379883,1.1704405546188354,0.1268627643585205
1309,482,2.0679886785236556,1.6079749,0.1910497474794588,0.44952633300175293,1.6730274574210244,1.2222176790237427,1.8185514211654663,1.2222176790237427,1.8185514211654663,0.7711591720581055,1.8185514211654663,1.2222176790237427,0.18848443031311035,1.2222176790237427,0.18848443031311035,1.3885414600372314,0.1053197979927063
1310,482,4.195242545065101,1.1651891,0.46535001431902256,0.8159169758607943,0.7818989917387564,0.2763638496398926,0.8653486967086792,0.2763638496398926,0.8653486967086792,0.277640700340271,1.470550537109375,0.5569632053375244,0.07138621807098389,0.5569632053375244,0.07138621807098389,0.8244693279266357,0.422701895236969
1311,482,3.2731513017760454,2.0074813,0.23141002610325812,1.1361666256934406,1.3745312505215406,0.4056241512298584,2.142631769180298,0.4056241512298584,2.142631769180298,1.3320612907409668,2.142631769180298,0.9047574996948242,0.1768970489501953,0.9047574996948242,0.1768970489501953,1.409358024597168,0.4201972484588623
1312,482,2.1036291491015446,1.8963268,0.18533505699286845,0.7120076374026634,1.6182532573180897,0.5917965173721313,2.057955503463745,0.5917965173721313,2.057955503463745,0.5792944431304932,2.057955503463745,1.1922374963760376,0.4047830104827881,1.1922374963760376,0.4047830104827881,1.4520127773284912,0.29992538690567017
1313,482,3.1204437237219844,2.1278703,0.340853990962108,1.292005602748444,1.1970969274577992,0.9459956884384155,1.0844676494598389,0.9459956884384155,1.0844676494598389,0.9204806089401245,2.3379178047180176,0.9459956884384155,0.11005425453186035,0.9459956884384155,0.11005425453186035,1.4412513971328735,0.539781928062439
1314,482,2.1486200145458265,2.4855022,0.23135780638704695,1.1084821980881192,1.9490720945286255,1.1773324012756348,2.6570651531219482,1.1773324012756348,2.6570651531219482,2.000012159347534,2.6570651531219482,1.1773324012756348,0.30093979835510254,1.1773324012756348,0.30093979835510254,1.76259183883667,0.3117929697036743
1315,482,4.080933023506826,2.2523906,0.23874175836642575,0.8055481402327613,1.9132457944502437,1.6731235980987549,2.4825007915496826,1.6731235980987549,2.4825007915496826,1.9656877517700195,2.4825007915496826,1.6731235980987549,0.23493099212646484,1.6731235980987549,0.23493099212646484,1.9686000347137451,0.3152672052383423
1316,482,3.954447694685669,2.1425593,0.3477303719023861,1.1064979306484262,1.3720183057958883,0.4748879671096802,2.4101436138153076,0.4748879671096802,2.4101436138153076,1.5104693174362183,2.4101436138153076,1.1174132823944092,0.05401754379272461,1.1174132823944092,0.05401754379272461,1.6249773502349854,0.5009737014770508
1317,482,4.585142833896626,2.3850195,0.3537065360508862,0.8854384027235205,1.7759064663201571,0.8706138134002686,2.58558988571167,0.8706138134002686,2.58558988571167,0.937018871307373,2.58558988571167,1.443216323852539,0.1872692108154297,1.443216323852539,0.1872692108154297,1.7859784364700317,0.40482330322265625
1318,482,4.024715307765758,2.4708803,0.5966885706968608,1.4124329341575503,1.3282929351367054,0.9459879398345947,1.2650163173675537,0.9459879398345947,1.2650163173675537,1.0457206964492798,2.6140637397766113,0.9459879398345947,0.09019994735717773,0.9459879398345947,0.09019994735717773,1.4562407732009888,0.5938996076583862
1319,482,4.938088445050351,3.1216815,0.38400349620729735,1.236198662929236,2.2636639481782916,1.375478744506836,3.274888038635254,1.375478744506836,3.274888038635254,2.4031529426574707,3.274888038635254,1.7078654766082764,0.22802495956420898,1.7078654766082764,0.22802495956420898,2.266514778137207,0.49043309688568115
1320,482,4.198295972678952,3.3089886,0.4264069804293098,1.4914833194692618,2.0920238110725773,1.0979406833648682,3.321974277496338,1.0979406833648682,3.321974277496338,2.5885825157165527,3.321974277496338,1.452212929725647,0.24523615837097168,1.452212929725647,0.24523615837097168,2.1854054927825928,0.6647317409515381
1321,482,3.959726426160169,3.3663244,0.49355931416153975,1.196568060815334,2.36421382650733,1.4010593891143799,3.4614570140838623,1.4010593891143799,3.4614570140838623,2.3886101245880127,3.4614570140838623,1.616481065750122,0.11368823051452637,1.616481065750122,0.11368823051452637,2.2373290061950684,0.42878448963165283
1322,482,3.1134238323195067,3.5659163,0.6204409921231369,1.5211053652052453,2.1862302791622157,1.0874671936035156,3.7369775772094727,1.0874671936035156,3.7369775772094727,2.6403353214263916,3.7369775772094727,1.6959869861602783,0.01613593101501465,1.6959869861602783,0.01613593101501465,2.450204610824585,0.6362584829330444
1323,482,4.6251127723061485,3.4394195,0.5104145693530642,1.3045884070297076,2.3703443871190153,1.6443617343902588,3.6828808784484863,1.6443617343902588,3.6828808784484863,2.812253713607788,3.6828808784484863,1.6443617343902588,0.0027146339416503906,1.6443617343902588,0.0027146339416503906,2.3463082313537598,0.43971264362335205
1324,482,1.8438103644253456,3.7672873,0.49904249619692553,1.4456075033172966,2.4946314191073182,1.9976027011871338,3.7973785400390625,1.9976027011871338,3.7973785400390625,3.399480104446411,3.7973785400390625,1.9976027011871338,0.039366722106933594,1.9976027011871338,0.039366722106933594,2.7273521423339844,0.6798217296600342
1325,482,1.8638495528979473,3.3495502,0.6143204062804584,1.1045772698521616,2.3871857249364257,1.5362128019332886,3.548058032989502,1.5362128019332886,3.548058032989502,2.128804922103882,3.548058032989502,1.9742984771728516,0.27038049697875977,1.9742984771728516,0.27038049697875977,2.4891016483306885,0.7798731327056885
1326,482,2.34047008689026,3.7242477,0.4431619809816283,1.7639612226622794,2.1580013101982574,0.6806774139404297,3.861416816711426,0.6806774139404297,3.861416816711426,2.6591362953186035,3.861416816711426,1.8031978607177734,0.16534852981567383,1.8031978607177734,0.16534852981567383,2.730203151702881,0.9845179319381714
1327,482,1.445999957780938,3.414422,0.348350042163704,0.8727490812291698,2.597368009074903,2.6796457767486572,3.4948654174804688,2.6796457767486572,3.4948654174804688,2.2580223083496094,3.4948654174804688,2.6796457767486572,0.01055455207824707,2.6796457767486572,0.01055455207824707,2.971101760864258,0.35621047019958496
1328,482,1.8395147493357769,2.1449878,0.5205208133906125,0.9317732327990236,1.4201341032423076,0.9067527055740356,2.250223159790039,0.9067527055740356,2.250223159790039,1.4498924016952515,2.250223159790039,1.2507389783859253,0.3879050016403198,1.2507389783859253,0.3879050016403198,1.5815529823303223,0.795024037361145
1329,482,2.8295881453791836,1.9649231,0.3814819989850129,0.9628930228700241,1.3666967438658078,0.9940186738967896,2.1515729427337646,0.9940186738967896,2.1515729427337646,1.771952509880066,2.1515729427337646,1.3150367736816406,0.22773075103759766,1.3150367736816406,0.22773075103759766,1.6613357067108154,0.6867375373840332
1330,482,2.1719891089127588,2.0946836,0.348420209897061,0.6737434657042223,1.5322269566108786,1.581261157989502,2.215078115463257,1.581261157989502,2.215078115463257,1.7565186023712158,2.215078115463257,1.581261157989502,0.22598481178283691,1.581261157989502,0.22598481178283691,1.7961887121200562,0.5507020950317383
1331,482,1.0760791199523747,1.6742088,0.609650254199902,0.782993001571546,0.894300626932333,0.0391230583190918,1.8031337261199951,0.0391230583190918,1.8031337261199951,0.34269440174102783,1.8031337261199951,0.9461402893066406,0.4076434373855591,0.9461402893066406,0.4076434373855591,1.204687237739563,0.7622752785682678
1332,482,1.0594830609324482,2.3348649,0.4402693497203294,1.1256211905553934,1.2695540484599768,0.6165304183959961,2.457106590270996,0.6165304183959961,2.457106590270996,1.6728007793426514,2.457106590270996,1.4228754043579102,0.2467358112335205,1.4228754043579102,0.2467358112335205,1.842777132987976,0.832188606262207
1333,482,1.90280981924224,2.5306144,0.2852058160863815,0.9832257113233209,1.6942260327003895,1.844696044921875,2.6805734634399414,1.844696044921875,2.6805734634399414,2.353215456008911,2.6805734634399414,1.844696044921875,0.12805414199829102,1.844696044921875,0.12805414199829102,2.1930456161499023,0.5980984568595886
1334,482,0.8819017908502931,1.5748369,0.21776452491680787,0.4694000817338626,1.1579778950164714,1.344961166381836,1.7624164819717407,1.344961166381836,1.7624164819717407,1.339253544807434,1.7624164819717407,1.344961166381836,0.18483364582061768,1.344961166381836,0.18483364582061768,1.4940344095230103,0.4145820438861847
1335,482,1.7875592729630254,1.0107296,0.38451715158919497,0.5153325919310252,0.7510153003285327,0.15900033712387085,1.207750916481018,0.15900033712387085,1.207750916481018,0.24183601140975952,1.207750916481018,0.6564605236053467,0.2923371195793152,0.6564605236053467,0.2923371195793152,0.8225104212760925,0.48806077241897583
1336,482,1.7770667464502088,1.4129257,0.2862324637671312,0.7929398085673651,0.9126664169629415,0.15787863731384277,1.4880427122116089,0.15787863731384277,1.4880427122116089,0.88795405626297,1.4880427122116089,0.7571384310722351,0.1220095157623291,0.7571384310722351,0.1220095157623291,1.0690429210662842,0.49121928215026855
1337,482,1.4769650708244042,1.3697702,0.37750285928448024,0.4331679181506235,1.1408396853258211,0.998802900314331,1.4511381387710571,0.998802900314331,1.4511381387710571,0.9577673673629761,1.4511381387710571,0.998802900314331,0.1953263282775879,0.998802900314331,0.1953263282775879,1.1157779693603516,0.3660948872566223
1338,482,1.615091423233376,1.2751341,0.36591469832696033,0.7500468808878215,0.6636319984681902,0.6665942668914795,0.9221780896186829,0.6665942668914795,0.9221780896186829,0.6533566117286682,1.3729143142700195,0.6665942668914795,0.2831347584724426,0.6665942668914795,0.2831347584724426,0.9032909870147705,0.5586019158363342
1339,482,3.363446948169516,1.8103404,0.35299033888926123,0.9877583641683061,1.2933255712439617,1.1414227485656738,2.041522979736328,1.1414227485656738,2.041522979736328,1.8337880373001099,2.041522979736328,1.1414227485656738,0.1744229793548584,1.1414227485656738,0.1744229793548584,1.4894187450408936,0.5898662209510803
1340,482,2.5469096815126826,1.7830268,0.36747190435106547,0.5845948765302695,1.1107628846603137,1.1299138069152832,1.8514742851257324,1.1299138069152832,1.8514742851257324,1.5441699028015137,1.8514742851257324,1.1299138069152832,0.26593780517578125,1.1299138069152832,0.26593780517578125,1.3821290731430054,0.5978528261184692
1341,482,0.8232444130279457,1.7631583,0.5741042944913111,0.7567833081011971,1.025943286096056,0.21446681022644043,1.850509762763977,0.21446681022644043,1.850509762763977,0.2628507614135742,1.850509762763977,0.8925097584724426,0.4717499017715454,0.8925097584724426,0.4717499017715454,1.1711502075195312,0.7954631447792053
1342,482,0.3467642519834526,2.4799402,0.5341455103084449,1.2982112517580386,1.1548051269352435,1.1958571672439575,1.6153020858764648,1.1958571672439575,1.6153020858764648,1.106594443321228,2.6168694496154785,1.1958571672439575,0.2649409770965576,1.1958571672439575,0.2649409770965576,1.7209088802337646,0.8743218183517456
1343,482,1.753194974405469,2.6268113,0.27279920482387165,1.0578573566799356,1.90268156071504,1.8278849124908447,2.7177200317382812,1.8278849124908447,2.7177200317382812,2.367880344390869,2.7177200317382812,1.8278849124908447,0.091064453125,1.8278849124908447,0.091064453125,2.2108068466186523,0.5572130680084229
1344,482,1.3866464390315003,1.4191186,0.2024440517400703,0.42646672879656133,1.3379783275847634,1.290423035621643,1.5371845960617065,1.290423035621643,1.5371845960617065,1.0501813888549805,1.5371845960617065,1.290423035621643,0.06972455978393555,1.290423035621643,0.06972455978393555,1.3927103281021118,0.24039220809936523
1345,482,1.9164111196092792,0.74066365,0.43462001052995525,0.30451635440190605,0.628912839119633,0.07402908802032471,0.8298779129981995,0.07402908802032471,0.8298779129981995,0.23224139213562012,0.8298779129981995,0.5258029699325562,0.13302081823349,0.5258029699325562,0.13302081823349,0.6303485035896301,0.2765936255455017
1346,482,2.8312706810105217,0.9092628,0.3463591696321965,0.6507176414877176,0.2518974640220405,0.6409717798233032,0.8618108630180359,0.6409717798233032,0.8618108630180359,0.8020169734954834,0.8618108630180359,0.6409717798233032,0.22533679008483887,0.6409717798233032,0.22533679008483887,0.7513912916183472,0.34751641750335693
1347,482,2.353507839210009,1.7063328,0.48512092522655936,0.7358113145207363,1.1981615167049071,0.9456334114074707,1.8645657300949097,0.9456334114074707,1.8645657300949097,1.2745513916015625,1.8645657300949097,1.0428617000579834,0.3197157382965088,1.0428617000579834,0.3197157382965088,1.2966840267181396,0.6274435520172119
1348,482,2.8007652999297425,1.8515766,0.6536487845331429,0.911025420501828,1.1529388923943045,0.03241932392120361,1.9557899236679077,0.03241932392120361,1.9557899236679077,0.31128931045532227,1.9557899236679077,0.8916863799095154,0.4269731044769287,0.8916863799095154,0.4269731044769287,1.2179142236709595,0.7987916469573975
1349,482,2.5965047409997113,2.545913,0.6188620708758634,1.1630118160198133,1.3881594895447296,0.5615863800048828,2.656017541885376,0.5615863800048828,2.656017541885376,1.6633248329162598,2.656017541885376,1.2126095294952393,0.3212122917175293,1.2126095294952393,0.3212122917175293,1.7489558458328247,0.8793078660964966
1350,482,1.4698120654611078,2.6788344,0.5164915914957722,0.9677980344494186,1.6798621587579445,1.636812686920166,2.8255505561828613,1.636812686920166,2.8255505561828613,2.3093717098236084,2.8255505561828613,1.636812686920166,0.21257281303405762,1.636812686920166,0.21257281303405762,2.051945924758911,0.6697832345962524
1351,482,2.5479528131709492,2.7439108,0.44588216525812907,0.9634877972801528,1.4120605481912696,1.027825117111206,2.783029794692993,1.027825117111206,2.783029794692993,2.208926200866699,2.783029794692993,1.338777780532837,0.2973318099975586,1.338777780532837,0.2973318099975586,1.9019641876220703,0.8327117562294006
1352,482,2.4133273191050253,2.6218178,0.3192555619031192,0.975633460059762,1.66995375841856,1.6565338373184204,2.7125139236450195,1.6565338373184204,2.7125139236450195,2.473520517349243,2.7125139236450195,1.6565338373184204,0.15089058876037598,1.6565338373184204,0.15089058876037598,2.0945751667022705,0.6609910130500793
1353,482,0.2520038074559076,2.3094833,0.4737073165799184,0.6937225967707732,1.5993503104957438,1.5629956722259521,2.369359254837036,1.5629956722259521,2.369359254837036,1.6792353391647339,2.369359254837036,1.5629956722259521,0.2533993721008301,1.5629956722259521,0.2533993721008301,1.8017476797103882,0.5743666887283325
1354,482,1.464332930880467,1.9704995,0.47702804519484454,0.9304994449640311,1.0331437789897127,0.24399876594543457,2.0749378204345703,0.24399876594543457,2.0749378204345703,1.0791974067687988,2.0749378204345703,1.0126124620437622,0.34166526794433594,1.0126124620437622,0.34166526794433594,1.3948900699615479,0.7806330919265747
1355,482,1.6138584782746637,2.4751503,0.20215403779099406,1.0041574982057013,1.6275574418778223,1.6780920028686523,2.4857864379882812,1.6780920028686523,2.4857864379882812,2.4228670597076416,2.4857864379882812,1.6780920028686523,0.045295000076293945,1.6780920028686523,0.045295000076293945,2.067720890045166,0.5342292189598083
1356,482,0.7045388589748816,1.6297414,0.3571745193873841,0.18921582707514362,1.3756669935335717,1.5220673084259033,1.8530303239822388,1.5220673084259033,1.8530303239822388,1.6180922985076904,1.8530303239822388,1.5220673084259033,0.12519490718841553,1.5220673084259033,0.12519490718841553,1.652157187461853,0.24827224016189575
1357,482,-0.1286657457468418,0.7703736,0.34323040199155597,0.630224674648295,0.22375150899092355,0.5191335678100586,0.8164747357368469,0.5191335678100586,0.8164747357368469,0.7696377038955688,0.8164747357368469,0.5711201429367065,0.161218523979187,0.5711201429367065,0.161218523979187,0.6937974691390991,0.30656108260154724
1358,482,0.3629970513262123,1.5100212,0.23205277812977676,0.6892998716359333,0.9888976401214797,0.895719587802887,1.6049096584320068,0.895719587802887,1.6049096584320068,1.4336543083190918,1.6049096584320068,0.9954846501350403,0.12749862670898438,0.9954846501350403,0.12749862670898438,1.2535988092422485,0.45596766471862793
1359,482,0.3299754328235914,0.936094,0.08611632914592837,0.34452859559406845,0.8555567896862823,0.8986243605613708,1.0768580436706543,0.8986243605613708,1.0768580436706543,0.8401237726211548,1.0768580436706543,0.8986243605613708,0.026031017303466797,0.8986243605613708,0.026031017303466797,0.9967873096466064,0.1382451355457306
1360,482,0.6130965780759099,0.18230315,0.09690239997580646,0.016480231732130035,0.37420982925221324,0.3640626072883606,0.3834598660469055,0.3640626072883606,0.3834598660469055,0.367684543132782,0.3834598660469055,0.3640626072883606,0.05030180513858795,0.3640626072883606,0.05030180513858795,0.3944423496723175,0.03580160439014435
1361,482,0.1362733994027479,0.055605188,0.14995009173949553,0.22693713565667473,0.047268957098325126,0.09891140460968018,0.146927148103714,0.09891140460968018,0.146927148103714,0.1421276330947876,0.146927148103714,0.09891140460968018,0.058776259422302246,0.09891140460968018,0.058776259422302246,0.12291927635669708,0.032499104738235474
1362,482,1.209215908682551,0.2314709,0.13086663080379368,0.16647357989102607,0.21665124991908669,0.05880485475063324,0.3481142520904541,0.05880485475063324,0.3481142520904541,0.07249686121940613,0.3481142520904541,0.18354380130767822,0.09131273627281189,0.18354380130767822,0.09131273627281189,0.22789381444454193,0.1378561407327652
1363,482,1.854530930831087,0.22764324,0.05107360556721688,0.11720881879329678,0.07498781405389313,0.17004767060279846,0.18862150609493256,0.17004767060279846,0.18862150609493256,0.19133982062339783,0.332010418176651,0.17004767060279846,0.021120935678482056,0.17004767060279846,0.021120935678482056,0.24236904084682465,0.10119319707155228
1364,482,0.0060476741427846,0.42972714,0.29381101320187253,0.14256113390127811,0.42530194366971646,0.009626448154449463,0.543813943862915,0.009626448154449463,0.543813943862915,0.21255052089691162,0.543813943862915,0.33023834228515625,0.046504437923431396,0.33023834228515625,0.046504437923431396,0.417703777551651,0.14732582867145538
1365,482,1.544512722898426,0.7797758,0.40502558593017357,0.47195160900553046,0.12045233120520926,0.21941035985946655,0.7926532626152039,0.21941035985946655,0.7926532626152039,0.5736669301986694,0.7926532626152039,0.46149080991744995,0.08754271268844604,0.46149080991744995,0.08754271268844604,0.6270720362663269,0.2697463035583496
1366,482,0.555232094054645,1.2434478,0.12913357965648165,0.6946929136663673,0.8967234729230407,0.372808575630188,1.3354697227478027,0.372808575630188,1.3354697227478027,1.0155481100082397,1.3354697227478027,0.786087155342102,0.0013382434844970703,0.786087155342102,0.0013382434844970703,1.0603783130645752,0.35478806495666504
1367,482,0.3249954043896176,1.0428278,0.3111336600283783,0.087248840505878,0.9238492301354807,0.9845682382583618,1.183459758758545,0.9845682382583618,1.183459758758545,1.1431479454040527,1.183459758758545,0.9845682382583618,0.0024515390396118164,0.9845682382583618,0.0024515390396118164,1.0832197666168213,0.14619070291519165
1368,482,1.3006658198213097,0.5515863,0.2109585138658684,0.5443018786857525,0.024071503157416907,0.5240858793258667,0.6149929761886597,0.5240858793258667,0.6149929761886597,0.45173418521881104,0.6149929761886597,0.5240858793258667,0.003521263599395752,0.5240858793258667,0.003521263599395752,0.5695394277572632,0.05903586745262146
1369,482,1.6571375189351671,1.0652801,0.0795853392034771,0.13816899240016933,0.7055940257012843,0.8335751891136169,1.0578958988189697,0.8335751891136169,1.0578958988189697,0.693290650844574,1.0578958988189697,0.8335751891136169,0.07076030969619751,0.8335751891136169,0.07076030969619751,0.9162308573722839,0.17866909503936768
1370,482,1.9021402182815816,0.40827465,0.23605490746597446,0.15932878906528158,0.3130807958791654,0.10761451721191406,0.5548861026763916,0.10761451721191406,0.5548861026763916,0.10168540477752686,0.5548861026763916,0.2888568043708801,0.10611867904663086,0.2888568043708801,0.10611867904663086,0.37890177965164185,0.20347842574119568
1371,482,1.7630634009834458,0.7896069,0.3474046965440114,0.48963426192601517,0.21559962977965674,0.32209527492523193,0.6945711374282837,0.32209527492523193,0.6945711374282837,0.5920308232307434,0.6945711374282837,0.43802809715270996,0.20427268743515015,0.43802809715270996,0.20427268743515015,0.5662996172904968,0.34473249316215515
1372,482,3.0810680962488437,1.4653343,0.4017453732186307,0.5974930465066186,0.6574213994046051,0.4220144748687744,1.6226043701171875,0.4220144748687744,1.6226043701171875,0.9519597887992859,1.6226043701171875,0.7702576518058777,0.41179800033569336,0.7702576518058777,0.41179800033569336,1.0446289777755737,0.7324026823043823
1373,482,2.0419969076063387,2.0332055,0.417041632172962,0.8976866626118618,1.10149995615085,0.9412658214569092,2.1218748092651367,0.9412658214569092,2.1218748092651367,1.7033487558364868,2.1218748092651367,1.1042180061340332,0.30232763290405273,1.1042180061340332,0.30232763290405273,1.4667470455169678,0.7564073801040649
1374,482,3.0844210964453125,2.1083152,0.4987296372279524,0.6650101580098269,1.2537272527813914,0.33960628509521484,2.1014509201049805,0.33960628509521484,2.1014509201049805,0.49578070640563965,2.1014509201049805,1.0320035219192505,0.32528364658355713,1.0320035219192505,0.32528364658355713,1.3429250717163086,0.6749323010444641
1375,482,0.4370561203205159,2.3144004,0.41469996153066546,1.041092395881812,1.1171716729427374,0.2547438144683838,2.4722352027893066,0.2547438144683838,2.4722352027893066,1.435649037361145,2.4722352027893066,1.1494314670562744,0.3198035955429077,1.1494314670562744,0.3198035955429077,1.6692842245101929,0.9389389157295227
1376,482,0.1652583288995344,2.5050654,0.46823596029231895,0.8398886423433827,1.6224736251930394,1.379029393196106,2.6165692806243896,1.379029393196106,2.6165692806243896,1.7435827255249023,2.6165692806243896,1.380761742591858,0.2024707794189453,1.380761742591858,0.2024707794189453,1.7442314624786377,0.6160203814506531
1377,482,2.4891736981061157,1.9014134,0.16010073008636683,1.0125756749014054,1.0512549291799465,0.5661470890045166,2.092313766479492,0.5661470890045166,2.092313766479492,1.5343575477600098,2.092313766479492,1.2008512020111084,0.1126253604888916,1.2008512020111084,0.1126253604888916,1.6273019313812256,0.5951523780822754
1378,482,1.6358413922535608,1.70831,0.07023665916174604,0.13588463343679935,1.5614920532330872,1.6888686418533325,1.8295629024505615,1.6888686418533325,1.8295629024505615,1.0118465423583984,1.8295629024505615,1.6888686418533325,0.031392812728881836,1.6888686418533325,0.031392812728881836,1.7480762004852295,0.11936098337173462
1379,482,1.1663827246880958,0.62834144,0.43326688920458145,0.14522415406381084,0.3029996073556444,0.38040584325790405,0.38040584325790405,0.38040584325790405,0.38040584325790405,0.5673619508743286,0.6912341713905334,0.38040584325790405,0.06270062923431396,0.38040584325790405,0.06270062923431396,0.5076637268066406,0.1919158399105072
1380,482,0.9699749213043268,1.205939,0.3592125949015218,0.8238817297418914,0.17053126422067488,0.9295462369918823,1.1628563404083252,0.9295462369918823,1.1628563404083252,1.0425931215286255,1.1628563404083252,0.9295462369918823,0.10990667343139648,0.9295462369918823,0.10990667343139648,1.046201229095459,0.25953197479248047
1381,482,0.8126109146770197,2.0981426,0.37771100394427837,0.7249567522108555,1.4662498153001067,1.3869149684906006,2.126009702682495,1.3869149684906006,2.126009702682495,1.667959451675415,2.126009702682495,1.3869149684906006,0.1979292631149292,1.3869149684906006,0.1979292631149292,1.6631141901016235,0.5420193672180176
1382,482,1.166254567009431,1.3404934,0.2675480207552512,0.5462391805400453,0.994807541867097,0.9232429265975952,1.407063364982605,0.9232429265975952,1.407063364982605,1.1357910633087158,1.407063364982605,0.9232429265975952,0.16580116748809814,0.9232429265975952,0.16580116748809814,1.1002552509307861,0.37217044830322266
1383,482,-1.6137092641903386,1.1169345,0.24386027152339618,0.38752348427350314,0.6424718789445858,0.6501479744911194,1.101385235786438,0.6501479744911194,1.101385235786438,0.9053568243980408,1.101385235786438,0.6501479744911194,0.16423159837722778,0.6501479744911194,0.16423159837722778,0.809381902217865,0.3439636528491974
1384,482,1.5468924055608606,0.8123375,0.3036993756766122,0.40260364680240546,0.5779756558934848,0.46770212054252625,1.035122275352478,0.46770212054252625,1.035122275352478,0.6264001131057739,1.035122275352478,0.5781271457672119,0.24097096920013428,0.5781271457672119,0.24097096920013428,0.7099999785423279,0.3916367292404175
1385,482,0.0271485943929257,0.3047331,0.22469990386317173,0.38109627356131864,0.45183572062601646,0.24495956301689148,0.4952303171157837,0.24495956301689148,0.4952303171157837,0.5498530864715576,0.4952303171157837,0.4234127104282379,0.2852399945259094,0.4234127104282379,0.2852399945259094,0.5656372308731079,0.19367298483848572
1386,482,-0.3452974748204576,0.22561951,0.30532974548637865,0.5043242204934357,0.6076382710039614,0.36141782999038696,0.2898463010787964,0.36141782999038696,0.2898463010787964,1.4210151433944702,0.2898463010787964,0.5230548977851868,0.25168925523757935,0.5230548977851868,0.25168925523757935,0.27851903438568115,0.3010942041873932
1387,482,-0.2238359530784112,-0.4782687,0.028040309951951115,0.495521459536006,0.6340278406875828,2.4062387943267822,0.32255470752716064,2.4062387943267822,0.32255470752716064,1.8826863765716553,0.32255470752716064,0.8086962699890137,0.002850353717803955,0.8086962699890137,0.002850353717803955,0.5674190521240234,0.19505299627780914
1388,482,-0.6093662668683774,0.63895696,0.050151463878961966,0.10652372636521834,0.7898136718772975,0.6995293498039246,0.6547148823738098,0.6995293498039246,0.6547148823738098,0.2712240219116211,0.6547148823738098,0.6995293498039246,0.05990433692932129,0.6995293498039246,0.05990433692932129,0.7032179832458496,0.05510544776916504
1389,482,-2.1925121917247905,-0.2980277,0.01338314014176531,0.083756518351535,0.12254744449009503,0.01280108094215393,0.11440032720565796,0.01280108094215393,0.11440032720565796,0.1981797218322754,0.11440032720565796,0.01280108094215393,0.02549406886100769,0.01280108094215393,0.02549406886100769,0.05017721652984619,0.07671797275543213
1390,482,-0.027090345041655,-0.4534388,0.03688561564932276,0.023081215185423623,0.06469480330745364,0.1964106261730194,0.2928401231765747,0.1964106261730194,0.2928401231765747,0.33620887994766235,0.2928401231765747,0.14441978931427002,0.05987098813056946,0.14441978931427002,0.05987098813056946,0.18728430569171906,0.10155265033245087
1391,482,-0.3151998061726329,-0.7327666,0.3495171653230986,0.03186829976116612,0.061387867672989704,0.6574774980545044,0.38080498576164246,0.6574774980545044,0.38080498576164246,0.7690232396125793,0.6571664214134216,0.38080498576164246,0.16652393341064453,0.38080498576164246,0.16652393341064453,0.4295065999031067,0.2100103348493576
1392,482,-0.0326882480032919,-0.9270207,0.010428800415247519,0.704575092624873,0.24301779784262167,1.2800559997558594,0.6509268283843994,1.2800559997558594,0.6509268283843994,1.896228313446045,0.9048768877983093,0.6462529301643372,0.005066990852355957,0.6462529301643372,0.005066990852355957,0.7731751799583435,0.12183281779289246
1393,482,-2.195873987579826,-1.0705285,0.008507824763655525,0.05454955339431755,0.998764021769166,2.0743086338043213,0.9903566837310791,2.0743086338043213,0.9903566837310791,2.085775852203369,0.9903566837310791,0.9336659908294678,0.04885435104370117,0.9336659908294678,0.04885435104370117,0.9375009536743164,0.05227923393249512
1394,482,-1.301193697396124,-0.12344588,0.06598706059157852,0.06710843365639446,0.05447642151266338,0.16179543733596802,0.08860735595226288,0.16179543733596802,0.08860735595226288,0.16617046296596527,0.08860735595226288,0.0849045068025589,0.01233699917793274,0.0849045068025589,0.01233699917793274,0.08675593137741089,0.014191631227731705
1395,482,-1.5240015071936486,-0.47735,0.25250937162588044,0.10798531213154405,0.05518665877481305,0.652215838432312,0.3241657316684723,0.652215838432312,0.3241657316684723,0.6604800224304199,0.3316231071949005,0.3241657316684723,0.11234432458877563,0.3241657316684723,0.11234432458877563,0.3278944194316864,0.11597087979316711
1396,482,-2.458961528308688,-0.91560614,0.14984635412693004,0.5568845427036286,0.06432892307639115,1.1282600164413452,0.7144208550453186,1.1282600164413452,0.7144208550453186,1.6575838327407837,0.7144208550453186,0.5284587144851685,0.010981082916259766,0.5284587144851685,0.010981082916259766,0.6214398145675659,0.08780515193939209
1397,482,-2.961415160056075,-1.4435742,0.21738629007091148,0.23251511660714919,0.7112791200106343,1.143273115158081,1.4297022819519043,1.143273115158081,1.4297022819519043,1.5203831195831299,1.4297022819519043,0.8221110105514526,0.31330323219299316,0.8221110105514526,0.31330323219299316,0.992393434047699,0.4850386083126068
1398,482,-1.2281393545831238,-1.3839872,0.376664257881542,0.3946636312206586,0.44864420325805754,0.5467211604118347,1.3207429647445679,0.5467211604118347,1.3207429647445679,1.0032410621643066,1.3207429647445679,0.5467211604118347,0.4100506901741028,0.5467211604118347,0.4100506901741028,0.7457684278488159,0.5874679088592529
1399,482,-2.177768296491689,-1.799347,0.3888300517201425,0.49841523811221145,0.35000121921300864,0.8796567320823669,1.0740470886230469,0.8796567320823669,1.0740470886230469,1.4542099237442017,1.0740470886230469,0.6638861894607544,0.6224706172943115,0.6638861894607544,0.6224706172943115,0.8689666390419006,0.8248721361160278
1400,482,-3.3429043014557727,-2.282392,0.22785545069724344,0.9415724251233044,0.9945877582021053,1.4657721519470215,2.207200527191162,1.4657721519470215,2.207200527191162,3.2520296573638916,2.207200527191162,1.0466854572296143,0.3189951181411743,1.0466854572296143,0.3189951181411743,1.5147228240966797,0.7722015380859375
1401,482,-1.7165932667672412,-1.9638999,0.3360150353610517,0.28735916968435093,1.013688280768692,1.7719883918762207,1.805206060409546,1.7719883918762207,1.805206060409546,2.3111512660980225,1.805206060409546,1.1731575727462769,0.4252215623855591,1.1731575727462769,0.4252215623855591,1.3273844718933105,0.6034228801727295
1402,482,-2.0335496397559627,-1.55774,0.49908214588959987,0.49824275830139764,0.41650558532526083,0.7994917631149292,0.5051378011703491,0.7994917631149292,0.5051378011703491,1.639741063117981,1.0358800888061523,0.5051378011703491,0.43857359886169434,0.5051378011703491,0.43857359886169434,0.7705089449882507,0.6960415244102478
1403,482,-2.510368471023137,-2.5034068,0.3061061880489191,0.8793570756663878,0.8110322588433823,1.6466107368469238,1.5435140132904053,1.6466107368469238,1.5435140132904053,2.69562029838562,2.359663724899292,1.1610034704208374,0.5081981420516968,1.1610034704208374,0.5081981420516968,1.6041953563690186,1.007412075996399
1404,482,-1.0083419458347405,-2.4521418,0.28719081456462536,0.4177971071625748,1.294378644252817,2.1153323650360107,2.3113348484039307,2.1153323650360107,2.3113348484039307,2.682142972946167,2.3113348484039307,1.5096783638000488,0.40546751022338867,1.5096783638000488,0.40546751022338867,1.7400799989700317,0.6725628972053528
1405,482,-1.7607862122179212,-1.8631351,0.43209549677868675,0.5433415907373036,0.5359682626028852,0.8084933757781982,1.1497132778167725,0.8084933757781982,1.1497132778167725,1.4304059743881226,1.7629919052124023,0.7129477262496948,0.5730860233306885,0.7129477262496948,0.5730860233306885,1.029063105583191,0.9022195339202881
1406,482,-3.73946439028192,-1.9887217,0.08734443551550353,0.6163239524761834,0.6250198872263231,1.3859959840774536,1.8825454711914062,1.3859959840774536,1.8825454711914062,2.612760543823242,1.8825454711914062,0.9724162817001343,0.2791860103607178,0.9724162817001343,0.2791860103607178,1.330683946609497,0.6842433214187622
1407,482,-1.6495246735250757,-1.6422321,0.29202318970114005,0.20926293894648573,0.9155238791182635,1.6044821739196777,1.6167917251586914,1.6044821739196777,1.6167917251586914,2.095031261444092,1.6167917251586914,1.0434620380401611,0.3453030586242676,1.0434620380401611,0.3453030586242676,1.1915348768234253,0.5122814178466797
1408,482,-2.778350734501661,-1.5572312,0.6150825275480748,0.3527053151931613,0.12851422616280606,1.0523760318756104,0.6293529868125916,1.0523760318756104,0.6293529868125916,1.6970961093902588,1.0625261068344116,0.6293529868125916,0.3766261339187622,0.6293529868125916,0.3766261339187622,0.8459395170211792,0.5918671488761902
1409,482,-1.9197973441392575,-2.4115613,0.2737118616948524,1.1472463394949834,0.7040514267484348,1.8125405311584473,1.6022224426269531,1.8125405311584473,1.6022224426269531,2.6132431030273438,2.2651679515838623,1.274003028869629,0.5081748962402344,1.274003028869629,0.5081748962402344,1.6230294704437256,0.8713610172271729
1410,482,-0.5935174998080601,-2.945191,0.4657429667686426,0.33982127127548045,1.5554466062163315,2.6688435077667236,2.8121426105499268,2.6688435077667236,2.8121426105499268,3.4153285026550293,2.8121426105499268,1.8308321237564087,0.5654187202453613,1.8308321237564087,0.5654187202453613,2.1023108959198,0.8649274706840515
1411,482,-1.9188704283625275,-1.7688576,0.3125616855422657,0.6899681175375978,0.45111663437137994,1.131373405456543,1.1601519584655762,1.131373405456543,1.1601519584655762,1.7938940525054932,1.7922598123550415,0.848402738571167,0.41311323642730713,0.848402738571167,0.41311323642730713,1.166114330291748,0.7521100640296936
1412,482,0.0540547431102615,-1.8499151,0.05929526521513906,0.4313879199946915,1.0873063949371378,2.113804340362549,1.81516432762146,2.113804340362549,1.81516432762146,3.231294631958008,1.81516432762146,1.1463871002197266,0.0959784984588623,1.1463871002197266,0.0959784984588623,1.425110936164856,0.31972622871398926
1413,482,0.5638812325847768,-1.3906888,0.25167135234922133,0.008092547170817532,0.5807824835926294,1.3987394571304321,1.3517253398895264,1.3987394571304321,1.3517253398895264,2.0493125915527344,1.3517253398895264,0.8085525035858154,0.17837631702423096,0.8085525035858154,0.17837631702423096,0.9819374680519104,0.35741472244262695
1414,482,0.0843324885948597,-0.74215674,0.03719280657668911,0.4152999105180304,0.08107674433539303,0.8538361191749573,0.39284974336624146,0.8538361191749573,0.39284974336624146,1.4650375843048096,0.6107538342475891,0.4008359909057617,0.008285164833068848,0.4008359909057617,0.008285164833068848,0.5099788904190063,0.09971785545349121
1415,482,-3.180166503769934,-0.7103253,0.15700453377018372,0.0963191413010161,0.665879605760177,1.9440984725952148,0.6383769512176514,1.9440984725952148,0.6383769512176514,1.8328897953033447,0.6383769512176514,0.7376692295074463,0.013250112533569336,0.7376692295074463,0.013250112533569336,0.695605456829071,0.05572551488876343
1416,482,-1.3229617306847,0.15226634,0.07565355730553475,0.26501043104877076,0.10780451142539577,0.1450006663799286,0.1572110652923584,0.1450006663799286,0.1572110652923584,0.017284438014030457,0.17587649822235107,0.1450006663799286,0.012665584683418274,0.1450006663799286,0.012665584683418274,0.15436358749866486,0.02253173291683197
1417,482,-2.0796497473847166,-0.3590085,0.5164683087170123,0.09734219826757895,0.2281698060780765,1.1206458806991577,0.5349607467651367,1.1206458806991577,0.5349607467651367,0.8623277544975281,0.2619311809539795,0.5349607467651367,0.020071208477020264,0.5349607467651367,0.020071208477020264,0.4095781743526459,0.13343346118927002
1418,482,-3.0909693188194045,-1.216054,0.1965459759781759,0.8536566692839067,0.15242264268298955,1.7223063707351685,1.1040003299713135,1.7223063707351685,1.1040003299713135,2.4124791622161865,1.1040003299713135,0.8796282410621643,0.029120922088623047,0.8796282410621643,0.029120922088623047,0.9918142557144165,0.12924227118492126
1419,482,-2.3454052844755693,-2.2260175,0.32896471731675203,0.3437872424845889,1.2459226412729674,2.125802516937256,2.1047861576080322,2.125802516937256,2.1047861576080322,2.5237815380096436,2.1047861576080322,1.43136465549469,0.4865506887435913,1.43136465549469,0.4865506887435913,1.6053968667984009,0.6825195550918579
1420,482,-2.4981483424387716,-1.6252303,0.4484641197820502,0.4620226981801291,0.33300435784583327,0.7586329579353333,1.066540241241455,0.7586329579353333,1.066540241241455,1.4958975315093994,1.066540241241455,0.5792528390884399,0.5810527801513672,0.5792528390884399,0.5810527801513672,0.8228965401649475,0.8327803611755371
1421,482,-2.530619314335652,-2.1979883,0.40564892316858003,0.8154969379554189,0.7029230997214715,1.2463769912719727,1.4091471433639526,1.2463769912719727,1.4091471433639526,1.970778465270996,2.1399166584014893,0.9885108470916748,0.49596285820007324,0.9885108470916748,0.49596285820007324,1.3772916793823242,0.9496252536773682
1422,482,-2.5153562625566876,-2.5108614,0.40688294629255917,0.5564929649295907,1.0696479495304327,1.639862060546875,2.474214792251587,1.639862060546875,2.474214792251587,2.3350253105163574,2.474214792251587,1.3579926490783691,0.607295036315918,1.3579926490783691,0.607295036315918,1.697084903717041,0.9435759782791138
1423,482,-1.6706631900050404,-2.215096,0.4135737843438978,0.6420478522777558,0.8176410899683837,1.0865157842636108,2.216352701187134,1.0865157842636108,2.216352701187134,1.8480736017227173,2.216352701187134,1.0865157842636108,0.5932580232620239,1.0865157842636108,0.5932580232620239,1.4475624561309814,0.9809947609901428
1424,482,-0.9491799440324415,-2.3363507,0.4476847346127033,0.6822642871737481,0.8170717477053405,1.0136888027191162,2.173212766647339,1.0136888027191162,2.173212766647339,1.6785008907318115,2.173212766647339,1.0136888027191162,0.516089916229248,1.0136888027191162,0.516089916229248,1.3420355319976807,0.8855367302894592
1425,482,-3.4260206107285396,-2.1236925,0.27041173275560193,0.6257805848494171,0.8619421550631519,1.4135189056396484,2.0222766399383545,1.4135189056396484,2.0222766399383545,2.3375399112701416,2.0222766399383545,1.0757349729537964,0.42446064949035645,1.0757349729537964,0.42446064949035645,1.4025895595550537,0.7880356311798096
1426,482,0.0871827700117127,-1.8016126,0.11256067635801958,0.46033871033539375,0.9489232648940134,1.7680912017822266,1.8362823724746704,1.7680912017822266,1.8362823724746704,2.6053597927093506,1.8362823724746704,1.185176968574524,0.22736001014709473,1.185176968574524,0.22736001014709473,1.4257862567901611,0.531806468963623
1427,482,-1.8537601574248737,-1.6735959,0.6036942580714821,0.2120491327717906,0.6383394215255972,1.0534327030181885,1.5999534130096436,1.0534327030181885,1.5999534130096436,2.1400327682495117,1.5999534130096436,0.7274677157402039,0.2668592929840088,0.7274677157402039,0.2668592929840088,1.0232582092285156,0.5759374499320984
1428,482,-2.3001201793457575,-1.3214669,0.0816870819094282,0.9135211113964519,0.23325386478876076,1.7515863180160522,0.8391872048377991,1.7515863180160522,0.8391872048377991,2.9543845653533936,1.1963353157043457,0.8486570715904236,0.014515876770019531,0.8486570715904236,0.014515876770019531,1.0283808708190918,0.16614806652069092
1429,482,-1.1606033429120366,-2.0227034,0.31942748879392924,0.20420727058003352,1.4670287251596652,3.2082266807556152,2.0012731552124023,3.2082266807556152,2.0012731552124023,3.932088851928711,2.0012731552124023,1.7032957077026367,0.035607337951660156,1.7032957077026367,0.035607337951660156,1.8651553392410278,0.19781267642974854
1430,482,-1.592197334183982,-0.94657904,0.37880317153409143,0.51377624489367,0.1550516189821065,1.0737285614013672,0.9719991683959961,1.0737285614013672,0.9719991683959961,1.8832590579986572,0.9719991683959961,0.5759928226470947,0.036400675773620605,0.5759928226470947,0.036400675773620605,0.7739959955215454,0.21114712953567505
1431,482,-2.8688406188459856,-1.6353006,0.13738737517967792,0.504990381766111,0.5552890723943711,1.0282524824142456,1.5978031158447266,1.0282524824142456,1.5978031158447266,1.9855389595031738,1.5978031158447266,0.7765820026397705,0.2275334596633911,0.7765820026397705,0.2275334596633911,1.086378812789917,0.5576308965682983
1432,482,-2.125119083453903,-1.6125197,0.2807193949818614,0.35544042408466314,0.9594834282994271,1.356567621231079,1.4678980112075806,1.356567621231079,1.4678980112075806,1.6785914897918701,1.4678980112075806,0.9236960411071777,0.24497127532958984,0.9236960411071777,0.24497127532958984,1.0697221755981445,0.3915272355079651
1433,482,-1.797914144218651,-1.3584719,0.4767641615929703,0.4352806015002231,0.39328846568862597,0.7638925313949585,0.44994592666625977,0.7638925313949585,0.44994592666625977,1.3187569379806519,0.8720670938491821,0.44994592666625977,0.45373404026031494,0.44994592666625977,0.45373404026031494,0.661006510257721,0.6577771902084351
1434,482,-2.6954943439386088,-1.9043535,0.32111383546143757,0.772606629189104,0.5844657816179095,1.3366048336029053,1.3185083866119385,1.3366048336029053,1.3185083866119385,1.988539218902588,1.9829643964767456,0.9459969401359558,0.42031800746917725,0.9459969401359558,0.42031800746917725,1.286600112915039,0.7965230941772461
1435,482,-1.432545209073405,-2.2577662,0.2647067589064438,0.4724589539070928,1.1560180859764415,1.8037197589874268,2.122424364089966,1.8037197589874268,2.122424364089966,2.4443209171295166,2.122424364089966,1.3235716819763184,0.33635926246643066,1.3235716819763184,0.33635926246643066,1.583571434020996,0.6261370778083801
1436,482,-1.769861211090371,-2.043768,0.4451364371677238,0.4943098003168904,0.7826455167432625,1.0855848789215088,1.9239639043807983,1.0855848789215088,1.9239639043807983,1.6230263710021973,1.9239639043807983,0.9494868516921997,0.5161056518554688,0.9494868516921997,0.5161056518554688,1.223479986190796,0.8107011318206787
1437,482,-4.073068571475481,-1.7702745,0.23650352738797653,0.7343192943185566,0.6764446445554496,1.1482900381088257,1.057823657989502,1.1482900381088257,1.057823657989502,2.067155361175537,1.8146268129348755,0.8202013373374939,0.2702239751815796,0.8202013373374939,0.2702239751815796,1.199212908744812,0.6702867150306702
1438,482,-4.1348214770206155,-1.8327299,0.2844603347343704,0.36637695358445266,1.042988172502567,1.7006763219833374,1.8262333869934082,1.7006763219833374,1.8262333869934082,2.098924398422241,1.8262333869934082,1.172374963760376,0.34186387062072754,1.172374963760376,0.34186387062072754,1.3512614965438843,0.5494529008865356
1439,482,-3.585568578886686,-1.912819,0.7314696365719036,0.5263404873882731,0.5438339298342669,1.1821701526641846,0.7073724269866943,1.1821701526641846,0.7073724269866943,1.8079779148101807,1.8815560340881348,0.7073724269866943,0.5571802854537964,0.7073724269866943,0.5571802854537964,1.0338799953460693,0.8525101542472839
1440,482,-4.221703822404105,-2.571454,0.7696111409117785,1.0001154094686109,0.5861164456357553,1.4738502502441406,1.7905747890472412,1.4738502502441406,1.7905747890472412,2.9234962463378906,1.7905747890472412,0.92270827293396,0.4907536506652832,0.92270827293396,0.4907536506652832,1.3566415309906006,0.926681637763977
1441,482,-4.473888522253486,-3.1108644,0.5492467882732548,1.0639801519239942,1.4493256225499018,1.520301103591919,3.1536619663238525,1.520301103591919,3.1536619663238525,2.903007984161377,3.1536619663238525,1.3289482593536377,0.3923354148864746,1.3289482593536377,0.3923354148864746,1.937966227531433,0.9235687255859375
1442,482,-2.4257172807603347,-3.0830674,0.6374958051741118,0.8678300487250095,1.4447605722397565,1.3125574588775635,3.0652859210968018,1.3125574588775635,3.0652859210968018,2.4472591876983643,3.0652859210968018,1.130973219871521,0.3938789367675781,1.130973219871521,0.3938789367675781,1.686476469039917,0.8177050948143005
1443,482,-5.148736125683357,-3.1532767,0.6241919179384912,1.0473623368640737,1.269150929612418,1.0894145965576172,3.1256046295166016,1.0894145965576172,3.1256046295166016,2.432307004928589,3.1256046295166016,1.0894145965576172,0.3518972396850586,1.0894145965576172,0.3518972396850586,1.6847666501998901,0.8937026858329773
1444,482,-2.6840145243161264,-2.874232,0.3434761043886341,1.1143525586898124,1.3401833705479906,1.7197426557540894,2.8700432777404785,1.7197426557540894,2.8700432777404785,3.781221628189087,2.8700432777404785,1.1929728984832764,0.23637914657592773,1.1929728984832764,0.23637914657592773,1.8242636919021606,0.792009174823761
1445,482,-2.862094617127394,-3.0449946,0.5554161862035594,0.5889445637663204,1.7376241438587505,2.1715755462646484,3.0128414630889893,2.1715755462646484,3.0128414630889893,2.8574163913726807,3.0128414630889893,1.633302927017212,0.2808034420013428,1.633302927017212,0.2808034420013428,1.9330233335494995,0.5933173894882202
1446,482,-4.379374365805347,-2.772655,0.412237491880854,1.358827090238531,0.8970129521687831,1.990813970565796,1.6826726198196411,1.990813970565796,1.6826726198196411,2.982978582382202,2.7788405418395996,1.2235519886016846,0.2827298641204834,1.2235519886016846,0.2827298641204834,1.7582989931106567,0.7472312450408936
1447,482,-3.182724371722606,-2.912983,0.4193186089272305,0.6625155560548106,1.701371102357904,2.603869676589966,2.8604133129119873,2.603869676589966,2.8604133129119873,3.366842269897461,2.8604133129119873,1.5503718852996826,0.3095884323120117,1.5503718852996826,0.3095884323120117,1.9307619333267212,0.615053653717041
1448,482,-1.2768348291670026,-2.540464,0.5873735747983062,0.685060438339909,0.9155933756132917,0.8709292411804199,2.4356589317321777,0.8709292411804199,2.4356589317321777,1.7013201713562012,2.4356589317321777,0.8709292411804199,0.36284422874450684,0.8709292411804199,0.36284422874450684,1.2652864456176758,0.8172413110733032
1449,482,-2.6928255438486133,-2.682509,0.5002476007242995,1.0335494507600866,0.898716248696049,1.3186949491500854,1.4254097938537598,1.3186949491500854,1.4254097938537598,2.415114164352417,2.687979221343994,0.8946515321731567,0.40782690048217773,0.8946515321731567,0.40782690048217773,1.4609718322753906,0.8918808102607727
1450,482,-3.888754632474191,-2.6882071,0.19235140622903923,0.7575865019982058,1.4741882773985462,2.466444969177246,2.5779190063476562,2.466444969177246,2.5779190063476562,4.233838081359863,2.5779190063476562,1.3013699054718018,0.1353137493133545,1.3013699054718018,0.1353137493133545,1.8138335943222046,0.4234124422073364
1451,482,-2.8120232189486245,-2.2224097,0.43052654360731446,0.32935884383817493,1.3005443864812454,2.0073416233062744,2.162717342376709,2.0073416233062744,2.162717342376709,2.9085819721221924,2.162717342376709,1.2596443891525269,0.2959960699081421,1.2596443891525269,0.2959960699081421,1.5207045078277588,0.5025824308395386
1452,482,-2.51993266669106,-1.9240109,0.6658469187219939,0.7196683736642201,0.46829826486607384,1.0412001609802246,1.3430366516113281,1.0412001609802246,1.3430366516113281,2.280449151992798,1.3430366516113281,0.6932684183120728,0.4707324504852295,0.6932684183120728,0.4707324504852295,1.0181524753570557,0.8047006726264954
1453,482,-2.736381044097726,-2.6602602,0.4020695798595746,0.9685925753911339,0.8974322915573913,1.2663369178771973,1.3957675695419312,1.2663369178771973,1.3957675695419312,2.47065806388855,2.651893138885498,0.8863242864608765,0.32369399070739746,0.8863242864608765,0.32369399070739746,1.513780117034912,0.8551881313323975
1454,482,-3.5372309023084467,-2.6445959,0.4088482543081047,0.5694740087538959,1.3543942847847936,1.9280548095703125,2.6114373207092285,1.9280548095703125,2.6114373207092285,2.8080005645751953,2.6114373207092285,1.3106169700622559,0.3083376884460449,1.3106169700622559,0.3083376884460449,1.7167158126831055,0.5958431959152222
1455,482,-2.637006603361107,-2.4443386,0.45185579707225165,0.5903557006393867,1.0942247984682523,1.3155925273895264,2.4478087425231934,1.3155925273895264,2.4478087425231934,2.0769920349121094,2.4478087425231934,1.1871869564056396,0.41235971450805664,1.1871869564056396,0.41235971450805664,1.5706536769866943,0.8109299540519714
1456,482,-2.6665680480630796,-2.626548,0.5357938875382144,0.8697913233687478,1.2597112223630156,1.1817857027053833,2.498755693435669,1.1817857027053833,2.498755693435669,2.105135440826416,2.498755693435669,1.1817857027053833,0.4565153121948242,1.1817857027053833,0.4565153121948242,1.6165282726287842,0.8896116018295288
1457,482,-1.9176441029759304,-2.624439,0.43441049003973564,0.9817192121036351,1.0265128255262972,1.0886183977127075,2.5953330993652344,1.0886183977127075,2.5953330993652344,2.423879623413086,2.5953330993652344,1.0470436811447144,0.3424868583679199,1.0470436811447144,0.3424868583679199,1.5867581367492676,0.8744820952415466
1458,482,-2.2463625249286205,-2.6742365,0.485668710221848,0.6612375468884901,1.4336135728036359,1.744307518005371,2.569098472595215,1.744307518005371,2.569098472595215,2.4351272583007812,2.569098472595215,1.3369680643081665,0.3590965270996094,1.3369680643081665,0.3590965270996094,1.68581223487854,0.6858413219451904
1459,482,-1.715497004876831,-2.299282,0.3451786361262206,0.7923407858051361,1.0531017711199815,1.392045497894287,2.283756732940674,1.392045497894287,2.283756732940674,2.46887469291687,2.283756732940674,1.0716972351074219,0.3022334575653076,1.0716972351074219,0.3022334575653076,1.4987865686416626,0.7085504531860352
1460,482,-1.517648452202506,-1.9884713,0.4127111017455656,0.5458567910765608,1.0446518002574643,1.3968713283538818,2.0325777530670166,1.3968713283538818,2.0325777530670166,1.9147140979766846,2.0325777530670166,1.1118279695510864,0.37254881858825684,1.1118279695510864,0.37254881858825684,1.3794373273849487,0.6625365018844604
1461,482,-2.8002680605495582,-1.7420361,0.3155112276350458,0.5617936559518177,0.7790471339349947,0.8459533452987671,1.6119736433029175,0.8459533452987671,1.6119736433029175,1.5527291297912598,1.6119736433029175,0.7661491632461548,0.2830517292022705,0.7661491632461548,0.2830517292022705,1.0499489307403564,0.5704209208488464
1462,482,-1.1864885623673866,-1.8673354,0.29041817508637924,0.5124079895764586,1.0126737345010044,1.383205771446228,1.8538999557495117,1.383205771446228,1.8538999557495117,1.9382855892181396,1.8538999557495117,1.0617554187774658,0.28823137283325195,1.0617554187774658,0.28823137283325195,1.3179192543029785,0.5708252191543579
1463,482,-0.6835858837545362,-1.8098044,0.5802668686459458,0.4329952550182741,0.6922507167855902,0.7490832805633545,1.8433839082717896,0.7490832805633545,1.8433839082717896,1.7326842546463013,1.8433839082717896,0.6666810512542725,0.4080514907836914,0.6666810512542725,0.4080514907836914,0.9896830320358276,0.7083311080932617
1464,482,-1.1468229654830266,-1.9614888,0.22436022146915424,0.7914660361905889,0.591731997722139,1.3959345817565918,1.11363685131073,1.3959345817565918,1.11363685131073,2.2543983459472656,1.8369431495666504,0.8786654472351074,0.25254106521606445,0.8786654472351074,0.25254106521606445,1.2460085153579712,0.626276969909668
1465,482,0.3228030606052561,-1.6978849,0.10095525881275536,0.29617190862074483,1.0685633343458176,2.108398199081421,1.644696831703186,2.108398199081421,1.644696831703186,2.7430295944213867,1.644696831703186,1.1890238523483276,0.11531615257263184,1.1890238523483276,0.11531615257263184,1.3566160202026367,0.29822051525115967
1466,482,-0.6474609923221666,-0.9063719,0.17097551794101773,0.08070499842365603,0.31789874942352375,0.7176298499107361,0.8968213796615601,0.7176298499107361,0.8968213796615601,0.999736487865448,0.8968213796615601,0.5145065188407898,0.20003890991210938,0.5145065188407898,0.20003890991210938,0.6150940656661987,0.3046450912952423
1467,482,-0.9746158047751792,-0.57712674,0.11455210549135988,0.21358116532365468,0.032539728085199976,0.7593833208084106,0.26140135526657104,0.7593833208084106,0.26140135526657104,0.6878865361213684,0.26140135526657104,0.3300195038318634,0.29077497124671936,0.3300195038318634,0.29077497124671936,0.2957104444503784,0.25611913204193115
1468,482,0.3049609437061257,-0.55310327,0.06160275824988892,0.14143994880219302,0.3855942015784481,1.0728628635406494,0.4746513068675995,1.0728628635406494,0.4746513068675995,0.9735814929008484,0.4746513068675995,0.4526907801628113,0.09217238426208496,0.4526907801628113,0.09217238426208496,0.4139360785484314,0.05598971247673035
1469,482,-0.556440566460269,-0.40537712,0.19921118162572382,0.18510343484580516,0.1799125652015209,0.5114675164222717,0.21742519736289978,0.5114675164222717,0.21742519736289978,1.0276002883911133,0.41819220781326294,0.21742519736289978,0.13175919651985168,0.21742519736289978,0.13175919651985168,0.31780868768692017,0.0987226814031601
1470,482,-2.6994818261585047,-0.5783137,0.1224019245306649,0.20505007502933326,0.14492665616174538,0.6519798040390015,0.2110244631767273,0.6519798040390015,0.2110244631767273,1.4569532871246338,0.49578744173049927,0.26953864097595215,0.05682629346847534,0.26953864097595215,0.05682629346847534,0.4129191040992737,0.13888201117515564
1471,482,-2.238359980555765,-0.5386195,0.08857216448833535,0.12730425002674242,0.3127717954789598,0.9373106360435486,0.4426169991493225,0.9373106360435486,0.4426169991493225,0.8496684432029724,0.4426169991493225,0.41301849484443665,0.12253504991531372,0.41301849484443665,0.12253504991531372,0.36851766705513,0.07692009210586548
1472,482,0.2481594012666004,-0.57133675,0.4968505263328552,0.1108372445590795,0.2545525744371117,1.0709975957870483,0.5415990948677063,1.0709975957870483,0.5415990948677063,0.9284396171569824,0.5681620836257935,0.5415990948677063,0.16992253065109253,0.5415990948677063,0.16992253065109253,0.4781450033187866,0.10523411631584167
1473,482,-2.424907564403221,-1.4013026,0.3750613573317725,0.7546735467513404,0.21819131532063096,1.2766236066818237,1.0930261611938477,1.2766236066818237,1.0930261611938477,1.9580073356628418,1.0930261611938477,0.7473409175872803,0.22005867958068848,0.7473409175872803,0.22005867958068848,0.920183539390564,0.4221348166465759
1474,482,-3.141158978122297,-1.9565127,0.08525465159366519,0.5614448304971057,1.0596838219588003,2.520160675048828,1.8764938116073608,2.520160675048828,1.8764938116073608,4.230510234832764,1.8764938116073608,1.2118500471115112,0.052649497985839844,1.2118500471115112,0.052649497985839844,1.5706851482391357,0.33469802141189575
1475,482,-1.52418209272004,-1.4745327,0.40322381079196934,0.1573709097784013,0.9112515771295875,2.131330966949463,1.3774807453155518,2.131330966949463,1.3774807453155518,3.206547975540161,1.3774807453155518,0.9292469620704651,0.06139481067657471,0.9292469620704651,0.06139481067657471,1.1907591819763184,0.21208178997039795
1476,482,-0.6596014735083249,-1.1585393,0.5323660276830195,0.6272089376300574,0.200413220822811,1.3388731479644775,1.1868690252304077,1.3388731479644775,1.1868690252304077,2.6629512310028076,1.1868690252304077,0.6391734480857849,0.08613753318786621,0.6391734480857849,0.08613753318786621,0.9130212068557739,0.27577364444732666
1477,482,-1.2122336035961991,-2.1909454,0.3194342657426992,0.8203483619044222,0.9828733630726736,1.3463375568389893,2.134962320327759,1.3463375568389893,2.134962320327759,2.7510900497436523,2.134962320327759,0.9783902168273926,0.31199193000793457,0.9783902168273926,0.31199193000793457,1.4234033823013306,0.6974048018455505
1478,482,-1.2910976383016286,-1.8957447,0.12918498410532897,0.3370277467990912,1.119917052189509,2.213047742843628,1.7787474393844604,2.213047742843628,1.7787474393844604,3.0333752632141113,1.7787474393844604,1.1431691646575928,0.11938953399658203,1.1431691646575928,0.11938953399658203,1.381626844406128,0.3088606595993042
1479,482,-1.1107215271652993,-1.1192567,0.1713705209378773,0.11122011787878949,0.5518049910959479,1.0845160484313965,1.1340227127075195,1.0845160484313965,1.1340227127075195,1.3901011943817139,1.1340227127075195,0.7379887104034424,0.23344802856445312,0.7379887104034424,0.23344802856445312,0.8452672958374023,0.34766751527786255
1480,482,-1.03516024158886,-1.0429887,0.21204351585358383,0.3233973540365695,0.27675408218055975,0.5934337973594666,0.6760143041610718,0.5934337973594666,0.6760143041610718,0.9045364856719971,0.9895559549331665,0.40876513719558716,0.27778488397598267,0.40876513719558716,0.27778488397598267,0.565834641456604,0.43538007140159607
1481,482,-0.6128826560032747,-1.0707378,0.21112961436621847,0.39578387618996214,0.5335048389062285,0.5504447817802429,1.0755971670150757,0.5504447817802429,1.0755971670150757,0.9596044421195984,1.0755971670150757,0.5083320736885071,0.2089340090751648,0.5083320736885071,0.2089340090751648,0.6878129243850708,0.39012569189071655
1482,482,-1.1757668176484553,-1.1686563,0.19690186770011986,0.36140911906336726,0.6002165965673826,0.7130079865455627,1.1388744115829468,0.7130079865455627,1.1388744115829468,1.0737417936325073,1.1388744115829468,0.5989557504653931,0.21614962816238403,0.5989557504653931,0.21614962816238403,0.7711020708084106,0.3967524766921997
1483,482,-0.2234957113166585,-0.9736977,0.04719189886158959,0.19182144243891036,0.33241063309988617,0.6682412624359131,0.8571867346763611,0.6682412624359131,0.8571867346763611,1.0594066381454468,0.8571867346763611,0.4740542471408844,0.10347545146942139,0.4740542471408844,0.10347545146942139,0.6146085858345032,0.25488725304603577
1484,482,-0.5104554374005726,-0.7682694,0.15643191274255502,0.14182470470666886,0.37435283597558744,0.5588295459747314,0.7349956035614014,0.5588295459747314,0.7349956035614014,0.8378154635429382,0.7349956035614014,0.39590445160865784,0.14830952882766724,0.39590445160865784,0.14830952882766724,0.4902515411376953,0.24508540332317352
1485,482,-0.4092700500440698,-0.6346079,0.014420912166436484,0.26552652219931283,0.19419303926328815,0.5699543952941895,0.3635636270046234,0.5699543952941895,0.3635636270046234,0.9776289463043213,0.602522611618042,0.3241093158721924,0.04061460494995117,0.3241093158721924,0.04061460494995117,0.4429011642932892,0.1617758572101593
1486,482,-0.7142242338284708,-0.7630474,0.08514028849080191,0.01918366054072984,0.4301400727033615,0.9585126638412476,0.6965826153755188,0.9585126638412476,0.6965826153755188,1.1112821102142334,0.6965826153755188,0.5338171124458313,0.06831938028335571,0.5338171124458313,0.06831938028335571,0.5826616883277893,0.11699080467224121
1487,482,0.481530344009359,-0.41617265,0.03756599809974431,0.02492805697023867,0.08184475455433124,0.102745920419693,0.3230261504650116,0.102745920419693,0.3230261504650116,0.21425360441207886,0.3230261504650116,0.102745920419693,0.144073486328125,0.102745920419693,0.144073486328125,0.14106130599975586,0.18255318701267242
1488,482,0.872447934280231,-0.4901643,0.03875882678975667,0.05146622949590299,0.09418278535207095,0.251247376203537,0.41492557525634766,0.251247376203537,0.41492557525634766,0.35830241441726685,0.41492557525634766,0.21058881282806396,0.10206422209739685,0.21058881282806396,0.10206422209739685,0.2640300989151001,0.15539929270744324
1489,482,1.3011583727990903,-0.30986297,0.08126670514543849,0.21772004882494606,0.09983344937364258,0.5953375101089478,0.12011000514030457,0.5953375101089478,0.12011000514030457,1.2103374004364014,0.30852338671684265,0.22399935126304626,0.10512775182723999,0.22399935126304626,0.10512775182723999,0.31804537773132324,0.09571707248687744
1490,482,0.7586513021045567,0.059685152,0.22778972515603532,0.20802119230851535,0.18858942345017576,0.20033197104930878,0.20033197104930878,0.20033197104930878,0.20033197104930878,0.2311866283416748,0.36357152462005615,0.20033197104930878,0.33893677592277527,0.20033197104930878,0.33893677592277527,0.28195175528526306,0.2573581039905548
1491,482,1.4097734254500338,0.6414019,0.31299649206300584,0.27260009010632835,0.324798603033026,0.14628207683563232,0.6676966547966003,0.14628207683563232,0.6676966547966003,0.12279719114303589,0.6676966547966003,0.20260927081108093,0.23993217945098877,0.20260927081108093,0.23993217945098877,0.32513171434402466,0.3613783121109009
1492,482,1.340998761565603,0.93081886,0.21929230444133285,0.5389707179181278,0.5765575394965707,0.21938419342041016,0.9166027307510376,0.21938419342041016,0.9166027307510376,0.59397292137146,0.9166027307510376,0.41953200101852417,0.14830690622329712,0.41953200101852417,0.14830690622329712,0.5997690558433533,0.34420183300971985
1493,482,0.4535874718974024,1.2260951,0.31393119414026543,0.24189534560466797,0.5739011954764526,0.6110652685165405,1.2386554479599,0.6110652685165405,1.2386554479599,0.9353911876678467,1.2386554479599,0.6643794178962708,0.2978512644767761,0.6643794178962708,0.2978512644767761,0.8261336088180542,0.45589667558670044
1494,482,1.25408518984403,1.2443415,0.33164808146655544,0.5780482661724091,0.5509454394131901,0.49915963411331177,0.8126358985900879,0.49915963411331177,0.8126358985900879,0.5541889667510986,1.185294508934021,0.49915963411331177,0.34417247772216797,0.49915963411331177,0.34417247772216797,0.6943221092224121,0.5468356609344482
1495,482,0.3958578804176828,1.2655327,0.10569677104242126,0.4618030686769634,0.6368141798861326,0.6457064747810364,1.1111929416656494,0.6457064747810364,1.1111929416656494,1.0065668821334839,1.1111929416656494,0.6457064747810364,0.09482371807098389,0.6457064747810364,0.09482371807098389,0.8362622261047363,0.29843488335609436
1496,482,0.0746495383823262,1.0252292,0.27091822547217215,0.1978553744902215,0.7074340585370857,0.6557774543762207,1.0220578908920288,0.6557774543762207,1.0220578908920288,0.8908048272132874,1.0220578908920288,0.6557774543762207,0.14622068405151367,0.6557774543762207,0.14622068405151367,0.781718373298645,0.2751258909702301
1497,482,1.7755425412716344,0.69717395,0.07268797907978297,0.3654549915716052,0.31767088599503035,0.3321543037891388,0.3996589183807373,0.3321543037891388,0.3996589183807373,0.1690577268600464,0.6164588928222656,0.3321543037891388,0.07372605800628662,0.3321543037891388,0.07372605800628662,0.4412831664085388,0.18418948352336884
1498,482,0.6466422143000244,0.72002935,0.05050347223877916,0.09102699331939218,0.4816792028397321,0.5648834109306335,0.685160756111145,0.5648834109306335,0.685160756111145,0.44168323278427124,0.685160756111145,0.5648834109306335,0.011259913444519043,0.5648834109306335,0.011259913444519043,0.6183433532714844,0.06580403447151184
1499,482,-1.430683932322474,0.62585,0.42616639472544204,0.08771647043526176,0.22789837673306457,0.39966151118278503,0.39966151118278503,0.39966151118278503,0.39966151118278503,0.05062985420227051,0.6071271896362305,0.39966151118278503,0.023865818977355957,0.39966151118278503,0.023865818977355957,0.4915766716003418,0.1170489639043808
