end_index,window_len,y_true,y_hat,shap_lag_t-1,shap_lag_t-2,shap_lag_t-3,faithfulness_prtb_p90,faithfulness_sqnc_p90,faithfulness_prtb_p70,faithfulness_sqnc_p70,faithfulness_prtb_p50,faithfulness_sqnc_p50,ablation_mif_p90,ablation_lif_p90,ablation_mif_p70,ablation_lif_p70,ablation_mif_p50,ablation_lif_p50
100,100,-5.69837421012452,-2.5212698,1.1463304652842052,1.1424925322692419,1.0103897933953814,0.34069108963012695,0.02608799934387207,0.34069108963012695,0.02608799934387207,0.9214930534362793,0.3850436210632324,0.02608799934387207,0.14728856086730957,0.02608799934387207,0.14728856086730957,0.20556581020355225,0.3323493003845215
101,100,-5.622024683111083,-1.4112797,1.2350858111043315,0.9669631051805339,0.6300168357408666,0.1445326805114746,0.1445326805114746,0.1445326805114746,0.1445326805114746,1.1168626546859741,0.5902226567268372,0.1445326805114746,0.08965396881103516,0.1445326805114746,0.08965396881103516,0.3673776686191559,0.22443091869354248
102,100,-3.823931007274478,-3.3084145,1.4301098596138242,1.359440179317677,1.1348741779878377,0.05372500419616699,0.05372500419616699,0.05372500419616699,0.05372500419616699,0.701073408126831,0.6389544010162354,0.05372500419616699,0.2462770938873291,0.05372500419616699,0.2462770938873291,0.34633970260620117,0.5607390403747559
103,100,-3.2045715807490813,-4.0021095,1.67049012845222,1.5229997328159333,1.2941120300454783,0.5274374485015869,0.5274374485015869,0.5274374485015869,0.5274374485015869,1.3299624919891357,1.301279067993164,0.5274374485015869,0.4731760025024414,0.5274374485015869,0.4731760025024414,0.9143582582473755,0.967289924621582
104,100,-1.9048187574838509,-2.2800188,0.9969138708797722,1.0923138276459425,0.9134302921849224,0.3745858669281006,0.4150390625,0.3745858669281006,0.4150390625,0.9085865020751953,0.4150390625,0.2068326473236084,0.16278934478759766,0.2068326473236084,0.16278934478759766,0.3109358549118042,0.26939499378204346
105,100,-1.6164503907973335,-2.1719358,0.9076544872878753,1.0101240738919097,1.0268347755688985,0.5972586870193481,1.4469679594039917,0.5972586870193481,1.4469679594039917,1.9632105827331543,1.4469679594039917,0.25787341594696045,0.13374853134155273,0.25787341594696045,0.13374853134155273,0.4763532876968384,0.2772673964500427
106,100,-3.1173464857911073,-2.6755066,0.9149118723328584,1.1691542177931549,1.0104418765638286,0.6100199222564697,0.6200332641601562,0.6100199222564697,0.6200332641601562,2.5203895568847656,1.679494857788086,0.3411839008331299,0.1532905101776123,0.3411839008331299,0.1532905101776123,0.6546706557273865,0.3899959325790405
107,100,-3.582151509110992,-2.6460881,1.0605644012106858,0.9777631757211231,0.9565220101387646,0.21692132949829102,0.21692132949829102,0.21692132949829102,0.21692132949829102,0.7395504713058472,0.6334004402160645,0.21692132949829102,0.335817813873291,0.21692132949829102,0.335817813873291,0.42516088485717773,0.6196641325950623
108,100,-4.160675666833377,-2.9893177,1.2478130942665013,0.9562566163357595,1.1590802076295068,1.1153068542480469,0.4459960460662842,1.1153068542480469,0.4459960460662842,2.7029683589935303,2.785487651824951,0.4459960460662842,0.29056715965270996,0.4459960460662842,0.29056715965270996,0.9685111045837402,0.7591245174407959
109,100,-3.512205357634388,-2.9753592,1.2423165891050676,1.3494008837517386,0.9263811367995967,0.7418413162231445,1.0210648775100708,0.7418413162231445,1.0210648775100708,3.448153495788574,1.0210648775100708,0.31859827041625977,0.20621252059936523,0.31859827041625977,0.20621252059936523,0.6698315739631653,0.4410393238067627
110,100,-5.53816028375397,-2.794795,1.1587243465597892,1.1638227833556558,0.9786091617266952,0.25037050247192383,0.5726022720336914,0.25037050247192383,0.5726022720336914,1.172722578048706,0.5726022720336914,0.19112634658813477,0.1884007453918457,0.19112634658813477,0.1884007453918457,0.3818643093109131,0.3839850425720215
111,100,-5.502701362210289,-3.8329499,1.2379114694278877,1.3899398355447143,1.1780217750401225,0.5242550373077393,0.9335277080535889,0.5242550373077393,0.9335277080535889,1.1601288318634033,0.9335277080535889,0.4180154800415039,0.29683828353881836,0.4180154800415039,0.29683828353881836,0.6757715940475464,0.5292551517486572
112,100,-4.147743687829648,-3.408342,1.2650114519207953,1.126258426925161,1.1209753820627824,0.681466817855835,0.14539217948913574,0.681466817855835,0.14539217948913574,1.4413254261016846,0.5928497314453125,0.14539217948913574,0.26227831840515137,0.14539217948913574,0.26227831840515137,0.3691209554672241,0.5397211313247681
113,100,-4.0968776462467975,-3.2348495,1.171916059637602,1.203742620781628,0.9765012129705997,0.6594491004943848,0.7933967113494873,0.6594491004943848,0.7933967113494873,3.3713338375091553,0.7933967113494873,0.279665470123291,0.22295188903808594,0.279665470123291,0.22295188903808594,0.5365310907363892,0.4417390823364258
114,100,-4.058425362994382,-4.145171,1.3390458418741258,1.3709254472730903,1.201067539271211,0.5923407077789307,1.1782846450805664,0.5923407077789307,1.1782846450805664,1.74467134475708,1.1782846450805664,0.32376909255981445,0.32869482040405273,0.32376909255981445,0.32869482040405273,0.7510268688201904,0.7237364053726196
115,100,-4.017850408973193,-4.1008754,1.2053865310944039,1.3266829702990364,1.5923238691851442,1.095179796218872,4.976796627044678,1.095179796218872,4.976796627044678,3.7473833560943604,4.976796627044678,0.6189384460449219,0.43522095680236816,0.6189384460449219,0.43522095680236816,1.5706875324249268,0.759174108505249
116,100,-4.8132292975157,-3.6109862,1.0607013104041836,1.1859211443548956,1.2101498871811274,0.41994190216064453,3.6098484992980957,0.41994190216064453,3.6098484992980957,1.6636154651641846,3.6098484992980957,0.4001736640930176,0.24116134643554688,0.4001736640930176,0.24116134643554688,0.9850723743438721,0.49209630489349365
117,100,-4.332469269692616,-4.1658177,1.1206640949371973,1.181180980366165,1.3762398335180175,1.0246412754058838,5.345710277557373,1.0246412754058838,5.345710277557373,3.4873647689819336,5.345710277557373,0.9855918884277344,0.4822657108306885,0.9855918884277344,0.4822657108306885,2.197495937347412,1.0428321361541748
118,100,-3.062692552701905,-3.7032616,1.1458993456886497,1.1079448438617576,1.133952934557374,0.5350842475891113,0.3463327884674072,0.5350842475891113,0.3463327884674072,1.7139204740524292,4.126082897186279,0.3463327884674072,0.22585844993591309,0.3463327884674072,0.22585844993591309,0.8347800970077515,0.9169679880142212
119,100,-2.491228662138249,-4.2401824,1.0488352514163326,1.2827145197009495,1.21126565807003,0.7094216346740723,1.4902493953704834,0.7094216346740723,1.4902493953704834,3.275235652923584,5.048360347747803,0.44100046157836914,0.3034083843231201,0.44100046157836914,0.3034083843231201,1.606523036956787,1.0048270225524902
120,100,-1.4519823932174776,-3.5456014,0.887972830906766,1.189246212647543,1.1578641594787649,0.7367818355560303,1.0329151153564453,0.7367818355560303,1.0329151153564453,4.233149528503418,4.61484432220459,0.31061553955078125,0.32032322883605957,0.31061553955078125,0.32032322883605957,1.4780364036560059,0.8665307760238647
121,100,-1.3178948011807985,-3.9981282,0.8174081538192604,1.1044601917625285,1.4363294609940747,1.5179319381713867,4.251630783081055,1.5179319381713867,4.251630783081055,4.59058952331543,4.251630783081055,0.6644730567932129,0.2771134376525879,0.6644730567932129,0.2771134376525879,1.5222961902618408,0.5844050645828247
122,100,-0.8206251326823197,-3.675308,0.562165335896089,1.1076203166055927,1.350837917134319,2.5014703273773193,4.499373912811279,2.5014703273773193,4.499373912811279,5.0910515785217285,4.499373912811279,1.1877388954162598,0.49726033210754395,1.1877388954162598,0.49726033210754395,2.3730456829071045,1.0660499334335327
123,100,-1.5411404763158068,-2.7937725,0.3722911549034398,0.6865223259553057,1.2131077779834625,3.205578088760376,3.9775195121765137,3.205578088760376,3.9775195121765137,4.043859004974365,3.9775195121765137,2.2182421684265137,0.7793073654174805,2.2182421684265137,0.7793073654174805,2.8078739643096924,1.4329261779785156
124,100,-2.5681120547406255,-1.7635031,0.11776873448870051,0.44964899117594304,0.5395145429573518,1.9055171012878418,2.718027353286743,1.9055171012878418,2.718027353286743,2.8714044094085693,2.718027353286743,1.4252777099609375,0.5033652782440186,1.4252777099609375,0.5033652782440186,1.8902528285980225,1.0582168102264404
125,100,-1.2850428832255771,-2.3515766,0.5178744087285359,0.3939281231475691,0.6476234243958678,1.9581040143966675,3.1195809841156006,1.9581040143966675,3.1195809841156006,3.245655059814453,3.1195809841156006,1.4536592960357666,0.7291682958602905,1.4536592960357666,0.7291682958602905,1.982249140739441,1.273881435394287
126,100,0.0410599116461547,-2.2544012,0.841860868574418,0.5388838422206257,0.1601729456757761,2.640300989151001,1.6458005905151367,2.640300989151001,1.6458005905151367,3.6735663414001465,2.9519097805023193,1.6458005905151367,0.7613213062286377,1.6458005905151367,0.7613213062286377,2.2988553047180176,1.4101366996765137
127,100,-0.9987095800068428,-2.8057761,0.3588214961626277,1.077735230467471,0.7212579421494221,2.7884762287139893,2.5565128326416016,2.7884762287139893,2.5565128326416016,3.924075126647949,3.8704946041107178,1.740561842918396,0.5321207046508789,1.740561842918396,0.5321207046508789,2.5279922485351562,1.2493228912353516
128,100,-0.8792492186903524,-1.7846545,0.31915121441034877,0.3107040859374799,0.8318848130629235,2.6661906242370605,2.5852153301239014,2.6661906242370605,2.5852153301239014,2.655863046646118,2.5852153301239014,2.038768768310547,0.9175540208816528,2.038768768310547,0.9175540208816528,2.02854585647583,0.9048570394515991
129,100,-1.2847765556848796,-0.23600678,0.04348467420978663,0.5232792641084216,0.10467456288866148,0.03161536157131195,0.5385363101959229,0.03161536157131195,0.5385363101959229,1.4929916858673096,1.3549680709838867,0.03161536157131195,0.5665698051452637,0.03161536157131195,0.5665698051452637,0.48825690150260925,0.9688644409179688
130,100,-1.5434163997658223,-0.28270817,0.09796574745083991,0.008926966115576196,0.504672721591602,0.03722560405731201,1.165604829788208,0.03722560405731201,1.165604829788208,0.9128174781799316,1.165604829788208,0.03722560405731201,0.7781342267990112,0.03722560405731201,0.7781342267990112,0.2621684968471527,0.9834349751472473
131,100,-0.6303665419544349,-1.0678325,0.1659076034485064,0.037818094696273674,0.08760072575094774,1.1150407791137695,0.8720744848251343,1.1150407791137695,0.8720744848251343,1.88629150390625,2.0858004093170166,0.8720744848251343,0.7413268685340881,0.8720744848251343,0.7413268685340881,1.2589504718780518,1.1146360635757446
132,100,-1.4679571811056245,-2.5158858,0.44358490768794456,0.5816586029642224,0.4223976636087825,1.2259548902511597,1.7420883178710938,1.2259548902511597,1.7420883178710938,2.591447353363037,1.7420883178710938,0.8565618991851807,0.753896951675415,0.8565618991851807,0.753896951675415,1.2993251085281372,1.1647135019302368
133,100,-1.778877447003277,-2.1811388,0.0007026086839815315,0.47250732295599185,0.38459530576449064,1.834038496017456,1.4930514097213745,1.834038496017456,1.4930514097213745,2.8636717796325684,2.5082030296325684,1.1302677392959595,0.3227320909500122,1.1302677392959595,0.3227320909500122,1.6887993812561035,0.9026722311973572
134,100,-1.2762384091858936,-2.0595093,0.3392449976857177,0.0574207861245295,0.4096771462522828,1.7541890144348145,2.3747639656066895,1.7541890144348145,2.3747639656066895,2.738285779953003,2.3747639656066895,1.2151198387145996,0.42343592643737793,1.2151198387145996,0.42343592643737793,1.6194729804992676,0.8371115326881409
135,100,-1.9039398105772145,-2.0437608,0.3655358132781441,0.39265449193411905,0.002401777072665867,1.595112919807434,1.919942021369934,1.595112919807434,1.919942021369934,2.7820849418640137,1.919942021369934,1.002454400062561,0.5103648900985718,1.002454400062561,0.5103648900985718,1.4611982107162476,0.95245760679245
136,100,0.4103602563039876,-1.9512461,0.16569204016547023,0.4581234244904978,0.3259719618919378,1.668126106262207,2.007841110229492,1.668126106262207,2.007841110229492,2.5646185874938965,2.762683391571045,1.3117637634277344,0.6952420473098755,1.3117637634277344,0.6952420473098755,1.8041104078292847,1.3083088397979736
137,100,0.3405474332473153,-2.6797845,0.4353268237534875,0.3320229118593877,0.4852315224131053,1.1912940740585327,2.705211639404297,1.1912940740585327,2.705211639404297,2.5364766120910645,2.705211639404297,0.8703145980834961,0.5705602169036865,0.8703145980834961,0.5705602169036865,1.3567787408828735,1.0442173480987549
138,100,-0.426122910853754,-1.1640416,0.5823770083000569,0.5044319498579937,0.22148080948496995,0.25337541103363037,0.25337541103363037,0.25337541103363037,0.25337541103363037,2.21313214302063,1.1558586359024048,0.25337541103363037,1.049112319946289,0.25337541103363037,1.049112319946289,0.7046170234680176,1.592137098312378
139,100,-1.4843988204310696,0.0008733012,0.7193656714946748,0.75685049246523,0.21919943844816348,0.2744709253311157,0.46443095803260803,0.2744709253311157,0.46443095803260803,0.4241787791252136,0.46443095803260803,0.2744709253311157,0.6836338639259338,0.2744709253311157,0.6836338639259338,0.3694509267807007,0.6288484334945679
140,100,-2.420662918935962,0.0937781,0.31398595145925934,0.648343536410724,0.6939051330563231,0.2154577225446701,0.19601690769195557,0.2154577225446701,0.19601690769195557,0.38245290517807007,0.19601690769195557,0.2154577225446701,0.19538873434066772,0.2154577225446701,0.19538873434066772,0.3216504156589508,0.11212535202503204
141,100,-2.267313776863353,-1.4262414,0.3539735412007502,0.0004463589516604527,0.395751985478058,0.25260746479034424,0.9219921827316284,0.25260746479034424,0.9219921827316284,1.6913714408874512,0.9219921827316284,0.25260746479034424,0.30839967727661133,0.25260746479034424,0.30839967727661133,0.40649086236953735,0.7746946811676025
142,100,-0.378814359329775,-2.4852047,0.5276115327318203,0.3719581214013378,0.02221780201849044,1.9118521213531494,0.8039582967758179,1.9118521213531494,0.8039582967758179,3.146848678588867,1.7793134450912476,0.8039582967758179,0.19817113876342773,0.8039582967758179,0.19817113876342773,1.2916358709335327,0.5740453004837036
143,100,-0.8631933607828,-2.6902936,0.5205141577575216,0.5705787700527309,0.1676574472811625,1.7115910053253174,2.4933087825775146,1.7115910053253174,2.4933087825775146,3.1036155223846436,2.4933087825775146,1.2198938131332397,0.596064567565918,1.2198938131332397,0.596064567565918,1.8566012382507324,1.2206013202667236
144,100,-1.8467907027056951,-2.5928864,0.10373899093557037,0.5358676831221966,0.4700986943383706,2.2694475650787354,1.290679693222046,2.2694475650787354,1.290679693222046,2.9543685913085938,2.4100167751312256,1.0779893398284912,0.14826130867004395,1.0779893398284912,0.14826130867004395,1.658063292503357,0.674919843673706
145,100,-1.6489496347944683,-2.2219498,0.03782054593088896,0.09926899951399387,0.46367604442299226,1.8407845497131348,1.7591640949249268,1.8407845497131348,1.7591640949249268,1.9941246509552002,1.7591640949249268,1.0871601104736328,0.40946245193481445,1.0871601104736328,0.40946245193481445,1.200594425201416,0.5206879377365112
146,100,-1.9845447056034815,-1.4384812,0.29771342079868857,0.1141117484247971,0.3193057892504839,0.196943998336792,1.5339505672454834,0.196943998336792,1.5339505672454834,1.7331699132919312,1.5339505672454834,0.196943998336792,0.5069261789321899,0.196943998336792,0.5069261789321899,0.6674105525016785,0.9570162892341614
147,100,0.2739695930222918,-1.9214106,0.1833419017237691,0.26170705678741507,0.087794583623659,1.3750555515289307,1.6691030263900757,1.3750555515289307,1.6691030263900757,2.184393882751465,1.6691030263900757,0.9300706386566162,0.33932578563690186,0.9300706386566162,0.33932578563690186,1.2995867729187012,0.7383899688720703
148,100,-0.7788425292934144,-2.0477195,0.24047557502677774,0.16330881608822945,0.17705349739372056,1.0937743186950684,0.9372475147247314,1.0937743186950684,0.9372475147247314,1.794541835784912,2.1346170902252197,0.9372475147247314,0.8437879085540771,0.9372475147247314,0.8437879085540771,1.278367280960083,1.1597789525985718
149,100,-2.705999694714652,-1.6549497,0.5593938120861647,0.2651317288580633,0.1330353628421566,0.1323833465576172,0.1323833465576172,0.1323833465576172,0.1323833465576172,1.506241798400879,0.8633793592453003,0.1323833465576172,0.7890902757644653,0.1323833465576172,0.7890902757644653,0.49788135290145874,1.1340422630310059
150,100,-2.0787085149223596,-0.9017281,0.22500121332320933,0.6705500938996827,0.11909687265600089,0.13500350713729858,0.23414254188537598,0.13500350713729858,0.23414254188537598,0.6557973623275757,0.23414254188537598,0.13500350713729858,0.5673673748970032,0.13500350713729858,0.5673673748970032,0.18457302451133728,0.7064506411552429
151,100,-2.57010445787827,-1.7563514,0.4594057504971003,0.10584222600248022,0.47907855530682314,0.12210261821746826,1.3454347848892212,0.12210261821746826,1.3454347848892212,1.836561679840088,1.3454347848892212,0.12210261821746826,0.3804076910018921,0.12210261821746826,0.3804076910018921,0.5475132465362549,0.9109098315238953
152,100,-1.8810986494758943,-2.4897246,0.22841958973006182,0.4527904344690632,0.0951571666293125,1.6618590354919434,1.7622007131576538,1.6618590354919434,1.7622007131576538,2.5232126712799072,1.7622007131576538,0.9885413646697998,0.24729251861572266,0.9885413646697998,0.24729251861572266,1.375370979309082,0.5981793403625488
153,100,-2.813963625569574,-2.6931145,0.3589984947476291,0.2528312960607588,0.34184848512058885,0.9910446405410767,0.7846274375915527,0.9910446405410767,0.7846274375915527,2.084953546524048,2.452057123184204,0.7846274375915527,0.6397104263305664,0.7846274375915527,0.6397104263305664,1.2322877645492554,1.0739021301269531
154,100,-2.607732501486478,-2.7580805,0.15873643837843554,0.33308711607021946,0.254033936565275,0.8114392757415771,1.1600664854049683,0.8114392757415771,1.1600664854049683,1.725216031074524,2.0633296966552734,0.5621030330657959,0.4071028232574463,0.5621030330657959,0.4071028232574463,0.9706161022186279,0.7260628938674927
155,100,-2.4344196810848753,-2.760398,0.3890363755427888,0.1772550513577421,0.3261924065086236,1.1966347694396973,0.8310928344726562,1.1966347694396973,0.8310928344726562,2.275820255279541,2.371826171875,0.8310928344726562,0.5121746063232422,0.8310928344726562,0.5121746063232422,1.2819921970367432,0.9427940249443054
156,100,-1.644839464649176,-2.6244707,0.3218680577179828,0.37612538024322206,0.10523244861474956,1.1687813997268677,1.8209997415542603,1.1687813997268677,1.8209997415542603,2.249119758605957,1.8209997415542603,0.877171516418457,0.467639684677124,0.877171516418457,0.467639684677124,1.3490855693817139,0.9408513903617859
157,100,-2.407673944278585,-3.0289867,0.23021402783512723,0.2817956026118639,0.3171990241637753,0.5786418914794922,2.2523937225341797,0.5786418914794922,2.2523937225341797,1.5264467000961304,2.2523937225341797,0.47710204124450684,0.3547334671020508,0.47710204124450684,0.3547334671020508,0.8909735083580017,0.6880210638046265
158,100,-0.938861402989528,-2.8310595,0.1006488813938653,0.2593107612233906,0.260790372484994,0.8522872924804688,1.92649507522583,0.8522872924804688,1.92649507522583,1.982337474822998,1.92649507522583,0.5405278205871582,0.40534019470214844,0.5405278205871582,0.40534019470214844,0.9304543137550354,0.749178946018219
159,100,-1.5184174445965573,-2.4487782,0.24378782101103605,0.06059168898772438,0.14812966172432981,1.1426620483398438,0.8423246145248413,1.1426620483398438,0.8423246145248413,1.7702927589416504,1.7918291091918945,0.8423246145248413,0.41083812713623047,0.8423246145248413,0.41083812713623047,1.0751616954803467,0.6504016518592834
160,100,-2.4435210063055903,-2.5765407,0.09952075546447309,0.2442043930855401,0.10553883925029045,1.321973204612732,1.0082131624221802,1.321973204612732,1.0082131624221802,2.0378456115722656,1.6113672256469727,0.6407266855239868,0.2868843078613281,0.6407266855239868,0.2868843078613281,0.9393894672393799,0.524432897567749
161,100,-1.7769743235106958,-2.2880273,0.018103166185704372,0.10563516877975712,0.20406898134147983,1.0305010080337524,1.5872186422348022,1.0305010080337524,1.5872186422348022,1.3359888792037964,1.5872186422348022,0.6660932302474976,0.5428158044815063,0.6660932302474976,0.5428158044815063,0.8416361212730408,0.7285358309745789
162,100,-0.7916787782037618,-2.0259228,0.21408468210922502,0.008270562283976907,0.14883475824934478,1.3645027875900269,0.8191766738891602,1.3645027875900269,0.8191766738891602,1.5941205024719238,1.555725336074829,0.8191766738891602,0.5130316019058228,0.8191766738891602,0.5130316019058228,0.9574522376060486,0.6370064616203308
163,100,-1.844840986227444,-2.132113,0.020672859528015286,0.2027993855863503,0.028255753603178224,1.081083059310913,1.4589390754699707,1.081083059310913,1.4589390754699707,1.3756988048553467,1.7331881523132324,0.7885842323303223,0.7062692642211914,0.7885842323303223,0.7062692642211914,0.9661164283752441,0.8972712159156799
164,100,-1.9047668724488125,-1.6018597,0.3631171556989757,0.014671385160221484,0.13054230980754306,0.34633874893188477,0.34633874893188477,0.34633874893188477,0.34633874893188477,1.1103906631469727,1.2851759195327759,0.34633874893188477,0.6088457107543945,0.34633874893188477,0.6088457107543945,0.5990307927131653,0.8280004858970642
165,100,-3.83621601080823,-2.4975407,0.09319406066768397,0.09016011921605727,0.10364676991484023,0.9378855228424072,1.5419864654541016,0.9378855228424072,1.5419864654541016,1.9892719984054565,1.5419864654541016,0.5662055015563965,0.24023222923278809,0.5662055015563965,0.24023222923278809,0.879875659942627,0.5231974124908447
166,100,-1.4044477627045766,-2.625846,0.09204224799199615,0.14043473739087378,0.08780418456727263,1.0467562675476074,1.1360228061676025,1.0467562675476074,1.1360228061676025,2.205789089202881,1.1360228061676025,0.5351700782775879,0.23560380935668945,0.5351700782775879,0.23560380935668945,0.8355964422225952,0.4861183166503906
167,100,-0.3478448785928245,-2.6159356,0.5046408378688737,0.0564466914053226,0.021304262462760404,1.7988247871398926,1.1626845598220825,1.7988247871398926,1.1626845598220825,2.227663993835449,1.7354791164398193,1.1626845598220825,0.32047319412231445,1.1626845598220825,0.32047319412231445,1.4490818977355957,0.5707600116729736
168,100,-0.6395235093579698,-2.7069545,0.027056677490985392,0.34160014336666317,0.07782211003639478,1.5724552869796753,1.170335054397583,1.5724552869796753,1.170335054397583,2.1423044204711914,1.8541749715805054,0.7367523908615112,0.28168702125549316,0.7367523908615112,0.28168702125549316,1.0590298175811768,0.49927663803100586
169,100,-1.8442219787763765,-2.7228277,0.16219640085377504,0.040709754548122284,0.286762629280384,1.7307355403900146,1.3774975538253784,1.7307355403900146,1.3774975538253784,1.8727188110351562,1.3774975538253784,0.7044370174407959,0.16674327850341797,0.7044370174407959,0.16674327850341797,0.7591480612754822,0.2021467685699463
170,100,-1.0142066122952234,-2.3805256,0.11380245196040999,0.12273552296907196,0.05011396627245915,0.0861964225769043,0.2252063751220703,0.0861964225769043,0.2252063751220703,0.30121564865112305,0.2252063751220703,0.0861964225769043,0.5191694498062134,0.0861964225769043,0.5191694498062134,0.1557013988494873,0.6167775392532349
171,100,-0.3600191788595728,-1.809498,0.018636309865004863,0.18551679989931105,0.26129771651271283,0.10081195831298828,0.942016065120697,0.10081195831298828,0.942016065120697,0.39696431159973145,0.942016065120697,0.10081195831298828,0.5950968265533447,0.10081195831298828,0.5950968265533447,0.2009063959121704,0.7079391479492188
172,100,0.3986969062108991,-1.5612001,0.27626467155631856,0.002332803566021835,0.17921404092479834,0.4337421655654907,0.31719517707824707,0.4337421655654907,0.31719517707824707,0.5637688636779785,0.9103560447692871,0.31719517707824707,0.4725240468978882,0.31719517707824707,0.4725240468978882,0.3823191523551941,0.5394363403320312
173,100,-0.2988109038710763,-2.2757685,0.26021775029778804,0.0698313612708528,0.06345443279063145,0.09888482093811035,0.09888482093811035,0.09888482093811035,0.09888482093811035,0.644034743309021,0.3899441957473755,0.09888482093811035,0.5229010581970215,0.09888482093811035,0.5229010581970215,0.24441450834274292,0.7157568335533142
174,100,2.047116037520585,-0.76810884,0.6022130836223816,0.35793804638471804,0.17857053545639678,0.10618805885314941,0.10618805885314941,0.10618805885314941,0.10618805885314941,0.1619667410850525,0.015541315078735352,0.10618805885314941,0.20927786827087402,0.10618805885314941,0.20927786827087402,0.06086468696594238,0.2500612139701843
175,100,2.198411903359624,-0.7070701,0.48194751135774494,0.6651702922644082,0.35705234456000845,0.1576976776123047,0.03162384033203125,0.1576976776123047,0.03162384033203125,0.251850426197052,0.03162384033203125,0.1576976776123047,0.10635244846343994,0.1576976776123047,0.10635244846343994,0.09466075897216797,0.16576483845710754
176,100,0.8194769325539367,-0.246131,1.3009462281293478,0.34852948354691615,0.49334401337756306,0.680182695388794,0.680182695388794,0.680182695388794,0.680182695388794,0.3888186812400818,0.6913453340530396,0.680182695388794,0.060985907912254333,0.680182695388794,0.060985907912254333,0.7409504652023315,0.03546976298093796
177,100,1.5364375240268873,-0.09572922,1.0756894201680351,0.9990346647440567,0.33306959489059595,0.4237181544303894,0.4237181544303894,0.4237181544303894,0.4237181544303894,1.046676516532898,1.1073793172836304,0.4237181544303894,0.03551460802555084,0.4237181544303894,0.03551460802555084,0.7655487060546875,0.17634260654449463
178,100,1.6554619651854812,0.14414982,0.8647697640141261,0.8182294870793971,0.5146234215515639,0.0670226514339447,0.1571359932422638,0.0670226514339447,0.1571359932422638,0.1446848213672638,0.4652467370033264,0.1571359932422638,0.13448402285575867,0.1571359932422638,0.13448402285575867,0.3111913800239563,0.3084961771965027
179,100,2.8054392333371005,0.034728855,0.9426612640471803,0.48855412121593345,0.45318330217575276,0.10597383975982666,0.2260420024394989,0.10597383975982666,0.2260420024394989,0.059946537017822266,0.3342140018939972,0.2260420024394989,0.10236108303070068,0.2260420024394989,0.10236108303070068,0.28012800216674805,0.1490212231874466
180,100,2.857835731916438,0.22369665,1.0292661475822573,0.7229018118864573,0.45243771753075457,0.25295546650886536,0.25295546650886536,0.25295546650886536,0.25295546650886536,0.5192946195602417,0.5486643314361572,0.25295546650886536,0.07363910973072052,0.25295546650886536,0.07363910973072052,0.4008098840713501,0.1847282350063324
181,100,1.340473511066711,0.29155323,1.3035144058033772,0.6941777833599811,0.44471984835424805,0.37687528133392334,0.37687528133392334,0.37687528133392334,0.37687528133392334,0.4374082684516907,0.6486873030662537,0.37687528133392334,0.04358315467834473,0.37687528133392334,0.04358315467834473,0.5127812623977661,0.11338014900684357
182,100,2.753889327064189,0.3092518,1.111436308915263,0.7590799881113354,0.42485728578264315,0.1948615163564682,0.1948615163564682,0.1948615163564682,0.1948615163564682,0.47088977694511414,0.4805464744567871,0.1948615163564682,0.03812295198440552,0.1948615163564682,0.03812295198440552,0.33770400285720825,0.1004914864897728
183,100,1.0207307351710695,0.5133969,0.8432429813335034,1.2328322384013601,1.0093245455943993,0.2793467342853546,0.7159687280654907,0.2793467342853546,0.7159687280654907,1.0170482397079468,1.6693141460418701,0.2793467342853546,0.2591612935066223,0.2793467342853546,0.2591612935066223,0.6636391282081604,0.39173489809036255
184,100,1.7178239339831585,0.75150406,1.1698293653204779,0.8065789358760789,1.0652763048295717,0.16611075401306152,0.18582946062088013,0.16611075401306152,0.18582946062088013,0.593994140625,1.251481056213379,0.18582946062088013,0.08270937204360962,0.18582946062088013,0.08270937204360962,0.407062292098999,0.22844219207763672
185,100,1.2751154867640055,0.5399923,0.7893456309470526,1.1696349673638844,0.7075861097278262,0.2568133771419525,0.49922963976860046,0.2568133771419525,0.49922963976860046,0.17168906331062317,0.49922963976860046,0.2568133771419525,0.09195300936698914,0.2568133771419525,0.09195300936698914,0.3780215084552765,0.16389167308807373
186,100,1.184222347862301,0.3754331,0.967726385803362,0.6429229173873297,0.7405393106984519,0.03145706653594971,0.17009222507476807,0.03145706653594971,0.17009222507476807,0.21390584111213684,0.7081887722015381,0.17009222507476807,0.07093179225921631,0.17009222507476807,0.07093179225921631,0.3035043776035309,0.17298364639282227
187,100,1.931609115107004,0.4819381,0.95165369019578,0.955945560433406,0.5755119871130514,0.20380383729934692,0.4775097966194153,0.20380383729934692,0.4775097966194153,0.3597317934036255,0.4775097966194153,0.20380383729934692,0.0655205249786377,0.20380383729934692,0.0655205249786377,0.3406568169593811,0.1630716621875763
188,100,1.2624737447100134,0.3861232,0.8948259598149877,0.7350984962586685,0.5193151920214554,0.031220972537994385,0.08743119239807129,0.031220972537994385,0.08743119239807129,0.09594976902008057,0.22613149881362915,0.08743119239807129,0.05787956714630127,0.08743119239807129,0.05787956714630127,0.15678134560585022,0.1155286431312561
189,100,2.0789567385978955,0.42497948,1.0692380064029463,0.6489809528249236,0.47417740856658996,0.15573334693908691,0.15573334693908691,0.15573334693908691,0.15573334693908691,0.19861328601837158,0.3055817484855652,0.15573334693908691,0.053489089012145996,0.15573334693908691,0.053489089012145996,0.23065754771232605,0.09928721189498901
190,100,1.4430240387263358,0.705908,0.8001594334405517,1.099984328669762,0.9116391617527928,0.2986052632331848,0.6978593468666077,0.2986052632331848,0.6978593468666077,0.4445638656616211,1.5425984859466553,0.2986052632331848,0.10738599300384521,0.2986052632331848,0.10738599300384521,0.5927778482437134,0.24842998385429382
191,100,3.611257957386103,0.49133226,0.9582494360449184,0.7372931570416359,0.8960617604470233,0.10477662086486816,0.10477662086486816,0.10477662086486816,0.10477662086486816,0.3383418917655945,0.8460192084312439,0.10477662086486816,0.05480027198791504,0.10477662086486816,0.05480027198791504,0.24013641476631165,0.1543634831905365
192,100,4.468244507303812,0.5651393,0.9453907097686607,0.7649438196722789,0.3407017150669778,0.041347384452819824,0.1162341833114624,0.041347384452819824,0.1162341833114624,0.1627901792526245,0.2757340669631958,0.1162341833114624,0.01018989086151123,0.1162341833114624,0.01018989086151123,0.1959841251373291,0.059690266847610474
193,100,4.298739352204421,0.6974292,1.140197136173748,0.6780577863396955,0.6480855855297079,0.030658483505249023,0.030658483505249023,0.030658483505249023,0.030658483505249023,0.07278895378112793,0.14858567714691162,0.030658483505249023,0.011016309261322021,0.030658483505249023,0.011016309261322021,0.08962208032608032,0.025361716747283936
194,100,1.9263269882806056,1.0232356,1.0293373885945356,1.0404716070190942,0.6761509711466909,0.10540735721588135,0.08836996555328369,0.10540735721588135,0.08836996555328369,0.10617256164550781,0.08836996555328369,0.1351381540298462,0.03335845470428467,0.1351381540298462,0.03335845470428467,0.11175405979156494,0.08518064022064209
195,100,4.712681103017776,0.87186927,0.9999757423881712,0.9705063140730267,0.6540146658830728,0.18198305368423462,0.15871936082839966,0.18198305368423462,0.15871936082839966,0.18910402059555054,0.22224795818328857,0.15871936082839966,0.07110065221786499,0.15871936082839966,0.07110065221786499,0.19048365950584412,0.1784166693687439
196,100,2.572342829626363,1.8258315,0.9064592635739097,1.281819254351952,1.0478305409556814,0.324751615524292,0.4522583484649658,0.324751615524292,0.4522583484649658,0.7674863338470459,1.388404369354248,0.3458280563354492,0.019864797592163086,0.3458280563354492,0.019864797592163086,0.5846952199935913,0.20868408679962158
197,100,1.6826645448418858,1.317236,1.0620460050289369,0.7469693355812752,0.900157584005461,0.2172642946243286,0.2172642946243286,0.2172642946243286,0.2172642946243286,0.0871419906616211,0.9445364475250244,0.2172642946243286,0.10019052028656006,0.2172642946243286,0.10019052028656006,0.1974603533744812,0.15815609693527222
198,100,3.9880248094814266,1.5323834,0.8298494016233178,1.2577651646948353,0.8017156866868747,0.309689998626709,0.5863057374954224,0.309689998626709,0.5863057374954224,0.32334470748901367,0.5863057374954224,0.309689998626709,0.1334846019744873,0.309689998626709,0.1334846019744873,0.4479978680610657,0.20910298824310303
199,100,3.5454454841166365,1.4944675,0.7186422622810631,0.9946350110022673,1.0511627819235483,0.1989450454711914,1.2226929664611816,0.1989450454711914,1.2226929664611816,0.23271620273590088,1.2226929664611816,0.1989450454711914,0.03164196014404297,0.1989450454711914,0.03164196014404297,0.4233575761318207,0.14222347736358643
200,100,3.3498786889862484,0.8551983,0.9537679433976253,0.6284413495552292,0.6454927243445949,0.09703719615936279,0.09703719615936279,0.09703719615936279,0.09703719615936279,0.03595912456512451,0.7758877277374268,0.09703719615936279,0.056416988372802734,0.09703719615936279,0.056416988372802734,0.12955275177955627,0.0915454626083374
201,100,1.834737334451292,2.0991995,1.0140182617603704,1.1377472612251536,0.7155557461210953,0.2914400100708008,0.6136600971221924,0.2914400100708008,0.6136600971221924,0.4995725154876709,0.6136600971221924,0.2914400100708008,0.14649605751037598,0.2914400100708008,0.14649605751037598,0.4525500535964966,0.22814440727233887
202,100,2.3181088026732204,2.456582,0.7474682766086458,1.0363508050691628,1.2500663069668914,0.2553901672363281,1.1063183546066284,0.2553901672363281,1.1063183546066284,0.5662184953689575,1.1063183546066284,0.2553901672363281,0.01809525489807129,0.2553901672363281,0.01809525489807129,0.45897287130355835,0.10001349449157715
203,100,3.106499624329648,2.7103531,0.8001903907693539,1.1984585315449952,1.2816684971150665,0.3522458076477051,1.5712745189666748,0.3522458076477051,1.5712745189666748,0.9678481817245483,1.5712745189666748,0.3522458076477051,0.017445087432861328,0.3522458076477051,0.017445087432861328,0.6999418139457703,0.19346094131469727
204,100,1.5479781489463458,2.5277414,0.878107520223586,0.9637863477019919,1.267962450027158,0.2723824977874756,1.4384623765945435,0.2723824977874756,1.4384623765945435,0.31857848167419434,1.4384623765945435,0.2723824977874756,0.019434213638305664,0.2723824977874756,0.019434213638305664,0.4888826012611389,0.14305806159973145
205,100,1.131978731063177,2.2579737,0.9312921451385487,1.0091715183147452,0.9949557190549743,0.11583590507507324,0.29224491119384766,0.11583590507507324,0.29224491119384766,0.16398382186889648,1.4094510078430176,0.19424223899841309,0.07524275779724121,0.19424223899841309,0.07524275779724121,0.387360155582428,0.20475471019744873
206,100,0.8557688080524142,2.6032045,0.662323003999659,1.2092171879773281,1.179809612442845,0.2788419723510742,0.3632545471191406,0.2788419723510742,0.3632545471191406,0.5481362342834473,1.314522385597229,0.2788419723510742,0.02002239227294922,0.2788419723510742,0.02002239227294922,0.5772725343704224,0.2088015079498291
207,100,0.3078434184603877,2.3923182,0.7104117605079896,0.8864620838864767,1.2391316323985966,0.42540276050567627,1.4700349569320679,0.42540276050567627,1.4700349569320679,0.4232982397079468,1.4700349569320679,0.42540276050567627,0.0708470344543457,0.42540276050567627,0.0708470344543457,0.7012446522712708,0.1943415403366089
208,100,-0.081112025799504,2.4344966,0.6368918502735319,0.8487800015360629,1.23889129149289,0.5853660106658936,1.7804949283599854,0.5853660106658936,1.7804949283599854,0.9708281755447388,1.7804949283599854,0.5853660106658936,0.1271343231201172,0.5853660106658936,0.1271343231201172,0.9323908090591431,0.30802232027053833
209,100,1.5432253240444975,2.0053468,0.4579214413371897,0.7767139087939999,0.9991047786759961,0.5983221530914307,1.3716622591018677,0.5983221530914307,1.3716622591018677,0.97501540184021,1.3716622591018677,0.5983221530914307,0.09330415725708008,0.5983221530914307,0.09330415725708008,0.8938788771629333,0.2847369313240051
210,100,1.245727580990144,1.6484418,0.327459455176522,0.5181071696310109,0.8542440103757425,0.6617420315742493,0.8553709387779236,0.6617420315742493,0.8553709387779236,0.4877657890319824,0.8553709387779236,0.6617420315742493,0.033117055892944336,0.6617420315742493,0.033117055892944336,0.7827325463294983,0.09123528003692627
211,100,0.0412720650951545,1.7006682,0.8566297069832018,0.315210924653458,0.5622725011172779,0.5323275327682495,0.5323275327682495,0.5323275327682495,0.5323275327682495,0.01846444606781006,0.7141767740249634,0.5323275327682495,0.03167462348937988,0.5323275327682495,0.03167462348937988,0.6505740284919739,0.075775146484375
212,100,1.2310399161003036,2.0593925,0.628396240219832,1.0456603446277664,0.40215254674227174,0.6796282529830933,1.2501986026763916,0.6796282529830933,1.2501986026763916,1.093337059020996,1.2501986026763916,0.6796282529830933,0.03296709060668945,0.6796282529830933,0.03296709060668945,0.9649134278297424,0.13208842277526855
213,100,-0.2130816294249097,2.1401021,0.2598068360175261,0.7801215597316367,1.055074336423292,0.9580310583114624,1.9466286897659302,0.9580310583114624,1.9466286897659302,1.6727595329284668,1.9466286897659302,0.9580310583114624,0.010603189468383789,0.9580310583114624,0.010603189468383789,1.4397437572479248,0.27361130714416504
214,100,0.2377169965984548,1.4106793,0.5171492566895445,0.17933262198446553,0.8690405723949273,1.3629472255706787,2.0957961082458496,1.3629472255706787,2.0957961082458496,2.0590460300445557,2.0957961082458496,1.3629472255706787,0.028902530670166016,1.3629472255706787,0.028902530670166016,1.7147458791732788,0.3468203842639923
215,100,0.8671304017089603,-0.29044056,0.19223641367994015,0.30187751041706073,0.21035572819258141,0.7503262758255005,0.6749414205551147,0.7503262758255005,0.6749414205551147,0.10722953081130981,0.6981250643730164,0.7503262758255005,0.1130620539188385,0.7503262758255005,0.1130620539188385,0.7611480951309204,0.09436701238155365
216,100,0.4732194180080218,0.29515076,0.039344338207310425,0.14986470404410693,0.44174446970787656,0.8915019631385803,0.8932743668556213,0.8915019631385803,0.8932743668556213,0.16072681546211243,0.8932743668556213,0.8915019631385803,0.13386371731758118,0.8915019631385803,0.13386371731758118,0.8368868827819824,0.07931952178478241
217,100,0.91796384438691,-0.22924358,0.18395656557862497,0.09929948673292333,0.31851759720657696,0.9049256443977356,0.40478330850601196,0.9049256443977356,0.40478330850601196,0.44440072774887085,0.40478330850601196,0.12093901634216309,0.11887389421463013,0.12093901634216309,0.11887389421463013,0.20831352472305298,0.3081532120704651
218,100,1.2068561585631368,0.9335084,0.21715256013616246,0.500925615801127,0.17896026924662178,0.8415612578392029,1.1543140411376953,0.8415612578392029,1.1543140411376953,0.8944309949874878,1.1543140411376953,0.8415612578392029,0.2789660096168518,0.8415612578392029,0.2789660096168518,0.9979376792907715,0.43060413002967834
219,100,-0.578734960134879,1.6050131,0.4685544339344673,0.3488245598741415,0.5550473404606591,0.596238374710083,1.556404709815979,0.596238374710083,1.556404709815979,1.114013910293579,1.556404709815979,0.6377318501472473,0.27879226207733154,0.6377318501472473,0.27879226207733154,0.8993253707885742,0.51136714220047
220,100,0.3601492982717602,1.0252851,0.4827881902328266,0.37149827081159636,0.13898888551646083,0.7217059135437012,0.7217059135437012,0.7217059135437012,0.7217059135437012,1.2315553426742554,1.4462960958480835,0.7217059135437012,0.4134652614593506,0.7217059135437012,0.4134652614593506,1.084001064300537,0.7613447904586792
221,100,1.5949556752952097,1.3334564,0.15134328237616312,0.6346112802061428,0.6869552192050976,0.6257627010345459,1.6990264654159546,0.6257627010345459,1.6990264654159546,1.6643370389938354,1.6990264654159546,0.965114176273346,0.2514246702194214,0.965114176273346,0.2514246702194214,1.4619264602661133,0.425814151763916
222,100,-0.0734544044560018,-0.058027573,0.036635216799183745,0.5102259864025713,0.3907574754579574,1.8982393741607666,0.3240017592906952,1.8982393741607666,0.3240017592906952,0.7718283534049988,0.8615853190422058,0.5473307371139526,0.20282429456710815,0.5473307371139526,0.20282429456710815,0.6353430151939392,0.6536836624145508
223,100,-0.619615904481405,-0.36872676,0.31135813354216924,0.13788493353988718,0.7249410925913105,2.6164116859436035,0.446232408285141,2.6164116859436035,0.446232408285141,2.1239824295043945,0.446232408285141,0.6920031905174255,0.24271520972251892,0.6920031905174255,0.24271520972251892,0.44804275035858154,0.5200573801994324
224,100,0.0828489717077654,0.22641133,0.19886059179594834,0.5398064613457499,0.04980019163148297,1.0959064960479736,1.0670603513717651,1.0959064960479736,1.0670603513717651,0.22352661192417145,1.0670603513717651,1.0959064960479736,0.31381118297576904,1.0959064960479736,0.31381118297576904,1.0814833641052246,0.29311421513557434
225,100,0.5590908912683404,0.09981179,0.36736726860717395,0.18860579819716136,0.5537376669571572,1.0426247119903564,0.7379187941551208,1.0426247119903564,0.7379187941551208,0.4288201928138733,0.7379187941551208,1.0426247119903564,0.05623482167720795,1.0426247119903564,0.05623482167720795,0.9088301658630371,0.24892491102218628
226,100,-1.888112257578778,-1.2691137,0.22939861916594495,0.59058323307955,0.5420178693184736,0.6421524286270142,0.1995621919631958,0.6421524286270142,0.1995621919631958,0.8830379247665405,0.245019793510437,0.22726202011108398,0.01965510845184326,0.22726202011108398,0.01965510845184326,0.25077515840530396,0.014930784702301025
227,100,0.3617987058682478,-1.0743506,0.10273639213844254,0.2989640922135196,0.8255164257196319,1.426720380783081,0.058516860008239746,1.426720380783081,0.058516860008239746,1.7877073287963867,0.058516860008239746,0.24091362953186035,0.1024852991104126,0.24091362953186035,0.1024852991104126,0.22419211268424988,0.11014562845230103
228,100,0.5765421241441545,-1.0046853,0.7502291238133847,0.06610508933919412,0.36594395157705073,1.9728574752807617,0.721698522567749,1.9728574752807617,0.721698522567749,2.336859703063965,0.27608323097229004,0.721698522567749,0.1984497308731079,0.721698522567749,0.1984497308731079,0.6824118494987488,0.21430951356887817
229,100,0.6467174078012496,-1.2165823,0.1462058575881512,1.118429482751286,0.0638103834209367,2.885094404220581,0.718058705329895,2.885094404220581,0.718058705329895,2.801575183868408,0.718058705329895,0.9161268472671509,0.17853760719299316,0.9161268472671509,0.17853760719299316,0.817092776298523,0.20749598741531372
230,100,-0.7330924167384438,-0.87335426,0.007466234503589186,0.13802553365115833,0.9524667156200948,2.632786512374878,0.2171267867088318,2.632786512374878,0.2171267867088318,2.558565139770508,0.2171267867088318,0.7040008306503296,0.19793063402175903,0.7040008306503296,0.19793063402175903,0.5974326133728027,0.2400168776512146
231,100,-0.0112721017228885,0.2535256,0.14082670840354708,0.010567730683129328,0.12644989017870825,0.34863436222076416,0.34863436222076416,0.34863436222076416,0.34863436222076416,0.391262948513031,0.7915149927139282,0.34863436222076416,0.31701087951660156,0.34863436222076416,0.31701087951660156,0.4422403872013092,0.40089696645736694
232,100,0.326026087523099,-0.20436797,0.4488446641828596,0.0513099298341988,0.020456706279331938,1.108377456665039,0.37608057260513306,1.108377456665039,0.37608057260513306,0.6615568995475769,0.06358945369720459,0.37608057260513306,0.415326863527298,0.37608057260513306,0.415326863527298,0.21983501315116882,0.5642672181129456
233,100,0.3043696566546792,-0.70290923,0.22756747311281988,0.6461097569016043,0.05897823949040415,1.422101616859436,0.3995336890220642,1.422101616859436,0.3995336890220642,1.8238000869750977,0.3995336890220642,0.39354729652404785,0.268887996673584,0.39354729652404785,0.268887996673584,0.39654049277305603,0.26703178882598877
234,100,0.4327866651318411,-0.9620119,0.13532194666743702,0.3129177407147138,0.6572360158145836,1.135857343673706,0.19168585538864136,1.135857343673706,0.19168585538864136,1.4161036014556885,0.19168585538864136,0.34101468324661255,0.11821812391281128,0.34101468324661255,0.11821812391281128,0.3442992866039276,0.11619877815246582
235,100,0.2788248599879624,-0.29204482,0.08702536368953812,0.10848569589638218,0.3725758656552157,0.3675139546394348,0.3505784273147583,0.3675139546394348,0.3505784273147583,0.1115163117647171,0.3505784273147583,0.011067569255828857,0.14795833826065063,0.011067569255828857,0.14795833826065063,0.11326593160629272,0.2539113461971283
236,100,-0.3975418448981765,0.22812818,0.016781121940444815,0.06405066796082405,0.049895289798884815,0.11466747522354126,0.4327246844768524,0.11466747522354126,0.4327246844768524,0.2575285732746124,0.6236345767974854,0.19604432582855225,0.2467171847820282,0.19604432582855225,0.2467171847820282,0.29805415868759155,0.3497014343738556
237,100,-1.227683452357475,0.24098192,0.02834813583552631,0.03157225578920944,0.06363478727971564,0.1518753618001938,0.6754112243652344,0.1518753618001938,0.6754112243652344,0.44393038749694824,0.6754112243652344,0.2590104341506958,0.1513499915599823,0.2590104341506958,0.1513499915599823,0.3998929560184479,0.29974788427352905
238,100,-1.0995392228847236,-0.3666629,0.3716996514920107,0.14275031913187092,0.10856736904567033,0.6893947124481201,0.20625388622283936,0.6893947124481201,0.20625388622283936,0.5808782577514648,0.014157295227050781,0.20625388622283936,0.3719857633113861,0.20625388622283936,0.3719857633113861,0.11020559072494507,0.4524838328361511
239,100,-2.7031897724668728,-1.0531697,0.614093159098191,0.4796446369532048,0.2538284733635452,1.178830623626709,0.38360291719436646,1.178830623626709,0.38360291719436646,2.04695987701416,0.6521503329277039,0.38360291719436646,0.12810611724853516,0.38360291719436646,0.12810611724853516,0.5178766250610352,0.06483340263366699
240,100,-2.119217515779889,-1.4568802,0.5614626187690346,0.642967638063574,0.37208599414151555,0.563093900680542,0.5785782337188721,0.563093900680542,0.5785782337188721,1.3333592414855957,0.5785782337188721,0.2696932554244995,0.08645689487457275,0.2696932554244995,0.08645689487457275,0.4241357445716858,0.20094287395477295
241,100,-1.7207671776065745,-1.738641,0.7342281923261292,0.5564273486995617,0.6732464663402732,0.611058235168457,0.1308211088180542,0.611058235168457,0.1308211088180542,1.280098557472229,0.9717470407485962,0.1308211088180542,0.13431894779205322,0.1308211088180542,0.13431894779205322,0.3105378746986389,0.24754679203033447
242,100,-2.8934276446762146,-1.6434457,0.5652761796354941,0.7906917362406694,0.5097628315891496,0.5269173383712769,0.411163330078125,0.5269173383712769,0.411163330078125,1.656293511390686,0.411163330078125,0.21448194980621338,0.0724261999130249,0.21448194980621338,0.0724261999130249,0.3128226399421692,0.1261284351348877
243,100,-1.2648445129722377,-1.9608525,0.646331604147695,0.7807195835660414,0.862618907902044,0.5907468795776367,1.4676342010498047,0.5907468795776367,1.4676342010498047,1.7106494903564453,1.4676342010498047,0.3269386291503906,0.16409873962402344,0.3269386291503906,0.16409873962402344,0.5777103900909424,0.33364248275756836
244,100,-0.7124021819128422,-1.6779819,0.6344046068227376,0.5534678661229275,0.5864859522285122,0.2837862968444824,0.012534260749816895,0.2837862968444824,0.012534260749816895,0.7781580686569214,0.7132906317710876,0.012534260749816895,0.10065984725952148,0.012534260749816895,0.10065984725952148,0.13381034135818481,0.1843562126159668
245,100,-0.9410167014276434,-1.8214552,0.48804616486442476,0.8778491160765132,0.6937245447380642,0.6685073375701904,0.4370245933532715,0.6685073375701904,0.4370245933532715,1.978703498840332,1.0669344663619995,0.22829067707061768,0.09401583671569824,0.22829067707061768,0.09401583671569824,0.4358161687850952,0.20286458730697632
246,100,0.2997745781779719,-1.6790055,0.4260937239961935,0.5669333580177263,0.8196896453903306,1.276360034942627,1.025613784790039,1.276360034942627,1.025613784790039,2.3690943717956543,1.025613784790039,0.3608419895172119,0.11023271083831787,0.3608419895172119,0.11023271083831787,0.552070140838623,0.2156582474708557
247,100,-0.7845153397617177,-1.4776256,0.5031042194435579,0.47566564581789006,0.6209127984115299,0.3368070125579834,0.6698020696640015,0.3368070125579834,0.6698020696640015,0.7082073092460632,0.6698020696640015,0.19062364101409912,0.11295557022094727,0.19062364101409912,0.11295557022094727,0.3024798035621643,0.2060413360595703
248,100,-0.9823549697311352,-1.0129789,0.13189594291432205,0.6017479188100168,0.581693995295931,1.0533918142318726,0.23784613609313965,1.0533918142318726,0.23784613609313965,2.2157397270202637,0.632717490196228,0.3490939140319824,0.08661222457885742,0.3490939140319824,0.08661222457885742,0.5574922561645508,0.14517676830291748
249,100,0.0123281124515486,-1.0471547,0.4233102119076497,0.20287697915871106,0.752500040975121,1.2704236507415771,0.38078272342681885,1.2704236507415771,0.38078272342681885,2.1984641551971436,0.38078272342681885,0.3052786588668823,0.05989980697631836,0.3052786588668823,0.05989980697631836,0.41733118891716003,0.053698062896728516
250,100,-0.632874080916582,-1.1179551,0.5609505941060811,0.612259981315263,0.2255445837692911,0.6986880898475647,0.4706226587295532,0.6986880898475647,0.4706226587295532,1.9202016592025757,0.4706226587295532,0.1873788833618164,0.04057466983795166,0.1873788833618164,0.04057466983795166,0.3290007710456848,0.07879441976547241
251,100,1.78480958487412,-1.2514013,0.2548324583655166,0.6003276664648475,0.610899663386271,0.44968855381011963,0.4444487690925598,0.44968855381011963,0.4444487690925598,1.5474157333374023,0.4444487690925598,0.17107176780700684,0.0017206668853759766,0.17107176780700684,0.0017206668853759766,0.30960923433303833,0.08997523784637451
252,100,1.2855182865625234,-1.1575048,0.44292639357220276,0.2894920793928437,0.7308019182654384,0.9336469769477844,0.497170627117157,0.9336469769477844,0.497170627117157,1.667902946472168,0.497170627117157,0.2895891070365906,0.002707362174987793,0.2895891070365906,0.002707362174987793,0.39671140909194946,0.0573161244392395
253,100,1.3314749667227237,-0.23628122,0.3799710619644201,0.6116334273003015,0.37727472164325704,1.9119210243225098,0.4448511600494385,1.9119210243225098,0.4448511600494385,1.1041179895401,0.4448511600494385,0.3562842011451721,0.007064372301101685,0.3562842011451721,0.007064372301101685,0.4005676805973053,0.3415125608444214
254,100,1.6223678952607703,0.59388345,0.2740043860530525,0.449036353744592,0.4551166567657001,1.3207461833953857,1.1691370010375977,1.3207461833953857,1.1691370010375977,0.4909737706184387,1.1691370010375977,0.2634716033935547,0.6143941879272461,0.2634716033935547,0.6143941879272461,0.462157279253006,0.9538511037826538
255,100,0.5571093262482993,1.5395468,0.3324808971860359,0.326008129788121,0.46504496790699135,0.839626133441925,2.0018367767333984,0.839626133441925,2.0018367767333984,1.270304799079895,2.0018367767333984,0.839626133441925,0.6484587788581848,0.839626133441925,0.6484587788581848,1.1627177000045776,0.9810752868652344
256,100,1.916315655877759,1.6696805,0.39209731459886443,0.4304917451551125,0.4587928139095762,0.5879523754119873,2.313169002532959,0.5879523754119873,2.313169002532959,1.2721202373504639,2.313169002532959,0.8333122730255127,0.6659153699874878,0.8333122730255127,0.6659153699874878,1.2607786655426025,1.1072652339935303
257,100,1.5233916427224548,1.1997097,0.011872211516005926,0.4722497851757454,0.295819568290948,0.8824233412742615,1.170487403869629,0.8824233412742615,1.170487403869629,1.3149665594100952,1.6597034931182861,0.8824233412742615,0.3042448163032532,0.8824233412742615,0.3042448163032532,1.1523000001907349,0.6154168844223022
258,100,-0.0371472131670858,1.4047953,0.4961270775351534,0.01317423744658408,0.40518038855590366,0.8460025787353516,0.8460025787353516,0.8460025787353516,0.8460025787353516,1.566014051437378,1.892366886138916,0.8460025787353516,0.2885713577270508,0.8460025787353516,0.2885713577270508,1.2659986019134521,0.7045751214027405
259,100,1.8235875893299331,1.2615118,0.3222888812832405,0.4407772554590326,0.06466262719731553,0.873492956161499,1.4714350700378418,0.873492956161499,1.4714350700378418,1.3394886255264282,1.4714350700378418,0.873492956161499,0.21395564079284668,0.873492956161499,0.21395564079284668,1.1724640130996704,0.5683284997940063
260,100,2.16077089816682,1.2616209,0.1846110818209924,0.3142948104324669,0.3674592468279486,0.7321669459342957,1.2517085075378418,0.7321669459342957,1.2517085075378418,1.1423630714416504,1.2517085075378418,0.7321669459342957,0.015614151954650879,0.7321669459342957,0.015614151954650879,0.9979302883148193,0.3365163207054138
261,100,0.8941649346502942,0.9709321,0.4124921454289525,0.2766054274571925,0.2978832340732063,0.7940170168876648,0.7940170168876648,0.7940170168876648,0.7940170168876648,1.3013606071472168,1.381409764289856,0.7940170168876648,0.01665186882019043,0.7940170168876648,0.01665186882019043,1.0932482481002808,0.338262677192688
262,100,2.5119224255093906,1.2100804,0.49255235611598724,0.39303771074528404,0.2611426153601082,0.8778313398361206,0.8778313398361206,0.8778313398361206,0.8778313398361206,1.452788233757019,1.5506480932235718,0.8778313398361206,0.014703869819641113,0.8778313398361206,0.014703869819641113,1.2142397165298462,0.4014696180820465
263,100,1.2586015767249736,1.8978953,0.09854367609644665,0.487274089540096,0.42405777324720734,0.6756367683410645,1.010204553604126,0.6756367683410645,1.010204553604126,1.4448225498199463,1.9152745008468628,0.6756367683410645,0.22651457786560059,0.6756367683410645,0.22651457786560059,1.140115737915039,0.5951758623123169
264,100,0.3082713655501348,1.7163581,0.517970256366578,0.06605047230765604,0.48419192319422244,0.822196364402771,0.822196364402771,0.822196364402771,0.822196364402771,1.5879104137420654,1.9930363893508911,0.822196364402771,0.30363035202026367,0.822196364402771,0.30363035202026367,1.2683072090148926,0.7456551790237427
265,100,0.8276906359589842,1.3932047,0.15711839945148387,0.5318032293692485,0.030418142548336524,0.9412236213684082,1.390519142150879,0.9412236213684082,1.390519142150879,0.9431843757629395,1.390519142150879,0.9412236213684082,0.3146781921386719,0.9412236213684082,0.3146781921386719,1.1658713817596436,0.5607636570930481
266,100,-0.1511136760057018,1.0666931,0.2240409958992422,0.16724572872224563,0.464982703712183,0.8511725664138794,1.3847209215164185,0.8511725664138794,1.3847209215164185,0.007644534111022949,1.3847209215164185,0.8511725664138794,0.5955241918563843,0.8511725664138794,0.5955241918563843,0.9170950055122375,0.6670295596122742
267,100,-1.0173262011574715,0.5636045,0.05039022723372849,0.22701419224239303,0.074129317314252,0.265683114528656,0.42413586378097534,0.265683114528656,0.42413586378097534,0.1533283293247223,0.7157236337661743,0.1197076141834259,0.3178975582122803,0.1197076141834259,0.3178975582122803,0.2962224781513214,0.47863131761550903
268,100,1.5188117936105374,0.13810283,0.38258929149954995,0.04539954223225218,0.17431810009213228,0.428738534450531,0.05252814292907715,0.428738534450531,0.05252814292907715,0.49538785219192505,0.2704326808452606,0.05252814292907715,0.25121641159057617,0.05252814292907715,0.25121641159057617,0.04085508733987808,0.281211256980896
269,100,-0.9896984620210116,-0.25361744,0.6104700594653993,0.3321513966929256,0.07029911120425403,0.8794698715209961,0.24376040697097778,0.8794698715209961,0.24376040697097778,1.2940359115600586,0.2819523811340332,0.24376040697097778,0.09653565287590027,0.24376040697097778,0.09653565287590027,0.2628563940525055,0.08619211614131927
270,100,-0.76286568823522,0.17821097,0.13240458242774422,0.5199912207847609,0.21677846366802017,1.0564817190170288,0.2554159462451935,1.0564817190170288,0.2554159462451935,1.5255228281021118,0.24065464735031128,0.17801719903945923,0.3720216751098633,0.17801719903945923,0.3720216751098633,0.18922550976276398,0.3674340844154358
271,100,-0.0448787086070371,-0.16380268,0.6403209625893749,0.11474193211427242,0.40428096870811725,1.1773080825805664,0.29776930809020996,1.1773080825805664,0.29776930809020996,2.0662834644317627,0.06496057659387589,0.29776930809020996,0.2511235773563385,0.29776930809020996,0.2511235773563385,0.40241706371307373,0.20963811874389648
272,100,-0.0327066361853268,-0.3719465,0.6046208208970902,0.5922199196159789,0.09088162693140611,1.098137617111206,0.21336062252521515,1.098137617111206,0.21336062252521515,2.3249518871307373,0.5154027342796326,0.21336062252521515,0.2108280062675476,0.21336062252521515,0.2108280062675476,0.36438167095184326,0.13533915579319
273,100,0.714095454421074,-0.35097048,0.2991019848388494,0.4455536303984136,0.3386907577130597,0.1605532169342041,0.06583529710769653,0.1605532169342041,0.06583529710769653,0.47331106662750244,0.13351979851722717,0.060428112745285034,0.004130423069000244,0.060428112745285034,0.004130423069000244,0.09362280368804932,0.02624264359474182
274,100,1.1921589676844908,-0.30611175,0.3047825020203476,0.31872524512464445,0.4191243303203602,0.3046784996986389,0.14956003427505493,0.3046784996986389,0.14956003427505493,0.3239540755748749,0.14956003427505493,0.12817957997322083,0.00786679983139038,0.12817957997322083,0.00786679983139038,0.13423050940036774,0.012663587927818298
275,100,0.2972610318474658,-0.0619604,0.13406293776487976,0.361312626589,0.2866050349708481,0.20457583665847778,0.1685740351676941,0.20457583665847778,0.1685740351676941,0.42389705777168274,0.163560688495636,0.006945013999938965,0.17368492484092712,0.006945013999938965,0.17368492484092712,0.010406255722045898,0.17122186720371246
276,100,2.0088851301310378,0.4762362,0.11900730843294113,0.04984929991239531,0.2422868217184781,0.36256757378578186,0.5995895862579346,0.36256757378578186,0.5995895862579346,0.0884249210357666,0.5995895862579346,0.008418262004852295,0.2263081967830658,0.008418262004852295,0.2263081967830658,0.21002358198165894,0.4158308506011963
277,100,3.6519871481242303,0.37216628,0.22008416453485236,0.051347978361898305,0.1546480574763518,0.23582935333251953,0.11063629388809204,0.23582935333251953,0.11063629388809204,0.12883096933364868,0.6545252799987793,0.11063629388809204,0.4272119998931885,0.11063629388809204,0.4272119998931885,0.23526428639888763,0.508804976940155
278,100,1.9067838108527408,1.0149409,0.44576873503548575,0.173297649076612,0.11037853544520387,0.8140920400619507,0.8140920400619507,0.8140920400619507,0.8140920400619507,0.2154219150543213,0.937345564365387,0.8140920400619507,0.4288504719734192,0.8140920400619507,0.4288504719734192,0.8757188320159912,0.48510077595710754
279,100,2.6051364156056467,1.6770704,0.8741038810346543,0.3868051524629299,0.20767675386261697,1.2774208784103394,1.2774208784103394,1.2774208784103394,1.2774208784103394,1.4197593927383423,1.9288098812103271,1.2774208784103394,0.10490894317626953,1.2774208784103394,0.10490894317626953,1.6031153202056885,0.4725937843322754
280,100,3.986051350628678,2.0720465,0.3930073486596244,0.6871439433333393,0.24607312233152023,0.9711489677429199,1.7611751556396484,0.9711489677429199,1.7611751556396484,1.029045820236206,1.7611751556396484,0.9711489677429199,0.42445337772369385,0.9711489677429199,0.42445337772369385,1.3661620616912842,0.7839503884315491
281,100,2.6132810990898356,2.4152012,0.5243561573300982,0.36644270022710157,0.6577380294703539,0.8064957857131958,2.4817817211151123,0.8064957857131958,2.4817817211151123,1.2911744117736816,2.4817817211151123,0.8064957857131958,0.44151103496551514,0.8064957857131958,0.44151103496551514,1.2590234279632568,0.8860647678375244
282,100,1.2531843996484349,2.2643738,0.7551771164375688,0.5208149936907889,0.31259555509153936,0.8534649610519409,0.8534649610519409,0.8534649610519409,0.8534649610519409,1.2689446210861206,1.8935610055923462,0.8534649610519409,0.4550861120223999,0.8534649610519409,0.4550861120223999,1.3735129833221436,0.8651102781295776
283,100,2.3477618679025256,2.7372124,0.541366464877661,0.9006201158120872,0.5250584484170802,1.0299283266067505,2.139296770095825,1.0299283266067505,2.139296770095825,1.5137629508972168,2.139296770095825,1.0299283266067505,0.6173715591430664,1.0299283266067505,0.6173715591430664,1.5846126079559326,1.0959103107452393
284,100,-0.4849911444457309,2.1869705,0.1547110914684755,0.4479257873230681,0.6727322308135402,0.6577411890029907,2.2390928268432617,0.6577411890029907,2.2390928268432617,1.094538927078247,2.2390928268432617,0.6577411890029907,0.17528676986694336,0.6577411890029907,0.17528676986694336,1.2086317539215088,0.40992486476898193
285,100,1.3423326443984498,2.2423232,0.5690147712621901,0.18003420246272128,0.6393957094151745,1.145918607711792,2.4556760787963867,1.145918607711792,2.4556760787963867,2.0119168758392334,2.4556760787963867,1.145918607711792,0.6078225374221802,1.145918607711792,0.6078225374221802,1.6276243925094604,1.139527440071106
286,100,1.409439079688658,0.97385585,0.4628939535276789,0.5533985974094302,0.11416735020034074,1.0214182138442993,0.878466010093689,1.0214182138442993,0.878466010093689,0.24972689151763916,0.878466010093689,1.0214182138442993,0.5062485933303833,1.0214182138442993,0.5062485933303833,0.9499421119689941,0.4074045717716217
287,100,1.0671470518167565,0.7011348,0.12880015383471322,0.554315133090691,0.43139994769161916,1.4029520750045776,0.3065464496612549,1.4029520750045776,0.3065464496612549,0.661318302154541,1.0077667236328125,0.24411273002624512,0.5208877325057983,0.24411273002624512,0.5208877325057983,0.4403897225856781,0.8082001805305481
288,100,1.3861245621586735,0.27535668,0.14651850859324128,0.15306888546321012,0.6116153334117017,1.2816797494888306,0.7706419825553894,1.2816797494888306,0.7706419825553894,0.6226608753204346,0.7706419825553894,0.23613795638084412,0.4838140606880188,0.23613795638084412,0.4838140606880188,0.3123661279678345,0.6757391691207886
289,100,-0.2244961936073379,1.139286,0.10984871905501892,0.22604169843788802,0.16105895291988262,0.5617642402648926,0.9661075472831726,0.5617642402648926,0.9661075472831726,0.9992757439613342,1.368035078048706,0.5617642402648926,0.3860110640525818,0.5617642402648926,0.3860110640525818,0.7896119356155396,0.6327682733535767
290,100,2.291269077135971,1.005527,0.17686653156409554,0.03184219584176229,0.0925354963725375,0.5226821899414062,0.5310036540031433,0.5226821899414062,0.5310036540031433,0.8860583901405334,1.1076860427856445,0.5310036540031433,0.4457193613052368,0.5310036540031433,0.4457193613052368,0.7116628289222717,0.602434515953064
291,100,0.630930207136886,0.37426952,0.3633608312387647,0.14218402218675297,0.00041685686078674067,0.7291643619537354,0.08279970288276672,0.7291643619537354,0.08279970288276672,0.10030171275138855,0.43960702419281006,0.08279970288276672,0.39840826392173767,0.08279970288276672,0.39840826392173767,0.2612033486366272,0.5675017833709717
292,100,-0.3003370612737248,0.81966937,0.48302316568356585,0.36950799639743204,0.10591245856123288,0.8108840584754944,0.8108840584754944,0.8108840584754944,0.8108840584754944,0.23090338706970215,0.7493765354156494,0.8108840584754944,0.39703696966171265,0.8108840584754944,0.39703696966171265,0.7801302671432495,0.3670365810394287
293,100,0.577037226649241,0.6808052,0.02253000372924735,0.519827242748639,0.3619049631212791,0.8549209237098694,1.0364785194396973,0.8549209237098694,1.0364785194396973,0.18757635354995728,0.980771541595459,0.8549209237098694,0.2426653504371643,0.8549209237098694,0.2426653504371643,0.8229587078094482,0.19919031858444214
294,100,0.112133386312178,0.6612651,0.3143951476926041,0.03491938075761203,0.5381486507651118,0.8977527618408203,1.0043898820877075,0.8977527618408203,1.0043898820877075,0.13757175207138062,1.0043898820877075,0.8977527618408203,0.26761937141418457,0.8977527618408203,0.26761937141418457,0.8511735200881958,0.213047593832016
295,100,-1.2977263135810926,-0.07469916,0.04235012913794867,0.4091602470917799,0.07474311525674215,0.5876865386962891,0.0753081738948822,0.5876865386962891,0.0753081738948822,0.2435702383518219,0.3378392457962036,0.1300847828388214,0.1931133270263672,0.1300847828388214,0.1931133270263672,0.14555679261684418,0.31111931800842285
296,100,-1.868341140116465,-0.2189826,0.232447642653771,0.08030140285997867,0.42118572794489834,0.4816727340221405,0.12735283374786377,0.4816727340221405,0.12735283374786377,0.6328986883163452,0.12735283374786377,0.10362756252288818,0.17963236570358276,0.10362756252288818,0.17963236570358276,0.08434790372848511,0.19464915990829468
297,100,-0.5421245919206319,-0.44470882,0.5931244449453152,0.18850316803684775,0.05262871304866168,1.0411803722381592,0.358844518661499,1.0411803722381592,0.358844518661499,1.1772011518478394,0.318459153175354,0.358844518661499,0.10152673721313477,0.358844518661499,0.10152673721313477,0.3386518359184265,0.11278152465820312
298,100,-1.2779804529027343,-0.7205608,0.5291778543944826,0.44876871004547014,0.13047095207670312,0.784500777721405,0.24074900150299072,0.784500777721405,0.24074900150299072,1.6625010967254639,0.5262387990951538,0.24074900150299072,0.01092827320098877,0.24074900150299072,0.01092827320098877,0.38349390029907227,0.07891690731048584
299,100,-1.652298239815353,-0.84570795,0.2956356032290641,0.5180249516900207,0.40302502374961663,0.3961062729358673,0.24645692110061646,0.3961062729358673,0.24645692110061646,1.1169174909591675,0.466385155916214,0.14550846815109253,0.06657248735427856,0.14550846815109253,0.06657248735427856,0.2351934313774109,0.11471331119537354
300,100,-2.1593446749405527,-1.0113463,0.5268880696359167,0.31563648735765115,0.5682268210741148,0.649563193321228,0.8077827095985413,0.649563193321228,0.8077827095985413,1.3993215560913086,0.8077827095985413,0.27131515741348267,0.08028167486190796,0.27131515741348267,0.08028167486190796,0.4504750669002533,0.22898995876312256
301,100,-1.421457867664712,-0.9984658,0.4751123953418634,0.4500629016649477,0.314882696942263,0.39087581634521484,0.1606290340423584,0.39087581634521484,0.1606290340423584,0.9945940375328064,0.38256585597991943,0.1606290340423584,0.05674088001251221,0.1606290340423584,0.05674088001251221,0.2715974450111389,0.1395798921585083
302,100,-2.397832704424875,-1.1812166,0.6011575933456214,0.5110927507460529,0.41850792480907906,0.4980996251106262,0.277789831161499,0.4980996251106262,0.277789831161499,1.0336381196975708,0.6172857284545898,0.277789831161499,0.14797210693359375,0.277789831161499,0.14797210693359375,0.44753777980804443,0.3016212284564972
303,100,-2.157184193766388,-1.5590537,0.4831658445580309,0.6964938738655387,0.6245522423554534,0.5145955085754395,0.6064668893814087,0.5145955085754395,0.6064668893814087,1.2576031684875488,1.2614129781723022,0.3039435148239136,0.19623446464538574,0.3039435148239136,0.19623446464538574,0.5512898564338684,0.37318533658981323
304,100,-2.1612667636695493,-1.502878,0.6908521812178734,0.4936822488635164,0.5673366664073514,0.5960893034934998,0.30955231189727783,0.5960893034934998,0.30955231189727783,1.441098690032959,1.3064841032028198,0.30955231189727783,0.1929030418395996,0.30955231189727783,0.1929030418395996,0.5360332727432251,0.39006951451301575
305,100,-0.8060215642112658,-1.1063335,0.4156913932963335,0.5256017315300676,0.38083063524306016,0.3008754849433899,0.35520273447036743,0.3008754849433899,0.35520273447036743,0.8713359832763672,0.35520273447036743,0.16162794828414917,0.08654332160949707,0.16162794828414917,0.08654332160949707,0.2584153413772583,0.15854766964912415
306,100,-0.9851110586644218,-1.8553063,0.6248906807545125,0.6881946435652647,0.8396741147713153,0.5224968194961548,1.9026669263839722,0.5224968194961548,1.9026669263839722,1.2416011095046997,1.9026669263839722,0.44966745376586914,0.305538535118103,0.44966745376586914,0.305538535118103,0.7837985754013062,0.5346681475639343
307,100,-2.6713769059420445,-1.2826952,0.3376842382847238,0.6229434273496935,0.5323087419943303,0.6165546774864197,0.47807663679122925,0.6165546774864197,0.47807663679122925,1.9865996837615967,1.0452451705932617,0.264046311378479,0.14676547050476074,0.264046311378479,0.14676547050476074,0.49931439757347107,0.2715613543987274
308,100,-0.5748494920133247,-1.3280382,0.35899539215208587,0.3784582218430498,0.7498924725407359,0.9975627660751343,1.0458760261535645,0.9975627660751343,1.0458760261535645,1.435770869255066,1.0458760261535645,0.39738017320632935,0.13668954372406006,0.39738017320632935,0.13668954372406006,0.5447402000427246,0.22020888328552246
309,100,-1.6270012063961965,-1.4516106,0.6800299315198075,0.41750971048660723,0.40456249806197864,0.9469351768493652,0.29632115364074707,0.9469351768493652,0.29632115364074707,1.4396623373031616,0.5767698884010315,0.29632115364074707,0.10964536666870117,0.29632115364074707,0.10964536666870117,0.4365455210208893,0.20259904861450195
310,100,-1.0484368994934117,-1.5162436,0.3056352683807053,0.8360431375705295,0.4278724466952979,1.5460506677627563,0.6812034249305725,1.5460506677627563,0.6812034249305725,2.2167909145355225,1.1931629180908203,0.4872063398361206,0.0982285737991333,0.4872063398361206,0.0982285737991333,0.7136011123657227,0.202259361743927
311,100,0.6079705052174478,-1.5478362,0.46569070295203496,0.29379230528698663,0.8158945675260831,1.30592942237854,1.078339695930481,1.30592942237854,1.078339695930481,2.5499815940856934,1.078339695930481,0.3904242515563965,0.06334471702575684,0.3904242515563965,0.06334471702575684,0.5923283100128174,0.15796899795532227
312,100,-1.507989728973015,-1.4355351,0.4216028454351872,0.713809570137578,0.35760634140306746,1.0090094804763794,0.8280462622642517,1.0090094804763794,0.8280462622642517,1.7110002040863037,0.8280462622642517,0.4625515341758728,0.15615630149841309,0.4625515341758728,0.15615630149841309,0.6452988982200623,0.2882271409034729
313,100,0.263430397081035,-1.0912324,0.07383711682152505,0.4803646323415115,0.7228342735390995,1.8001635074615479,0.8467953205108643,1.8001635074615479,0.8467953205108643,2.5729751586914062,0.8467953205108643,0.5918176174163818,0.15889430046081543,0.5918176174163818,0.15889430046081543,0.8495758771896362,0.13375544548034668
314,100,0.3366994099094769,-1.094945,0.5421542675583222,0.042310748697351075,0.5040662318365678,1.3017914295196533,0.4150732159614563,1.3017914295196533,0.4150732159614563,2.432978391647339,0.5713483691215515,0.4150732159614563,0.13817167282104492,0.4150732159614563,0.13817167282104492,0.6552597880363464,0.11882546544075012
315,100,-0.5648878495480472,-0.40387025,0.019549020005972473,0.657846209173862,0.1316418688347455,1.5500138998031616,0.5989190340042114,1.5500138998031616,0.5989190340042114,1.326828122138977,0.25906115770339966,0.7184358239173889,0.10956397652626038,0.7184358239173889,0.10956397652626038,0.5484368205070496,0.23094481229782104
316,100,1.5130880589492957,-0.40610728,0.06756175538409775,0.0025114603796685397,0.570364186076985,1.3801625967025757,0.27669256925582886,1.3801625967025757,0.27669256925582886,1.263771891593933,0.27669256925582886,0.5425843596458435,0.09827277064323425,0.5425843596458435,0.09827277064323425,0.47060590982437134,0.16265720129013062
317,100,-0.1564950671169759,-0.021821305,0.2555278012228176,0.10134113218340884,0.08261530788109678,0.6717628836631775,0.26549196243286133,0.6717628836631775,0.26549196243286133,0.47896265983581543,0.05578351765871048,0.26549196243286133,0.19470782577991486,0.26549196243286133,0.19470782577991486,0.1606377363204956,0.29443487524986267
318,100,1.1007253084970063,0.3613872,0.4579515907004527,0.23858007161375583,0.06185419854941643,0.5694870948791504,0.5694870948791504,0.5694870948791504,0.5694870948791504,0.5333800315856934,0.3101773262023926,0.5694870948791504,0.15365134179592133,0.5694870948791504,0.15365134179592133,0.4398322105407715,0.11664938181638718
319,100,-0.0270102247194484,0.38195312,0.0655645794039944,0.5433390801996505,0.20640384162619352,0.7010515928268433,0.6409538388252258,0.7010515928268433,0.6409538388252258,0.4466562867164612,0.34767889976501465,0.7010515928268433,0.06167083978652954,0.7010515928268433,0.06167083978652954,0.5558860898017883,0.18479901552200317
320,100,0.5503127366113822,0.80052876,0.35154151011424806,0.11555421416394895,0.6121612960965566,0.9470919370651245,1.3179341554641724,0.9470919370651245,1.3179341554641724,1.2329516410827637,1.3179341554641724,0.9470919370651245,0.08609002828598022,0.9470919370651245,0.08609002828598022,1.1671903133392334,0.22604483366012573
321,100,2.1357504374643166,0.4697797,0.018592740021825316,0.4517232175929236,0.09573531387649045,0.6019405126571655,0.5907760858535767,0.6019405126571655,0.5907760858535767,0.2529224455356598,0.4949633479118347,0.6019405126571655,0.010701358318328857,0.6019405126571655,0.010701358318328857,0.5541008710861206,0.05492548644542694
322,100,0.771309653157072,0.69299245,0.1661816740927008,0.016719089340917703,0.44017143923904467,0.5282727479934692,0.7407193779945374,0.5282727479934692,0.7407193779945374,0.5282316207885742,0.7407193779945374,0.5282727479934692,0.012034416198730469,0.5282727479934692,0.012034416198730469,0.6410225033760071,0.10899049043655396
323,100,0.836527291430669,0.9409676,0.6432529339035558,0.19806855063104545,0.03064107746397926,0.7322150468826294,0.7322150468826294,0.7322150468826294,0.7322150468826294,0.17144399881362915,1.061100721359253,0.7322150468826294,0.01287776231765747,0.7322150468826294,0.01287776231765747,0.8966578841209412,0.11731618642807007
324,100,1.2880212250142449,1.3203094,0.24408785154870183,0.6486553978847012,0.19326729137335252,0.6095681190490723,0.9032108783721924,0.6095681190490723,0.9032108783721924,0.4173252582550049,0.9032108783721924,0.6095681190490723,0.1511852741241455,0.6095681190490723,0.1511852741241455,0.7563894987106323,0.26135826110839844
325,100,1.9683654016267191,1.3187501,0.2511968411236388,0.26684304879805476,0.6527012190061439,0.692263126373291,1.3475686311721802,0.692263126373291,1.3475686311721802,0.4717087149620056,1.3475686311721802,0.692263126373291,0.22143757343292236,0.692263126373291,0.22143757343292236,0.858783483505249,0.35916417837142944
326,100,2.1195064316434515,1.151005,0.39302852740863325,0.30389364254484885,0.31069196571189533,0.39253294467926025,0.39253294467926025,0.39253294467926025,0.39253294467926025,0.535473108291626,1.3058831691741943,0.39253294467926025,0.34014689922332764,0.39253294467926025,0.34014689922332764,0.6199238896369934,0.5556294322013855
327,100,1.2893722773353482,1.466676,0.5843385387263247,0.4599651189975411,0.3389785098251199,0.5253467559814453,0.5253467559814453,0.5253467559814453,0.5253467559814453,0.8007233142852783,1.1895036697387695,0.5253467559814453,0.305192232131958,0.5253467559814453,0.305192232131958,0.8574252128601074,0.5900903344154358
328,100,2.4462082487895382,1.6594254,0.523188437371998,0.581507374890968,0.43290517873633183,0.352813720703125,1.0521653890609741,0.352813720703125,1.0521653890609741,0.9681742191314697,1.0521653890609741,0.40113604068756104,0.30795955657958984,0.40113604068756104,0.30795955657958984,0.7266507148742676,0.5776504278182983
329,100,2.8990468821373847,1.8522491,0.35465996016034573,0.5975118608844441,0.5825009226824616,0.3717600107192993,0.7567710876464844,0.3717600107192993,0.7567710876464844,1.104013442993164,1.784347653388977,0.3717600107192993,0.20871186256408691,0.3717600107192993,0.20871186256408691,0.782092273235321,0.4898661971092224
330,100,2.602906847431449,1.7028126,0.6445058919361366,0.36317485147171813,0.5535300080488434,0.49655652046203613,0.49655652046203613,0.49655652046203613,0.49655652046203613,1.0840740203857422,1.902362585067749,0.49655652046203613,0.2471987009048462,0.49655652046203613,0.2471987009048462,0.8668487668037415,0.5773438215255737
331,100,4.251598638159178,1.9570142,0.6579984490762874,0.6344379995568712,0.374437573849131,0.48553407192230225,0.48553407192230225,0.48553407192230225,0.48553407192230225,1.0957459211349487,1.3339109420776367,0.48553407192230225,0.2743504047393799,0.48553407192230225,0.2743504047393799,0.9097225069999695,0.6370888948440552
332,100,3.3958841429921947,2.1220949,0.5851330528919076,0.7104024309953003,0.6752351537423649,0.34190893173217773,1.0900273323059082,0.34190893173217773,1.0900273323059082,1.1593807935714722,2.7188754081726074,0.34190893173217773,0.3583254814147949,0.34190893173217773,0.3583254814147949,0.9111970067024231,0.6825716495513916
333,100,3.769574320198437,2.4165993,0.8343990208433866,0.6576110485467517,0.682872985928124,0.495739221572876,0.495739221572876,0.495739221572876,0.495739221572876,0.8625657558441162,2.887471914291382,0.495739221572876,0.38698744773864746,0.495739221572876,0.38698744773864746,0.9903420209884644,0.8364232778549194
334,100,5.15377509748894,2.6119874,0.7624248111191687,0.9207351816965336,0.6528004071198379,0.6105027198791504,1.6677095890045166,0.6105027198791504,1.6677095890045166,1.2920751571655273,1.6677095890045166,0.6105027198791504,0.4422745704650879,0.6105027198791504,0.4422745704650879,1.1391061544418335,0.8675841689109802
335,100,3.530001046744792,2.558279,0.7151807812122539,0.7101244731482974,0.8235123461029176,0.4955284595489502,3.0299980640411377,0.4955284595489502,3.0299980640411377,1.087066411972046,3.0299980640411377,0.4955284595489502,0.3393094539642334,0.4955284595489502,0.3393094539642334,0.8878028392791748,0.6816145181655884
336,100,5.190688713008951,2.8703628,1.0714418497384615,0.7537625917710387,0.6559489527877258,0.7045671939849854,0.7045671939849854,0.7045671939849854,0.7045671939849854,0.9990271329879761,1.5579360723495483,0.7045671939849854,0.3200216293334961,0.7045671939849854,0.3200216293334961,1.131251573562622,0.8095576167106628
337,100,3.296316058100423,3.020625,0.7906628550635171,1.0338857752299804,0.8166220488468392,0.6590466499328613,1.831188440322876,0.6590466499328613,1.831188440322876,1.4143954515457153,3.630497694015503,0.6590466499328613,0.5866875648498535,0.6590466499328613,0.5866875648498535,1.4083353281021118,1.0439459085464478
338,100,4.089515179317387,3.0064008,0.9422721737848524,0.6973588302142637,0.9331900358225679,0.6892364025115967,0.6892364025115967,0.6892364025115967,0.6892364025115967,1.9272379875183105,3.660073757171631,0.6892364025115967,0.34757232666015625,0.6892364025115967,0.34757232666015625,1.3182415962219238,1.1180269718170166
339,100,3.4753354386412663,2.789104,0.5689683691486462,0.8055596206196391,0.7252911801011498,0.41533970832824707,1.1528948545455933,0.41533970832824707,1.1528948545455933,0.8909085988998413,3.148019313812256,0.41533970832824707,0.353179931640625,0.41533970832824707,0.353179931640625,1.1217108964920044,0.7255864143371582
340,100,2.569878410719853,2.9283886,0.6705851321111843,0.6164058935140413,1.0512990488117093,0.5972743034362793,3.597376823425293,0.5972743034362793,3.597376823425293,1.2502676248550415,3.597376823425293,0.5972743034362793,0.1910405158996582,0.5972743034362793,0.1910405158996582,1.1630089282989502,0.5159006118774414
341,100,2.3403602158434462,2.879507,0.735821057699902,0.8211256882553457,0.6974368855561996,0.6747844219207764,1.8427608013153076,0.6747844219207764,1.8427608013153076,1.5462093353271484,1.8427608013153076,0.6747844219207764,0.5860235691070557,0.6747844219207764,0.5860235691070557,1.258772611618042,1.1346778869628906
342,100,2.743474011427782,2.896011,0.4402794548121516,0.6577927079755828,0.8600874492239294,0.6234986782073975,3.198641777038574,0.6234986782073975,3.198641777038574,1.7838120460510254,3.198641777038574,0.6234986782073975,0.2984766960144043,0.6234986782073975,0.2984766960144043,1.3754239082336426,0.6274692416191101
343,100,3.2469308284409824,2.7123778,0.474039935087625,0.6033714862725987,0.9102303827904756,1.2271860837936401,3.1082680225372314,1.2271860837936401,3.1082680225372314,2.0156731605529785,3.1082680225372314,1.2271860837936401,0.6442925930023193,1.2271860837936401,0.6442925930023193,1.8158104419708252,1.185973882675171
344,100,2.8255548292434876,2.586774,0.6336810636714975,0.559042763028972,0.6233457616719184,0.8527827262878418,0.8527827262878418,0.8527827262878418,0.8527827262878418,2.039442777633667,2.9959769248962402,0.8527827262878418,0.8187460899353027,0.8527827262878418,0.8187460899353027,1.489192247390747,1.4118722677230835
345,100,3.282472086749413,2.5685956,0.6332785506761561,0.5755391026626238,0.518337442299601,0.8028868436813354,0.8028868436813354,0.8028868436813354,0.8028868436813354,1.6225135326385498,1.8799257278442383,0.8028868436813354,0.7589372396469116,0.8028868436813354,0.7589372396469116,1.3414063453674316,1.2850117683410645
346,100,3.805209286158618,2.7432568,0.5855272354052443,0.7239028260470257,0.558042608675166,0.9010524749755859,2.0593903064727783,0.9010524749755859,2.0593903064727783,1.8685609102249146,2.0593903064727783,0.9010524749755859,0.7331557273864746,0.9010524749755859,0.7331557273864746,1.4802213907241821,1.2700326442718506
347,100,3.621393498350024,2.8535166,0.7302350244609659,0.6216076291214253,0.5757967414929692,0.9469621181488037,0.9469621181488037,0.9469621181488037,0.9469621181488037,2.02763032913208,2.322603940963745,0.9469621181488037,0.8006901741027832,0.9469621181488037,0.8006901741027832,1.6347830295562744,1.4080711603164673
348,100,5.075679698707841,2.6190813,0.6492226297016608,0.5828874173007677,0.4719207796853844,0.6863895654678345,0.6863895654678345,0.6863895654678345,0.6863895654678345,1.5164086818695068,1.776828408241272,0.6863895654678345,0.5423877239227295,0.6863895654678345,0.5423877239227295,1.2316089868545532,1.0520646572113037
349,100,3.648514925644462,2.8595574,0.6199498276043796,0.6231691787000171,0.5789584215615216,0.49218058586120605,1.532686710357666,0.49218058586120605,1.532686710357666,1.4572584629058838,1.532686710357666,0.49218058586120605,0.5028033256530762,0.49218058586120605,0.5028033256530762,1.012433648109436,0.9990445375442505
350,100,3.309555032860901,3.140829,0.6928081725215175,0.5563858523964873,0.6242153807399209,0.5238862037658691,0.5238862037658691,0.5238862037658691,0.5238862037658691,1.0959968566894531,3.3020639419555664,0.5238862037658691,0.3736879825592041,0.5238862037658691,0.3736879825592041,1.107539176940918,1.0225796699523926
351,100,2.296190708039473,3.0486882,0.3606461262733669,0.5348917105302365,0.5646987338502383,0.13498449325561523,2.7822153568267822,0.13498449325561523,2.7822153568267822,0.7190151214599609,2.7822153568267822,0.36014699935913086,0.22075223922729492,0.36014699935913086,0.22075223922729492,0.9343140721321106,0.4524573087692261
352,100,2.827152508173239,3.411137,0.483907160454804,0.6951772175806085,0.972751301972522,0.9521353244781494,3.6969339847564697,0.9521353244781494,3.6969339847564697,1.919358491897583,3.6969339847564697,0.9521353244781494,0.3307356834411621,0.9521353244781494,0.3307356834411621,1.7979300022125244,0.9044421315193176
353,100,1.6403877825869435,2.876577,0.36165150963538073,0.6037398716722872,0.6662819392057426,0.7596559524536133,3.074251651763916,0.7596559524536133,3.074251651763916,1.9833815097808838,3.074251651763916,0.7596559524536133,0.4600670337677002,0.7596559524536133,0.4600670337677002,1.4542185068130493,0.9062855839729309
354,100,2.958714062000987,2.7371616,0.5310358695327411,0.4460110046302337,0.6769927963486448,0.8578296899795532,3.231112241744995,0.8578296899795532,3.231112241744995,1.786468267440796,3.231112241744995,0.8578296899795532,0.49425792694091797,0.8578296899795532,0.49425792694091797,1.444772720336914,1.0321180820465088
355,100,2.6346401959863313,2.4653409,0.20470749556096535,0.6017142548849904,0.41559543959873235,1.1144428253173828,1.8307366371154785,1.1144428253173828,1.8307366371154785,2.0093560218811035,2.621417284011841,1.1144428253173828,0.5415835380554199,1.1144428253173828,0.5415835380554199,1.6451234817504883,1.06770920753479
356,100,2.876098483095689,2.6859937,0.6606736969958054,0.29332023093483306,0.5545897976434518,1.1149826049804688,1.1149826049804688,1.1149826049804688,1.1149826049804688,2.319340229034424,3.0466463565826416,1.1149826049804688,0.6167757511138916,1.1149826049804688,0.6167757511138916,1.745938777923584,1.2645008563995361
357,100,1.963801652948201,2.7306035,0.4685680365695575,0.6213291212020255,0.27445746849441477,0.9778833389282227,2.11206316947937,0.9778833389282227,2.11206316947937,1.954549789428711,2.11206316947937,0.9778833389282227,0.5578746795654297,0.9778833389282227,0.5578746795654297,1.5449732542037964,1.048629879951477
358,100,3.5294323226430455,2.9215205,0.4449357912200427,0.4889508393877967,0.7279090889284703,0.9858534336090088,3.377674102783203,0.9858534336090088,3.377674102783203,2.2341549396514893,3.377674102783203,0.9858534336090088,0.5662765502929688,0.9858534336090088,0.5662765502929688,1.6974728107452393,1.0203821659088135
359,100,2.538513072098006,2.5731773,0.29215307415965497,0.6062013258536654,0.5780580583511763,0.914246678352356,1.7897539138793945,0.914246678352356,1.7897539138793945,2.3115639686584473,3.0896894931793213,0.914246678352356,0.5493896007537842,0.914246678352356,0.5493896007537842,1.6755166053771973,1.1688133478164673
360,100,2.111903722170064,2.8773396,0.6286299656372509,0.32895225279442775,0.5572275195104357,0.7573966979980469,0.7573966979980469,0.7573966979980469,0.7573966979980469,1.8043525218963623,3.0766546726226807,0.7573966979980469,0.45366811752319336,0.7573966979980469,0.45366811752319336,1.4695491790771484,1.0868635177612305
361,100,2.359624616980332,2.7962024,0.44558760649252604,0.7195235716876709,0.30661631470283646,1.1048916578292847,2.2610318660736084,1.1048916578292847,2.2610318660736084,1.7859869003295898,2.2610318660736084,1.1048916578292847,0.5833878517150879,1.1048916578292847,0.5833878517150879,1.6829617023468018,1.0725603103637695
362,100,2.0260401700628012,2.772686,0.3215948069064887,0.4560255935972495,0.6927501786615434,1.0241389274597168,2.9966840744018555,1.0241389274597168,2.9966840744018555,1.7085782289505005,2.9966840744018555,1.0241389274597168,0.4166254997253418,1.0241389274597168,0.4166254997253418,1.6146669387817383,0.8763673901557922
363,100,2.6129006552172576,3.035371,0.3614656427471912,0.4088108020536987,0.580579596830858,0.7774360179901123,3.0099360942840576,0.7774360179901123,3.0099360942840576,1.6610865592956543,3.0099360942840576,0.7774360179901123,0.3434274196624756,0.7774360179901123,0.3434274196624756,1.3546485900878906,0.7194612622261047
364,100,3.4945981954416547,2.6858482,0.3099111214894614,0.4898745939903649,0.3931485909930209,0.9588507413864136,1.8648927211761475,0.9588507413864136,1.8648927211761475,2.0084824562072754,2.795628309249878,0.9588507413864136,0.5762405395507812,0.9588507413864136,0.5762405395507812,1.5328288078308105,1.1636741161346436
365,100,2.6003480338164024,2.849686,0.4973249371160348,0.401307049050569,0.41074841671792856,0.8718688488006592,0.8718688488006592,0.8718688488006592,0.8718688488006592,1.9452102184295654,2.9886889457702637,0.8718688488006592,0.8011152744293213,0.8718688488006592,0.8011152744293213,1.4702534675598145,1.377804160118103
366,100,3.331256786796411,3.074179,0.46458913424273107,0.45127420173477856,0.4131753794157633,0.46129345893859863,0.46129345893859863,0.46129345893859863,0.46129345893859863,0.9567139148712158,1.5168814659118652,0.46129345893859863,0.5514955520629883,0.46129345893859863,0.5514955520629883,0.9890874624252319,1.1446502208709717
367,100,3.3833672548613194,3.0635455,0.4151836454970732,0.642441903525816,0.3986912114974559,0.9520711898803711,2.19350528717041,0.9520711898803711,2.19350528717041,1.7389721870422363,2.19350528717041,0.9520711898803711,0.6251735687255859,0.9520711898803711,0.6251735687255859,1.5727882385253906,1.1256662607192993
368,100,1.6277962724244674,2.901827,0.5194797403726381,0.3935937637981679,0.490253197394081,0.6572284698486328,0.7125527858734131,0.6572284698486328,0.7125527858734131,1.8295866250991821,2.935457229614258,0.7125527858734131,0.5560872554779053,0.7125527858734131,0.5560872554779053,1.3093703985214233,1.1658638715744019
369,100,2.685132637139569,3.0743458,0.3382800788557817,0.4230678461210421,0.4597994520287336,0.2355191707611084,2.9442076683044434,0.2355191707611084,2.9442076683044434,1.0365796089172363,2.9442076683044434,0.4528219699859619,0.26128530502319336,0.4528219699859619,0.26128530502319336,1.0516242980957031,0.5574191808700562
370,100,1.1214073737363532,3.0746677,0.17421636587053646,0.4826064218360533,0.5559223944327675,0.6999149322509766,2.95196270942688,0.6999149322509766,2.95196270942688,2.1722116470336914,2.95196270942688,0.7202033996582031,0.24096894264221191,0.7202033996582031,0.24096894264221191,1.4630076885223389,0.6140836477279663
371,100,1.734640253420876,2.909336,0.34043878859670684,0.20051247408914397,0.6145202309482085,0.973881721496582,2.958369016647339,0.973881721496582,2.958369016647339,1.661888837814331,2.958369016647339,0.973881721496582,0.27400851249694824,0.973881721496582,0.27400851249694824,1.4904628992080688,0.5849180221557617
372,100,3.1670668019192707,2.678934,0.053818912722195744,0.4307436561179935,0.2417232851878684,0.6928019523620605,1.1440242528915405,0.6928019523620605,1.1440242528915405,1.0214595794677734,2.30102276802063,0.6928019523620605,0.23332619667053223,0.6928019523620605,0.23332619667053223,1.2508748769760132,0.5294135212898254
373,100,2.355912419983361,2.020691,0.1283382742675307,0.017120335059067404,0.3727858524347091,1.0356390476226807,2.008309841156006,1.0356390476226807,2.008309841156006,1.3184328079223633,2.008309841156006,1.0356390476226807,0.4242548942565918,1.0356390476226807,0.4242548942565918,1.3455570936203003,0.7495031952857971
374,100,2.167436427067817,2.7127235,0.43173599614412966,0.24395318907970387,0.08917639691293,0.7026987075805664,0.7026987075805664,0.7026987075805664,0.7026987075805664,0.8333005905151367,1.7893621921539307,0.7026987075805664,0.4467277526855469,0.7026987075805664,0.4467277526855469,1.2460304498672485,0.8682806491851807
375,100,3.1023009387698868,2.777588,0.28428624931377255,0.5102565919154705,0.1758263484411624,1.046062707901001,2.0233652591705322,1.046062707901001,2.0233652591705322,1.6728906631469727,2.0233652591705322,1.046062707901001,0.519798994064331,1.046062707901001,0.519798994064331,1.5347139835357666,0.9542802572250366
376,100,1.5131580882327356,3.0524375,0.2695337106502549,0.31209536273147664,0.40128522746495343,0.6143577098846436,2.5533008575439453,0.6143577098846436,2.5533008575439453,1.1331312656402588,2.5533008575439453,0.6143577098846436,0.33609557151794434,0.6143577098846436,0.33609557151794434,1.0931921005249023,0.675278902053833
377,100,0.3718303314614006,2.9778538,0.3550683563363912,0.29361854263187714,0.34859110253680664,0.34998512268066406,0.34998512268066406,0.34998512268066406,0.34998512268066406,0.8854069709777832,2.8652455806732178,0.34998512268066406,0.32089757919311523,0.34998512268066406,0.32089757919311523,0.8878864645957947,0.9257685542106628
378,100,0.8726984548806698,2.7709057,0.1365286933315787,0.47967255415068405,0.3390951712337353,0.711256742477417,1.303386926651001,0.711256742477417,1.303386926651001,1.4468916654586792,2.855295181274414,0.711256742477417,0.27254748344421387,0.711256742477417,0.27254748344421387,1.4369850158691406,0.699952244758606
379,100,-1.1447175494972022,2.4512243,0.09384237168375975,0.1857004232474211,0.570562568521991,1.3697810173034668,2.42777943611145,1.3697810173034668,2.42777943611145,1.3264297246932983,2.42777943611145,1.3697810173034668,0.0849766731262207,1.3697810173034668,0.0849766731262207,1.8241801261901855,0.34374040365219116
380,100,0.3366899552533551,1.0825174,0.13695142546162986,0.3655957383874969,0.0038438996114475987,0.4178659915924072,0.5776707530021667,0.4178659915924072,0.5776707530021667,0.3251863718032837,0.5776707530021667,0.21076399087905884,0.8269475698471069,0.21076399087905884,0.8269475698471069,0.3942173719406128,0.9758713841438293
381,100,0.6509717595902403,0.12387515,0.8650988796341819,0.20449377722154893,0.46505617550046174,1.3121962547302246,0.4628440737724304,1.3121962547302246,0.4628440737724304,1.3887073993682861,0.17907491326332092,0.4628440737724304,0.3547932207584381,0.4628440737724304,0.3547932207584381,0.3488899767398834,0.41510331630706787
382,100,-0.6674721947997403,-0.034064695,0.4911839586020128,0.8393024266457435,0.1518443295943368,1.048793077468872,0.1783950924873352,1.048793077468872,0.1783950924873352,1.1459985971450806,0.1783950924873352,0.2933533191680908,0.12006786465644836,0.2933533191680908,0.12006786465644836,0.235874205827713,0.15721172094345093
383,100,0.3332353235129689,-0.3985198,0.33083236934393145,0.46181365727251755,1.1230533687058593,1.4982476234436035,0.030633509159088135,1.4982476234436035,0.030633509159088135,1.4828991889953613,0.030633509159088135,0.35981321334838867,0.14627498388290405,0.35981321334838867,0.14627498388290405,0.29205140471458435,0.17938819527626038
384,100,2.052090841849035,-0.15835318,0.7841091503763629,0.3676723414484757,0.560635752347058,0.8477491140365601,0.2293923795223236,0.8477491140365601,0.2293923795223236,0.8340286016464233,0.13992881774902344,0.2293923795223236,0.20324799418449402,0.2293923795223236,0.20324799418449402,0.15786394476890564,0.236624076962471
385,100,-2.17937866812812,0.4018606,0.28822972610131936,0.8331022576726588,0.34498273911549904,1.3744196891784668,0.3352999687194824,1.3744196891784668,0.3352999687194824,0.8848839998245239,0.19477787613868713,0.49629729986190796,0.1446211338043213,0.49629729986190796,0.1446211338043213,0.27429911494255066,0.34496110677719116
386,100,-0.8379139592287016,0.5391258,0.15478904355842205,0.4092429507382951,0.7162644643195717,1.3501991033554077,0.5929101705551147,1.3501991033554077,0.5929101705551147,1.8258956670761108,0.5929101705551147,0.21968835592269897,0.6371071338653564,0.21968835592269897,0.6371071338653564,0.15117141604423523,0.6700114011764526
387,100,0.4743779190510485,-0.094897926,1.2381776790950716,0.14667001501032972,0.40887388967208005,2.3164498805999756,0.8127943277359009,2.3164498805999756,0.8127943277359009,2.748584508895874,0.2624264061450958,0.8127943277359009,0.48495709896087646,0.8127943277359009,0.48495709896087646,0.7223156690597534,0.49860596656799316
388,100,-0.786313680551442,-0.44860017,0.6805348122601247,1.528475035148388,0.1330203615461838,2.77730131149292,1.4326159954071045,2.77730131149292,1.4326159954071045,3.544245719909668,1.4326159954071045,0.97364342212677,0.20062106847763062,0.97364342212677,0.20062106847763062,1.203129768371582,0.19232791662216187
389,100,-0.5596695729957728,-0.93521893,0.428373136445624,0.7937088499415372,0.8582108585080739,0.7675207853317261,0.18678784370422363,0.7675207853317261,0.18678784370422363,2.1373839378356934,0.18678784370422363,0.13180875778198242,0.02094566822052002,0.13180875778198242,0.02094566822052002,0.19440025091171265,0.033252716064453125
390,100,-1.467559952812717,-0.4600064,0.6659224565137702,0.38127515786343436,1.081597781660118,1.1668471097946167,0.24118518829345703,1.1668471097946167,0.24118518829345703,2.2084031105041504,0.24118518829345703,0.23339709639549255,0.08838984370231628,0.23339709639549255,0.08838984370231628,0.3556275963783264,0.045037880539894104
391,100,-0.6878063179216517,-0.43463492,0.6687346024253115,0.8880928071452581,0.49375480177885844,0.8444621562957764,0.3789764642715454,0.8444621562957764,0.3789764642715454,1.671998143196106,0.3789764642715454,0.2135034203529358,0.10003232955932617,0.2135034203529358,0.10003232955932617,0.2962399423122406,0.05976170301437378
392,100,0.4182132056757107,-0.57212746,0.8645995403431941,0.6484723177472855,0.7529504193101859,0.49711886048316956,0.20968034863471985,0.49711886048316956,0.20968034863471985,0.8491631746292114,0.6135180592536926,0.20968034863471985,0.06933379173278809,0.20968034863471985,0.06933379173278809,0.3039037883281708,0.13973669707775116
393,100,-1.6019379291062297,-0.60785663,0.7179297669838691,0.8043481106149784,0.43363006618449984,0.32891136407852173,0.29969608783721924,0.32891136407852173,0.29969608783721924,0.609700620174408,0.29969608783721924,0.13725686073303223,0.028594493865966797,0.13725686073303223,0.028594493865966797,0.21847647428512573,0.08613604307174683
394,100,-0.3700050991512912,-0.83440566,0.3192099728701554,0.707319822079179,1.356968291443084,2.0174331665039062,0.3915504813194275,2.0174331665039062,0.3915504813194275,3.1655197143554688,0.3915504813194275,0.25678712129592896,0.03682982921600342,0.25678712129592896,0.03682982921600342,0.3999238908290863,0.03693360090255737
395,100,1.234097027488246,-0.54629993,0.9167411238262333,0.36823805529124964,0.8553144824259062,0.9431728720664978,0.1658235788345337,0.9431728720664978,0.1658235788345337,2.2319164276123047,0.2151697278022766,0.1658235788345337,0.02790755033493042,0.1658235788345337,0.02790755033493042,0.2688494324684143,0.022041648626327515
396,100,0.1619177917693177,-0.5041791,0.5264496542001305,1.194907783201009,0.4701301325368612,1.9695321321487427,0.5971375107765198,1.9695321321487427,0.5971375107765198,2.4840683937072754,0.5971375107765198,0.45864754915237427,0.04498237371444702,0.45864754915237427,0.04498237371444702,0.527892529964447,0.02922073006629944
397,100,0.7129560615393131,-0.112142086,0.08118794485926628,0.6337450521892491,1.1165192708680312,2.3080546855926514,0.0877034068107605,2.3080546855926514,0.0877034068107605,2.9686739444732666,0.0877034068107605,0.3990897536277771,0.26674097776412964,0.3990897536277771,0.26674097776412964,0.4962407648563385,0.2426253855228424
398,100,1.9088034671779124,0.06638828,0.40512666774472006,0.12910214611857218,0.988355635521338,1.6956939697265625,0.3462843894958496,1.6956939697265625,0.3462843894958496,2.0571982860565186,0.3462843894958496,0.23706239461898804,0.4245258569717407,0.23706239461898804,0.4245258569717407,0.20464983582496643,0.43627965450286865
399,100,2.48211175487575,1.3252064,0.08065022290060192,0.283042664149987,0.11155893092917407,0.482072114944458,0.4105038046836853,0.482072114944458,0.4105038046836853,0.4559146761894226,1.4274630546569824,0.10072159767150879,0.3021581172943115,0.10072159767150879,0.3021581172943115,0.6188912391662598,0.8233333826065063
400,100,-0.5278536904013185,1.5047671,0.2506323709277453,0.10363976302143779,0.37253417815897927,0.7995997667312622,1.310896396636963,0.7995997667312622,1.310896396636963,0.19923663139343262,1.310896396636963,0.09594440460205078,0.39016807079315186,0.09594440460205078,0.39016807079315186,0.5156780481338501,0.8086788654327393
401,100,0.4505130142287301,2.40894,0.3747684115806391,0.36773506065516975,0.046922612768882654,0.7376999855041504,0.7376999855041504,0.7376999855041504,0.7376999855041504,1.7111448049545288,2.1331095695495605,0.7376999855041504,0.4025743007659912,0.7376999855041504,0.4025743007659912,1.4354047775268555,0.9663938283920288
402,100,2.10417843961374,2.0143816,0.46322531994637023,0.43384802997387517,0.319694724213972,0.79416823387146,0.18302106857299805,0.79416823387146,0.18302106857299805,0.24768424034118652,0.7659580707550049,0.18302106857299805,0.8962980508804321,0.18302106857299805,0.8962980508804321,0.47448956966400146,1.4724271297454834
403,100,-0.0479860133474924,1.2571781,0.3018230910563381,0.6172648569460177,0.42089087836111505,1.2252604961395264,0.08574247360229492,1.2252604961395264,0.08574247360229492,0.4226628541946411,1.1819064617156982,0.3047809600830078,0.22338342666625977,0.3047809600830078,0.22338342666625977,0.6734269857406616,0.7661983370780945
404,100,1.796722498131902,0.6816864,0.17553892767511292,0.3432882091997005,0.7863587708151629,1.5144660472869873,0.6166563034057617,1.5144660472869873,0.6166563034057617,1.8336894512176514,0.6166563034057617,0.198144793510437,0.6228094100952148,0.198144793510437,0.6228094100952148,0.10538041591644287,0.6684442758560181
405,100,1.3209413848396263,1.1724855,0.46608162010760634,0.21788602195603346,0.3027195772636184,0.8121730089187622,0.019934654235839844,0.8121730089187622,0.019934654235839844,1.1982165575027466,0.9040688872337341,0.019934654235839844,0.8004983067512512,0.019934654235839844,0.8004983067512512,0.09474366903305054,0.8578866720199585
406,100,0.7881920746917918,1.2331561,0.06876268255751561,0.46320537144887886,0.13760414261281298,0.7234303951263428,0.5767316818237305,0.7234303951263428,0.5767316818237305,0.13620483875274658,1.0399057865142822,0.01842808723449707,0.593683660030365,0.01842808723449707,0.593683660030365,0.28909042477607727,0.8216867446899414
407,100,-0.1468423989483454,1.2770715,0.051180966198444144,0.08570511285791724,0.4458776831473275,0.6556856632232666,0.9437884092330933,0.6556856632232666,0.9437884092330933,0.016643524169921875,0.9437884092330933,0.01603388786315918,0.4610363841056824,0.01603388786315918,0.4610363841056824,0.30586671829223633,0.7065026760101318
408,100,0.8605990681495905,2.182273,0.07179987454095649,0.11044649460554543,0.2774337999061831,0.8688292503356934,1.8772848844528198,0.8688292503356934,1.8772848844528198,1.311018943786621,1.8772848844528198,0.8688292503356934,0.2057492733001709,0.8688292503356934,0.2057492733001709,1.2177410125732422,0.4703129529953003
409,100,-0.5403606409789143,1.4260813,0.4364934000106613,0.15859985515424102,0.0013368452076653048,0.61864173412323,0.06641888618469238,0.61864173412323,0.06641888618469238,0.5015406608581543,0.38148033618927,0.06641888618469238,0.7399167418479919,0.06641888618469238,0.7399167418479919,0.2239496111869812,0.9039216041564941
410,100,0.4399593943657683,0.49794307,0.16690321486840132,0.60511093129023,0.33914186324783435,0.5576508045196533,0.23443317413330078,0.5576508045196533,0.23443317413330078,0.1694069802761078,0.5273866653442383,0.06617942452430725,0.2923903465270996,0.06617942452430725,0.2923903465270996,0.17242278158664703,0.42984360456466675
411,100,0.2536972837545024,0.57126576,0.5959802985805823,0.18513217990853148,0.5859514509433321,0.7204014658927917,0.20462888479232788,0.7204014658927917,0.20462888479232788,1.2395718097686768,0.10593444108963013,0.20462888479232788,0.3264350891113281,0.20462888479232788,0.3264350891113281,0.23824971914291382,0.3036684989929199
412,100,-0.1283235804312371,0.37295347,0.3723857128461401,0.7017113748310568,0.2349151482235936,0.7661011815071106,0.03055727481842041,0.7661011815071106,0.03055727481842041,0.7581986784934998,0.03055727481842041,0.18195676803588867,0.1923457831144333,0.18195676803588867,0.1923457831144333,0.10625702142715454,0.2448473870754242
413,100,0.7254482838344324,0.445033,0.38368495910898925,0.32267297001689965,0.5622338545076625,0.448996365070343,0.10130935907363892,0.448996365070343,0.10130935907363892,0.4213406443595886,0.10130935907363892,0.1429716944694519,0.13477188348770142,0.1429716944694519,0.13477188348770142,0.09469965100288391,0.17604109644889832
414,100,0.1666370179631539,0.50749326,0.4849966510400632,0.4395014700124562,0.4811715010707218,0.3034965991973877,0.05496561527252197,0.3034965991973877,0.05496561527252197,0.0457080602645874,0.29181861877441406,0.05496561527252197,0.13024339079856873,0.05496561527252197,0.13024339079856873,0.11871573328971863,0.23324796557426453
415,100,-0.4038033910011021,0.63140494,0.20618516543425702,0.511306747550919,0.36752090670962084,0.3897828459739685,0.19877910614013672,0.3897828459739685,0.19877910614013672,0.4763430953025818,0.2804931104183197,0.04930537939071655,0.24403652548789978,0.04930537939071655,0.24403652548789978,0.044478029012680054,0.28336724638938904
416,100,-0.8415052048699431,0.25513315,0.44948448828994403,0.28301056559578464,0.6867731329232862,0.4925784468650818,0.28951501846313477,0.4925784468650818,0.28951501846313477,0.6665362119674683,0.28951501846313477,0.05441606044769287,0.2759106457233429,0.05441606044769287,0.2759106457233429,0.03293561190366745,0.3019167184829712
417,100,-1.0122133285720063,0.16482966,0.6246270318211558,0.48867889276075216,0.276420929126723,0.4311982989311218,0.09201915562152863,0.4311982989311218,0.09201915562152863,0.5689556002616882,0.051678791642189026,0.09201915562152863,0.10394245386123657,0.09201915562152863,0.10394245386123657,0.07184897363185883,0.11696434766054153
418,100,-0.5390792706661363,0.46942502,0.5679701215417936,0.5976828996258499,0.43283962263786524,0.4333324432373047,0.4491540193557739,0.4333324432373047,0.4491540193557739,1.0393455028533936,0.4491540193557739,0.1733846664428711,0.06751394271850586,0.1733846664428711,0.06751394271850586,0.3112693428993225,0.1270979940891266
419,100,-0.3919014482731531,-0.20660804,0.703717487476945,0.5773647655172855,0.3828049080375957,0.17856717109680176,0.08367413282394409,0.17856717109680176,0.08367413282394409,0.3782285451889038,0.1755894422531128,0.08367413282394409,0.016989797353744507,0.08367413282394409,0.016989797353744507,0.12963178753852844,0.04909367859363556
420,100,-2.41806729895051,-0.083895475,0.6326867683800226,0.6259547922875461,0.4144069437206408,0.06827953457832336,0.06827953457832336,0.06827953457832336,0.06827953457832336,0.2430938184261322,0.17190751433372498,0.06827953457832336,0.03499794006347656,0.06827953457832336,0.03499794006347656,0.12009352445602417,0.08621223270893097
421,100,-1.3360961691657165,-0.19388339,0.5906778713528232,0.5606108730038009,0.5396640375000505,0.05736517906188965,0.05736517906188965,0.05736517906188965,0.05736517906188965,0.1350744366645813,0.11610794067382812,0.05736517906188965,0.06161448359489441,0.05736517906188965,0.06161448359489441,0.08673655986785889,0.09486909210681915
422,100,-1.025307096669489,-0.12155199,0.8711955418291779,0.425082755918355,0.3632584819474174,0.6323609352111816,0.11811783909797668,0.6323609352111816,0.11811783909797668,0.7126301527023315,0.16288131475448608,0.11811783909797668,0.013164937496185303,0.11811783909797668,0.013164937496185303,0.14049957692623138,0.02134111523628235
423,100,-0.819117595014865,-0.21922618,0.6621092028621443,1.0222459541396893,0.48990912237476647,1.0357946157455444,0.5817752480506897,1.0357946157455444,0.5817752480506897,1.9646937847137451,0.5817752480506897,0.26356565952301025,0.026283681392669678,0.26356565952301025,0.026283681392669678,0.42267045378685,0.10482878983020782
424,100,-0.8438913499418779,-0.57921064,0.7560313543676049,0.7119120381855731,0.6531230900884699,0.10730558633804321,0.10730558633804321,0.10730558633804321,0.10730558633804321,0.28745245933532715,0.23817473649978638,0.10730558633804321,0.0731310248374939,0.10730558633804321,0.0731310248374939,0.1727401614189148,0.15024521946907043
425,100,-0.1770621321219518,-0.24860382,0.5655220149667404,0.6615605867656642,0.7200579255614494,0.08282625675201416,0.22833532094955444,0.08282625675201416,0.22833532094955444,0.218250572681427,0.22833532094955444,0.048532962799072266,0.043885111808776855,0.048532962799072266,0.043885111808776855,0.08274886012077332,0.07804888486862183
426,100,-0.0776253024469924,-0.5486846,0.6083133478210505,0.6596609793789044,0.7997359342847492,0.1301194727420807,0.4101933240890503,0.1301194727420807,0.4101933240890503,0.27998796105384827,0.4101933240890503,0.09845983982086182,0.0759705901145935,0.09845983982086182,0.0759705901145935,0.16378572583198547,0.13243579864501953
427,100,-0.2686597655439579,-0.3946308,0.47380222083162193,0.5922702106413562,0.5703597088245181,0.08321815729141235,0.04517006874084473,0.08321815729141235,0.04517006874084473,0.2290797233581543,0.08817607164382935,0.03631025552749634,0.0055623650550842285,0.03631025552749634,0.0055623650550842285,0.05561736226081848,0.020164519548416138
428,100,-0.7855469844438339,-0.38128126,0.47308942413155997,0.5266443726277021,0.710046415962919,0.2653477191925049,0.15456201136112213,0.2653477191925049,0.15456201136112213,0.34754252433776855,0.15456201136112213,0.10147956013679504,0.014071255922317505,0.10147956013679504,0.014071255922317505,0.11860241740942001,0.02606065571308136
429,100,-0.7608298677688419,-0.2346537,0.5114594972996471,0.5631986240315479,0.668944554083382,0.06544807553291321,0.1389378160238266,0.06544807553291321,0.1389378160238266,0.08951435983181,0.1389378160238266,0.039826393127441406,0.06740787625312805,0.039826393127441406,0.06740787625312805,0.051010482013225555,0.07882525026798248
430,100,-2.697881957086198,-0.29403377,0.6010596225633448,0.49410751093294203,0.442062556858837,0.2574233412742615,0.11085672676563263,0.2574233412742615,0.11085672676563263,0.36454063653945923,0.15755455195903778,0.11085672676563263,0.007555544376373291,0.11085672676563263,0.007555544376373291,0.1342056393623352,0.02432119846343994
431,100,-1.5927942354493545,-0.33406597,0.5726605916453391,0.6228148506320625,0.4914452366761328,0.09680938720703125,0.10865819454193115,0.09680938720703125,0.10865819454193115,0.3026191294193268,0.10865819454193115,0.04531419277191162,0.01137077808380127,0.04531419277191162,0.01137077808380127,0.07698619365692139,0.031749725341796875
432,100,0.6433491007808629,-0.4071818,0.7451635922634929,0.4689220306543551,0.5126643459795881,0.4883086681365967,0.025397181510925293,0.4883086681365967,0.025397181510925293,0.6378023624420166,0.22477877140045166,0.025397181510925293,0.0026252269744873047,0.025397181510925293,0.0026252269744873047,0.057996660470962524,0.008742332458496094
433,100,-1.675290340832777,-0.45424086,0.6038712106542694,0.6689128224510712,0.3532392511406717,0.1806734800338745,0.14032161235809326,0.1806734800338745,0.14032161235809326,0.856512725353241,0.14032161235809326,0.0470658540725708,0.011900901794433594,0.0470658540725708,0.011900901794433594,0.09369373321533203,0.026720404624938965
434,100,-1.289999949917899,-0.68938714,0.23716035777146072,0.7550656903035861,0.7946391002726307,0.9538307785987854,0.2217887043952942,0.9538307785987854,0.2217887043952942,3.2038886547088623,0.2217887043952942,0.10677695274353027,0.001309037208557129,0.10677695274353027,0.001309037208557129,0.204382061958313,0.04593917727470398
435,100,-1.5768198156653523,-0.25161946,0.7199828753126241,0.19973864505560313,0.47209690733335896,0.9010242223739624,0.18841752409934998,0.9010242223739624,0.18841752409934998,2.0035972595214844,0.19973111152648926,0.18841752409934998,0.031905293464660645,0.18841752409934998,0.031905293464660645,0.26238399744033813,0.018147975206375122
436,100,-1.3919981229249558,-0.4078748,0.6714890869894414,0.6290494446751512,0.13109518480375137,0.7365859150886536,0.1675267368555069,0.7365859150886536,0.1675267368555069,2.103558301925659,0.3974440097808838,0.1675267368555069,0.013586878776550293,0.1675267368555069,0.013586878776550293,0.28248536586761475,0.04155130684375763
437,100,-1.1870038002911618,-0.74309653,0.48600128239270357,0.5517123410689462,0.5166327912629263,0.03676307201385498,0.0833059549331665,0.03676307201385498,0.0833059549331665,0.12057501077651978,0.20141446590423584,0.03676307201385498,0.013243913650512695,0.03676307201385498,0.013243913650512695,0.06397485733032227,0.04619184136390686
438,100,0.099809101225941,-0.78979874,0.5320811716141978,0.5861762414631977,0.5262974495023387,0.08740419149398804,0.20535534620285034,0.08740419149398804,0.20535534620285034,0.2690706253051758,0.20535534620285034,0.06610733270645142,0.051136910915374756,0.06610733270645142,0.051136910915374756,0.13573133945465088,0.10526016354560852
439,100,-0.0588210414981354,-0.63589513,0.4460608283653089,0.5246784656990283,0.5910442848737858,0.05774080753326416,0.276319682598114,0.05774080753326416,0.276319682598114,0.20366311073303223,0.276319682598114,0.039604783058166504,0.019885122776031494,0.039604783058166504,0.019885122776031494,0.07777509093284607,0.06075376272201538
440,100,1.1129665795292536,-0.7948079,0.2850683468723627,0.6227197548521752,0.7705199609148952,0.4378378391265869,0.2525595426559448,0.4378378391265869,0.2525595426559448,1.9974510669708252,0.2525595426559448,0.10646677017211914,0.0016745328903198242,0.10646677017211914,0.0016745328903198242,0.1871609389781952,0.04169765114784241
441,100,-0.0289890278852258,-0.5962873,0.31322966646595085,0.31685874941422765,0.6034773144986212,0.3610638976097107,0.08646571636199951,0.3610638976097107,0.08646571636199951,0.3341984152793884,0.08646571636199951,0.0925634503364563,0.004108428955078125,0.0925634503364563,0.004108428955078125,0.08632037043571472,0.0041599273681640625
442,100,-0.0002225807652763,-0.3721664,0.1266428827471341,0.45301759650105056,0.40067764694235986,0.3257327377796173,0.14702796936035156,0.3257327377796173,0.14702796936035156,0.674633800983429,0.15617090463638306,0.010342955589294434,0.15322411060333252,0.010342955589294434,0.15322411060333252,0.0077190399169921875,0.15766122937202454
443,100,1.310274375485097,0.03367223,0.29556095143748107,0.0007649605319262065,0.46360291886908284,0.6845350861549377,0.3538409471511841,0.6845350861549377,0.3538409471511841,1.2235380411148071,0.3538409471511841,0.023976244032382965,0.3714342713356018,0.023976244032382965,0.3714342713356018,0.02924177795648575,0.3685496747493744
444,100,-0.2151954057626337,-0.15763476,0.2905476742529684,0.4244636591984746,0.039303133936272605,0.67607581615448,0.01348307728767395,0.67607581615448,0.01348307728767395,1.2306609153747559,0.01348307728767395,0.013396769762039185,0.3797127306461334,0.013396769762039185,0.3797127306461334,0.013439923524856567,0.379686176776886
445,100,0.470675642956637,-0.4993522,0.05282161128787233,0.41630800726385064,0.5694694464251756,0.540439784526825,0.11907663941383362,0.540439784526825,0.11907663941383362,1.4367403984069824,0.11907663941383362,0.005857527256011963,0.1221950352191925,0.005857527256011963,0.1221950352191925,0.0058761537075042725,0.12218555808067322
446,100,0.5011195531715739,-0.23998885,0.32060305794694566,0.0355563608359839,0.45052830937648153,0.625470757484436,0.26004624366760254,0.625470757484436,0.26004624366760254,1.3705791234970093,0.26004624366760254,6.785988807678223e-05,0.2859041094779968,6.785988807678223e-05,0.2859041094779968,0.026970118284225464,0.2729928195476532
447,100,-0.2106406184462383,0.15517402,0.09665108217355312,0.3802362334661672,0.10940441717089655,0.9329917430877686,0.07941660284996033,0.9329917430877686,0.07941660284996033,0.22121098637580872,0.539893388748169,0.11009576916694641,0.1787746250629425,0.11009576916694641,0.1787746250629425,0.265764057636261,0.38308143615722656
448,100,-0.5410041730355801,-0.39243078,0.10907280625602633,0.16328304253288156,0.600152715925396,0.6477046012878418,0.1735314130783081,0.6477046012878418,0.1735314130783081,0.3537867069244385,0.1735314130783081,0.10172891616821289,0.11735254526138306,0.10172891616821289,0.11735254526138306,0.08666229248046875,0.17304164171218872
449,100,1.433581794933634,-0.2869909,0.3090431798390302,0.15543329628037217,0.22750010799066106,0.40769055485725403,0.0857592523097992,0.40769055485725403,0.0857592523097992,0.19005465507507324,0.25271162390708923,0.0857592523097992,0.1953068971633911,0.0857592523097992,0.1953068971633911,0.09201902151107788,0.2514914870262146
450,100,1.9237619485055757,-0.47188702,0.3448573567958938,0.33606183352876984,0.1877720405018003,0.4578004777431488,0.12491321563720703,0.4578004777431488,0.12491321563720703,0.8785282373428345,0.19012299180030823,0.12491321563720703,0.11966404318809509,0.12491321563720703,0.11966404318809509,0.15751810371875763,0.10046529769897461
451,100,0.3570947778444565,-0.3721745,0.10575121918955621,0.4293124462858712,0.4721079595719827,1.043814778327942,0.09634971618652344,1.043814778327942,0.09634971618652344,2.291283130645752,0.09634971618652344,0.06719774007797241,0.23499661684036255,0.06719774007797241,0.23499661684036255,0.15296825766563416,0.19079458713531494
452,100,2.768070228743454,0.6813148,0.46067418056921033,0.27376754450070895,0.41843971284906467,0.7520807981491089,0.7520807981491089,0.7520807981491089,0.7520807981491089,0.5323703289031982,1.0617560148239136,0.7520807981491089,0.5681606531143188,0.7520807981491089,0.5681606531143188,0.6581182479858398,0.48596012592315674
453,100,2.940636688832857,1.5694758,0.007304897295036028,0.651720449968507,0.5600557392815134,1.1676278114318848,1.319366693496704,1.1676278114318848,1.319366693496704,1.8672552108764648,2.118171453475952,1.1676278114318848,0.1258178949356079,1.1676278114318848,0.1258178949356079,1.613333821296692,0.7171024084091187
454,100,2.779712759818991,1.9345379,0.6038286073831044,0.039568986999722,0.5847771518073233,0.6588113307952881,0.6588113307952881,0.6588113307952881,0.6588113307952881,1.305247187614441,1.904313087463379,0.6588113307952881,0.09649229049682617,0.6588113307952881,0.09649229049682617,1.2132270336151123,0.5266802310943604
455,100,3.195873949498657,1.8780996,0.6632717043014174,0.8621895522538481,0.06250005681387738,1.1197385787963867,2.229271650314331,1.1197385787963867,2.229271650314331,2.171055316925049,2.229271650314331,1.2062783241271973,0.16119670867919922,1.2062783241271973,0.16119670867919922,1.7177749872207642,0.6026322245597839
456,100,3.1965777263620563,2.4118404,0.6201510788853637,0.7036031196181922,0.7658113571095098,0.6299258470535278,2.8987839221954346,0.6299258470535278,2.8987839221954346,1.8687052726745605,2.8987839221954346,0.7033175230026245,0.5633358955383301,0.7033175230026245,0.5633358955383301,1.333918571472168,1.048140048980713
457,100,3.2341735773557496,2.5600226,0.6750260756264647,0.6428848823013993,0.8400334452000472,0.6354074478149414,2.9784579277038574,0.6354074478149414,2.9784579277038574,1.6400500535964966,2.9784579277038574,0.7367773056030273,0.4712660312652588,0.7367773056030273,0.4712660312652588,1.2660861015319824,0.9465106129646301
458,100,1.870639628467819,2.650598,0.5942256999845363,0.7652247102988747,0.9184517498252931,0.6268079280853271,3.1666464805603027,0.6268079280853271,3.1666464805603027,2.0687825679779053,3.1666464805603027,0.8250563144683838,0.4260396957397461,0.8250563144683838,0.4260396957397461,1.5630377531051636,0.9600682854652405
459,100,1.1608660528843056,2.531383,0.5887101481307,0.6690762942573665,0.8734993857181155,0.5549463033676147,2.989687442779541,0.5549463033676147,2.989687442779541,1.8040103912353516,2.989687442779541,0.5665808916091919,0.3965144157409668,0.5665808916091919,0.3965144157409668,1.205227017402649,0.7051734328269958
460,100,2.950050156587536,2.510247,0.36281670098708263,0.793225885615316,0.972234544667489,0.8028967380523682,3.0259385108947754,0.8028967380523682,3.0259385108947754,2.446354627609253,3.0259385108947754,0.8199645280838013,0.2534792423248291,0.8199645280838013,0.2534792423248291,1.6423835754394531,0.6740642786026001
461,100,1.6827689936922643,2.113467,0.22648683158341587,0.4915055917812785,1.057969079253702,1.3736381530761719,2.5578255653381348,1.3736381530761719,2.5578255653381348,1.6364920139312744,2.5578255653381348,1.3736381530761719,0.278262734413147,1.3736381530761719,0.278262734413147,1.8017686605453491,0.6512080430984497
462,100,2.7351485309390062,2.0787086,0.6927325551068456,0.29879012952248263,0.6632241509035486,0.723202109336853,0.723202109336853,0.723202109336853,0.723202109336853,1.265191912651062,2.4712977409362793,0.723202109336853,0.3840913772583008,0.723202109336853,0.3840913772583008,1.3736696243286133,0.9206419587135315
463,100,0.1485571557340606,2.094569,0.41179900009607506,0.9692402298840663,0.33908993040317137,1.2479819059371948,2.0299363136291504,1.2479819059371948,2.0299363136291504,1.4355963468551636,2.0299363136291504,1.2479819059371948,0.5023437738418579,1.2479819059371948,0.5023437738418579,1.6389591693878174,0.8378369212150574
464,100,2.50568140844333,2.34088,0.6545604086125791,0.42344592121842584,0.880834975260665,0.9451193809509277,2.7828221321105957,0.9451193809509277,2.7828221321105957,1.9229011535644531,2.7828221321105957,0.9451193809509277,0.33861684799194336,0.9451193809509277,0.33861684799194336,1.4830771684646606,0.8052045106887817
465,100,2.1337699177822773,1.6352239,0.05450639686358372,0.8159099606304232,0.5565399538415172,1.1235270500183105,1.1871724128723145,1.1235270500183105,1.1871724128723145,1.5951298475265503,2.114398241043091,1.1235270500183105,0.03796064853668213,1.1235270500183105,0.03796064853668213,1.6055169105529785,0.4660690426826477
466,100,-1.233940303689365,1.9849011,0.6277522419233679,0.030150175389843437,1.016456423910604,1.4046329259872437,2.430753469467163,1.4046329259872437,2.430753469467163,2.306065559387207,2.430753469467163,1.4046329259872437,0.04656493663787842,1.4046329259872437,0.04656493663787842,1.8917045593261719,0.42216652631759644
467,100,0.5873382946558297,1.3862491,0.42339558820032175,0.7366614496636227,0.11051459782004791,1.082465410232544,1.7276711463928223,1.082465410232544,1.7276711463928223,1.6416475772857666,1.7276711463928223,1.082465410232544,0.06814801692962646,1.082465410232544,0.06814801692962646,1.405068278312683,0.36382704973220825
468,100,1.21203077119301,1.4969214,0.42072820814512046,0.5791171178016876,0.8465230724041406,1.185855746269226,1.6763935089111328,1.185855746269226,1.6763935089111328,1.855711579322815,1.6763935089111328,1.185855746269226,0.36252105236053467,1.185855746269226,0.36252105236053467,1.5679161548614502,0.29045844078063965
469,100,1.726073668278454,0.2937954,0.03865136644607775,0.568418457713682,0.6416861640603064,0.9135624170303345,0.7626391649246216,0.9135624170303345,0.7626391649246216,0.7728020548820496,0.7626391649246216,0.9135624170303345,0.22236157953739166,0.9135624170303345,0.22236157953739166,0.7592993974685669,0.3164333403110504
470,100,0.706080759449687,-0.22826593,0.17067768418348522,0.025931399955679946,0.6255648757788732,1.7779854536056519,0.21574003994464874,1.7779854536056519,0.21574003994464874,1.4201514720916748,0.21574003994464874,0.4696376919746399,0.17703057825565338,0.4696376919746399,0.17703057825565338,0.23621493577957153,0.31127244234085083
471,100,-0.1540628508428823,1.0679716,0.4214584228080214,0.3184966766099441,0.04173470620398778,0.6684824228286743,0.6684824228286743,0.6684824228286743,0.6684824228286743,1.0617810487747192,1.2879571914672852,0.6684824228286743,0.3549003005027771,0.6684824228286743,0.3549003005027771,0.9782198071479797,0.6593450307846069
472,100,-0.2277571152551332,1.2372301,0.1335687188374013,0.4845536531323624,0.34718736867929256,0.7282992005348206,0.9882272481918335,0.7282992005348206,0.9882272481918335,1.1079134941101074,1.5445414781570435,0.7282992005348206,0.21189403533935547,0.7282992005348206,0.21189403533935547,1.03371000289917,0.5509940385818481
473,100,0.7732147332687067,0.8434839,0.11554396449495441,0.1348457523330382,0.5390820909816375,0.8505657911300659,1.0564168691635132,0.8505657911300659,1.0564168691635132,0.7248157262802124,1.0564168691635132,0.8505657911300659,0.046849727630615234,0.8505657911300659,0.046849727630615234,0.9730773568153381,0.14535480737686157
474,100,-1.0036357316686038,-0.026752219,0.17016553636832332,0.19298153869884527,0.05682826821797898,0.4142799973487854,0.13485929369926453,0.4142799973487854,0.13485929369926453,0.8124504089355469,0.13485929369926453,0.05908694118261337,0.2612483501434326,0.05908694118261337,0.2612483501434326,0.09697312116622925,0.23037463426589966
475,100,0.8262141116013064,-0.17440028,0.07343305210835743,0.24767244098983277,0.30010436462475254,0.6615852117538452,0.06131315231323242,0.6615852117538452,0.06131315231323242,1.252732276916504,0.06131315231323242,0.0784134566783905,0.20473383367061615,0.0784134566783905,0.20473383367061615,0.1266019195318222,0.16840840876102448
476,100,0.6737427697666993,-0.41224542,0.39028164782142105,0.07048563917145079,0.26607240119443315,0.9174834489822388,0.2711210548877716,0.9174834489822388,0.2711210548877716,1.5099631547927856,0.08012786507606506,0.2711210548877716,0.191124826669693,0.2711210548877716,0.191124826669693,0.31711092591285706,0.16602930426597595
477,100,-0.6658218513181564,0.106102325,0.13699529597158072,0.49485144819232185,0.13740357941599032,1.2468382120132446,0.18518546223640442,1.2468382120132446,0.18518546223640442,0.8832732439041138,0.2674069106578827,0.4896959364414215,0.27221569418907166,0.4896959364414215,0.27221569418907166,0.24636416137218475,0.4175459146499634
478,100,0.5582996263042226,-0.23505354,0.06912506159228538,0.15924795320148732,0.7861943205504891,1.9496550559997559,0.017826437950134277,1.9496550559997559,0.017826437950134277,1.710538387298584,0.017826437950134277,0.8555833697319031,0.21614712476730347,0.8555833697319031,0.21614712476730347,0.553368330001831,0.3497462570667267
479,100,1.0018561713365068,0.38386062,0.28150020240201173,0.13646406467197492,0.2292508154377802,0.7344361543655396,0.24591025710105896,0.7344361543655396,0.24591025710105896,0.22640934586524963,0.5892199277877808,0.24591025710105896,0.33224254846572876,0.24591025710105896,0.33224254846572876,0.272111177444458,0.5416074991226196
480,100,0.6937518508417535,-0.13157514,0.02747115243187881,0.37696433635716575,0.034657000919285474,0.9046207666397095,0.06964926421642303,0.9046207666397095,0.06964926421642303,0.5349047780036926,0.2020120918750763,0.27028635144233704,0.16888192296028137,0.27028635144233704,0.16888192296028137,0.15464627742767334,0.2649785280227661
481,100,1.8505014102846584,-0.08747855,0.17375350158815228,0.0023854224625781684,0.45177043190936444,1.270857334136963,0.29764458537101746,1.270857334136963,0.29764458537101746,0.9016162157058716,0.29764458537101746,0.2717340588569641,0.18361476063728333,0.2717340588569641,0.18361476063728333,0.18726664781570435,0.31942135095596313
482,100,1.7298814504523006,0.9569701,0.1460052027120623,0.3290578049841207,0.1601691823388703,0.5741339325904846,0.8566803932189941,0.5741339325904846,0.8566803932189941,0.6618114709854126,1.2081260681152344,0.5741339325904846,0.26514995098114014,0.5741339325904846,0.26514995098114014,0.770277738571167,0.47996020317077637
483,100,0.5011537906364837,1.2850051,0.5222494785139448,0.20477254515276933,0.317514754057289,0.6910064816474915,0.6910064816474915,0.6910064816474915,0.6910064816474915,0.7904862761497498,1.6416797637939453,0.6910064816474915,0.34697628021240234,0.6910064816474915,0.34697628021240234,1.00529146194458,0.6470261216163635
484,100,0.9621116186676952,1.4419489,0.38700242955045605,0.510254466042076,0.16752925522855888,0.561517596244812,1.1412290334701538,0.561517596244812,1.1412290334701538,1.1009678840637207,1.1412290334701538,0.561517596244812,0.20798993110656738,0.561517596244812,0.20798993110656738,0.8513733148574829,0.4550376832485199
485,100,-0.1788485636200323,1.6422801,0.10321635367585658,0.5484590469587503,0.6452117320598194,0.7601358890533447,1.8117197751998901,0.7601358890533447,1.8117197751998901,1.55632746219635,1.8117197751998901,0.7601358890533447,0.13263702392578125,0.7601358890533447,0.13263702392578125,1.1863765716552734,0.472872793674469
486,100,0.8236367390620078,1.0041771,0.2296666275594652,0.07351866487375247,0.4924439206412158,0.7498371601104736,1.3143463134765625,0.7498371601104736,1.3143463134765625,0.8274941444396973,1.3143463134765625,0.7498371601104736,0.22966545820236206,0.7498371601104736,0.22966545820236206,0.9398648738861084,0.4366418123245239
487,100,0.3904759021690719,0.40372774,0.16401319081584614,0.20876412498172608,0.020316550386525578,0.4589270055294037,0.39962291717529297,0.4589270055294037,0.39962291717529297,0.008567392826080322,0.39962291717529297,0.4589270055294037,0.2829092741012573,0.4589270055294037,0.2829092741012573,0.4292749762535095,0.2505269944667816
488,100,-0.2600960221339937,0.3985611,0.1268077195330789,0.24574384532382396,0.2396023558689556,0.7057656049728394,0.2695755958557129,0.7057656049728394,0.2695755958557129,0.12281587719917297,0.8032200336456299,0.10700908303260803,0.37275853753089905,0.10700908303260803,0.37275853753089905,0.3119460940361023,0.6171804070472717
489,100,-1.1508476120269062,0.29622462,0.007403373967894644,0.14479565495605928,0.3115642603064319,0.7029320001602173,0.43498557806015015,0.7029320001602173,0.43498557806015015,0.27523043751716614,0.43498557806015015,0.09859734773635864,0.151111900806427,0.09859734773635864,0.151111900806427,0.19903647899627686,0.3294946253299713
490,100,-1.17202144416251,0.28724727,0.22396587611166463,0.030253156635564604,0.13171929919842584,0.4990622103214264,0.0949975848197937,0.4990622103214264,0.0949975848197937,0.11539927124977112,0.4244787096977234,0.0949975848197937,0.1679374873638153,0.0949975848197937,0.1679374873638153,0.18865950405597687,0.3338361978530884
491,100,0.7335545925998354,-0.58064115,0.4569552155320384,0.2825045660266146,0.11533513539742757,0.7808403968811035,0.23940706253051758,0.7808403968811035,0.23940706253051758,1.2064024209976196,0.31753990054130554,0.23940706253051758,0.05572617053985596,0.23940706253051758,0.05572617053985596,0.27847349643707275,0.03878301382064819
492,100,-1.056773811876302,-0.72546875,0.38034201769919945,0.3981107212827122,0.21446612051326497,0.2997075617313385,0.3144403398036957,0.2997075617313385,0.3144403398036957,0.9382809400558472,0.3144403398036957,0.12155783176422119,0.02089667320251465,0.12155783176422119,0.02089667320251465,0.21799908578395844,0.08442133665084839
493,100,-1.5374562455176035,-0.64370906,0.016047514488606973,0.49856140236674307,0.5232731605723142,1.0558196306228638,0.35210421681404114,1.0558196306228638,0.35210421681404114,2.343576431274414,0.35210421681404114,0.23354414105415344,0.12310266494750977,0.23354414105415344,0.12310266494750977,0.41844266653060913,0.08623433113098145
494,100,-0.9831156377382438,-0.6067358,0.41785684235624443,0.013261428429294009,0.5508022705841925,1.2272640466690063,0.2705758213996887,1.2272640466690063,0.2705758213996887,2.2516026496887207,0.2705758213996887,0.2421422004699707,0.1044687032699585,0.2421422004699707,0.1044687032699585,0.40241995453834534,0.06247064471244812
495,100,-0.9045728143878048,-0.64596844,0.5404435187014928,0.48420560630070386,0.022507086421820865,1.1669297218322754,0.3005165159702301,1.1669297218322754,0.3005165159702301,2.2736172676086426,0.7192277908325195,0.3005165159702301,0.11137795448303223,0.3005165159702301,0.11137795448303223,0.5098721385002136,0.07025343179702759
496,100,-0.5894845491896682,-0.85358596,0.3338068807081568,0.40838766457749787,0.30537960160510846,0.21600854396820068,0.26900196075439453,0.21600854396820068,0.26900196075439453,0.3983714282512665,0.26900196075439453,0.12888550758361816,0.07893514633178711,0.12888550758361816,0.07893514633178711,0.19894373416900635,0.1378515362739563
497,100,0.0855802099792384,-0.83320135,0.3435381409356888,0.3412776562126028,0.33032778097489457,0.10214036703109741,0.10214036703109741,0.10214036703109741,0.10214036703109741,0.22762000560760498,0.2149219512939453,0.10214036703109741,0.07386696338653564,0.10214036703109741,0.07386696338653564,0.15853115916252136,0.1381419599056244
498,100,1.1136914403729468,-0.6969186,0.2482487068501944,0.32789973010184226,0.33422827826255996,0.1152186393737793,0.2908182442188263,0.1152186393737793,0.2908182442188263,0.35785770416259766,0.2908182442188263,0.06648993492126465,0.051402926445007324,0.06648993492126465,0.051402926445007324,0.12398144602775574,0.09769517183303833
499,100,-0.8027198554125623,-0.5804953,0.12525020381019702,0.3074508140254062,0.3949859014670667,0.41155263781547546,0.2348872423171997,0.41155263781547546,0.2348872423171997,1.0148810148239136,0.2348872423171997,0.11877173185348511,0.013407886028289795,0.11877173185348511,0.013407886028289795,0.18850630521774292,0.03988832235336304
500,100,-1.207059084374968,-0.08103733,0.20909528790163423,0.1518920390543454,0.39369997268229007,1.088191032409668,0.22250314056873322,1.088191032409668,0.22250314056873322,0.6281840801239014,0.22250314056873322,0.20276004076004028,0.02793160080909729,0.20276004076004028,0.02793160080909729,0.19894513487815857,0.19757051765918732
501,100,-0.4710560688756634,-0.26221794,0.39864644625214585,0.15913902787664513,0.18504393521273876,1.0621918439865112,0.2885843813419342,1.0621918439865112,0.2885843813419342,1.52120041847229,0.13008445501327515,0.2885843813419342,0.29562121629714966,0.2885843813419342,0.29562121629714966,0.2715458869934082,0.3024507462978363
502,100,-0.3720002497673839,-0.49651983,0.47919011060980593,0.3504769006596808,0.09596779989878756,1.2256056070327759,0.30550622940063477,1.2256056070327759,0.30550622940063477,2.250462055206299,0.575319230556488,0.30550622940063477,0.13467904925346375,0.30550622940063477,0.13467904925346375,0.4404127299785614,0.08627974987030029
503,100,-0.5947485234161854,-0.6832262,0.22055067028850328,0.35558037793974295,0.26676078337561515,0.2356639802455902,0.19340646266937256,0.2356639802455902,0.19340646266937256,0.5096033811569214,0.32035478949546814,0.10723823308944702,0.06177324056625366,0.10723823308944702,0.06177324056625366,0.16018924117088318,0.09377303719520569
504,100,0.6605555749771881,-0.39478946,0.1983845896020378,0.19502133138708228,0.2592632366517156,0.28455400466918945,0.33801063895225525,0.28455400466918945,0.33801063895225525,0.39241623878479004,0.33801063895225525,0.1383039355278015,0.07293212413787842,0.1383039355278015,0.07293212413787842,0.1849154382944107,0.11542452871799469
505,100,-0.5266304615687201,-0.70576096,0.24330781392522693,0.26686741411685944,0.37143093639427854,0.11392641067504883,0.2967253029346466,0.11392641067504883,0.2967253029346466,0.20149052143096924,0.2967253029346466,0.08946359157562256,0.0804135799407959,0.08946359157562256,0.0804135799407959,0.13006263971328735,0.11754107475280762
506,100,-1.4904647624028151,-0.319519,0.062111687958496586,0.3009862487822055,0.2210549923728934,0.5663235187530518,0.0661553144454956,0.5663235187530518,0.0661553144454956,1.2055379152297974,0.005816072225570679,0.12628602981567383,0.1632697582244873,0.12628602981567383,0.1632697582244873,0.16528354585170746,0.14291352033615112
507,100,0.2302633217172218,-0.4274043,0.266820834200714,0.04859848401134759,0.40376880572935975,0.9591909646987915,0.12024185061454773,0.9591909646987915,0.12024185061454773,1.696799635887146,0.12024185061454773,0.19303995370864868,0.1587720811367035,0.19303995370864868,0.1587720811367035,0.28589504957199097,0.10057510435581207
508,100,-1.9799607316210903,-0.6663164,0.44312765375515795,0.31952598850047575,0.020179384562452496,1.1500732898712158,0.2938685417175293,1.1500732898712158,0.2938685417175293,2.0990259647369385,0.5231705904006958,0.2938685417175293,0.0885959267616272,0.2938685417175293,0.0885959267616272,0.40851956605911255,0.06157442927360535
509,100,-0.880886413092604,-0.6582713,0.07717341707884984,0.40525173010861437,0.23198313688494476,0.7081248760223389,0.10968369245529175,0.7081248760223389,0.10968369245529175,1.428473949432373,0.19621220231056213,0.16186833381652832,0.03369408845901489,0.16186833381652832,0.03369408845901489,0.20989815890789032,0.01972252130508423
510,100,-1.9850977097850433,-0.7311815,0.42417079128350593,0.06960046028916778,0.3990776123946269,0.9770184755325317,0.1751474142074585,0.9770184755325317,0.1751474142074585,2.2813215255737305,0.42885822057724,0.1751474142074585,0.02487361431121826,0.1751474142074585,0.02487361431121826,0.3430115878582001,0.07396131753921509
511,100,-0.4461426113178875,-0.77740765,0.29694923065935624,0.46627449116243935,0.0840365462568412,1.0383353233337402,0.4666966497898102,1.0383353233337402,0.4666966497898102,1.902276635169983,0.4666966497898102,0.23226463794708252,0.016038358211517334,0.23226463794708252,0.016038358211517334,0.34948062896728516,0.0542273223400116
512,100,-1.3254045896408044,-0.716366,0.3528289406902807,0.20943784762391515,0.2965010770074895,0.3076995611190796,0.11095118522644043,0.3076995611190796,0.11095118522644043,0.9065806865692139,0.49115079641342163,0.11095118522644043,0.04660707712173462,0.11095118522644043,0.04660707712173462,0.2084052562713623,0.10872548818588257
513,100,-0.5076510595148032,-0.80162376,0.19403869604941493,0.45734348416942905,0.27759183129084486,0.6221445798873901,0.28923189640045166,0.6221445798873901,0.28923189640045166,1.1895196437835693,0.4974091053009033,0.2165590524673462,0.039715588092803955,0.2165590524673462,0.039715588092803955,0.30508437752723694,0.08856585621833801
514,100,-1.1076148746770116,-0.83902,0.3535713879071509,0.2079166231414501,0.4283591504032721,0.627886176109314,0.5364753007888794,0.627886176109314,0.5364753007888794,1.5511735677719116,0.5364753007888794,0.14612305164337158,0.03187692165374756,0.14612305164337158,0.03187692165374756,0.27328985929489136,0.1153678297996521
515,100,-2.56420463195083,-0.84390575,0.2149056761279139,0.45706976398416,0.30126217853828385,0.5231952667236328,0.32859504222869873,0.5231952667236328,0.32859504222869873,0.7723337411880493,0.5130043029785156,0.2112412452697754,0.06282782554626465,0.2112412452697754,0.06282782554626465,0.286797434091568,0.10509094595909119
516,100,-0.8627110808111025,-0.97615504,0.33627460622372696,0.28018968528347843,0.5044195950511343,0.5350496768951416,0.6320034265518188,0.5350496768951416,0.6320034265518188,1.187453031539917,0.6320034265518188,0.1999140977859497,0.06255096197128296,0.1999140977859497,0.06255096197128296,0.3154602646827698,0.14497613906860352
517,100,-1.3895788856203906,-0.8840407,0.49540443605138446,0.3029722972705805,0.2187634778506673,0.8822896480560303,0.17646825313568115,0.8822896480560303,0.17646825313568115,1.5153378248214722,0.39306962490081787,0.17646825313568115,0.029352784156799316,0.17646825313568115,0.029352784156799316,0.2847689390182495,0.07098352909088135
518,100,-0.8422129233787129,-0.9601078,0.2743166287099987,0.487668353667374,0.25137773346911174,0.6738877296447754,0.43218398094177246,0.6738877296447754,0.43218398094177246,0.9790735244750977,0.43218398094177246,0.24632889032363892,0.08843815326690674,0.24632889032363892,0.08843815326690674,0.3392564356327057,0.15262055397033691
519,100,-1.2530951773578964,-0.95456743,0.30206212798242293,0.2677660798877992,0.52203694206128,0.680844783782959,0.6515563130378723,0.680844783782959,0.6515563130378723,1.5233951807022095,0.6515563130378723,0.1320563554763794,0.0440068244934082,0.1320563554763794,0.0440068244934082,0.23604094982147217,0.07756024599075317
520,100,-1.236159911004621,-0.7925943,0.28420576286787,0.35596026962821437,0.24430004060524446,0.21383273601531982,0.30225664377212524,0.21383273601531982,0.30225664377212524,0.43899500370025635,0.30225664377212524,0.12321746349334717,0.05597078800201416,0.12321746349334717,0.05597078800201416,0.2127370536327362,0.12326270341873169
521,100,-1.1250871391780537,-0.8381334,0.34428581631265553,0.25841914564115065,0.31340819729101616,0.24221932888031006,0.15970009565353394,0.24221932888031006,0.15970009565353394,0.5925792455673218,0.5593189001083374,0.15970009565353394,0.07100749015808105,0.15970009565353394,0.07100749015808105,0.24878725409507751,0.1522713303565979
522,100,-0.0932599609658999,-0.8336693,0.3728791071914928,0.3497330963329965,0.25362229449642504,0.2378910779953003,0.14894592761993408,0.2378910779953003,0.14894592761993408,0.618810772895813,0.35569867491722107,0.14894592761993408,0.044890403747558594,0.14894592761993408,0.044890403747558594,0.25232231616973877,0.12969845533370972
523,100,-0.3651107799794397,-0.83866096,0.3219201479401578,0.32489874811772634,0.3102734690576896,0.17769944667816162,0.3676174581050873,0.17769944667816162,0.3676174581050873,0.3943222463130951,0.3676174581050873,0.15832877159118652,0.1501079797744751,0.15832877159118652,0.1501079797744751,0.2629731297492981,0.2547968626022339
524,100,-0.4302982490020842,-0.9827662,0.14987449938130548,0.4113926169209669,0.45639346104716927,0.5656781196594238,0.4949568510055542,0.5656781196594238,0.4949568510055542,2.0394463539123535,0.4949568510055542,0.1449938416481018,0.012795448303222656,0.1449938416481018,0.012795448303222656,0.303080677986145,0.08572006225585938
525,100,-0.1529295858180615,-0.8286873,0.20355817258255576,0.17236095203464408,0.43002162656116316,0.5966609716415405,0.2926837205886841,0.5966609716415405,0.2926837205886841,0.8625281453132629,0.2926837205886841,0.1765803098678589,0.012889266014099121,0.1765803098678589,0.012889266014099121,0.22011849284172058,0.04096579551696777
526,100,-0.4974718101327238,-0.5842383,0.22292726045263178,0.2357991051082452,0.18274919487075092,0.16304048895835876,0.21830177307128906,0.16304048895835876,0.21830177307128906,0.43357133865356445,0.21830177307128906,0.08610129356384277,0.017746686935424805,0.08610129356384277,0.017746686935424805,0.15220153331756592,0.07766126096248627
527,100,-2.7493850115390774,-0.54822004,0.1587430392952055,0.24470893953546008,0.2270511329474881,0.2083093225955963,0.16587501764297485,0.2083093225955963,0.16587501764297485,0.4190030097961426,0.2819860279560089,0.11711788177490234,0.042525291442871094,0.11711788177490234,0.042525291442871094,0.17248500883579254,0.0899098813533783
528,100,0.7727008430492391,-0.5806562,0.23974223859941018,0.1744155712950578,0.2648321652138457,0.1816311478614807,0.2971225380897522,0.1816311478614807,0.2971225380897522,0.469130277633667,0.2971225380897522,0.09964251518249512,0.03437870740890503,0.09964251518249512,0.03437870740890503,0.17333635687828064,0.10242381691932678
529,100,-1.8289772387752836,-0.8265145,0.5073945874354684,0.217632138186304,0.15961945627870422,1.226527214050293,0.2813528776168823,1.226527214050293,0.2813528776168823,1.5991874933242798,0.4295393228530884,0.2813528776168823,0.016573011875152588,0.2813528776168823,0.016573011875152588,0.35544610023498535,0.04854735732078552
530,100,0.7355550880172406,-0.7018897,0.055568943731486575,0.629858017572653,0.2058383627343422,1.8998479843139648,0.2381001114845276,1.8998479843139648,0.2381001114845276,2.4331347942352295,0.38630419969558716,0.4779055714607239,0.13317924737930298,0.4779055714607239,0.13317924737930298,0.5715280771255493,0.1075783371925354
531,100,-0.9267361184163972,-0.77152103,0.39113749069548953,0.0878995002032964,0.6256645026639156,1.8438694477081299,0.5521988272666931,1.8438694477081299,0.5521988272666931,2.9346699714660645,0.5521988272666931,0.4168670177459717,0.09760808944702148,0.4168670177459717,0.09760808944702148,0.6643224954605103,0.04931938648223877
532,100,-1.1497680609711478,-0.49982253,0.06800274007323215,0.6827526809711688,0.05703512698098312,2.150312900543213,0.3956303596496582,2.150312900543213,0.3956303596496582,1.9353069067001343,0.3956303596496582,0.6966637372970581,0.1793854534626007,0.6966637372970581,0.1793854534626007,0.5461470484733582,0.2366226315498352
533,100,-2.0612978439744243,-0.76873916,0.2911629460726407,0.0670506967122817,0.6738711126353528,2.142765760421753,0.3588942289352417,2.142765760421753,0.3588942289352417,2.8507964611053467,0.3588942289352417,0.4207788109779358,0.08561402559280396,0.4207788109779358,0.08561402559280396,0.5906358957290649,0.06590718030929565
534,100,-2.301157275279065,-0.5367435,0.3470658336692455,0.3491518298272824,0.05492907323429663,0.828246533870697,0.5263490676879883,0.828246533870697,0.5263490676879883,1.9655027389526367,0.5263490676879883,0.20876353979110718,0.12442290782928467,0.20876353979110718,0.12442290782928467,0.36755630373954773,0.07011520862579346
535,100,-1.1236904613280871,-0.86437595,0.4050833011602925,0.2811551408976624,0.23586230611755055,0.38663026690483093,0.1363976001739502,0.38663026690483093,0.1363976001739502,0.687471330165863,0.2945629358291626,0.1363976001739502,0.0457078218460083,0.1363976001739502,0.0457078218460083,0.2154802680015564,0.09139031171798706
536,100,-1.6188452159287818,-0.9718781,0.4157037191873871,0.3784321739860008,0.25358947200694226,0.37078428268432617,0.15498459339141846,0.37078428268432617,0.15498459339141846,1.0365508794784546,0.4059011936187744,0.15498459339141846,0.05299639701843262,0.15498459339141846,0.05299639701843262,0.28044289350509644,0.1402536928653717
537,100,-2.9244929626720095,-1.2902077,0.30776679364778725,0.5551874927817959,0.5192503994298758,0.49768924713134766,0.30885934829711914,0.49768924713134766,0.30885934829711914,1.9491517543792725,0.9751958250999451,0.1842893362045288,0.04250288009643555,0.1842893362045288,0.04250288009643555,0.400371253490448,0.17603212594985962
538,100,-2.167649283827948,-1.0506107,0.3675954622373344,0.3083916048541717,0.4784516532140498,0.412126362323761,0.7984972596168518,0.412126362323761,0.7984972596168518,1.094529390335083,0.7984972596168518,0.1619393229484558,0.08383423089981079,0.1619393229484558,0.08383423089981079,0.2916722297668457,0.16453731060028076
539,100,-2.9669050206646475,-1.2455438,0.5015038118163232,0.4226366274532482,0.3750507816723532,0.5884788632392883,0.10679793357849121,0.5884788632392883,0.10679793357849121,1.349382758140564,0.41920799016952515,0.10679793357849121,0.07548868656158447,0.10679793357849121,0.07548868656158447,0.2630029618740082,0.16967156529426575
540,100,-2.2559274024867277,-1.3759613,0.35825367120840323,0.5524099825071715,0.3927560910723358,0.47655969858169556,0.4382886290550232,0.47655969858169556,0.4382886290550232,0.9738119840621948,1.0196757316589355,0.22645926475524902,0.07053017616271973,0.22645926475524902,0.07053017616271973,0.36767327785491943,0.17211973667144775
541,100,-0.6687622665640462,-1.4200699,0.5538291259960005,0.44110047541994,0.42875758882394366,0.42332565784454346,0.2203124761581421,0.42332565784454346,0.2203124761581421,0.8558458685874939,0.5841268301010132,0.2203124761581421,0.1900954246520996,0.2203124761581421,0.1900954246520996,0.40221965312957764,0.3376040458679199
542,100,-0.8687487112982852,-1.2212607,0.42911990970065894,0.43699928657295806,0.3232185396644256,0.22584187984466553,0.46227073669433594,0.22584187984466553,0.46227073669433594,0.6853699684143066,0.46227073669433594,0.1406770944595337,0.08186531066894531,0.1406770944595337,0.08186531066894531,0.3014739155769348,0.20898282527923584
543,100,-1.694038389126061,-1.1978517,0.21987952508954067,0.47801343205663344,0.4725934261091282,0.6229511499404907,0.3997105360031128,0.6229511499404907,0.3997105360031128,2.254659414291382,1.0067499876022339,0.2619009017944336,0.0914926528930664,0.2619009017944336,0.0914926528930664,0.5182579755783081,0.2534722685813904
544,100,-0.9881439987159344,-1.1020259,0.29404934067791166,0.2488456726509478,0.4949946142765101,0.9284161925315857,0.8597089648246765,0.9284161925315857,0.8597089648246765,1.378843069076538,0.8597089648246765,0.3445131778717041,0.11601215600967407,0.3445131778717041,0.11601215600967407,0.47160404920578003,0.21162214875221252
545,100,-1.875104043872204,-1.0547392,0.46807861270517415,0.3207665899595648,0.2795040655074661,0.6759315133094788,0.28548669815063477,0.6759315133094788,0.28548669815063477,1.1877825260162354,0.616335391998291,0.28548669815063477,0.13629448413848877,0.28548669815063477,0.13629448413848877,0.4509110450744629,0.25775277614593506
546,100,-0.7141315092950328,-1.2442324,0.3249087092879508,0.5562692743140396,0.3232407423561996,0.7827926874160767,0.7418265342712402,0.7827926874160767,0.7418265342712402,1.266336441040039,0.7418265342712402,0.41196829080581665,0.18970894813537598,0.41196829080581665,0.18970894813537598,0.576897382736206,0.31842470169067383
547,100,-0.6314032843195947,-1.3593884,0.425210292164646,0.32240461847261603,0.5352092575173044,0.4672708511352539,1.1777362823486328,0.4672708511352539,1.1777362823486328,1.5750912427902222,1.1777362823486328,0.2320784330368042,0.11632680892944336,0.2320784330368042,0.11632680892944336,0.4319036900997162,0.2565765678882599
548,100,-1.6379815421248305,-1.0585996,0.24447145304063334,0.43152120807992217,0.25408910225142345,0.5967682600021362,0.44151735305786133,0.5967682600021362,0.44151735305786133,1.0527572631835938,0.7138482332229614,0.2646702527999878,0.11535584926605225,0.2646702527999878,0.11535584926605225,0.3747384548187256,0.1884826421737671
549,100,-0.5169029515392524,-1.0349717,0.1912069662355681,0.23078518582322316,0.4424636407252851,0.7518193125724792,0.7361059784889221,0.7518193125724792,0.7361059784889221,1.1214163303375244,0.7361059784889221,0.3043438196182251,0.10828709602355957,0.3043438196182251,0.10828709602355957,0.4150250256061554,0.1778968870639801
550,100,1.0729561704684794,-1.0571967,0.4096920948949262,0.23110588637414253,0.298982987634812,0.6943984627723694,0.3225058913230896,0.6943984627723694,0.3225058913230896,1.1208311319351196,0.957490861415863,0.3225058913230896,0.14981865882873535,0.3225058913230896,0.14981865882873535,0.4795760214328766,0.276481032371521
551,100,-0.6048245599988162,-1.0213474,0.1415500407878474,0.4976708092614753,0.28661826738121177,1.0497851371765137,0.6169085502624512,1.0497851371765137,0.6169085502624512,1.5843861103057861,1.0162442922592163,0.43351632356643677,0.11284744739532471,0.43351632356643677,0.11284744739532471,0.6153436899185181,0.21266034245491028
552,100,-0.2399098824358994,-0.6977326,0.2801104151992658,0.1864603061446619,0.5791656921691296,2.0839831829071045,0.5026176571846008,2.0839831829071045,0.5026176571846008,1.7628672122955322,0.5026176571846008,0.6782509088516235,0.1718103289604187,0.6782509088516235,0.1718103289604187,0.4624446630477905,0.1647632122039795
553,100,0.1248518222628293,-0.27929896,0.15966577000941604,0.3943027031841556,0.1884380689089241,0.4438236355781555,0.24535197019577026,0.4438236355781555,0.24535197019577026,0.5462706089019775,0.024353891611099243,0.4438236355781555,0.2556746006011963,0.4438236355781555,0.2556746006011963,0.34776967763900757,0.38875165581703186
554,100,1.2745082557209648,0.059995055,0.00779450869130105,0.15440589719519177,0.549604775364866,0.6444262862205505,0.20829255878925323,0.6444262862205505,0.20829255878925323,0.571233868598938,0.20829255878925323,0.6444262862205505,0.11304071545600891,0.6444262862205505,0.11304071545600891,0.4819524884223938,0.2928590178489685
555,100,1.1277542226450303,-0.15317488,0.14196250259338578,0.010328023262398733,0.12491155657725228,0.04258453845977783,0.04258453845977783,0.04258453845977783,0.04258453845977783,0.4721947908401489,0.2821928858757019,0.04258453845977783,0.09323226660490036,0.04258453845977783,0.09323226660490036,0.11477029323577881,0.20836180448532104
556,100,2.956348215744465,0.31355214,0.5021449937341138,0.13163656395735202,0.007565387668683421,0.43273282051086426,0.43273282051086426,0.43273282051086426,0.43273282051086426,0.06820444762706757,0.47832444310188293,0.43273282051086426,0.07168233394622803,0.43273282051086426,0.07168233394622803,0.4555286169052124,0.05151340365409851
557,100,2.6285434373974232,1.0167178,0.48809344148666567,0.6151714074934267,0.19517182597180027,0.3736405372619629,0.7646564245223999,0.3736405372619629,0.7646564245223999,0.7065292596817017,0.7646564245223999,0.3736405372619629,0.029758214950561523,0.3736405372619629,0.029758214950561523,0.5691484808921814,0.17136019468307495
558,100,2.826556153354432,1.2612852,0.6867696021097839,0.3914428146306388,0.41896662676764507,0.2987278699874878,0.2987278699874878,0.2987278699874878,0.2987278699874878,0.23827624320983887,1.0075294971466064,0.2987278699874878,0.11157894134521484,0.2987278699874878,0.11157894134521484,0.4487028419971466,0.21735933423042297
559,100,2.670039192281029,1.0601864,0.5251974407135414,0.5059308753544114,0.2507588409937125,0.10830003023147583,0.15348976850509644,0.10830003023147583,0.15348976850509644,0.4290018081665039,0.5151175856590271,0.15348976850509644,0.06647610664367676,0.15348976850509644,0.06647610664367676,0.33430367708206177,0.1786021590232849
560,100,1.7381280968023036,1.5035453,0.6860959554711978,0.5516910534416074,0.46359551212785566,0.22115468978881836,0.2439563274383545,0.22115468978881836,0.2439563274383545,0.4684337377548218,0.5794063210487366,0.2439563274383545,0.13096725940704346,0.2439563274383545,0.13096725940704346,0.41168132424354553,0.3037862777709961
561,100,3.172028302651679,1.595985,0.6077147015335223,0.6264608205644944,0.5511624130750032,0.20666253566741943,0.5683227777481079,0.20666253566741943,0.5683227777481079,0.5309720039367676,0.5683227777481079,0.20666253566741943,0.20193076133728027,0.20666253566741943,0.20193076133728027,0.38749265670776367,0.3689889907836914
562,100,2.5137518790606626,1.6649165,0.5522758587042695,0.6927565646156206,0.6250054885047613,0.23612713813781738,0.6191397905349731,0.23612713813781738,0.6191397905349731,0.7644588351249695,1.4622809886932373,0.2630363702774048,0.2069990634918213,0.2630363702774048,0.2069990634918213,0.5422987341880798,0.40671396255493164
563,100,2.3866820691959756,1.5934111,0.7190104659736358,0.5037268021262389,0.5589748144508229,0.2694122791290283,0.2694122791290283,0.2694122791290283,0.2694122791290283,0.5939620733261108,1.4096300601959229,0.2694122791290283,0.16437411308288574,0.2694122791290283,0.16437411308288574,0.49979645013809204,0.35362303256988525
564,100,2.991217136575858,2.123868,0.918148552326812,0.9128702118147893,0.5129848336128844,0.3380007743835449,0.5530128479003906,0.3380007743835449,0.5530128479003906,1.1062674522399902,1.410815715789795,0.5530128479003906,0.29119396209716797,0.5530128479003906,0.29119396209716797,0.9819142818450928,0.6758027076721191
565,100,0.9051726998441793,1.7382662,0.5628683157009151,0.6473417488851707,0.6605484698902289,0.21173548698425293,1.3855950832366943,0.21173548698425293,1.3855950832366943,0.46710944175720215,1.3855950832366943,0.21173548698425293,0.1224513053894043,0.21173548698425293,0.1224513053894043,0.424202561378479,0.286903977394104
566,100,2.302921766586957,2.0216324,0.8385142957810892,0.7224974075773943,0.6660978427713675,0.37290430068969727,0.37290430068969727,0.37290430068969727,0.37290430068969727,0.7144685983657837,0.9231420755386353,0.37290430068969727,0.25942301750183105,0.37290430068969727,0.25942301750183105,0.6480231881141663,0.566745400428772
567,100,1.478954453387331,1.9516301,0.38047194100685955,1.0272255139713435,0.7648144959251291,0.7321844100952148,1.1180245876312256,0.7321844100952148,1.1180245876312256,1.5827586650848389,2.268021583557129,0.7321844100952148,0.22209382057189941,0.7321844100952148,0.22209382057189941,1.3107761144638062,0.5712835788726807
568,100,1.839068608349249,1.7710553,0.7262313884532532,0.3718799223732909,0.9102986355622609,0.8092595338821411,2.000168800354004,0.8092595338821411,2.000168800354004,1.3299208879470825,2.000168800354004,0.8092595338821411,0.2231541872024536,0.8092595338821411,0.2231541872024536,1.2100982666015625,0.5340180397033691
569,100,2.2806242767006406,2.0088446,0.5539489716829096,0.994424904053359,0.5264083365573708,0.5694724321365356,1.1355966329574585,0.5694724321365356,1.1355966329574585,0.7825093269348145,1.1355966329574585,0.5694724321365356,0.23173582553863525,0.5694724321365356,0.23173582553863525,0.8525345325469971,0.41817986965179443
570,100,2.3327450909023324,2.3824613,0.6496933280743171,0.688786657347866,1.2262020882385494,0.9017564058303833,2.762599229812622,0.9017564058303833,2.762599229812622,1.2814244031906128,2.762599229812622,0.9017564058303833,0.2714977264404297,0.9017564058303833,0.2714977264404297,1.365934133529663,0.5522876977920532
571,100,2.141723419109171,2.13217,0.773156945865691,0.7743160141779181,0.7123433082425308,0.22348403930664062,1.0411664247512817,0.22348403930664062,1.0411664247512817,0.81443190574646,1.0411664247512817,0.34154772758483887,0.3274087905883789,0.34154772758483887,0.3274087905883789,0.6913570761680603,0.6580981016159058
572,100,3.863203013391912,2.3885362,0.7120959423834465,0.9132210801217924,0.9261622536492206,0.2951836585998535,2.6780641078948975,0.2951836585998535,2.6780641078948975,1.139203429222107,2.6780641078948975,0.461880087852478,0.2991671562194824,0.461880087852478,0.2991671562194824,1.0048346519470215,0.6392026543617249
573,100,1.9983343077798137,2.759375,0.6544846352125768,0.9751931824609388,1.2563779003969375,0.6437528133392334,3.18534255027771,0.6437528133392334,3.18534255027771,2.0116710662841797,3.18534255027771,0.6713392734527588,0.22950220108032227,0.6713392734527588,0.22950220108032227,1.366929531097412,0.550017237663269
574,100,1.594619829487981,2.5843892,1.0433042057857067,0.7382535312670413,0.8635247770274422,0.4726753234863281,0.4726753234863281,0.4726753234863281,0.4726753234863281,0.6846966743469238,2.820558547973633,0.4726753234863281,0.2944819927215576,0.4726753234863281,0.2944819927215576,0.977626621723175,0.7565336227416992
575,100,2.8326269467304193,2.556603,0.549041041678707,1.1251163942918594,0.9016980126410521,0.36127686500549316,0.7720630168914795,0.36127686500549316,0.7720630168914795,0.4893004894256592,2.8369431495666504,0.36127686500549316,0.14801526069641113,0.36127686500549316,0.14801526069641113,1.0634251832962036,0.404178261756897
576,100,2.0594437247801323,2.4644659,0.575921226612891,0.7141254928052623,1.1234625569989594,0.6061257123947144,2.4774296283721924,0.6061257123947144,2.4774296283721924,0.6438881158828735,2.4774296283721924,0.6061257123947144,0.26158761978149414,0.6061257123947144,0.26158761978149414,1.1015069484710693,0.45396900177001953
577,100,1.8984765931005212,2.451347,0.9516646467610118,0.6498064918962028,0.7999318393581001,0.5842653512954712,0.5842653512954712,0.5842653512954712,0.5842653512954712,1.142281174659729,2.712634563446045,0.5842653512954712,0.38542890548706055,0.5842653512954712,0.38542890548706055,1.151738166809082,0.8718724846839905
578,100,2.7023625377598535,2.198299,0.6353671804896179,0.9826986635411061,0.6347918168632027,0.6755633354187012,1.446557879447937,0.6755633354187012,1.446557879447937,1.0922582149505615,1.446557879447937,0.6755633354187012,0.4284604787826538,0.6755633354187012,0.4284604787826538,1.0610606670379639,0.7304539084434509
579,100,0.6093131803199181,2.7282827,0.5203577682017464,0.7727906385827099,1.453604916846732,0.8523901700973511,3.391031265258789,0.8523901700973511,3.391031265258789,1.6842201948165894,3.391031265258789,0.8523901700973511,0.14641666412353516,0.8523901700973511,0.14641666412353516,1.6076548099517822,0.3532238006591797
580,100,2.1951234541432902,2.3436315,0.8478034047275473,0.7503290682570223,0.8578526416082972,0.45621049404144287,3.011781692504883,0.45621049404144287,3.011781692504883,1.412927508354187,3.011781692504883,0.7873145341873169,0.5696902275085449,0.7873145341873169,0.5696902275085449,1.3534340858459473,1.114645004272461
581,100,1.7142839058779005,2.2858856,0.2743333748692194,1.1006346237861722,0.8525343537586658,0.8620433807373047,1.1502131223678589,0.8620433807373047,1.1502131223678589,1.8015708923339844,2.6839754581451416,0.8620433807373047,0.11427116394042969,0.8620433807373047,0.11427116394042969,1.6363263130187988,0.5537852644920349
582,100,2.392351163697414,2.4636528,0.6401722604709701,0.3306207561359784,1.486032256485312,1.3199267387390137,2.9350202083587646,1.3199267387390137,2.9350202083587646,2.1905438899993896,2.9350202083587646,1.3199267387390137,0.11396503448486328,1.3199267387390137,0.11396503448486328,1.9006595611572266,0.33272600173950195
583,100,1.1708003193311125,2.138395,0.7452923267618896,1.1409218493733824,0.309930478904358,1.3706600666046143,2.431941509246826,1.3706600666046143,2.431941509246826,2.147066116333008,2.431941509246826,1.3706600666046143,0.3261992931365967,1.3706600666046143,0.3261992931365967,1.9013007879257202,0.7475414276123047
584,100,2.6066711860228224,2.58633,0.7116524354583519,0.6831234685654182,1.0812922938121963,0.5502026081085205,2.868926763534546,0.5502026081085205,2.868926763534546,1.3913912773132324,2.868926763534546,0.649714469909668,0.294161319732666,0.649714469909668,0.294161319732666,1.1127636432647705,0.5813596844673157
585,100,1.5387622894722472,2.403456,0.43920619340287015,1.025672067456025,0.8683845947698217,0.7735917568206787,1.2989448308944702,0.7735917568206787,1.2989448308944702,1.6601290702819824,2.8572020530700684,0.7735917568206787,0.22170329093933105,0.7735917568206787,0.22170329093933105,1.5190786123275757,0.7146704196929932
586,100,2.4591433985517197,2.5993145,0.6286424219774722,0.5061802240504645,1.437093336896849,1.0204596519470215,3.328033924102783,1.0204596519470215,3.328033924102783,2.1652863025665283,3.328033924102783,1.2279372215270996,0.20389246940612793,1.2279372215270996,0.20389246940612793,1.8405557870864868,0.4721788167953491
587,100,1.320581587313576,2.3918443,0.5070438667030883,1.1670181472366519,0.6287514405241842,0.8690447807312012,1.5863330364227295,0.8690447807312012,1.5863330364227295,0.6396821737289429,2.96673583984375,0.8690447807312012,0.23507404327392578,0.8690447807312012,0.23507404327392578,1.507952332496643,0.5843518376350403
588,100,2.0107508779630616,2.513171,0.5460525878362645,0.5508052557066743,1.2675288285151176,0.6521049737930298,2.6710658073425293,0.6521049737930298,2.6710658073425293,0.8409645557403564,2.6710658073425293,0.6521049737930298,0.12033462524414062,0.6521049737930298,0.12033462524414062,1.0568252801895142,0.27368104457855225
589,100,1.084040397791763,2.5386841,0.3470114578214507,1.0010801014135178,0.9732871839066138,0.6235955953598022,1.1021275520324707,0.6235955953598022,1.1021275520324707,1.3320282697677612,3.2361419200897217,0.6235955953598022,0.17326879501342773,0.6235955953598022,0.17326879501342773,1.641735553741455,0.6662673950195312
590,100,2.109502082976302,2.2789428,0.4695720031371029,0.44766386899188193,1.112754635333605,0.7796609401702881,2.4169390201568604,0.7796609401702881,2.4169390201568604,1.292508602142334,2.4169390201568604,0.7796609401702881,0.1814272403717041,0.7796609401702881,0.1814272403717041,1.1394827365875244,0.3331596255302429
591,100,0.9353388533594128,2.016804,0.33219891370520593,0.8470637490940869,0.7316797351355815,0.7419450283050537,1.201761245727539,0.7419450283050537,1.201761245727539,1.4180923700332642,2.630502223968506,0.7419450283050537,0.16590440273284912,0.7419450283050537,0.16590440273284912,1.4445098638534546,0.6531638503074646
592,100,1.3273222361032817,2.2928538,0.5290638325764732,0.4672370242943853,1.0931930889557933,0.8442729711532593,2.7618613243103027,0.8442729711532593,2.7618613243103027,1.7765419483184814,2.7618613243103027,0.9256726503372192,0.21312880516052246,0.9256726503372192,0.21312880516052246,1.4092719554901123,0.46646738052368164
593,100,0.2565261434941358,2.3141668,0.2798245268589037,0.8871938789525803,0.8178589788499153,0.5644962787628174,0.884629487991333,0.5644962787628174,0.884629487991333,0.6125590801239014,2.4226584434509277,0.5644962787628174,0.10847806930541992,0.5644962787628174,0.10847806930541992,1.2491241693496704,0.40834707021713257
594,100,0.6151766177361002,1.766026,0.3690584370021508,0.3577562668696814,0.9425866453015466,1.3192658424377441,2.4816994667053223,1.3192658424377441,2.4816994667053223,1.5886293649673462,2.4816994667053223,1.3192658424377441,0.34437012672424316,1.3192658424377441,0.34437012672424316,1.6493550539016724,0.5981380939483643
595,100,2.164190978256848,1.0002425,0.021312812177218032,0.48698773923093175,0.36461882065394335,1.0712565183639526,1.1999348402023315,1.0712565183639526,1.1999348402023315,1.5619429349899292,1.865326166152954,1.0712565183639526,0.13006997108459473,1.0712565183639526,0.13006997108459473,1.4328607320785522,0.6289598345756531
596,100,0.8933933161005816,1.2737085,0.16971460839291796,0.13966286914019854,0.7429705545229398,1.3060929775238037,1.7784066200256348,1.3060929775238037,1.7784066200256348,1.2542104721069336,1.7784066200256348,1.3060929775238037,0.16004276275634766,1.3060929775238037,0.16004276275634766,1.45928955078125,0.30839803814888
597,100,1.4998745637655877,0.651723,0.557340456249634,0.07974355861775029,0.12322459262363672,1.017463207244873,1.017463207244873,1.017463207244873,1.017463207244873,0.6091818809509277,1.5061728954315186,1.017463207244873,0.44193869829177856,1.017463207244873,0.44193869829177856,1.118202805519104,0.5507420301437378
598,100,2.035143093064544,1.5628616,0.2532462997896485,0.8254549932182862,0.29515763528843464,0.9699126482009888,1.4046742916107178,0.9699126482009888,1.4046742916107178,0.3140382766723633,1.9378242492675781,0.9699126482009888,0.24688029289245605,0.9699126482009888,0.24688029289245605,1.2480485439300537,0.4217718839645386
599,100,1.591793355132807,1.9191908,0.3679683972854182,0.3338422939002106,0.9371079994282359,0.9135420322418213,2.179194927215576,0.9135420322418213,2.179194927215576,1.247992992401123,2.179194927215576,0.9135420322418213,0.1999654769897461,0.9135420322418213,0.1999654769897461,1.2396235466003418,0.3760290741920471
600,100,1.964726533603972,1.7116472,0.48732177226378537,0.5364010674731736,0.4197586393719892,0.4175163507461548,1.7480334043502808,0.4175163507461548,1.7480334043502808,1.2985641956329346,1.7480334043502808,0.757425844669342,0.630294919013977,0.757425844669342,0.630294919013977,1.2527296543121338,1.10548996925354
601,100,1.3348528969589706,2.0934508,0.340908449604032,0.7057883063542474,0.7379475276264333,0.40228962898254395,2.844322681427002,0.40228962898254395,2.844322681427002,1.6313587427139282,2.844322681427002,0.764865517616272,0.252799391746521,0.764865517616272,0.252799391746521,1.482773780822754,0.7449904084205627
602,100,3.2182062479081432,2.3988867,0.41692704352777454,0.5384358184034471,1.0234718141354033,0.676102876663208,3.019116163253784,0.676102876663208,3.019116163253784,1.4958492517471313,3.019116163253784,0.676102876663208,0.12198090553283691,0.676102876663208,0.12198090553283691,1.2832586765289307,0.31627964973449707
603,100,-0.2303861771565052,2.0111592,0.2844932116696106,0.6317905513217669,0.7792765273811785,0.4110147953033447,2.6479291915893555,0.4110147953033447,2.6479291915893555,1.6033451557159424,2.6479291915893555,0.6420538425445557,0.23102033138275146,0.6420538425445557,0.23102033138275146,1.3464053869247437,0.5837723016738892
604,100,2.626820091492071,2.2231374,0.6193818466744268,0.42654551737189705,0.7817667596605431,0.1058049201965332,2.732243776321411,0.1058049201965332,2.732243776321411,0.47948479652404785,2.732243776321411,0.5390582084655762,0.19753313064575195,0.5390582084655762,0.19753313064575195,1.0451037883758545,0.4641765356063843
605,100,-0.4327453580824201,2.2134657,0.007221508963206391,0.9969354860062143,0.6476436800601865,1.0127501487731934,0.8977229595184326,1.0127501487731934,0.8977229595184326,0.5078425407409668,2.8546078205108643,1.0127501487731934,0.027275800704956055,1.0127501487731934,0.027275800704956055,1.9728810787200928,0.2670745849609375
606,100,1.662980007445625,1.932772,0.5923136562057786,0.09880423013287287,1.061332782698456,1.4923670291900635,2.6424505710601807,1.4923670291900635,2.6424505710601807,2.5199713706970215,2.6424505710601807,1.4923670291900635,0.04946768283843994,1.4923670291900635,0.04946768283843994,2.121763229370117,0.23882949352264404
607,100,1.2469758243410023,0.5826133,0.21955506445334338,0.7914122224839794,0.37188324821261587,1.4911949634552002,1.3795750141143799,1.4911949634552002,1.3795750141143799,0.7572920918464661,1.2529644966125488,1.4911949634552002,0.19725775718688965,1.4911949634552002,0.19725775718688965,1.4371702671051025,0.2885536253452301
608,100,0.3643482917016114,1.3458357,0.3504384059804615,0.3218978595026989,0.8858312785855889,1.6626622676849365,2.064344644546509,1.6626622676849365,2.064344644546509,1.927759051322937,2.064344644546509,1.6626622676849365,0.22464334964752197,1.6626622676849365,0.22464334964752197,1.931489109992981,0.28604966402053833
609,100,1.3462478188203209,0.90556836,0.2570878574208603,0.5533239637210297,0.33857434566846395,1.1516728401184082,1.6736968755722046,1.1516728401184082,1.6736968755722046,0.6241215467453003,1.3642464876174927,1.1516728401184082,0.541120707988739,1.1516728401184082,0.541120707988739,0.9625275731086731,0.3610614836215973
610,100,-0.7733074374045822,1.3828429,0.028936832739981044,0.3368596983401431,0.5792555517334605,1.1821544170379639,2.0528030395507812,1.1821544170379639,2.0528030395507812,1.7196071147918701,2.0528030395507812,1.1821544170379639,0.14883971214294434,1.1821544170379639,0.14883971214294434,1.558910608291626,0.5210352540016174
611,100,0.8646539784980334,1.2233956,0.2770536768528604,0.04528265039330903,0.4502741283516294,0.8877308368682861,1.7910730838775635,0.8877308368682861,1.7910730838775635,1.4909229278564453,1.7910730838775635,0.9722170829772949,0.19247019290924072,0.9722170829772949,0.19247019290924072,1.2715847492218018,0.45905208587646484
612,100,0.1519220814160429,0.22883764,0.4414825779849927,0.2982990491200763,0.08272358027520449,1.1720210313796997,0.4047095477581024,1.1720210313796997,0.4047095477581024,0.4403392970561981,0.5633782744407654,0.4047095477581024,0.3253668248653412,0.4047095477581024,0.3253668248653412,0.4840438961982727,0.709395170211792
613,100,-0.3003161432175893,0.124616444,0.03174325030079406,0.6842797025910152,0.2404045187756163,1.5752003192901611,0.10687819123268127,1.5752003192901611,0.10687819123268127,0.8216593265533447,0.8365719318389893,0.5388387441635132,0.3995814621448517,0.5388387441635132,0.3995814621448517,0.5275125503540039,0.7278608679771423
614,100,0.2769949254766795,-0.79093754,0.21876050342399223,0.10661996412010954,1.0269598699978126,2.099705934524536,0.000796198844909668,2.099705934524536,0.000796198844909668,2.276042938232422,0.000796198844909668,0.4302111566066742,0.21450984477996826,0.4302111566066742,0.21450984477996826,0.4018842279911041,0.22539830207824707
615,100,0.3886563182253125,-0.2101108,0.39906816535286876,0.3091257812640922,0.014079856990333983,0.6826568245887756,0.12821808457374573,0.6826568245887756,0.12821808457374573,1.0485162734985352,0.03437983989715576,0.12821808457374573,0.4843302369117737,0.12821808457374573,0.4843302369117737,0.08129896223545074,0.5142666101455688
616,100,-0.1631583589205037,-0.052082665,0.10942625638443193,0.4436267309044439,0.338349157195423,0.5833923816680908,0.0586615651845932,0.5833923816680908,0.0586615651845932,0.5606064200401306,0.054689981043338776,0.18772053718566895,0.12121196836233139,0.18772053718566895,0.12121196836233139,0.1290779560804367,0.17100219428539276
617,100,0.0055528169765649,-0.59707403,0.20331102005394852,0.33189024014520074,0.6687270371288163,0.6531865000724792,0.11044514179229736,0.6531865000724792,0.11044514179229736,0.5241917371749878,0.11044514179229736,0.1476551592350006,0.11764729022979736,0.1476551592350006,0.11764729022979736,0.07877369225025177,0.16391408443450928
618,100,0.5152050981176653,-0.3496478,0.3396994497793442,0.22960736192890874,0.2883785422443319,0.2993621528148651,0.06373661756515503,0.2993621528148651,0.06373661756515503,0.19723790884017944,0.2599146068096161,0.06373661756515503,0.18927952647209167,0.06373661756515503,0.18927952647209167,0.07554760575294495,0.249588280916214
619,100,-0.8659301539464496,-0.27451167,0.2798937403651345,0.3922295040447789,0.1762821517526284,0.45183199644088745,0.09606927633285522,0.45183199644088745,0.09606927633285522,0.6338229179382324,0.09606927633285522,0.09856471419334412,0.24530741572380066,0.09856471419334412,0.24530741572380066,0.09731699526309967,0.24635249376296997
620,100,0.5420235437175185,-0.28725886,0.09579912398996215,0.334508358881748,0.4276667411512731,0.40968120098114014,0.10531419515609741,0.40968120098114014,0.10531419515609741,0.6666405200958252,0.10531419515609741,0.06790632009506226,0.16487044095993042,0.06790632009506226,0.16487044095993042,0.06679055094718933,0.16580909490585327
621,100,-1.1998818828434423,-0.43373382,0.5447488385940745,0.20285317719085127,0.47365781828709885,0.8406041264533997,0.24810390174388885,0.8406041264533997,0.24810390174388885,1.2096316814422607,0.022641539573669434,0.24810390174388885,0.16357731819152832,0.24810390174388885,0.16357731819152832,0.24659906327724457,0.16440868377685547
622,100,0.005410247610556,-0.6115033,0.1456046401942308,0.8000622309769962,0.1719683289169447,1.3762390613555908,0.2231491208076477,1.3762390613555908,0.2231491208076477,1.014591932296753,0.08649510145187378,0.4648228883743286,0.18809014558792114,0.4648228883743286,0.18809014558792114,0.29081639647483826,0.2973763942718506
623,100,0.3010698179293616,-1.1508148,0.589241117469429,0.19658861432186114,0.9681347548654395,1.3756344318389893,0.33106809854507446,1.3756344318389893,0.33106809854507446,2.748183250427246,0.33106809854507446,0.2987341284751892,0.10648751258850098,0.2987341284751892,0.10648751258850098,0.45935243368148804,0.05817580223083496
624,100,-0.0838696358410145,-0.69641703,0.300091264161355,0.8021049639370124,0.15906011187103397,1.3828322887420654,0.43111419677734375,1.3828322887420654,0.43111419677734375,1.6103098392486572,0.43111419677734375,0.4332239031791687,0.1258748173713684,0.4332239031791687,0.1258748173713684,0.4321690499782562,0.1263936161994934
625,100,-0.908255529291392,-0.8370371,0.1911754292272725,0.3301898238930814,0.8732574977671974,1.4642736911773682,0.39885371923446655,1.4642736911773682,0.39885371923446655,1.6136078834533691,0.39885371923446655,0.5112242102622986,0.07256847620010376,0.5112242102622986,0.07256847620010376,0.5099364519119263,0.07329320907592773
626,100,1.804380532651344,0.21164727,0.25887044999249204,0.16728939350271976,0.3533234372735022,0.21715998649597168,0.1650577187538147,0.21715998649597168,0.1650577187538147,0.4342937469482422,0.1650577187538147,0.003929257392883301,0.19678770005702972,0.003929257392883301,0.19678770005702972,0.018870607018470764,0.17909181118011475
627,100,-0.1591913541651651,-0.645054,0.556425494119474,0.4147774938404355,0.26152430400508375,0.8274433016777039,0.2905803620815277,0.8274433016777039,0.2905803620815277,1.1357197761535645,0.3378625810146332,0.2905803620815277,0.15532267093658447,0.2905803620815277,0.15532267093658447,0.31422147154808044,0.13915562629699707
628,100,-0.0243276195781012,-0.23728208,0.2656918661188834,0.728948518326602,0.38833889741565764,1.685571312904358,0.3139404058456421,1.685571312904358,0.3139404058456421,2.154387950897217,0.28020989894866943,0.40469563007354736,0.5769659280776978,0.40469563007354736,0.5769659280776978,0.42807936668395996,0.5663026571273804
629,100,-0.4247908474207562,0.16281183,0.3093807993847172,0.3617511214336374,0.7034642008994145,1.488720178604126,0.4013586938381195,1.488720178604126,0.4013586938381195,0.8638231158256531,0.4013586938381195,0.5348297953605652,0.06745117902755737,0.5348297953605652,0.06745117902755737,0.4961670935153961,0.4179771840572357
630,100,-0.6591816566740727,0.8997761,0.1774238769310651,0.2582827617327884,0.48637900011825186,1.1369047164916992,1.0365986824035645,1.1369047164916992,1.0365986824035645,0.06554996967315674,1.0365986824035645,1.1369047164916992,0.010573387145996094,1.1369047164916992,0.010573387145996094,1.0921744108200073,0.05556672811508179
631,100,-0.5099616090247883,-0.72551614,0.458740019511521,0.3980147142436907,0.4727323555045111,0.12112057209014893,0.21027612686157227,0.12112057209014893,0.21027612686157227,0.4217550456523895,0.21027612686157227,0.06309366226196289,0.008413851261138916,0.06309366226196289,0.008413851261138916,0.13153225183486938,0.07329896092414856
632,100,-0.6402427873413903,-0.65258795,0.4770148975128161,0.49936031082267396,0.37689214843706165,0.33623093366622925,0.3892473578453064,0.33623093366622925,0.3892473578453064,0.873132050037384,0.3892473578453064,0.15674138069152832,0.0092964768409729,0.15674138069152832,0.0092964768409729,0.27299436926841736,0.11043673753738403
633,100,-0.0206822726554265,-0.7852068,0.44237697561018674,0.5564832576259304,0.4450386401483488,0.17361211776733398,0.22612392902374268,0.17361211776733398,0.22612392902374268,0.27684998512268066,0.3340764343738556,0.12073171138763428,0.08512294292449951,0.12073171138763428,0.08512294292449951,0.16709750890731812,0.12539780139923096
634,100,0.7848797012200124,-0.6993186,0.4953832982357629,0.5316154229617915,0.5449506627952625,0.17385101318359375,0.5137836337089539,0.17385101318359375,0.5137836337089539,0.3510969877243042,0.5137836337089539,0.13294494152069092,0.1395883560180664,0.13294494152069092,0.1395883560180664,0.2142036259174347,0.21219952404499054
635,100,0.0310409213483769,-0.11117095,0.2508150071187323,0.4678141277449852,0.43192619558974216,0.36248236894607544,0.1578676849603653,0.36248236894607544,0.1578676849603653,0.7723402380943298,0.30977243185043335,0.1521921455860138,0.00463886559009552,0.1521921455860138,0.00463886559009552,0.22773897647857666,0.0593770295381546
636,100,1.196633450472606,0.12653771,0.01376088594064051,0.30378025603765485,0.40888100936112737,0.6398990154266357,0.08267587423324585,0.6398990154266357,0.08267587423324585,0.9897034168243408,0.08267587423324585,0.17292287945747375,0.23709040880203247,0.17292287945747375,0.23709040880203247,0.17703121900558472,0.23414963483810425
637,100,-0.4682725435180459,0.4520164,0.2226576939532437,0.010437032630302268,0.2388723946378096,0.272969126701355,0.27935200929641724,0.272969126701355,0.27935200929641724,0.5121098756790161,0.27935200929641724,0.006769537925720215,0.27511245012283325,0.006769537925720215,0.27511245012283325,0.005425155162811279,0.28017282485961914
638,100,1.9436779074780888,0.49825728,0.0904760047460545,0.31646719846324006,0.04530873440231653,0.4888932704925537,0.4427430033683777,0.4888932704925537,0.4427430033683777,0.03741878271102905,0.4427430033683777,0.01336735486984253,0.27744680643081665,0.01336735486984253,0.27744680643081665,0.2280551791191101,0.46762537956237793
639,100,1.8383646367601696,0.58460736,0.3691257638376706,0.11269264159359271,0.2257399817102963,0.6689189672470093,0.16553610563278198,0.6689189672470093,0.16553610563278198,0.9755308628082275,0.28944841027259827,0.16553610563278198,0.42727598547935486,0.16553610563278198,0.42727598547935486,0.15990465879440308,0.4319079518318176
640,100,1.0982161062642328,0.88256603,0.24688099911020384,0.3934968155120656,0.0633376929204898,0.7788352370262146,0.37727057933807373,0.7788352370262146,0.37727057933807373,0.33287543058395386,0.37727057933807373,0.16785627603530884,0.32285940647125244,0.16785627603530884,0.32285940647125244,0.2725634276866913,0.5569040775299072
641,100,2.1696559057936335,1.1746728,0.2292820067941831,0.2634184648734086,0.24233677457134717,0.5511831641197205,1.061509370803833,0.5511831641197205,1.061509370803833,0.03264439105987549,0.9839571714401245,0.5511831641197205,0.4966612458229065,0.5511831641197205,0.4966612458229065,0.5064677596092224,0.44526106119155884
642,100,1.920707097485983,1.565174,0.04711722160123044,0.2712890995071108,0.2597252794915869,0.5896676182746887,0.9790736436843872,0.5896676182746887,0.9790736436843872,1.161383867263794,1.433477759361267,0.6348538398742676,0.3149510622024536,0.6348538398742676,0.3149510622024536,0.9135534763336182,0.6140179634094238
643,100,1.0666698997676347,1.5666611,0.30595886133790395,0.06389000561229174,0.24437384962830755,0.6093828678131104,0.6093828678131104,0.6093828678131104,0.6093828678131104,1.1254875659942627,1.5497722625732422,0.6093828678131104,0.38738584518432617,0.6093828678131104,0.38738584518432617,0.9206292033195496,0.6686688661575317
644,100,1.909793335161274,1.5026172,0.19221403301114223,0.2559258089580051,0.046127914755102584,0.4917713403701782,0.9718696475028992,0.4917713403701782,0.9718696475028992,0.9035224318504333,0.9718696475028992,0.4917713403701782,0.22913897037506104,0.4917713403701782,0.22913897037506104,0.7318204641342163,0.4522528648376465
645,100,1.7816252436472793,1.684939,0.04059525092750077,0.21306718192047253,0.2814088059506059,0.47641539573669434,1.3689954280853271,0.47641539573669434,1.3689954280853271,0.9957821369171143,1.3689954280853271,0.47641539573669434,0.18143808841705322,0.47641539573669434,0.18143808841705322,0.7782403826713562,0.41170936822891235
646,100,1.612755151919714,1.4568892,0.17507280772903916,0.016617945200184614,0.2153273527718491,0.5447601079940796,1.236177682876587,0.5447601079940796,1.236177682876587,0.9964932203292847,1.236177682876587,0.5447601079940796,0.3238462209701538,0.5447601079940796,0.3238462209701538,0.7718260288238525,0.5613406896591187
647,100,2.3312831455126597,1.4614923,0.1568381171609528,0.19432960939673605,0.0016497474714246008,0.49525755643844604,0.9507441520690918,0.49525755643844604,0.9507441520690918,0.919499933719635,0.9507441520690918,0.49525755643844604,0.22738945484161377,0.49525755643844604,0.22738945484161377,0.7230008840560913,0.45725682377815247
648,100,0.7715457423493066,1.6493461,0.12266104717025228,0.16838529885224868,0.17533338663913964,0.4412344694137573,1.2978912591934204,0.4412344694137573,1.2978912591934204,0.8800017833709717,1.2978912591934204,0.4412344694137573,0.37155747413635254,0.4412344694137573,0.37155747413635254,0.6763439774513245,0.6420845985412598
649,100,1.495735501479084,1.5679703,0.2394901839856226,0.12209396211500861,0.1500732053928971,0.4825599193572998,0.4825599193572998,0.4825599193572998,0.4825599193572998,0.796748697757721,1.3397321701049805,0.4825599193572998,0.35659360885620117,0.4825599193572998,0.35659360885620117,0.7140352725982666,0.5739052295684814
650,100,1.8288970409543113,1.3991075,0.07249556188679607,0.2817321131037886,0.11131058150703957,0.6230193376541138,0.8501849174499512,0.6230193376541138,0.8501849174499512,0.8465893268585205,1.213497281074524,0.6230193376541138,0.19973134994506836,0.6230193376541138,0.19973134994506836,0.8195155262947083,0.39127904176712036
651,100,1.387163771086083,1.4333065,0.09595011531845807,0.04316015049968813,0.20872821025166344,0.4500352740287781,1.0844061374664307,0.4500352740287781,1.0844061374664307,0.6164525747299194,1.0844061374664307,0.4500352740287781,0.1922922134399414,0.4500352740287781,0.1922922134399414,0.6549984216690063,0.3874324560165405
652,100,2.140116838530721,1.5581179,0.11008577381622349,0.07364424151653244,0.025792393385339923,0.29061901569366455,0.29061901569366455,0.29061901569366455,0.29061901569366455,0.5159602165222168,0.5982375144958496,0.29061901569366455,0.12069344520568848,0.29061901569366455,0.12069344520568848,0.4444282650947571,0.257990300655365
653,100,0.4362288154894269,1.4041204,0.05552086853694285,0.1442141032608101,0.050553594719093875,0.4703497886657715,0.8383597135543823,0.4703497886657715,0.8383597135543823,0.7218106985092163,0.8383597135543823,0.4703497886657715,0.2674781084060669,0.4703497886657715,0.2674781084060669,0.6543547511100769,0.4553529620170593
654,100,1.8234390254625792,1.5331826,0.21063667310472228,0.05049427058483691,0.10467724246052937,0.5331905484199524,0.5331905484199524,0.5331905484199524,0.5331905484199524,0.8364413976669312,1.1978654861450195,0.5331905484199524,0.35639870166778564,0.5331905484199524,0.35639870166778564,0.713527262210846,0.5250155329704285
655,100,1.881844028639419,1.1985198,0.17038039837506194,0.17406754083035308,0.018253219598757003,0.4666144847869873,0.5710195302963257,0.4666144847869873,0.5710195302963257,0.16228318214416504,0.5710195302963257,0.4666144847869873,0.235359787940979,0.4666144847869873,0.235359787940979,0.5188170075416565,0.29145222902297974
656,100,1.695341660721315,1.2727749,0.13872529892090868,0.147203939925252,0.19101723294410727,0.48755139112472534,1.0223549604415894,0.48755139112472534,1.0223549604415894,0.17052578926086426,1.0223549604415894,0.48755139112472534,0.4011691212654114,0.48755139112472534,0.4011691212654114,0.5450825691223145,0.466903418302536
657,100,2.271108130388033,1.3160242,0.1569272000406616,0.12769735553317874,0.10239000677345544,0.4213481545448303,0.4213481545448303,0.4213481545448303,0.4213481545448303,0.8182631731033325,0.8325358629226685,0.4213481545448303,0.07080459594726562,0.4213481545448303,0.07080459594726562,0.6269420385360718,0.259542852640152
658,100,-0.0687716962117666,1.5101876,0.11172720610685774,0.12496481134309793,0.08714827316528323,0.369634747505188,0.7508106231689453,0.369634747505188,0.7508106231689453,0.7068639993667603,0.7508106231689453,0.369634747505188,0.28104841709136963,0.369634747505188,0.28104841709136963,0.5602226853370667,0.47335296869277954
659,100,1.1532730038071768,1.5174853,0.18099216711019334,0.11010523003452388,0.1472567537370624,0.3494333028793335,0.3494333028793335,0.3494333028793335,0.3494333028793335,0.7003087997436523,1.238066554069519,0.3494333028793335,0.27827394008636475,0.3494333028793335,0.27827394008636475,0.5780892968177795,0.5073992013931274
660,100,0.0761037372213799,1.2812032,0.1799768223283217,0.22562712622979245,0.12177528525443437,0.5562857985496521,0.5386569499969482,0.5562857985496521,0.5386569499969482,0.07752454280853271,0.5386569499969482,0.5562857985496521,0.3995152711868286,0.5562857985496521,0.3995152711868286,0.5474714040756226,0.39077043533325195
661,100,0.8622435066547047,1.0221188,0.020534790847514722,0.24669977996971998,0.15643755187795724,0.4547724723815918,0.25947004556655884,0.4547724723815918,0.25947004556655884,0.10875940322875977,0.6056392192840576,0.016902923583984375,0.2764369249343872,0.016902923583984375,0.2764369249343872,0.18176716566085815,0.44723770022392273
662,100,-1.813133444321777,0.6314371,0.20503871217114011,0.00468066844231485,0.2203197790841056,0.25760358572006226,0.25804564356803894,0.25760358572006226,0.25804564356803894,0.47476619482040405,0.25804564356803894,0.013259828090667725,0.2539798617362976,0.013259828090667725,0.2539798617362976,0.008656859397888184,0.2611740231513977
663,100,0.2498596022438657,0.70592713,0.03552215644942519,0.2476307378627386,0.0014457675113097035,0.26704686880111694,0.23474302887916565,0.26704686880111694,0.23474302887916565,0.13497614860534668,0.23474302887916565,0.02110767364501953,0.2422044575214386,0.02110767364501953,0.2422044575214386,0.1279253512620926,0.3456488251686096
664,100,0.7141616052261297,0.21682522,0.5796112764332304,0.05377670643767951,0.161948713112328,0.892400860786438,0.29291197657585144,0.892400860786438,0.29291197657585144,1.0170774459838867,0.10846486687660217,0.29291197657585144,0.08853226900100708,0.29291197657585144,0.08853226900100708,0.2866262197494507,0.09114349633455276
665,100,-1.3760923173673612,0.119654566,0.16088226165532854,0.6467274524066662,0.0470124025000227,0.99302077293396,0.3271087408065796,0.99302077293396,0.3271087408065796,1.0702797174453735,0.3271087408065796,0.3870619833469391,0.1029154509305954,0.3870619833469391,0.1029154509305954,0.35708534717559814,0.12337654829025269
666,100,0.3547561345879432,0.39540455,0.04010008937996079,0.13329843533484587,0.45734028606531546,0.6800518035888672,0.08522066473960876,0.6800518035888672,0.08522066473960876,0.7236722707748413,0.08522066473960876,0.2905674874782562,0.13775783777236938,0.2905674874782562,0.13775783777236938,0.26245805621147156,0.1585317850112915
667,100,1.13673306509953,0.0729322,0.5765240685726256,0.10659862843524559,0.24013633793699984,0.8385529518127441,0.31928837299346924,0.8385529518127441,0.31928837299346924,0.9032703042030334,0.05966547131538391,0.31928837299346924,0.14718982577323914,0.31928837299346924,0.14718982577323914,0.2847859859466553,0.16681742668151855
668,100,0.2150359407661226,0.13788,0.14033548613286928,0.5856250235970895,0.07864344007370805,0.8553885221481323,0.1858210563659668,0.8553885221481323,0.1858210563659668,0.8565678596496582,0.1858210563659668,0.2565908133983612,0.058541640639305115,0.2565908133983612,0.058541640639305115,0.221205934882164,0.07960312813520432
669,100,-0.1777728375278823,0.30672997,0.006656491623301952,0.16314573312031044,0.4604413498871516,0.8165040612220764,0.0732094943523407,0.8165040612220764,0.0732094943523407,0.9322202801704407,0.0732094943523407,0.19527244567871094,0.16191132366657257,0.19527244567871094,0.16191132366657257,0.15667353570461273,0.17970722913742065
670,100,-1.2897930456490128,0.58845174,0.15555117975702806,0.0206024783737061,0.16931505460304908,0.10554236173629761,0.34667450189590454,0.10554236173629761,0.34667450189590454,0.264106810092926,0.34667450189590454,0.0774461030960083,0.25651127099990845,0.0774461030960083,0.25651127099990845,0.09928552806377411,0.27502578496932983
671,100,-1.4142407141272595,0.38337708,0.2743318939639119,0.24473136855462174,0.0025305969967055475,0.38883107900619507,0.042962104082107544,0.38883107900619507,0.042962104082107544,0.6317203044891357,0.01940786838531494,0.042962104082107544,0.2459467351436615,0.042962104082107544,0.2459467351436615,0.031184986233711243,0.26550593972206116
672,100,-0.7178299335523672,0.07334614,0.43527962935646786,0.2505412171258754,0.15998511557880146,0.4616602659225464,0.14595696330070496,0.4616602659225464,0.14595696330070496,0.6005348563194275,0.17355920374393463,0.14595696330070496,0.014230534434318542,0.14595696330070496,0.014230534434318542,0.1597580909729004,0.00712701678276062
673,100,-2.4256486562290323,-0.45084304,0.4426539900978303,0.48233573075985586,0.25742486588452074,0.2997417747974396,0.3242540955543518,0.2997417747974396,0.3242540955543518,0.9562054872512817,0.3242540955543518,0.11392638087272644,0.011826872825622559,0.11392638087272644,0.011826872825622559,0.21909023821353912,0.0783354640007019
674,100,-1.506545387111769,-0.34843668,0.32086918218848615,0.4475417520620466,0.3186984141885314,0.2396252453327179,0.2351352721452713,0.2396252453327179,0.2351352721452713,0.3718457520008087,0.2351352721452713,0.12850359082221985,0.08244144916534424,0.12850359082221985,0.08244144916534424,0.18181943893432617,0.12606783211231232
675,100,-1.8714009916982723,-0.47999892,0.5910319921086923,0.2974796657965765,0.35492902456645137,0.557023286819458,0.20872041583061218,0.557023286819458,0.20872041583061218,0.904231071472168,0.48168689012527466,0.20872041583061218,0.03022599220275879,0.20872041583061218,0.03022599220275879,0.2748914659023285,0.06936563551425934
676,100,-1.0156199206584344,-0.4455567,0.4006425019200007,0.5267350568637714,0.21134466359142168,0.44549211859703064,0.3193911910057068,0.44549211859703064,0.3193911910057068,1.0523717403411865,0.3193911910057068,0.12645089626312256,0.016118943691253662,0.12645089626312256,0.016118943691253662,0.22292104363441467,0.06274555623531342
677,100,-0.8163960760190725,-0.49640626,0.4709088508538979,0.357340944930911,0.31475329372225347,0.18332239985466003,0.12839382886886597,0.18332239985466003,0.12839382886886597,0.3201407492160797,0.24922890961170197,0.12839382886886597,0.056873828172683716,0.12839382886886597,0.056873828172683716,0.18881136178970337,0.108888179063797
678,100,0.6632548301262269,-0.7794691,0.3613674566277727,0.5420686293175745,0.45525111862269463,0.2581191062927246,0.2637876272201538,0.2581191062927246,0.2637876272201538,0.784083902835846,0.5822240114212036,0.1315079927444458,0.07082092761993408,0.1315079927444458,0.07082092761993408,0.2437797337770462,0.13813096284866333
679,100,-0.6569532588423163,-0.7195182,0.32538074869470524,0.4369203654146686,0.5070733922658506,0.2549648582935333,0.37426885962486267,0.2549648582935333,0.37426885962486267,0.6021677255630493,0.37426885962486267,0.10722064971923828,0.05292785167694092,0.10722064971923828,0.05292785167694092,0.1753513365983963,0.09818696975708008
680,100,1.1591364290663684,-0.4459995,0.03631533838526879,0.4802317932196909,0.5447923105427696,0.76287841796875,0.23638486862182617,0.76287841796875,0.23638486862182617,1.7725144624710083,0.23638486862182617,0.18334925174713135,0.10842400789260864,0.18334925174713135,0.10842400789260864,0.30175864696502686,0.06151983141899109
681,100,0.5634406048003691,-0.45783502,0.3858797103678647,0.08623304568819978,0.5712974102738797,0.8625441789627075,0.1508617401123047,0.8625441789627075,0.1508617401123047,1.5869929790496826,0.1508617401123047,0.19906246662139893,0.11988979578018188,0.19906246662139893,0.11988979578018188,0.2872650623321533,0.06814643740653992
682,100,0.4279195610741464,0.10110754,0.11699794104828468,0.49787687837975125,0.07287276449174829,1.0274848937988281,0.13235807418823242,1.0274848937988281,0.13235807418823242,0.6616529822349548,0.13235807418823242,0.24478745460510254,0.21178358793258667,0.24478745460510254,0.21178358793258667,0.18857276439666748,0.3485414385795593
683,100,1.3085282829492255,0.2666772,0.014562137783392992,0.16344474535755477,0.3601078943019777,0.7170915007591248,0.3691147267818451,0.7170915007591248,0.3691147267818451,0.3647328019142151,0.3691147267818451,0.21315833926200867,0.1771385669708252,0.21315833926200867,0.1771385669708252,0.20433323085308075,0.361558735370636
684,100,0.4056275197941198,0.6231392,0.023259433757680192,0.010216751062275875,0.15186905591745448,0.4179261326789856,0.7035233974456787,0.4179261326789856,0.7035233974456787,0.33128198981285095,0.7035233974456787,0.4179261326789856,0.212711900472641,0.4179261326789856,0.212711900472641,0.47884899377822876,0.27778634428977966
685,100,1.6504144036883683,0.70283556,0.20667197756930117,0.07640561793652385,0.057956471578362145,0.42224621772766113,0.42224621772766113,0.42224621772766113,0.42224621772766113,0.20769396424293518,0.614323616027832,0.42224621772766113,0.2803868353366852,0.42224621772766113,0.2803868353366852,0.5182849168777466,0.36970388889312744
686,100,1.4034919804709436,0.6144769,0.010066752766876658,0.18524743776602018,0.035525771523617744,0.3625262379646301,0.4714377522468567,0.3625262379646301,0.4714377522468567,0.23671934008598328,0.5836706757545471,0.3625262379646301,0.10447436571121216,0.3625262379646301,0.10447436571121216,0.4198994040489197,0.16497547924518585
687,100,1.497525421167601,0.9547227,0.2710800900530465,0.024906482822757703,0.20299969795336026,0.3974091410636902,0.3974091410636902,0.3974091410636902,0.3974091410636902,0.7346982359886169,0.9758275151252747,0.3974091410636902,0.12425726652145386,0.3974091410636902,0.12425726652145386,0.6229957342147827,0.3215424716472626
688,100,1.5323284456933497,1.0361296,0.1921755212432738,0.262663171220174,0.006387684699083851,0.39174360036849976,0.7519131898880005,0.39174360036849976,0.7519131898880005,0.682110607624054,0.7519131898880005,0.39174360036849976,0.09627467393875122,0.39174360036849976,0.09627467393875122,0.5718283653259277,0.24665772914886475
689,100,2.5736670905566212,1.3544247,0.2520090673131631,0.28002460870597357,0.32848831282807,0.5213726758956909,1.5082125663757324,0.5213726758956909,1.5082125663757324,0.967621922492981,1.5082125663757324,0.5213726758956909,0.35668015480041504,0.5213726758956909,0.35668015480041504,0.7913654446601868,0.6412765979766846
690,100,1.7261010412846636,1.5277779,0.2854311818007339,0.3555545020349248,0.31700418897203586,0.5667667388916016,1.154242992401123,0.5667667388916016,1.154242992401123,1.1846548318862915,1.7425013780593872,0.5836745500564575,0.4191761016845703,0.5836745500564575,0.4191761016845703,0.9179810285568237,0.7656903266906738
691,100,2.6640798656525138,1.6428452,0.4420406980027165,0.29633392005697967,0.2871530009193597,0.5317182540893555,0.5317182540893555,0.5317182540893555,0.5317182540893555,0.7002384066581726,1.1497701406478882,0.5317182540893555,0.459108829498291,0.5317182540893555,0.459108829498291,0.8407441973686218,0.7181711196899414
692,100,4.577529400966221,1.9227417,0.30915992393372793,0.6548678964965325,0.3543358158409803,0.8197147846221924,1.4190480709075928,0.8197147846221924,1.4190480709075928,1.0504604578018188,2.1345479488372803,0.8197147846221924,0.318645715713501,0.8197147846221924,0.318645715713501,1.1797300577163696,0.65132737159729
693,100,3.758911248353402,1.7289928,0.39506122665767796,0.2752171164167295,0.36578960789694026,0.3848346471786499,0.3848346471786499,0.3848346471786499,0.3848346471786499,0.9728876352310181,1.6287472248077393,0.3848346471786499,0.2764921188354492,0.3848346471786499,0.2764921188354492,0.6929517388343811,0.581078290939331
694,100,3.2515956092142817,2.2974594,0.8108436276054465,0.580061230898108,0.3314745485065731,0.7327113151550293,0.7327113151550293,0.7327113151550293,0.7327113151550293,0.9919214248657227,2.00765061378479,0.7327113151550293,0.3870563507080078,0.7327113151550293,0.3870563507080078,1.3701809644699097,0.816787600517273
695,100,3.1235942484592916,2.0499835,0.5305316097125459,0.5917098252134738,0.3472568408627692,0.4913371801376343,1.3393032550811768,0.4913371801376343,1.3393032550811768,1.0706219673156738,1.3393032550811768,0.4913371801376343,0.2843114137649536,0.4913371801376343,0.2843114137649536,0.9153202176094055,0.6107834577560425
696,100,2.5405298047394433,3.0177393,0.6347356288344999,0.8126102834427893,0.8246480242134777,0.7237987518310547,3.1938648223876953,0.7237987518310547,3.1938648223876953,1.7139021158218384,3.1938648223876953,0.7237987518310547,0.5087268352508545,0.7237987518310547,0.5087268352508545,1.3980910778045654,1.1430530548095703
697,100,3.232532070461439,2.335248,0.5604716363807829,0.5798568616067524,0.5916750357259077,0.586825966835022,2.4828927516937256,0.586825966835022,2.4828927516937256,1.3839881420135498,2.4828927516937256,0.586825966835022,0.5450987815856934,0.586825966835022,0.5450987815856934,1.0793360471725464,1.0160348415374756
698,100,3.347975836268623,2.6469,0.5227253621898569,0.751786649355159,0.7834318547263177,0.8558026552200317,2.9792370796203613,0.8558026552200317,2.9792370796203613,2.1226422786712646,2.9792370796203613,0.8558026552200317,0.5278842449188232,0.8558026552200317,0.5278842449188232,1.5138695240020752,1.1549097299575806
699,100,3.821785563505366,2.4778593,0.614540364190014,0.5418099623903172,0.704371141116183,0.792721152305603,2.685803174972534,0.792721152305603,2.685803174972534,1.8184928894042969,2.685803174972534,0.8274282217025757,0.6380287408828735,0.8274282217025757,0.6380287408828735,1.3447315692901611,1.1381375789642334
700,100,2.6458548538697753,2.301249,0.6833103443863977,0.6745365793493501,0.41848005144456857,0.7139930725097656,0.7139930725097656,0.7139930725097656,0.7139930725097656,1.922182321548462,1.9774755239486694,0.7139930725097656,0.47199857234954834,0.7139930725097656,0.47199857234954834,1.3457343578338623,1.0167145729064941
701,100,3.897976608827527,2.8468106,0.8039336978774708,0.760067221199729,0.6299994332120593,0.844965934753418,0.844965934753418,0.844965934753418,0.844965934753418,1.9985038042068481,2.2556893825531006,0.844965934753418,0.717846155166626,0.844965934753418,0.717846155166626,1.5503276586532593,1.3375624418258667
702,100,2.5331352581649744,3.1596422,0.5336851712149853,1.011361270093222,0.9138251340522385,1.0759847164154053,2.2332916259765625,1.0759847164154053,2.2332916259765625,2.5930776596069336,3.380598306655884,1.0759847164154053,0.5419375896453857,1.0759847164154053,0.5419375896453857,1.8964709043502808,1.3031624555587769
703,100,3.7843866950984575,2.7256827,0.7390981753615979,0.5515908689535776,0.696323748562754,0.7198405265808105,0.7198405265808105,0.7198405265808105,0.7198405265808105,1.919182300567627,2.8529086112976074,0.7198405265808105,0.5736746788024902,0.7198405265808105,0.5736746788024902,1.3338208198547363,1.1341300010681152
704,100,4.301713743115656,2.3490856,0.37112430129776275,0.6411082907915892,0.44819100027347014,0.5509108304977417,1.2585227489471436,0.5509108304977417,1.2585227489471436,1.0076650381088257,2.3165040016174316,0.5509108304977417,0.31566619873046875,0.5509108304977417,0.31566619873046875,1.0324370861053467,0.632075846195221
705,100,3.483308120439246,3.2420032,0.878125978832187,0.6070892774208718,0.9386727844726588,1.1061468124389648,3.397341251373291,1.1061468124389648,3.397341251373291,2.637970209121704,3.397341251373291,1.1061468124389648,0.7338783740997314,1.1061468124389648,0.7338783740997314,1.895039439201355,1.5288653373718262
706,100,2.8800426096989034,2.734264,0.7448999401553189,0.6532262187687956,0.38986252413108846,0.6825404167175293,0.6825404167175293,0.6825404167175293,0.6825404167175293,1.6292271614074707,1.906278371810913,0.6825404167175293,0.37777066230773926,0.6825404167175293,0.37777066230773926,1.2944093942642212,0.8684291839599609
707,100,1.6813249341805965,2.7354078,0.6155596486007944,0.7105595117428463,0.549767084413326,0.6286492347717285,1.7383546829223633,0.6286492347717285,1.7383546829223633,1.3880800008773804,1.7383546829223633,0.6286492347717285,0.49220705032348633,0.6286492347717285,0.49220705032348633,1.183501958847046,0.9656925201416016
708,100,2.54329193699684,2.778922,0.5576476751605872,0.6843112244933226,0.8196329274550852,0.8926479816436768,3.103281259536743,0.8926479816436768,3.103281259536743,1.8373045921325684,3.103281259536743,0.8926479816436768,0.6166224479675293,0.8926479816436768,0.6166224479675293,1.5310629606246948,1.1793160438537598
709,100,1.6857235722256627,2.6207666,0.29489168858866077,0.7069313143639222,0.7630786760950211,1.2212121486663818,2.768002510070801,1.2212121486663818,2.768002510070801,2.13150954246521,2.768002510070801,1.2212121486663818,0.6255377531051636,1.2212121486663818,0.6255377531051636,1.7605600357055664,1.3053061962127686
710,100,1.4503027986125456,2.5350459,0.5499541506273639,0.3740559070790348,0.746368757407485,1.2054096460342407,2.865618944168091,1.2054096460342407,2.865618944168091,2.16597580909729,2.865618944168091,1.2054096460342407,0.6704145669937134,1.2054096460342407,0.6704145669937134,1.7544457912445068,1.2657976150512695
711,100,3.3345905104634164,2.0524464,0.2864137528803441,0.5658992888130686,0.2326552492992061,0.967647910118103,1.676177978515625,0.967647910118103,1.676177978515625,1.3188560009002686,1.676177978515625,0.967647910118103,0.49581384658813477,0.967647910118103,0.49581384658813477,1.3219130039215088,0.8408641815185547
712,100,0.77193223043648,1.9361491,0.20929655338128605,0.2905645201597171,0.464133647064074,0.8421133756637573,1.9516723155975342,0.8421133756637573,1.9516723155975342,1.1598771810531616,1.9516723155975342,0.8421133756637573,0.4842097759246826,0.8421133756637573,0.4842097759246826,1.1589574813842773,0.8503963947296143
713,100,2.530918696477361,2.1034992,0.6952019807757791,0.19160418819213632,0.23878338057355797,1.1398346424102783,1.1398346424102783,1.1398346424102783,1.1398346424102783,1.1574550867080688,2.2179641723632812,1.1398346424102783,0.5961606502532959,1.1398346424102783,0.5961606502532959,1.4936530590057373,0.9128665328025818
714,100,2.316163395645656,1.89811,0.017847812142466224,0.7146681850244807,0.17250774213820164,1.2280676364898682,1.527012586593628,1.2280676364898682,1.527012586593628,1.0604329109191895,1.937406301498413,1.2280676364898682,0.262719988822937,1.2280676364898682,0.262719988822937,1.4738558530807495,0.5357474684715271
715,100,1.7519635783359613,2.1233325,0.4748727519743632,0.08156523190413112,0.7777751495492005,1.4289478063583374,2.2693705558776855,1.4289478063583374,2.2693705558776855,1.9861431121826172,2.2693705558776855,1.4289478063583374,0.3997511863708496,1.4289478063583374,0.3997511863708496,1.7948040962219238,0.9370453357696533
716,100,2.040950098411209,1.7534347,0.4180781663590688,0.5127217094205909,0.1263360004244799,1.099253535270691,1.8291274309158325,1.099253535270691,1.8291274309158325,1.778846025466919,1.8291274309158325,1.099253535270691,0.30922842025756836,1.099253535270691,0.30922842025756836,1.4641904830932617,0.7696998119354248
717,100,2.0441638570809295,2.1697454,0.2794925646786015,0.43483382154934624,0.36528867412729765,0.7561345100402832,1.6277437210083008,0.7561345100402832,1.6277437210083008,1.5212562084197998,2.178682327270508,0.8679033517837524,0.6171472072601318,0.8679033517837524,0.6171472072601318,1.232527256011963,1.0321893692016602
718,100,2.0062734966428866,2.2357378,0.3115926947687908,0.293993811913577,0.38997737139053795,0.7288856506347656,2.170226573944092,0.7288856506347656,2.170226573944092,1.3699407577514648,2.170226573944092,0.7288856506347656,0.5884532928466797,0.7288856506347656,0.5884532928466797,1.1108334064483643,0.9839667081832886
719,100,1.9224241313873225,1.9012008,0.34726373956273104,0.3276719737964396,0.17519250210003356,0.8666428327560425,0.8666428327560425,0.8666428327560425,0.8666428327560425,1.6872047185897827,1.6882917881011963,0.8666428327560425,0.6140782833099365,0.8666428327560425,0.6140782833099365,1.2774672508239746,0.9883010387420654
720,100,2.339245201781827,1.8591874,0.26487144838084054,0.2789532808247713,0.2016954747159867,0.6907820701599121,1.3741569519042969,0.6907820701599121,1.3741569519042969,1.3622448444366455,1.3741569519042969,0.6907820701599121,0.5159001350402832,0.6907820701599121,0.5159001350402832,1.0324695110321045,0.859472393989563
721,100,2.4428855028243897,1.810761,0.25798868693897803,0.2588158631089217,0.21227592328416112,0.6126688718795776,1.312286615371704,0.6126688718795776,1.312286615371704,1.2528913021087646,1.312286615371704,0.6272188425064087,0.5162471532821655,0.6272188425064087,0.5162471532821655,0.9697527289390564,0.8552328944206238
722,100,2.0887370401375978,2.241814,0.22234061754651058,0.21206487671718577,0.2504183087254719,0.23543047904968262,1.5718262195587158,0.23543047904968262,1.5718262195587158,0.6306893825531006,1.5718262195587158,0.3129056692123413,0.21582317352294922,0.3129056692123413,0.21582317352294922,0.5334529876708984,0.4276406168937683
723,100,2.568247732747186,2.4055538,0.27920581564255975,0.3040540018903023,0.2505258940339501,0.3937098979949951,1.0609288215637207,0.3937098979949951,1.0609288215637207,1.0162553787231445,1.0609288215637207,0.42308807373046875,0.3993701934814453,0.42308807373046875,0.3993701934814453,0.7420084476470947,0.7005417346954346
724,100,2.246423804252922,2.3919458,0.21126708877352895,0.32429702700311014,0.31235877176125815,0.5603833198547363,1.1476022005081177,0.5603833198547363,1.1476022005081177,1.3434780836105347,1.974207878112793,0.5603833198547363,0.37465929985046387,0.5603833198547363,0.37465929985046387,0.9697744846343994,0.7519798874855042
725,100,0.6929717034741876,2.347621,0.3446219182762083,0.2701372993770743,0.3540810434422952,0.614659309387207,2.2702131271362305,0.614659309387207,2.2702131271362305,1.4869576692581177,2.2702131271362305,0.6564339399337769,0.5282126665115356,0.6564339399337769,0.5282126665115356,1.0972392559051514,0.9685056209564209
726,100,1.9880452064306056,2.406566,0.2550992268086427,0.3091039474608689,0.21068904003211608,0.4674264192581177,1.106174111366272,0.4674264192581177,1.106174111366272,0.9917019605636597,1.106174111366272,0.4674264192581177,0.3646976947784424,0.4674264192581177,0.3646976947784424,0.7868002653121948,0.6539483666419983
727,100,0.0895135509161741,1.8400431,0.11776418320809023,0.2961261433219584,0.2978649592839973,0.6985104084014893,1.6345421075820923,0.6985104084014893,1.6345421075820923,1.348031759262085,1.6345421075820923,0.6985104084014893,0.2193896770477295,0.6985104084014893,0.2193896770477295,1.0704832077026367,0.6260755062103271
728,100,0.955739737947054,2.0628707,0.22924498315017205,0.012260657341516712,0.29543807899060937,0.6449465751647949,1.7155406475067139,0.6449465751647949,1.7155406475067139,1.2647144794464111,1.7155406475067139,0.6449465751647949,0.171880841255188,0.6449465751647949,0.171880841255188,1.0120413303375244,0.4695906639099121
729,100,2.723071210321107,1.1795055,0.268902342779325,0.2039765846816332,0.11487985772314363,0.45590317249298096,0.027408361434936523,0.45590317249298096,0.027408361434936523,0.07709300518035889,0.6460226774215698,0.027408361434936523,0.19270873069763184,0.027408361434936523,0.19270873069763184,0.3367155194282532,0.5021606683731079
730,100,0.8083402304341916,1.6607432,0.009963788335368345,0.18704986039715527,0.15909115930449505,0.3540027141571045,0.3050481081008911,0.3540027141571045,0.3050481081008911,0.027212977409362793,0.8099151253700256,0.025432705879211426,0.27526867389678955,0.025432705879211426,0.27526867389678955,0.26268112659454346,0.5270996689796448
731,100,0.9642020407707552,1.506193,0.3138278264590759,0.029453959584850586,0.24869272331755182,0.7112396955490112,0.7112396955490112,0.7112396955490112,0.7112396955490112,0.006112933158874512,1.0816640853881836,0.7112396955490112,0.2873818874359131,0.7112396955490112,0.2873818874359131,0.7263393402099609,0.3002808094024658
732,100,1.827590141745694,1.723872,0.06958323445081513,0.34234104877101,0.02443966394949626,0.7596564888954163,0.9944915175437927,0.7596564888954163,0.9944915175437927,0.4665393829345703,0.9944915175437927,0.7596564888954163,0.22678804397583008,0.7596564888954163,0.22678804397583008,0.8770740032196045,0.32425808906555176
733,100,1.4912900239169042,1.4739401,0.07961676679423585,0.11624365494525685,0.3018145406573908,0.7405900955200195,1.2327533960342407,0.7405900955200195,1.2327533960342407,0.3948206901550293,1.2327533960342407,0.7405900955200195,0.30037665367126465,0.7405900955200195,0.30037665367126465,0.8594183921813965,0.4411185085773468
734,100,1.9101386160759832,1.4713365,0.1474882536263709,0.02969499176873805,0.07672557926695137,0.5565069317817688,0.5565069317817688,0.5565069317817688,0.5565069317817688,0.4931790828704834,1.122100830078125,0.5565069317817688,0.28767824172973633,0.5565069317817688,0.28767824172973633,0.6810867786407471,0.410183310508728
735,100,1.8748873803405528,1.5753119,0.05779044340361415,0.13406833279173813,0.055366599426646346,0.5176196098327637,0.9518886804580688,0.5176196098327637,0.9518886804580688,0.8502539396286011,0.9518886804580688,0.5176196098327637,0.23755872249603271,0.5176196098327637,0.23755872249603271,0.7347541451454163,0.4503195881843567
736,100,3.2706081483737055,1.6257622,0.14132860445023848,0.05470245980571209,0.11015696593166616,0.5736831426620483,0.5736831426620483,0.5736831426620483,0.5736831426620483,1.08146071434021,1.490902066230774,0.5736831426620483,0.4874464273452759,0.5736831426620483,0.4874464273452759,0.8380373120307922,0.7411518096923828
737,100,2.9112580800318892,1.9452648,0.14120710826770166,0.15494896495823618,0.07550545898346095,0.41698336601257324,0.9468414783477783,0.41698336601257324,0.9468414783477783,0.9340488910675049,0.9468414783477783,0.41698336601257324,0.3119828701019287,0.41698336601257324,0.3119828701019287,0.6819124221801758,0.5552568435668945
738,100,2.8288208082239694,2.2325003,0.28746542347358217,0.14643069200499437,0.16599240297406784,0.45375776290893555,0.45375776290893555,0.45375776290893555,0.45375776290893555,0.582594633102417,1.8515945672988892,0.45375776290893555,0.3234734535217285,0.45375776290893555,0.3234734535217285,0.7703986167907715,0.6399514675140381
739,100,1.997543758630715,2.2239,0.2727311780721048,0.29715869670471373,0.10384490765964072,0.514533281326294,1.234985589981079,0.514533281326294,1.234985589981079,1.1160744428634644,1.234985589981079,0.514533281326294,0.26631033420562744,0.514533281326294,0.26631033420562744,0.8747594356536865,0.5750130414962769
740,100,2.0460116963321813,2.3543196,0.2157412366717539,0.20749868301489147,0.19656574751708106,0.25104427337646484,0.3250396251678467,0.25104427337646484,0.3250396251678467,0.6261589527130127,0.8768097162246704,0.3250396251678467,0.2952558994293213,0.3250396251678467,0.2952558994293213,0.6009246706962585,0.5904436707496643
741,100,2.4477139722233865,2.46806,0.130110141747596,0.20953885939522665,0.22028760955096133,0.3577461242675781,1.6714820861816406,0.3577461242675781,1.6714820861816406,1.0075435638427734,1.6714820861816406,0.3577461242675781,0.24616098403930664,0.3577461242675781,0.24616098403930664,0.6992182731628418,0.47352778911590576
742,100,1.9614312135249068,2.125768,0.15884943818513508,0.1587191075598663,0.2692254070973473,0.569395899772644,1.8341853618621826,0.569395899772644,1.8341853618621826,0.8984429836273193,1.8341853618621826,0.569395899772644,0.4013451337814331,0.569395899772644,0.4013451337814331,0.8706499934196472,0.6798441410064697
743,100,2.6634959274891075,2.2419672,0.21928526901502374,0.14501985188099947,0.11507179306442372,0.4851665496826172,0.4851665496826172,0.4851665496826172,0.4851665496826172,0.862174391746521,0.9889718294143677,0.4851665496826172,0.3164999485015869,0.4851665496826172,0.3164999485015869,0.7370691895484924,0.5542739033699036
744,100,4.100475234139276,1.991602,0.1376415426839669,0.22818275221024975,0.13449602722609566,0.5710177421569824,1.162872552871704,0.5710177421569824,1.162872552871704,1.0069438219070435,1.162872552871704,0.5710177421569824,0.4230184555053711,0.5710177421569824,0.4230184555053711,0.8669451475143433,0.7027737498283386
745,100,4.110210511034202,2.3246853,0.2394125421637121,0.143581681491173,0.2024045741742415,0.4366915225982666,0.4366915225982666,0.4366915225982666,0.4366915225982666,0.9614135026931763,1.7402737140655518,0.4366915225982666,0.28469252586364746,0.4366915225982666,0.28469252586364746,0.7364844083786011,0.6100711226463318
746,100,2.068863762056554,2.3655095,0.532421423167093,0.21921186289938832,0.08249864284320385,0.9203977584838867,0.9203977584838867,0.9203977584838867,0.9203977584838867,1.1940908432006836,1.6021696329116821,0.9203977584838867,0.2714991569519043,0.9203977584838867,0.2714991569519043,1.2612836360931396,0.5622563362121582
747,100,1.9013909912444975,2.4916399,0.35394358235536183,0.31587460452748384,0.1804723022217598,0.49357736110687256,0.49357736110687256,0.49357736110687256,0.49357736110687256,1.1777020692825317,1.180565357208252,0.49357736110687256,0.2707052230834961,0.49357736110687256,0.2707052230834961,0.8370713591575623,0.6334931254386902
748,100,1.297352889918936,2.4672194,0.16399639067832184,0.35424986242275036,0.2713331178701207,0.4927694797515869,1.1323893070220947,0.4927694797515869,1.1323893070220947,1.3338721990585327,2.093681573867798,0.4927694797515869,0.3741276264190674,0.4927694797515869,0.3741276264190674,0.915015697479248,0.6424118876457214
749,100,1.2576041505052564,2.3026273,0.13984434150440983,0.16544712501293202,0.4141871789886371,0.7778851985931396,2.048062562942505,0.7778851985931396,2.048062562942505,0.7859227657318115,2.048062562942505,0.7778851985931396,0.4299488067626953,0.7778851985931396,0.4299488067626953,1.113717794418335,0.7373437881469727
750,100,2.348477715411755,1.8079327,0.015296686747946653,0.14234414328004885,0.13900552355905177,0.5422000885009766,1.0950109958648682,0.5422000885009766,1.0950109958648682,1.1357228755950928,1.5887391567230225,0.610007643699646,0.43922603130340576,0.610007643699646,0.43922603130340576,0.9009562134742737,0.7291299700737
751,100,2.118271707576274,1.9746189,0.007549866317064696,0.04732189063763684,0.15820835459068444,0.5859099626541138,1.4794282913208008,0.5859099626541138,1.4794282913208008,0.8419759273529053,1.4794282913208008,0.5859099626541138,0.2975085973739624,0.5859099626541138,0.2975085973739624,0.8337132334709167,0.508995532989502
752,100,3.0839186748085625,1.9654367,0.1974459845585511,0.019132858443096423,0.0158507090151514,0.5660758018493652,0.5660758018493652,0.5660758018493652,0.5660758018493652,0.6151750087738037,0.9920793175697327,0.5660758018493652,0.32583141326904297,0.5660758018493652,0.32583141326904297,0.7790775299072266,0.5228087902069092
753,100,3.0471753143105964,2.4965785,0.1399810658543793,0.1895756331557254,0.05419201414097635,0.3502798080444336,0.8161184787750244,0.3502798080444336,0.8161184787750244,0.7467794418334961,0.8161184787750244,0.3502798080444336,0.23230576515197754,0.3502798080444336,0.23230576515197754,0.583199143409729,0.42012232542037964
754,100,2.095461432618412,2.2574706,0.2976574083066889,0.16319837216351885,0.18412312453042984,0.5816771984100342,0.5816771984100342,0.5816771984100342,0.5816771984100342,1.0233373641967773,1.9661225080490112,0.5816771984100342,0.42549896240234375,0.5816771984100342,0.42549896240234375,0.9251110553741455,0.7574422955513
755,100,3.7670247921293942,2.5510607,0.18918037127793075,0.22124478640834863,0.1723004348089603,0.261735200881958,0.7002544403076172,0.261735200881958,0.7002544403076172,0.6906161308288574,0.7002544403076172,0.261735200881958,0.2600369453430176,0.261735200881958,0.2600369453430176,0.4809948205947876,0.461459755897522
756,100,3.001846510893833,2.3299503,0.15076320485253503,0.2872172791216383,0.26301473407298814,0.5146392583847046,1.1562199592590332,0.5146392583847046,1.1562199592590332,1.3839669227600098,2.0287578105926514,0.5258654356002808,0.36367738246917725,0.5258654356002808,0.36367738246917725,0.960772693157196,0.7210838198661804
757,100,0.9783724471479508,2.6296632,0.30124473002102425,0.15256300697877645,0.3084013776860076,0.31793689727783203,2.174684762954712,0.31793689727783203,2.174684762954712,0.9355165958404541,2.174684762954712,0.5151176452636719,0.22335243225097656,0.5151176452636719,0.22335243225097656,0.8826091885566711,0.5205037593841553
758,100,2.5728608968370534,2.346448,0.22687046202955796,0.32910475246224224,0.16856070139358925,0.4938356876373291,1.1456255912780762,0.4938356876373291,1.1456255912780762,0.9153305292129517,1.1456255912780762,0.4938356876373291,0.335843563079834,0.4938356876373291,0.335843563079834,0.8197306394577026,0.6079943776130676
759,100,2.6852739745103507,2.187295,0.09152668903988226,0.28108483851211974,0.367214411177074,0.7137815952301025,2.035855531692505,0.7137815952301025,2.035855531692505,1.4996079206466675,2.035855531692505,0.7137815952301025,0.20642852783203125,0.7137815952301025,0.20642852783203125,1.2415024042129517,0.5419435501098633
760,100,1.7646716891818897,2.5323434,0.17166990261921827,0.002875882991401013,0.2628161861622039,0.5816406011581421,1.6613365411758423,0.5816406011581421,1.6613365411758423,1.0907883644104004,1.6613365411758423,0.5816406011581421,0.13294219970703125,0.5816406011581421,0.13294219970703125,0.9106166362762451,0.3471452593803406
761,100,2.251744971445804,2.6524937,0.1474536699066868,0.22626811575746253,0.012134085252522187,0.3827989101409912,0.908721923828125,0.3827989101409912,0.908721923828125,0.848945140838623,0.908721923828125,0.41771936416625977,0.23312044143676758,0.41771936416625977,0.23312044143676758,0.6632206439971924,0.4022185802459717
762,100,2.0855847036673056,2.667408,0.06961826570460095,0.1842655347999429,0.2109936133692767,0.37009596824645996,1.849773645401001,0.37009596824645996,1.849773645401001,1.180038332939148,1.849773645401001,0.39975738525390625,0.1993401050567627,0.39975738525390625,0.1993401050567627,0.8169894814491272,0.4191734790802002
763,100,2.722677035439996,2.5353155,0.1226629470683045,0.0972964010390216,0.22535747538010334,0.530587911605835,1.8902853727340698,0.530587911605835,1.8902853727340698,0.9387961626052856,1.8902853727340698,0.530587911605835,0.2525010108947754,0.530587911605835,0.2525010108947754,0.8062723278999329,0.4737725257873535
764,100,3.254175635971853,2.450135,0.08789370424047008,0.13137793840514028,0.08790994297290503,0.29158568382263184,0.6773380041122437,0.29158568382263184,0.6773380041122437,0.6738555431365967,1.4621548652648926,0.29158568382263184,0.262129545211792,0.29158568382263184,0.262129545211792,0.5745847821235657,0.47071248292922974
765,100,2.43956721212491,2.5573092,0.1520043725205451,0.09871529472857432,0.13430081907006852,0.3508021831512451,0.3508021831512451,0.3508021831512451,0.3508021831512451,0.7275117635726929,1.5611693859100342,0.3508021831512451,0.2692103385925293,0.3508021831512451,0.2692103385925293,0.610387921333313,0.5583914518356323
766,100,3.232716556085787,2.7411659,0.14875792786223002,0.14663063286710815,0.11619044968352721,0.23024225234985352,0.23024225234985352,0.23024225234985352,0.23024225234985352,0.511136531829834,0.6455063819885254,0.23024225234985352,0.25618457794189453,0.23024225234985352,0.25618457794189453,0.43787431716918945,0.5381991863250732
767,100,3.611874435264153,2.685169,0.1135609689139826,0.16607123874511892,0.1506857093154775,0.26287031173706055,0.6738383769989014,0.26287031173706055,0.6738383769989014,0.7634104490280151,1.6935100555419922,0.26287031173706055,0.258634090423584,0.26287031173706055,0.258634090423584,0.6107058525085449,0.47975993156433105
768,100,3.1672218291476173,2.6597836,0.14446151379457386,0.11191534504448042,0.21240478538975277,0.36958980560302734,1.7378013134002686,0.36958980560302734,1.7378013134002686,0.8020151853561401,1.7378013134002686,0.36958980560302734,0.16448116302490234,0.36958980560302734,0.16448116302490234,0.5882123708724976,0.32091522216796875
769,100,3.47553429453209,2.6073246,0.18853260535759583,0.14154191458552975,0.10956681087049885,0.3666195869445801,0.3666195869445801,0.3666195869445801,0.3666195869445801,0.6708637475967407,0.7435790300369263,0.3666195869445801,0.23975372314453125,0.3666195869445801,0.23975372314453125,0.5550993084907532,0.4995238780975342
770,100,4.410144221338688,2.7591062,0.13937492069509821,0.13226919045153313,0.14307373055477768,0.1803295612335205,1.5894410610198975,0.1803295612335205,1.5894410610198975,0.5024590492248535,1.5894410610198975,0.23178839683532715,0.17718005180358887,0.23178839683532715,0.17718005180358887,0.4474830627441406,0.388195276260376
771,100,4.758387702285885,3.0459397,0.11259334470398263,0.10561559730788628,0.1729761969387742,0.27111124992370605,1.533754587173462,0.27111124992370605,1.533754587173462,0.6076862812042236,1.533754587173462,0.27111124992370605,0.11795639991760254,0.27111124992370605,0.11795639991760254,0.45168912410736084,0.2544938325881958
772,100,4.615835815929085,2.9909925,0.2024909713116716,0.10197443819742458,0.12644437667225605,0.3797624111175537,0.3797624111175537,0.3797624111175537,0.3797624111175537,0.5274405479431152,1.5308390855789185,0.3797624111175537,0.13085103034973145,0.3797624111175537,0.13085103034973145,0.5598050355911255,0.4013313055038452
773,100,3.9917121201107726,2.7922347,0.15987081938388015,0.11822281245308713,0.12257307066335615,0.27072858810424805,0.27072858810424805,0.27072858810424805,0.27072858810424805,0.4217076301574707,1.5335625410079956,0.27072858810424805,0.17275333404541016,0.27072858810424805,0.17275333404541016,0.45435070991516113,0.44880568981170654
774,100,4.720197686241755,2.8607469,0.1735601811269707,0.13705228089876575,0.13831821288849544,0.31075000762939453,0.3277430534362793,0.31075000762939453,0.3277430534362793,0.6423497200012207,1.6672966480255127,0.3277430534362793,0.2115635871887207,0.3277430534362793,0.2115635871887207,0.5293934345245361,0.5018203258514404
775,100,4.306458393246398,3.1938398,0.07713995192878395,0.06804648912239739,0.1046901490680135,0.18815255165100098,1.002784013748169,0.18815255165100098,1.002784013748169,0.3807520866394043,1.002784013748169,0.18815255165100098,0.09572577476501465,0.18815255165100098,0.09572577476501465,0.32216405868530273,0.2125340700149536
776,100,5.546170863610794,3.0873044,0.09852509564140789,0.04760746038246855,0.07724500849484572,0.22260236740112305,0.22260236740112305,0.22260236740112305,0.22260236740112305,0.48731565475463867,1.0845084190368652,0.22260236740112305,0.0815129280090332,0.22260236740112305,0.0815129280090332,0.363195538520813,0.27848005294799805
777,100,2.386263034595384,3.0644255,0.0995182278230018,0.06282218584080312,0.06849216431686589,0.20395708084106445,0.23719120025634766,0.20395708084106445,0.23719120025634766,0.36086082458496094,1.0491328239440918,0.23719120025634766,0.11100506782531738,0.23719120025634766,0.11100506782531738,0.35918426513671875,0.31028711795806885
778,100,3.725877460277239,2.9201648,0.19948105181205775,0.0896382671860888,0.11060748968747125,0.4071991443634033,0.4071991443634033,0.4071991443634033,0.4071991443634033,0.6977181434631348,1.6921977996826172,0.4071991443634033,0.19704747200012207,0.4071991443634033,0.19704747200012207,0.631281852722168,0.48368871212005615
779,100,3.39845324969449,3.199008,0.0071936640952467434,0.07016192310044793,0.08024071827786852,0.10744571685791016,1.2496494054794312,0.10744571685791016,1.2496494054794312,0.4290895462036133,1.2496494054794312,0.22400259971618652,0.1499624252319336,0.22400259971618652,0.1499624252319336,0.5044406652450562,0.25780487060546875
780,100,2.5220670933345453,3.1126788,0.0775419526903079,0.009532264008145497,0.0980502051586137,0.30274176597595215,1.3487374782562256,0.30274176597595215,1.3487374782562256,0.467850923538208,1.3487374782562256,0.30274176597595215,0.09224653244018555,0.30274176597595215,0.09224653244018555,0.5325316190719604,0.27133655548095703
781,100,4.867498919657234,3.1473672,0.03994777972755662,0.044040389487013984,0.017834705995119743,0.17560625076293945,0.46100354194641113,0.17560625076293945,0.46100354194641113,0.4163370132446289,0.46100354194641113,0.17560625076293945,0.22073698043823242,0.17560625076293945,0.22073698043823242,0.3183048963546753,0.3602426052093506
782,100,2.931668146425326,3.3004298,0.0064908208715960675,0.031237104914032462,0.06549627059923405,0.2915616035461426,1.3075679540634155,0.2915616035461426,1.3075679540634155,0.7172212600708008,1.3075679540634155,0.2915616035461426,0.12902402877807617,0.2915616035461426,0.12902402877807617,0.5524327754974365,0.21649527549743652
783,100,3.232877108122171,3.3383663,0.08460617884737501,0.007742108348309074,0.05265789998765716,0.2534956932067871,0.2534956932067871,0.2534956932067871,0.2534956932067871,0.41346120834350586,1.1649744510650635,0.2534956932067871,0.10023117065429688,0.2534956932067871,0.10023117065429688,0.46124982833862305,0.31055963039398193
784,100,4.626641203767346,3.1100724,0.025100241821656308,0.05461420062481308,0.01423607003647867,0.18197965621948242,0.4906594753265381,0.18197965621948242,0.4906594753265381,0.259366512298584,0.4906594753265381,0.18197965621948242,0.194624662399292,0.18197965621948242,0.194624662399292,0.33631956577301025,0.3370397090911865
785,100,3.158584538664178,3.249233,0.03038727868463509,0.011575985200626526,0.0634926557540898,0.24678277969360352,0.925628662109375,0.24678277969360352,0.925628662109375,0.35207557678222656,0.925628662109375,0.24678277969360352,0.06909918785095215,0.24678277969360352,0.06909918785095215,0.37773633003234863,0.17010223865509033
786,100,3.656586107341328,3.1231332,0.10014481724742413,0.02603244863424839,0.026057067195984024,0.28861093521118164,0.28861093521118164,0.28861093521118164,0.28861093521118164,0.3729124069213867,1.198058843612671,0.28861093521118164,0.13043832778930664,0.28861093521118164,0.13043832778930664,0.4476437568664551,0.3388674259185791
787,100,4.639166615780068,3.2179205,0.02646191382326174,0.06822157438678014,0.037742886756294926,0.20020055770874023,0.4376547336578369,0.20020055770874023,0.4376547336578369,0.39104652404785156,1.0764522552490234,0.20020055770874023,0.16676068305969238,0.20020055770874023,0.16676068305969238,0.43149733543395996,0.30328094959259033
788,100,3.077762094854512,3.266566,0.06151621530146138,0.016470586311366248,0.05438762514042287,0.17241287231445312,0.2678685188293457,0.17241287231445312,0.2678685188293457,0.41658830642700195,0.9773635864257812,0.2678685188293457,0.08057355880737305,0.2678685188293457,0.08057355880737305,0.4074263572692871,0.25753355026245117
789,100,3.647697949434334,3.3454385,0.09368028919311736,0.035434008463960553,0.036693288698230006,0.27744388580322266,0.27744388580322266,0.27744388580322266,0.27744388580322266,0.40687036514282227,1.4975228309631348,0.27744388580322266,0.14327692985534668,0.27744388580322266,0.14327692985534668,0.47370123863220215,0.4364340305328369
790,100,4.421684896107539,2.9064403,0.03135137090977924,0.0734023249026432,0.05511353433746623,0.22725749015808105,0.5689029693603516,0.22725749015808105,0.5689029693603516,0.5542914867401123,1.3496994972229004,0.22725749015808105,0.25116419792175293,0.22725749015808105,0.25116419792175293,0.5037342309951782,0.4127854108810425
791,100,5.509052493435643,3.4389725,0.048768860367975286,0.015151940260556968,0.07267772250158985,0.2655000686645508,1.0907378196716309,0.2655000686645508,1.0907378196716309,0.47377514839172363,1.0907378196716309,0.2655000686645508,0.08911824226379395,0.2655000686645508,0.08911824226379395,0.4360157251358032,0.2388859987258911
792,100,3.945404866359719,3.4197178,0.07221442727288885,0.023300207357635383,0.024795794814722605,0.2541639804840088,0.2541639804840088,0.2541639804840088,0.2541639804840088,0.3655095100402832,1.1708390712738037,0.2541639804840088,0.09324979782104492,0.2541639804840088,0.09324979782104492,0.39929842948913574,0.3037073612213135
793,100,4.152000400484512,3.3021185,0.13231461973944159,0.04204115466153846,0.041493027890261214,0.33379697799682617,0.33379697799682617,0.33379697799682617,0.33379697799682617,0.4593780040740967,0.5425152778625488,0.33379697799682617,0.19900846481323242,0.33379697799682617,0.19900846481323242,0.4381561279296875,0.3823070526123047
794,100,3.5712466527659084,3.3677382,0.052833705013969876,0.056680640404167607,0.06681008601106703,0.13410282135009766,1.788818120956421,0.13410282135009766,1.788818120956421,0.5298612117767334,1.788818120956421,0.27863144874572754,0.18099284172058105,0.27863144874572754,0.18099284172058105,0.6329118013381958,0.28470945358276367
795,100,0.4979809376271977,3.3225422,0.07958985276238699,0.03717620266262206,0.08627773232476357,0.2607390880584717,1.5956437587738037,0.2607390880584717,1.5956437587738037,0.5017044544219971,1.5956437587738037,0.2607390880584717,0.10562324523925781,0.2607390880584717,0.10562324523925781,0.4837160110473633,0.2877393960952759
796,100,2.9354116483651245,3.2013953,0.020978640854563496,0.02511608190962581,0.04283213820244451,0.16811227798461914,0.9536385536193848,0.16811227798461914,0.9536385536193848,0.4818401336669922,0.9536385536193848,0.18909978866577148,0.09781312942504883,0.18909978866577148,0.09781312942504883,0.3625291585922241,0.16679346561431885
797,100,3.0273633744479787,3.288217,0.09896905725354643,0.026967622979809924,0.06571471486304659,0.11881780624389648,0.030145645141601562,0.11881780624389648,0.030145645141601562,0.11020565032958984,1.0083274841308594,0.030145645141601562,0.1360340118408203,0.030145645141601562,0.1360340118408203,0.20631074905395508,0.517667293548584
798,100,2.295870682182053,3.1404822,0.024291709526298055,0.11169144664843123,0.06972657651016428,0.11234664916992188,0.3330843448638916,0.11234664916992188,0.3330843448638916,0.20044255256652832,1.3563323020935059,0.0396270751953125,0.2751626968383789,0.0396270751953125,0.2751626968383789,0.39296841621398926,0.7092016339302063
799,100,2.289847169948391,3.1720235,0.01992352393894259,0.025421344537505774,0.19029645288932806,0.18593168258666992,1.2604504823684692,0.18593168258666992,1.2604504823684692,0.0695810317993164,1.2604504823684692,0.09537076950073242,0.21454954147338867,0.09537076950073242,0.21454954147338867,0.3780401945114136,0.5261863470077515
800,100,1.501407617452215,3.3504527,0.012776498532377424,0.017130012774385042,0.02955607941879953,0.29237890243530273,1.3620887994766235,0.29237890243530273,1.3620887994766235,0.8277983665466309,1.3620887994766235,0.3119831085205078,0.14091730117797852,0.3119831085205078,0.14091730117797852,0.5945837497711182,0.22944998741149902
801,100,1.4880600035710918,2.683592,0.031432034633413514,0.008882577476632948,0.023725651383809627,0.1736440658569336,0.27172327041625977,0.1736440658569336,0.27172327041625977,0.43276143074035645,0.864906907081604,0.27172327041625977,0.13211703300476074,0.27172327041625977,0.13211703300476074,0.40936076641082764,0.3133430480957031
802,100,1.688231921094112,3.140989,0.06662300198348556,0.006255417754969697,0.00792624778354252,0.05851435661315918,0.1382732391357422,0.05851435661315918,0.1382732391357422,0.3663978576660156,0.9677298069000244,0.1382732391357422,0.16141104698181152,0.1382732391357422,0.16141104698181152,0.30972182750701904,0.4161289930343628
803,100,2.4535627040975068,3.0426707,0.07944035120436443,0.04890600020942813,0.008669568910631087,0.06547737121582031,0.15566253662109375,0.06547737121582031,0.15566253662109375,0.12413167953491211,0.32013750076293945,0.15566253662109375,0.27826452255249023,0.15566253662109375,0.27826452255249023,0.2379000186920166,0.4072558879852295
804,100,2.606780202507289,2.9393952,0.061689328901546395,0.04671968627221797,0.06321719626790498,0.2128467559814453,1.0087528228759766,0.2128467559814453,1.0087528228759766,0.5026102066040039,1.0087528228759766,0.2559349536895752,0.17291975021362305,0.2559349536895752,0.17291975021362305,0.40763354301452637,0.317462682723999
805,100,1.5253922568642977,3.0723493,0.00028678273007676225,0.03330320754821359,0.06902153672221556,0.05863022804260254,0.9230124950408936,0.05863022804260254,0.9230124950408936,0.14153790473937988,0.9230124950408936,0.21357417106628418,0.26521992683410645,0.21357417106628418,0.26521992683410645,0.3454623222351074,0.3726344108581543
806,100,2.269092828769558,3.0514832,0.009200819579187575,0.007014973466748467,0.04730852281105117,0.09144473075866699,1.4180521965026855,0.09144473075866699,1.4180521965026855,0.34810781478881836,1.4180521965026855,0.26279163360595703,0.23275971412658691,0.26279163360595703,0.23275971412658691,0.43126988410949707,0.40257906913757324
807,100,1.7463514764432675,2.994479,0.08404903477409816,0.00981932407392231,0.008474343421123104,0.0421748161315918,0.16133832931518555,0.0421748161315918,0.16133832931518555,0.2508845329284668,0.4044070243835449,0.16133832931518555,0.28601717948913574,0.16133832931518555,0.28601717948913574,0.28287267684936523,0.520370602607727
808,100,0.9979999702932488,3.0662305,0.013968547594915393,0.046275333030936894,0.01780783392719365,0.03115558624267578,0.41069650650024414,0.03115558624267578,0.41069650650024414,0.42524051666259766,1.1664413213729858,0.13771986961364746,0.215789794921875,0.13771986961364746,0.215789794921875,0.40883708000183105,0.4595479965209961
809,100,1.0703168687607545,3.129722,0.04196894578507693,0.0035404769825357896,0.046426966427937755,0.07552456855773926,0.7642035484313965,0.07552456855773926,0.7642035484313965,0.1797471046447754,0.7642035484313965,0.1884157657623291,0.1529991626739502,0.1884157657623291,0.1529991626739502,0.28249919414520264,0.24597203731536865
810,100,1.126637128965303,2.846444,0.1202496548288873,0.03143216285508947,0.000723810540031955,0.025774717330932617,0.1080935001373291,0.025774717330932617,0.1080935001373291,0.0691823959350586,0.29233646392822266,0.1080935001373291,0.4384424686431885,0.1080935001373291,0.4384424686431885,0.20021498203277588,0.6839556097984314
811,100,0.524518584316618,2.830903,0.1278902615878182,0.09811452041376886,0.04951558203221981,0.04896688461303711,0.1457960605621338,0.04896688461303711,0.1457960605621338,0.08019781112670898,0.3142237663269043,0.1457960605621338,0.33807373046875,0.1457960605621338,0.33807373046875,0.23000991344451904,0.46510612964630127
812,100,0.756855529421623,2.6612124,0.08847361618710631,0.0891630944517466,0.13901633945937006,0.2272326946258545,0.8877663612365723,0.2272326946258545,0.8877663612365723,0.5093948841094971,0.8877663612365723,0.27121877670288086,0.15286540985107422,0.27121877670288086,0.15286540985107422,0.4309248924255371,0.28381872177124023
813,100,0.8702518842088894,2.3492706,0.23114449666537784,0.10909033640963112,0.1472019604391243,0.013283967971801758,0.09700822830200195,0.013283967971801758,0.09700822830200195,0.24089980125427246,0.7252216339111328,0.09700822830200195,0.22177863121032715,0.09700822830200195,0.22177863121032715,0.24472618103027344,0.4033648371696472
814,100,-0.3197488428233869,2.4808278,0.20382964856845878,0.17754505712961466,0.13322570151889357,0.07534122467041016,0.15505337715148926,0.07534122467041016,0.15505337715148926,0.06062436103820801,0.27451229095458984,0.15505337715148926,0.2740206718444824,0.15505337715148926,0.2740206718444824,0.21478283405303955,0.34535670280456543
815,100,-0.271035093157728,2.2482238,0.2504240311298167,0.19248228835076442,0.27726254389458105,0.05238771438598633,0.648362398147583,0.05238771438598633,0.648362398147583,0.27992260456085205,0.648362398147583,0.16187334060668945,0.19297480583190918,0.16187334060668945,0.19297480583190918,0.2813625931739807,0.3150428533554077
816,100,-0.93058004700409,2.0919814,0.36183297142540016,0.1935925631179023,0.2651687368904196,0.30170416831970215,0.07471179962158203,0.30170416831970215,0.07471179962158203,0.11568880081176758,0.5045826435089111,0.07471179962158203,0.27387118339538574,0.07471179962158203,0.27387118339538574,0.1334376335144043,0.43935513496398926
817,100,-1.474625541366112,1.6637315,0.517156203997504,0.497910967192699,0.3181252166167976,0.47555863857269287,0.10702300071716309,0.47555863857269287,0.10702300071716309,0.9123932123184204,0.25660014152526855,0.10702300071716309,0.5432026386260986,0.10702300071716309,0.5432026386260986,0.18181157112121582,0.45374584197998047
818,100,-1.567025673879507,0.6731774,0.7860568654291404,0.6897494344367194,0.8201938452794381,0.17386800050735474,0.6290344595909119,0.17386800050735474,0.6290344595909119,0.7656022906303406,0.6290344595909119,0.14958792924880981,0.1184685230255127,0.14958792924880981,0.1184685230255127,0.3234262466430664,0.2909291684627533
819,100,-1.2475138499620408,0.1301896,1.0701293387287056,1.0002190121593548,0.800305887365464,1.087841510772705,0.5995524525642395,1.087841510772705,0.5995524525642395,1.8671064376831055,1.1158134937286377,0.5995524525642395,0.1072370707988739,0.5995524525642395,0.1072370707988739,0.8576829433441162,0.33977365493774414
820,100,-0.3678194659771368,0.014592737,0.9181086824521982,1.0079865876802874,0.8159230623611882,0.38129961490631104,0.6994713544845581,0.38129961490631104,0.6994713544845581,1.124998688697815,0.6994713544845581,0.24254009127616882,0.11354190111160278,0.24254009127616882,0.11354190111160278,0.47100573778152466,0.2962329387664795
821,100,-0.0184009752524773,-0.34147844,0.8601838361945555,1.1046261751441822,1.2719846532721697,0.35181012749671936,1.493786334991455,0.35181012749671936,1.493786334991455,1.2687206268310547,1.493786334991455,0.2753289043903351,0.26337724924087524,0.2753289043903351,0.26337724924087524,0.6101385354995728,0.4998079240322113
822,100,-0.788757299351562,0.22979599,0.7483234744762226,0.8824388334636428,0.7114079506792561,0.479411780834198,0.3402171730995178,0.479411780834198,0.3402171730995178,0.6058918833732605,0.3402171730995178,0.23428910970687866,0.19448280334472656,0.23428910970687866,0.19448280334472656,0.28725314140319824,0.2444935441017151
823,100,0.5040097899457617,0.27205104,0.4576303360798102,0.7498482484818536,1.36674610915821,1.5424420833587646,0.833465039730072,1.5424420833587646,0.833465039730072,1.8856008052825928,0.833465039730072,0.6091404557228088,0.0062160491943359375,0.6091404557228088,0.0062160491943359375,0.7175143957138062,0.07617585361003876
824,100,-1.6631247517809216,0.5282306,0.7192006968089804,0.6230910960904923,0.9473466577193994,0.4821299910545349,0.5802503228187561,0.4821299910545349,0.5802503228187561,1.1239798069000244,0.5802503228187561,0.23268288373947144,0.009423553943634033,0.23268288373947144,0.009423553943634033,0.40104466676712036,0.17109793424606323
825,100,-1.0994388379341486,0.41296563,0.42758989789846424,0.907409323885064,0.7098230532405716,0.8080101013183594,0.08962157368659973,0.8080101013183594,0.08962157368659973,1.0575653314590454,0.09588930010795593,0.2545490562915802,0.14194416999816895,0.2545490562915802,0.14194416999816895,0.25791844725608826,0.13960932195186615
826,100,-0.7252961585255101,0.47015637,0.92573263887892,0.3563437441114299,0.9410834488334119,1.1951987743377686,0.9307335019111633,1.1951987743377686,0.9307335019111633,2.149047374725342,0.9307335019111633,0.4442635774612427,0.20020902156829834,0.4442635774612427,0.20020902156829834,0.8140107989311218,0.33314287662506104
827,100,-1.4791265992745035,-0.222196,1.1030506708905663,1.3081554145875463,0.325443655815731,1.3201268911361694,0.9021509885787964,1.3201268911361694,0.9021509885787964,2.5452237129211426,0.9021509885787964,0.4062700867652893,0.0406411737203598,0.4062700867652893,0.0406411737203598,0.6542105674743652,0.13848631083965302
828,100,-1.9684987584376417,-0.26091868,0.6874306150216007,0.9562867891133036,1.3790302029026744,0.7465506792068481,1.1490719318389893,0.7465506792068481,1.1490719318389893,1.8341305255889893,1.1490719318389893,0.2629486322402954,0.15031121671199799,0.2629486322402954,0.15031121671199799,0.5256900787353516,0.2737317383289337
829,100,-0.9226866003351324,-0.069286376,0.8511416304126844,0.819363222409462,1.0828072771276394,0.4345642626285553,1.092529535293579,0.4345642626285553,1.092529535293579,1.2003687620162964,1.092529535293579,0.2850106656551361,0.1709466576576233,0.2850106656551361,0.1709466576576233,0.49147528409957886,0.36478814482688904
830,100,-1.3915429968798028,-0.11993308,1.0408116048681983,1.0108100848714099,0.8246410570885101,0.6876201629638672,0.24786929786205292,0.6876201629638672,0.24786929786205292,1.6899868249893188,0.7064246535301208,0.24786929786205292,0.07987534999847412,0.24786929786205292,0.07987534999847412,0.4771469831466675,0.24990209937095642
831,100,-0.8166593149748109,-0.3679133,0.7062221122073504,1.1765572510538083,1.0995111775126851,0.7471592426300049,0.6421362161636353,0.7471592426300049,0.6421362161636353,2.0495247840881348,1.4076249599456787,0.31741610169410706,0.17990240454673767,0.31741610169410706,0.17990240454673767,0.6365987658500671,0.3086045980453491
832,100,-1.8072125858771808,-0.03515011,0.9034937899751764,0.7405654993868369,1.0433316703924196,0.4415598511695862,0.7721837759017944,0.4415598511695862,0.7721837759017944,1.0884792804718018,0.7721837759017944,0.16971498727798462,0.07711648941040039,0.16971498727798462,0.07711648941040039,0.29275229573249817,0.1629270762205124
833,100,-2.0348234991469667,-0.3104349,0.8163188179135581,1.1025182957244124,0.8609988318037725,0.4156983196735382,0.4894562363624573,0.4156983196735382,0.4894562363624573,0.7967692613601685,0.8098382353782654,0.24219603836536407,0.16004449129104614,0.24219603836536407,0.16004449129104614,0.3702029883861542,0.23754487931728363
834,100,-0.0813572696507007,-0.10315034,0.9046483327893867,0.7251168806681929,1.031576797212522,0.17434966564178467,0.6723785400390625,0.17434966564178467,0.6723785400390625,1.0070408582687378,0.6723785400390625,0.079506516456604,0.04217630624771118,0.079506516456604,0.04217630624771118,0.21459561586380005,0.1631634533405304
835,100,-1.6864399082445196,-0.6553,0.9603001484295346,1.0574173288183015,0.9318503975112926,0.337308794260025,0.4723883867263794,0.337308794260025,0.4723883867263794,1.3845206499099731,0.4723883867263794,0.148978590965271,0.05231058597564697,0.148978590965271,0.05231058597564697,0.3106834888458252,0.14939390122890472
836,100,0.0900110668151029,-0.52337414,0.5843355899414249,1.2545660548552204,1.0641544774891583,0.8311893939971924,0.1668735146522522,0.8311893939971924,0.1668735146522522,3.015413999557495,0.5611933469772339,0.1498676836490631,0.010242998600006104,0.1498676836490631,0.010242998600006104,0.3392585515975952,0.045785993337631226
837,100,-0.6885304967682596,-0.086799115,0.9477847651722504,0.5715196606578288,1.0066879797995707,0.8409926891326904,0.4797324240207672,0.8409926891326904,0.4797324240207672,2.182124376296997,0.4797324240207672,0.1444808840751648,0.006330668926239014,0.1444808840751648,0.006330668926239014,0.2986578941345215,0.10154269635677338
838,100,-0.151969670069304,-0.25731704,0.4420358983486179,1.244013020867974,0.8311590557930755,1.6060693264007568,0.5053955316543579,1.6060693264007568,0.5053955316543579,1.8044180870056152,0.5513864755630493,0.5414503216743469,0.02074253559112549,0.5414503216743469,0.02074253559112549,0.5649142265319824,0.012858673930168152
839,100,-1.2351062788462026,0.11155846,0.6463328285648446,0.5017193395170758,1.1986645443486597,1.4418902397155762,0.6275880932807922,1.4418902397155762,0.6275880932807922,2.0214779376983643,0.6275880932807922,0.4202665388584137,0.01947890967130661,0.4202665388584137,0.01947890967130661,0.5445302724838257,0.0851573795080185
840,100,-1.7259799287943078,-0.13066727,0.6412647929541841,1.0121643281320936,0.6894247986606722,0.4736744165420532,0.20550477504730225,0.4736744165420532,0.20550477504730225,0.4338320791721344,0.18024402856826782,0.16059821844100952,0.03222388029098511,0.16059821844100952,0.03222388029098511,0.14873537421226501,0.02476869523525238
841,100,-0.563373871911798,-0.3123098,0.7892527867018968,0.6528078201146879,1.1730132628603491,0.21984779834747314,0.40692466497421265,0.21984779834747314,0.40692466497421265,1.151299238204956,0.40692466497421265,0.07851806282997131,0.01312023401260376,0.07851806282997131,0.01312023401260376,0.21368812024593353,0.10997170209884644
842,100,-1.0843791460662482,-0.13277742,0.8956281469552378,0.9172236569661043,0.6348716150137159,0.36891108751296997,0.4830104112625122,0.36891108751296997,0.4830104112625122,1.619698166847229,0.4830104112625122,0.11268693208694458,0.007967054843902588,0.11268693208694458,0.007967054843902588,0.2978486716747284,0.12333448231220245
843,100,-1.580471506076032,-0.7205739,0.7194549159060435,0.920614464074066,0.7092050210639989,0.27813607454299927,0.1807650327682495,0.27813607454299927,0.1807650327682495,0.39718711376190186,0.1807650327682495,0.10959231853485107,0.059777140617370605,0.10959231853485107,0.059777140617370605,0.1451786756515503,0.0880228579044342
844,100,-1.6387828153187172,-0.3343024,0.8295981025265662,0.6830062800922347,0.8551707236269086,0.25379911065101624,0.3455517590045929,0.25379911065101624,0.3455517590045929,0.7131632566452026,0.3455517590045929,0.0720854103565216,0.03499025106430054,0.0720854103565216,0.03499025106430054,0.15056195855140686,0.09927013516426086
845,100,-1.5812571570498497,-0.5904418,0.8542213454535326,0.8549853148534126,0.9333090260624886,0.035488009452819824,0.22388195991516113,0.035488009452819824,0.22388195991516113,0.17699968814849854,0.22388195991516113,0.035488009452819824,0.053003549575805664,0.035488009452819824,0.053003549575805664,0.07544130086898804,0.07089176774024963
846,100,-1.3619708638807828,-0.7005477,0.8654324666139288,0.9711460325534094,0.8183452013201522,0.06930875778198242,0.16853117942810059,0.06930875778198242,0.16853117942810059,0.44624850153923035,0.16853117942810059,0.03987246751785278,0.019004762172698975,0.03987246751785278,0.019004762172698975,0.10420182347297668,0.05013111233711243
847,100,-1.0973624834392015,-0.43792096,0.7829534156420794,0.8350393719126271,0.8216593937621901,0.04181116819381714,0.12002485990524292,0.04181116819381714,0.12002485990524292,0.10018235445022583,0.3071836829185486,0.03992670774459839,0.023959577083587646,0.03992670774459839,0.023959577083587646,0.06760132312774658,0.05435150861740112
848,100,-1.264644951142995,-0.80641335,0.681331039755205,0.9152380545780422,0.9920196728044768,0.0850299596786499,0.24841654300689697,0.0850299596786499,0.24841654300689697,0.25696617364883423,0.24841654300689697,0.06775128841400146,0.05734670162200928,0.06775128841400146,0.05734670162200928,0.1284915804862976,0.05777984857559204
849,100,-1.434674547649044,-0.9192215,0.7768532522790825,0.8646181127075677,0.9551127547609438,0.13534331321716309,0.43001240491867065,0.13534331321716309,0.43001240491867065,0.41831910610198975,0.43001240491867065,0.08372771739959717,0.059348464012145996,0.08372771739959717,0.059348464012145996,0.15251410007476807,0.11419641971588135
850,100,0.109681879345814,-0.76221275,0.6768883714305169,0.721792036827487,1.0450369439430252,0.08458501100540161,0.23957425355911255,0.08458501100540161,0.23957425355911255,0.16934329271316528,0.23957425355911255,0.0647045373916626,0.03092336654663086,0.0647045373916626,0.03092336654663086,0.09954145550727844,0.04109764099121094
851,100,-0.3507244713777167,-0.57754135,0.7603030339318659,0.7687804436381532,0.8182978672055444,0.05526149272918701,0.2689684331417084,0.05526149272918701,0.2689684331417084,0.1527250111103058,0.2689684331417084,0.05526149272918701,0.008601188659667969,0.05526149272918701,0.008601188659667969,0.09471575915813446,0.052815720438957214
852,100,-1.0482620196144956,-0.81097484,0.40535713279062957,0.9257177749706296,1.2947073706339314,0.32466089725494385,0.1783236265182495,0.32466089725494385,0.1783236265182495,2.8864896297454834,0.1783236265182495,0.05304741859436035,0.003331422805786133,0.05304741859436035,0.003331422805786133,0.12303903698921204,0.03149724006652832
853,100,-3.173866959637814,-0.61588705,0.5581547537261677,0.5476001430034021,1.2367832775506162,0.9351770877838135,0.16196733713150024,0.9351770877838135,0.16196733713150024,1.370161533355713,0.16196733713150024,0.12342584133148193,0.007985830307006836,0.12342584133148193,0.007985830307006836,0.1548386812210083,0.014735043048858643
854,100,-1.6725790253014132,-0.8028155,0.7262948725174128,0.8036293575341756,0.932183810234505,0.015842974185943604,0.26895201206207275,0.015842974185943604,0.26895201206207275,0.14917981624603271,0.26895201206207275,0.015842974185943604,0.1995408535003662,0.015842974185943604,0.1995408535003662,0.026372283697128296,0.2558671236038208
855,100,-1.845027395125226,-0.5813807,0.8579206628360083,0.5572477577196568,0.42174592176356285,0.6135151386260986,0.07599687576293945,0.6135151386260986,0.07599687576293945,1.095225214958191,0.018668293952941895,0.07599687576293945,0.0023249387741088867,0.07599687576293945,0.0023249387741088867,0.047332584857940674,0.00862210988998413
856,100,-3.028003550365097,-0.6045209,0.6681250544373727,0.9388378179308884,0.5785897262906499,0.171525776386261,0.008250236511230469,0.171525776386261,0.008250236511230469,0.7343797087669373,0.008250236511230469,0.042218565940856934,0.008876919746398926,0.042218565940856934,0.008876919746398926,0.0252344012260437,0.029217690229415894
857,100,-2.2922059602186913,-0.97955173,0.6170580802178107,0.7362135350608179,1.0682920970061083,0.16295617818832397,0.2625608444213867,0.16295617818832397,0.2625608444213867,0.7896316647529602,0.2625608444213867,0.08219581842422485,0.11655586957931519,0.08219581842422485,0.11655586957931519,0.09985125064849854,0.06967747211456299
858,100,-3.162545013512511,-0.99659234,0.8233255937173837,0.7612263348267196,0.6558990091792727,0.053636789321899414,0.15850692987442017,0.053636789321899414,0.15850692987442017,0.2993957996368408,0.02438408136367798,0.15850692987442017,0.017771005630493164,0.15850692987442017,0.017771005630493164,0.09144550561904907,0.031942903995513916
859,100,-1.8261050834535049,-0.9171077,0.5879974552395009,0.9511138045347431,0.8518320671266708,0.19438964128494263,0.05465221405029297,0.19438964128494263,0.05465221405029297,0.2839561700820923,0.13812851905822754,0.16378480195999146,0.2032463550567627,0.16378480195999146,0.2032463550567627,0.17063471674919128,0.16233903169631958
860,100,-0.947649044084689,-1.058521,0.5283650406396265,0.7569973852062961,0.9579156717074286,0.13484591245651245,0.04498898983001709,0.13484591245651245,0.04498898983001709,0.13786429166793823,0.04498898983001709,0.08708542585372925,0.28481459617614746,0.08708542585372925,0.28481459617614746,0.10671180486679077,0.20992761850357056
861,100,-2.289311928908462,-1.0607033,0.6182491301952562,0.8940756090907089,0.8384512037653284,0.11458408832550049,0.02849555015563965,0.11458408832550049,0.02849555015563965,0.4290555715560913,0.16584014892578125,0.07877731323242188,0.07241475582122803,0.07877731323242188,0.07241475582122803,0.08406615257263184,0.043144404888153076
862,100,-1.799630595742286,-1.3991152,0.5873379565621777,0.8671917767100726,1.0521740788574685,0.5867475271224976,0.4016643762588501,0.5867475271224976,0.4016643762588501,2.4851789474487305,0.4016643762588501,0.1276867389678955,0.04716837406158447,0.1276867389678955,0.04716837406158447,0.21389144659042358,0.08210813999176025
863,100,-0.377237376130235,-0.93158776,0.5963734612380924,0.5860814285621405,0.9209337273798245,0.019867420196533203,0.052292466163635254,0.019867420196533203,0.052292466163635254,0.25640279054641724,0.052292466163635254,0.005146384239196777,0.0240938663482666,0.005146384239196777,0.0240938663482666,0.07262888550758362,0.0856274664402008
864,100,-2.0366033566341164,-0.9543584,0.6018303271536669,0.7972498190848483,0.7348083908832872,0.07706820964813232,0.06297522783279419,0.07706820964813232,0.06297522783279419,0.19879239797592163,0.18653595447540283,0.04011845588684082,0.026866793632507324,0.04011845588684082,0.026866793632507324,0.051836997270584106,0.019983232021331787
865,100,-2.28994702699521,-1.4654878,0.415769540311135,0.7862909172767213,0.9889844924057885,0.24184715747833252,0.13548409938812256,0.24184715747833252,0.13548409938812256,1.743884563446045,0.13548409938812256,0.07550156116485596,0.006999850273132324,0.07550156116485596,0.006999850273132324,0.10177457332611084,0.027877092361450195
866,100,-1.672638757924082,-1.2426649,0.4434959225715027,0.4483670921183327,1.0883415186732905,0.3650609254837036,0.013887643814086914,0.3650609254837036,0.013887643814086914,0.5163291096687317,0.013887643814086914,0.05901694297790527,0.2254161834716797,0.05901694297790527,0.2254161834716797,0.07254225015640259,0.20803403854370117
867,100,-1.9335388005165528,-0.9378739,0.501253379092798,0.7143578946692839,0.6518207659682458,0.08530879020690918,0.13556748628616333,0.08530879020690918,0.13556748628616333,0.1075524091720581,0.11022728681564331,0.04460501670837402,0.1963387131690979,0.04460501670837402,0.1963387131690979,0.046196162700653076,0.1868639588356018
868,100,-2.8051141738411154,-1.651444,0.5347471835277338,0.8125290617321157,0.8400108487924556,0.15235328674316406,0.4110172986984253,0.15235328674316406,0.4110172986984253,0.4492713212966919,0.4110172986984253,0.11983644962310791,0.08763730525970459,0.11983644962310791,0.08763730525970459,0.20939242839813232,0.11262571811676025
869,100,-2.7744010236301166,-1.5754482,0.471550547585045,0.7027365026477073,0.8596458964664296,0.04112982749938965,0.04242682456970215,0.04112982749938965,0.04242682456970215,0.11306095123291016,0.04242682456970215,0.027291536331176758,0.16888833045959473,0.027291536331176758,0.16888833045959473,0.055261850357055664,0.11896181106567383
870,100,-4.470591837182871,-1.3727534,0.4985486250050699,0.5966909873680151,0.6351554085247706,0.01575016975402832,0.10466861724853516,0.01575016975402832,0.10466861724853516,0.0006809234619140625,0.10466861724853516,0.01575016975402832,0.2236999273300171,0.01575016975402832,0.2236999273300171,0.00996553897857666,0.20015990734100342
871,100,-1.3412744251617326,-1.6096114,0.38549262793459405,0.743707963460704,0.7567735347909621,0.07828283309936523,0.006912112236022949,0.07828283309936523,0.006912112236022949,0.31511902809143066,0.006912112236022949,0.07828283309936523,0.3923569917678833,0.07828283309936523,0.3923569917678833,0.17704832553863525,0.28324413299560547
872,100,-2.1151572721682785,-1.6123775,0.4914178007579959,0.6817945163965837,0.6927044646641642,0.09451532363891602,0.10259771347045898,0.09451532363891602,0.10259771347045898,0.18167805671691895,0.10259771347045898,0.09256947040557861,0.29198503494262695,0.09256947040557861,0.29198503494262695,0.1369168758392334,0.190781831741333
873,100,-2.050698343986026,-1.7793735,0.4701706043723006,0.8367213012036134,0.7046953188831502,0.621619462966919,0.0547027587890625,0.621619462966919,0.0547027587890625,3.3115234375,0.25512802600860596,0.10483241081237793,0.042539358139038086,0.10483241081237793,0.042539358139038086,0.15473735332489014,0.055281877517700195
874,100,-4.2684753016710815,-1.7307134,0.4264176535544939,0.5200691384445759,0.8318272225328327,0.9037272334098816,0.16723430156707764,0.9037272334098816,0.16723430156707764,2.0274951457977295,0.16723430156707764,0.07344794273376465,0.13790273666381836,0.07344794273376465,0.13790273666381836,0.10817772150039673,0.08010506629943848
875,100,-3.8845324513419377,-1.8269672,0.30670156677915994,0.6061115864251461,0.9122834747426756,0.08383429050445557,0.10781824588775635,0.08383429050445557,0.10781824588775635,0.2519962787628174,0.10781824588775635,0.08383429050445557,0.17891311645507812,0.08383429050445557,0.17891311645507812,0.14152288436889648,0.10981494188308716
876,100,-1.8297968652585772,-1.7296178,0.4867709727247347,0.5289449167927516,0.6676078265552057,0.08419382572174072,0.246832013130188,0.08419382572174072,0.246832013130188,0.17058980464935303,0.246832013130188,0.08068668842315674,0.11847972869873047,0.08068668842315674,0.11847972869873047,0.12442547082901001,0.08289432525634766
877,100,-4.32983669254858,-1.6922909,0.44789128535494394,0.7337021344946217,0.5356754274635582,0.37268495559692383,0.05478537082672119,0.37268495559692383,0.05478537082672119,0.6936243176460266,0.374706506729126,0.21116399765014648,0.17715764045715332,0.21116399765014648,0.17715764045715332,0.2565195560455322,0.11140143871307373
878,100,-3.0103799863650074,-2.1566193,0.38581475098313334,0.8109274270121787,0.7644359705348811,0.5758739709854126,0.29348766803741455,0.5758739709854126,0.29348766803741455,4.199881553649902,0.9682374000549316,0.2866259813308716,0.023386478424072266,0.2866259813308716,0.023386478424072266,0.4486091136932373,0.14839893579483032
879,100,-2.7937863378527332,-1.8540448,0.4290982303145594,0.4513258390189421,0.7017026318211583,0.4216587543487549,0.5544717311859131,0.4216587543487549,0.5544717311859131,1.1442832946777344,0.5544717311859131,0.12668585777282715,0.21086180210113525,0.12668585777282715,0.21086180210113525,0.18341588973999023,0.13898831605911255
880,100,-2.0680993257136224,-2.2599113,0.5955931669824408,0.8163316190255575,0.5325626443777094,1.2221815586090088,0.7727347612380981,1.2221815586090088,0.7727347612380981,3.3331410884857178,0.7727347612380981,0.3679971694946289,0.20250487327575684,0.3679971694946289,0.20250487327575684,0.5703659653663635,0.3894556164741516
881,100,-2.02267961957902,-2.105279,0.375980005474742,0.6250530333094991,0.8083495008039105,0.615607738494873,1.2191123962402344,0.615607738494873,1.2191123962402344,1.9891153573989868,1.2191123962402344,0.27282679080963135,0.10426187515258789,0.27282679080963135,0.10426187515258789,0.4764782190322876,0.13987302780151367
882,100,-0.5029698542252659,-1.9961865,0.47431274457383443,0.6402869279467566,0.6394018988249841,0.3930048942565918,0.5877761840820312,0.3930048942565918,0.5877761840820312,2.23346209526062,1.8902971744537354,0.2673848867416382,0.1837308406829834,0.2673848867416382,0.1837308406829834,0.5813361406326294,0.3903464674949646
883,100,-2.301563447389975,-1.8941878,0.4040555504000265,0.49984747956145303,0.6639383352038375,0.3440561294555664,1.1606330871582031,0.3440561294555664,1.1606330871582031,1.0261523723602295,1.1606330871582031,0.19405102729797363,0.106162428855896,0.19405102729797363,0.106162428855896,0.35589003562927246,0.2195006012916565
884,100,-1.5258036551166494,-1.9982998,0.24166517822500744,0.5921221277404485,0.6687062274651843,1.170862078666687,1.4545700550079346,1.170862078666687,1.4545700550079346,4.007482528686523,1.4545700550079346,0.3323500156402588,0.06496739387512207,0.3323500156402588,0.06496739387512207,0.7496289014816284,0.23670071363449097
885,100,-1.225056742230219,-1.8793324,0.3817368734154297,0.1767355673962443,0.6335948810775052,1.3767110109329224,1.2862998247146606,1.3767110109329224,1.2862998247146606,3.354910135269165,1.2862998247146606,0.3338414430618286,0.056780338287353516,0.3338414430618286,0.056780338287353516,0.6284186840057373,0.18250489234924316
886,100,-1.5137169415590892,-1.7242954,0.32163220924674135,0.5811266769139783,0.26789304800651625,1.3135783672332764,0.757787823677063,1.3135783672332764,0.757787823677063,2.7381820678710938,0.757787823677063,0.37895190715789795,0.08977687358856201,0.37895190715789795,0.08977687358856201,0.5683698654174805,0.16812384128570557
887,100,-0.5571233347686328,-1.8856637,0.26224918550846943,0.36759558353329824,0.6085648825744172,0.9844168424606323,1.7433691024780273,0.9844168424606323,1.7433691024780273,2.515092134475708,1.7433691024780273,0.37050116062164307,0.15353429317474365,0.37050116062164307,0.15353429317474365,0.7110955715179443,0.30245834589004517
888,100,-1.0802366901316431,-1.9098487,0.2681564262322442,0.30296569785480837,0.504423262468216,0.35834479331970215,1.0497665405273438,0.35834479331970215,1.0497665405273438,0.7520058155059814,1.0497665405273438,0.267952561378479,0.10445237159729004,0.267952561378479,0.10445237159729004,0.42340439558029175,0.215298593044281
889,100,0.1094099626218576,-1.5302356,0.09831155142730885,0.3871501306795174,0.39347633163851115,0.6278586387634277,1.4188237190246582,0.6278586387634277,1.4188237190246582,2.5122692584991455,1.4188237190246582,0.300606369972229,0.1385873556137085,0.300606369972229,0.1385873556137085,0.703489363193512,0.37853604555130005
890,100,-0.9625884652456348,-1.6975672,0.15697491654159657,0.12230022986422728,0.4195370039809816,1.0740811824798584,1.0999114513397217,1.0740811824798584,1.0999114513397217,1.8689420223236084,1.0999114513397217,0.41404128074645996,0.10514795780181885,0.41404128074645996,0.10514795780181885,0.580200731754303,0.21629029512405396
891,100,-0.1559235694950169,-0.8283886,0.18110428127072942,0.18469195549225897,0.06791615641045418,0.9746267795562744,0.3582496643066406,0.9746267795562744,0.3582496643066406,0.9310632944107056,0.3582496643066406,0.3993346095085144,0.21049469709396362,0.3993346095085144,0.21049469709396362,0.3787921369075775,0.19122499227523804
892,100,-0.6548610462776943,-0.8154014,0.07578108079501036,0.17897843803787972,0.18928842123636266,1.0976077318191528,0.8309802412986755,1.0976077318191528,0.8309802412986755,1.0456807613372803,0.8309802412986755,0.5016521215438843,0.3393821716308594,0.5016521215438843,0.3393821716308594,0.47520801424980164,0.3153218924999237
893,100,-2.337901858474654,-0.4184223,0.2312970644061509,0.04022942388692663,0.3333317503281884,0.06313663721084595,0.5400831699371338,0.06313663721084595,0.5400831699371338,0.12820371985435486,0.5400831699371338,0.06313663721084595,0.5332032442092896,0.06313663721084595,0.5332032442092896,0.03535561263561249,0.563702404499054
894,100,-0.8624620610388425,-0.88764286,0.011936539406424002,0.11234526368197306,0.17454206496733196,0.9551604390144348,0.8511569499969482,0.9551604390144348,0.8511569499969482,1.0409373044967651,0.8511569499969482,0.47083401679992676,0.24482500553131104,0.47083401679992676,0.24482500553131104,0.5125763416290283,0.2807682752609253
895,100,-1.1744739831993805,-1.3101921,0.3343862698147799,0.0478683510135946,0.06348737247313835,1.3808122873306274,0.5622228384017944,1.3808122873306274,0.5622228384017944,1.4511297941207886,0.9261860847473145,0.5622228384017944,0.1693563461303711,0.5622228384017944,0.1693563461303711,0.5975188612937927,0.19709277153015137
896,100,0.28886405103077,-1.3400286,0.025975507303201778,0.3196368327818785,0.006326658107161376,1.2400912046432495,0.8631394505500793,1.2400912046432495,0.8631394505500793,1.5759928226470947,0.8631394505500793,0.5783788561820984,0.14899730682373047,0.5783788561820984,0.14899730682373047,0.7207591533660889,0.2603367865085602
897,100,0.2611045837715388,-1.4167949,0.08558331563095833,0.025954919633587092,0.3311451722154093,1.0834085941314697,1.422595739364624,1.0834085941314697,1.422595739364624,1.6572257280349731,1.422595739364624,0.5971299409866333,0.24898505210876465,0.5971299409866333,0.24898505210876465,0.8307647109031677,0.46689802408218384
898,100,-2.3198145128348027,-1.1210725,0.30976129411575704,0.12586474556898314,0.05621293482860318,0.09751522541046143,0.09751522541046143,0.09751522541046143,0.09751522541046143,1.0134984254837036,0.3060464859008789,0.09751522541046143,0.27969610691070557,0.09751522541046143,0.27969610691070557,0.20178085565567017,0.5460445880889893
899,100,-0.7544604512954536,-0.5247092,0.398344002792106,0.29372159834579886,0.05812252791681627,0.0853346586227417,0.09552174806594849,0.0853346586227417,0.09552174806594849,0.1798790693283081,0.18997657299041748,0.09552174806594849,0.3019479811191559,0.09552174806594849,0.3019479811191559,0.14274916052818298,0.25438064336776733
900,100,-1.8384254244640752,-0.7654464,0.3107360267045163,0.2916783171856321,0.2797089189777464,1.1562480926513672,0.6904768347740173,1.1562480926513672,0.6904768347740173,1.1196503639221191,0.6134257316589355,0.6904768347740173,0.07262551784515381,0.6904768347740173,0.07262551784515381,0.6519513130187988,0.10828566551208496
901,100,-1.7189114652236053,-1.0997933,0.02034519300107962,0.2726425034221247,0.20712001638365374,1.3354480266571045,0.8196393251419067,1.3354480266571045,0.8196393251419067,1.266064167022705,0.7186117172241211,0.584234893321991,0.1706838607788086,0.584234893321991,0.1706838607788086,0.537153422832489,0.13903769850730896
902,100,-0.6940322185687953,-1.5301253,0.15671393541535988,0.004064950311101712,0.24096237396968567,0.9062982797622681,1.1355242729187012,0.9062982797622681,1.1355242729187012,1.764219045639038,1.1355242729187012,0.40614891052246094,0.1206662654876709,0.40614891052246094,0.1206662654876709,0.6383110284805298,0.3144040107727051
903,100,-0.6140950173141071,-1.4099877,0.11476389552975474,0.13822601654941222,0.019016580560158314,0.5816160440444946,0.7151811122894287,0.5816160440444946,0.7151811122894287,1.2513647079467773,0.7151811122894287,0.31671202182769775,0.12099003791809082,0.31671202182769775,0.12099003791809082,0.5159465670585632,0.29320627450942993
904,100,0.8437723383140608,-1.2568375,0.0709865581167421,0.10136013835207697,0.10875941142823929,0.47283148765563965,0.7509377598762512,0.47283148765563965,0.7509377598762512,1.026935338973999,0.7509377598762512,0.25901365280151367,0.14197194576263428,0.25901365280151367,0.14197194576263428,0.4224715530872345,0.2877543866634369
905,100,-1.0452291987303737,-0.9979822,0.14084445793322492,0.06569188301966761,0.0790962470420139,0.15740972757339478,0.15740972757339478,0.15740972757339478,0.15740972757339478,0.5749207735061646,0.5553148984909058,0.15740972757339478,0.12992149591445923,0.15740972757339478,0.12992149591445923,0.2872040569782257,0.26573947072029114
906,100,-1.018860487820607,-0.84605277,0.4172238309410019,0.06459462302144875,0.04759324162788808,0.2116318941116333,0.2116318941116333,0.2116318941116333,0.2116318941116333,0.2528992295265198,0.08806955814361572,0.2116318941116333,0.13430142402648926,0.2116318941116333,0.13430142402648926,0.1498507261276245,0.2027984857559204
907,100,0.3933398864089463,-0.67071545,0.049788539429095946,0.3627082331688542,0.08399641055524165,0.14511501789093018,0.09537720680236816,0.14511501789093018,0.09537720680236816,0.07853209972381592,0.17009764909744263,0.14511501789093018,0.22669482231140137,0.14511501789093018,0.22669482231140137,0.10452178120613098,0.2584410607814789
908,100,-1.154249323503544,-1.0472988,0.03821696817260445,0.012841284582295165,0.22195027230941164,0.10463583469390869,0.27918553352355957,0.10463583469390869,0.27918553352355957,0.5024515986442566,0.27918553352355957,0.10463583469390869,0.17183995246887207,0.10463583469390869,0.17183995246887207,0.10708758234977722,0.27985429763793945
909,100,0.3000003318723545,-0.81941503,0.3275366554555203,0.03166244739724228,0.019038047219059884,0.08274513483047485,0.08274513483047485,0.08274513483047485,0.08274513483047485,0.27015411853790283,0.06866264343261719,0.08274513483047485,0.10200011730194092,0.08274513483047485,0.10200011730194092,0.07570388913154602,0.17150643467903137
910,100,-1.9881624036043908,-0.9710678,0.013792401378097341,0.2662409999731072,0.02171122438924028,0.07160258293151855,0.15868890285491943,0.07160258293151855,0.15868890285491943,0.1848663091659546,0.2623191475868225,0.07160258293151855,0.2256506085395813,0.07160258293151855,0.2256506085395813,0.05589872598648071,0.27448219060897827
911,100,0.0479563283780237,-0.9386355,0.2499805474813858,0.00014481050861681055,0.14506706298421773,0.03653687238693237,0.05286240577697754,0.03653687238693237,0.05286240577697754,0.08107763528823853,0.05640614032745361,0.05286240577697754,0.1664021611213684,0.05286240577697754,0.1664021611213684,0.07498624920845032,0.13898253440856934
912,100,-1.171578239527528,-1.2029787,0.11496293529407278,0.21514058942647335,0.0010385438031755567,0.05181169509887695,0.3195921778678894,0.05181169509887695,0.3195921778678894,0.797150194644928,0.3195921778678894,0.05181169509887695,0.18406784534454346,0.05181169509887695,0.18406784534454346,0.18570193648338318,0.37963947653770447
913,100,-1.20449644740678,-0.95533967,0.19914388328893057,0.09797960355929103,0.17626295548534068,0.03723490238189697,0.008559584617614746,0.03723490238189697,0.008559584617614746,0.004852652549743652,0.2770518660545349,0.008559584617614746,0.3322838544845581,0.008559584617614746,0.3322838544845581,0.029131829738616943,0.30924713611602783
914,100,-0.7441344559356795,-1.0833117,0.008937412623277338,0.15322377356057287,0.08845274042837357,0.006692290306091309,0.1797831654548645,0.006692290306091309,0.1797831654548645,0.5685925483703613,0.5077381134033203,0.006692290306091309,0.18753117322921753,0.006692290306091309,0.18753117322921753,0.14569857716560364,0.3523205816745758
915,100,1.3709001698923835,-1.0059102,0.012740125258763751,0.00919327651921828,0.14443273355870695,0.0060034990310668945,0.4048857092857361,0.0060034990310668945,0.4048857092857361,0.46791529655456543,0.4048857092857361,0.0060034990310668945,0.1837865710258484,0.0060034990310668945,0.1837865710258484,0.11306720972061157,0.29749807715415955
916,100,-1.5518105161917688,-1.0751464,0.10880543296689434,0.013240220210806258,0.01453401337784195,0.15222543478012085,0.15222543478012085,0.15222543478012085,0.15222543478012085,0.3501661419868469,0.4916834235191345,0.15222543478012085,0.19417959451675415,0.15222543478012085,0.19417959451675415,0.22500723600387573,0.2676362097263336
917,100,1.173233030850004,-0.6988107,0.4649058736067049,0.06973397967331996,0.01020974955198295,0.22936195135116577,0.22936195135116577,0.22936195135116577,0.22936195135116577,0.08490806818008423,0.13395392894744873,0.22936195135116577,0.08202940225601196,0.22936195135116577,0.08202940225601196,0.18165794014930725,0.11911001801490784
918,100,-0.6495246330723059,-0.72997856,0.048972235538090825,0.4506217940771292,0.06793659692470128,0.26653945446014404,0.034947991371154785,0.26653945446014404,0.034947991371154785,0.14134979248046875,0.1510549783706665,0.26653945446014404,0.29842981696128845,0.26653945446014404,0.29842981696128845,0.20899200439453125,0.34674710035324097
919,100,-0.9080510772618252,-0.35536152,0.5038727274951862,0.04014294510035199,0.3138571103132265,0.17484158277511597,0.2160106897354126,0.17484158277511597,0.2160106897354126,0.33159202337265015,0.08839648962020874,0.2160106897354126,0.21391554176807404,0.2160106897354126,0.21391554176807404,0.29497188329696655,0.15498819947242737
920,100,2.0773104711667516,-0.6727725,0.1234310632411556,0.38697766663692257,0.022509946599858832,0.1783607006072998,0.05597507953643799,0.1783607006072998,0.05597507953643799,0.2187195122241974,0.05597507953643799,0.1783607006072998,0.14253342151641846,0.1783607006072998,0.14253342151641846,0.1171678900718689,0.18954800069332123
921,100,-2.2243548972827005,-0.72661525,0.043031602432228144,0.08829567599337523,0.418658946695197,0.23686718940734863,0.0769423246383667,0.23686718940734863,0.0769423246383667,0.3070319592952728,0.0769423246383667,0.23686718940734863,0.17822599411010742,0.23686718940734863,0.17822599411010742,0.16766837239265442,0.2468775361776352
922,100,-0.0316311448045015,-0.5040038,0.5462730080913433,0.05566940966135858,0.07296881765844071,0.31420862674713135,0.31420862674713135,0.31420862674713135,0.31420862674713135,0.01873946189880371,0.10300177335739136,0.31420862674713135,0.09902119636535645,0.31420862674713135,0.09902119636535645,0.27533355355262756,0.12390288710594177
923,100,-1.3378395981786235,-0.712677,0.16270074865355139,0.5602391053157576,0.03739364081641633,0.35380125045776367,0.08642971515655518,0.35380125045776367,0.08642971515655518,0.48600926995277405,0.08642971515655518,0.35380125045776367,0.07380610704421997,0.35380125045776367,0.07380610704421997,0.22011548280715942,0.24332371354103088
924,100,0.0433740005746532,-0.65386766,0.2373472798321256,0.146488722861837,0.4678684072601015,0.27768927812576294,0.11917263269424438,0.27768927812576294,0.11917263269424438,0.1978100836277008,0.11917263269424438,0.27768927812576294,0.30746960639953613,0.27768927812576294,0.30746960639953613,0.2740083336830139,0.3101441562175751
925,100,-1.4299926690232816,-1.0794548,0.02207213350894907,0.21708254997468043,0.12361842780485999,0.006423234939575195,0.2776198983192444,0.006423234939575195,0.2776198983192444,0.5244901180267334,0.5811896324157715,0.006423234939575195,0.2710135579109192,0.006423234939575195,0.2710135579109192,0.1596164107322693,0.4233725070953369
926,100,-1.055401199427085,-0.9328737,0.17453265077469704,0.02106579851448742,0.13808694246298647,0.007099628448486328,0.007099628448486328,0.007099628448486328,0.007099628448486328,0.00787806510925293,0.22295629978179932,0.007099628448486328,0.2256048321723938,0.007099628448486328,0.2256048321723938,0.004881411790847778,0.2279808223247528
927,100,-2.020035950608378,-0.95965856,0.02363033889700039,0.24908501764957833,0.004785129499599333,0.007807016372680664,0.2711208462715149,0.007807016372680664,0.2711208462715149,0.47613394260406494,0.2711208462715149,0.007807016372680664,0.17576593160629272,0.007807016372680664,0.17576593160629272,0.13946393132209778,0.30251777172088623
928,100,-0.4473404779093521,-0.9513584,0.03659996421066755,0.03244323890233766,0.18050803228751877,0.006154537200927734,0.43430715799331665,0.006154537200927734,0.43430715799331665,0.38830262422561646,0.43430715799331665,0.006154537200927734,0.25458604097366333,0.006154537200927734,0.25458604097366333,0.101483553647995,0.3469066917896271
929,100,-0.0379847976291314,-1.2792035,0.11945727836225452,0.017108974997530224,0.022929619882524663,0.512529730796814,0.33227550983428955,0.512529730796814,0.33227550983428955,0.7025215029716492,0.646325945854187,0.33227550983428955,0.17119884490966797,0.33227550983428955,0.17119884490966797,0.4097154140472412,0.24631530046463013
930,100,-0.7207954491126707,-1.0788957,0.09723548729395132,0.09016531306443776,0.010239123376374393,0.062078118324279785,0.062078118324279785,0.062078118324279785,0.062078118324279785,0.5606564879417419,0.3196098804473877,0.062078118324279785,0.11352533102035522,0.062078118324279785,0.11352533102035522,0.19084399938583374,0.2543237507343292
931,100,-1.458089010247412,-0.92531955,0.1911263974364273,0.09253495317144478,0.09131639566003674,0.007148027420043945,0.007148027420043945,0.007148027420043945,0.007148027420043945,0.14602434635162354,0.07783091068267822,0.007148027420043945,0.26732802391052246,0.007148027420043945,0.26732802391052246,0.042489469051361084,0.30401864647865295
932,100,-2.2067960860069857,-0.761129,0.09594761741530036,0.175830302471967,0.0865752970434957,0.005990862846374512,0.14206331968307495,0.005990862846374512,0.14206331968307495,0.2623513340950012,0.14206331968307495,0.005990862846374512,0.04945480823516846,0.005990862846374512,0.04945480823516846,0.07402709126472473,0.11630657315254211
933,100,-0.8152120447025517,-0.99418426,0.0412067505707035,0.058424053067194295,0.10925754254421391,0.003774106502532959,0.36363476514816284,0.003774106502532959,0.36363476514816284,0.2025710940361023,0.36363476514816284,0.003774106502532959,0.26019906997680664,0.003774106502532959,0.26019906997680664,0.05476602911949158,0.31011462211608887
934,100,-3.5052148064912383,-1.320585,0.16733284135864374,0.037184862695198745,0.04661520491146129,0.7215179800987244,0.40574294328689575,0.7215179800987244,0.40574294328689575,0.7945617437362671,0.6993277072906494,0.40574294328689575,0.2103438377380371,0.40574294328689575,0.2103438377380371,0.4454513192176819,0.2483816146850586
935,100,-3.285683548872126,-1.411813,0.03444813104839228,0.0794244265228613,0.02500788800904829,0.3639030456542969,0.28674304485321045,0.3639030456542969,0.28674304485321045,0.47240662574768066,0.28674304485321045,0.1875225305557251,0.11093306541442871,0.1875225305557251,0.11093306541442871,0.23713278770446777,0.1585422158241272
936,100,-3.6038155928384703,-1.6475836,0.39959260027637994,0.059917916905428914,0.11529845296312402,1.3006525039672852,0.6922661066055298,1.3006525039672852,0.6922661066055298,1.6188762187957764,1.1376301050186157,0.6922661066055298,0.14334094524383545,0.6922661066055298,0.14334094524383545,0.8414496779441833,0.28123873472213745
937,100,-5.063860037334658,-1.7970493,0.30571698230976085,0.29637289917755794,0.05159157227814393,1.0320045948028564,0.5383102893829346,1.0320045948028564,0.5383102893829346,1.6054073572158813,1.072832465171814,0.5383102893829346,0.08967959880828857,0.5383102893829346,0.08967959880828857,0.8055713772773743,0.33961284160614014
938,100,-4.207150055516367,-1.9997383,0.3061381784296529,0.24481561165495025,0.24172789196378175,0.5053472518920898,0.44748449325561523,0.5053472518920898,0.44748449325561523,1.0410382747650146,0.9713903665542603,0.44748449325561523,0.3273967504501343,0.44748449325561523,0.3273967504501343,0.7094374299049377,0.5823583006858826
939,100,-5.70508073025175,-2.2589817,0.5270662289304833,0.26174995026637593,0.17653317457621853,1.131391167640686,0.7303711175918579,1.131391167640686,0.7303711175918579,1.69279146194458,1.2681801319122314,0.7303711175918579,0.25632143020629883,0.7303711175918579,0.25632143020629883,0.9992756247520447,0.5137292742729187
940,100,-4.6484962821264935,-2.227661,0.37309431005589333,0.34095314503535357,0.20473804629545456,0.6023322343826294,0.4938093423843384,0.6023322343826294,0.4938093423843384,1.624596357345581,1.1426622867584229,0.4938093423843384,0.24452579021453857,0.4938093423843384,0.24452579021453857,0.8182358145713806,0.5613859295845032
941,100,-5.59931306107015,-2.396015,0.3899009696806417,0.19546540516758304,0.20581453506069924,0.7944254875183105,0.49503660202026367,0.7944254875183105,0.49503660202026367,1.3258147239685059,1.5175564289093018,0.49503660202026367,0.18996095657348633,0.49503660202026367,0.18996095657348633,0.676828145980835,0.39851808547973633
942,100,-4.20541678001618,-2.3891573,0.3086900201040449,0.28230208465733453,0.24303419503968982,0.46760571002960205,0.4088282585144043,0.46760571002960205,0.4088282585144043,1.1953678131103516,0.8465075492858887,0.4088282585144043,0.2778329849243164,0.4088282585144043,0.2778329849243164,0.6276679039001465,0.565586268901825
943,100,-3.848412447463892,-3.0188599,0.7200769850683377,0.492399312274153,0.4249278904031639,1.2870094776153564,0.9613480567932129,1.2870094776153564,0.9613480567932129,2.2778403759002686,1.9790441989898682,0.9613480567932129,0.4944272041320801,0.9613480567932129,0.4944272041320801,1.4701961278915405,0.9116709232330322
944,100,-4.88584617444869,-2.6718984,0.45899280997895703,0.4342418187057848,0.2723289755816314,0.6602258682250977,0.6602258682250977,0.6602258682250977,0.6602258682250977,1.866051197052002,1.4999034404754639,0.6602258682250977,0.3231201171875,0.6602258682250977,0.3231201171875,1.0800646543502808,0.7265068292617798
945,100,-3.650510091744432,-2.9136713,0.5035132587570499,0.47607897083783923,0.5234017789978345,0.8299105167388916,2.5136568546295166,0.8299105167388916,2.5136568546295166,1.8890230655670166,2.5136568546295166,0.6248297691345215,0.6490252017974854,0.6248297691345215,0.6490252017974854,1.1426818370819092,1.206484079360962
946,100,-3.223751656825197,-2.854801,0.7090381930271787,0.4261573736917519,0.36284690660094876,1.356389045715332,1.041912317276001,1.356389045715332,1.041912317276001,2.200634002685547,1.927317500114441,1.041912317276001,0.4951589107513428,1.041912317276001,0.4951589107513428,1.4846148490905762,0.9097651243209839
947,100,-5.036368929367225,-2.5182085,0.3496466922186498,0.36626983098557697,0.23359321052675774,0.837441086769104,1.3239327669143677,0.837441086769104,1.3239327669143677,1.657027244567871,1.3239327669143677,0.5256930589675903,0.3373899459838867,0.5256930589675903,0.3373899459838867,0.924812912940979,0.7016591429710388
948,100,-2.837220268984754,-2.8390784,0.2167605098170512,0.22118965723260609,0.2857664237727,0.665327787399292,1.7328537702560425,0.665327787399292,1.7328537702560425,1.4911504983901978,1.7328537702560425,0.3782062530517578,0.3492884635925293,0.3782062530517578,0.3492884635925293,0.6916733980178833,0.5874687433242798
949,100,-2.729339220716551,-2.6865227,0.45276083528381006,0.2026882933587147,0.1848219553219903,1.1680896282196045,0.6990898847579956,1.1680896282196045,0.6990898847579956,1.715388298034668,1.2243019342422485,0.6990898847579956,0.29888010025024414,0.6990898847579956,0.29888010025024414,0.9616959095001221,0.5234287977218628
950,100,-4.412153304169138,-2.6997943,0.27901097876099823,0.5143716085407741,0.2550723769820433,1.4208027124404907,1.6126967668533325,1.4208027124404907,1.6126967668533325,2.1927261352539062,1.6126967668533325,0.8127297163009644,0.43053436279296875,0.8127297163009644,0.43053436279296875,1.2127132415771484,0.8101717829704285
951,100,-5.0396235409415535,-2.9300146,0.18175777997757536,0.20130902549245533,0.4631292038561961,1.0470372438430786,2.119912624359131,1.0470372438430786,2.119912624359131,1.8451026678085327,2.119912624359131,0.6425924301147461,0.3386881351470947,0.6425924301147461,0.3386881351470947,1.0009303092956543,0.5583019256591797
952,100,-5.694042575338983,-2.7623186,0.5535325496057466,0.20011779471361385,0.16508605205725901,1.4917433261871338,0.9878664016723633,1.4917433261871338,0.9878664016723633,2.0050854682922363,1.5944476127624512,0.9878664016723633,0.37221527099609375,0.9878664016723633,0.37221527099609375,1.2911570072174072,0.6591634750366211
953,100,-3.2886719154660815,-3.1653025,0.5115109455749338,0.4684712857110396,0.22750102039874642,1.4155247211456299,0.6639163494110107,1.4155247211456299,0.6639163494110107,2.8976240158081055,1.8712496757507324,0.6639163494110107,0.3357570171356201,0.6639163494110107,0.3357570171356201,1.2675830125808716,0.8241885900497437
954,100,-4.471089616618483,-3.0480254,0.5205529244085367,0.36111755264583656,0.28364061551405384,0.9798152446746826,0.6700849533081055,0.9798152446746826,0.6700849533081055,2.0989880561828613,1.509209394454956,0.6700849533081055,0.30481719970703125,0.6700849533081055,0.30481719970703125,1.0896471738815308,0.7121368646621704
955,100,-4.223827845296453,-3.0825465,0.15469225186252922,0.20172726821243953,0.2272377483213889,0.45980143547058105,1.5389938354492188,0.45980143547058105,1.5389938354492188,1.842437505722046,1.5389938354492188,0.2580413818359375,0.2524430751800537,0.2580413818359375,0.2524430751800537,0.5567997694015503,0.4138965606689453
956,100,-3.598609375350899,-3.0372612,0.3093351674653414,0.2174403429850671,0.39263585568293763,0.7651944160461426,2.2933218479156494,0.7651944160461426,2.2933218479156494,2.1679325103759766,2.2933218479156494,0.4587886333465576,0.23863935470581055,0.4587886333465576,0.23863935470581055,0.8581945300102234,0.5667040348052979
957,100,-4.978673386501829,-3.1099706,0.3635460922808173,0.3949903462760634,0.26183899202707317,0.9165596961975098,1.5169286727905273,0.9165596961975098,1.5169286727905273,2.3915679454803467,1.5169286727905273,0.5506377220153809,0.38905835151672363,0.5506377220153809,0.38905835151672363,1.033783197402954,0.7884783744812012
958,100,-3.953765529079504,-3.2195127,0.47805299361546816,0.5435642153536743,0.4617492011732254,1.1910698413848877,2.131350040435791,1.1910698413848877,2.131350040435791,2.305530071258545,2.131350040435791,0.9954850673675537,0.7890756130218506,0.9954850673675537,0.7890756130218506,1.5634175539016724,1.3590714931488037
959,100,-3.9276241391800286,-3.173932,0.417061385215353,0.25400551733692,0.31227999167753717,0.8785033226013184,0.5634698867797852,0.8785033226013184,0.5634698867797852,1.8756842613220215,2.369884729385376,0.5634698867797852,0.29181909561157227,0.5634698867797852,0.29181909561157227,0.9091783761978149,0.6857516765594482
960,100,-4.810396829386229,-2.5997074,0.13856061402055408,0.145520213338518,0.13231398764344843,0.4184865951538086,0.5455784797668457,0.4184865951538086,0.5455784797668457,0.9987000226974487,0.5455784797668457,0.19820642471313477,0.20249462127685547,0.19820642471313477,0.20249462127685547,0.37189245223999023,0.36173999309539795
961,100,-3.866297961968413,-3.2490203,0.32134574999923904,0.29219716152374664,0.37531229556631124,0.6377837657928467,2.5550343990325928,0.6377837657928467,2.5550343990325928,1.574800968170166,2.5550343990325928,0.4431920051574707,0.3271961212158203,0.4431920051574707,0.3271961212158203,0.8521468639373779,0.7226159572601318
962,100,-4.635803629986307,-3.3077,0.4800605364271865,0.32795452293251753,0.31249001796302966,0.946460485458374,0.6935570240020752,0.946460485458374,0.6935570240020752,1.8785945177078247,1.5154517889022827,0.6935570240020752,0.3790419101715088,0.6935570240020752,0.3790419101715088,1.1045043468475342,0.8431845903396606
963,100,-4.160229617006319,-3.3639255,0.2829389625398566,0.35438636078457675,0.3255290079772266,0.6770985126495361,1.1822905540466309,0.6770985126495361,1.1822905540466309,1.8396968841552734,2.6149911880493164,0.4198644161224365,0.39498090744018555,0.4198644161224365,0.39498090744018555,0.9503252506256104,0.7516485452651978
964,100,-4.251905416890636,-3.2988496,0.39159352611430254,0.28107687718270247,0.301144930914915,0.7352888584136963,0.569828987121582,0.7352888584136963,0.569828987121582,1.8441247940063477,2.4326305389404297,0.569828987121582,0.37511634826660156,0.569828987121582,0.37511634826660156,0.9357674717903137,0.7864127159118652
965,100,-4.1259727004940645,-3.3817751,0.3029527706174089,0.3438104052109411,0.33096356234190083,0.511244535446167,1.0994739532470703,0.511244535446167,1.0994739532470703,1.710566520690918,2.729085922241211,0.35781192779541016,0.40999603271484375,0.35781192779541016,0.40999603271484375,0.8993428945541382,0.7458776235580444
966,100,-3.841613219827725,-3.4534025,0.43144745709969795,0.4264777649923701,0.4618932921247385,0.7122008800506592,3.0452687740325928,0.7122008800506592,3.0452687740325928,1.926161766052246,3.0452687740325928,0.6177232265472412,0.6030905246734619,0.6177232265472412,0.6030905246734619,1.1810201406478882,1.1730058193206787
967,100,-4.449799662183543,-3.4961824,0.45731755937497665,0.4351957010239664,0.32690284731461894,0.789886474609375,0.789886474609375,0.789886474609375,0.789886474609375,2.0414998531341553,1.9892568588256836,0.789886474609375,0.5116100311279297,0.789886474609375,0.5116100311279297,1.3895716667175293,1.0563035011291504
968,100,-2.8137814793677887,-3.2903972,0.20489365927542202,0.20144948230166604,0.2505783035173449,0.3598451614379883,1.942901372909546,0.3598451614379883,1.942901372909546,0.9210379123687744,1.942901372909546,0.3030235767364502,0.20958948135375977,0.3030235767364502,0.20958948135375977,0.564203143119812,0.458406925201416
969,100,-2.8342810259451867,-3.38839,0.28466852383105556,0.24328356448727373,0.3001745842986099,0.4409146308898926,2.3646016120910645,0.4409146308898926,2.3646016120910645,1.443265676498413,2.3646016120910645,0.3862113952636719,0.2807471752166748,0.3862113952636719,0.2807471752166748,0.7577098608016968,0.6334143877029419
970,100,-3.752352273328204,-3.0345154,0.2797950271683466,0.5616931183026824,0.3217398108485636,1.7218751907348633,2.2337005138397217,1.7218751907348633,2.2337005138397217,2.3506741523742676,2.7417409420013428,1.2088284492492676,0.9896559715270996,1.2088284492492676,0.9896559715270996,1.56334388256073,1.4143589735031128
971,100,-3.452126260839863,-3.3926752,0.26066016761707633,0.2786356595783299,0.49485634200761436,1.2646565437316895,2.8304388523101807,1.2646565437316895,2.8304388523101807,2.202725887298584,2.8304388523101807,0.8770079612731934,0.6173760890960693,0.8770079612731934,0.6173760890960693,1.3786076307296753,1.0955634117126465
972,100,-1.547534725146715,-2.8879178,0.2067756425474105,0.1343194836193759,0.13922391417100244,0.5781474113464355,0.3768496513366699,0.5781474113464355,0.3768496513366699,1.1011818647384644,1.618116855621338,0.3768496513366699,0.23041152954101562,0.3768496513366699,0.23041152954101562,0.6037054061889648,0.48634564876556396
973,100,-3.512410167487489,-3.315332,0.27608120257092494,0.3448934641081033,0.22619139226441531,0.8377015590667725,1.4544271230697632,0.8377015590667725,1.4544271230697632,2.1201906204223633,1.4544271230697632,0.5608959197998047,0.4044992923736572,0.5608959197998047,0.4044992923736572,1.0076615810394287,0.7759745121002197
974,100,-1.7152620774229463,-3.036165,0.012233930047844455,0.3385820230053051,0.3241713131006644,1.5578596591949463,1.3055615425109863,1.5578596591949463,1.3055615425109863,2.522757053375244,2.2642242908477783,0.7813537120819092,0.3590080738067627,0.7813537120819092,0.3590080738067627,1.2552456855773926,0.7840465307235718
975,100,-3.0551369045735393,-2.7943633,0.4799156749934675,0.05602266237498155,0.3673958079665391,1.8752610683441162,1.2238575220108032,1.8752610683441162,1.2238575220108032,2.8459744453430176,2.636788845062256,1.2238575220108032,0.5686972141265869,1.2238575220108032,0.5686972141265869,1.721559762954712,1.049878716468811
976,100,-1.3348225333113637,-2.1653771,0.06329806305186442,0.44456641219837967,0.09838472455227892,1.6393028497695923,1.8257768154144287,1.6393028497695923,1.8257768154144287,1.7736212015151978,2.0006203651428223,1.2063064575195312,0.8022911548614502,1.2063064575195312,0.8022911548614502,1.332761287689209,0.9779112935066223
977,100,-2.8777268310013993,-3.129298,0.2517048398039193,0.07726199274620149,0.36466033321475677,1.2672144174575806,2.4669971466064453,1.2672144174575806,2.4669971466064453,2.825575828552246,2.4669971466064453,0.7495441436767578,0.3024942874908447,0.7495441436767578,0.3024942874908447,1.2176144123077393,0.6760787963867188
978,100,-1.7923331180464297,-2.8234801,0.002260425860939108,0.21556438531252975,0.06134410289554615,1.285857915878296,0.9111953973770142,1.285857915878296,0.9111953973770142,1.9786696434020996,1.5881030559539795,0.5394301414489746,0.21714448928833008,0.5394301414489746,0.21714448928833008,0.8273496031761169,0.4139214754104614
979,100,-1.796682180761168,-2.7537813,0.2391967448786766,0.02937477110177783,0.21934778983240716,1.1821212768554688,0.6919782161712646,1.1821212768554688,0.6919782161712646,2.244039535522461,1.8762099742889404,0.6919782161712646,0.3094780445098877,0.6919782161712646,0.3094780445098877,1.0534074306488037,0.6585325598716736
980,100,-2.106036448964643,-2.654252,0.060283519762897475,0.3094296798468459,0.024204831864825582,1.6012308597564697,1.616409182548523,1.6012308597564697,1.616409182548523,2.3534977436065674,1.616409182548523,0.9032299518585205,0.33061885833740234,0.9032299518585205,0.33061885833740234,1.259819507598877,0.6526756882667542
981,100,-1.0662437007715462,-2.174425,0.0254775560188943,0.020340078219105717,0.1959672286543236,0.9042623043060303,1.7637947797775269,0.9042623043060303,1.7637947797775269,1.5398890972137451,1.7637947797775269,0.7071586847305298,0.6956851482391357,0.7071586847305298,0.6956851482391357,1.0443259477615356,1.0255314111709595
982,100,-1.888002012901987,-1.9399954,0.06828165207941467,0.06349080985354352,0.09163082198998354,0.6287963390350342,1.7644490003585815,0.6287963390350342,1.7644490003585815,1.4501608610153198,1.7644490003585815,0.6287963390350342,0.8010528087615967,0.6287963390350342,0.8010528087615967,0.9961276054382324,1.1394069194793701
983,100,-1.6797693790262311,-2.1850407,0.20731535610259555,0.14032581868450245,0.03583194581708504,0.4065316915512085,0.4065316915512085,0.4065316915512085,0.4065316915512085,1.5524002313613892,1.220588207244873,0.4065316915512085,0.5806847810745239,0.4065316915512085,0.5806847810745239,0.8135599493980408,0.973449170589447
984,100,-0.9787075184387776,-2.4263115,0.08581863645835447,0.11546681119813951,0.1716029386954617,1.2807836532592773,2.037485122680664,1.2807836532592773,2.037485122680664,1.6719324588775635,2.037485122680664,0.9067298173904419,0.6652936935424805,0.9067298173904419,0.6652936935424805,1.1383724212646484,0.9378039836883545
985,100,-0.7700960555189305,-2.2356846,0.01965106567975966,0.05799685567105356,0.13733898077633777,0.3059549331665039,1.45299232006073,0.3059549331665039,1.45299232006073,1.1775965690612793,1.45299232006073,0.3059549331665039,0.5488244295120239,0.3059549331665039,0.5488244295120239,0.6223325133323669,0.8651856184005737
986,100,-0.9919511899603896,-1.6806655,0.2840725996905996,0.03378414754400538,0.005607450668959402,0.4040408134460449,0.4040408134460449,0.4040408134460449,0.4040408134460449,1.2234899997711182,1.0092569589614868,0.4040408134460449,0.5533460378646851,0.4040408134460449,0.5533460378646851,0.7066488862037659,0.8081140518188477
987,100,-2.065333215330858,-2.3227527,0.14192837026111,0.10139918368297032,0.04952330708094141,0.20062041282653809,0.20062041282653809,0.20062041282653809,0.20062041282653809,0.6367431879043579,0.5522457361221313,0.20062041282653809,0.5659035444259644,0.20062041282653809,0.5659035444259644,0.3764330744743347,0.7680858373641968
988,100,-1.7418867033887566,-2.1845214,0.12173693102250088,0.15735365854915476,0.1336493890514893,0.36611056327819824,0.7625505924224854,0.36611056327819824,0.7625505924224854,1.0665565729141235,1.3673365116119385,0.36611056327819824,0.34692907333374023,0.36611056327819824,0.34692907333374023,0.658098042011261,0.643665611743927
989,100,-1.882056761996929,-1.4159495,0.031944912682283944,0.3362496186214214,0.2843172133634586,0.41008806228637695,1.0423343181610107,0.41008806228637695,1.0423343181610107,0.5282646417617798,1.1365773677825928,0.34380006790161133,0.7799670696258545,0.34380006790161133,0.7799670696258545,0.40712279081344604,0.8463411331176758
990,100,0.1343289288966094,-1.9869094,0.06631835475820033,0.03497502719823442,0.1952002697793889,0.21674513816833496,1.254551887512207,0.21674513816833496,1.254551887512207,0.9450141191482544,1.254551887512207,0.21674513816833496,0.6163522005081177,0.21674513816833496,0.6163522005081177,0.474138081073761,0.8561156988143921
991,100,-1.9185023423011096,-2.7073762,0.06324999060008199,0.06690755343109492,0.1268752043189864,0.7237157821655273,2.0424842834472656,0.7237157821655273,2.0424842834472656,1.4416303634643555,2.0424842834472656,0.6131429672241211,0.5129783153533936,0.6131429672241211,0.5129783153533936,0.970458984375,0.8532977104187012
992,100,-1.407796493038012,-1.4017988,0.6554936985277223,0.024223122451314194,0.06028621641221332,0.0440826416015625,0.0440826416015625,0.0440826416015625,0.0440826416015625,0.8792451024055481,1.0317516326904297,0.0440826416015625,0.6395941972732544,0.0440826416015625,0.6395941972732544,0.28007376194000244,0.8502786755561829
993,100,-0.8873635845065797,-1.4607576,0.014787197119438322,0.5665982188816944,0.018223718736845917,0.04140579700469971,0.5727517604827881,0.04140579700469971,0.5727517604827881,0.7179442644119263,0.9859601855278015,0.04140579700469971,0.6123441457748413,0.04140579700469971,0.6123441457748413,0.2216799259185791,0.815218985080719
994,100,-1.31510146403319,-1.233892,0.21626140274542754,0.03265067141285427,0.4674048249152107,0.029561638832092285,0.8894776701927185,0.029561638832092285,0.8894776701927185,0.8249256610870361,0.8894776701927185,0.029561638832092285,0.5504701733589172,0.029561638832092285,0.5504701733589172,0.23343586921691895,0.7278189659118652
995,100,-0.0517292190817229,-2.490108,0.1751889883447757,0.03156618502541497,0.05040748811669382,0.2513589859008789,0.2513589859008789,0.2513589859008789,0.2513589859008789,1.0036123991012573,1.1878745555877686,0.2513589859008789,0.40907955169677734,0.2513589859008789,0.40907955169677734,0.4900776743888855,0.6608858704566956
996,100,-2.0044046473670907,-2.2761095,0.0654589175870739,0.16822767196242383,0.04824979511118377,0.37436580657958984,0.8818871974945068,0.37436580657958984,0.8818871974945068,1.0584838390350342,0.8818871974945068,0.37436580657958984,0.6264909505844116,0.37436580657958984,0.6264909505844116,0.6281265020370483,0.8859474062919617
997,100,0.1971182792971723,-1.2674911,0.6043219237085878,0.1656350171084664,0.2790046823034989,0.02198922634124756,0.02198922634124756,0.02198922634124756,0.02198922634124756,0.5638046860694885,0.8229818344116211,0.02198922634124756,0.5499585866928101,0.02198922634124756,0.5499585866928101,0.17677858471870422,0.6770130395889282
998,100,-1.4614269233941526,-1.4099225,0.019919274675682108,0.6165634267211371,0.17237013411993007,0.020632386207580566,0.8029111623764038,0.020632386207580566,0.8029111623764038,0.5490366220474243,1.0532076358795166,0.020632386207580566,0.7863772511482239,0.020632386207580566,0.7863772511482239,0.19092071056365967,0.9144296646118164
999,100,-1.1885864708073737,-1.0187478,0.7666146959917444,0.036506511040569345,0.5491701972469227,0.08426237106323242,0.08426237106323242,0.08426237106323242,0.08426237106323242,0.0066568851470947266,0.5993822813034058,0.08426237106323242,0.6495822668075562,0.08426237106323242,0.6495822668075562,0.07616078853607178,0.6543760299682617
1000,100,-0.8208217824526098,-1.7165955,0.10338774496446201,0.6093886218856243,0.06800443575240689,0.08891677856445312,0.4845287799835205,0.08891677856445312,0.4845287799835205,1.0686570405960083,0.4845287799835205,0.08891677856445312,0.8363806009292603,0.08891677856445312,0.8363806009292603,0.2867227792739868,1.0935602188110352
1001,100,-0.2262910281974137,-1.696527,0.17016363440919985,0.07042160097676065,0.4762047340779779,0.05956721305847168,0.9099341630935669,0.05956721305847168,0.9099341630935669,0.8637441396713257,0.9099341630935669,0.05956721305847168,0.5463664531707764,0.05956721305847168,0.5463664531707764,0.2178928256034851,0.7531165480613708
1002,100,-1.2685915927616027,-1.9717319,0.2532540191592213,0.16749797950905293,0.09764775608208537,0.254164457321167,0.254164457321167,0.254164457321167,0.254164457321167,0.8245203495025635,0.6875944137573242,0.254164457321167,0.48354458808898926,0.254164457321167,0.48354458808898926,0.4708794355392456,0.6963450312614441
1003,100,-1.4241363104539095,-2.2168357,0.24879547820468148,0.11141984507800018,0.05731352969133496,0.05703139305114746,0.05703139305114746,0.05703139305114746,0.05703139305114746,0.5134515762329102,0.29804766178131104,0.05703139305114746,0.3738795518875122,0.05703139305114746,0.3738795518875122,0.17753952741622925,0.522120475769043
1004,100,-1.8223010210168211,-1.2854801,0.1886573286016574,0.5134421998692541,0.2999942422911679,0.09625732898712158,0.6000844836235046,0.09625732898712158,0.6000844836235046,0.5281723141670227,0.8375364542007446,0.09625732898712158,0.5108070969581604,0.09625732898712158,0.5108070969581604,0.23099306225776672,0.6370585560798645
1005,100,-0.4206371833303804,-2.3478787,0.009002177832052871,0.035151791326779314,0.38110304631523184,0.11076760292053223,1.2112743854522705,0.11076760292053223,1.2112743854522705,1.2558268308639526,1.2112743854522705,0.11076760292053223,0.3872603178024292,0.11076760292053223,0.3872603178024292,0.39484161138534546,0.7170759439468384
1006,100,-0.9205011404490056,-2.3908026,0.017581860429232432,0.06700883513873317,0.11245395657942484,0.40352094173431396,1.551406741142273,0.40352094173431396,1.551406741142273,0.9953709840774536,1.551406741142273,0.40352094173431396,0.5357308387756348,0.40352094173431396,0.5357308387756348,0.6689121127128601,0.8201004266738892
1007,100,-0.2608459725530482,-2.6142247,0.14109091742341842,0.053330149642380434,0.01150148041879169,0.06851744651794434,0.06851744651794434,0.06851744651794434,0.06851744651794434,1.0773988962173462,0.49145078659057617,0.06851744651794434,0.3922576904296875,0.06851744651794434,0.3922576904296875,0.27998411655426025,0.7039251327514648
1008,100,-1.8002387179088355,-1.1126379,0.3973848505579315,0.5167386880547732,0.07821903946166175,0.12037920951843262,0.39600706100463867,0.12037920951843262,0.39600706100463867,0.5247170925140381,0.39600706100463867,0.12037920951843262,0.32225942611694336,0.12037920951843262,0.32225942611694336,0.25819313526153564,0.445451021194458
1009,100,-0.0203647434316904,-2.0901806,0.2567330729920435,0.14421686765664188,0.31697228294877267,0.27262067794799805,0.6849340200424194,0.27262067794799805,0.6849340200424194,0.35852479934692383,0.6849340200424194,0.19474172592163086,0.373246431350708,0.19474172592163086,0.373246431350708,0.23657000064849854,0.4176815152168274
1010,100,0.4342427989927601,-2.01709,0.01934186033776497,0.3754200144731716,0.20847658756672222,0.10473465919494629,0.7295137643814087,0.10473465919494629,0.7295137643814087,0.6684775352478027,1.080810785293579,0.10473465919494629,0.612503170967102,0.10473465919494629,0.612503170967102,0.27650487422943115,0.7930639982223511
1011,100,0.4916205148213838,-0.91410494,0.6724002797579027,0.09950988301911301,0.3059645130769493,0.00605088472366333,0.00605088472366333,0.00605088472366333,0.00605088472366333,0.07134068012237549,0.3694978952407837,0.00605088472366333,0.3410041332244873,0.00605088472366333,0.3410041332244873,0.02349245548248291,0.35285085439682007
1012,100,-0.951579730206939,-1.0142697,0.7492211090842469,0.5709745805595341,0.03255181705828769,0.13664305210113525,0.13664305210113525,0.13664305210113525,0.13664305210113525,0.021988630294799805,0.129746675491333,0.13664305210113525,0.4150831699371338,0.13664305210113525,0.4150831699371338,0.13319486379623413,0.41783931851387024
1013,100,-0.4624800553926295,-0.21892929,0.7724047752026841,0.7638368044381392,0.585652629707226,0.15536776185035706,0.15536776185035706,0.15536776185035706,0.15536776185035706,0.27599403262138367,0.29553353786468506,0.15536776185035706,0.0049249231815338135,0.15536776185035706,0.0049249231815338135,0.22545064985752106,0.06370295584201813
1014,100,-2.139233747043938,-0.5042523,0.25700120306557794,0.8447267651570726,0.9994829886519316,0.16784673929214478,0.06740838289260864,0.16784673929214478,0.06740838289260864,0.4023359417915344,0.06740838289260864,0.1964702606201172,0.3268771469593048,0.1964702606201172,0.3268771469593048,0.3153587877750397,0.2345593422651291
1015,100,-0.7313301073355272,-1.093667,0.4251499740835719,0.2539691330026521,0.718063433094533,0.20959103107452393,0.39049792289733887,0.20959103107452393,0.39049792289733887,0.37742090225219727,0.39049792289733887,0.20959103107452393,0.39596760272979736,0.20959103107452393,0.39596760272979736,0.11496949195861816,0.4823651611804962
1016,100,-0.1112283291658449,-1.4028932,0.008963384271896913,0.4480435186132941,0.2504117573352201,0.13495934009552002,0.7531979084014893,0.13495934009552002,0.7531979084014893,0.39195239543914795,0.8773684501647949,0.13495934009552002,0.6590654850006104,0.13495934009552002,0.6590654850006104,0.2265528440475464,0.7304378747940063
1017,100,-0.2828697447921608,-1.6836741,0.3550124676878924,0.08170250565120862,0.339187467221132,0.3838992118835449,0.277382493019104,0.3838992118835449,0.277382493019104,0.5234423875808716,1.1295552253723145,0.277382493019104,0.7473790645599365,0.277382493019104,0.7473790645599365,0.3475087285041809,0.8139075040817261
1018,100,-0.604394808316949,-2.1794467,0.3805963327384889,0.20542988099183457,0.09437393947565231,0.03520798683166504,0.03520798683166504,0.03520798683166504,0.03520798683166504,0.5436090230941772,0.2901785373687744,0.03520798683166504,0.6991171836853027,0.03520798683166504,0.6991171836853027,0.16269326210021973,0.8446162939071655
1019,100,0.5147320844542752,-0.8186209,0.5637967275692422,0.48925714988479097,0.25016666467452,0.1286417841911316,0.08115845918655396,0.1286417841911316,0.08115845918655396,0.1522660255432129,0.10539954900741577,0.08115845918655396,0.11651158332824707,0.08115845918655396,0.11651158332824707,0.09327900409698486,0.12796780467033386
1020,100,0.017202588096723,-1.7317896,0.2694997312277039,0.3240719097586434,0.375545252024923,0.042908310890197754,0.35176539421081543,0.042908310890197754,0.35176539421081543,0.2205810546875,0.35176539421081543,0.042908310890197754,0.19272756576538086,0.042908310890197754,0.19272756576538086,0.09758669137954712,0.24928438663482666
1021,100,-0.2297861589956017,-0.97334266,0.7366925149234305,0.36381099979902043,0.38252935827392853,0.17606282234191895,0.17606282234191895,0.17606282234191895,0.17606282234191895,0.08731478452682495,0.09323734045028687,0.17606282234191895,0.19098949432373047,0.17606282234191895,0.19098949432373047,0.13879269361495972,0.22352012991905212
1022,100,0.6673712195739417,-0.5111152,0.6595569844917741,0.588566241088192,0.22207015158794197,0.10141098499298096,0.0039033889770507812,0.10141098499298096,0.0039033889770507812,0.034291625022888184,0.07791900634765625,0.0039033889770507812,0.0471653938293457,0.0039033889770507812,0.0471653938293457,0.040911197662353516,0.03425794839859009
1023,100,0.2119166800587507,-1.1337134,0.37934752960795026,0.4940641079981303,0.7396268125661865,0.24297666549682617,0.16309058666229248,0.24297666549682617,0.16309058666229248,0.01603543758392334,0.16309058666229248,0.24297666549682617,0.08658099174499512,0.24297666549682617,0.08658099174499512,0.24701422452926636,0.08278638124465942
1024,100,-1.7521637808387036,-0.6024078,0.7435927217973464,0.5237471514807126,0.7056491144283118,0.30109846591949463,0.30109846591949463,0.30109846591949463,0.30109846591949463,0.005357563495635986,0.18643337488174438,0.30109846591949463,0.11383360624313354,0.30109846591949463,0.11383360624313354,0.305715411901474,0.10983625054359436
1025,100,0.1228475446930806,-0.7943161,0.5377505751409888,0.7562847525598262,0.4632770334117602,0.2565118670463562,0.3348303437232971,0.2565118670463562,0.3348303437232971,0.16837191581726074,0.3348303437232971,0.2565118670463562,0.06877601146697998,0.2565118670463562,0.06877601146697998,0.29567110538482666,0.03466048836708069
1026,100,-1.1178550871840818,-0.8427201,0.07262040098610645,0.685926010236912,0.6174426366066192,0.06273245811462402,0.4752432703971863,0.06273245811462402,0.4752432703971863,0.04957324266433716,0.37983837723731995,0.058908700942993164,0.5179810523986816,0.058908700942993164,0.5179810523986816,0.12303277850151062,0.47399479150772095
1027,100,-1.7333740144260932,-1.2577767,0.6308541835839399,0.02282937160369891,0.6745404615947066,0.09518980979919434,0.595552921295166,0.09518980979919434,0.595552921295166,0.11293327808380127,0.595552921295166,0.09518980979919434,0.7216115593910217,0.09518980979919434,0.7216115593910217,0.12716412544250488,0.6940131187438965
1028,100,-0.0363978874030781,-2.1214404,0.10442445378532861,0.5054326452750114,0.054291867206186284,0.058098793029785156,0.3554561138153076,0.058098793029785156,0.3554561138153076,0.913015604019165,0.3554561138153076,0.058098793029785156,0.8017399311065674,0.058098793029785156,0.8017399311065674,0.2067774534225464,1.0251832008361816
1029,100,0.1571738036028174,-1.5474801,0.04629110424584115,0.2235218209192108,0.45905954454772646,0.028064489364624023,0.8732467293739319,0.028064489364624023,0.8732467293739319,0.6368201375007629,0.8732467293739319,0.028064489364624023,0.5870341658592224,0.028064489364624023,0.5870341658592224,0.18244850635528564,0.739423930644989
1030,100,0.4547386121453877,-1.0401332,0.7187227854614002,0.09667738340154952,0.16031521456348052,0.011605501174926758,0.011605501174926758,0.011605501174926758,0.011605501174926758,0.30134183168411255,0.5122934579849243,0.011605501174926758,0.3863488435745239,0.011605501174926758,0.3863488435745239,0.0951012372970581,0.44511717557907104
1031,100,-1.934193231231549,-1.1789579,0.5814069645716153,0.5935856135645273,0.04152576804570751,0.09906244277954102,0.04476344585418701,0.09906244277954102,0.04476344585418701,0.03903794288635254,0.04476344585418701,0.015795469284057617,0.5891693830490112,0.015795469284057617,0.5891693830490112,0.030279457569122314,0.5621433854103088
1032,100,-0.2572779782500096,-0.56483704,0.7489747693858195,0.6533715688076223,0.5597727206564436,0.18461626768112183,0.18461626768112183,0.18461626768112183,0.18461626768112183,0.12368738651275635,0.2549518942832947,0.18461626768112183,0.012623965740203857,0.18461626768112183,0.012623965740203857,0.21978408098220825,0.032809555530548096
1033,100,0.0772673340706789,-0.66275424,0.06567196471174985,0.7110417950706384,0.5057832398979933,0.09137743711471558,0.3934483230113983,0.09137743711471558,0.3934483230113983,0.07078498601913452,0.37729546427726746,0.09137743711471558,0.45148801803588867,0.09137743711471558,0.45148801803588867,0.1036604642868042,0.4445284605026245
1034,100,-0.2018016688016251,-0.41516033,0.6738867249173399,0.12401185410026838,0.5386478600069828,0.24731099605560303,0.07355079054832458,0.24731099605560303,0.07355079054832458,0.209958016872406,0.3202306032180786,0.07355079054832458,0.294304758310318,0.07355079054832458,0.294304758310318,0.050346821546554565,0.28171253204345703
1035,100,-0.1941816763502987,-1.1047649,0.6050537926020079,0.4425492667660271,0.029593324538358168,0.02830207347869873,0.02830207347869873,0.02830207347869873,0.02830207347869873,0.1889827847480774,0.06732094287872314,0.02830207347869873,0.4925094246864319,0.02830207347869873,0.4925094246864319,0.04781150817871094,0.5298608541488647
1036,100,0.4989283104964566,-0.5622452,0.4901268562602833,0.5900440196605893,0.4839153652850703,0.02158278226852417,0.03970545530319214,0.02158278226852417,0.03970545530319214,0.12045308947563171,0.03970545530319214,0.02158278226852417,0.0613861083984375,0.02158278226852417,0.0613861083984375,0.030644118785858154,0.09083084762096405
1037,100,0.8060125352366193,-0.31962556,0.5477954597945269,0.47897076277747175,0.4307286484851871,0.11179682612419128,0.04889625310897827,0.11179682612419128,0.04889625310897827,0.18917924165725708,0.08627369999885559,0.04889625310897827,0.010164260864257812,0.04889625310897827,0.010164260864257812,0.06758497655391693,0.020154505968093872
1038,100,0.2573613635340567,-0.30169487,0.7294259836442796,0.5019903956045139,0.4518992891215121,0.15303295850753784,0.15303295850753784,0.15303295850753784,0.15303295850753784,0.10218499600887299,0.0887262225151062,0.15303295850753784,0.04717022180557251,0.15303295850753784,0.04717022180557251,0.12087959051132202,0.0732455775141716
1039,100,0.0303378259525564,-0.11069298,0.6530433750080898,0.5259192274608151,0.30029849029591005,0.08036237955093384,0.08036237955093384,0.08036237955093384,0.08036237955093384,0.09737642109394073,0.12829247117042542,0.08036237955093384,0.009752243757247925,0.08036237955093384,0.009752243757247925,0.10432742536067963,0.01711094379425049
1040,100,1.7258708848900746,-0.103602484,0.6066279611278234,0.5718203645417164,0.3253263562943316,0.04400484263896942,0.04345634579658508,0.04400484263896942,0.04345634579658508,0.031885579228401184,0.136002317070961,0.04345634579658508,0.026154056191444397,0.04345634579658508,0.026154056191444397,0.08972933143377304,0.07256467640399933
1041,100,-0.7281051949493706,0.015112868,0.5161269748474622,0.6033113916113308,0.6995049126932709,0.13848675787448883,0.2175607979297638,0.13848675787448883,0.2175607979297638,0.06831338256597519,0.2175607979297638,0.13848675787448883,0.007752241566777229,0.13848675787448883,0.007752241566777229,0.17339187860488892,0.036118753254413605
1042,100,-0.8538159843521683,0.14803329,0.9197478689048506,0.40482409546772635,0.23457800349879898,0.2332068681716919,0.2332068681716919,0.2332068681716919,0.2332068681716919,0.08981004357337952,0.23687632381916046,0.2332068681716919,0.0046527087688446045,0.2332068681716919,0.0046527087688446045,0.23504158854484558,0.005460172891616821
1043,100,1.0688409824202751,-0.13036776,0.27976040771275845,0.8331024767606937,0.25641624175037747,0.25366726517677307,0.07107451558113098,0.25366726517677307,0.07107451558113098,0.21340741217136383,0.07107451558113098,0.25366726517677307,0.0016313493251800537,0.25366726517677307,0.0016313493251800537,0.16237089037895203,0.06776449829339981
1044,100,-0.5928148265212988,-0.5363438,0.2810667365584586,0.24807468704444013,0.4323137418152542,0.14671552181243896,0.16235920786857605,0.14671552181243896,0.16235920786857605,0.3393275737762451,0.16235920786857605,0.14671552181243896,0.10253468155860901,0.14671552181243896,0.10253468155860901,0.10212905704975128,0.17475424706935883
1045,100,0.1481415684269862,-0.23065697,0.8638236824474281,0.1994292853124875,0.1878425331203799,0.32480138540267944,0.32480138540267944,0.32480138540267944,0.32480138540267944,0.27625772356987,0.07186837494373322,0.32480138540267944,0.11893250048160553,0.32480138540267944,0.11893250048160553,0.19833487272262573,0.20357197523117065
1046,100,0.2544569961633446,-0.8873397,0.1994124045691537,0.5920079189170269,0.08987148874199269,0.29523396492004395,0.11986792087554932,0.29523396492004395,0.11986792087554932,0.3368200659751892,0.11986792087554932,0.29523396492004395,0.15575182437896729,0.29523396492004395,0.15575182437896729,0.20755094289779663,0.23612827062606812
1047,100,-0.8357327746148587,-0.45364365,0.42806071777831256,0.2273665884464875,0.4326582050712656,0.14376774430274963,0.04007083177566528,0.14376774430274963,0.04007083177566528,0.0005571544170379639,0.04007083177566528,0.14376774430274963,0.09988033771514893,0.14376774430274963,0.09988033771514893,0.16032549738883972,0.0890132486820221
1048,100,1.3294863019347107,0.05196199,0.5830396902059363,0.49299923289580017,0.24112346896396053,0.03358113765716553,0.03358113765716553,0.03358113765716553,0.03358113765716553,0.03706502914428711,0.04637932777404785,0.03358113765716553,0.022442400455474854,0.03358113765716553,0.022442400455474854,0.03998023271560669,0.01757664978504181
1049,100,0.9161229912451576,-0.15862747,0.2200998771564452,0.4621838761295136,0.3076188876853675,0.035542622208595276,0.14510370790958405,0.035542622208595276,0.14510370790958405,0.03915983438491821,0.13464656472206116,0.035542622208595276,0.17261411249637604,0.035542622208595276,0.17261411249637604,0.04212728142738342,0.16787950694561005
1050,100,-0.4757856440703902,0.12289558,0.7836907584719435,0.2184898940097426,0.24756064623133422,0.21154537796974182,0.21154537796974182,0.21154537796974182,0.21154537796974182,0.17937645316123962,0.12592962384223938,0.21154537796974182,0.05589213967323303,0.21154537796974182,0.05589213967323303,0.2185649871826172,0.05242127180099487
1051,100,0.5341133131110334,0.2352432,0.5978207274704541,0.5480016258264584,0.13273006400081044,0.05423371493816376,0.11580009013414383,0.05423371493816376,0.11580009013414383,0.21063686907291412,0.2935558557510376,0.11580009013414383,0.053326964378356934,0.11580009013414383,0.053326964378356934,0.20467796921730042,0.052679263055324554
1052,100,0.2607076789314296,-0.0046354234,0.26856183635768605,0.4794952178764385,0.32709214954134525,0.04026201367378235,0.013471215963363647,0.04026201367378235,0.013471215963363647,0.10680487751960754,0.07945098727941513,0.08197513222694397,0.057040706276893616,0.08197513222694397,0.057040706276893616,0.12058526277542114,0.0329088494181633
1053,100,0.5159343750839976,-0.12632276,0.5256422008563766,0.2088115773454975,0.3779337658991723,0.03158806264400482,0.12126271426677704,0.03158806264400482,0.12126271426677704,0.13793431222438812,0.12984608113765717,0.12126271426677704,0.07063855230808258,0.12126271426677704,0.07063855230808258,0.18076108396053314,0.039834216237068176
1054,100,-0.490121233967853,-0.04490578,0.42069676218880814,0.4375815201147467,0.17009263745864356,0.08262018859386444,0.14099985361099243,0.08262018859386444,0.14099985361099243,0.07991062104701996,0.14099985361099243,0.08262018859386444,0.04409010708332062,0.08262018859386444,0.04409010708332062,0.11181002110242844,0.02305799350142479
1055,100,0.3401936697760696,0.06584902,0.4602977196426735,0.31988738239118736,0.214298462975271,0.06404753029346466,0.06681732833385468,0.06404753029346466,0.06681732833385468,0.06302031874656677,0.08962388336658478,0.06681732833385468,0.0177752822637558,0.06681732833385468,0.0177752822637558,0.07822060585021973,0.027844898402690887
1056,100,0.3807691084574721,-0.12447949,0.20815690583149382,0.4204923507223013,0.2768385985552549,0.08472730219364166,0.039355628192424774,0.08472730219364166,0.039355628192424774,0.0853317528963089,0.01271899789571762,0.08472730219364166,0.11281376332044601,0.08472730219364166,0.11281376332044601,0.09992386400699615,0.10200178623199463
1057,100,0.7633890946935782,0.16762036,0.3810018723785774,0.20161261189972213,0.34061808762527823,0.02099156379699707,0.04596362262964249,0.02099156379699707,0.04596362262964249,0.06782525032758713,0.028943032026290894,0.04596362262964249,0.05011630058288574,0.04596362262964249,0.05011630058288574,0.07090980559587479,0.032119736075401306
1058,100,-0.4607601036940085,0.015500128,0.3430688040926284,0.3363200582026207,0.14349204870228904,0.04294097423553467,0.04294097423553467,0.04294097423553467,0.04294097423553467,0.0705033391714096,0.07465487718582153,0.04294097423553467,0.016136854887008667,0.04294097423553467,0.016136854887008667,0.0587979257106781,0.011214852333068848
1059,100,0.3699172413715986,0.11278102,0.32219437763248515,0.31019822922871276,0.30188194892762865,0.006362229585647583,0.006362229585647583,0.006362229585647583,0.006362229585647583,0.006253331899642944,0.03135433793067932,0.006362229585647583,0.011824697256088257,0.006362229585647583,0.011824697256088257,0.018858283758163452,0.02092660963535309
1060,100,-0.1123906875810756,0.14962289,0.15948616624953837,0.4007198316880415,0.25944987386849105,0.10782571136951447,0.0068946778774261475,0.10782571136951447,0.0068946778774261475,0.10762110352516174,0.04757530987262726,0.10782571136951447,0.08660528063774109,0.10782571136951447,0.08660528063774109,0.1308692991733551,0.07141146808862686
1061,100,0.3324913649500988,-0.09575295,0.36081393134117723,0.11621658628825682,0.3129331793290439,0.005813777446746826,0.09616673737764359,0.005813777446746826,0.09616673737764359,0.106252022087574,0.10879639536142349,0.09616673737764359,0.0832623690366745,0.09616673737764359,0.0832623690366745,0.15754306316375732,0.04754877835512161
1062,100,0.7857379794923811,0.009369269,0.2441952938271551,0.34787554339956994,0.16761636019674775,0.04976528137922287,0.02794632315635681,0.04976528137922287,0.02794632315635681,0.05086319148540497,0.02794632315635681,0.04976528137922287,0.03996729850769043,0.04976528137922287,0.03996729850769043,0.03885580226778984,0.04879405349493027
1063,100,0.6025553703741375,0.18162262,0.2822090280962358,0.19007904305286016,0.2648351063817433,0.052359238266944885,0.059376612305641174,0.052359238266944885,0.059376612305641174,0.10202381759881973,0.08994393795728683,0.059376612305641174,0.015791714191436768,0.059376612305641174,0.015791714191436768,0.08446726202964783,0.021774783730506897
1064,100,1.2224823820583346,0.17362508,0.3618044165119886,0.2964816765661298,0.24290078829756312,0.07280394434928894,0.07280394434928894,0.07280394434928894,0.07280394434928894,0.06230354309082031,0.10669602453708649,0.07280394434928894,0.0053975582122802734,0.07280394434928894,0.0053975582122802734,0.08974998444318771,0.010208696126937866
1065,100,-0.5418297825180844,0.23376414,0.28088657314732307,0.28182110507873337,0.18763438449641268,0.05862170457839966,0.13326281309127808,0.05862170457839966,0.13326281309127808,0.10732865333557129,0.13326281309127808,0.05862170457839966,0.017402857542037964,0.05862170457839966,0.017402857542037964,0.09594225883483887,0.04830966889858246
1066,100,0.3563434735670417,0.33465606,0.3485907760682384,0.25264765692177094,0.2254406405913667,0.08551554381847382,0.08551554381847382,0.08551554381847382,0.08551554381847382,0.08425396680831909,0.1398123949766159,0.08551554381847382,0.03186941146850586,0.08551554381847382,0.03186941146850586,0.11266396939754486,0.050636351108551025
1067,100,1.7685876200388218,0.09239995,0.047973337368815594,0.36438575717924593,0.20114323737490214,0.1648228019475937,0.04951830953359604,0.1648228019475937,0.04951830953359604,0.16288241744041443,0.1174023374915123,0.1648228019475937,0.09234035760164261,0.1648228019475937,0.09234035760164261,0.2037622332572937,0.07011958956718445
1068,100,-0.6794946428370581,0.063481495,0.2549444036078206,0.057889435939567635,0.2708433652200649,0.10611789673566818,0.08717940002679825,0.10611789673566818,0.08717940002679825,0.00918327271938324,0.08717940002679825,0.10611789673566818,0.06384779512882233,0.10611789673566818,0.06384779512882233,0.14709287881851196,0.034818995743989944
1069,100,-1.5401560658614295,0.22473894,0.3733203088627853,0.2232067499092149,0.09196485891374939,0.13526418805122375,0.13526418805122375,0.13526418805122375,0.13526418805122375,0.04077833890914917,0.19056567549705505,0.13526418805122375,0.02410823106765747,0.13526418805122375,0.02410823106765747,0.1629149317741394,0.016996309161186218
1070,100,-0.4024574088498125,0.19004431,0.004781509557366004,0.490628740923876,0.20730316232953094,0.22773048281669617,0.06714926660060883,0.22773048281669617,0.06714926660060883,0.11440214514732361,0.11596926301717758,0.22773048281669617,0.11605101823806763,0.22773048281669617,0.11605101823806763,0.25724971294403076,0.10523411631584167
1071,100,-2.7685705317938427,0.04428926,0.17201034402109913,0.01838398555812165,0.6233763153251912,0.4372875690460205,0.11554187536239624,0.4372875690460205,0.11554187536239624,0.10661327838897705,0.11554187536239624,0.4372875690460205,0.12736734747886658,0.4372875690460205,0.12736734747886658,0.22968237102031708,0.20736195147037506
1072,100,-1.4246471256230644,-0.75581723,0.033778500375161835,0.3061620429593468,0.008079593661929285,0.8061316013336182,0.6782148480415344,0.8061316013336182,0.6782148480415344,0.8669969439506531,0.6782148480415344,0.5844469666481018,0.304462194442749,0.5844469666481018,0.304462194442749,0.6313309073448181,0.36460062861442566
1073,100,-1.709543121729625,-1.1166208,0.477505779028246,0.015027070898063433,0.18742763677362329,1.078766942024231,0.6223254203796387,1.078766942024231,0.6223254203796387,1.2985029220581055,1.0105962753295898,0.6223254203796387,0.09153974056243896,0.6223254203796387,0.09153974056243896,0.7778961658477783,0.24684423208236694
1074,100,0.6346508178583723,-1.3672816,0.2518667552837801,0.696979074466884,0.052050187927750846,1.436601161956787,1.3457577228546143,1.436601161956787,1.3457577228546143,1.6832512617111206,1.3457577228546143,0.982483446598053,0.14748930931091309,0.982483446598053,0.14748930931091309,1.1641205549240112,0.36707860231399536
1075,100,1.156851704827675,-1.4635687,0.2736065757246463,0.22982756077884836,0.48769038255707287,0.9222015738487244,1.4421542882919312,0.9222015738487244,1.4421542882919312,1.4374055862426758,1.4421542882919312,0.5525331497192383,0.25657033920288086,0.5525331497192383,0.25657033920288086,0.7871401906013489,0.46882688999176025
1076,100,-1.023732258674671,-0.66421837,0.26808598661904065,0.280744266405036,0.21259556551979159,0.8106533885002136,0.2719840407371521,0.8106533885002136,0.2719840407371521,0.741489589214325,0.2719840407371521,0.43586981296539307,0.3631296753883362,0.43586981296539307,0.3631296753883362,0.3539269268512726,0.2737107574939728
1077,100,1.2805934229535894,-0.00027169287,0.3792790149200925,0.2812723049516326,0.21628017434882346,0.2671794295310974,0.2671794295310974,0.2671794295310974,0.2671794295310974,0.3024930953979492,0.4803251028060913,0.2671794295310974,0.22096548974514008,0.2671794295310974,0.22096548974514008,0.37375226616859436,0.1903211623430252
1078,100,0.763163727590045,-0.0077620074,0.10323765663961354,0.2638987991254763,0.15042914533379556,0.1872822642326355,0.003392152488231659,0.1872822642326355,0.003392152488231659,0.20475885272026062,0.09313218295574188,0.1872822642326355,0.1608673334121704,0.1872822642326355,0.1608673334121704,0.2399754673242569,0.12898170948028564
1079,100,-0.0409809861648846,0.19912942,0.2971289953620163,0.09373414213049036,0.3611507832850377,0.1826947182416916,0.2082059532403946,0.1826947182416916,0.2082059532403946,0.4365394115447998,0.2082059532403946,0.21202069520950317,0.11552385985851288,0.21202069520950317,0.11552385985851288,0.3439377546310425,0.06180141121149063
1080,100,1.1171326669532309,0.13445336,0.20657910139034297,0.3547020995176535,0.1293388452905765,0.2705109417438507,0.43524351716041565,0.2705109417438507,0.43524351716041565,0.32077664136886597,0.43524351716041565,0.2705109417438507,0.18350553512573242,0.2705109417438507,0.18350553512573242,0.3528772294521332,0.1451820284128189
1081,100,0.2694281347354362,0.42181182,0.08228337081210024,0.2632979448945533,0.37746481651750696,0.22856725752353668,0.4117816686630249,0.22856725752353668,0.4117816686630249,0.2833823263645172,0.4117816686630249,0.22856725752353668,0.005283147096633911,0.22856725752353668,0.005283147096633911,0.32505565881729126,0.05740390717983246
1082,100,1.2079789338331637,0.27800995,0.23459018526208353,0.06921026254027979,0.2634268889005242,0.08824823796749115,0.34595149755477905,0.08824823796749115,0.34595149755477905,0.2531217336654663,0.34595149755477905,0.1723020225763321,0.007211267948150635,0.1723020225763321,0.007211267948150635,0.26445072889328003,0.06996744126081467
1083,100,0.2100057208405574,0.19001116,0.1143740432727377,0.3208417949167519,0.06029498368450459,0.271580308675766,0.3263149857521057,0.271580308675766,0.3263149857521057,0.16710788011550903,0.3263149857521057,0.271580308675766,0.01167440414428711,0.271580308675766,0.01167440414428711,0.29894763231277466,0.020847231149673462
1084,100,1.4979777573882944,0.23459817,0.20676180494539567,0.09937545208138798,0.19649509418134892,0.10447585582733154,0.10447585582733154,0.10447585582733154,0.10447585582733154,0.23762817680835724,0.30772823095321655,0.10447585582733154,0.022735029458999634,0.10447585582733154,0.022735029458999634,0.1790098398923874,0.08084304630756378
1085,100,-0.1032373977108094,0.38209796,0.11076085241287448,0.36308567704716094,0.16374036011724535,0.2588130235671997,0.299177348613739,0.2588130235671997,0.299177348613739,0.07305032014846802,0.3903113603591919,0.2588130235671997,0.02575463056564331,0.2588130235671997,0.02575463056564331,0.3027564585208893,0.059729576110839844
1086,100,-0.0006369471978115,0.43166643,0.2734502515470755,0.0980472601310085,0.25810628080311726,0.16207855939865112,0.16207855939865112,0.16207855939865112,0.16207855939865112,0.32322728633880615,0.44707536697387695,0.16207855939865112,0.01900625228881836,0.16207855939865112,0.01900625228881836,0.27626267075538635,0.09616035223007202
1087,100,0.2330253618065642,0.31938422,0.035468595300855554,0.36730574999529475,0.1330284853673882,0.27966827154159546,0.2557254731655121,0.27966827154159546,0.2557254731655121,0.05605274438858032,0.3204665780067444,0.27966827154159546,0.017032861709594727,0.27966827154159546,0.017032861709594727,0.3125321865081787,0.0163528174161911
1088,100,-2.216110848356566,0.2607481,0.06170124418495859,0.05185054284856494,0.3675929244185231,0.2990683913230896,0.26944082975387573,0.2990683913230896,0.26944082975387573,0.04048803448677063,0.26944082975387573,0.2990683913230896,0.019070297479629517,0.2990683913230896,0.019070297479629517,0.2989926338195801,0.01912197470664978
1089,100,0.0393437803620257,-0.041556343,0.09243909432152703,0.05082476443748707,0.023189522261984147,0.050135716795921326,0.050135716795921326,0.050135716795921326,0.050135716795921326,0.021773241460323334,0.04993592947721481,0.050135716795921326,0.03745594620704651,0.050135716795921326,0.03745594620704651,0.05003582313656807,0.03754981607198715
1090,100,-0.5310925819451029,-0.4542503,0.35596388519687183,0.0760945234578935,0.02451458961872499,0.6856971383094788,0.4378282129764557,0.6856971383094788,0.4378282129764557,0.6510875821113586,0.3737967312335968,0.4378282129764557,0.00018078088760375977,0.4378282129764557,0.00018078088760375977,0.40581247210502625,0.02530612051486969
1091,100,-1.3388217236872653,-0.5101024,0.02592441822398983,0.4050711430353192,0.0550566931155948,0.945757269859314,0.4848901033401489,0.945757269859314,0.4848901033401489,0.8929893970489502,0.40703094005584717,0.49088606238365173,0.005324363708496094,0.49088606238365173,0.005324363708496094,0.45201385021209717,0.024216115474700928
1092,100,0.3707087382182752,-0.61314946,0.06963811063326097,0.03233658453878441,0.3765098767425492,0.802608072757721,0.5388821363449097,0.802608072757721,0.5388821363449097,0.9360181093215942,0.5388821363449097,0.4454348683357239,0.008220076560974121,0.4454348683357239,0.008220076560974121,0.49662986397743225,0.047110676765441895
1093,100,-1.0894077758219758,-0.40306416,0.1773911486043759,0.09782521288419499,0.018989678318660275,0.42220938205718994,0.2210010588169098,0.42220938205718994,0.2210010588169098,0.6434486508369446,0.3572697639465332,0.2210010588169098,0.0109652578830719,0.2210010588169098,0.0109652578830719,0.2891353964805603,0.06531718373298645
1094,100,-2.6761036267967566,-0.43401876,0.07418462776185308,0.24114829962401046,0.1251877944570841,0.6240010261535645,0.2136419713497162,0.6240010261535645,0.2136419713497162,1.007981300354004,0.38151711225509644,0.26520293951034546,0.048997074365615845,0.26520293951034546,0.048997074365615845,0.3479120135307312,0.05812045931816101
1095,100,-1.4122370760141214,-0.45317423,0.16670185570761925,0.09750456907034333,0.24707866407598006,0.5813699960708618,0.4480704069137573,0.5813699960708618,0.4480704069137573,0.8333474397659302,0.4480704069137573,0.3178076148033142,0.07723873853683472,0.3178076148033142,0.07723873853683472,0.4238630533218384,0.09650340676307678
1096,100,-1.7492418583339524,-0.7821617,0.4556224547083333,0.22317353158523534,0.10609225605540873,0.9077790975570679,0.49369752407073975,0.9077790975570679,0.49369752407073975,1.2732359170913696,0.8345322012901306,0.49369752407073975,0.07332074642181396,0.49369752407073975,0.07332074642181396,0.6641148328781128,0.09752804040908813
1097,100,-2.2396066340329543,-1.0938016,0.25551151826056034,0.48515211122552127,0.19085619710001744,0.8877749443054199,0.8151384592056274,0.8877749443054199,0.8151384592056274,1.2634034156799316,0.8151384592056274,0.46135079860687256,0.1675701141357422,0.46135079860687256,0.1675701141357422,0.63824462890625,0.3165661692619324
1098,100,0.129921058787819,-1.2277969,0.3250722657645897,0.25347251651162117,0.46639243984447715,0.7411125898361206,1.233189344406128,0.7411125898361206,1.233189344406128,1.2517443895339966,1.233189344406128,0.44235551357269287,0.21344232559204102,0.44235551357269287,0.21344232559204102,0.6535781025886536,0.40311199426651
1099,100,-4.049239487601017,-1.0982267,0.3396820416001929,0.31990379515612866,0.2776542133699681,0.48557162284851074,0.3097660541534424,0.48557162284851074,0.3097660541534424,0.9932848811149597,0.6992934942245483,0.3097660541534424,0.25688493251800537,0.3097660541534424,0.25688493251800537,0.5045297741889954,0.4605978727340698
1100,100,-1.090213246246479,-1.2043008,0.06043579616292616,0.5030186033177209,0.4960730542585613,1.2708687782287598,0.46892690658569336,1.2708687782287598,0.46892690658569336,1.7528427839279175,1.1861218214035034,0.5020856857299805,0.02475714683532715,0.5020856857299805,0.02475714683532715,0.8574960231781006,0.2520097494125366
1101,100,-0.5447327125140735,-1.2576957,0.5665599933322967,0.057346915205319426,0.5145008963279909,1.272209882736206,0.535995364189148,1.272209882736206,0.535995364189148,1.8053367137908936,1.2378500699996948,0.535995364189148,0.0205305814743042,0.535995364189148,0.0205305814743042,0.9042234420776367,0.2460496425628662
1102,100,-1.877592099675391,-0.9641671,0.13092551482169268,0.6674359841944323,0.0666224526375837,1.2551802396774292,0.9588063359260559,1.2551802396774292,0.9588063359260559,1.3790749311447144,0.9588063359260559,0.7583590745925903,0.020751237869262695,0.7583590745925903,0.020751237869262695,0.8585827350616455,0.07024657726287842
1103,100,-1.2701979783992732,-1.3813637,0.07739897099198756,0.2202611284464906,0.8763403839902164,1.6104644536972046,1.4767627716064453,1.6104644536972046,1.4767627716064453,1.8016573190689087,1.4767627716064453,0.9500201344490051,0.07545781135559082,0.9500201344490051,0.07545781135559082,1.152113437652588,0.18172717094421387
1104,100,-0.982981478664524,-0.8727509,0.30664021548690246,0.08722841338321718,0.2527089169460167,0.6656511425971985,0.35555553436279297,0.6656511425971985,0.35555553436279297,1.0688679218292236,0.886684238910675,0.35555553436279297,0.14507192373275757,0.35555553436279297,0.14507192373275757,0.5534961223602295,0.3274020552635193
1105,100,-1.855672143841587,-0.9299927,0.20303366054169503,0.4588719367264063,0.10081599504267624,0.939240038394928,0.8485677242279053,0.939240038394928,0.8485677242279053,1.2538700103759766,0.8485677242279053,0.5479615926742554,0.16718995571136475,0.5479615926742554,0.16718995571136475,0.6982646584510803,0.2960984706878662
1106,100,-0.82326808650249,-1.2680539,0.14174959493666583,0.2977581573746254,0.5761434676644114,1.0189540386199951,1.3206851482391357,1.0189540386199951,1.3206851482391357,1.4076606035232544,1.3206851482391357,0.6989169120788574,0.15753531455993652,0.6989169120788574,0.15753531455993652,0.9164611101150513,0.364605575799942
1107,100,-0.9969427320951768,-1.1022043,0.32556176460844144,0.20192268998378138,0.3432704131230966,0.5718506574630737,1.170716643333435,0.5718506574630737,1.170716643333435,1.1556307077407837,1.170716643333435,0.4684978723526001,0.2789955139160156,0.4684978723526001,0.2789955139160156,0.6890912055969238,0.5000584125518799
1108,100,-0.3499343316289944,-1.1365677,0.12599913560212472,0.5204131361033092,0.2761643262727254,1.0237478017807007,0.874573290348053,1.0237478017807007,0.874573290348053,1.3766229152679443,1.2684168815612793,0.6541060209274292,0.18466585874557495,0.6541060209274292,0.18466585874557495,0.8748034834861755,0.3998757600784302
1109,100,-2.0136579036760014,-1.1055375,0.13768052695082234,0.1537484545196659,0.5441511756263647,1.0021443367004395,1.0983818769454956,1.0021443367004395,1.0983818769454956,1.2012994289398193,1.0983818769454956,0.647320032119751,0.16460448503494263,0.647320032119751,0.16460448503494263,0.7725726962089539,0.27381768822669983
1110,100,-0.8287654769991083,-0.7495793,0.03277590964949634,0.2537157197396472,0.20922582949866952,0.650290310382843,0.5012236833572388,0.650290310382843,0.5012236833572388,1.0084991455078125,0.8207722306251526,0.39804768562316895,0.09763038158416748,0.39804768562316895,0.09763038158416748,0.5659253001213074,0.28455695509910583
1111,100,0.7741369995316145,-1.0714948,0.3343412203720654,0.044081905114230824,0.3097537916371297,0.801892876625061,0.37802231311798096,0.801892876625061,0.37802231311798096,1.3502085208892822,0.9947184324264526,0.37802231311798096,0.09786468744277954,0.37802231311798096,0.09786468744277954,0.626408576965332,0.3148617446422577
1112,100,-1.3867334767511434,-0.92964715,0.12452620627595379,0.529050986356137,0.011010300393674122,1.1095349788665771,0.9012144207954407,1.1095349788665771,0.9012144207954407,1.3069239854812622,0.9012144207954407,0.695202112197876,0.137617290019989,0.695202112197876,0.137617290019989,0.7982082366943359,0.24133405089378357
1113,100,-0.012594654932054,-0.8923577,0.19056323470221348,0.15412311615019114,0.6962071560592074,1.3154621124267578,1.0383068323135376,1.3154621124267578,1.0383068323135376,1.297182559967041,1.0383068323135376,0.9495546221733093,0.2690203785896301,0.9495546221733093,0.2690203785896301,0.8723526000976562,0.17428070306777954
1114,100,-1.350601784664098,-0.35325712,0.20296921170095805,0.3130403954113266,0.2086537161592355,0.29666274785995483,0.003896385431289673,0.29666274785995483,0.003896385431289673,0.6431933045387268,0.40832388401031494,0.29666274785995483,0.29043257236480713,0.29666274785995483,0.29043257236480713,0.21270515024662018,0.44637516140937805
1115,100,-2.1487972864625635,-0.14324874,0.057514803381668755,0.29732635527644363,0.3835002884742422,0.3060905933380127,0.1684272587299347,0.3060905933380127,0.1684272587299347,0.5298582315444946,0.1684272587299347,0.3060905933380127,0.0024739205837249756,0.3060905933380127,0.0024739205837249756,0.23615515232086182,0.19617287814617157
1116,100,-1.4107960101867698,-0.9103814,0.1804843226582119,0.04035992183021664,0.4617034304003741,1.0347718000411987,0.9042181968688965,1.0347718000411987,0.9042181968688965,1.2647819519042969,0.9042181968688965,0.6330697536468506,0.0034009814262390137,0.6330697536468506,0.0034009814262390137,0.7669532299041748,0.11077910661697388
1117,100,-1.019136798243354,-1.0931957,0.4307030710260483,0.37371064863996595,0.08975214665416376,1.0443439483642578,0.5202075839042664,1.0443439483642578,0.5202075839042664,1.5623016357421875,1.0833829641342163,0.5202075839042664,0.005019783973693848,0.5202075839042664,0.005019783973693848,0.801795244216919,0.252326637506485
1118,100,0.8103008135887326,-1.5166568,0.22769296775440784,0.5429123364632176,0.41192740295402375,0.8190343379974365,0.8883506059646606,0.8190343379974365,0.8883506059646606,1.5129183530807495,1.5992512702941895,0.5063751935958862,0.22550320625305176,0.5063751935958862,0.22550320625305176,0.8722845315933228,0.47726136445999146
1119,100,-0.4816609962825594,-1.2927593,0.15035523531824047,0.2981067781442219,0.5790430740981372,1.0133326053619385,1.3849060535430908,1.0133326053619385,1.3849060535430908,1.535805344581604,1.3849060535430908,0.5875262022018433,0.13651371002197266,0.5875262022018433,0.13651371002197266,0.8476682901382446,0.2979060411453247
1120,100,1.1581459243239074,-0.7082131,0.2143672361931545,0.22580825802438054,0.4022392779780725,1.0383567810058594,0.7747269868850708,1.0383567810058594,0.7747269868850708,1.2095787525177002,0.7747269868850708,0.6100447177886963,0.1859363317489624,0.6100447177886963,0.1859363317489624,0.7614197731018066,0.16263630986213684
1121,100,1.281113005747962,-0.1527742,0.03683111925458987,0.3612409793096513,0.21426681872086012,0.3344167470932007,0.2105589658021927,0.3344167470932007,0.2105589658021927,0.512763500213623,0.2437533289194107,0.3344167470932007,0.12142570316791534,0.3344167470932007,0.12142570316791534,0.23180413246154785,0.2864935100078583
1122,100,-0.5784401254674627,0.40062702,0.2827632763643855,0.0033581192730014475,0.43263465269785567,0.11875015497207642,0.3229566514492035,0.11875015497207642,0.3229566514492035,0.343471884727478,0.3229566514492035,0.23944681882858276,0.08264923095703125,0.23944681882858276,0.08264923095703125,0.3698730170726776,0.06848859786987305
1123,100,0.4116462186751559,0.32113725,0.2651793748217146,0.4095282608777592,0.000924709147399172,0.21787385642528534,0.5005501508712769,0.21787385642528534,0.5005501508712769,0.4514695405960083,0.5005501508712769,0.2536565065383911,0.08607399463653564,0.2536565065383911,0.08607399463653564,0.377103328704834,0.0501323938369751
1124,100,0.6035872827730349,0.55756766,0.00018387230247562947,0.3607375538072636,0.4770082869403755,0.16716277599334717,0.39087939262390137,0.16716277599334717,0.39087939262390137,0.46451592445373535,0.39087939262390137,0.19781088829040527,0.02996128797531128,0.19781088829040527,0.02996128797531128,0.36155593395233154,0.05663803219795227
1125,100,-0.2350863454765031,0.3520506,0.13593104310794601,0.027784256034137145,0.5065736624306625,0.36074432730674744,0.2656877636909485,0.36074432730674744,0.2656877636909485,0.25700676441192627,0.2656877636909485,0.36074432730674744,0.0737650990486145,0.36074432730674744,0.0737650990486145,0.41230595111846924,0.053580403327941895
1126,100,0.5453584101296107,0.1495181,0.18415019092153226,0.1841527536716248,0.020343692077138098,0.04678439348936081,0.21612128615379333,0.04678439348936081,0.21612128615379333,0.1648479700088501,0.21612128615379333,0.09170173853635788,0.11762639880180359,0.09170173853635788,0.11762639880180359,0.1539115160703659,0.07288651168346405
1127,100,1.4133305676728256,0.37658358,0.03892838313561131,0.2760507266430817,0.27848886496857883,0.04022812843322754,0.192117378115654,0.04022812843322754,0.192117378115654,0.179305762052536,0.192117378115654,0.08275339007377625,0.03109729290008545,0.08275339007377625,0.03109729290008545,0.1632331758737564,0.05343569815158844
1128,100,1.044147792733952,0.34913,0.17457286881353334,0.05293631471399085,0.347170044152751,0.16523477435112,0.20528218150138855,0.16523477435112,0.20528218150138855,0.2699916660785675,0.20528218150138855,0.16523477435112,0.04051774740219116,0.16523477435112,0.04051774740219116,0.22468210756778717,0.03333379328250885
1129,100,-0.1611417460320633,0.5694015,0.3704296776519199,0.2898165317975574,0.07755247074662608,0.2234964668750763,0.2234964668750763,0.2234964668750763,0.2234964668750763,0.135197252035141,0.4238297939300537,0.2234964668750763,0.059444308280944824,0.2234964668750763,0.059444308280944824,0.3236631155014038,0.053882598876953125
1130,100,0.4516745536779084,0.56798035,0.19330023322574463,0.36060609919406295,0.27780969330842553,0.14185726642608643,0.256868839263916,0.14185726642608643,0.256868839263916,0.08621513843536377,0.4645492136478424,0.14185726642608643,0.045180559158325195,0.14185726642608643,0.045180559158325195,0.2152700126171112,0.09489700198173523
1131,100,1.0096077156790484,0.578055,0.040239271186164105,0.2845207083573456,0.40376625969186686,0.20131969451904297,0.41505223512649536,0.20131969451904297,0.41505223512649536,0.34719693660736084,0.41505223512649536,0.20131969451904297,0.019871950149536133,0.20131969451904297,0.019871950149536133,0.3281141221523285,0.05927145481109619
1132,100,0.0342740709483223,0.40930212,0.14791715710945552,0.04354115461617003,0.4462049883179034,0.36040836572647095,0.4036189317703247,0.36040836572647095,0.4036189317703247,0.33242565393447876,0.4036189317703247,0.36040836572647095,0.035794615745544434,0.36040836572647095,0.035794615745544434,0.410756379365921,0.030982553958892822
1133,100,-0.13962307552364,0.44809932,0.23199971641743503,0.23948295108487516,0.11821326628148154,0.01792648434638977,0.2805265188217163,0.01792648434638977,0.2805265188217163,0.10395917296409607,0.2805265188217163,0.09865295886993408,0.03738722205162048,0.09865295886993408,0.03738722205162048,0.1895897388458252,0.056465402245521545
1134,100,-0.0580841178276076,0.5589208,0.07534854775902744,0.31731884935518717,0.2713810145291675,0.1417841911315918,0.14763331413269043,0.1417841911315918,0.14763331413269043,0.11709332466125488,0.2974242866039276,0.1417841911315918,0.0030693411827087402,0.1417841911315918,0.0030693411827087402,0.21563173830509186,0.03648686408996582
1135,100,2.5159958917759115,0.3903913,0.045029901798584016,0.09772087581282884,0.38889776794335906,0.23376399278640747,0.21692027151584625,0.23376399278640747,0.21692027151584625,0.05112797021865845,0.21692027151584625,0.23376399278640747,0.01410973072052002,0.23376399278640747,0.01410973072052002,0.2384377419948578,0.011941075325012207
1136,100,1.272610388297439,0.1677748,0.06050583068601456,0.07482575964425847,0.18078574935083125,0.01459379494190216,0.04871144890785217,0.01459379494190216,0.04871144890785217,0.09099793434143066,0.04871144890785217,0.01459379494190216,0.01421859860420227,0.01459379494190216,0.01421859860420227,0.02486957609653473,0.03805064409971237
1137,100,-0.5154622653607246,0.3910567,0.3452911729447518,0.09648289356086265,0.1114205571269149,0.2218337059020996,0.2218337059020996,0.2218337059020996,0.2218337059020996,0.13055667281150818,0.1427793651819229,0.2218337059020996,0.007093966007232666,0.2218337059020996,0.007093966007232666,0.19185683131217957,0.016776010394096375
1138,100,1.4298795542164104,0.533271,0.20154619436467835,0.454230137098952,0.08734479165056719,0.2466658651828766,0.4529244303703308,0.2466658651828766,0.4529244303703308,0.2496015429496765,0.4529244303703308,0.2466658651828766,0.005596518516540527,0.2466658651828766,0.005596518516540527,0.3497951626777649,0.02819773554801941
1139,100,1.2260125648756712,0.5676793,0.010507922203526587,0.2253112771013862,0.5036611747239873,0.24248212575912476,0.44784843921661377,0.24248212575912476,0.44784843921661377,0.24685057997703552,0.44784843921661377,0.24248212575912476,0.021691977977752686,0.24248212575912476,0.021691977977752686,0.395972341299057,0.019494742155075073
1140,100,0.4650661050812558,0.6137342,0.24562678707577923,0.015986437931708175,0.4815102984482276,0.2046847939491272,0.35833537578582764,0.2046847939491272,0.35833537578582764,0.47287601232528687,0.35833537578582764,0.259188711643219,0.04826676845550537,0.259188711643219,0.04826676845550537,0.4084773361682892,0.0413399338722229
1141,100,2.7687850573759754,0.57920074,0.3083576193892259,0.5229587191107757,0.07081419887514051,0.4163382053375244,0.8089914321899414,0.4163382053375244,0.8089914321899414,0.7279035449028015,0.8089914321899414,0.4163382053375244,0.13148313760757446,0.4163382053375244,0.13148313760757446,0.6126648187637329,0.0670868456363678
1142,100,2.499949589932908,0.6200295,0.10115481934852621,0.2867347626175564,0.4366102953380633,0.2740950584411621,0.7007102966308594,0.2740950584411621,0.7007102966308594,0.5303817987442017,0.7007102966308594,0.2740950584411621,0.04448270797729492,0.2740950584411621,0.04448270797729492,0.43479782342910767,0.132558211684227
1143,100,2.0717596910041784,0.8250809,0.3998452393894958,0.16310639076472566,0.3940122856460895,0.18306583166122437,0.18306583166122437,0.18306583166122437,0.18306583166122437,0.14949262142181396,0.6881633996963501,0.18306583166122437,0.024533390998840332,0.18306583166122437,0.024533390998840332,0.3437873423099518,0.10106605291366577
1144,100,2.3368738727082694,1.1552484,0.43604462349281714,0.6109956017410527,0.22123273803222032,0.33564865589141846,0.8544760346412659,0.33564865589141846,0.8544760346412659,0.7711403965950012,0.8544760346412659,0.33564865589141846,0.05859565734863281,0.33564865589141846,0.05859565734863281,0.5950623750686646,0.19462892413139343
1145,100,1.375073110969709,1.3891404,0.34604483981748024,0.491299735964676,0.6096284173339399,0.3077514171600342,1.4000608921051025,0.3077514171600342,1.4000608921051025,0.7422653436660767,1.4000608921051025,0.3077514171600342,0.1442244052886963,0.3077514171600342,0.1442244052886963,0.5713285207748413,0.2920036017894745
1146,100,1.9076050801138,1.3904848,0.3890721042707719,0.4464976476102144,0.610814593367509,0.2451547384262085,1.4075003862380981,0.2451547384262085,1.4075003862380981,0.5435838103294373,1.4075003862380981,0.2451547384262085,0.1455157995223999,0.2451547384262085,0.1455157995223999,0.46688324213027954,0.2643391489982605
1147,100,2.011430158398404,1.6102235,0.3246594690093674,0.6422344583672346,0.7328348567267671,0.4346846342086792,1.8588337898254395,0.4346846342086792,1.8588337898254395,1.209852695465088,1.8588337898254395,0.5310854911804199,0.15609216690063477,0.5310854911804199,0.15609216690063477,0.949828565120697,0.434803307056427
1148,100,1.9392003749786817,1.3189486,0.37881964921976896,0.35484721923176554,0.6524504848541469,0.37813419103622437,1.40444815158844,0.37813419103622437,1.40444815158844,0.678831934928894,1.40444815158844,0.37813419103622437,0.15777850151062012,0.37813419103622437,0.15777850151062012,0.5928229093551636,0.3173098862171173
1149,100,0.2951572926165768,1.6913953,0.5219295371989514,0.6534958638993326,0.5912215769150104,0.4483441114425659,1.099855899810791,0.4483441114425659,1.099855899810791,0.8198198080062866,1.9999487400054932,0.48761045932769775,0.3523738384246826,0.48761045932769775,0.3523738384246826,0.8684342503547668,0.697303056716919
1150,100,1.0884627518066432,1.561911,0.43061013236206613,0.5193130805115522,0.5964420492796041,0.35098206996917725,1.6812074184417725,0.35098206996917725,1.6812074184417725,0.9542820453643799,1.6812074184417725,0.38239824771881104,0.26834022998809814,0.38239824771881104,0.26834022998809814,0.6965823769569397,0.4900892376899719
1151,100,2.518718627114853,1.248087,0.0918317421169832,0.5352634638675913,0.6034642354012354,0.3769876956939697,1.2931034564971924,0.3769876956939697,1.2931034564971924,1.142469882965088,1.2931034564971924,0.3769876956939697,0.045498013496398926,0.3769876956939697,0.045498013496398926,0.7791919708251953,0.21314120292663574
1152,100,0.4428514202825251,1.452801,0.3559027199739031,0.15107292201869327,0.9306592257290154,1.0378050804138184,1.6911280155181885,1.0378050804138184,1.6911280155181885,1.1364970207214355,1.6911280155181885,1.0378050804138184,0.10202419757843018,1.0378050804138184,0.10202419757843018,1.2770493030548096,0.26254695653915405
1153,100,2.6287896547027803,1.1481628,0.5709832204742632,0.37925058594325556,0.15907063032420454,0.5571103692054749,0.5571103692054749,0.5571103692054749,0.5571103692054749,0.43283897638320923,1.0569467544555664,0.5571103692054749,0.12006044387817383,0.5571103692054749,0.12006044387817383,0.8070285320281982,0.31164810061454773
1154,100,1.6769653394499395,1.2415338,0.12614044541960334,0.7425988155490751,0.40262797431335406,0.6978578567504883,0.8566538691520691,0.6978578567504883,0.8566538691520691,0.5442095994949341,1.477518081665039,0.6978578567504883,0.10798966884613037,0.6978578567504883,0.10798966884613037,1.0115172863006592,0.2853838801383972
1155,100,0.0711400247897773,1.696267,0.5643848611355546,0.16496206755362608,0.9315883630432215,0.6893845796585083,2.0593886375427246,0.6893845796585083,2.0593886375427246,1.6357457637786865,2.0593886375427246,0.7558634281158447,0.06229507923126221,0.7558634281158447,0.06229507923126221,1.2490944862365723,0.2417810559272766
1156,100,1.7777664413571603,1.4813892,0.3988875829169838,0.8294536291119162,0.16969469860452135,0.80894935131073,1.3997186422348022,0.80894935131073,1.3997186422348022,1.0452301502227783,1.3997186422348022,0.80894935131073,0.13142049312591553,0.80894935131073,0.13142049312591553,1.1043339967727661,0.31848829984664917
1157,100,1.8322530560343555,1.6823412,0.03533883832628715,0.49472668490298966,1.037733762516221,0.9665378332138062,1.9123953580856323,0.9665378332138062,1.9123953580856323,1.3357402086257935,1.9123953580856323,0.9665378332138062,0.008913278579711914,0.9665378332138062,0.008913278579711914,1.4264514446258545,0.17099618911743164
1158,100,-1.1511254242408746,1.1575489,0.4462549691168509,0.027641089818731812,0.7031959136403916,0.7681853175163269,1.5001802444458008,0.7681853175163269,1.5001802444458008,1.401577353477478,1.5001802444458008,0.8289275765419006,0.023795127868652344,0.8289275765419006,0.023795127868652344,1.1470017433166504,0.23939725756645203
1159,100,2.711749587476741,1.135775,0.45363060223687546,0.630020731483999,0.0044142740404173875,0.7446026802062988,1.4305611848831177,0.7446026802062988,1.4305611848831177,1.4020614624023438,1.4305611848831177,0.7740732431411743,0.03685915470123291,0.7740732431411743,0.03685915470123291,1.102317214012146,0.2902466058731079
1160,100,1.8630414995774651,1.4139537,0.27531949440945436,0.6563346666440724,0.9659826323978884,1.1902198791503906,1.9261621236801147,1.1902198791503906,1.9261621236801147,2.2052841186523438,1.9261621236801147,1.2424460649490356,0.23613739013671875,1.2424460649490356,0.23613739013671875,1.7387826442718506,0.2663494348526001
1161,100,1.3673743307471686,1.0242913,0.6231757487039182,0.40012663344234933,0.7140175869297937,0.42467981576919556,1.2953813076019287,0.42467981576919556,1.2953813076019287,1.2979484796524048,1.2953813076019287,0.8878875970840454,0.353617787361145,0.8878875970840454,0.353617787361145,1.3041273355484009,0.25380900502204895
1162,100,3.194376261792089,1.0580544,0.4662470311003246,0.9936939573165067,0.5352601180448358,1.4198161363601685,2.021545171737671,1.4198161363601685,2.021545171737671,0.6013121604919434,1.296043872833252,1.4198161363601685,0.5816017389297485,1.4198161363601685,0.5816017389297485,0.9760954976081848,0.3139544725418091
1163,100,0.2875022607261357,1.8299221,0.25558199460499753,0.46508735206771856,0.9589609081738495,0.8372559547424316,2.1596789360046387,0.8372559547424316,2.1596789360046387,1.271465539932251,2.1596789360046387,0.8372559547424316,0.1446167230606079,0.8372559547424316,0.1446167230606079,1.2703313827514648,0.3333144783973694
1164,100,0.7877526154887117,1.7408543,0.5203572020344305,0.35771938907526635,0.6779877491474562,0.07988333702087402,2.0188517570495605,0.07988333702087402,2.0188517570495605,0.4514892101287842,2.0188517570495605,0.46622300148010254,0.18218278884887695,0.46622300148010254,0.18218278884887695,0.8517919182777405,0.4444957971572876
1165,100,0.3642710411472598,1.6618841,0.07847976149459845,0.9672971851995723,0.5616744736215913,0.9017602801322937,1.0211946964263916,0.9017602801322937,1.0211946964263916,0.586951494216919,2.2243499755859375,0.9017602801322937,0.03725790977478027,0.9017602801322937,0.03725790977478027,1.5130783319473267,0.29215025901794434
1166,100,1.4141240852495012,1.3873172,0.15151162051253264,0.07493940559679935,1.1590780068086493,1.4343222379684448,1.8858615159988403,1.4343222379684448,1.8858615159988403,0.8608416318893433,1.8858615159988403,1.4343222379684448,0.05134880542755127,1.4343222379684448,0.05134880542755127,1.584174633026123,0.12249720096588135
1167,100,1.0395455800791584,0.4652258,0.053240285911101304,0.24206527477431133,0.06053299542606075,0.44552159309387207,0.578054666519165,0.44552159309387207,0.578054666519165,0.2765606641769409,0.7889763712882996,0.44552159309387207,0.13166433572769165,0.44552159309387207,0.13166433572769165,0.5558375716209412,0.24573545157909393
1168,100,0.4414290329874821,0.959262,0.32470736139905204,0.10665787822691752,0.3986467073969159,0.10258877277374268,1.3179001808166504,0.10258877277374268,1.3179001808166504,0.5453925728797913,1.3179001808166504,0.5757747888565063,0.1634223461151123,0.5757747888565063,0.1634223461151123,0.8421689867973328,0.39395615458488464
1169,100,0.6599204506174342,1.1059374,0.24543289607230734,0.4873643508020955,0.13111666956103551,0.6436318755149841,1.0276734828948975,0.6436318755149841,1.0276734828948975,0.8850693106651306,1.0276734828948975,0.6436318755149841,0.1986980438232422,0.6436318755149841,0.1986980438232422,0.8356527090072632,0.35422515869140625
1170,100,-1.3173617272995817,1.2481824,0.07566038522344465,0.3312884215969607,0.6101024923110029,0.733350932598114,1.475205421447754,0.733350932598114,1.475205421447754,1.1020067930221558,1.475205421447754,0.733350932598114,0.08973419666290283,0.733350932598114,0.08973419666290283,1.0261058807373047,0.2780872881412506
1171,100,-0.1281925553177983,0.74166477,0.12459323436175418,0.09109604297225016,0.3295540831522229,0.6104981899261475,1.0622541904449463,0.6104981899261475,1.0622541904449463,0.7138410210609436,1.0622541904449463,0.6104981899261475,0.2175363302230835,0.6104981899261475,0.2175363302230835,0.7322636246681213,0.33873164653778076
1172,100,-0.3016345913730112,-0.16484568,0.5095978415222308,0.11478044126099579,0.01701560643216743,1.1475626230239868,0.5349643230438232,1.1475626230239868,0.5349643230438232,0.8625067472457886,0.13125476241111755,0.5349643230438232,0.3100782334804535,0.5349643230438232,0.3100782334804535,0.3331095576286316,0.4465857744216919
1173,100,-0.3813906119054092,-0.8537662,0.1985577049623548,0.8090538398724343,0.05469690713890629,1.8342238664627075,0.8752892017364502,1.8342238664627075,0.8752892017364502,2.047779083251953,0.8752892017364502,0.8122350573539734,0.26223933696746826,0.8122350573539734,0.26223933696746826,0.8437621593475342,0.2504321336746216
1174,100,0.1364898894652768,-1.0039163,0.15925003058209874,0.20087110873350167,0.8711278933225217,1.4985861778259277,0.7222188711166382,1.4985861778259277,0.7222188711166382,1.5705041885375977,0.7222188711166382,0.5615168809890747,0.04493284225463867,0.5615168809890747,0.04493284225463867,0.5936086773872375,0.059235990047454834
1175,100,-1.1057192266030649,-0.76343805,0.257699218421816,0.33403084176205267,0.38079649502494706,0.05716264247894287,0.2985103130340576,0.05716264247894287,0.2985103130340576,0.25632816553115845,0.2985103130340576,0.05716264247894287,0.09753775596618652,0.05716264247894287,0.09753775596618652,0.11709433794021606,0.15990307927131653
1176,100,0.0012687137045275,-0.41580242,0.06133380671803079,0.2633208752805015,0.3113080767908252,0.3689669966697693,0.25259310007095337,0.3689669966697693,0.25259310007095337,0.7710278034210205,0.25259310007095337,0.1400277018547058,0.0355525016784668,0.1400277018547058,0.0355525016784668,0.2169266939163208,0.06838619709014893
1177,100,0.0501118861862252,-0.94373274,0.4326231237436897,0.16022669820953472,0.5050087543236431,0.5709987878799438,0.44426053762435913,0.5709987878799438,0.44426053762435913,1.6038315296173096,0.44426053762435913,0.20092111825942993,0.047171831130981445,0.20092111825942993,0.047171831130981445,0.36689844727516174,0.11196774244308472
1178,100,-1.0887186790255057,-0.69015247,0.11214563526418009,0.564939428892153,0.12832909772857448,1.1916530132293701,0.5263577103614807,1.1916530132293701,0.5263577103614807,1.1062090396881104,0.4273848831653595,0.5268455743789673,0.0003619194030761719,0.5268455743789673,0.0003619194030761719,0.4773519039154053,0.03429064154624939
1179,100,0.6118117285621092,-0.9353698,0.11192525333734493,0.18635011803281998,0.7253516783899407,1.3220770359039307,0.4086703062057495,1.3220770359039307,0.4086703062057495,1.352637767791748,0.4086703062057495,0.425287127494812,0.00914543867111206,0.425287127494812,0.00914543867111206,0.42498815059661865,0.009284794330596924
1180,100,-1.3170592423969798,-0.68399274,0.39945085385103807,0.1304584183182913,0.23693786453954957,0.772201418876648,0.34762993454933167,0.772201418876648,0.34762993454933167,0.80573570728302,0.3215615749359131,0.34762993454933167,0.019328594207763672,0.34762993454933167,0.019328594207763672,0.3472002148628235,0.019652247428894043
1181,100,-0.8982972734566714,-0.8130351,0.01615716135481371,0.6272850509899384,0.258879214998885,1.5783731937408447,0.3063279390335083,1.5783731937408447,0.3063279390335083,1.898982048034668,0.2691992521286011,0.529734194278717,0.13961261510849,0.529734194278717,0.13961261510849,0.5085322856903076,0.14944177865982056
1182,100,-2.0175522776103354,-0.98434395,0.3808935563307242,0.030938214721650814,0.7178240460167635,1.6416466236114502,0.46427857875823975,1.6416466236114502,0.46427857875823975,2.5175375938415527,0.46427857875823975,0.40750837326049805,0.10914045572280884,0.40750837326049805,0.10914045572280884,0.6160695552825928,0.061186134815216064
1183,100,-0.556427264328003,-0.9373084,0.3566279755937274,0.738437262395736,0.06488578533913758,1.8367258310317993,1.0629055500030518,1.8367258310317993,1.0629055500030518,2.4567127227783203,1.0629055500030518,0.6549585461616516,0.21413260698318481,0.6549585461616516,0.21413260698318481,0.8589320182800293,0.14138400554656982
1184,100,-0.5834463197054223,-1.3225721,0.4093629867158497,0.31625170826502247,0.5285368127703567,0.24739062786102295,0.6866357326507568,0.24739062786102295,0.6866357326507568,0.9277462959289551,0.6866357326507568,0.15859711170196533,0.0712355375289917,0.15859711170196533,0.0712355375289917,0.2858472466468811,0.17003673315048218
1185,100,-2.3350460491068747,-1.2150677,0.18611834348496226,0.5988654103370132,0.4915351782704599,0.9025803804397583,0.39782965183258057,0.9025803804397583,0.39782965183258057,1.7667526006698608,0.8957234621047974,0.3061361312866211,0.03969931602478027,0.3061361312866211,0.03969931602478027,0.5194873213768005,0.14501583576202393
1186,100,-0.6884187336111014,-1.2451657,0.18984844440216664,0.2554339624083636,0.8756285679120173,1.571498990058899,0.9257761240005493,1.571498990058899,0.9257761240005493,1.9302523136138916,0.9257761240005493,0.4705597162246704,0.0531306266784668,0.4705597162246704,0.0531306266784668,0.5964415073394775,0.09257858991622925
1187,100,-1.52894739187242,-1.2103107,0.5516010966036741,0.2724330108036699,0.3395844619605958,0.9065778255462646,0.3584219217300415,0.9065778255462646,0.3584219217300415,1.248536229133606,0.9283846616744995,0.3584219217300415,0.12367582321166992,0.3584219217300415,0.12367582321166992,0.4963850975036621,0.21842598915100098
1188,100,-2.8020546547940475,-1.3199275,0.23273274874717953,0.7393214702990251,0.385844393489287,1.2464573383331299,0.4650624990463257,1.2464573383331299,0.4650624990463257,1.768013834953308,0.8593010902404785,0.32741671800613403,0.033604979515075684,0.32741671800613403,0.033604979515075684,0.4760285019874573,0.07756263017654419
1189,100,-1.5061504736074751,-1.3926862,0.35814700496488616,0.2660503437761794,0.8702442099330661,1.4133681058883667,1.3267810344696045,1.4133681058883667,1.3267810344696045,2.311720848083496,1.3267810344696045,0.5011569857597351,0.07395613193511963,0.5011569857597351,0.07395613193511963,0.7161751389503479,0.15845555067062378
1190,100,-1.402819363806982,-1.3539981,0.4510846955900135,0.47345737804405863,0.39522769058897755,0.2888849973678589,0.4403842091560364,0.2888849973678589,0.4403842091560364,1.6969642639160156,0.4403842091560364,0.1449425220489502,0.0756986141204834,0.1449425220489502,0.0756986141204834,0.2926633656024933,0.16096723079681396
1191,100,-2.068472365739204,-1.495533,0.3632262419281955,0.6557664395249176,0.48194489807300145,0.6519618630409241,0.5807843208312988,0.6519618630409241,0.5807843208312988,1.447780728340149,1.3486629724502563,0.27437782287597656,0.1553800106048584,0.27437782287597656,0.1553800106048584,0.5461978912353516,0.281403124332428
1192,100,-4.255805824036404,-1.654192,0.3239169827697612,0.46849415307909326,1.0142000123500006,1.3656535148620605,1.880687952041626,1.3656535148620605,1.880687952041626,2.267141819000244,1.880687952041626,0.6194093227386475,0.08418035507202148,0.6194093227386475,0.08418035507202148,0.9609152674674988,0.20339739322662354
1193,100,-0.7107794248953159,-1.6991951,0.4883404837415595,0.5011281378157565,0.6676018732468697,0.4387627840042114,1.661073923110962,0.4387627840042114,1.661073923110962,0.9886337518692017,1.661073923110962,0.3986107110977173,0.2223743200302124,0.3986107110977173,0.2223743200302124,0.6616432666778564,0.4203249216079712
1194,100,-0.3957248159472502,-1.5015242,0.45920607939208935,0.47100730524542367,0.4840072096162237,0.10777926445007324,0.9781700968742371,0.10777926445007324,0.9781700968742371,0.4607046842575073,0.9781700968742371,0.10777926445007324,0.009092211723327637,0.10777926445007324,0.009092211723327637,0.21591460704803467,0.15602749586105347
1195,100,-2.5511522663138972,-1.7133316,0.20055198685435704,0.890624513068713,0.6932205541949092,2.1477317810058594,0.41170573234558105,2.1477317810058594,0.41170573234558105,3.326744318008423,1.6608012914657593,0.30578577518463135,0.051310062408447266,0.30578577518463135,0.051310062408447266,0.8160706162452698,0.16931062936782837
1196,100,0.3793560636495987,-1.7760044,0.17563832863602058,0.3067572103154004,1.2565777761240797,2.992372751235962,1.5554267168045044,2.992372751235962,1.5554267168045044,3.3023276329040527,1.5554267168045044,0.8849995732307434,0.034829139709472656,0.8849995732307434,0.034829139709472656,1.1215825080871582,0.07822751998901367
1197,100,-0.3685556369744949,-1.2638283,0.6331923710665572,0.2373201774378848,0.45487739973704744,1.3023723363876343,0.41442054510116577,1.3023723363876343,0.41442054510116577,2.0019519329071045,1.1425373554229736,0.41442054510116577,0.0779874324798584,0.41442054510116577,0.0779874324798584,0.6502913236618042,0.20657449960708618
1198,100,-1.3676063803274023,-1.1221266,0.025561679621096012,0.9163018729452914,0.27166961996313643,2.1799373626708984,0.7273482084274292,2.1799373626708984,0.7273482084274292,2.526834011077881,1.024838924407959,0.8799116015434265,0.08010995388031006,0.8799116015434265,0.08010995388031006,1.0314066410064697,0.04989403486251831
1199,100,2.257398008742459,-1.1152632,0.1357859440749556,0.030829063811918855,1.071604354121431,2.3973464965820312,1.1158251762390137,2.3973464965820312,1.1158251762390137,2.53867506980896,1.1158251762390137,1.184266209602356,0.09069383144378662,1.184266209602356,0.09069383144378662,1.2518231868743896,0.05513441562652588
1200,100,-0.6876146723730449,-0.26230866,0.37920306779802665,0.16129074803844762,0.12078075203724536,0.9186909794807434,0.4557804763317108,0.9186909794807434,0.4557804763317108,1.282402753829956,0.6335126161575317,0.4557804763317108,0.2223757803440094,0.4557804763317108,0.2223757803440094,0.5446465611457825,0.14238303899765015
1201,100,-0.6962431872825994,-0.256994,0.5645809110215643,0.6132242720689354,0.31239514421556414,1.737984299659729,0.12340623140335083,1.737984299659729,0.12340623140335083,1.4681683778762817,0.12340623140335083,0.6950433850288391,0.2582206726074219,0.6950433850288391,0.2582206726074219,0.40922480821609497,0.40526431798934937
1202,100,1.6519962211138317,0.07746036,0.18632143747407126,0.7267962433397768,0.5799124403712674,0.9658218026161194,0.8084084391593933,0.9658218026161194,0.8084084391593933,1.0725455284118652,0.021434783935546875,0.9658218026161194,0.23057742416858673,0.9658218026161194,0.23057742416858673,0.6098574995994568,0.5354008674621582
1203,100,0.1717099191443812,0.67686963,0.16905312508959147,0.21426911158583184,1.0059635681244208,1.4029054641723633,0.8500134944915771,1.4029054641723633,0.8500134944915771,0.15577244758605957,0.8500134944915771,1.4029054641723633,0.18777471780776978,1.4029054641723633,0.18777471780776978,1.2508907318115234,0.29286429286003113
1204,100,-1.116092085721891,-0.3728661,0.4008428578703468,0.3905379571455859,0.5407390348049987,1.8039100170135498,0.36176759004592896,1.8039100170135498,0.36176759004592896,1.5489537715911865,0.36176759004592896,0.5832802057266235,0.40579280257225037,0.5832802057266235,0.40579280257225037,0.33974361419677734,0.332167387008667
1205,100,1.7190311068643058,0.30004627,0.0033161040728341695,0.5624091183011423,0.4246123726687736,0.8490922451019287,0.8999388813972473,0.8490922451019287,0.8999388813972473,0.955542266368866,0.4643177390098572,0.8490922451019287,0.06207868456840515,0.8490922451019287,0.06207868456840515,0.6254428029060364,0.22367538511753082
1206,100,1.081743652671463,1.0604293,0.26193785077261766,0.10678759016275818,0.9917268698772614,1.4627234935760498,1.0964677333831787,1.4627234935760498,1.0964677333831787,0.08732545375823975,1.0964677333831787,1.4627234935760498,0.08376818895339966,1.4627234935760498,0.08376818895339966,1.2133816480636597,0.15277895331382751
1207,100,-1.950740406022554,-0.2196794,0.37181686553656024,0.5195023217254487,0.14301809901531615,1.444645643234253,0.08242012560367584,1.444645643234253,0.08242012560367584,1.183574914932251,0.08242012560367584,0.48785722255706787,0.08235527575016022,0.48785722255706787,0.08235527575016022,0.28513866662979126,0.33546116948127747
1208,100,-0.3783900025736177,0.3056683,0.23395518867676607,0.518747183670293,0.623775457048027,1.257115125656128,0.4164605140686035,1.257115125656128,0.4164605140686035,1.0951125621795654,0.4164605140686035,0.6300612092018127,0.3612837791442871,0.6300612092018127,0.3612837791442871,0.3377920389175415,0.7331434488296509
1209,100,0.6822187470497199,0.7772667,0.4369829811053383,0.29874387485874476,0.6612162326440164,0.8307650089263916,0.6767417192459106,0.8307650089263916,0.6767417192459106,0.24719315767288208,0.6767417192459106,0.8307650089263916,0.34802335500717163,0.8307650089263916,0.34802335500717163,0.5203965902328491,0.2773383855819702
1210,100,-1.40462091222203,-0.7606921,0.21383574696520147,0.9456334441029739,0.22822579984069902,2.1646952629089355,1.1866652965545654,2.1646952629089355,1.1866652965545654,1.680317997932434,0.38605883717536926,1.0133743286132812,0.10904747247695923,1.0133743286132812,0.10904747247695923,0.6302498579025269,0.15019312500953674
1211,100,-0.2570590496232205,-1.00417,0.05989052971050479,0.19287321009573966,1.0779058729871285,2.223874092102051,1.0082412958145142,2.223874092102051,1.0082412958145142,2.3967957496643066,1.0082412958145142,1.0218621492385864,0.10002565383911133,1.0218621492385864,0.10002565383911133,1.1237163543701172,0.06927227973937988
1212,100,-1.6524717955907238,-0.3991022,0.47808731529106374,0.1839170134354292,0.34113609857370764,1.2386815547943115,0.5271456837654114,1.2386815547943115,0.5271456837654114,1.7846418619155884,0.4529377222061157,0.5271456837654114,0.3633793592453003,0.5271456837654114,0.3633793592453003,0.7146714925765991,0.21024632453918457
1213,100,-0.9711727034778548,-0.46539593,0.1420911746259611,0.7969674061586972,0.2356201630482559,1.7751359939575195,1.1045422554016113,1.7751359939575195,1.1045422554016113,1.465065598487854,0.4482424557209015,1.0045098066329956,0.09946095943450928,1.0045098066329956,0.09946095943450928,0.6708356142044067,0.24392440915107727
1214,100,-1.3942383086692889,-1.2322774,0.40040124811974587,0.20328602568595255,0.8299728208493533,1.281693458557129,1.097270131111145,1.281693458557129,1.097270131111145,2.214630365371704,1.097270131111145,0.5015275478363037,0.04519462585449219,0.5015275478363037,0.04519462585449219,0.7272410988807678,0.1565578579902649
1215,100,-3.5176438477790692,-1.1066409,0.27691367509874065,0.678533850000896,0.37016469498782634,1.201117992401123,0.7547520995140076,1.201117992401123,0.7547520995140076,1.421002984046936,0.9718384146690369,0.4712713360786438,0.14837437868118286,0.4712713360786438,0.14837437868118286,0.5641666650772095,0.20152655243873596
1216,100,-2.4904092742789263,-1.4904895,0.36461798005650947,0.41973235755774785,0.9216432167581982,1.1261225938796997,1.658408284187317,1.1261225938796997,1.658408284187317,1.6440348625183105,1.658408284187317,0.6941483616828918,0.1960843801498413,0.6941483616828918,0.1960843801498413,0.9363178014755249,0.349930077791214
1217,100,-0.9132342281425172,-1.489807,0.5834916281638683,0.4811843184312594,0.5373322608851897,0.7455760836601257,0.09638702869415283,0.7455760836601257,0.09638702869415283,1.2318905591964722,0.9870939254760742,0.09638702869415283,0.09117138385772705,0.09638702869415283,0.09117138385772705,0.2203437089920044,0.1817302107810974
1218,100,-1.8967053179248683,-1.7279191,0.46179549897864103,0.8244774768903493,0.6083316689555587,0.8814300298690796,0.7137545347213745,0.8814300298690796,0.7137545347213745,1.8307284116744995,1.6675958633422852,0.29752790927886963,0.19034123420715332,0.29752790927886963,0.19034123420715332,0.5901476144790649,0.3155078887939453
1219,100,-3.279991644687844,-2.077039,0.25507932857856774,0.7417404966051222,1.2826509875376606,2.0813825130462646,2.3389618396759033,2.0813825130462646,2.3389618396759033,3.5182301998138428,2.3389618396759033,0.578376054763794,0.062424659729003906,0.578376054763794,0.062424659729003906,1.2425754070281982,0.17147743701934814
1220,100,-0.9908040050044208,-1.9908447,0.37336548786495083,0.3376607054210816,1.3450060974921767,2.1204495429992676,2.061300277709961,2.1204495429992676,2.061300277709961,2.989027500152588,2.061300277709961,0.8493752479553223,0.10274195671081543,0.8493752479553223,0.10274195671081543,1.12430739402771,0.19392788410186768
1221,100,-1.1054443116676649,-1.8287437,0.6566369844363726,0.6923443709541741,0.5901815940744379,0.8210241794586182,1.161090612411499,0.8210241794586182,1.161090612411499,2.5330355167388916,1.161090612411499,0.4272578954696655,0.308823823928833,0.4272578954696655,0.308823823928833,0.7941742539405823,0.6132363080978394
1222,100,-2.449024055675824,-1.7657921,0.2689753893852438,0.8555206488753926,0.7391617051693785,1.3773585557937622,0.608031153678894,1.3773585557937622,0.608031153678894,2.9103522300720215,1.8527493476867676,0.3843027353286743,0.11321282386779785,0.3843027353286743,0.11321282386779785,0.9154766201972961,0.3101549744606018
1223,100,-1.4722014703284316,-2.1918945,0.22357354195359713,0.318313334764484,1.6778262386360931,2.922820806503296,2.5240674018859863,2.922820806503296,2.5240674018859863,3.2343478202819824,2.5240674018859863,1.3382331132888794,0.041357994079589844,1.3382331132888794,0.041357994079589844,1.6927199363708496,0.10121917724609375
1224,100,-1.9017324166281415,-1.7982378,0.612928258587968,0.5312437447639264,0.7421832197630631,0.5199315547943115,2.230255126953125,0.5199315547943115,2.230255126953125,1.9887192249298096,2.230255126953125,0.5199315547943115,0.32346105575561523,0.5199315547943115,0.32346105575561523,0.918830156326294,0.6683172583580017
1225,100,-1.20872713803432,-1.9594982,0.3475731417306305,0.8901227898031625,0.7326101735330276,1.1706547737121582,0.7521344423294067,1.1706547737121582,0.7521344423294067,2.355949878692627,1.9916021823883057,0.4121345281600952,0.09399092197418213,0.4121345281600952,0.09399092197418213,0.8667208552360535,0.2973358631134033
1226,100,-1.5643403639532811,-1.960432,0.3496653773914702,0.44494311137707376,1.0700489019021342,1.0939412117004395,2.025571584701538,1.0939412117004395,2.025571584701538,2.1748836040496826,2.025571584701538,0.45742225646972656,0.08592939376831055,0.45742225646972656,0.08592939376831055,0.8324689865112305,0.1690923571586609
1227,100,-2.871364901233866,-1.9183576,0.31772168403126533,0.6863602622575365,0.8295120444033564,0.4442688226699829,1.7202485799789429,0.4442688226699829,1.7202485799789429,2.026296377182007,1.7202485799789429,0.33495521545410156,0.10726773738861084,0.33495521545410156,0.10726773738861084,0.75359046459198,0.3170117735862732
1228,100,-1.5943105912752549,-2.0315235,0.37549746526834116,0.48347326631808185,1.1217125284635936,1.4214180707931519,2.3176944255828857,1.4214180707931519,2.3176944255828857,2.357697010040283,2.3176944255828857,0.7573825120925903,0.14965319633483887,0.7573825120925903,0.14965319633483887,1.1687482595443726,0.3244478106498718
1229,100,-0.5742855792818655,-1.7550993,0.5613591298332945,0.543919370410471,0.6562805837372324,0.4065265655517578,2.2102065086364746,0.4065265655517578,2.2102065086364746,1.8559203147888184,2.2102065086364746,0.4065265655517578,0.31969213485717773,0.4065265655517578,0.31969213485717773,0.7451604008674622,0.6196166276931763
1230,100,-1.5831001181451625,-2.0544608,0.34694650157313145,0.9102043131833635,0.8065223727900137,1.3507038354873657,1.0530738830566406,1.3507038354873657,1.0530738830566406,2.8163647651672363,2.828550338745117,0.5737565755844116,0.18863368034362793,0.5737565755844116,0.18863368034362793,1.376469612121582,0.5637760758399963
1231,100,-0.7504651589359363,-1.79915,0.10886048090314526,0.3958050352729269,1.1639920986062267,2.6256754398345947,1.9779701232910156,2.6256754398345947,1.9779701232910156,3.3464527130126953,1.9779701232910156,0.7340990304946899,0.054363131523132324,0.7340990304946899,0.054363131523132324,1.2415882349014282,0.12837320566177368
1232,100,0.2934012692898247,-1.7767814,0.32671779787161515,0.26549469496529965,1.0471791878240213,2.0664381980895996,2.081334114074707,2.0664381980895996,2.081334114074707,2.903179168701172,2.081334114074707,0.9806039333343506,0.13413429260253906,0.9806039333343506,0.13413429260253906,1.2986940145492554,0.2587725520133972
1233,100,-0.8506809198488847,-1.6214072,0.20180689233684834,0.6883941129669293,0.5150019503182562,1.330613613128662,0.8198519945144653,1.330613613128662,0.8198519945144653,2.0926601886749268,1.5812108516693115,0.5436612367630005,0.1261502504348755,0.5436612367630005,0.1261502504348755,0.876189112663269,0.2801205515861511
1234,100,-0.4253341769326273,-1.2980334,0.06310874473341954,0.34305971417307235,0.926626873788299,2.567099094390869,1.7300528287887573,2.567099094390869,1.7300528287887573,2.8733720779418945,1.7300528287887573,1.2830754518508911,0.07736515998840332,1.2830754518508911,0.07736515998840332,1.5673093795776367,0.1418561339378357
1235,100,1.775740120642066,-0.30724812,0.21257238243658516,0.25441516355909016,0.3001408985979164,1.4357478618621826,1.0018260478973389,1.4357478618621826,1.0018260478973389,1.3498733043670654,1.0018260478973389,0.8301302194595337,0.4300355315208435,0.8301302194595337,0.4300355315208435,0.726768970489502,0.2964494228363037
1236,100,-1.0997263730426778,-0.17788059,0.06794432829745445,0.2573365655398041,0.3402627750821539,0.30935537815093994,0.5131433010101318,0.30935537815093994,0.5131433010101318,0.9577272534370422,0.5131433010101318,0.30935537815093994,0.192789688706398,0.30935537815093994,0.192789688706398,0.32082703709602356,0.48314017057418823
1237,100,1.369723852282392,0.0047968775,0.58468812314275,0.10468929139993247,0.4052463512982904,0.7752051949501038,0.7752051949501038,0.7752051949501038,0.7752051949501038,1.5352871417999268,0.5634676814079285,0.7752051949501038,0.29724663496017456,0.7752051949501038,0.29724663496017456,0.5141862630844116,0.6702817678451538
1238,100,-0.7704456672934897,0.6112151,0.14334447978902937,0.9649869799101887,0.0057787802518437514,1.1846880912780762,0.7143787145614624,1.1846880912780762,0.7143787145614624,0.09790229797363281,0.7143787145614624,1.1846880912780762,0.29434406757354736,1.1846880912780762,0.29434406757354736,0.9495334029197693,0.40402132272720337
1239,100,0.1224935074926337,1.3524173,0.37493272815731793,0.15801106231395923,1.1966770915090525,0.9216092824935913,0.6871616244316101,0.9216092824935913,0.6871616244316101,1.3045930862426758,0.6871616244316101,0.9216092824935913,0.18830323219299316,0.9216092824935913,0.18830323219299316,1.205374836921692,0.13921022415161133
1240,100,-0.0823889439754236,-0.112522066,0.12002340403363046,0.6736744529474845,0.4607989060151617,0.8757208585739136,0.6187072992324829,0.8757208585739136,0.6187072992324829,1.344128131866455,0.4842261075973511,0.8757208585739136,0.3084145188331604,0.8757208585739136,0.3084145188331604,0.5316932201385498,0.687609076499939
1241,100,-0.3335281695272212,0.95856297,0.1341554437255119,0.09099620179340384,1.1533462884499857,1.0837175846099854,0.5808780193328857,1.0837175846099854,0.5808780193328857,0.6591128706932068,0.5808780193328857,1.0837175846099854,0.22795069217681885,1.0837175846099854,0.22795069217681885,1.1084160804748535,0.2198319435119629
1242,100,0.4246096795421952,-0.11723435,0.06716024444224084,0.18009400571923692,0.24894123158939305,1.1723219156265259,0.6630874276161194,1.1723219156265259,0.6630874276161194,1.1380631923675537,0.6630874276161194,0.7020787000656128,0.03548771142959595,0.7020787000656128,0.03548771142959595,0.6683738827705383,0.044290363788604736
1243,100,1.102676638862203,0.30678517,0.051466594792620834,0.17229163580129242,0.3959171933944487,0.10047395527362823,0.05159473419189453,0.10047395527362823,0.05159473419189453,0.056513309478759766,0.05159473419189453,0.10047395527362823,0.10144352912902832,0.10047395527362823,0.10144352912902832,0.07704932242631912,0.12181368470191956
1244,100,-0.0381204863127947,0.46737158,0.24149899730055602,0.0869058569144342,0.3224927105931278,0.3190925717353821,0.08406078815460205,0.3190925717353821,0.08406078815460205,0.21936768293380737,0.08406078815460205,0.0551455020904541,0.15473127365112305,0.0551455020904541,0.15473127365112305,0.06673014163970947,0.09353256225585938
1245,100,2.5902969923071604,0.582321,0.4241119628816945,0.37301010464372497,0.17597283932454,0.21105742454528809,0.21105742454528809,0.21105742454528809,0.21105742454528809,0.13092035055160522,0.3793717622756958,0.21105742454528809,0.09098541736602783,0.21105742454528809,0.09098541736602783,0.29521459341049194,0.046739161014556885
1246,100,0.4228335973803742,1.0439509,0.12880864699412786,0.6012690552091065,0.5459982685623147,0.24378007650375366,0.23706603050231934,0.24378007650375366,0.23706603050231934,0.14643210172653198,0.46646183729171753,0.24378007650375366,0.0036667585372924805,0.24378007650375366,0.0036667585372924805,0.35991281270980835,0.056359052658081055
1247,100,1.2493348247586624,1.0429194,0.5339005547495642,0.1437241193739205,0.5809541059549115,0.019094228744506836,0.5176270008087158,0.019094228744506836,0.5176270008087158,0.07523047924041748,0.5176270008087158,0.11867761611938477,0.002476930618286133,0.11867761611938477,0.002476930618286133,0.326582670211792,0.06761723756790161
1248,100,0.6156155754736345,1.1788596,0.19541767358626339,0.9461147976059887,0.301328782875513,0.48190706968307495,0.5711924433708191,0.48190706968307495,0.5711924433708191,0.11299872398376465,0.5403739809989929,0.48190706968307495,0.013816237449645996,0.48190706968307495,0.013816237449645996,0.4686819314956665,0.009878337383270264
1249,100,-0.4185388133009616,1.1652728,0.21402545890345204,0.2209194081985868,0.9225109914554559,0.24541854858398438,0.443859338760376,0.24541854858398438,0.443859338760376,0.10229814052581787,0.443859338760376,0.24541854858398438,0.019521117210388184,0.24541854858398438,0.019521117210388184,0.2780201733112335,0.01339733600616455
1250,100,1.322436070268803,1.073762,0.2675050082856538,0.5679725520312786,0.46570753711323776,0.19103211164474487,0.29041028022766113,0.19103211164474487,0.29041028022766113,0.10124510526657104,0.47197479009628296,0.19103211164474487,0.04403364658355713,0.19103211164474487,0.04403364658355713,0.26296788454055786,0.08694130182266235
1251,100,-0.6439862873310643,0.9452415,0.06873970463411094,0.3493523136472577,0.893929952774773,0.34207451343536377,0.47113943099975586,0.34207451343536377,0.47113943099975586,0.3369591236114502,0.47113943099975586,0.34207451343536377,0.01936185359954834,0.34207451343536377,0.01936185359954834,0.4535105228424072,0.03646653890609741
1252,100,-0.7614958644661467,0.725615,0.35827483782141467,0.0693360557107583,0.6549868258004334,0.02525961399078369,0.30191072821617126,0.02525961399078369,0.30191072821617126,0.09234166145324707,0.30191072821617126,0.23618671298027039,0.07511460781097412,0.23618671298027039,0.07511460781097412,0.3647209405899048,0.0437275767326355
1253,100,0.6772812031589338,0.58475816,0.0021282367158642623,0.707906756166023,0.11918504821309417,0.5895064473152161,0.3807404041290283,0.5895064473152161,0.3807404041290283,0.3704140782356262,0.09400922060012817,0.5895064473152161,0.12270945310592651,0.5895064473152161,0.12270945310592651,0.4266722798347473,0.19048714637756348
1254,100,-1.0444902662868798,0.6684914,0.014362988782297581,0.006136282279933791,1.0259993162351786,0.7318292856216431,0.24185049533843994,0.7318292856216431,0.24185049533843994,0.2139824628829956,0.24185049533843994,0.7318292856216431,0.1193685531616211,0.7318292856216431,0.1193685531616211,0.6212481260299683,0.13465702533721924
1255,100,-1.0413468509660309,-0.30323535,0.29321507026547006,0.12674838016481743,0.06985951702772952,0.24377983808517456,0.24377983808517456,0.24377983808517456,0.24377983808517456,0.8378810286521912,0.240842804312706,0.24377983808517456,0.549217939376831,0.24377983808517456,0.549217939376831,0.24231132864952087,0.6905595064163208
1256,100,0.6437851639428052,-0.053877562,0.11506717454296406,0.4439594089485627,0.06413894818769283,0.35574936866760254,0.026285268366336823,0.35574936866760254,0.026285268366336823,0.40085843205451965,0.026285268366336823,0.35574936866760254,0.44114503264427185,0.35574936866760254,0.44114503264427185,0.19101731479167938,0.5360291004180908
1257,100,-1.4249921496047198,-0.13248135,0.13312366339810117,0.16195849056557265,0.5628248162413994,0.36737293004989624,0.4097514748573303,0.36737293004989624,0.4097514748573303,0.5848415493965149,0.4097514748573303,0.36737293004989624,0.30705323815345764,0.36737293004989624,0.30705323815345764,0.24506020545959473,0.453313410282135
1258,100,-0.9770291963615988,-0.6350593,0.29626281613554434,0.2478681829601167,0.2970251044725738,1.2589056491851807,1.0477546453475952,1.2589056491851807,1.0477546453475952,1.2261426448822021,1.0477546453475952,0.784299373626709,0.5939512252807617,0.784299373626709,0.5939512252807617,0.6979362964630127,0.4899313747882843
1259,100,-0.3894333092310941,-0.36830518,0.2172997101750928,0.46446354533273626,0.19002507801113255,0.34265246987342834,0.12781481444835663,0.34265246987342834,0.12781481444835663,0.5883623361587524,0.12781481444835663,0.34265246987342834,0.5024887919425964,0.34265246987342834,0.5024887919425964,0.2352336347103119,0.6615851521492004
1260,100,-1.1236334018684606,-0.20282224,0.07943633408685746,0.25859215437623434,0.6173930428090068,0.3471399247646332,0.4967072308063507,0.3471399247646332,0.4967072308063507,0.6063742637634277,0.4967072308063507,0.3471399247646332,0.263688862323761,0.3471399247646332,0.263688862323761,0.3206075131893158,0.4506319463253021
1261,100,-1.659620765065628,-1.2863215,0.011865517630200162,0.20139904582674562,0.5547442129873943,1.5648343563079834,1.5513410568237305,1.5648343563079834,1.5513410568237305,1.7330436706542969,1.5513410568237305,1.1626735925674438,0.09435856342315674,1.1626735925674438,0.09435856342315674,1.3280967473983765,0.35226771235466003
1262,100,-3.633079287080622,-0.8435613,0.14675069897982868,0.0575991740699896,0.1865789440182067,0.8676841259002686,1.0438307523727417,0.8676841259002686,1.0438307523727417,1.1898562908172607,1.0438307523727417,0.635910153388977,0.20994067192077637,0.635910153388977,0.20994067192077637,0.7831253409385681,0.387908935546875
1263,100,-0.7723443184005889,-0.94582325,0.2403165214611825,0.21307783466171704,0.08686173903752631,0.7631320953369141,0.43915069103240967,0.7631320953369141,0.43915069103240967,1.248833179473877,0.9185089468955994,0.43915069103240967,0.22372639179229736,0.43915069103240967,0.22372639179229736,0.6788297891616821,0.46393507719039917
1264,100,-2.091890361884106,-1.8278427,0.4352382148817644,0.35398854265354307,0.33803826989125974,1.1222704648971558,0.3641035556793213,1.1222704648971558,0.3641035556793213,1.9733781814575195,1.1022770404815674,0.3641035556793213,0.4284994602203369,0.3641035556793213,0.4284994602203369,0.7331902980804443,0.7412787675857544
1265,100,-3.3033559161642385,-1.9305904,0.059501939264360315,0.7645884073784261,0.42159788334850956,2.005678653717041,1.1471060514450073,2.005678653717041,1.1471060514450073,2.322593927383423,2.078643321990967,0.8926385641098022,0.09575247764587402,0.8926385641098022,0.09575247764587402,1.4020228385925293,0.3966243267059326
1266,100,-0.3736306061066934,-1.8299199,0.2115319895580462,0.05937154000925848,0.8696173225302262,1.7139368057250977,1.8591601848602295,1.7139368057250977,1.8591601848602295,2.0381581783294678,1.8591601848602295,1.1696743965148926,0.1044231653213501,1.1696743965148926,0.1044231653213501,1.4187514781951904,0.24009501934051514
1267,100,-2.047102226910492,-1.4488001,0.372590151593038,0.33329991272993076,0.04100955737261858,1.129077672958374,0.46316760778427124,1.129077672958374,0.46316760778427124,1.5995641946792603,1.1258695125579834,0.46316760778427124,0.20451724529266357,0.46316760778427124,0.20451724529266357,0.7945185899734497,0.4699925482273102
1268,100,-4.340954448279751,-1.5625796,0.01577783374058217,0.49381824150758324,0.3610706745272443,1.4685118198394775,0.6913993954658508,1.4685118198394775,0.6913993954658508,1.7934778928756714,1.43715500831604,0.6115341186523438,0.03884899616241455,0.6115341186523438,0.03884899616241455,0.9876313805580139,0.29294353723526
1269,100,-1.694993307650012,-1.9956534,0.2226117530075954,0.04891100995677822,1.008169631124874,2.041182041168213,2.08490252494812,2.041182041168213,2.08490252494812,2.3645882606506348,2.08490252494812,1.4744563102722168,0.07672238349914551,1.4744563102722168,0.07672238349914551,1.7280919551849365,0.2216801643371582
1270,100,-0.1981551594670239,-1.6604445,0.5281173715886383,0.43129046918037,0.14236955778654103,1.6896766424179077,0.6536902189254761,1.6896766424179077,0.6536902189254761,1.9854854345321655,1.6339058876037598,0.6536902189254761,0.15909850597381592,0.6536902189254761,0.15909850597381592,1.1437981128692627,0.4999980926513672
1271,100,-1.8719862372925191,-1.8178346,0.14380679863322676,0.5653533069896939,0.3073480361976577,1.5021063089370728,0.9590323567390442,1.5021063089370728,0.9590323567390442,1.8174355030059814,1.650670051574707,0.6321449279785156,0.14724409580230713,0.6321449279785156,0.14724409580230713,0.968316912651062,0.3858145475387573
1272,100,-1.322859055574577,-1.8007172,0.06455693171196353,0.22413831246421478,0.7111391317982649,1.806901216506958,1.6794207096099854,1.806901216506958,1.6794207096099854,2.1000924110412598,1.6794207096099854,0.9526957273483276,0.021652579307556152,0.9526957273483276,0.021652579307556152,1.2959918975830078,0.12890487909317017
1273,100,1.0154532880545926,-1.2197458,0.21137119629948403,0.09585714163546699,0.30787147151440675,1.0382835865020752,1.1166958808898926,1.0382835865020752,1.1166958808898926,1.6150707006454468,1.1166958808898926,0.6015720963478088,0.05070698261260986,0.6015720963478088,0.05070698261260986,0.8278350830078125,0.23727452754974365
1274,100,-0.2819497118700838,-1.0500835,0.12201873968352167,0.44643145848283217,0.3695696989951263,1.3470343351364136,1.243043303489685,1.3470343351364136,1.243043303489685,1.3842897415161133,1.3052256107330322,0.991386890411377,0.3926420211791992,0.991386890411377,0.3926420211791992,1.0401887893676758,0.47590890526771545
1275,100,0.470065089810149,-1.0452068,0.31330454648437156,0.17013455557403284,0.3809074927761484,1.2231826782226562,0.985612154006958,1.2231826782226562,0.985612154006958,1.0777779817581177,0.985612154006958,0.7982760667800903,0.4234411120414734,0.7982760667800903,0.4234411120414734,0.6732228994369507,0.29102495312690735
1276,100,1.389326477420848,-0.22760731,0.12130969518289936,0.60736705744287,0.12363603832744241,0.4271530508995056,0.3499442934989929,0.4271530508995056,0.3499442934989929,0.43195098638534546,0.22367115318775177,0.4271530508995056,0.056649208068847656,0.4271530508995056,0.056649208068847656,0.3045504689216614,0.2121124565601349
1277,100,-2.3205574546642507,0.29069233,0.22019593971957463,0.15992240639742716,0.6183229905786791,0.17000597715377808,0.17504924535751343,0.17000597715377808,0.17504924535751343,0.16009917855262756,0.17504924535751343,0.17000597715377808,0.025938689708709717,0.17000597715377808,0.025938689708709717,0.20563733577728271,0.017622143030166626
1278,100,-0.4580802301856566,0.02171819,0.39261856783962323,0.31408253194335406,0.17097074263233103,0.12630407512187958,0.12630407512187958,0.12630407512187958,0.12630407512187958,0.06145593523979187,0.22102823853492737,0.12630407512187958,0.024489551782608032,0.12630407512187958,0.024489551782608032,0.17366614937782288,0.020649798214435577
1279,100,-0.9518035954826318,-0.13777187,0.2524677336542417,0.5202074364000528,0.37391428964346946,0.295986145734787,0.18326319754123688,0.295986145734787,0.18326319754123688,0.17752709984779358,0.05109286308288574,0.295986145734787,0.37814396619796753,0.295986145734787,0.37814396619796753,0.3771427571773529,0.3480857312679291
1280,100,-1.7928446332362804,-0.36975935,0.05479228188831037,0.3549668048508465,0.6341247985369918,0.4488315284252167,0.3705602288246155,0.4488315284252167,0.3705602288246155,0.675206184387207,0.3705602288246155,0.4488315284252167,0.10691836476325989,0.4488315284252167,0.10691836476325989,0.36435383558273315,0.368297815322876
1281,100,-2.1877110992285953,-1.5436254,0.05369410610076075,0.04165183875671352,0.7564975789066442,1.7970908880233765,1.7143537998199463,1.7970908880233765,1.7143537998199463,1.8733189105987549,1.7143537998199463,1.450194239616394,0.171761155128479,1.450194239616394,0.171761155128479,1.5381839275360107,0.29440563917160034
1282,100,0.6202899789637264,-0.95331156,0.21216913105286267,0.0837965532753272,0.1358477535859211,0.7674498558044434,0.4595595598220825,0.7674498558044434,0.4595595598220825,0.938988983631134,1.0019551515579224,0.4595595598220825,0.4040324091911316,0.4595595598220825,0.4040324091911316,0.5820330381393433,0.5159043073654175
1283,100,-1.455786789957905,-1.341874,0.23767093165787206,0.286108739443661,0.08471986609175064,0.7713958621025085,0.9612735509872437,0.7713958621025085,0.9612735509872437,1.4745739698410034,0.9612735509872437,0.4818423390388489,0.31578850746154785,0.4818423390388489,0.31578850746154785,0.7215579748153687,0.5322616696357727
1284,100,0.3154120245715253,-1.3817981,0.22739303598494065,0.42400216228005416,0.4633559219897613,1.623062014579773,1.5843628644943237,1.623062014579773,1.5843628644943237,1.894549012184143,1.5843628644943237,0.9558241367340088,0.11680817604064941,0.9558241367340088,0.11680817604064941,1.2968969345092773,0.3570057451725006
1285,100,1.7862455112903477,-0.84690076,0.13679589969634087,0.3772064894965858,0.345924801370801,0.22007721662521362,0.11587917804718018,0.22007721662521362,0.11587917804718018,0.8346951603889465,0.7663899660110474,0.22007721662521362,0.34838923811912537,0.22007721662521362,0.34838923811912537,0.3462754189968109,0.6186753511428833
1286,100,-1.2459813693978976,-0.14128605,0.23297259740889892,0.1449535007354934,0.5223906943414525,0.21249476075172424,0.14750434458255768,0.21249476075172424,0.14750434458255768,0.21498078107833862,0.14750434458255768,0.21249476075172424,0.2965683341026306,0.21249476075172424,0.2965683341026306,0.2509925365447998,0.2815917134284973
1287,100,-0.3373558616056626,-0.025148839,0.5635030517463422,0.2632796511028437,0.17831761749698138,0.46705296635627747,0.46705296635627747,0.46705296635627747,0.46705296635627747,0.06716066598892212,0.5794131755828857,0.46705296635627747,0.352894127368927,0.46705296635627747,0.352894127368927,0.5232330560684204,0.32803672552108765
1288,100,0.9256583238119794,0.10873063,0.07510305989111199,0.5814263819111992,0.31765655191980063,0.2835865616798401,0.044741496443748474,0.2835865616798401,0.044741496443748474,0.0821080207824707,0.1203586757183075,0.2835865616798401,0.15473683178424835,0.2835865616798401,0.15473683178424835,0.3313283622264862,0.14164647459983826
1289,100,-1.7731082454226064,0.097652204,0.0811768643865266,0.10629950767171725,0.7645766553036943,0.5362318754196167,0.07501522451639175,0.5362318754196167,0.07501522451639175,0.3007084131240845,0.07501522451639175,0.5362318754196167,0.057874955236911774,0.5362318754196167,0.057874955236911774,0.3390538990497589,0.1597747504711151
1290,100,0.5099790633791743,-0.34654838,0.30790046615289246,0.14311024674640077,0.14619133961979064,0.22514116764068604,0.22514116764068604,0.22514116764068604,0.22514116764068604,0.6833286285400391,0.5093826055526733,0.22514116764068604,0.13689376413822174,0.22514116764068604,0.13689376413822174,0.33602869510650635,0.3552877902984619
1291,100,-0.5703646799750506,-0.005276352,0.15250557729545533,0.5096802765509927,0.22868218258202477,0.2874985635280609,0.061569634824991226,0.2874985635280609,0.061569634824991226,0.152856707572937,0.16162167489528656,0.2874985635280609,0.24485644698143005,0.2874985635280609,0.24485644698143005,0.21714645624160767,0.2726655900478363
1292,100,-0.731845400392567,0.09728418,0.21873224421669923,0.21238324097341688,0.7379506414186505,0.32981812953948975,0.05698445439338684,0.32981812953948975,0.05698445439338684,0.3530903458595276,0.05698445439338684,0.32981812953948975,0.20662792026996613,0.32981812953948975,0.20662792026996613,0.39528948068618774,0.19342343509197235
1293,100,0.7395897303062019,-0.59506696,0.014430973998869334,0.3525360040878717,0.3760718711975103,0.915176272392273,0.6779547333717346,0.915176272392273,0.6779547333717346,0.8721754550933838,0.6779547333717346,0.6851140260696411,0.14310181140899658,0.6851140260696411,0.14310181140899658,0.6291921138763428,0.10431694984436035
1294,100,0.4537994874013495,-0.10342756,0.0006240732788629355,0.04913880129399173,0.42747625853239046,0.16737857460975647,0.13760603964328766,0.16737857460975647,0.13760603964328766,0.2500337064266205,0.13760603964328766,0.16737857460975647,0.13048996031284332,0.16737857460975647,0.13048996031284332,0.08823925256729126,0.1910315752029419
1295,100,0.5229068643528778,-0.24593039,0.3098904045804364,0.029173849144137676,0.05842492580285796,0.20457087457180023,0.20457087457180023,0.20457087457180023,0.20457087457180023,0.37995439767837524,0.26195234060287476,0.20457087457180023,0.23787729442119598,0.20457087457180023,0.23787729442119598,0.12017805874347687,0.32094496488571167
1296,100,1.477539263588325,0.19103968,0.2179218212661055,0.46330041052370347,0.07425585007006974,0.20296896994113922,0.2996644675731659,0.20296896994113922,0.2996644675731659,0.23710942268371582,0.2996644675731659,0.20296896994113922,0.160136878490448,0.20296896994113922,0.160136878490448,0.25131672620773315,0.14434298872947693
1297,100,-0.2666441819757161,0.55935323,0.17457185677953602,0.31314083449926566,0.6172484753211749,0.09075203537940979,0.1910015344619751,0.09075203537940979,0.1910015344619751,0.11345621943473816,0.1910015344619751,0.09075203537940979,0.0034941434860229492,0.09075203537940979,0.0034941434860229492,0.1254628300666809,0.020813584327697754
1298,100,0.1316559530723739,0.19422123,0.3121377221113424,0.2635420924404642,0.2945951283157279,0.042547404766082764,0.042547404766082764,0.042547404766082764,0.042547404766082764,0.011544227600097656,0.21033401787281036,0.042547404766082764,0.03862878680229187,0.042547404766082764,0.03862878680229187,0.07593154907226562,0.06511209160089493
1299,100,1.780356851702387,0.48080048,0.10155492866110971,0.5296345103365654,0.45207136887352894,0.14283645153045654,0.11326879262924194,0.14283645153045654,0.11326879262924194,0.07161879539489746,0.2442396879196167,0.14283645153045654,0.01178210973739624,0.14283645153045654,0.01178210973739624,0.21591463685035706,0.025015711784362793
1300,100,1.8454014042289464,0.4142014,0.14367162532259503,0.12243514169084346,0.6946500105898559,0.25864464044570923,0.2076946198940277,0.25864464044570923,0.2076946198940277,0.11955070495605469,0.2076946198940277,0.25864464044570923,0.02546653151512146,0.25864464044570923,0.02546653151512146,0.27020883560180664,0.021583110094070435
1301,100,-0.5029020969292138,0.44135672,0.431865670555031,0.25085252653999435,0.2737889324420507,0.15332168340682983,0.15332168340682983,0.15332168340682983,0.15332168340682983,0.13078343868255615,0.1019943356513977,0.15332168340682983,0.013374745845794678,0.15332168340682983,0.013374745845794678,0.11483541131019592,0.01688218116760254
1302,100,2.0018698829155572,0.5461872,0.30280752926808874,0.4746357352053585,0.3131841615584913,0.07115209102630615,0.15177565813064575,0.07115209102630615,0.15177565813064575,0.02449202537536621,0.19053220748901367,0.07634115219116211,0.028952479362487793,0.07634115219116211,0.028952479362487793,0.08475348353385925,0.02152407169342041
1303,100,1.3462791710248423,0.56693536,0.05604376657337884,0.49247299224983165,0.5432000219745119,0.10619229078292847,0.33973270654678345,0.10619229078292847,0.33973270654678345,0.42215925455093384,0.33973270654678345,0.11372345685958862,0.020144283771514893,0.11372345685958862,0.020144283771514893,0.28038111329078674,0.042346835136413574
1304,100,0.4465576197346099,0.67196476,0.34440300474103347,0.06471983839428086,0.7058036887755819,0.17475488781929016,0.27922341227531433,0.17475488781929016,0.27922341227531433,0.36646798253059387,0.27922341227531433,0.2115161120891571,0.026681065559387207,0.2115161120891571,0.026681065559387207,0.3221217393875122,0.017502546310424805
1305,100,3.2964348781563535,0.6268003,0.33397186189070593,0.700029450158278,0.16440879210471304,0.23726364970207214,0.48354223370552063,0.23726364970207214,0.48354223370552063,0.33665451407432556,0.48354223370552063,0.23726364970207214,0.033396899700164795,0.23726364970207214,0.033396899700164795,0.3604029417037964,0.0258539617061615
1306,100,0.9041204321576056,0.9733653,0.18464237095026448,0.46980962795413417,0.7795666353168971,0.15461480617523193,0.45487070083618164,0.15461480617523193,0.45487070083618164,0.24003952741622925,0.45487070083618164,0.15461480617523193,0.0002759695053100586,0.15461480617523193,0.0002759695053100586,0.26750102639198303,0.041549086570739746
1307,100,2.127229213159853,0.7848931,0.42474829853605145,0.23103124508794237,0.5566908255782733,0.012515842914581299,0.3221704065799713,0.012515842914581299,0.3221704065799713,0.08382898569107056,0.3221704065799713,0.06449788808822632,0.013110339641571045,0.06449788808822632,0.013110339641571045,0.12854287028312683,0.007992804050445557
1308,100,3.086322266547554,1.0592363,0.255763620394202,0.8347934358001166,0.40432217005397053,0.26246076822280884,0.3339046239852905,0.26246076822280884,0.3339046239852905,0.038565635681152344,0.5307344794273376,0.26246076822280884,0.0046651363372802734,0.26246076822280884,0.0046651363372802734,0.3310362696647644,0.02381300926208496
1309,100,2.0679886785236556,1.3032774,0.3578201957635865,0.3223532363516357,0.9777020899342097,0.28728723526000977,0.8341841697692871,0.28728723526000977,0.8341841697692871,0.34796881675720215,0.8341841697692871,0.28728723526000977,0.04483222961425781,0.28728723526000977,0.04483222961425781,0.3964483141899109,0.06666123867034912
1310,100,4.195242545065101,1.2051195,0.392317196415078,0.5419015886735723,0.5367313501620312,0.04430985450744629,0.15307104587554932,0.04430985450744629,0.15307104587554932,0.025179743766784668,0.49361366033554077,0.10404825210571289,0.03689706325531006,0.10404825210571289,0.03689706325531006,0.17777737975120544,0.06873863935470581
1311,100,3.2731513017760454,1.557016,0.41357246920773694,0.6480828303574901,0.642977826220473,0.17320644855499268,0.3164803981781006,0.17320644855499268,0.3164803981781006,0.2983804941177368,0.9311895370483398,0.17320644855499268,0.07654619216918945,0.17320644855499268,0.07654619216918945,0.35041648149490356,0.20057833194732666
1312,100,2.1036291491015446,1.8781891,0.6027606461465973,0.5847683391082532,1.076506620484222,0.1754981279373169,1.6767958402633667,0.1754981279373169,1.6767958402633667,0.37209486961364746,1.6767958402633667,0.37047505378723145,0.17007231712341309,0.37047505378723145,0.17007231712341309,0.5587812662124634,0.2617379426956177
1313,100,3.1204437237219844,1.5139514,0.44905615613325334,0.7192242950892327,0.47473567513000126,0.16492033004760742,0.3468658924102783,0.16492033004760742,0.3468658924102783,0.1636795997619629,0.7824394106864929,0.16492033004760742,0.07193052768707275,0.16492033004760742,0.07193052768707275,0.2150551676750183,0.10310369729995728
1314,100,2.1486200145458265,1.8395648,0.4127699609180189,0.668146835646473,0.8287211250693022,0.1993553638458252,1.2188518047332764,0.1993553638458252,1.2188518047332764,0.42117345333099365,1.2188518047332764,0.1993553638458252,0.10100197792053223,0.1993553638458252,0.10100197792053223,0.42922884225845337,0.1929394006729126
1315,100,4.080933023506826,2.170216,0.5042876811422845,0.6200393412351812,1.2005925442882623,0.39597928524017334,1.8054423332214355,0.39597928524017334,1.8054423332214355,0.5510205030441284,1.8054423332214355,0.39597928524017334,0.07553577423095703,0.39597928524017334,0.07553577423095703,0.6509214639663696,0.17607516050338745
1316,100,3.954447694685669,2.5027657,0.4879845405426333,1.0293205176764948,1.117025679655859,0.1898193359375,2.5337255001068115,0.1898193359375,2.5337255001068115,0.8783864974975586,2.5337255001068115,0.4987373352050781,0.1168205738067627,0.4987373352050781,0.1168205738067627,1.0800607204437256,0.4147862195968628
1317,100,4.585142833896626,2.7656465,0.6860827322140384,0.6447652967141058,1.4320983391805613,0.2851099967956543,2.746119260787964,0.2851099967956543,2.746119260787964,0.636422872543335,2.746119260787964,0.5765814781188965,0.1637554168701172,0.5765814781188965,0.1637554168701172,0.8829678893089294,0.2960904836654663
1318,100,4.024715307765758,3.243131,0.825703968297165,1.2668653418025149,1.2012590077382441,0.577721357345581,1.333138108253479,0.577721357345581,1.333138108253479,0.6723411083221436,3.790712833404541,0.577721357345581,0.3504006862640381,0.577721357345581,0.3504006862640381,1.442686676979065,0.8273802399635315
1319,100,4.938088445050351,2.8219647,0.7227222430823805,0.8782993942832005,1.207059333030505,0.23507261276245117,3.000040054321289,0.23507261276245117,3.000040054321289,0.665252685546875,3.000040054321289,0.32624340057373047,0.13540315628051758,0.32624340057373047,0.13540315628051758,0.7807797789573669,0.2926427125930786
1320,100,4.198295972678952,2.9368353,0.5910998131708589,0.9994030516991499,1.235350985246426,0.21260333061218262,3.26584529876709,0.21260333061218262,3.26584529876709,0.9686847925186157,3.26584529876709,0.31107139587402344,0.04482579231262207,0.31107139587402344,0.04482579231262207,0.8854217529296875,0.17853784561157227
1321,100,3.959726426160169,3.3854618,0.806364539460219,1.0197510855509235,1.498083970928725,0.3983440399169922,4.055427551269531,0.3983440399169922,4.055427551269531,1.1358458995819092,4.055427551269531,0.49872326850891113,0.12551188468933105,0.49872326850891113,0.12551188468933105,1.233646035194397,0.34316718578338623
1322,100,3.1134238323195067,3.912273,0.844804086123955,1.261233187911078,1.6614653331089984,0.4763987064361572,4.696630477905273,0.4763987064361572,4.696630477905273,2.246645450592041,4.696630477905273,0.82472825050354,0.3155214786529541,0.82472825050354,0.3155214786529541,1.9613020420074463,0.719517707824707
1323,100,4.6251127723061485,3.4172359,0.7158230641581556,1.031978938366923,1.51998715698271,0.6067795753479004,4.144286155700684,0.6067795753479004,4.144286155700684,1.7645922899246216,4.144286155700684,0.6067795753479004,0.1305685043334961,0.6067795753479004,0.1305685043334961,1.4266796112060547,0.36698639392852783
1324,100,1.8438103644253456,3.622757,0.6250494088068645,1.0871502865502718,1.6470557520121247,0.6748752593994141,4.480401039123535,0.6748752593994141,4.480401039123535,2.8359014987945557,4.480401039123535,0.6748752593994141,0.13412094116210938,0.6748752593994141,0.13412094116210938,1.8436015844345093,0.3257993459701538
1325,100,1.8638495528979473,3.6480653,0.9040127743957278,0.8513464176470475,1.53174182678544,0.5638883113861084,4.434187889099121,0.5638883113861084,4.434187889099121,1.4327223300933838,4.434187889099121,0.8657243251800537,0.23084092140197754,0.8657243251800537,0.23084092140197754,1.4528926610946655,0.5447022914886475
1326,100,2.34047008689026,3.6863594,0.3716022618294179,1.38577407412871,1.4818280860653652,0.23157167434692383,4.367605209350586,0.23157167434692383,4.367605209350586,1.772332787513733,4.367605209350586,0.7193088531494141,0.15082550048828125,0.7193088531494141,0.15082550048828125,2.202317714691162,0.5258619785308838
1327,100,1.445999957780938,3.433748,0.3995235203877341,0.5754795599524003,2.0628064575563485,2.1259424686431885,4.1464667320251465,2.1259424686431885,4.1464667320251465,1.5597857236862183,4.1464667320251465,2.1259424686431885,0.24974632263183594,2.1259424686431885,0.24974632263183594,2.794224739074707,0.49382007122039795
1328,100,1.8395147493357769,2.8745768,0.6325550980712336,0.7922706860741695,1.0858279624281777,0.9505407810211182,3.6741769313812256,0.9505407810211182,3.6741769313812256,1.9890916347503662,3.6741769313812256,1.4332504272460938,0.5495173931121826,1.4332504272460938,0.5495173931121826,2.1067252159118652,1.2496172189712524
1329,100,2.8295881453791836,2.9738667,0.3102598429699124,0.9629713411081289,1.239677680803533,0.7605748176574707,3.740567445755005,0.7605748176574707,3.740567445755005,2.7876667976379395,3.740567445755005,1.2724072933197021,0.18754196166992188,1.2724072933197021,0.18754196166992188,2.2832913398742676,0.7830568552017212
1330,100,2.1719891089127588,2.9653602,0.38609406147216196,0.5742392246819441,1.565006038142029,2.4246513843536377,3.784698963165283,2.4246513843536377,3.784698963165283,2.880424737930298,3.784698963165283,2.4246513843536377,0.47466087341308594,2.4246513843536377,0.47466087341308594,2.908130168914795,0.9945467710494995
1331,100,1.0760791199523747,2.8900235,0.7812582664831802,0.7662857384820982,0.7482129111373961,0.685211181640625,0.685211181640625,0.685211181640625,0.685211181640625,1.3096119165420532,2.3740856647491455,0.685211181640625,1.073935866355896,0.685211181640625,1.073935866355896,1.5296484231948853,1.7418434619903564
1332,100,1.0594830609324482,2.829365,0.5481719143330233,1.036991831555297,0.7982872763962268,1.2156333923339844,2.3115482330322266,1.2156333923339844,2.3115482330322266,2.009491443634033,3.5651931762695312,1.2156333923339844,0.5891540050506592,1.2156333923339844,0.5891540050506592,2.024522542953491,1.3079798221588135
1333,100,1.90280981924224,2.57024,0.21878464281866195,0.7122756740481584,1.1454418654908842,1.571323275566101,3.2063257694244385,1.571323275566101,3.2063257694244385,2.520447015762329,3.2063257694244385,1.571323275566101,0.2803359031677246,1.571323275566101,0.2803359031677246,2.214230537414551,0.7963030338287354
1334,100,0.8819017908502931,1.9548112,0.1640095854645336,0.28750997361858266,1.0809282092345538,2.106982946395874,2.769915819168091,2.106982946395874,2.769915819168091,2.0961034297943115,2.769915819168091,2.106982946395874,0.440280556678772,2.106982946395874,0.440280556678772,2.3288211822509766,0.8409855365753174
1335,100,1.7875592729630254,1.6303668,0.45772477247051346,0.3084425529868333,0.3541235137231572,0.8590704798698425,0.8590704798698425,0.8590704798698425,0.8590704798698425,1.1642491817474365,2.4006972312927246,0.8590704798698425,0.7971843481063843,0.8590704798698425,0.7971843481063843,1.421260952949524,1.3014665842056274
1336,100,1.7770667464502088,2.1180446,0.1523548262737866,0.8066269817835692,0.5685082897799938,1.4665669202804565,1.9430735111236572,1.4665669202804565,1.9430735111236572,1.783780574798584,2.9292633533477783,1.4665669202804565,0.3177720308303833,1.4665669202804565,0.3177720308303833,2.078538656234741,0.9984709620475769
1337,100,1.4769650708244042,2.123581,0.38209178906791763,0.2446063949864139,0.9656565445651307,1.8301568031311035,2.952998638153076,1.8301568031311035,2.952998638153076,2.561434745788574,2.952998638153076,1.8301568031311035,0.5053427219390869,1.8301568031311035,0.5053427219390869,2.213529109954834,0.9304128289222717
1338,100,1.615091423233376,1.7152053,0.44179467840241804,0.5623228617038104,0.14529729233830668,1.142630934715271,1.9504997730255127,1.142630934715271,1.9504997730255127,1.9461393356323242,1.9504997730255127,1.142630934715271,0.6462662220001221,1.142630934715271,0.6462662220001221,1.546565294265747,1.0708121061325073
1339,100,3.363446948169516,2.1395805,0.33751820593022597,0.5436349174398228,0.5713212433498338,1.1301079988479614,2.6291399002075195,1.1301079988479614,2.6291399002075195,2.1137607097625732,2.6291399002075195,1.1301079988479614,0.5436174869537354,1.1301079988479614,0.5436174869537354,1.6242289543151855,1.1181294918060303
1340,100,2.5469096815126826,2.558712,0.30555404433372524,0.5571015599564589,1.0500351491918676,1.7700693607330322,3.5239205360412598,1.7700693607330322,3.5239205360412598,2.877485990524292,3.5239205360412598,1.7700693607330322,0.4292285442352295,1.7700693607330322,0.4292285442352295,2.4232115745544434,0.9767164587974548
1341,100,0.8232444130279457,2.675892,0.7475338956001905,0.5188904692166041,0.6771589313150475,0.8269137144088745,0.8269137144088745,0.8269137144088745,0.8269137144088745,0.5462000370025635,3.4962010383605957,0.8269137144088745,0.6494605541229248,0.8269137144088745,0.6494605541229248,1.6880450248718262,1.402780532836914
1342,100,0.3467642519834526,2.7638135,0.49812800293833126,0.9872735177528407,0.49223333453804363,1.3602662086486816,2.463247537612915,1.3602662086486816,2.463247537612915,2.087481737136841,2.463247537612915,1.3602662086486816,0.8148183822631836,1.3602662086486816,0.8148183822631836,1.9117568731307983,1.2967841625213623
1343,100,1.753194974405469,2.8628378,0.06815939639851809,0.7434148579272617,1.4313643465388273,2.1602365970611572,3.809889793395996,2.1602365970611572,3.809889793395996,3.38895845413208,3.809889793395996,2.1602365970611572,0.18170642852783203,2.1602365970611572,0.18170642852783203,2.9238529205322266,0.6852763891220093
1344,100,1.3866464390315003,1.367883,0.14045754235711527,0.08573094832861361,0.8333623419896639,1.6604576110839844,2.0760726928710938,1.6604576110839844,2.0760726928710938,0.8962699174880981,2.0760726928710938,1.6604576110839844,0.49822622537612915,1.6604576110839844,0.49822622537612915,1.719580888748169,0.5814099311828613
1345,100,1.9164111196092792,1.2350947,0.3405780594050244,0.07853578208366385,0.12770995114453088,0.8258613348007202,0.8258613348007202,0.8258613348007202,0.8258613348007202,0.6981171369552612,1.8229868412017822,0.8258613348007202,0.2662748098373413,0.8258613348007202,0.2662748098373413,1.2422186136245728,0.7188397645950317
1346,100,2.8312706810105217,1.5176108,0.2667348582003126,0.5257074867224776,0.18812575723809488,1.2333136796951294,1.81825590133667,1.2333136796951294,1.81825590133667,1.6843783855438232,1.81825590133667,1.2333136796951294,0.30462193489074707,1.2333136796951294,0.30462193489074707,1.5257847309112549,0.6403578519821167
1347,100,2.353507839210009,2.2974827,0.39695035743037477,0.41295152226674203,0.8201165644010314,1.7077630758285522,3.2435357570648193,1.7077630758285522,3.2435357570648193,2.3370587825775146,3.2435357570648193,1.889524221420288,0.6927645206451416,1.889524221420288,0.6927645206451416,2.309647560119629,1.2744081020355225
1348,100,2.8007652999297425,2.6993737,0.5789434189853802,0.630037535993299,0.6963663319080964,0.015233516693115234,3.6239829063415527,0.015233516693115234,3.6239829063415527,0.17502593994140625,3.6239829063415527,0.7686785459518433,0.5369234085083008,0.7686785459518433,0.5369234085083008,1.5534231662750244,1.178760290145874
1349,100,2.5965047409997113,2.6820319,0.43592985492852554,0.731340809581206,0.6532166302588183,0.7526363134384155,1.6495180130004883,0.7526363134384155,1.6495180130004883,1.5650744438171387,3.309785842895508,0.7526363134384155,0.4157376289367676,0.7526363134384155,0.4157376289367676,1.5888261795043945,1.0214815139770508
1350,100,1.4698120654611078,2.9654443,0.4343234463194796,0.4936237112583779,0.827662392695438,0.6925976276397705,3.083969831466675,0.6925976276397705,3.083969831466675,1.5186913013458252,3.083969831466675,0.6925976276397705,0.2557215690612793,0.6925976276397705,0.2557215690612793,1.2628307342529297,0.47370004653930664
1351,100,2.5479528131709492,2.9692855,0.39161883053910684,0.6334850750991567,0.8131444581441862,0.5043532848358154,3.5042028427124023,0.5043532848358154,3.5042028427124023,2.007288694381714,3.5042028427124023,0.7494771480560303,0.2628028392791748,0.7494771480560303,0.2628028392791748,1.6251611709594727,0.6350586414337158
1352,100,2.4133273191050253,2.4652882,0.22822978333458055,0.5611954138348607,0.710911474366675,0.9086000919342041,2.8427300453186035,0.9086000919342041,2.8427300453186035,2.175577163696289,2.8427300453186035,0.9086000919342041,0.3311331272125244,0.9086000919342041,0.3311331272125244,1.5959924459457397,0.7285241484642029
1353,100,0.2520038074559076,2.7135296,0.4143291547625644,0.3369829540054514,0.8191072054437757,0.9734443426132202,2.9873766899108887,0.9734443426132202,2.9873766899108887,1.961125373840332,2.9873766899108887,0.9734443426132202,0.26340174674987793,0.9734443426132202,0.26340174674987793,1.479900598526001,0.5576120615005493
1354,100,1.464332930880467,2.6185403,0.4206265712931401,0.7260634431621871,0.3911432451296504,1.2125916481018066,2.411885976791382,1.2125916481018066,2.411885976791382,2.349515914916992,2.411885976791382,1.2125916481018066,0.8234937191009521,1.2125916481018066,0.8234937191009521,1.8122388124465942,1.3580244779586792
1355,100,1.6138584782746637,2.245078,0.09259089911548579,0.5601198502873865,0.8305822482390195,1.376789927482605,2.8720455169677734,1.376789927482605,2.8720455169677734,2.7466847896575928,2.8720455169677734,1.376789927482605,0.06130647659301758,1.376789927482605,0.06130647659301758,2.0910484790802,0.4832717776298523
1356,100,0.7045388589748816,1.9573263,0.17635062796502177,0.1036136401081108,0.7497492096614083,1.723332405090332,2.3581836223602295,1.723332405090332,2.3581836223602295,1.9424974918365479,2.3581836223602295,1.723332405090332,0.10478043556213379,1.723332405090332,0.10478043556213379,1.9936569929122925,0.38070040941238403
1357,100,-0.1286657457468418,1.7411278,0.28245995477917263,0.28038615218757346,0.1891705132636825,0.6315072774887085,0.6315072774887085,0.6315072774887085,0.6315072774887085,1.4366545677185059,1.5210075378417969,0.6315072774887085,0.14172661304473877,0.6315072774887085,0.14172661304473877,1.0762574672698975,0.5483925342559814
1358,100,0.3629970513262123,1.8715503,0.008383308732530126,0.38223583194270366,0.37038151993451457,0.8649168014526367,1.2122703790664673,0.8649168014526367,1.2122703790664673,1.97374427318573,2.3255977630615234,0.8649168014526367,0.23442184925079346,0.8649168014526367,0.23442184925079346,1.4691085815429688,0.776589572429657
1359,100,0.3299754328235914,1.3184351,0.26751973475825636,0.0023355421040500146,0.3718304796531615,1.328705906867981,1.6171259880065918,1.328705906867981,1.6171259880065918,0.5154526829719543,1.6171259880065918,1.328705906867981,0.4447614550590515,1.328705906867981,0.4447614550590515,1.3024697303771973,0.4145110249519348
1360,100,0.6130965780759099,0.60447085,0.21372399407461307,0.4248059447022646,0.14717717903995875,0.581712007522583,0.0836402177810669,0.581712007522583,0.0836402177810669,0.5724953413009644,0.0836402177810669,0.0799628496170044,0.4064252972602844,0.0799628496170044,0.4064252972602844,0.08180153369903564,0.47296878695487976
1361,100,0.1362733994027479,0.13472441,0.22747412805775136,0.24970780889410837,0.5479561577717489,0.3954923450946808,0.2129632830619812,0.3954923450946808,0.2129632830619812,0.197098046541214,0.2129632830619812,0.07584808766841888,0.12157879769802094,0.07584808766841888,0.12157879769802094,0.08701808750629425,0.1982121467590332
1362,100,1.209215908682551,0.52368706,0.1450485837392994,0.2647437874493401,0.28876373400476396,0.053585320711135864,0.5223430395126343,0.053585320711135864,0.5223430395126343,0.0758739709854126,0.5223430395126343,0.16551265120506287,0.24408766627311707,0.16551265120506287,0.24408766627311707,0.23694482445716858,0.3160797953605652
1363,100,1.854530930831087,0.47391182,0.3025128221670581,0.15235536569838237,0.2896422776569617,0.12841945886611938,0.050240904092788696,0.12841945886611938,0.050240904092788696,0.1039692759513855,0.44780421257019043,0.050240904092788696,0.27660903334617615,0.050240904092788696,0.27660903334617615,0.12839895486831665,0.34290745854377747
1364,100,0.0060476741427846,0.6066175,0.04026428835396123,0.3463160723153361,0.2452417116586592,0.45894914865493774,0.49393272399902344,0.45894914865493774,0.49393272399902344,0.4490649104118347,0.769411563873291,0.06675314903259277,0.4324522614479065,0.06675314903259277,0.4324522614479065,0.22766268253326416,0.5778656005859375
1365,100,1.544512722898426,1.538569,0.23932934874713552,0.1187955281405974,0.2616875638026758,0.5577304363250732,1.2825137376785278,0.5577304363250732,1.2825137376785278,0.11198878288269043,1.2825137376785278,0.06351566314697266,0.5520135164260864,0.06351566314697266,0.5520135164260864,0.38140255212783813,0.8878580331802368
1366,100,0.555232094054645,1.217438,0.2961639491745184,0.24302283977878475,0.05809968500638102,0.5236784219741821,0.002137303352355957,0.5236784219741821,0.002137303352355957,0.07135570049285889,0.7107513546943665,0.002137303352355957,0.47657454013824463,0.002137303352355957,0.47657454013824463,0.3564443290233612,0.8044219613075256
1367,100,0.3249954043896176,1.7231045,0.13837839628464185,0.2390508197977679,0.3254899828281906,0.9075954556465149,1.4435529708862305,0.9075954556465149,1.4435529708862305,0.133070707321167,1.4435529708862305,0.9075954556465149,0.4769585132598877,0.9075954556465149,0.4769585132598877,0.9089421629905701,0.4783649444580078
1368,100,1.3006658198213097,0.6302749,0.2296829824799933,0.07276059751146025,0.4757185681015767,0.6960412263870239,0.6076107025146484,0.6960412263870239,0.6076107025146484,0.8477822542190552,0.6076107025146484,0.0023277997970581055,0.4990600049495697,0.0023277997970581055,0.4990600049495697,0.08906401693820953,0.5527588129043579
1369,100,1.6571375189351671,1.0956584,0.22061136298368084,0.1738172272073032,0.108602654969774,0.2818833589553833,0.11084669828414917,0.2818833589553833,0.11084669828414917,0.4404407739639282,0.34311431646347046,0.11084669828414917,0.5737224221229553,0.11084669828414917,0.5737224221229553,0.22698050737380981,0.6604436635971069
1370,100,1.9021402182815816,1.2076912,0.0584862258259683,0.21677960584714678,0.17207803170731187,0.263002872467041,0.6021586656570435,0.263002872467041,0.6021586656570435,0.3410375118255615,0.8354521989822388,0.143080472946167,0.45903879404067993,0.143080472946167,0.45903879404067993,0.26990899443626404,0.584237277507782
1371,100,1.7630634009834458,1.3297014,0.12697726421544656,0.04198487397424147,0.2938091926711944,0.3899979591369629,1.0326323509216309,0.3899979591369629,1.0326323509216309,0.10115242004394531,1.0326323509216309,0.1238929033279419,0.46864259243011475,0.1238929033279419,0.46864259243011475,0.3894372582435608,0.7112683057785034
1372,100,3.0810680962488437,2.0046494,0.17636264792781128,0.1683556860460042,0.09336134001510221,0.4189121723175049,0.4189121723175049,0.4189121723175049,0.4189121723175049,0.8961224555969238,1.0036394596099854,0.4189121723175049,0.38323116302490234,0.4189121723175049,0.38323116302490234,0.7112758159637451,0.6697558760643005
1373,100,2.0419969076063387,2.0989404,0.1409795831799298,0.18235479532084908,0.12190053238184634,0.3996013402938843,0.8827252388000488,0.3996013402938843,0.8827252388000488,0.8357388973236084,0.8827252388000488,0.3996013402938843,0.3355497121810913,0.3996013402938843,0.3355497121810913,0.6411632895469666,0.5610918998718262
1374,100,3.0844210964453125,2.0512338,0.4321859250568443,0.15052405035577698,0.15283758167651107,0.8381646871566772,0.8381646871566772,0.8381646871566772,0.8381646871566772,1.0733606815338135,1.9301997423171997,0.8381646871566772,0.55378258228302,0.8381646871566772,0.55378258228302,1.1383395195007324,0.8245974183082581
1375,100,0.4370561203205159,2.1190171,0.19147123158285284,0.3662008880493563,0.11115587694743279,0.7010862827301025,1.326000452041626,0.7010862827301025,1.326000452041626,0.993898868560791,1.326000452041626,0.7010862827301025,0.3438757658004761,0.7010862827301025,0.3438757658004761,1.0135433673858643,0.6332240700721741
1376,100,0.1652583288995344,2.2953699,0.3535538972755481,0.1896298243776222,0.3598922098061879,0.6154847145080566,2.129363536834717,0.6154847145080566,2.129363536834717,1.504974603652954,2.129363536834717,0.6164214611053467,0.39189696311950684,0.6164214611053467,0.39189696311950684,1.0612846612930298,0.7986329793930054
1377,100,2.4891736981061157,2.0217073,0.1601993628358307,0.3489939119039531,0.2196083124791019,0.6433389186859131,0.7796087265014648,0.6433389186859131,0.7796087265014648,1.0758540630340576,1.6835203170776367,0.6433389186859131,0.08886098861694336,0.6433389186859131,0.08886098861694336,1.0998363494873047,0.3445765972137451
1378,100,1.6358413922535608,1.2418103,0.3117202734158617,0.19516669754002947,0.3042176159745231,0.653449535369873,0.0486149787902832,0.653449535369873,0.0486149787902832,0.04380655288696289,0.8100797533988953,0.0486149787902832,0.11773109436035156,0.0486149787902832,0.11773109436035156,0.37530070543289185,0.44358858466148376
1379,100,1.1663827246880958,1.3667917,0.18627329143820348,0.23961642668726518,0.16290314622300167,0.4524528980255127,0.5638688802719116,0.4524528980255127,0.5638688802719116,0.030035734176635742,0.5638688802719116,0.04459965229034424,0.10566353797912598,0.04459965229034424,0.10566353797912598,0.30423426628112793,0.3663836717605591
1380,100,0.9699749213043268,1.7787975,0.06694935881804812,0.22861579695518,0.22105426820078228,0.6071361303329468,1.0567090511322021,0.6071361303329468,1.0567090511322021,0.0529942512512207,1.105118989944458,0.6071361303329468,0.3881741762161255,0.6071361303329468,0.3881741762161255,0.6319993138313293,0.41168665885925293
1381,100,0.8126109146770197,2.2961345,0.007753549367701451,0.07521582243778477,0.21899033739804397,0.5020575523376465,1.3130440711975098,0.5020575523376465,1.3130440711975098,0.6967223882675171,1.3130440711975098,0.5020575523376465,0.17933320999145508,0.5020575523376465,0.17933320999145508,0.7349342703819275,0.3360188603401184
1382,100,1.166254567009431,1.4137319,0.09630718950143835,0.02320244447472175,0.06164030315949787,0.07800638675689697,0.2657506465911865,0.07800638675689697,0.2657506465911865,0.48030006885528564,1.0428719520568848,0.2657506465911865,0.29471707344055176,0.2657506465911865,0.29471707344055176,0.4765584468841553,0.5203747749328613
1383,100,-1.6137092641903386,1.2483947,0.14322135523217622,0.08302160232132691,0.03898461372991599,0.12812519073486328,0.232338547706604,0.12812519073486328,0.232338547706604,0.35224634408950806,0.5152520537376404,0.232338547706604,0.3160276412963867,0.232338547706604,0.3160276412963867,0.3737953007221222,0.4557396471500397
1384,100,1.5468924055608606,1.4266506,0.04453941071053988,0.12051178028493421,0.08619086288197304,0.15079939365386963,0.6544479131698608,0.15079939365386963,0.6544479131698608,0.39555537700653076,0.9392977356910706,0.27535271644592285,0.35696637630462646,0.27535271644592285,0.35696637630462646,0.4249453544616699,0.5153892040252686
1385,100,0.0271485943929257,0.6967309,0.6962001437634943,0.03972020709432689,0.11496494298231164,0.961016833782196,0.42122286558151245,0.961016833782196,0.42122286558151245,0.8749744296073914,0.09552896022796631,0.42122286558151245,0.2833411395549774,0.42122286558151245,0.2833411395549774,0.31934285163879395,0.38034945726394653
1386,100,-0.3452974748204576,0.81056744,0.006520274988155217,0.7370172377253317,0.06543403026676686,1.0839283466339111,0.03547799587249756,1.0839283466339111,0.03547799587249756,0.9484750628471375,0.26158082485198975,0.43810468912124634,0.3711281716823578,0.43810468912124634,0.3711281716823578,0.2821384072303772,0.4665371775627136
1387,100,-0.2238359530784112,0.67380315,0.3578476436769019,0.00016513392585248976,0.46204339569479336,0.7339605689048767,0.1075977087020874,0.7339605689048767,0.1075977087020874,1.087376594543457,0.1075977087020874,0.2128162384033203,0.26158177852630615,0.2128162384033203,0.26158177852630615,0.20916229486465454,0.26434993743896484
1388,100,-0.6093662668683774,0.7161909,0.44245105584974603,0.3081200435706429,0.0032274581466347207,0.5357664227485657,0.08786636590957642,0.5357664227485657,0.08786636590957642,0.8583124279975891,0.08147507905960083,0.08786636590957642,0.2493671178817749,0.08786636590957642,0.2493671178817749,0.08467072248458862,0.25195977091789246
1389,100,-2.1925121917247905,0.27516258,0.4499870601183771,0.45195464700255616,0.33179033189192664,0.1389240026473999,0.10986095666885376,0.1389240026473999,0.10986095666885376,0.25122833251953125,0.10986095666885376,0.06275293231010437,0.0039939284324646,0.06275293231010437,0.0039939284324646,0.08630694448947906,0.021480485796928406
1390,100,-0.027090345041655,0.25264892,0.5083436388586393,0.3549383574795888,0.3476243172212157,0.2153758406639099,0.12664374709129333,0.2153758406639099,0.12664374709129333,0.2616930305957794,0.17060673236846924,0.12664374709129333,0.053042978048324585,0.12664374709129333,0.053042978048324585,0.1486252397298813,0.0740027129650116
1391,100,-0.3151998061726329,0.050259262,0.722425033162345,0.38618767548262856,0.2961154010441296,0.6022834777832031,0.22375449538230896,0.6022834777832031,0.22375449538230896,0.8016976118087769,0.3090801537036896,0.22375449538230896,0.012744545936584473,0.22375449538230896,0.012744545936584473,0.26641732454299927,0.03611021488904953
1392,100,-0.0326882480032919,-0.13401332,0.40692292777597383,0.9715130853905147,0.4339646562306638,1.0649993419647217,0.3728065490722656,1.0649993419647217,0.3728065490722656,1.4584882259368896,0.5321931838989258,0.3639746904373169,0.005502805113792419,0.3639746904373169,0.005502805113792419,0.4432251453399658,0.032774075865745544
1393,100,-2.195873987579826,0.09691915,0.46436658749977755,0.34786823928304966,0.5787758992991292,0.6587283611297607,0.2829333245754242,0.6587283611297607,0.2829333245754242,0.836094856262207,0.2829333245754242,0.19964298605918884,0.0034624263644218445,0.19964298605918884,0.0034624263644218445,0.23826633393764496,0.034837011247873306
1394,100,-1.301193697396124,0.25677368,0.39333876281259805,0.5188330220397804,0.3714596835505921,0.1561303436756134,0.08611032366752625,0.1561303436756134,0.08611032366752625,0.16626954078674316,0.08611032366752625,0.07789799571037292,0.0048063695430755615,0.07789799571037292,0.0048063695430755615,0.08200415968894958,0.00867760181427002
1395,100,-1.5240015071936486,-0.21406092,0.9032471388821648,0.3367891371781422,0.4066734169401818,0.987920880317688,0.37351831793785095,0.987920880317688,0.37351831793785095,1.1619657278060913,0.4603355824947357,0.37351831793785095,0.00444948673248291,0.37351831793785095,0.00444948673248291,0.41225504875183105,0.02628282457590103
1396,100,-2.458961528308688,-0.10218929,0.6173967988041464,0.7234587081903237,0.2718370862279562,0.7426131963729858,0.5134784579277039,0.7426131963729858,0.5134784579277039,1.462131142616272,0.5134784579277039,0.2359076291322708,0.002279818058013916,0.2359076291322708,0.002279818058013916,0.37469303607940674,0.08417673408985138
1397,100,-2.961415160056075,-0.009655476,0.6987234139718961,0.5714262225425122,0.5671353882428296,0.23110942542552948,0.18593011796474457,0.23110942542552948,0.18593011796474457,0.4355817437171936,0.37767040729522705,0.18593011796474457,0.11641737818717957,0.18593011796474457,0.11641737818717957,0.2818002700805664,0.22527563571929932
1398,100,-1.2281393545831238,-0.53593326,0.9621223687639147,0.6042031165839674,0.42428938811484884,0.4458826184272766,0.1552095115184784,0.4458826184272766,0.1552095115184784,0.808201789855957,0.36708706617355347,0.1552095115184784,0.03378486633300781,0.1552095115184784,0.03378486633300781,0.26114827394485474,0.07844121754169464
1399,100,-2.177768296491689,-0.21685949,0.7556356718424463,0.7133520541911066,0.5141608438028913,0.40837955474853516,0.11049526929855347,0.40837955474853516,0.11049526929855347,1.1114109754562378,0.3967364728450775,0.11049526929855347,0.04390287399291992,0.11049526929855347,0.04390287399291992,0.2536158561706543,0.14466817677021027
1400,100,-3.3429043014557727,-0.34478885,0.673007543007539,0.7995743488267231,0.4535960187956283,0.42841053009033203,0.4192768931388855,0.42841053009033203,0.4192768931388855,0.8223065137863159,0.4192768931388855,0.15640424191951752,0.05286833643913269,0.15640424191951752,0.05286833643913269,0.2878405749797821,0.14378562569618225
1401,100,-1.7165932667672412,-0.9213456,0.9318373659145585,0.6130465110091823,0.7549367653417218,0.3796861171722412,0.1609433889389038,0.3796861171722412,0.1609433889389038,1.4792134761810303,0.9860186576843262,0.1609433889389038,0.07998526096343994,0.1609433889389038,0.07998526096343994,0.35077041387557983,0.21847501397132874
1402,100,-2.0335496397559627,-0.42006788,0.8680646779508525,0.6743381264334691,0.39246253851045854,0.49739333987236023,0.048130810260772705,0.49739333987236023,0.048130810260772705,1.3154412508010864,0.32756507396698,0.048130810260772705,0.03851991891860962,0.048130810260772705,0.03851991891860962,0.18784794211387634,0.0962173342704773
1403,100,-2.510368471023137,-0.7111913,0.7119348877816882,0.7698630279320517,0.5226544801248207,0.4225102961063385,0.319268137216568,0.4225102961063385,0.319268137216568,0.8063459992408752,0.319268137216568,0.14153265953063965,0.08334124088287354,0.14153265953063965,0.08334124088287354,0.23040039837360382,0.15190204977989197
1404,100,-1.0083419458347405,-1.0159055,0.6628927757189038,0.7112617564237198,0.890674231298703,0.28703075647354126,0.6250146627426147,0.28703075647354126,0.6250146627426147,0.7556023597717285,0.6250146627426147,0.11093699932098389,0.01211237907409668,0.11093699932098389,0.01211237907409668,0.20187649130821228,0.06676465272903442
1405,100,-1.7607862122179212,-0.49728417,0.7373431800925445,0.5908607715849614,0.4431489559076085,0.19021224975585938,0.046518146991729736,0.19021224975585938,0.046518146991729736,0.44767487049102783,0.19328701496124268,0.046518146991729736,0.062435686588287354,0.046518146991729736,0.062435686588287354,0.1199025809764862,0.1146438717842102
1406,100,-3.73946439028192,-0.78432566,0.6335022209301795,0.9946688036706386,0.7688800580735571,0.6338096857070923,0.38895174860954285,0.6338096857070923,0.38895174860954285,2.114753007888794,1.0022426843643188,0.18501770496368408,0.11021143198013306,0.18501770496368408,0.11021143198013306,0.38943278789520264,0.19242364168167114
1407,100,-1.6495246735250757,-1.0971329,0.7306327300779907,0.6163707835811008,1.0133360693826503,0.6159660220146179,0.8893401622772217,0.6159660220146179,0.8893401622772217,1.5113590955734253,0.8893401622772217,0.22782456874847412,0.08266401290893555,0.22782456874847412,0.08266401290893555,0.36824700236320496,0.14195114374160767
1408,100,-2.778350734501661,-0.88715386,0.7120440150659109,0.6402760475259466,0.5176174603786665,0.5820624828338623,0.10040593147277832,0.5820624828338623,0.10040593147277832,1.2809741497039795,0.12947654724121094,0.10040593147277832,0.0733184814453125,0.10040593147277832,0.0733184814453125,0.11494123935699463,0.13922816514968872
1409,100,-1.9197973441392575,-1.3183428,0.7106438351865485,0.9182553155878973,0.5689649441858746,0.6015568375587463,0.3727061152458191,0.6015568375587463,0.3727061152458191,1.014369249343872,0.3727061152458191,0.22582101821899414,0.09935784339904785,0.22582101821899414,0.09935784339904785,0.2992635667324066,0.1489250659942627
1410,100,-0.5935174998080601,-1.5910959,0.8072321401761771,0.6705332472024299,0.876500456091465,0.43743765354156494,0.7704967856407166,0.43743765354156494,0.7704967856407166,1.363386631011963,0.7704967856407166,0.19102025032043457,0.08131992816925049,0.19102025032043457,0.08131992816925049,0.2856956720352173,0.1311207413673401
1411,100,-1.9188704283625275,-1.116508,0.6782576679236084,0.790155893242902,0.5665175278712691,0.2685965299606323,0.2782699465751648,0.2685965299606323,0.2782699465751648,0.614147424697876,0.2782699465751648,0.1478426456451416,0.09375429153442383,0.1478426456451416,0.09375429153442383,0.2130562961101532,0.13809001445770264
1412,100,0.0540547431102615,-1.5191854,0.6126401427672388,0.919498114011337,0.9660441672487049,1.1586356163024902,1.0615099668502808,1.1586356163024902,1.0615099668502808,2.772855281829834,1.0615099668502808,0.36612606048583984,0.048943161964416504,0.36612606048583984,0.048943161964416504,0.6085802316665649,0.19765663146972656
1413,100,0.5638812325847768,-1.2784737,0.7061344931651021,0.516875034486203,0.7924821068791998,0.45351701974868774,0.56143718957901,0.45351701974868774,0.56143718957901,1.4169628620147705,0.56143718957901,0.18166303634643555,0.05342757701873779,0.18166303634643555,0.05342757701873779,0.2933611273765564,0.12005436420440674
1414,100,0.0843324885948597,-1.7319554,0.3741655018423846,1.1628822743943874,0.8384824460980409,1.384783387184143,0.3429194688796997,1.384783387184143,0.3429194688796997,2.5608270168304443,0.6064187288284302,0.3507688045501709,0.0034623146057128906,0.3507688045501709,0.0034623146057128906,0.4847957491874695,0.06875032186508179
1415,100,-3.180166503769934,-1.3123921,0.20971244295796598,0.4013704499581834,1.214909283450686,2.1346287727355957,0.46369338035583496,2.1346287727355957,0.46369338035583496,2.3726937770843506,0.46369338035583496,0.6768289804458618,0.10134077072143555,0.6768289804458618,0.10134077072143555,0.6643372178077698,0.1068732738494873
1416,100,-1.3229617306847,-0.66576385,0.32229052770793243,0.24914504789916903,0.7460173305725724,0.4716232120990753,0.3628488779067993,0.4716232120990753,0.3628488779067993,0.6668967604637146,0.3628488779067993,0.04648411273956299,0.30687808990478516,0.04648411273956299,0.30687808990478516,0.061052560806274414,0.31815749406814575
1417,100,-2.0796497473847166,-0.76913023,1.0344587697093839,0.3096472132003697,0.19197365279946332,2.0076684951782227,0.5662700533866882,2.0076684951782227,0.5662700533866882,2.174995183944702,0.5267347097396851,0.5662700533866882,0.06847119331359863,0.5662700533866882,0.06847119331359863,0.5465023517608643,0.07306087017059326
1418,100,-3.0909693188194045,-1.3458349,0.6035888991750701,0.9646975886575956,0.27165418177766276,1.5405066013336182,0.648067057132721,1.5405066013336182,0.648067057132721,2.7589244842529297,0.648067057132721,0.32822883129119873,0.009842276573181152,0.32822883129119873,0.009842276573181152,0.48814794421195984,0.05678248405456543
1419,100,-2.3454052844755693,-2.1160219,0.6310317925468756,0.6620700700125333,1.0948239952530647,0.8489540815353394,0.9537471532821655,0.8489540815353394,0.9537471532821655,1.408267617225647,0.9537471532821655,0.32631683349609375,0.013441324234008789,0.32631683349609375,0.013441324234008789,0.4534359574317932,0.08580785989761353
1420,100,-2.4981483424387716,-1.9369819,0.7432272648790859,0.8000217977130331,0.6412238091409614,0.3070944547653198,0.4313669204711914,0.3070944547653198,0.4313669204711914,1.4735748767852783,0.4313669204711914,0.18141448497772217,0.14838790893554688,0.18141448497772217,0.14838790893554688,0.3063907027244568,0.2500953674316406
1421,100,-2.530619314335652,-2.256692,0.6580919008894064,0.9180966661186871,0.7699854795427359,0.37570762634277344,0.3915485143661499,0.37570762634277344,0.3915485143661499,0.9834181070327759,1.1333383321762085,0.20814752578735352,0.08568239212036133,0.20814752578735352,0.08568239212036133,0.40682631731033325,0.2189372181892395
1422,100,-2.5153562625566876,-2.3320906,0.540532744601625,0.7485824701123427,1.1279696988716363,0.45549750328063965,1.278287649154663,0.45549750328063965,1.278287649154663,1.1127817630767822,1.278287649154663,0.2975590229034424,0.06716632843017578,0.2975590229034424,0.06716632843017578,0.5120142102241516,0.16152989864349365
1423,100,-1.6706631900050404,-2.3860927,0.6972016254087905,0.8462134870953377,0.8770054109599372,0.26194334030151367,1.454174280166626,0.26194334030151367,1.454174280166626,0.7985059022903442,1.454174280166626,0.26194334030151367,0.11342954635620117,0.26194334030151367,0.11342954635620117,0.5031359791755676,0.2850646376609802
1424,100,-0.9491799440324415,-2.4335663,0.6668714409329226,0.892260192480591,1.03281388427947,0.30483007431030273,1.8228495121002197,0.30483007431030273,1.8228495121002197,0.9876749515533447,1.8228495121002197,0.30483007431030273,0.11713361740112305,0.30483007431030273,0.11713361740112305,0.6386666893959045,0.30723005533218384
1425,100,-3.4260206107285396,-2.3077445,0.3918803595646556,0.8146911258729257,1.1578379643511318,0.4519925117492676,1.1257562637329102,0.4519925117492676,1.1257562637329102,2.1485188007354736,1.1257562637329102,0.24466991424560547,0.07028913497924805,0.24466991424560547,0.07028913497924805,0.4800826907157898,0.15286099910736084
1426,100,0.0871827700117127,-2.308026,0.38378878990092247,0.7445120678580914,1.13603119943867,1.0082851648330688,1.192183017730713,1.0082851648330688,1.192183017730713,2.8545498847961426,1.192183017730713,0.3290364742279053,0.04901409149169922,0.3290364742279053,0.04901409149169922,0.5905484557151794,0.1380293369293213
1427,100,-1.8537601574248737,-2.109049,0.8601631220698972,0.4721355242366645,0.7987513475734547,1.1602853536605835,0.26253974437713623,1.1602853536605835,0.26253974437713623,2.6907315254211426,1.3595738410949707,0.26253974437713623,0.10919344425201416,0.26253974437713623,0.10919344425201416,0.5493756532669067,0.296093225479126
1428,100,-2.3001201793457575,-1.9718323,0.1785619201016999,1.216404875734008,0.635135011856294,2.904372215270996,0.6331489086151123,2.904372215270996,0.6331489086151123,3.6361916065216064,1.3294367790222168,0.6591489315032959,0.01091766357421875,0.6591489315032959,0.01091766357421875,1.0157184600830078,0.10921084880828857
1429,100,-1.1606033429120366,-2.23183,0.6191196050686931,0.18945047528166126,1.3335013324298814,2.5492069721221924,1.4485942125320435,2.5492069721221924,1.4485942125320435,4.05429744720459,1.4485942125320435,0.7459584474563599,0.010246753692626953,0.7459584474563599,0.010246753692626953,1.13504958152771,0.03030228614807129
1430,100,-1.592197334183982,-1.8476645,0.6932842202894263,0.8177916160128577,0.2765565332396538,1.2873603105545044,0.9565876126289368,1.2873603105545044,0.9565876126289368,3.349802255630493,0.9565876126289368,0.3310587406158447,0.015735507011413574,0.3310587406158447,0.015735507011413574,0.6438231468200684,0.10245275497436523
1431,100,-2.8688406188459856,-2.2541103,0.3671586345881226,0.8172379079630081,1.0016186616585117,0.6012716293334961,1.7650891542434692,0.6012716293334961,1.7650891542434692,2.895418882369995,1.7650891542434692,0.3329540491104126,0.08440494537353516,0.3329540491104126,0.08440494537353516,0.7682637572288513,0.259548544883728
1432,100,-2.125119083453903,-2.1826217,0.44393512683430925,0.550073561671468,0.9921681737316024,0.7716165781021118,1.0494318008422852,0.7716165781021118,1.0494318008422852,1.5417711734771729,1.0494318008422852,0.2814784049987793,0.07874178886413574,0.2814784049987793,0.07874178886413574,0.4421992897987366,0.14713746309280396
1433,100,-1.797914144218651,-2.1258497,0.6876852314381561,0.60363211191845,0.6485569226392307,0.6373852491378784,0.2253410816192627,0.6373852491378784,0.2253410816192627,1.2234288454055786,1.3031641244888306,0.2253410816192627,0.15917456150054932,0.2253410816192627,0.15917456150054932,0.39152079820632935,0.32790040969848633
1434,100,-2.6954943439386088,-2.0146396,0.5335443321090589,0.8135149307369773,0.636833042149589,0.7827434539794922,0.7659636735916138,0.7827434539794922,0.7659636735916138,1.7804882526397705,1.9268016815185547,0.3408015966415405,0.19822943210601807,0.3408015966415405,0.19822943210601807,0.692071259021759,0.4050869941711426
1435,100,-1.432545209073405,-2.404158,0.4384477072078541,0.6738652810838416,0.984181876726372,0.6712384223937988,1.5229460000991821,0.6712384223937988,1.5229460000991821,2.1596109867095947,1.5229460000991821,0.318526029586792,0.04448556900024414,0.318526029586792,0.04448556900024414,0.5833606123924255,0.15366673469543457
1436,100,-1.769861211090371,-1.9574878,0.5467460721817599,0.5423155575942671,0.7053020968457164,0.384382963180542,1.5841374397277832,0.384382963180542,1.5841374397277832,1.206681728363037,1.5841374397277832,0.30380356311798096,0.19890081882476807,0.30380356311798096,0.19890081882476807,0.48704051971435547,0.33461451530456543
1437,100,-4.073068571475481,-2.2478921,0.3680163571391819,0.7919384133970024,0.768800359890601,0.6818346977233887,0.4582712650299072,0.6818346977233887,0.4582712650299072,2.546491861343384,1.7479686737060547,0.2718251943588257,0.08514618873596191,0.2718251943588257,0.08514618873596191,0.6904594898223877,0.29214584827423096
1438,100,-4.1348214770206155,-1.9938852,0.39008844062634784,0.4465798687484256,0.9224620820423169,1.1430175304412842,1.6590135097503662,1.1430175304412842,1.6590135097503662,2.096771240234375,1.6590135097503662,0.46897125244140625,0.11514401435852051,0.46897125244140625,0.11514401435852051,0.7201729416847229,0.22892266511917114
1439,100,-3.585568578886686,-2.1506572,0.6820299622196306,0.5313735268113948,0.5816559714626817,1.1381604671478271,0.18539464473724365,1.1381604671478271,0.18539464473724365,2.0494258403778076,1.9589872360229492,0.18539464473724365,0.20256197452545166,0.18539464473724365,0.20256197452545166,0.45859265327453613,0.4222005605697632
1440,100,-4.221703822404105,-2.5144823,0.7627932076883279,0.8275982498021672,0.502197880617941,1.2940846681594849,1.4084376096725464,1.2940846681594849,1.4084376096725464,3.744795560836792,1.4084376096725464,0.4373636245727539,0.27831578254699707,0.4373636245727539,0.27831578254699707,0.9229006171226501,0.6165137887001038
1441,100,-4.473888522253486,-2.5730808,0.6325250323157741,0.7326665710549017,0.8016521826968935,0.46311259269714355,3.094161033630371,0.46311259269714355,3.094161033630371,2.107104778289795,3.094161033630371,0.3540000915527344,0.30422067642211914,0.3540000915527344,0.30422067642211914,0.895698606967926,0.5540122389793396
1442,100,-2.4257172807603347,-3.0265498,0.7066459147950883,0.6945032443774424,0.8444949266279941,0.7510263919830322,3.4888858795166016,0.7510263919830322,3.4888858795166016,2.1837573051452637,3.4888858795166016,0.5701894760131836,0.31012940406799316,0.5701894760131836,0.31012940406799316,1.0515135526657104,0.7291004061698914
1443,100,-5.148736125683357,-2.7899525,0.5068666781858893,0.6317756715713907,0.7834754844813818,0.35903406143188477,2.905674695968628,0.35903406143188477,2.905674695968628,1.69926917552948,2.905674695968628,0.35903406143188477,0.16800856590270996,0.35903406143188477,0.16800856590270996,0.8632614612579346,0.31968653202056885
1444,100,-2.6840145243161264,-2.7927954,0.3960768271276023,0.7690567897306275,0.9576414581196208,1.1987652778625488,3.3518447875976562,1.1987652778625488,3.3518447875976562,3.543360710144043,3.3518447875976562,0.5981760025024414,0.2443225383758545,0.5981760025024414,0.2443225383758545,1.4813101291656494,0.5152579545974731
1445,100,-2.862094617127394,-2.9375558,0.6045620521079251,0.43084226177102813,0.8948754891513164,1.1943787336349487,2.9539477825164795,1.1943787336349487,2.9539477825164795,3.5695483684539795,2.9539477825164795,0.46820974349975586,0.12540888786315918,0.46820974349975586,0.12540888786315918,0.870957612991333,0.32877862453460693
1446,100,-4.379374365805347,-2.731169,0.3969628575075532,0.8434889453664884,0.6064727146984993,1.5366747379302979,0.9903616905212402,1.5366747379302979,0.9903616905212402,2.8522610664367676,3.01417875289917,0.48495006561279297,0.2467505931854248,0.48495006561279297,0.2467505931854248,1.1660282611846924,0.5069524049758911
1447,100,-3.182724371722606,-2.8047237,0.4545795065174807,0.4844673724966666,0.8020621065075968,1.3410141468048096,2.9843435287475586,1.3410141468048096,2.9843435287475586,2.4748570919036865,2.9843435287475586,0.6357457637786865,0.22450947761535645,0.6357457637786865,0.22450947761535645,1.1896226406097412,0.43417441844940186
1448,100,-1.2768348291670026,-2.8798041,0.5217903397234851,0.49058642310068,0.5727086631241942,0.43900346755981445,2.8537659645080566,0.43900346755981445,2.8537659645080566,1.9062902927398682,2.8537659645080566,0.43900346755981445,0.2778205871582031,0.43900346755981445,0.2778205871582031,0.7956353425979614,0.5890953540802002
1449,100,-2.6928255438486133,-2.7793043,0.5179236708432953,0.8127259240834568,0.5911466522827182,1.2468512058258057,1.676194429397583,1.2468512058258057,1.676194429397583,2.8141965866088867,3.426572799682617,0.5656301975250244,0.40543174743652344,0.5656301975250244,0.40543174743652344,1.386488437652588,0.8216774463653564
1450,100,-3.888754632474191,-2.588239,0.17327026567098613,0.6343797123974954,0.9029502203220761,1.9665069580078125,3.2330713272094727,1.9665069580078125,3.2330713272094727,3.803872585296631,3.2330713272094727,0.9169610738754272,0.23139023780822754,0.9169610738754272,0.23139023780822754,1.8323392868041992,0.5620163083076477
1451,100,-2.8120232189486245,-2.4586713,0.4775678845205664,0.25278165159407795,0.7798384016194088,1.9030673503875732,2.831686019897461,1.9030673503875732,2.831686019897461,3.3762943744659424,2.831686019897461,0.9402575492858887,0.23122262954711914,0.9402575492858887,0.23122262954711914,1.4851009845733643,0.5618183612823486
1452,100,-2.51993266669106,-2.3767169,0.6217958955702296,0.5452903163238492,0.28944823876842585,1.6830508708953857,0.6602144241333008,1.6830508708953857,0.6602144241333008,3.179551124572754,1.7756004333496094,0.6602144241333008,0.2997303009033203,0.6602144241333008,0.2997303009033203,1.217907428741455,0.7792311906814575
1453,100,-2.736381044097726,-2.4594893,0.4043652149768626,0.6222345862678447,0.4751839586165556,1.0397850275039673,1.4024951457977295,1.0397850275039673,1.4024951457977295,2.248363733291626,2.8064169883728027,0.5987015962600708,0.4089937210083008,0.5987015962600708,0.4089937210083008,1.2001248598098755,0.8026230931282043
1454,100,-3.5372309023084467,-2.8689668,0.2909043256667072,0.38808334293643987,0.6647783535247813,1.0692641735076904,2.8261544704437256,1.0692641735076904,2.8261544704437256,2.489323377609253,2.8261544704437256,0.5914368629455566,0.21286392211914062,0.5914368629455566,0.21286392211914062,1.2142730951309204,0.39738786220550537
1455,100,-2.637006603361107,-2.788149,0.38233917070827916,0.39121535230952864,0.5275561853577593,0.6750228404998779,2.762826919555664,0.6750228404998779,2.762826919555664,1.8425447940826416,2.762826919555664,0.55806565284729,0.4140310287475586,0.55806565284729,0.4140310287475586,1.1057894229888916,0.7072054147720337
1456,100,-2.6665680480630796,-2.6774373,0.5056989327444346,0.42959493414668437,0.43982038906810683,0.861829400062561,0.5246706008911133,0.861829400062561,0.5246706008911133,1.8947498798370361,2.726433038711548,0.5246706008911133,0.42362213134765625,0.5246706008911133,0.42362213134765625,0.9597600102424622,0.9292661547660828
1457,100,-1.9176441029759304,-2.577679,0.3822935789413884,0.5629114179625543,0.45979957326068877,1.1462403535842896,1.5394779443740845,1.1462403535842896,1.5394779443740845,2.3765652179718018,2.9548819065093994,0.6722589731216431,0.38927197456359863,0.6722589731216431,0.38927197456359863,1.3027796745300293,0.9044983983039856
1458,100,-2.2463625249286205,-2.8156304,0.34771542589074544,0.375138323562047,0.5553671209928916,0.7927227020263672,2.97527813911438,0.7927227020263672,2.97527813911438,2.231316089630127,2.97527813911438,0.4690389633178711,0.2986171245574951,0.4690389633178711,0.2986171245574951,1.044334888458252,0.5136635303497314
1459,100,-1.715497004876831,-2.821063,0.1820943115400694,0.35232576315652847,0.46838837280818285,0.7524278163909912,2.2365148067474365,0.7524278163909912,2.2365148067474365,2.3711161613464355,2.2365148067474365,0.4686765670776367,0.14585161209106445,0.4686765670776367,0.14585161209106445,0.9644721150398254,0.31627321243286133
1460,100,-1.517648452202506,-2.776924,0.269625149619257,0.2806284889655627,0.47309077601188537,0.8662258386611938,2.252251625061035,0.8662258386611938,2.252251625061035,1.8711466789245605,2.252251625061035,0.5279586315155029,0.29988837242126465,0.5279586315155029,0.29988837242126465,0.9116290807723999,0.49178123474121094
1461,100,-2.8002680605495582,-2.2612543,0.16030700015755417,0.3211146548031944,0.2460180730190885,0.8928999900817871,1.2523616552352905,0.8928999900817871,1.2523616552352905,1.8370928764343262,2.129141092300415,0.6295440196990967,0.37943577766418457,0.6295440196990967,0.37943577766418457,1.086000680923462,0.7616301774978638
1462,100,-1.1864885623673866,-2.034385,0.12635772575422677,0.20240040334690473,0.3548548519611361,0.9927346706390381,1.7939833402633667,0.9927346706390381,1.7939833402633667,1.7566144466400146,1.7939833402633667,0.6487730741500854,0.2507706880569458,0.6487730741500854,0.2507706880569458,0.9742978811264038,0.4769245386123657
1463,100,-0.6835858837545362,-2.4986618,0.31360633381325564,0.20626638431255684,0.3052011087402393,0.7347688674926758,0.35415172576904297,0.7347688674926758,0.35415172576904297,1.9169340133666992,2.1483075618743896,0.35415172576904297,0.27939367294311523,0.35415172576904297,0.27939367294311523,0.748932421207428,0.6771236062049866
1464,100,-1.1468229654830266,-2.316855,0.09032935206218262,0.34755330930921646,0.16629494456542293,1.287964105606079,0.898072361946106,1.287964105606079,0.898072361946106,2.079946279525757,1.743887186050415,0.5213476419448853,0.19841790199279785,0.5213476419448853,0.19841790199279785,0.8852755427360535,0.41407835483551025
1465,100,0.3228030606052561,-1.9029675,0.05483747957293561,0.08634423871630276,0.4345537259713892,1.8826848268508911,1.7800372838974,1.8826848268508911,1.7800372838974,2.410989761352539,1.7800372838974,0.9405755400657654,0.16109180450439453,0.9405755400657654,0.16109180450439453,1.232470154762268,0.3399423360824585
1466,100,-0.6474609923221666,-2.0232515,0.07572151814616242,0.018085598580769358,0.13765837536337452,0.8342466354370117,1.352771282196045,0.8342466354370117,1.352771282196045,1.5003811120986938,1.352771282196045,0.5257663726806641,0.21199452877044678,0.5257663726806641,0.21199452877044678,0.7205619812011719,0.37094682455062866
1467,100,-0.9746158047751792,-1.5320756,0.30844657717087043,0.07504891340470399,0.06797928534627343,0.11054015159606934,0.11054015159606934,0.11054015159606934,0.11054015159606934,1.271247386932373,0.41896843910217285,0.11054015159606934,0.37553656101226807,0.11054015159606934,0.37553656101226807,0.2647542953491211,0.686009407043457
1468,100,0.3049609437061257,-1.9871188,0.005684882908086469,0.15741053687030918,0.14917934347340928,0.07981312274932861,0.02947986125946045,0.07981312274932861,0.02947986125946045,1.330763816833496,0.6008756160736084,0.07981312274932861,0.12133800983428955,0.07981312274932861,0.12133800983428955,0.2527555227279663,0.44296735525131226
1469,100,-0.556440566460269,-1.0549747,0.05295209892580599,0.14914931799205122,0.49611062802937633,0.16036033630371094,0.4969194531440735,0.16036033630371094,0.4969194531440735,0.5742554664611816,0.4969194531440735,0.16036033630371094,0.3489763140678406,0.16036033630371094,0.3489763140678406,0.1485392153263092,0.5089094638824463
1470,100,-2.6994818261585047,-1.5425736,0.2901084622387419,0.016897368100808108,0.10847236653885889,0.10049653053283691,0.10049653053283691,0.10049653053283691,0.10049653053283691,0.8707002997398376,0.8260415196418762,0.10049653053283691,0.48784613609313965,0.10049653053283691,0.48784613609313965,0.1930796504020691,0.7213107347488403
1471,100,-2.238359980555765,-0.8371537,0.2057654104640394,0.40575810734349005,0.08860106425699088,0.10181140899658203,0.07580840587615967,0.10181140899658203,0.07580840587615967,0.34919166564941406,0.07580840587615967,0.10181140899658203,0.286234974861145,0.10181140899658203,0.286234974861145,0.08880990743637085,0.3690088093280792
1472,100,0.2481594012666004,-1.4937712,0.24396801980602806,0.13288915546489316,0.38856282305369305,0.1110849380493164,0.7785428762435913,0.1110849380493164,0.7785428762435913,1.4212965965270996,0.7785428762435913,0.1110849380493164,0.18613862991333008,0.1110849380493164,0.18613862991333008,0.3208636939525604,0.5578571557998657
1473,100,-2.424907564403221,-2.1563258,0.1314640240263693,0.22097470342498488,0.08560948980223271,1.2224262952804565,1.0051453113555908,1.2224262952804565,1.0051453113555908,2.204169273376465,1.0051453113555908,0.4843478202819824,0.11115288734436035,0.4843478202819824,0.11115288734436035,0.7447465658187866,0.29578137397766113
1474,100,-3.141158978122297,-1.5027456,0.3270927492618766,0.15475118669754834,0.23226234392355843,0.057395219802856445,0.057395219802856445,0.057395219802856445,0.057395219802856445,1.182854413986206,1.1153408288955688,0.057395219802856445,0.4772237539291382,0.057395219802856445,0.4772237539291382,0.28555652499198914,0.8315392732620239
1475,100,-1.52418209272004,-2.3014054,0.1486221972558509,0.19968303579747482,0.2188133047157549,1.4372611045837402,1.2030223608016968,1.4372611045837402,1.2030223608016968,1.359656572341919,1.2030223608016968,0.6676516532897949,0.3788907527923584,0.6676516532897949,0.3788907527923584,0.6274831295013428,0.3504955768585205
1476,100,-0.6596014735083249,-1.9351946,0.21947214714030622,0.15129598852285414,0.2563855173354296,0.03816688060760498,1.066467523574829,0.03816688060760498,1.066467523574829,1.3056153059005737,1.066467523574829,0.03816688060760498,0.44743597507476807,0.03816688060760498,0.44743597507476807,0.25055867433547974,0.7910962700843811
1477,100,-1.2122336035961991,-2.0350885,0.012144225825558408,0.19809377311226428,0.12013615585889137,0.8055527210235596,0.7739479541778564,0.8055527210235596,0.7739479541778564,1.42530357837677,1.2637742757797241,0.44438791275024414,0.27948451042175293,0.44438791275024414,0.27948451042175293,0.6789005994796753,0.45708179473876953
1478,100,-1.2910976383016286,-2.078946,0.1062812728365671,0.026152317671431863,0.18453386886832607,0.9913409948348999,0.9493039846420288,0.9913409948348999,0.9493039846420288,1.1553813219070435,0.9493039846420288,0.43042445182800293,0.1582397222518921,0.43042445182800293,0.1582397222518921,0.4953417181968689,0.21039718389511108
1479,100,-1.1107215271652993,-1.9213467,0.03864040591872467,0.08661228223764587,0.02134897239839112,0.11134922504425049,0.32434308528900146,0.11134922504425049,0.32434308528900146,0.4362938404083252,0.32434308528900146,0.11134922504425049,0.3110172748565674,0.11134922504425049,0.3110172748565674,0.21784615516662598,0.4296673536300659
1480,100,-1.03516024158886,-1.651671,0.03985954140060137,0.0368506095253725,0.14098186355685885,0.14708209037780762,0.7020995616912842,0.14708209037780762,0.7020995616912842,0.5539214611053467,0.7020995616912842,0.14708209037780762,0.252984881401062,0.14708209037780762,0.252984881401062,0.27569204568862915,0.3862264156341553
1481,100,-0.6128826560032747,-2.2011914,0.04405953834966263,0.0049559934852051735,0.020637499917413628,0.17134714126586914,0.17134714126586914,0.17134714126586914,0.17134714126586914,0.5074516534805298,0.8444924354553223,0.17134714126586914,0.24478542804718018,0.17134714126586914,0.24478542804718018,0.32435476779937744,0.41284090280532837
1482,100,-1.1757668176484553,-1.4438285,0.11904951530633487,0.0755745135631762,0.049522141820376675,0.2251056432723999,0.2251056432723999,0.2251056432723999,0.2251056432723999,0.4515538215637207,0.43635737895965576,0.2251056432723999,0.21834278106689453,0.2251056432723999,0.21834278106689453,0.33073151111602783,0.3269089460372925
1483,100,-0.2234957113166585,-1.679985,0.13138861426782716,0.057239457913690756,0.052681941756677925,0.10224545001983643,0.10224545001983643,0.10224545001983643,0.10224545001983643,0.4031412601470947,0.30105865001678467,0.10224545001983643,0.2193295955657959,0.10224545001983643,0.2193295955657959,0.20165205001831055,0.3337167501449585
1484,100,-0.5104554374005726,-1.9428737,0.05641712642617272,0.09354942586413778,0.052158279312435246,0.09257113933563232,0.28090929985046387,0.09257113933563232,0.28090929985046387,0.39042413234710693,0.28090929985046387,0.09257113933563232,0.19143617153167725,0.09257113933563232,0.19143617153167725,0.1867402195930481,0.2920529842376709
1485,100,-0.4092700500440698,-1.2052171,0.24953318748277467,0.08752538862916626,0.18814381373297318,0.049710988998413086,0.049710988998413086,0.049710988998413086,0.049710988998413086,0.25502872467041016,0.43668675422668457,0.049710988998413086,0.26321566104888916,0.049710988998413086,0.26321566104888916,0.11393970251083374,0.3253519535064697
1486,100,-0.7142242338284708,-1.3618938,0.18860075871149712,0.1997128157681206,0.06058816483749957,0.04261159896850586,0.1508570909500122,0.04261159896850586,0.1508570909500122,0.21599102020263672,0.1508570909500122,0.04261159896850586,0.20266664028167725,0.04261159896850586,0.20266664028167725,0.09673434495925903,0.2590876817703247
1487,100,0.481530344009359,-1.1438534,0.2104505249315111,0.18447899490697262,0.24476712368607934,0.04987215995788574,0.2583049535751343,0.04987215995788574,0.2583049535751343,0.18458271026611328,0.2583049535751343,0.04987215995788574,0.11672341823577881,0.04987215995788574,0.11672341823577881,0.09574276208877563,0.1625887155532837
1488,100,0.872447934280231,-1.7137243,0.1648470691798892,0.1619349970031027,0.1533268683964446,0.24878060817718506,0.16788733005523682,0.24878060817718506,0.16788733005523682,0.3555852174758911,0.2706327438354492,0.16788733005523682,0.11989343166351318,0.16788733005523682,0.11989343166351318,0.21926003694534302,0.17201781272888184
1489,100,1.3011583727990903,-0.752881,0.5150786964958882,0.18760453497421337,0.2202802765410382,0.12484550476074219,0.12484550476074219,0.12484550476074219,0.12484550476074219,0.09642398357391357,0.10635310411453247,0.12484550476074219,0.15493488311767578,0.12484550476074219,0.15493488311767578,0.08707758784294128,0.19006073474884033
1490,100,0.7586513021045567,-0.70111954,0.5760063097341774,0.41335778091986153,0.1710467805567476,0.22144299745559692,0.22144299745559692,0.22144299745559692,0.22144299745559692,0.24369269609451294,0.33877503871917725,0.22144299745559692,0.16698729991912842,0.22144299745559692,0.16698729991912842,0.2801090180873871,0.10861808061599731
1491,100,1.4097734254500338,-0.17953236,0.6880366992960676,0.5720927641819848,0.4513926875755139,0.20467792451381683,0.20467792451381683,0.20467792451381683,0.20467792451381683,0.283785343170166,0.37821465730667114,0.20467792451381683,0.05613119900226593,0.20467792451381683,0.05613119900226593,0.2914462983608246,0.12770625948905945
1492,100,1.340998761565603,-0.43927968,0.4922597231631429,0.4979394482275872,0.32609041787914417,0.17187047004699707,0.3195384740829468,0.17187047004699707,0.3195384740829468,0.21129751205444336,0.3195384740829468,0.17187047004699707,0.08314633369445801,0.17187047004699707,0.08314633369445801,0.24570447206497192,0.14987513422966003
1493,100,0.4535874718974024,-0.16377981,0.768199830952891,0.4058115079589317,0.36468411722185246,0.23833422362804413,0.23833422362804413,0.23833422362804413,0.23833422362804413,0.25351232290267944,0.3588239550590515,0.23833422362804413,0.09248141944408417,0.23833422362804413,0.09248141944408417,0.2985790967941284,0.1432659924030304
1494,100,1.25408518984403,0.24314265,0.631019303271118,0.6875258725763799,0.4934050376683836,0.17147919535636902,0.43437904119491577,0.17147919535636902,0.43437904119491577,0.4180314242839813,0.43437904119491577,0.17147919535636902,0.07554064691066742,0.17147919535636902,0.07554064691066742,0.3029291033744812,0.18096843361854553
1495,100,0.3958578804176828,0.019834258,0.47840083978711734,0.6759419510032203,0.5891089179645903,0.25412964820861816,0.3973177969455719,0.25412964820861816,0.3973177969455719,0.5768741369247437,0.7394248247146606,0.2710772454738617,0.10030142217874527,0.2710772454738617,0.10030142217874527,0.43466079235076904,0.22072693705558777
1496,100,0.0746495383823262,-0.01404129,0.6509043980402633,0.42116844693768485,0.46590024510660943,0.18615899980068207,0.20320869982242584,0.18615899980068207,0.20320869982242584,0.33029109239578247,0.4410701394081116,0.20320869982242584,0.05175280570983887,0.20320869982242584,0.05175280570983887,0.27646929025650024,0.11533135175704956
1497,100,1.7755425412716344,-0.21057242,0.46281377128821455,0.6012639690869044,0.3534054293255626,0.18410423398017883,0.2751721739768982,0.18410423398017883,0.2751721739768982,0.08734354376792908,0.2751721739768982,0.18410423398017883,0.04400956630706787,0.18410423398017883,0.04400956630706787,0.2296382039785385,0.08327597379684448
1498,100,0.6466422143000244,-0.04745309,0.42295618558821,0.51149524836657,0.7477864460232329,0.21954287588596344,0.34906256198883057,0.21954287588596344,0.34906256198883057,0.11589515209197998,0.34906256198883057,0.21954287588596344,0.014538049697875977,0.21954287588596344,0.014538049697875977,0.273729145526886,0.05012454092502594
1499,100,-1.430683932322474,0.062869325,0.8956071082822648,0.42284277313200036,0.5332456667526686,0.3771737217903137,0.3771737217903137,0.3771737217903137,0.3771737217903137,0.17620384693145752,0.5190088748931885,0.3771737217903137,0.012181013822555542,0.3771737217903137,0.012181013822555542,0.4352867603302002,0.04635046422481537
