end_index,y_true,y_hat,shap_lag_t-1,shap_lag_t-2,shap_lag_t-3,faithfulness_prtb_p90,faithfulness_sqnc_p90,faithfulness_prtb_p70,faithfulness_sqnc_p70,faithfulness_prtb_p50,faithfulness_sqnc_p50,ablation_mif_p90,ablation_lif_p90,ablation_mif_p70,ablation_lif_p70,ablation_mif_p50,ablation_lif_p50
3,-0.47115832567214966,-0.14245155453681946,0.13546536373595397,0.2558781417335073,0.31032235578944284,0.6209844350814819,0.015211164951324463,0.6209844350814819,0.015211164951324463,0.442013680934906,0.015211164951324463,0.2286757528781891,0.019663333892822266,0.2286757528781891,0.019663333892822266,0.13060247898101807,0.11748731136322021
4,1.4403492212295532,0.061165936291217804,0.0014315301304062555,0.19985764303555092,0.08334945244093733,0.10295091569423676,0.05794145166873932,0.10295091569423676,0.05794145166873932,0.24845463037490845,0.21882864832878113,0.15062259137630463,0.08997083455324173,0.15062259137630463,0.08997083455324173,0.22458386421203613,0.07831744849681854
5,0.166770339012146,0.002340368926525116,0.3080995198898018,0.18522854566574098,0.10294205421581865,0.2505646049976349,0.2505646049976349,0.2505646049976349,0.2505646049976349,0.9239735007286072,0.03878609836101532,0.2505646049976349,0.15944352746009827,0.2505646049976349,0.15944352746009827,0.1446753442287445,0.0998329296708107
6,-0.22156110405921936,0.3387492001056671,0.10615342690298951,0.7103408109831314,0.2542724229705831,0.6336890459060669,0.6509559154510498,0.6336890459060669,0.6509559154510498,0.19318631291389465,0.49641183018684387,0.6336890459060669,0.007449209690093994,0.6336890459060669,0.007449209690093994,0.55269855260849,0.09746156632900238
7,1.3847867250442505,0.3890407383441925,0.03690871186554423,0.0959664523229003,0.479638218767941,0.5041711330413818,0.5467033982276917,0.5041711330413818,0.5467033982276917,0.0247076153755188,0.5467033982276917,0.5041711330413818,0.0397416353225708,0.5041711330413818,0.0397416353225708,0.543151319026947,0.031533777713775635
8,0.30311107635498047,0.020351313054561615,0.2890021906606852,0.07444166908040635,0.029263465888798246,0.21890199184417725,0.21890199184417725,0.21890199184417725,0.21890199184417725,0.6632659435272217,0.11774612963199615,0.21890199184417725,0.07996965944766998,0.21890199184417725,0.07996965944766998,0.1683240532875061,0.046895209699869156
9,0.4689970016479492,0.4311428368091583,0.12146354790156078,0.6807726842475432,0.14762072092543022,0.6272017359733582,0.6648738384246826,0.6272017359733582,0.6648738384246826,0.03572118282318115,0.5888055562973022,0.6272017359733582,0.023948073387145996,0.6272017359733582,0.023948073387145996,0.5860379934310913,0.04530760645866394
10,-0.08884045481681824,0.544248104095459,0.14345996592814725,0.13836409349615386,0.4858967190856734,0.5004019141197205,0.7019107937812805,0.5004019141197205,0.7019107937812805,0.44505220651626587,0.7019107937812805,0.5004019141197205,0.11638179421424866,0.5004019141197205,0.11638179421424866,0.531424880027771,0.15656906366348267
11,1.1633813381195068,0.15149137377738953,0.07177262581884863,0.2566613195464015,0.04653007302433254,0.2140924632549286,0.19828614592552185,0.2140924632549286,0.19828614592552185,0.10642068833112717,0.19828614592552185,0.2140924632549286,0.10577443987131119,0.2140924632549286,0.10577443987131119,0.20618930459022522,0.0995270311832428
12,1.2907687425613403,0.1785825937986374,0.2591668298343817,0.018674304553618015,0.1615626684265832,0.2020861655473709,0.2020861655473709,0.2020861655473709,0.2020861655473709,0.11553195863962173,0.33624520897865295,0.2020861655473709,0.03747019171714783,0.2020861655473709,0.03747019171714783,0.2896572947502136,0.10700279474258423
13,0.2144714593887329,0.47762635350227356,0.232175382580608,0.5405853302404285,0.0716617147065699,0.44563615322113037,0.6664161682128906,0.44563615322113037,0.6664161682128906,0.6076096296310425,0.6664161682128906,0.49925991892814636,0.048706769943237305,0.49925991892814636,0.048706769943237305,0.5828380584716797,0.06965431571006775
14,-0.2794276475906372,0.9068313241004944,0.10506870435550808,0.6100162594206631,0.4152190943434835,0.5950534343719482,0.6346848011016846,0.5950534343719482,0.6346848011016846,0.9848361015319824,1.0644941329956055,0.5950534343719482,0.04068845510482788,0.5950534343719482,0.04068845510482788,0.8140152096748352,0.24860845506191254
15,1.1716973781585693,0.3469855785369873,0.02650085467845209,0.12090833265334366,0.4230490358173846,0.44926804304122925,0.5046482086181641,0.44926804304122925,0.5046482086181641,0.03927144408226013,0.5046482086181641,0.44926804304122925,0.05258452892303467,0.44926804304122925,0.05258452892303467,0.4995851516723633,0.0417758971452713
16,0.9926593899726868,-0.017331086099147797,0.26093948123976585,0.09761018890887499,0.042812310885638055,0.18952956795692444,0.18952956795692444,0.18952956795692444,0.18952956795692444,0.6365804672241211,0.06247049570083618,0.18952956795692444,0.09912879765033722,0.18952956795692444,0.09912879765033722,0.1260000318288803,0.05983967334032059
17,2.332512617111206,0.35219019651412964,0.18983112049599488,0.5525344192547104,0.16670269862438247,0.4956711530685425,0.6048592329025269,0.4956711530685425,0.6048592329025269,0.5830463767051697,0.6048592329025269,0.4956711530685425,0.14444881677627563,0.4956711530685425,0.14444881677627563,0.5502651929855347,0.09168881177902222
18,0.6210146546363831,1.1393588781356812,0.4336270582551757,0.4145652153591315,0.5146392789358893,0.002646923065185547,1.2970216274261475,0.002646923065185547,1.2970216274261475,0.4320756196975708,1.2970216274261475,0.5328996777534485,0.42229318618774414,0.5328996777534485,0.42229318618774414,0.6841309666633606,0.6433000564575195
19,1.8351233005523682,1.5901116132736206,0.1689076431219778,1.1998875053723652,0.4447891391937929,1.2645961046218872,1.3787704706192017,1.2645961046218872,1.3787704706192017,1.1506332159042358,1.747774362564087,1.2645961046218872,0.14432203769683838,1.2645961046218872,0.14432203769683838,1.4628405570983887,0.3593387007713318
20,0.7002543210983276,1.0153905153274536,0.2699976006398598,0.20945936985934788,0.7594062192427615,0.6523916721343994,1.17305326461792,0.6523916721343994,1.17305326461792,0.8259001970291138,1.17305326461792,0.6523916721343994,0.23255771398544312,0.6523916721343994,0.23255771398544312,0.7695878744125366,0.3139703869819641
21,0.44177475571632385,1.1254961490631104,0.17845747627317898,0.9093078069761396,0.2612035402283073,0.9264824390411377,1.0522651672363281,0.9264824390411377,1.0522651672363281,0.711556077003479,1.283158779144287,0.9264824390411377,0.12664461135864258,0.9264824390411377,0.12664461135864258,1.0562471151351929,0.2582893669605255
22,0.3080486059188843,0.8238485455513,0.13056062057614337,0.29509924586862324,0.6216613535210489,0.6048285961151123,0.9815112352371216,0.6048285961151123,0.9815112352371216,0.4017590582370758,0.9815112352371216,0.6048285961151123,0.062111854553222656,0.6048285961151123,0.062111854553222656,0.7617518901824951,0.1995173990726471
23,-0.018537478521466255,0.3513537347316742,0.12753911269207796,0.2226680549730857,0.22461921167870363,0.2653443217277527,0.5090163946151733,0.2653443217277527,0.5090163946151733,0.34798336029052734,0.5090163946151733,0.2653443217277527,0.055688679218292236,0.2653443217277527,0.055688679218292236,0.36487314105033875,0.15196403861045837
24,-1.2355754375457764,0.13968071341514587,0.08106918676445879,0.1784980084250371,0.10358616283784311,0.07820429652929306,0.1342756450176239,0.07820429652929306,0.1342756450176239,0.23853713274002075,0.297343373298645,0.13768166303634644,0.003304600715637207,0.13768166303634644,0.003304600715637207,0.21893325448036194,0.07945695519447327
25,-0.9687570929527283,-0.3248022198677063,0.1687860416434705,0.060736057311296485,0.006720379274338453,0.5269553065299988,0.2715088725090027,0.5269553065299988,0.2715088725090027,0.6722754240036011,0.2798560857772827,0.2715088725090027,0.09178546071052551,0.2715088725090027,0.09178546071052551,0.2756824791431427,0.08715307712554932
26,-0.5265669822692871,-0.965736985206604,0.09963558382044257,0.5211099701250591,0.12151875684658686,1.2209630012512207,0.8015167117118835,1.2209630012512207,0.8015167117118835,1.2260563373565674,0.8080742955207825,0.6185475587844849,0.22691380977630615,0.6185475587844849,0.22691380977630615,0.6211824417114258,0.23047614097595215
27,0.0442422553896904,-1.0278159379959106,0.046189153939485306,0.3602779404819011,0.49025459624826895,0.6060206890106201,0.8701533675193787,0.6060206890106201,0.8701533675193787,1.2206419706344604,0.8701533675193787,0.31171488761901855,0.08237087726593018,0.31171488761901855,0.08237087726593018,0.5458081960678101,0.3084321618080139
28,1.2388836145401,-0.6801429390907288,0.12465637060503171,0.15706470930327976,0.42426192597796525,0.6979493498802185,0.5224802494049072,0.6979493498802185,0.5224802494049072,1.1482781171798706,0.5224802494049072,0.28580808639526367,0.00458914041519165,0.28580808639526367,0.00458914041519165,0.4074941873550415,0.12205611169338226
29,-0.16343948245048523,-0.2046503722667694,0.23535491771375144,0.05985912044843039,0.2763917658167581,0.8592947721481323,0.046987712383270264,0.8592947721481323,0.046987712383270264,0.686954915523529,0.046987712383270264,0.23623307049274445,0.017750948667526245,0.23623307049274445,0.017750948667526245,0.15180188417434692,0.07076382637023926
30,0.48772576451301575,0.4204435348510742,0.06281856155643861,0.6276840194563069,0.04658640154947824,0.5887354612350464,0.5623317956924438,0.5887354612350464,0.5623317956924438,0.36223429441452026,0.5623317956924438,0.5887354612350464,0.016428083181381226,0.5887354612350464,0.016428083181381226,0.5755336284637451,0.010183706879615784
31,-0.1451396644115448,0.3236316740512848,0.15254517130553724,0.04946788191795348,0.44402702927589405,0.4852372407913208,0.48129433393478394,0.4852372407913208,0.48129433393478394,0.4491037130355835,0.48129433393478394,0.4852372407913208,0.0616130530834198,0.4852372407913208,0.0616130530834198,0.520995557308197,0.0434647798538208
32,0.30736586451530457,-0.008034683763980865,0.07399310527990255,0.2809785028795401,0.13953360260774683,0.22701522707939148,0.20626255869865417,0.22701522707939148,0.20626255869865417,0.06441012024879456,0.14962801337242126,0.22701522707939148,0.018057405948638916,0.22701522707939148,0.018057405948638916,0.19973693788051605,0.04647579416632652
33,0.6850395202636719,0.014704413712024689,0.13474287404368318,0.02918571395178632,0.13261994293580454,0.022611811757087708,0.05576328933238983,0.022611811757087708,0.05576328933238983,0.21186453104019165,0.172367125749588,0.05576328933238983,0.06310847401618958,0.05576328933238983,0.06310847401618958,0.14756345748901367,0.09547781944274902
34,0.31371426582336426,0.011747531592845917,0.17893761060511076,0.17578700573494033,0.11950438053036727,0.07819026708602905,0.07819026708602905,0.07819026708602905,0.07819026708602905,0.045924149453639984,0.21984446048736572,0.07819026708602905,0.060671366751194,0.07819026708602905,0.060671366751194,0.1490173637866974,0.06747095286846161
35,0.560325026512146,0.31734031438827515,0.12970043255637081,0.3434776554505031,0.06763490079591666,0.30961155891418457,0.36254215240478516,0.30961155891418457,0.36254215240478516,0.30027273297309875,0.36254215240478516,0.30961155891418457,0.12006327509880066,0.30961155891418457,0.12006327509880066,0.33607685565948486,0.13948744535446167
36,0.4492075741291046,0.33332929015159607,0.16585188020020716,0.16123709738254544,0.2297129869833589,0.2734523117542267,0.4909919798374176,0.2734523117542267,0.4909919798374176,0.32928574085235596,0.4909919798374176,0.2734523117542267,0.13357076048851013,0.2734523117542267,0.13357076048851013,0.31005197763442993,0.18475618958473206
37,0.25320109724998474,0.28226423263549805,0.1492040289441744,0.2830436196426551,0.07348928826550638,0.25013065338134766,0.3250879645347595,0.25013065338134766,0.3250879645347595,0.30581963062286377,0.3250879645347595,0.25013065338134766,0.12572041153907776,0.25013065338134766,0.12572041153907776,0.2876093089580536,0.15377113223075867
38,2.4009249210357666,0.2941644787788391,0.12071239113186794,0.23141048739974696,0.16551424485941726,0.14937466382980347,0.2438906729221344,0.14937466382980347,0.2438906729221344,0.3645797073841095,0.45182713866233826,0.19753879308700562,0.04463475942611694,0.19753879308700562,0.04463475942611694,0.3061937689781189,0.14485959708690643
39,0.9737750887870789,0.5587807297706604,0.457545756585896,0.11215111564844849,0.21255653195083135,0.4377744495868683,0.4377744495868683,0.4377744495868683,0.4377744495868683,0.052103400230407715,0.7164434194564819,0.4377744495868683,0.10245844721794128,0.4377744495868683,0.10245844721794128,0.518854022026062,0.22419176995754242
40,0.3700273931026459,1.3395798206329346,0.2108149609901011,1.222596870101988,0.12964054474607134,1.2508207559585571,1.405004858970642,1.2508207559585571,1.405004858970642,1.1765350103378296,1.405004858970642,1.2508207559585571,0.1680237054824829,1.2508207559585571,0.1680237054824829,1.3279128074645996,0.2261664867401123
41,-0.12124553322792053,1.0737384557724,0.11449430815875528,0.41087528569623855,0.7718415363319215,0.7360702753067017,1.2314012050628662,0.7360702753067017,1.2314012050628662,0.5141090750694275,1.2314012050628662,0.7360702753067017,0.03873741626739502,0.7360702753067017,0.03873741626739502,0.9571748375892639,0.23786187171936035
42,0.557547390460968,0.335268497467041,0.05574494347597159,0.1929140086347858,0.3100821899684767,0.3402218818664551,0.49293115735054016,0.3402218818664551,0.49293115735054016,0.23137909173965454,0.49293115735054016,0.3402218818664551,0.023351669311523438,0.3402218818664551,0.023351669311523438,0.4260648787021637,0.07706545293331146
43,0.29555419087409973,0.019674718379974365,0.17239370521157976,0.02139195062220095,0.09214560095220806,0.09552650153636932,0.09552650153636932,0.09552650153636932,0.09552650153636932,0.16466167569160461,0.1773373782634735,0.09552650153636932,0.05288170278072357,0.09552650153636932,0.05288170278072357,0.164407879114151,0.07596441358327866
44,0.4062477648258209,0.09040119498968124,0.13008868390073378,0.29730843291928366,0.11352323996524011,0.250733345746994,0.2903459072113037,0.250733345746994,0.2903459072113037,0.2550274133682251,0.2903459072113037,0.250733345746994,0.04653516411781311,0.250733345746994,0.04653516411781311,0.27053964138031006,0.027644701302051544
45,1.864024043083191,0.2508344352245331,0.14454093360031645,0.16002843447650472,0.1697377713645498,0.21823841333389282,0.408497154712677,0.21823841333389282,0.408497154712677,0.2332497239112854,0.408497154712677,0.21823841333389282,0.07144853472709656,0.21823841333389282,0.07144853472709656,0.2843468189239502,0.13653035461902618
46,0.9838066101074219,0.43345922231674194,0.3508987188339232,0.18603210914880042,0.12000109855085617,0.2986547350883484,0.2986547350883484,0.2986547350883484,0.2986547350883484,0.2216356098651886,0.4830816984176636,0.2986547350883484,0.15469685196876526,0.2986547350883484,0.15469685196876526,0.390868216753006,0.23826663196086884
47,0.24669602513313293,1.0864421129226685,0.21336916588246813,0.917665101904422,0.17888063875958338,0.9286675453186035,1.0944565534591675,0.9286675453186035,1.0944565534591675,0.9459294080734253,1.0944565534591675,0.9286675453186035,0.23258894681930542,0.9286675453186035,0.23258894681930542,1.0115621089935303,0.28381988406181335
48,2.717942953109741,0.9394909143447876,0.10421041528383901,0.43051280614609533,0.6282403673293687,0.6106890439987183,1.097153663635254,0.6106890439987183,1.097153663635254,0.659571647644043,1.097153663635254,0.6106890439987183,0.03635472059249878,0.6106890439987183,0.03635472059249878,0.8358887434005737,0.2403048425912857
49,0.5683708786964417,0.8466829657554626,0.5262891076132656,0.09067023850977407,0.4531962940469384,0.5369863510131836,0.5369863510131836,0.5369863510131836,0.5369863510131836,0.2989593744277954,1.0043456554412842,0.5369863510131836,0.09219348430633545,0.5369863510131836,0.09219348430633545,0.7139066457748413,0.32975876331329346
50,0.12093982100486755,1.4734822511672974,0.15737267547597467,1.413144685526689,0.12643756457914934,1.4500560760498047,1.5413273572921753,1.4500560760498047,1.5413273572921753,1.1766774654388428,1.5413273572921753,1.4500560760498047,0.15489864349365234,1.4500560760498047,0.15489864349365234,1.4956917762756348,0.19450265169143677
51,-2.183241844177246,0.9335310459136963,0.08836340148622801,0.229563739976535,0.8390765788654488,0.8134416937828064,1.091193675994873,0.8134416937828064,1.091193675994873,0.00784391164779663,1.091193675994873,0.8134416937828064,0.009865283966064453,0.8134416937828064,0.009865283966064453,0.9432883262634277,0.11678946018218994
52,-2.8171651363372803,-0.4595477283000946,0.45769351471215497,0.13800268393009907,0.08361577689647681,1.1050776243209839,0.5657162666320801,1.1050776243209839,0.5657162666320801,1.2356916666030884,0.5128670334815979,0.5657162666320801,0.16375413537025452,0.5657162666320801,0.16375413537025452,0.5392916202545166,0.1951078474521637
53,-2.138115406036377,-2.0469422340393066,0.7445305241147674,0.9981160367528596,0.08082299875716403,2.3311281204223633,1.932778000831604,2.3311281204223633,1.932778000831604,3.5725455284118652,1.932778000831604,1.1752448081970215,0.0583348274230957,1.1752448081970215,0.0583348274230957,1.554011344909668,0.4776168465614319
54,-0.4267542064189911,-2.6918981075286865,0.477541515603662,1.3414301293343305,0.6494537881761786,2.217533826828003,2.0871260166168213,2.217533826828003,2.0871260166168213,2.3783085346221924,2.5342354774475098,1.8386433124542236,0.8617807626724243,1.8386433124542236,0.8617807626724243,1.9295822381973267,1.0777618885040283
55,-1.8477591276168823,-1.6820887327194214,0.08314023655528824,0.8732497621824344,0.6685065326777597,1.6022536754608154,1.0474344491958618,1.6022536754608154,1.0474344491958618,3.0614609718322754,1.524425983428955,1.047092080116272,0.0956118106842041,1.047092080116272,0.0956118106842041,1.2500269412994385,0.32323718070983887
56,-2.986341714859009,-1.053676962852478,0.20726138627777496,0.061588498639563616,0.5613544035206239,0.9669752717018127,0.8960142731666565,0.9669752717018127,0.8960142731666565,1.572533369064331,0.8960142731666565,0.252480685710907,0.2654338479042053,0.252480685710907,0.2654338479042053,0.47542449831962585,0.3587639629840851
57,-2.8030731678009033,-2.1494526863098145,0.7712345705988506,0.8540385732861857,0.3007068680102627,1.8807120323181152,1.8505730628967285,1.8807120323181152,1.8505730628967285,2.69291615486145,1.8505730628967285,1.1127463579177856,0.172554612159729,1.1127463579177856,0.172554612159729,1.4816596508026123,0.6574658155441284
58,-2.505998134613037,-3.08422589302063,0.7621417510136961,1.4686557535082099,0.6299557140842085,2.700867176055908,2.5075109004974365,2.700867176055908,2.5075109004974365,2.842864990234375,2.5075109004974365,2.0510785579681396,0.532904863357544,2.0510785579681396,0.532904863357544,2.279294729232788,1.0792558193206787
59,-2.924311637878418,-2.8650765419006348,0.6027297989651563,1.358096182011068,0.6807778865098952,2.1144514083862305,2.226163387298584,2.1144514083862305,2.226163387298584,2.3489389419555664,2.707413911819458,1.932065486907959,1.0317777395248413,1.932065486907959,1.0317777395248413,2.001765012741089,1.2519264221191406
60,-3.375643491744995,-2.8972034454345703,0.7432674140483142,1.2429391189664603,0.6875242380052804,1.848144769668579,2.2629623413085938,1.848144769668579,2.2629623413085938,2.249931573867798,2.2629623413085938,1.848144769668579,0.5668497085571289,1.848144769668579,0.5668497085571289,2.055553436279297,1.0918421745300293
61,-1.534515380859375,-3.3603262901306152,0.9692285818358266,1.4775245687489704,0.6901004651313025,2.447871208190918,2.737204074859619,2.447871208190918,2.737204074859619,2.8410146236419678,2.737204074859619,2.169236183166504,0.6170210838317871,2.169236183166504,0.6170210838317871,2.4532201290130615,1.2702964544296265
62,-1.4840948581695557,-2.6326658725738525,0.26277675449848203,1.4993840357661248,0.6470326463133096,2.630951404571533,1.9951694011688232,2.630951404571533,1.9951694011688232,3.4963955879211426,2.475003480911255,1.8993983268737793,0.6205916404724121,1.8993983268737793,0.6205916404724121,2.022034168243408,0.832909345626831
63,-0.784265398979187,-1.6552320718765259,0.14965556216736653,0.6367522328098616,0.6453514832754927,1.3326013088226318,1.4975693225860596,1.3326013088226318,1.4975693225860596,1.9011919498443604,1.4975693225860596,0.38790059089660645,0.3378351926803589,0.38790059089660645,0.3378351926803589,0.7846314311027527,0.6742573380470276
64,-2.1160004138946533,-1.3982155323028564,0.0065464837476612026,0.6130856336653232,0.5551107404753566,1.1286898851394653,0.8582289218902588,1.1286898851394653,0.8582289218902588,1.6655752658843994,1.2405529022216797,0.8080657720565796,0.1664971113204956,0.8080657720565796,0.1664971113204956,0.9528827667236328,0.35972604155540466
65,-2.1840782165527344,-1.3492621183395386,0.33742142386734475,0.27306544534862054,0.5153025747090578,0.5555901527404785,1.1915993690490723,0.5555901527404785,1.1915993690490723,1.371483325958252,1.1915993690490723,0.27184104919433594,0.5107675790786743,0.27184104919433594,0.5107675790786743,0.5495187044143677,0.6635316014289856
66,-3.750440835952759,-2.1100101470947266,0.48548462137579906,0.9912134659290316,0.40983938537538034,2.009753465652466,1.7124009132385254,2.009753465652466,1.7124009132385254,2.283801555633545,1.7124009132385254,1.295047640800476,0.2832520008087158,1.295047640800476,0.2832520008087158,1.5037243366241455,0.6356536746025085
67,-2.88633131980896,-3.0056657791137695,1.0297625462772944,1.0949370196523767,0.6574935387695833,1.7309728860855103,2.405707597732544,1.7309728860855103,2.405707597732544,2.3981404304504395,2.405707597732544,1.682731032371521,0.5571832656860352,1.682731032371521,0.5571832656860352,2.0442192554473877,1.2062292098999023
68,-3.0124969482421875,-3.5342659950256348,0.8590904041503866,1.8064383660381043,0.6452645504226284,3.3200831413269043,2.929436206817627,3.3200831413269043,2.929436206817627,3.3630776405334473,2.929436206817627,2.4819602966308594,0.5462126731872559,2.4819602966308594,0.5462126731872559,2.705698251724243,1.191635251045227
69,-3.1301465034484863,-3.1449875831604004,0.8084928537035974,1.4278137893105551,0.6852082657317324,2.090521812438965,2.499145984649658,2.090521812438965,2.499145984649658,2.494811534881592,2.499145984649658,2.090521812438965,0.5646967887878418,2.090521812438965,0.5646967887878418,2.2948338985443115,1.1432464122772217
70,-2.686629056930542,-3.2995994091033936,0.8758676123370723,1.505828824875256,0.6944300590579706,2.2791309356689453,2.663051128387451,2.2791309356689453,2.663051128387451,2.702043056488037,2.663051128387451,2.1931657791137695,0.6018509864807129,2.1931657791137695,0.6018509864807129,2.4281084537506104,1.2168595790863037
71,-4.381832599639893,-3.1318235397338867,0.7033888187135258,1.523759938428799,0.6812021081770467,2.424966812133789,2.4923601150512695,2.424966812133789,2.4923601150512695,2.651925802230835,2.4923601150512695,2.1526379585266113,0.5508546829223633,2.1526379585266113,0.5508546829223633,2.3224990367889404,1.08738112449646
72,-5.543727874755859,-3.656987190246582,1.3175462467595929,1.391173280104995,0.7247947505488996,2.160951614379883,3.0153775215148926,2.160951614379883,3.0153775215148926,2.945361614227295,3.0153775215148926,2.160951614379883,0.7010359764099121,2.160951614379883,0.7010359764099121,2.5881645679473877,1.5041379928588867
73,-4.4198479652404785,-4.913983345031738,1.8826852610334757,2.115834842175245,0.6919905674085021,4.002683162689209,4.283531665802002,4.002683162689209,4.283531665802002,4.647552013397217,4.283531665802002,3.0257506370544434,0.7203006744384766,3.0257506370544434,0.7203006744384766,3.6546411514282227,1.8920447826385498
74,-4.863915920257568,-4.870308876037598,1.60339010125647,2.429731235230962,0.6137148651356501,4.108680248260498,4.228240966796875,4.108680248260498,4.228240966796875,4.5641021728515625,4.228240966796875,3.3694276809692383,0.5049839019775391,3.3694276809692383,0.5049839019775391,3.7988343238830566,1.6681853532791138
75,-3.6104536056518555,-4.709013938903809,1.707924221853415,2.108916848512988,0.6686997172857319,3.022700309753418,4.08348274230957,3.022700309753418,4.08348274230957,4.06303071975708,4.08348274230957,3.022700309753418,0.6639895439147949,3.022700309753418,0.6639895439147949,3.553091526031494,1.757417917251587
76,-3.9350533485412598,-4.253192901611328,1.219082849646608,2.2045264512921383,0.6061109262580664,3.7600157260894775,3.6115188598632812,3.7600157260894775,3.6115188598632812,3.9719455242156982,3.6115188598632812,3.023045539855957,0.44568824768066406,3.023045539855957,0.44568824768066406,3.317282199859619,1.3786168098449707
77,-5.2427520751953125,-3.9580979347229004,1.2664946919182933,1.7921545853341618,0.6759759830559298,2.618149757385254,3.3219590187072754,2.618149757385254,3.3219590187072754,3.30769944190979,3.3219590187072754,2.618149757385254,0.623093843460083,2.618149757385254,0.623093843460083,2.9700543880462646,1.4616588354110718
78,-5.639556884765625,-4.681330680847168,1.7608098612477372,1.9677906747659044,0.7292574704190109,3.1445765495300293,4.035582542419434,3.1445765495300293,4.035582542419434,4.044154167175293,4.035582542419434,2.906160831451416,0.7791233062744141,2.906160831451416,0.7791233062744141,3.470871686935425,1.857205867767334
79,-5.981740474700928,-5.273955345153809,1.9986290910343327,2.373421542036037,0.6784320376689239,4.185000419616699,4.628582000732422,4.185000419616699,4.628582000732422,4.842522144317627,4.628582000732422,3.3659911155700684,0.6933693885803223,3.3659911155700684,0.6933693885803223,3.997286558151245,1.9836804866790771
80,-5.51522159576416,-5.456978797912598,2.1409986809020243,2.431272227702041,0.6612352148940168,3.6868557929992676,4.826539039611816,3.6868557929992676,4.826539039611816,4.897735595703125,4.826539039611816,3.3894598484039307,0.6716561317443848,3.3894598484039307,0.6716561317443848,4.107999324798584,2.039267063140869
81,-5.475208282470703,-5.3683929443359375,2.0227855028212067,2.5016123814880835,0.6205223856121318,3.7948122024536133,4.744470596313477,3.7948122024536133,4.744470596313477,4.890273571014404,4.744470596313477,3.4424777030944824,0.565704345703125,3.4424777030944824,0.565704345703125,4.093474388122559,1.9241888523101807
82,-5.232777118682861,-5.247779846191406,1.9922441129386428,2.3975977653264993,0.6344652935117487,3.3517208099365234,4.62970495223999,3.3517208099365234,4.62970495223999,4.642942428588867,4.62970495223999,3.3191704750061035,0.6032438278198242,3.3191704750061035,0.6032438278198242,3.974437713623047,1.9077682495117188
83,-6.063833236694336,-5.157749176025391,1.9026523496086396,2.401139718058209,0.6304844339440265,3.528017997741699,4.53174352645874,3.528017997741699,4.53174352645874,4.610954284667969,4.53174352645874,3.3387489318847656,0.5828533172607422,3.3387489318847656,0.5828533172607422,3.935246229171753,1.8550117015838623
84,-5.950242042541504,-5.383729457855225,2.147247253904739,2.330216094503801,0.6827934350321696,3.276118516921997,4.7570600509643555,3.276118516921997,4.7570600509643555,4.713305473327637,4.7570600509643555,3.276118516921997,0.7285952568054199,3.276118516921997,0.7285952568054199,4.016589164733887,2.0568790435791016
85,-4.157340049743652,-5.535045146942139,2.1526824043318635,2.5167707036808133,0.6421193645149463,4.058347702026367,4.904447078704834,4.058347702026367,4.904447078704834,5.082070827484131,4.904447078704834,3.478647232055664,0.623776912689209,3.478647232055664,0.623776912689209,4.191547393798828,2.032736301422119
86,-3.0703258514404297,-4.722979545593262,1.5097602433959643,2.455350995498399,0.5343961091215412,4.316338539123535,4.106321811676025,4.316338539123535,4.106321811676025,4.553536415100098,4.106321811676025,3.280898094177246,0.32403087615966797,3.280898094177246,0.32403087615966797,3.6936099529266357,1.4821538925170898
87,-4.122677803039551,-3.5928971767425537,0.9217982066298527,1.8920575136939688,0.5555690204227961,3.146557092666626,2.9742798805236816,3.146557092666626,2.9742798805236816,3.276115655899048,2.9742798805236816,2.5292394161224365,0.32744574546813965,2.5292394161224365,0.32744574546813965,2.7517595291137695,1.0600194931030273
88,-4.088243007659912,-3.7978198528289795,1.2810053298001485,1.5754451816653214,0.7178964285304152,2.3988900184631348,3.1537575721740723,2.3988900184631348,3.1537575721740723,3.096909999847412,3.1537575721740723,2.3988900184631348,0.7018063068389893,2.3988900184631348,0.7018063068389893,2.7763237953186035,1.5059889554977417
89,-4.5568928718566895,-4.308382034301758,1.3699217077468835,2.0253718339775997,0.6896158181627592,3.570657968521118,3.6677985191345215,3.570657968521118,3.6677985191345215,3.903981924057007,3.6677985191345215,2.9072365760803223,0.6518666744232178,2.9072365760803223,0.6518666744232178,3.287517547607422,1.584041714668274
90,-3.883448600769043,-4.4853010177612305,1.547011593915522,2.016517295129597,0.6982994543015959,2.9396426677703857,3.840986967086792,2.9396426677703857,3.840986967086792,3.819279670715332,3.840986967086792,2.9396426677703857,0.6921541690826416,2.9396426677703857,0.6921541690826416,3.390314817428589,1.6967462301254272
91,-3.935962438583374,-4.332820415496826,1.318303089477121,2.144735372141004,0.6463092794641856,3.462855815887451,3.688272714614868,3.462855815887451,3.688272714614868,3.9064271450042725,3.688272714614868,3.0131285190582275,0.5461869239807129,3.0131285190582275,0.5461869239807129,3.350700616836548,1.4966042041778564
92,-4.597620964050293,-4.0861358642578125,1.286960542735954,1.9051727406059706,0.6705299065013723,2.7484536170959473,3.445998430252075,2.7484536170959473,3.445998430252075,3.4441652297973633,3.445998430252075,2.7484536170959473,0.6057052612304688,2.7484536170959473,0.6057052612304688,3.097226142883301,1.4795511960983276
93,-4.0178680419921875,-4.442722797393799,1.5454038586467505,1.9637394252046945,0.7101073159649967,2.9240803718566895,3.7971572875976562,2.9240803718566895,3.7971572875976562,3.7781896591186523,3.7971572875976562,2.883920907974243,0.7155134677886963,2.883920907974243,0.7155134677886963,3.34053897857666,1.7059811353683472
94,-5.066494464874268,-4.4254608154296875,1.3782292085886012,2.1694649221748104,0.6542940102517605,3.5073370933532715,3.7800912857055664,3.5073370933532715,3.7800912857055664,3.9900293350219727,3.7800912857055664,3.0608386993408203,0.5704243183135986,3.0608386993408203,0.5704243183135986,3.4204649925231934,1.551101803779602
95,-4.791520118713379,-4.661265850067139,1.7314481601491565,1.9905493293330077,0.7157952093333009,2.933051109313965,4.0216169357299805,2.933051109313965,4.0216169357299805,3.9639503955841064,4.0216169357299805,2.933051109313965,0.7604870796203613,2.933051109313965,0.7604870796203613,3.4773340225219727,1.827459692955017
96,-3.7161707878112793,-4.925590515136719,1.7115079167236877,2.3314301459987963,0.6591797779997188,3.986701011657715,4.280618667602539,3.986701011657715,4.280618667602539,4.515878200531006,4.280618667602539,3.3007864952087402,0.6198554039001465,3.3007864952087402,0.6198554039001465,3.7907025814056396,1.7856221199035645
97,-2.783130645751953,-4.246532440185547,1.2566186700140434,2.1749550456677875,0.5914860500892005,3.6426076889038086,3.6133577823638916,3.6426076889038086,3.6133577823638916,3.923011302947998,3.6133577823638916,2.9786717891693115,0.4249143600463867,2.9786717891693115,0.4249143600463867,3.2960147857666016,1.3711202144622803
98,-2.456674814224243,-3.333599090576172,0.7682818774258096,1.7323959659536676,0.6094485727821795,2.873584508895874,2.696457624435425,2.873584508895874,2.696457624435425,2.975156307220459,2.696457624435425,2.3541259765625,0.4082753658294678,2.3541259765625,0.4082753658294678,2.525291919708252,1.0270558595657349
99,-3.0083065032958984,-2.7958502769470215,0.5716814758380258,1.3320707228903967,0.6686254038040838,2.0830748081207275,2.149993419647217,2.0830748081207275,2.149993419647217,2.606362819671631,2.6381876468658447,1.887960433959961,0.9966170787811279,1.887960433959961,0.9966170787811279,1.953473687171936,1.2033946514129639
100,-1.6872670650482178,-2.9048566818237305,0.7711968246971566,1.222168979955216,0.6880182027568424,1.831304669380188,2.27121639251709,1.831304669380188,2.27121639251709,2.2526392936706543,2.27121639251709,1.831304669380188,0.5703079700469971,1.831304669380188,0.5703079700469971,2.051260471343994,1.1071010828018188
101,-0.16725698113441467,-2.5683364868164062,0.3130053039019307,1.3793205600728593,0.6525377100085217,2.4152932167053223,1.9475542306900024,2.4152932167053223,1.9475542306900024,2.903533935546875,2.4106736183166504,1.8094210624694824,0.6663030385971069,1.8094210624694824,0.6663030385971069,1.9228768348693848,0.8841819763183594
102,0.5921958088874817,-1.418440580368042,0.12944840865209706,0.6490553918853403,0.6753610419295729,1.6311357021331787,1.2607779502868652,1.6311357021331787,1.2607779502868652,2.84045672416687,1.2607779502868652,0.4442737102508545,0.026530981063842773,0.4442737102508545,0.026530981063842773,0.8393091559410095,0.40279731154441833
103,0.7825290560722351,-0.6226018667221069,0.1656081908941269,0.023397372327744914,0.588134815134108,1.2356956005096436,0.4649392366409302,1.2356956005096436,0.4649392366409302,1.1742596626281738,0.4649392366409302,0.473696231842041,0.06407731771469116,0.473696231842041,0.06407731771469116,0.4307050108909607,0.06368124485015869
104,0.2932448983192444,0.13570773601531982,0.18356931830445927,0.2987721969994406,0.1231611346763869,0.1733129918575287,0.3512934744358063,0.1733129918575287,0.3512934744358063,0.2634263038635254,0.3512934744358063,0.25570833683013916,0.07364919781684875,0.25570833683013916,0.07364919781684875,0.3035008907318115,0.04706797003746033
105,0.009903929196298122,0.46726787090301514,0.12428328039124592,0.380508019272238,0.18594924565404664,0.3511148989200592,0.40493327379226685,0.3511148989200592,0.40493327379226685,0.5088236331939697,0.6249305605888367,0.3511148989200592,0.05083256959915161,0.3511148989200592,0.05083256959915161,0.46674078702926636,0.15699732303619385
106,0.09095175564289093,0.2609579563140869,0.08042790224154789,0.161979608250161,0.24202315003921593,0.28227895498275757,0.41862067580223083,0.28227895498275757,0.41862067580223083,0.19202154874801636,0.41862067580223083,0.28227895498275757,0.001880735158920288,0.28227895498275757,0.001880735158920288,0.3496949374675751,0.06444063782691956
107,-0.6870344877243042,-0.030342206358909607,0.10283241677408417,0.04685457111646733,0.04344348016505439,0.01867549866437912,0.015676595270633698,0.01867549866437912,0.015676595270633698,0.14126670360565186,0.020143859088420868,0.015676595270633698,0.1091306060552597,0.015676595270633698,0.1091306060552597,0.017910227179527283,0.11139823496341705
108,-1.291318416595459,-0.23309549689292908,0.025878908944626633,0.1080227184916536,0.09176660222311814,0.04386228322982788,0.07894906401634216,0.04386228322982788,0.07894906401634216,0.021927356719970703,0.07543277740478516,0.04386228322982788,0.12081895023584366,0.04386228322982788,0.12081895023584366,0.04536356031894684,0.11906933784484863
109,-1.7844743728637695,-0.7389589548110962,0.1817546006850896,0.25312024578452114,0.08061143392697001,0.7275180220603943,0.6139012575149536,0.7275180220603943,0.6139012575149536,1.1493569612503052,0.6139012575149536,0.34237077832221985,0.03073859214782715,0.34237077832221985,0.03073859214782715,0.47813600301742554,0.14651088416576385
110,0.13025249540805817,-1.4505455493927002,0.3050650078803301,0.5561958692222835,0.36581199787557117,1.0891315937042236,1.0778049230575562,1.0891315937042236,1.0778049230575562,1.197590947151184,1.2928829193115234,0.7601678967475891,0.46937108039855957,0.7601678967475891,0.46937108039855957,0.8249006271362305,0.5812921524047852
111,-0.8238865733146667,-1.3060911893844604,0.15935471283892766,0.7212842702430979,0.5206889575657747,1.50484037399292,0.8031175136566162,1.50484037399292,0.8031175136566162,2.6509323120117188,1.1484284400939941,0.8077776432037354,0.026376724243164062,0.8077776432037354,0.026376724243164062,0.9878116846084595,0.17654800415039062
112,-0.8846391439437866,-0.550628662109375,0.02445810024316103,0.1916365485886733,0.5432506365266938,0.9717602729797363,0.39296597242355347,0.9717602729797363,0.39296597242355347,0.9253555536270142,0.39296597242355347,0.30489808320999146,0.03442788124084473,0.30489808320999146,0.03442788124084473,0.27319246530532837,0.026995420455932617
113,-1.91842782497406,-0.6833933591842651,0.08052493091672669,0.32220751591026775,0.05718835715204473,0.8643028140068054,0.5726253390312195,0.8643028140068054,0.5726253390312195,1.1446067094802856,0.5726253390312195,0.39974313974380493,0.04685187339782715,0.39974313974380493,0.04685187339782715,0.4861842393875122,0.09484457969665527
114,-2.75766921043396,-1.2767168283462524,0.3189012238507468,0.34122904160370415,0.393113888477286,0.21137213706970215,1.1190540790557861,0.21137213706970215,1.1190540790557861,0.7061830163002014,1.1190540790557861,0.21137213706970215,0.45322185754776,0.21137213706970215,0.45322185754776,0.44313305616378784,0.6613155603408813
115,-1.214920997619629,-2.2442286014556885,0.6750265102274717,0.9050157826580111,0.4407133957371112,1.8322535753250122,1.8225407600402832,1.8322535753250122,1.8225407600402832,2.289555311203003,1.8225407600402832,1.2423092126846313,0.31195390224456787,1.2423092126846313,0.31195390224456787,1.5324249267578125,0.7592141032218933
116,-1.6086512804031372,-2.224062919616699,0.1537939110646649,1.2322388350839417,0.614557260634998,2.2110626697540283,1.640554666519165,2.2110626697540283,1.640554666519165,2.7992067337036133,2.0664000511169434,1.554040551185608,0.43095600605010986,1.554040551185608,0.43095600605010986,1.6880358457565308,0.6393709182739258
117,-1.9764595031738281,-1.5069488286972046,0.17590109143406174,0.47860101003199795,0.6289740528166294,1.1076626777648926,1.3492860794067383,1.1076626777648926,1.3492860794067383,1.5629626512527466,1.3492860794067383,0.3672102689743042,0.3316946029663086,0.3672102689743042,0.3316946029663086,0.6825137734413147,0.6028993725776672
118,-1.6654202938079834,-1.8147095441818237,0.3617788770732784,0.725211384625484,0.5042466080685459,1.251145601272583,1.3250789642333984,1.251145601272583,1.3250789642333984,1.3970221281051636,1.6570467948913574,1.0245201587677002,0.5734661817550659,1.0245201587677002,0.5734661817550659,1.109659194946289,0.7434099912643433
119,-0.4376603364944458,-1.9721566438674927,0.2689316965515416,0.9014952554057043,0.5782570174957312,1.4389410018920898,1.4224333763122559,1.4389410018920898,1.4224333763122559,1.6334621906280518,1.8144938945770264,1.235323190689087,0.5121266841888428,1.235323190689087,0.5121266841888428,1.3409392833709717,0.7107752561569214
120,0.3597412705421448,-1.444252610206604,0.07165886873379312,0.6743020459637045,0.6181367585621773,1.3115910291671753,0.8555368781089783,1.3115910291671753,0.8555368781089783,2.3022172451019287,1.2865898609161377,0.8447203636169434,0.08715152740478516,0.8447203636169434,0.08715152740478516,1.0289173126220703,0.30234992504119873
121,-0.5416552424430847,-0.7346847653388977,0.15825029990325384,0.0921408899625144,0.5773215008651217,1.1792629957199097,0.5770220756530762,1.1792629957199097,0.5770220756530762,1.1314890384674072,0.5770220756530762,0.43108972907066345,0.18059712648391724,0.43108972907066345,0.18059712648391724,0.4026947617530823,0.17927879095077515
122,-0.28389933705329895,-0.20081597566604614,0.022736033151547097,0.24429042352984348,0.24436972813059882,0.3836519122123718,0.04315325617790222,0.3836519122123718,0.04315325617790222,0.2279420793056488,0.04315325617790222,0.12172194570302963,0.06280875205993652,0.12172194570302963,0.06280875205993652,0.08586789667606354,0.08208617568016052
123,0.27044567465782166,-0.3243347108364105,0.040367623629669364,0.19630419780810673,0.055074507954219976,0.6675949692726135,0.298794686794281,0.6675949692726135,0.298794686794281,0.5462414026260376,0.16667205095291138,0.24570998549461365,0.05607011914253235,0.24570998549461365,0.05607011914253235,0.18317900598049164,0.07028678059577942
124,0.7274417877197266,-0.43521925806999207,0.14252494004244592,0.06567266333227362,0.28859886036564886,0.5140992403030396,0.27755656838417053,0.5140992403030396,0.27755656838417053,0.4622049331665039,0.27755656838417053,0.18815836310386658,0.12783080339431763,0.18815836310386658,0.12783080339431763,0.1672261506319046,0.11514317989349365
125,0.1757146120071411,-0.05692373961210251,0.18203676388909418,0.16209403788050017,0.17758185206602012,0.0726945623755455,0.0726945623755455,0.0726945623755455,0.0726945623755455,0.38605403900146484,0.10073896497488022,0.0726945623755455,0.11638300865888596,0.0726945623755455,0.11638300865888596,0.04819759353995323,0.05819359049201012
126,1.5654492378234863,0.3026620149612427,0.11049914591014387,0.3679698552936315,0.04766571797430513,0.33195099234580994,0.36166253685951233,0.33195099234580994,0.36166253685951233,0.2720091938972473,0.36166253685951233,0.33195099234580994,0.10231150686740875,0.33195099234580994,0.10231150686740875,0.34680676460266113,0.11336054652929306
127,0.8655771613121033,0.47313016653060913,0.31799128624921047,0.08249494369452193,0.29611661100139214,0.2846630811691284,0.2846630811691284,0.2846630811691284,0.2846630811691284,0.24472305178642273,0.6307928562164307,0.2846630811691284,0.07124674320220947,0.2846630811691284,0.07124674320220947,0.41728806495666504,0.24119167029857635
128,-2.036339044570923,0.7743774652481079,0.1906681566374996,0.7553343332062166,0.051847649818907215,0.7363308668136597,0.8684837222099304,0.7363308668136597,0.8684837222099304,0.7608585953712463,0.8684837222099304,0.7363308668136597,0.09436029195785522,0.7363308668136597,0.09436029195785522,0.8024072647094727,0.138798326253891
129,-0.185610830783844,0.2878219187259674,0.390345969554037,0.4363090402260423,0.4653315522708,0.48271307349205017,0.44548463821411133,0.48271307349205017,0.44548463821411133,0.5674979090690613,0.44548463821411133,0.48271307349205017,0.4759703278541565,0.48271307349205017,0.4759703278541565,0.704664945602417,0.29692214727401733
130,-0.22464150190353394,-0.7521603107452393,0.05806894625226655,0.8671006671090921,0.28034402492145694,2.4485273361206055,0.9169784784317017,2.4485273361206055,0.9169784784317017,2.066769599914551,0.5944976806640625,0.8802287578582764,0.04127615690231323,0.8802287578582764,0.04127615690231323,0.7226384878158569,0.1887056827545166
131,-1.745261311531067,-0.6790443658828735,0.10328215120981143,0.03872574849675087,0.5975796507795651,1.0722219944000244,0.5213817358016968,1.0722219944000244,0.5213817358016968,1.1126713752746582,0.5213817358016968,0.3983541429042816,0.08254283666610718,0.3983541429042816,0.08254283666610718,0.4170089066028595,0.08391612768173218
132,-2.235708236694336,-0.7121997475624084,0.28492107922211285,0.01683881426230066,0.18696717966347942,0.5885657668113708,0.38589662313461304,0.5885657668113708,0.38589662313461304,0.678921103477478,0.5545370578765869,0.38589662313461304,0.11944365501403809,0.38589662313461304,0.11944365501403809,0.418321430683136,0.14123719930648804
133,-0.6642186045646667,-1.732748031616211,0.5003994557013112,0.7888479391982159,0.22002784309287882,1.7786558866500854,1.4979981184005737,1.7786558866500854,1.4979981184005737,2.3797664642333984,1.4979981184005737,0.9811437129974365,0.09064245223999023,0.9811437129974365,0.09064245223999023,1.2395708560943604,0.4306443929672241
134,-1.540749192237854,-1.7656174898147583,0.01109574801598967,0.9580499171341457,0.595190646282087,1.784326434135437,1.1996853351593018,1.784326434135437,1.1996853351593018,2.619945526123047,1.607954740524292,1.1687445640563965,0.18336772918701172,1.1687445640563965,0.18336772918701172,1.3295499086380005,0.38861966133117676
135,-1.869547963142395,-1.1318690776824951,0.13733807502935336,0.18689108422646916,0.5841671248028676,0.9754571914672852,0.974206268787384,0.9754571914672852,0.974206268787384,1.217321753501892,0.974206268787384,0.30132484436035156,0.23091596364974976,0.30132484436035156,0.23091596364974976,0.4717184901237488,0.37725570797920227
136,-2.4546525478363037,-1.6214098930358887,0.3463932602728408,0.6870599704484145,0.36448398790011793,1.3825045824050903,1.2547235488891602,1.3825045824050903,1.2547235488891602,1.4823360443115234,1.463747262954712,0.9106712341308594,0.5322214365005493,0.9106712341308594,0.5322214365005493,0.9726629853248596,0.6413891911506653
137,-0.17961134016513824,-2.211617946624756,0.5354856964945796,0.8806537517532704,0.5720058239623904,1.4818055629730225,1.6707861423492432,1.4818055629730225,1.6707861423492432,1.606119990348816,2.053955316543579,1.2797350883483887,0.8058834075927734,1.2797350883483887,0.8058834075927734,1.3575870990753174,1.0004684925079346
138,-0.2962269186973572,-1.7268980741500854,0.11890430955837195,1.0112170998503767,0.6111126094435653,1.8969027996063232,1.1480344533920288,1.8969027996063232,1.1480344533920288,3.3078668117523193,1.5692353248596191,1.1450154781341553,0.04766440391540527,1.1450154781341553,0.04766440391540527,1.3428949117660522,0.25719982385635376
139,0.9841141700744629,-0.7005102038383484,0.09912051511307562,0.049909053904314715,0.626067158045868,1.2104823589324951,0.5428475737571716,1.2104823589324951,0.5428475737571716,1.2602925300598145,0.5428475737571716,0.41000837087631226,0.07907962799072266,0.41000837087631226,0.07907962799072266,0.4349571764469147,0.07945355772972107
140,2.2152111530303955,-0.22886863350868225,0.22850701628252856,0.09416618645191183,0.13973681872710586,0.12889757752418518,0.12889757752418518,0.12889757752418518,0.12889757752418518,0.3867051899433136,0.0712059736251831,0.12889757752418518,0.12717795372009277,0.12889757752418518,0.12717795372009277,0.09733709692955017,0.16667449474334717
141,1.6010948419570923,0.39830881357192993,0.34292407497142763,0.4373734651630123,0.15851608195031686,0.10137695074081421,0.6563955545425415,0.10137695074081421,0.6563955545425415,0.09391418099403381,0.6563955545425415,0.3852677345275879,0.18329152464866638,0.3852677345275879,0.18329152464866638,0.5208316445350647,0.14085568487644196
142,0.835549533367157,1.7247101068496704,0.3289669456829627,1.1236683285733065,0.4955475070079167,1.219851016998291,1.5164666175842285,1.219851016998291,1.5164666175842285,1.1444988250732422,1.8823728561401367,1.219851016998291,0.3561667203903198,1.219851016998291,0.3561667203903198,1.4384441375732422,0.5662328004837036
143,0.5153962969779968,1.44977605342865,0.16883032802492393,0.7325811387598515,0.77183726105839,0.7540348768234253,1.6074388027191162,0.7540348768234253,1.6074388027191162,1.22459876537323,1.6074388027191162,0.7540348768234253,0.11394929885864258,0.7540348768234253,0.11394929885864258,1.1232147216796875,0.4866357147693634
144,-0.6124826073646545,0.8408138751983643,0.14353478202596315,0.36231370599940405,0.5584381211921573,0.5517054200172424,0.9984766244888306,0.5517054200172424,0.9984766244888306,0.5837678909301758,0.9984766244888306,0.5517054200172424,0.0812874436378479,0.5517054200172424,0.0812874436378479,0.7387468814849854,0.2526405453681946
145,0.17948167026042938,0.2497449815273285,0.035314388237893624,0.27356514174491176,0.2349669322371482,0.08689823746681213,0.09604865312576294,0.08689823746681213,0.09604865312576294,0.3609639108181,0.4074077010154724,0.22442147135734558,0.1258305013179779,0.22442147135734558,0.1258305013179779,0.36947548389434814,0.14796417951583862
146,1.2260469198226929,-0.20093569159507751,0.11889435039212304,0.23384602329383286,0.13748862591882544,0.7934335470199585,0.23419898748397827,0.7934335470199585,0.23419898748397827,0.5914422869682312,0.04327303171157837,0.2669807970523834,0.034429341554641724,0.2669807970523834,0.034429341554641724,0.16839152574539185,0.13768580555915833
147,2.921466112136841,-0.18735790252685547,0.22518385835612814,0.12009442996854569,0.3091635164370138,0.9009993076324463,0.029695212841033936,0.9009993076324463,0.029695212841033936,0.7396578788757324,0.029695212841033936,0.2745315134525299,0.07076716423034668,0.2745315134525299,0.07076716423034668,0.19341936707496643,0.11803115904331207
148,0.7083984613418579,0.9445685148239136,0.5127760394103824,0.5440953608602287,0.11116990817710759,0.24371588230133057,1.0372884273529053,0.24371588230133057,1.0372884273529053,0.2065587043762207,1.0372884273529053,0.5132573843002319,0.1198124885559082,0.5132573843002319,0.1198124885559082,0.7752729058265686,0.32318979501724243
149,0.20696726441383362,2.0895943641662598,0.18570275178800077,1.54708474146823,0.5802795453245444,1.6704705953598022,1.7956948280334473,1.6704705953598022,1.7956948280334473,1.5390336513519287,2.2472569942474365,1.6704705953598022,0.20492088794708252,1.6704705953598022,0.20492088794708252,1.9097530841827393,0.4687361717224121
150,0.47320351004600525,1.044741153717041,0.0965056693926456,0.2878404840826987,0.8838677938655017,0.8494188785552979,1.2024040222167969,0.8494188785552979,1.2024040222167969,0.07245111465454102,1.2024040222167969,0.8494188785552979,0.014421463012695312,0.8494188785552979,0.014421463012695312,1.0106854438781738,0.15310737490653992
151,2.6186647415161133,0.28094589710235596,0.15391948724786442,0.11628896220276752,0.23421012206623945,0.2793768644332886,0.4386085867881775,0.2793768644332886,0.4386085867881775,0.31045955419540405,0.4386085867881775,0.2793768644332886,0.08759894967079163,0.2793768644332886,0.08759894967079163,0.3113672733306885,0.13118381798267365
152,1.9597854614257812,0.5686362981796265,0.47711308704068256,0.2087650861342748,0.10623079941918456,0.4348126947879791,0.4348126947879791,0.4348126947879791,0.4348126947879791,0.43994665145874023,0.6512141823768616,0.4348126947879791,0.12099245190620422,0.4348126947879791,0.12099245190620422,0.5430134534835815,0.21579112112522125
153,2.218792676925659,1.8296397924423218,0.3894601458807787,1.3609713731830315,0.302680947793027,1.4586824178695679,1.8123477697372437,1.4586824178695679,1.8123477697372437,1.6978760957717896,1.8123477697372437,1.4586824178695679,0.37668728828430176,1.4586824178695679,0.37668728828430176,1.6355150938034058,0.5123236775398254
154,1.5627611875534058,1.945940613746643,0.329294578743478,0.9332833016415436,0.9068354077761369,0.8626621961593628,1.2582203149795532,0.8626621961593628,1.2582203149795532,1.5011180639266968,2.1036033630371094,1.113565444946289,0.2893815040588379,1.113565444946289,0.2893815040588379,1.4413424730300903,0.7155138850212097
155,0.7320576310157776,1.9690618515014648,0.28950987901538583,1.1084756414592267,0.7945488862320782,1.2550779581069946,1.4468188285827637,1.2550779581069946,1.4468188285827637,1.7793917655944824,2.1267244815826416,1.2550779581069946,0.3116326332092285,1.2550779581069946,0.3116326332092285,1.5812859535217285,0.6651179194450378
156,0.9770628213882446,1.412800669670105,0.15673804799715674,0.7126937668273847,0.766841529260079,0.7473992109298706,1.5704634189605713,0.7473992109298706,1.5704634189605713,1.1808946132659912,1.5704634189605713,0.7473992109298706,0.0990678071975708,0.7473992109298706,0.0990678071975708,1.1082592010498047,0.46024808287620544
157,0.9456967711448669,0.8513610363006592,0.20538572994371262,0.3046591151629885,0.5647888060038287,0.5576715469360352,1.009023666381836,0.5576715469360352,1.009023666381836,0.5137202739715576,1.009023666381836,0.5576715469360352,0.15073204040527344,0.5576715469360352,0.15073204040527344,0.7163428068161011,0.29862040281295776
158,2.226475238800049,0.7231736183166504,0.214591231426845,0.45062828006843725,0.28142666202659405,0.43642815947532654,0.6081098318099976,0.43642815947532654,0.6081098318099976,0.6424375176429749,0.8808361887931824,0.43642815947532654,0.16271120309829712,0.43642815947532654,0.16271120309829712,0.5937454700469971,0.2946910858154297
159,0.6304949522018433,1.038375973701477,0.4192758572846652,0.4017675002664327,0.4408054097741842,0.07192075252532959,1.1960387229919434,0.07192075252532959,1.1960387229919434,0.32765257358551025,1.1960387229919434,0.47143256664276123,0.40200042724609375,0.47143256664276123,0.40200042724609375,0.6141676902770996,0.6173463463783264
160,0.5099111795425415,1.5026839971542358,0.17020142152905482,1.1368904057517648,0.41906484428793167,1.1922357082366943,1.3084241151809692,1.1922357082366943,1.3084241151809692,1.079723596572876,1.6603467464447021,1.1922357082366943,0.14053010940551758,1.1922357082366943,0.14053010940551758,1.3823204040527344,0.3441811203956604
161,0.36962366104125977,0.8879265785217285,0.13278614717225223,0.2527032782385745,0.7259099467347068,0.6927241683006287,1.0455894470214844,0.6927241683006287,1.0455894470214844,0.2268451452255249,1.0455894470214844,0.6927241683006287,0.05501824617385864,0.6927241683006287,0.05501824617385864,0.833177924156189,0.17480307817459106
162,0.4333195984363556,0.3672841191291809,0.13685434160754084,0.253515156712383,0.20038738463073968,0.17103740572929382,0.29047128558158875,0.17103740572929382,0.29047128558158875,0.41777023673057556,0.524946928024292,0.22261983156204224,0.06527310609817505,0.22261983156204224,0.06527310609817505,0.3472500145435333,0.17772310972213745
163,1.542586088180542,0.2699507176876068,0.14811789100989697,0.19322372527793052,0.15208177581429483,0.10078082978725433,0.23876413702964783,0.10078082978725433,0.23876413702964783,0.3032463788986206,0.42761340737342834,0.16160398721694946,0.07452276349067688,0.16160398721694946,0.07452276349067688,0.2637598216533661,0.16603337228298187
164,2.946428060531616,0.42196929454803467,0.302647153660655,0.20117181401699774,0.14162297148257497,0.24805182218551636,0.24805182218551636,0.24805182218551636,0.24805182218551636,0.07758539915084839,0.44378983974456787,0.24805182218551636,0.18263426423072815,0.24805182218551636,0.18263426423072815,0.3459208309650421,0.2731093466281891
165,2.090653419494629,1.2761012315750122,0.53965220844994,0.7065211705366767,0.25340052700291094,0.07788610458374023,1.2738919258117676,0.07788610458374023,1.2738919258117676,0.5971074104309082,1.2738919258117676,0.6976688504219055,0.29572898149490356,0.6976688504219055,0.29572898149490356,0.9857803583145142,0.49632611870765686
166,1.0927330255508423,2.6214418411254883,0.4565237230559194,1.5999425728743275,0.7884482196097569,1.8808856010437012,2.2229437828063965,1.8808856010437012,2.2229437828063965,1.9047847986221313,2.779104471206665,1.8808856010437012,0.6294435262680054,1.8808856010437012,0.6294435262680054,2.1749167442321777,0.9397549033164978
167,0.6272671818733215,1.943472981452942,0.1777714704101283,1.0167624580798051,0.9724117273775239,0.7821837663650513,1.1854326725006104,0.7821837663650513,1.1854326725006104,1.5812770128250122,2.101135730743408,1.1355791091918945,0.12889885902404785,1.1355791091918945,0.12889885902404785,1.5434355735778809,0.5973678231239319
168,1.264035701751709,1.096802830696106,0.14725527280320727,0.46793944391732434,0.7050809075993794,0.6757555603981018,1.2544655799865723,0.6757555603981018,1.2544655799865723,0.7204653024673462,1.2544655799865723,0.6757555603981018,0.07923436164855957,0.6757555603981018,0.07923436164855957,0.9213529825210571,0.3090841472148895
169,-0.17239998281002045,0.7326450347900391,0.2602471592773995,0.2694939853002627,0.4263766242315371,0.3659431040287018,0.8903077840805054,0.3659431040287018,0.8903077840805054,0.361759215593338,0.8903077840805054,0.44961628317832947,0.22152411937713623,0.44961628317832947,0.22152411937713623,0.5829269289970398,0.3534618616104126
170,2.9358222484588623,0.6419709324836731,0.049210810878624445,0.6260752357480427,0.19015756027152142,0.5999398231506348,0.5663773417472839,0.5999398231506348,0.5663773417472839,0.5963935256004333,0.7996336221694946,0.5999398231506348,0.03207820653915405,0.5999398231506348,0.03207820653915405,0.713424801826477,0.11856350302696228
171,1.6319411993026733,0.8201552629470825,0.5699052805826068,0.0859886967390775,0.5597112939134239,0.578766942024231,0.578766942024231,0.578766942024231,0.578766942024231,0.44236108660697937,0.9778178930282593,0.578766942024231,0.05776655673980713,0.578766942024231,0.05776655673980713,0.8180948495864868,0.27519145607948303
172,2.3931503295898438,1.4620908498764038,0.2807757077986994,1.4833107561307648,0.07852293963854495,1.4759232997894287,1.6794100999832153,1.4759232997894287,1.6794100999832153,1.521064281463623,1.6794100999832153,1.4759232997894287,0.15532469749450684,1.4759232997894287,0.15532469749450684,1.5776667594909668,0.12606310844421387
173,2.550968885421753,1.7289124727249146,0.31111465093369306,0.7245593567440904,0.9167111394616465,0.8076273798942566,1.8865752220153809,0.8076273798942566,1.8865752220153809,0.9708242416381836,1.8865752220153809,0.8076273798942566,0.19864344596862793,0.8076273798942566,0.19864344596862793,1.162628173828125,0.5858370065689087
174,3.834827423095703,2.30405592918396,0.5068141697098816,1.2397246543069678,0.7809897795816261,1.409388780593872,1.8777049779891968,1.409388780593872,1.8777049779891968,1.5516211986541748,2.4617185592651367,1.4619910717010498,0.6223057508468628,1.4619910717010498,0.6223057508468628,1.761142611503601,0.9377944469451904
175,3.227269172668457,2.8554327487945557,0.7256206831956904,1.3657680846254028,0.9875164169693988,1.1805180311203003,2.2205653190612793,1.1805180311203003,2.2205653190612793,1.1707301139831543,3.0130951404571533,1.7878763675689697,0.8887237310409546,1.7878763675689697,0.8887237310409546,2.050846576690674,1.300917387008667
176,1.863257884979248,3.83408260345459,0.7521907505765557,2.203557856753469,1.1018066705390805,2.8852059841156006,3.1618356704711914,2.8852059841156006,3.1618356704711914,2.8826310634613037,3.9917452335357666,2.8852059841156006,1.2058825492858887,2.8852059841156006,1.2058825492858887,3.1623306274414062,1.5955886840820312
177,2.335629940032959,2.93088960647583,0.2754637300719822,1.7115366284300884,1.167361922388275,1.77220618724823,2.0183920860290527,1.77220618724823,2.0183920860290527,2.5689444541931152,3.088552236557007,2.025339126586914,0.33872461318969727,2.025339126586914,0.33872461318969727,2.4223697185516357,0.8697231411933899
178,0.9554561972618103,1.9355080127716064,0.2962266845752797,0.8752835027625165,0.9874706190576152,0.897826075553894,2.0931708812713623,0.897826075553894,2.0931708812713623,1.1591044664382935,2.0931708812713623,0.897826075553894,0.1973433494567871,0.897826075553894,0.1973433494567871,1.316794514656067,0.6602162718772888
179,-0.45835089683532715,1.9121581315994263,0.20325050069640094,1.1811516183490556,0.7512286869684852,1.2906018495559692,1.4171414375305176,1.2906018495559692,1.4171414375305176,1.7306491136550903,2.0698208808898926,1.2906018495559692,0.2054898738861084,1.2906018495559692,0.2054898738861084,1.6146667003631592,0.5500472187995911
180,1.2228394746780396,0.9494511485099792,0.0070223388262093955,0.42433015961200016,0.7415713244862852,0.7278202176094055,1.1071138381958008,0.7278202176094055,1.1071138381958008,0.515315055847168,1.1071138381958008,0.7278202176094055,0.06040388345718384,0.7278202176094055,0.06040388345718384,0.9561265707015991,0.19453835487365723
181,1.6646223068237305,0.24337825179100037,0.2737785120680928,0.17877838371321547,0.3718507978506385,0.3044969439506531,0.4010409414768219,0.3044969439506531,0.4010409414768219,0.5110518336296082,0.4010409414768219,0.42911794781684875,0.17824026942253113,0.42911794781684875,0.17824026942253113,0.521257221698761,0.11189880967140198
182,1.486231803894043,0.3287305235862732,0.2471562244494755,0.5522056579714021,0.2471587142224113,0.3044280707836151,0.6371229290962219,0.3044280707836151,0.6371229290962219,0.5746753215789795,0.48639318346977234,0.47643494606018066,0.09032371640205383,0.47643494606018066,0.09032371640205383,0.36360466480255127,0.0890011191368103
183,1.6130510568618774,1.3887470960617065,0.2937949582375585,0.7866626463271678,0.5317624043300748,0.832592785358429,1.0959532260894775,0.832592785358429,1.0959532260894775,1.126478910446167,1.546410083770752,0.832592785358429,0.2866842746734619,0.832592785358429,0.2866842746734619,1.0858696699142456,0.5159424543380737
184,0.565454363822937,1.3924304246902466,0.292834475487471,0.6677493771165608,0.6553191272914407,0.6534745693206787,0.9560789465904236,0.6534745693206787,0.9560789465904236,1.248551368713379,1.5500929355621338,0.71556156873703,0.2693430185317993,0.71556156873703,0.2693430185317993,1.0191998481750488,0.5559468269348145
185,0.5581808090209961,1.2546437978744507,0.15181840586786466,0.7644354223211605,0.5618626440999409,0.7812135815620422,0.8740956783294678,0.7812135815620422,0.8740956783294678,1.281117558479309,1.412306547164917,0.7812135815620422,0.10580599308013916,0.7812135815620422,0.10580599308013916,1.0570907592773438,0.37212932109832764
186,0.5865470767021179,0.7272449135780334,0.15002196788787847,0.23996421631425618,0.5607314633950591,0.5556825399398804,0.8849076628684998,0.5556825399398804,0.8849076628684998,0.33474937081336975,0.8849076628684998,0.5556825399398804,0.08583295345306396,0.5556825399398804,0.08583295345306396,0.6811079978942871,0.1962764859199524
187,-1.3237063884735107,0.4010976552963257,0.1678209256815414,0.2716580769854287,0.18509135684619343,0.23202508687973022,0.348882257938385,0.23202508687973022,0.348882257938385,0.4554659426212311,0.558760404586792,0.24413879215717316,0.09981784224510193,0.24413879215717316,0.09981784224510193,0.3603835105895996,0.20073330402374268
188,-1.6437588930130005,0.014935575425624847,0.19626266639679668,0.33408719595521685,0.10058372028172019,0.2708505094051361,0.03452658653259277,0.2708505094051361,0.03452658653259277,0.38514024019241333,0.03452658653259277,0.2708505094051361,0.15207165479660034,0.2708505094051361,0.15207165479660034,0.15268854796886444,0.12486797571182251
189,0.14738385379314423,-0.9506429433822632,0.31097358026852207,0.5486434856926402,0.13244679699341455,1.5640664100646973,1.0108405351638794,1.5640664100646973,1.0108405351638794,2.397204875946045,1.0108405351638794,0.6122958660125732,0.2579059600830078,0.6122958660125732,0.2579059600830078,0.8115682005882263,0.21818101406097412
190,0.24226318299770355,-1.2474699020385742,0.1600792211418347,0.6569328196595113,0.5271436291063822,1.3924593925476074,0.7390954494476318,1.3924593925476074,0.7390954494476318,2.531391143798828,1.0898072719573975,0.7439719438552856,0.027584195137023926,0.7439719438552856,0.027584195137023926,0.9278421998023987,0.17900246381759644
191,-0.2952970862388611,-0.4925401508808136,0.13374771642188232,0.16435586447517075,0.5671710573633512,1.0800106525421143,0.33487746119499207,1.0800106525421143,0.33487746119499207,1.061181664466858,0.33487746119499207,0.43703150749206543,0.00013369321823120117,0.43703150749206543,0.00013369321823120117,0.40367552638053894,0.03084595501422882
192,-0.8812935948371887,-0.04320000857114792,0.04227868946890034,0.1639302592600385,0.025936342490216036,0.11265585571527481,0.061305299401283264,0.11265585571527481,0.061305299401283264,0.02112385630607605,0.061305299401283264,0.11265585571527481,0.0486719012260437,0.11265585571527481,0.0486719012260437,0.08698058128356934,0.02582710236310959
193,-3.0186049938201904,-0.3874222934246063,0.0808778557429711,0.07322771696994704,0.009844016494850283,0.36815372109413147,0.1840166449546814,0.36815372109413147,0.1840166449546814,0.7272441387176514,0.31792929768562317,0.1840166449546814,0.07950976490974426,0.1840166449546814,0.07950976490974426,0.2509729862213135,0.07251696288585663
194,-3.0160317420959473,-1.5381609201431274,0.7284389597487948,0.3379042312813302,0.2483450546984871,1.2910865545272827,0.8656737208366394,1.2910865545272827,0.8656737208366394,1.8692305088043213,1.2803730964660645,0.8656737208366394,0.09268271923065186,0.8656737208366394,0.09268271923065186,1.0730234384536743,0.3291417360305786
195,-2.4877915382385254,-3.0059499740600586,0.874510301779956,1.4639377873577175,0.44402921050786937,3.051884412765503,2.585038900375366,3.051884412765503,2.585038900375366,3.4730145931243896,2.585038900375366,1.918825626373291,0.35036420822143555,1.918825626373291,0.35036420822143555,2.251932144165039,0.9432321190834045
196,-1.8406786918640137,-2.967931032180786,0.6123756073415283,1.4543153760582208,0.6777673743665216,2.350759267807007,2.328343391418457,2.350759267807007,2.328343391418457,2.5809357166290283,2.8102684020996094,2.0400843620300293,1.0654551982879639,2.0400843620300293,1.0654551982879639,2.1102986335754395,1.2822142839431763
197,-2.3009986877441406,-2.3662734031677246,0.32553000648816455,1.1492396590982874,0.6680310631667572,1.9149235486984253,1.7267378568649292,1.9149235486984253,1.7267378568649292,2.467923641204834,2.208610773086548,1.581010103225708,0.6456835269927979,1.581010103225708,0.6456835269927979,1.6846766471862793,0.8693645596504211
198,-1.056220531463623,-2.1806764602661133,0.45105870266755455,0.8549981828530628,0.6511466619124014,1.2903884649276733,1.5583999156951904,1.2903884649276733,1.5583999156951904,1.6560089588165283,2.0230135917663574,1.2903884649276733,0.7229104042053223,1.2903884649276733,0.7229104042053223,1.3731842041015625,0.9497999548912048
199,-2.6042025089263916,-1.9379976987838745,0.0912877767533069,1.0157420718669887,0.6074949373304842,1.8339730501174927,1.3619911670684814,1.8339730501174927,1.3619911670684814,2.4207262992858887,1.780334711074829,1.293402910232544,0.32076025009155273,1.293402910232544,0.32076025009155273,1.4343769550323486,0.5301376581192017
200,-1.3468101024627686,-1.7299617528915405,0.4872095496331653,0.41917160493632144,0.6001079239075384,0.9417952299118042,1.5722990036010742,0.9417952299118042,1.5722990036010742,1.9199185371398926,1.5722990036010742,0.3358747959136963,0.759137749671936,0.3358747959136963,0.759137749671936,0.7085486650466919,0.9383828043937683
201,-2.9875481128692627,-2.0956358909606934,0.21602641440928005,1.1840195240452882,0.47211703967303054,2.20629620552063,1.6365243196487427,2.20629620552063,1.6365243196487427,2.443615674972534,1.9379730224609375,1.4656537771224976,0.47721850872039795,1.4656537771224976,0.47721850872039795,1.5624144077301025,0.6272151470184326
202,-4.6496992111206055,-2.0940070152282715,0.6437855443234246,0.5953262280921141,0.6314223299796381,0.9832271337509155,0.858875036239624,0.9832271337509155,0.858875036239624,2.191941022872925,1.9363441467285156,0.858875036239624,1.021994709968567,0.858875036239624,1.021994709968567,1.0850586891174316,1.0772422552108765
203,-3.7433314323425293,-3.727907657623291,1.4537597418949009,1.4866441335156562,0.5640311077982183,3.008582592010498,3.2157716751098633,3.008582592010498,3.2157716751098633,3.8846588134765625,3.2157716751098633,2.078598737716675,0.5133693218231201,2.078598737716675,0.5133693218231201,2.6471853256225586,1.391118049621582
204,-2.227015733718872,-4.344862937927246,1.2813098573933037,2.1844860672826565,0.6555943388367704,3.980756998062134,3.705923557281494,3.980756998062134,3.705923557281494,4.1017584800720215,3.705923557281494,3.052733898162842,0.5721874237060547,3.052733898162842,0.5721874237060547,3.379328727722168,1.5067527294158936
205,-2.8239941596984863,-3.015683650970459,0.5256162247310088,1.6766153843576705,0.5899793674672642,2.8584554195404053,2.376680850982666,2.8584554195404053,2.376680850982666,3.882807493209839,2.8580210208892822,2.1737358570098877,0.9876351356506348,2.1737358570098877,0.9876351356506348,2.244555950164795,1.1540300846099854
206,-0.4097367823123932,-2.651283025741577,0.6684020473311345,1.0828370467076698,0.6765710188696783,1.6491929292678833,2.0054359436035156,1.6491929292678833,2.0054359436035156,2.3416030406951904,2.4936201572418213,1.6491929292678833,1.0551408529281616,1.6491929292678833,1.0551408529281616,1.698375940322876,1.2691301107406616
207,-0.567597508430481,-1.9578770399093628,0.07492955281088731,1.1724885821466646,0.63684533615907,2.1176681518554688,1.3501687049865723,2.1176681518554688,1.3501687049865723,3.603952646255493,1.8002142906188965,1.3442107439041138,0.12347722053527832,1.3442107439041138,0.12347722053527832,1.5380396842956543,0.34035396575927734
208,-1.2942571640014648,-0.8330845832824707,0.07027777791644146,0.04918451146533087,0.6307051753190658,1.2724603414535522,0.6754218935966492,1.2724603414535522,0.6754218935966492,1.3595163822174072,0.6754218935966492,0.37977585196495056,0.1937342882156372,0.37977585196495056,0.1937342882156372,0.4327351748943329,0.19598388671875
209,-0.9806510210037231,-0.824004054069519,0.15230137856056308,0.1876779530321558,0.2605520480622847,0.11448848247528076,0.6663413643836975,0.11448848247528076,0.6663413643836975,0.4804271161556244,0.6663413643836975,0.11448848247528076,0.2636367082595825,0.11448848247528076,0.2636367082595825,0.2579658031463623,0.3969722390174866
210,-0.9682989120483398,-1.174195647239685,0.08130975066994639,0.5470613415104648,0.3223518806447584,1.0541136264801025,0.8340569734573364,1.0541136264801025,0.8340569734573364,1.1863532066345215,1.0165328979492188,0.6920661926269531,0.2243790626525879,0.6920661926269531,0.2243790626525879,0.7607824802398682,0.3199467062950134
211,-0.11583482474088669,-1.1343605518341064,0.04194415752465519,0.37076774461815754,0.4981758560674887,0.4298243522644043,0.9766977429389954,0.4298243522644043,0.9766977429389954,0.8988708257675171,0.9766977429389954,0.303913950920105,0.17382776737213135,0.303913950920105,0.17382776737213135,0.548230767250061,0.40235915780067444
212,-2.2198336124420166,-0.915012001991272,0.10779940658559384,0.3644791224847237,0.4348596116776267,0.6545089483261108,0.7573493123054504,0.6545089483261108,0.7573493123054504,1.4359830617904663,0.7573493123054504,0.2851412296295166,0.017074167728424072,0.2851412296295166,0.017074167728424072,0.512190580368042,0.24444039165973663
213,-1.8335292339324951,-0.9114854335784912,0.3610160038744411,0.07242708465705328,0.3994238399465879,0.4449861943721771,0.7538227438926697,0.4449861943721771,0.7538227438926697,1.4318647384643555,0.7538227438926697,0.15314847230911255,0.07036441564559937,0.15314847230911255,0.07036441564559937,0.4267596900463104,0.27066510915756226
214,-2.3661601543426514,-1.7999447584152222,0.38848921494558464,1.014609991516918,0.1733727583289144,2.2836644649505615,1.6018545627593994,2.2836644649505615,1.6018545627593994,2.7945327758789062,1.6018545627593994,1.1965703964233398,0.04919564723968506,1.1965703964233398,0.04919564723968506,1.3992124795913696,0.3419703245162964
215,-2.651963949203491,-2.1982219219207764,0.47992739499857073,0.856190336582561,0.6386315159251292,1.2890642881393433,1.59098482131958,1.2890642881393433,1.59098482131958,1.5602221488952637,2.0405592918395996,1.2890642881393433,0.752206563949585,1.2890642881393433,0.752206563949585,1.3704442977905273,0.9747817516326904
216,-2.071509599685669,-2.6462693214416504,0.6445326226328815,1.154175621842344,0.6240884025519096,1.9832701683044434,2.070984363555908,1.9832701683044434,2.070984363555908,2.2415966987609863,2.070984363555908,1.6569712162017822,0.5008151531219482,1.6569712162017822,0.5008151531219482,1.8639777898788452,0.9611136317253113
217,-1.3091679811477661,-2.574998378753662,0.43536992169916644,1.2569561088457708,0.6591996737942094,2.0612077713012695,1.9589242935180664,2.0612077713012695,1.9589242935180664,2.28863787651062,2.4173357486724854,1.7375233173370361,0.7956128120422363,1.7375233173370361,0.7956128120422363,1.8312675952911377,1.0169837474822998
218,-0.9995691776275635,-1.9278491735458374,0.13649792184432363,0.9109570298840601,0.6569215474029382,1.5810717344284058,1.2986611127853394,1.5810717344284058,1.2986611127853394,2.2921302318573,1.770186424255371,1.227618932723999,0.3690207004547119,1.227618932723999,0.3690207004547119,1.364493727684021,0.5968319177627563
219,-2.0637264251708984,-1.3904613256454468,0.03761805732424062,0.5198538280713063,0.6095168850446739,0.8749263882637024,1.2327988147735596,0.8749263882637024,1.2327988147735596,1.5407333374023438,1.2327988147735596,0.38603079319000244,0.1924964189529419,0.38603079319000244,0.1924964189529419,0.7136755585670471,0.4931976795196533
220,-1.2832379341125488,-1.462599277496338,0.3446441176409525,0.395301579410831,0.499180906030039,0.40831196308135986,1.3049366474151611,0.40831196308135986,1.3049366474151611,0.9005240797996521,1.3049366474151611,0.2872980833053589,0.4907172918319702,0.2872980833053589,0.4907172918319702,0.5511969327926636,0.7236738801002502
221,-0.3570924997329712,-1.784737229347229,0.17412605052193042,0.9292555574451883,0.45788294696559484,1.70184326171875,1.3374652862548828,1.70184326171875,1.3374652862548828,1.8978240489959717,1.6270744800567627,1.1741639375686646,0.38809382915496826,1.1741639375686646,0.38809382915496826,1.2696123123168945,0.5364589095115662
222,-1.245524287223816,-1.2392905950546265,0.08906499953940505,0.485088768284768,0.619794151894748,1.1785606145858765,1.0816278457641602,1.1785606145858765,1.0816278457641602,2.0103070735931396,1.0816278457641602,0.4099840521812439,0.05405068397521973,0.4099840521812439,0.05405068397521973,0.71638023853302,0.3486952781677246
223,-1.1401243209838867,-0.8337931036949158,0.08582803143809226,0.052726082118849105,0.47176631572345895,0.5875179767608643,0.6761304140090942,0.5875179767608643,0.6761304140090942,1.0422426462173462,0.6761304140090942,0.2444583773612976,0.20044970512390137,0.2444583773612976,0.20044970512390137,0.37767013907432556,0.2663200795650482
224,-1.5026044845581055,-1.1334574222564697,0.13048214825491122,0.5271719463045399,0.25233065328250315,1.1083106994628906,0.8560559153556824,1.1083106994628906,0.8560559153556824,1.1910076141357422,0.9757947325706482,0.6615457534790039,0.27026140689849854,0.6615457534790039,0.27026140689849854,0.7059082984924316,0.3337196707725525
225,-0.7016525864601135,-1.3671071529388428,0.18648897745956983,0.464166890953978,0.4929786101107795,0.34014642238616943,1.209444522857666,0.34014642238616943,1.209444522857666,0.9165579080581665,1.209444522857666,0.30021703243255615,0.3383547067642212,0.30021703243255615,0.3383547067642212,0.594146192073822,0.605191707611084
226,-0.9770808815956116,-1.333760380744934,0.0004931313668690152,0.6296003675522905,0.48118035093570766,1.1690860986709595,0.8580340147018433,1.1690860986709595,0.8580340147018433,1.5697124004364014,1.1760976314544678,0.7990461587905884,0.15412580966949463,0.7990461587905884,0.15412580966949463,0.9249055981636047,0.31712526082992554
227,-1.8537869453430176,-0.9975460767745972,0.029030274040997117,0.22175134215503922,0.5232917861640454,0.6225723028182983,0.8398833870887756,0.6225723028182983,0.8398833870887756,0.9224059581756592,0.8398833870887756,0.30499744415283203,0.14114153385162354,0.30499744415283203,0.14114153385162354,0.4793408513069153,0.3015528917312622
228,-3.1458654403686523,-1.2890640497207642,0.3106615237767498,0.39183558574567257,0.3630942657838263,0.732191801071167,0.9124878644943237,0.732191801071167,0.9124878644943237,0.8482362031936646,1.1314013004302979,0.57790207862854,0.4516345262527466,0.57790207862854,0.4516345262527466,0.6425179243087769,0.564372181892395
229,-3.100996971130371,-2.3753018379211426,0.8080746611704424,0.8778182192643484,0.4659362830718363,1.7593833208084106,1.9328702688217163,1.7593833208084106,1.9328702688217163,2.3492507934570312,1.9328702688217163,1.2402584552764893,0.33628153800964355,1.2402584552764893,0.33628153800964355,1.586564302444458,0.8509400486946106
230,-2.915249824523926,-3.3133656978607178,0.8963504077369966,1.5600040107096236,0.6335386049995821,2.931450128555298,2.736051321029663,2.931450128555298,2.736051321029663,3.0937511920928955,2.736051321029663,2.190098285675049,0.5531060695648193,2.190098285675049,0.5531060695648193,2.4630746841430664,1.1766438484191895
231,-4.430099010467529,-3.2330105304718018,0.7931989712268115,1.528411353267729,0.6879277699813251,2.316715717315674,2.591153144836426,2.316715717315674,2.591153144836426,2.66045880317688,2.591153144836426,2.1943819522857666,0.5729057788848877,2.1943819522857666,0.5729057788848877,2.3927674293518066,1.1539170742034912
232,-2.8687586784362793,-3.8228278160095215,1.3631501682599385,1.5090562312801679,0.7271487420548999,2.3101654052734375,3.181701898574829,2.3101654052734375,3.181701898574829,3.116687297821045,3.181701898574829,2.3101654052734375,0.7174429893493652,2.3101654052734375,0.7174429893493652,2.7459335327148438,1.5533702373504639
233,-2.5632870197296143,-3.787923812866211,0.8876552810147404,2.0378021726012236,0.6389936848357314,3.5684244632720947,3.1506478786468506,3.5684244632720947,3.1506478786468506,3.6199865341186523,3.1506478786468506,2.757087230682373,0.49445295333862305,2.757087230682373,0.49445295333862305,2.9538674354553223,1.2110414505004883
234,-2.4756298065185547,-2.856044292449951,0.6173284077520176,1.3674285165468847,0.6478146937365337,2.1162281036376953,2.2144789695739746,2.1162281036376953,2.2144789695739746,2.8983981609344482,2.6983816623687744,1.931544303894043,1.069538950920105,1.931544303894043,1.069538950920105,1.9872004985809326,1.2543556690216064
235,-2.7908895015716553,-2.7162883281707764,0.5722253595665097,1.240981894172728,0.6796086384356024,1.8442590236663818,2.0802009105682373,1.8442590236663818,2.0802009105682373,2.0849156379699707,2.5586259365081787,1.7887393236160278,0.9655216932296753,1.7887393236160278,0.9655216932296753,1.8608698844909668,1.1895729303359985
236,-3.095082998275757,-2.814108371734619,0.6919222229346633,1.2202113583311436,0.6785021160542968,1.7969921827316284,2.1884570121765137,1.7969921827316284,2.1884570121765137,2.1811041831970215,2.1884570121765137,1.7969921827316284,0.5528454780578613,1.7969921827316284,0.5528454780578613,1.9927246570587158,1.04925537109375
237,-1.9827808141708374,-3.1489675045013428,0.8448559220756091,1.397141650679211,0.6834970189134282,2.250303268432617,2.5272674560546875,2.250303268432617,2.5272674560546875,2.615682363510132,2.5272674560546875,2.0421266555786133,0.5900297164916992,2.0421266555786133,0.5900297164916992,2.2846970558166504,1.1752326488494873
238,-0.7629567384719849,-2.750366687774658,0.4214576761238278,1.4420050368830561,0.6634313003532588,2.481902599334717,2.116490364074707,2.481902599334717,2.116490364074707,2.8959836959838867,2.5927040576934814,1.934908151626587,0.8194581270217896,1.934908151626587,0.8194581270217896,2.0316901206970215,1.0368735790252686
239,-1.1165980100631714,-1.6919091939926147,0.016701602401832272,0.8206850931917627,0.6644530287881689,1.4905073642730713,1.0508850812911987,1.4905073642730713,1.0508850812911987,2.7229790687561035,1.5342464447021484,1.0401761531829834,0.17325985431671143,1.0401761531829834,0.17325985431671143,1.2180744409561157,0.39986366033554077
240,-1.1660369634628296,-1.090967059135437,0.04737046610564,0.24105987463146428,0.5790640439838173,0.8439264893531799,0.9333043694496155,0.8439264893531799,0.9333043694496155,1.1418744325637817,0.9333043694496155,0.3308219909667969,0.15881109237670898,0.3308219909667969,0.15881109237670898,0.5222131013870239,0.3302573263645172
241,-3.1134986877441406,-1.1749508380889893,0.1154571340729792,0.45719613344719034,0.3788247769450147,0.8050416111946106,0.7826617956161499,0.8050416111946106,0.7826617956161499,0.9607223272323608,1.0172879695892334,0.6209123730659485,0.2561008930206299,0.6209123730659485,0.2561008930206299,0.7031022310256958,0.3771568536758423
242,-2.562803030014038,-1.9240459203720093,0.7276792540773747,0.49755450151860736,0.4753394903615118,1.1429104804992676,0.9055440425872803,1.1429104804992676,0.9055440425872803,1.5552639961242676,1.4528688192367554,0.9055440425872803,0.2868638038635254,0.9055440425872803,0.2868638038635254,1.179206371307373,0.6022462248802185
243,-1.0345544815063477,-2.927926540374756,0.6972939613461495,1.4973043412342668,0.5098555633798241,2.988609790802002,2.4472875595092773,2.988609790802002,2.4472875595092773,3.125156879425049,2.4472875595092773,1.9737399816513062,0.40804553031921387,1.9737399816513062,0.40804553031921387,2.2105138301849365,0.9168310761451721
244,-0.4708612561225891,-2.056642532348633,0.0660655392706393,1.1058135934546587,0.6612907252088194,1.9526628255844116,1.4153053760528564,1.9526628255844116,1.4153053760528564,3.1178531646728516,1.898979902267456,1.3849105834960938,0.3107137680053711,1.3849105834960938,0.3107137680053711,1.54205322265625,0.5324395298957825
245,-0.2006838321685791,-1.142430305480957,0.07813743631045045,0.3559359505524239,0.6411591168244681,1.2972159385681152,0.9847676157951355,1.2972159385681152,0.9847676157951355,1.8461005687713623,0.9847676157951355,0.4069535732269287,0.05526578426361084,0.4069535732269287,0.05526578426361084,0.6560302376747131,0.28603261709213257
246,-2.0342061519622803,-0.6928387880325317,0.09377621871108793,0.1265482223716874,0.43659410995741676,0.6104063391685486,0.5351760983467102,0.6104063391685486,0.5351760983467102,0.9208585023880005,0.5351760983467102,0.2819182574748993,0.02110588550567627,0.2819182574748993,0.02110588550567627,0.39257484674453735,0.12965081632137299
247,-1.125199556350708,-0.8447040319442749,0.3494150582452614,0.007977131555477746,0.27979343083997577,0.6334950923919678,0.4392259120941162,0.6334950923919678,0.4392259120941162,1.0064867734909058,0.6870413422584534,0.4392259120941162,0.11359059810638428,0.4392259120941162,0.11359059810638428,0.5167859196662903,0.16008806228637695
248,-2.852705717086792,-1.4835532903671265,0.15271874390542495,0.9085415823385121,0.19882028970867405,1.9737579822540283,1.2567565441131592,1.9737579822540283,1.2567565441131592,2.0336735248565674,1.3258905410766602,1.0515496730804443,0.3234074115753174,1.0515496730804443,0.3234074115753174,1.0778083801269531,0.35978591442108154
249,-2.028859853744507,-1.867356300354004,0.5882498080035051,0.46625416138519804,0.5893795373414957,0.7794464826583862,1.709693431854248,0.7794464826583862,1.709693431854248,1.923714280128479,1.709693431854248,0.3464787006378174,0.8221290111541748,0.3464787006378174,0.8221290111541748,0.7665567994117737,1.0479519367218018
250,-1.7725886106491089,-2.5344185829162598,0.4702137358362479,1.3446069097767277,0.4961252628887687,2.612386465072632,2.06156849861145,2.612386465072632,2.06156849861145,2.788105010986328,2.376755952835083,1.7359614372253418,0.8156336545944214,1.7359614372253418,0.8156336545944214,1.816977858543396,0.9694892168045044
251,-0.3561067283153534,-2.079623222351074,0.2759010502199333,0.919184346149365,0.6610651515672605,1.4465245008468628,1.443968415260315,1.4465245008468628,1.443968415260315,1.9999996423721313,1.9219605922698975,1.3057031631469727,0.5385922193527222,1.3057031631469727,0.5385922193527222,1.4139926433563232,0.7665504217147827
252,-0.987339198589325,-1.4813846349716187,0.08721022795264943,0.7191585478434963,0.6259636406662563,1.3948291540145874,0.8882409930229187,1.3948291540145874,0.8882409930229187,2.4989326000213623,1.3237218856811523,0.8815901279449463,0.07264423370361328,0.8815901279449463,0.07264423370361328,1.0733181238174438,0.289941668510437
253,1.2712547779083252,-0.822796106338501,0.013685709883769492,0.039073545535405596,0.5465641765048104,0.8481919765472412,0.6651334166526794,0.8481919765472412,0.6651334166526794,0.9811818599700928,0.6651334166526794,0.3003077507019043,0.0976104736328125,0.3003077507019043,0.0976104736328125,0.3884197473526001,0.17574408650398254
254,0.7986906170845032,-0.5537444949150085,0.2866334595965842,0.3932830512647828,0.22362222883229443,1.4087002277374268,0.27665194869041443,1.4087002277374268,0.27665194869041443,1.339005708694458,0.27665194869041443,0.4073878526687622,0.14928129315376282,0.4073878526687622,0.14928129315376282,0.3420199155807495,0.1061318963766098
255,0.6475894451141357,0.05613379925489426,0.14328324143464366,0.5956169219377141,0.4592936226477226,0.4654941260814667,0.5007834434509277,0.4654941260814667,0.5007834434509277,0.6255013942718506,0.21379655599594116,0.4654941260814667,0.017711475491523743,0.4654941260814667,0.017711475491523743,0.28456825017929077,0.20105385780334473
256,0.8380157947540283,0.757839560508728,0.16775014545147626,0.35438996498783426,0.4591720052746434,0.47114863991737366,0.91550213098526,0.47114863991737366,0.91550213098526,0.6171385049819946,0.91550213098526,0.47114863991737366,0.11184674501419067,0.47114863991737366,0.11184674501419067,0.6482262015342712,0.28014934062957764
257,1.847733736038208,0.5707361698150635,0.20174209309120972,0.29850471944858625,0.29396203168978297,0.1989818811416626,0.4307491183280945,0.1989818811416626,0.4307491183280945,0.5131617188453674,0.728398859500885,0.2775292992591858,0.14725813269615173,0.2775292992591858,0.14725813269615173,0.445278137922287,0.28851228952407837
258,1.5840851068496704,0.7847548127174377,0.3519410793669522,0.3686474562063812,0.28763895155861985,0.08349382877349854,0.7014870047569275,0.08349382877349854,0.7014870047569275,0.23675107955932617,0.7014870047569275,0.3582770526409149,0.32785680890083313,0.3582770526409149,0.32785680890083313,0.52988201379776,0.4411690831184387
259,4.445440769195557,1.3953959941864014,0.314734106430163,0.8995824288701015,0.4045521333006523,0.9463974833488464,1.2407845258712769,0.9463974833488464,1.2407845258712769,0.8853452205657959,1.5530586242675781,0.9463974833488464,0.3085644245147705,0.9463974833488464,0.3085644245147705,1.1384193897247314,0.4807496666908264
260,5.970101833343506,2.0414462089538574,0.8073565285031994,0.6831943431620799,0.7743680117030937,0.8108593225479126,0.8108593225479126,0.8108593225479126,0.8108593225479126,0.620827317237854,2.199108839035034,0.8108593225479126,0.7914336919784546,0.8108593225479126,0.7914336919784546,1.125690221786499,1.069143295288086
261,7.036218166351318,4.740131855010986,1.4479396928598485,2.52699281067898,0.9886720258866735,2.5372538566589355,4.3286051750183105,2.5372538566589355,4.3286051750183105,3.61661434173584,4.3286051750183105,3.1899051666259766,1.2847027778625488,3.1899051666259766,1.2847027778625488,3.7592551708221436,1.9526095390319824
262,7.560663223266602,6.231558322906494,1.696974633373319,3.3014521411806346,1.456604222767056,4.309641361236572,5.240364074707031,4.309641361236572,5.240364074707031,4.740499496459961,5.240364074707031,4.826868057250977,1.8079633712768555,4.826868057250977,1.8079633712768555,5.033616065979004,2.741218090057373
263,7.3025689125061035,6.635032653808594,1.7951799904182555,3.54989882208407,1.5134265157207833,4.8927154541015625,5.518733024597168,4.8927154541015625,5.518733024597168,5.277724266052246,5.518733024597168,5.116601943969727,1.7715420722961426,5.116601943969727,1.7715420722961426,5.317667484283447,2.8478469848632812
264,6.6387939453125,6.725497245788574,1.7902112478887036,3.6457323810582354,1.5130262912561507,5.172824859619141,5.560944080352783,5.172824859619141,5.560944080352783,5.551734924316406,5.560944080352783,5.172824859619141,1.6578388214111328,5.172824859619141,1.6578388214111328,5.366884231567383,2.811697483062744
265,7.624134540557861,6.5747456550598145,1.6835660071422662,3.609665713061889,1.5049870861073327,4.970628261566162,5.393890857696533,4.970628261566162,5.393890857696533,5.252170562744141,5.393890857696533,5.087151050567627,1.545809268951416,5.087151050567627,1.545809268951416,5.24052095413208,2.6915669441223145
266,8.027255058288574,6.624125003814697,1.7771377788111566,3.4535325283557174,1.6169273710623386,4.405994415283203,5.450790882110596,4.405994415283203,5.450790882110596,4.9427361488342285,5.450790882110596,5.002690315246582,1.9278154373168945,5.002690315246582,1.9278154373168945,5.226740837097168,2.944141149520874
267,7.104379653930664,6.781675338745117,1.8598957242816683,3.6225269243121145,1.5227253645658498,4.98635196685791,5.63242244720459,4.98635196685791,5.63242244720459,5.446615695953369,5.63242244720459,5.152627944946289,1.767477035522461,5.152627944946289,1.767477035522461,5.3925251960754395,2.8920481204986572
268,6.8182549476623535,6.770458221435547,1.7894099198281772,3.7163942196220154,1.4881267563998692,5.203052520751953,5.587890148162842,5.203052520751953,5.587890148162842,5.56612491607666,5.587890148162842,5.203052520751953,1.5540876388549805,5.203052520751953,1.5540876388549805,5.395471572875977,2.76516056060791
269,4.629418849945068,6.588687419891357,1.6995383921762302,3.562151035157343,1.5504706669722994,4.448055744171143,5.396379470825195,4.448055744171143,5.396379470825195,4.871467113494873,5.396379470825195,5.035638332366943,1.6397480964660645,5.035638332366943,1.6397480964660645,5.216009140014648,2.7552051544189453
270,4.369279384613037,5.653449535369873,1.1780049789324414,3.4002625730261196,1.2986551346629858,4.348018169403076,4.486544609069824,4.348018169403076,4.486544609069824,4.806987762451172,5.811112880706787,4.485560894012451,1.8321161270141602,4.485560894012451,1.8321161270141602,4.699024200439453,2.399667739868164
271,5.554164409637451,4.764483451843262,0.9097178286065661,2.661072954734167,1.4171658197542025,1.8138067722320557,3.607973098754883,1.8138067722320557,3.607973098754883,3.1450490951538086,4.922146797180176,3.637977123260498,1.379267930984497,3.637977123260498,1.379267930984497,3.8635315895080566,1.9768216609954834
272,4.085626125335693,5.098184108734131,1.2429136607175062,2.6522646037985886,1.4264780417953928,3.2712507247924805,4.087035655975342,3.2712507247924805,4.087035655975342,3.2671420574188232,5.2558465003967285,3.933603286743164,1.998063564300537,3.933603286743164,1.998063564300537,4.030838489532471,2.5036725997924805
273,3.692513942718506,5.0601396560668945,1.0204362947866334,3.03099635336548,1.2321796823292965,4.084748268127441,4.07768440246582,4.084748268127441,4.07768440246582,3.918771743774414,5.21780252456665,4.084748268127441,1.7133502960205078,4.084748268127441,1.7133502960205078,4.270392417907715,2.1525535583496094
274,5.537625789642334,4.120881080627441,0.6834001823887235,2.3323350151255724,1.3286185575276612,2.1445727348327637,3.0307350158691406,2.1445727348327637,3.0307350158691406,3.02134370803833,4.278543949127197,3.112758159637451,1.0017814636230469,3.112758159637451,1.0017814636230469,3.363556385040283,1.5779757499694824
275,3.011488914489746,4.547627925872803,1.149228830188513,2.257697216123342,1.364174553975463,2.10003662109375,3.6003470420837402,2.10003662109375,3.6003470420837402,2.1833250522613525,4.705290794372559,3.370509624481201,1.735436201095581,3.370509624481201,1.735436201095581,3.4760091304779053,2.2525196075439453
276,3.216585874557495,4.544154644012451,0.7503230787813662,2.8910221468284725,1.126282092817128,3.643397569656372,3.6530325412750244,3.643397569656372,3.6530325412750244,3.5989861488342285,4.701817512512207,3.643397569656372,1.2860257625579834,3.643397569656372,1.2860257625579834,3.9214324951171875,1.6828726530075073
277,3.1471610069274902,3.26072359085083,0.4657669952139254,1.6933135890960695,1.3251154425367715,0.379713773727417,2.171722173690796,0.379713773727417,2.171722173690796,1.6387094259262085,3.4183859825134277,2.2572391033172607,0.5520913600921631,2.2572391033172607,0.5520913600921631,2.562920570373535,1.2021116018295288
278,2.529153347015381,3.27793550491333,0.5920026310657458,1.805077687626084,1.1043278606360158,2.3648695945739746,2.5068230628967285,2.3648695945739746,2.5068230628967285,2.777503728866577,3.435598134994507,2.3648695945739746,0.8322644233703613,2.3648695945739746,0.8322644233703613,2.633443832397461,1.2929859161376953
279,2.002058506011963,3.0217788219451904,0.42760742329060974,1.715885585397482,1.101758726090193,2.1299569606781006,2.211331844329834,2.1299569606781006,2.211331844329834,2.754460096359253,3.1794416904449463,2.1522278785705566,0.5708811283111572,2.1522278785705566,0.5708811283111572,2.467402219772339,1.0536243915557861
280,0.6085416078567505,2.419814109802246,0.29375878273198985,1.3030120351786412,1.0465159663061303,1.3284627199172974,1.6223657131195068,1.3284627199172974,1.6223657131195068,2.0303099155426025,2.577476739883423,1.5702964067459106,0.3008441925048828,1.5702964067459106,0.3008441925048828,1.92696213722229,0.7955074310302734
281,1.228074550628662,1.7484272718429565,0.13586541193847834,0.9663343448688587,0.8697000702408455,0.8356549143791199,1.08123779296875,0.8356549143791199,1.08123779296875,1.588118314743042,1.9060897827148438,1.0313072204589844,0.08706915378570557,1.0313072204589844,0.08706915378570557,1.426177978515625,0.5038183927536011
282,0.9053415656089783,0.9101554155349731,0.219191006620725,0.22883429208149508,0.6856027316426238,0.6398324966430664,1.06781804561615,0.6398324966430664,1.06781804561615,0.2796759009361267,1.06781804561615,0.6398324966430664,0.14409160614013672,0.6398324966430664,0.14409160614013672,0.7693774104118347,0.2601683735847473
283,0.01383211836218834,0.7988511323928833,0.20695479931930705,0.5782536502058307,0.23711535728226096,0.5689847469329834,0.7303349375724792,0.5689847469329834,0.7303349375724792,0.5644860863685608,0.9565138220787048,0.5689847469329834,0.15074628591537476,0.5689847469329834,0.15074628591537476,0.7005728483200073,0.26529431343078613
284,0.9147317409515381,0.6868811845779419,0.07454669577380035,0.42180769675721724,0.4139994664614398,0.26127204298973083,0.39228320121765137,0.26127204298973083,0.39228320121765137,0.6940900683403015,0.8445438742637634,0.3897107243537903,0.002565741539001465,0.3897107243537903,0.002565741539001465,0.6160738468170166,0.21361540257930756
285,1.8999266624450684,0.3524596691131592,0.21929693032676967,0.021568176864335875,0.33506723633656904,0.37439826130867004,0.5101223587989807,0.37439826130867004,0.5101223587989807,0.5004171133041382,0.5101223587989807,0.37851884961128235,0.0055419206619262695,0.37851884961128235,0.0055419206619262695,0.44113343954086304,0.08926326036453247
286,2.0152270793914795,0.5063169002532959,0.32563749502723416,0.4123841888954241,0.008232109254846964,0.03097015619277954,0.6590662002563477,0.03097015619277954,0.6590662002563477,0.20075565576553345,0.6590662002563477,0.3811134099960327,0.007971078157424927,0.3811134099960327,0.007971078157424927,0.5200898051261902,0.1237993985414505
287,2.915872573852539,1.5567331314086914,0.3920076226815583,0.925313125811517,0.4628850573301315,0.9443190693855286,1.3738094568252563,0.9443190693855286,1.3738094568252563,0.885919451713562,1.7143957614898682,0.9888160228729248,0.4106636047363281,0.9888160228729248,0.4106636047363281,1.2034828662872314,0.598125696182251
288,1.7945042848587036,2.091846466064453,0.5285067008684079,0.979050622570018,0.8077615786219635,0.8019982576370239,1.5863902568817139,0.8019982576370239,1.5863902568817139,0.9093414545059204,2.249508857727051,1.1655961275100708,0.5792266130447388,1.1655961275100708,0.5792266130447388,1.4671952724456787,0.9179235100746155
289,0.4822443127632141,2.5798168182373047,0.36165921766310927,1.5590836318582295,0.8825466431304814,1.829636573791504,2.0423033237457275,1.829636573791504,2.0423033237457275,2.0643582344055176,2.7374794483184814,1.829636573791504,0.48787951469421387,1.829636573791504,0.48787951469421387,2.154905319213867,0.8569343686103821
290,1.8616125583648682,1.6764684915542603,0.11737720095862914,0.845652289291223,0.9369116757189234,0.9114071130752563,1.8341312408447266,0.9114071130752563,1.8341312408447266,1.2566804885864258,1.8341312408447266,0.9114071130752563,0.05162644386291504,0.9114071130752563,0.05162644386291504,1.338637113571167,0.48814696073532104
291,2.2923595905303955,0.910932183265686,0.3165105257928371,0.1660445706918836,0.6518498208001255,0.5650562047958374,1.0685949325561523,0.5650562047958374,1.0685949325561523,0.8228673934936523,1.0685949325561523,0.6012389659881592,0.1758175492286682,0.6012389659881592,0.1758175492286682,0.7239216566085815,0.3058156967163086
292,2.578972816467285,1.3647757768630981,0.4228181538358329,0.8942836321890355,0.27114654604345567,0.7411434650421143,1.344062328338623,0.7411434650421143,1.344062328338623,1.1515555381774902,1.344062328338623,0.9168610572814941,0.3354756832122803,0.9168610572814941,0.3354756832122803,1.1304616928100586,0.4750916361808777
293,2.6463472843170166,2.2542009353637695,0.48651901806394293,1.1676912465194857,0.8234633451948563,1.2962877750396729,1.759655475616455,1.2962877750396729,1.759655475616455,1.5193449258804321,2.4118635654449463,1.3922574520111084,0.5752967596054077,1.3922574520111084,0.5752967596054077,1.6984062194824219,0.9184291958808899
294,2.11856746673584,2.5595412254333496,0.48425616261859794,1.360468657513459,0.9382890797158081,1.6627155542373657,1.9495289325714111,1.6627155542373657,1.9495289325714111,2.068251132965088,2.7172038555145264,1.6832232475280762,0.599199652671814,1.6832232475280762,0.599199652671814,1.9894089698791504,1.0000698566436768
295,2.6541059017181396,2.495285987854004,0.36057594009985516,1.3854263154913982,0.972756406677266,1.6726107597351074,1.8165979385375977,1.6726107597351074,1.8165979385375977,2.300891876220703,2.6529486179351807,1.6726107597351074,0.4314537048339844,1.6726107597351074,0.4314537048339844,2.0050883293151855,0.8644824624061584
296,3.509721517562866,2.156660795211792,0.40713774709651895,1.040402029069761,0.9325934550414483,1.0903313159942627,1.4627079963684082,1.0903313159942627,1.4627079963684082,1.6720507144927979,2.3143231868743896,1.284022331237793,0.39473283290863037,1.284022331237793,0.39473283290863037,1.5875383615493774,0.8289859890937805
297,3.641587495803833,2.868277072906494,0.7022324504206581,1.4361149414877092,0.9534023554126423,1.4975285530090332,2.302995443344116,1.4975285530090332,2.302995443344116,1.4983922243118286,3.025939702987671,1.8349990844726562,0.9034641981124878,1.8349990844726562,0.9034641981124878,2.120647668838501,1.2847280502319336
298,3.263570547103882,3.7330355644226074,0.8024032104884591,2.0342981619884566,1.1198068663602072,2.6898550987243652,3.037346124649048,2.6898550987243652,3.037346124649048,2.700758934020996,3.890698194503784,2.7289743423461914,1.2203054428100586,2.7289743423461914,1.2203054428100586,2.9839789867401123,1.634960412979126
299,3.9726977348327637,3.640348196029663,0.6263535101463402,2.066785849345227,1.1706817493711907,2.728161573410034,2.77850341796875,2.728161573410034,2.77850341796875,3.1555120944976807,3.798011064529419,2.728161573410034,0.9337291717529297,2.728161573410034,0.9337291717529297,2.9826712608337402,1.4110031127929688
300,5.162335395812988,3.5941638946533203,0.7334476436177884,1.8876466885457437,1.1965424753228826,2.3266477584838867,2.7109899520874023,2.3266477584838867,2.7109899520874023,2.542161464691162,3.751826763153076,2.6209452152252197,1.0178532600402832,2.6209452152252197,1.0178532600402832,2.8196144104003906,1.5308680534362793
301,2.5417661666870117,4.657408714294434,1.1866565543537342,2.4026594472800693,1.2915653870751456,2.896684169769287,3.838346004486084,2.896684169769287,3.838346004486084,2.7720189094543457,4.8150715827941895,3.4703164100646973,1.8702847957611084,3.4703164100646973,1.8702847957611084,3.626720666885376,2.306485176086426
302,1.3693674802780151,4.113420486450195,0.5479472555965188,2.6582931439578537,1.1306532381474965,3.2071127891540527,3.1813573837280273,3.2071127891540527,3.1813573837280273,3.3441808223724365,4.271083831787109,3.2071127891540527,0.9006595611572266,3.2071127891540527,0.9006595611572266,3.53934907913208,1.3243956565856934
303,2.5482091903686523,2.5743155479431152,0.17247512063632442,1.318917867063234,1.306395234658072,0.04727315902709961,1.5137165784835815,0.04727315902709961,1.5137165784835815,1.2111762762069702,2.731978178024292,1.5313383340835571,0.1289081573486328,1.5313383340835571,0.1289081573486328,2.0368926525115967,0.7831254601478577
304,2.9376587867736816,1.5275155305862427,0.35595039488126856,0.5647174743314582,0.8303203357880313,0.7052301168441772,1.685178279876709,0.7052301168441772,1.685178279876709,0.7940040230751038,1.685178279876709,0.7096396684646606,0.24636662006378174,0.7096396684646606,0.24636662006378174,0.9969857335090637,0.5518821477890015
305,2.435051441192627,2.4854674339294434,0.6178829411541424,1.350877440695961,0.7401797264938554,1.450116515159607,2.143082857131958,1.450116515159607,2.143082857131958,1.430689811706543,2.64313006401062,1.5892374515533447,0.7815525531768799,1.5892374515533447,0.7815525531768799,1.8733761310577393,1.0631513595581055
306,1.3869915008544922,2.8188648223876953,0.44901979626466826,1.5893422982965904,1.0039758790781104,1.9685035943984985,2.147256374359131,1.9685035943984985,2.147256374359131,2.385084629058838,2.9765279293060303,1.9685035943984985,0.6006402969360352,1.9685035943984985,0.6006402969360352,2.2837889194488525,1.026581048965454
307,2.045766592025757,2.2252376079559326,0.21768415803710628,1.2302129660608867,1.0008129198538758,1.222470760345459,1.4689812660217285,1.222470760345459,1.4689812660217285,1.9790067672729492,2.3828999996185303,1.4100394248962402,0.2052750587463379,1.4100394248962402,0.2052750587463379,1.8003872632980347,0.6777405738830566
308,0.23121164739131927,1.474674105644226,0.29641795075188115,0.5850606473411121,0.8166681819657484,0.7362054586410522,1.6323368549346924,0.7362054586410522,1.6323368549346924,0.8939814567565918,1.6323368549346924,0.7362054586410522,0.20969939231872559,0.7362054586410522,0.20969939231872559,1.0333502292633057,0.5197005867958069
309,1.1075148582458496,1.4410488605499268,0.1015580900758506,1.0227559683471918,0.5402074765413998,1.05246102809906,1.092828631401062,1.05246102809906,1.092828631401062,1.3104088306427002,1.5987114906311035,1.05246102809906,0.05085182189941406,1.05246102809906,0.05085182189941406,1.3086438179016113,0.31977373361587524
310,0.33737537264823914,0.7538076043128967,0.2064280909113585,0.07490730980411187,0.6959448780119418,0.6607248783111572,0.9114702939987183,0.6607248783111572,0.9114702939987183,0.6828269958496094,0.9114702939987183,0.6607248783111572,0.07992899417877197,0.6607248783111572,0.07992899417877197,0.7328982353210449,0.1439618170261383
311,-0.2199765294790268,0.494653582572937,0.1298404305490355,0.5427550848263004,0.04553077141443895,0.5132529735565186,0.5682505369186401,0.5132529735565186,0.5682505369186401,0.446936696767807,0.5682505369186401,0.5132529735565186,0.09674635529518127,0.5132529735565186,0.09674635529518127,0.5407517552375793,0.11587822437286377
312,-0.14276209473609924,0.3472355902194977,0.03747245203703642,0.17701017156243332,0.3562256112322211,0.3824593424797058,0.5048982501029968,0.3824593424797058,0.5048982501029968,0.17895957827568054,0.5048982501029968,0.3824593424797058,0.04239729046821594,0.3824593424797058,0.04239729046821594,0.461260050535202,0.06857264041900635
313,-1.7221133708953857,-0.1591750681400299,0.06504889328032729,0.05245569948107001,0.05170441247522834,0.1093008741736412,0.02654978632926941,0.1093008741736412,0.02654978632926941,0.4540569484233856,0.12522761523723602,0.02654978632926941,0.12359043955802917,0.02654978632926941,0.12359043955802917,0.07588870078325272,0.0722617357969284
314,-1.8841561079025269,-0.669513463973999,0.273354995722572,0.02418785778184729,0.1968736516187588,0.5660800337791443,0.36993464827537537,0.5660800337791443,0.36993464827537537,0.7122341394424438,0.5118507742881775,0.36993464827537537,0.07608544826507568,0.36993464827537537,0.07608544826507568,0.40794408321380615,0.10165524482727051
315,-2.1767940521240234,-1.5604536533355713,0.3813091567282877,0.7710143927236397,0.18465742946912833,1.7530888319015503,1.3531651496887207,1.7530888319015503,1.3531651496887207,2.2558836936950684,1.3531651496887207,0.9357784986495972,0.05742967128753662,0.9357784986495972,0.05742967128753662,1.1444718837738037,0.3330063819885254
316,-1.6774086952209473,-2.1277947425842285,0.4318728990604481,0.8777300850798686,0.5947193224479753,1.3668127059936523,1.5644574165344238,1.3668127059936523,1.5644574165344238,1.5278302431106567,1.9701323509216309,1.268106460571289,0.6950851678848267,1.268106460571289,0.6950851678848267,1.355994701385498,0.8999845385551453
317,-3.288094997406006,-2.115859031677246,0.27661694283286753,1.0004281540835898,0.6153412603462733,1.6366291046142578,1.5355820655822754,1.6366291046142578,1.5355820655822754,1.8890067338943481,1.9581964015960693,1.3670111894607544,0.5448406934738159,1.3670111894607544,0.5448406934738159,1.4768800735473633,0.7566683292388916
318,-1.9839740991592407,-2.4555740356445312,0.799622270800173,0.7974289644137027,0.6350501260161401,1.2738980054855347,1.081262469291687,1.2738980054855347,1.081262469291687,1.8196289539337158,1.8512474298477173,1.081262469291687,0.46612274646759033,1.081262469291687,0.46612274646759033,1.4662549495697021,0.926310122013092
319,-0.7706156373023987,-2.8121695518493652,0.4660589624568816,1.5340014325827358,0.5886364823952321,2.7890381813049316,2.2540159225463867,2.7890381813049316,2.2540159225463867,3.0186638832092285,2.6545069217681885,2.0011398792266846,0.8741046190261841,2.0011398792266846,0.8741046190261841,2.09552001953125,1.0632563829421997
320,0.7321537137031555,-1.6877514123916626,0.017319072633982024,0.8181009401753547,0.6634967512264849,1.4785302877426147,1.0440294742584229,1.4785302877426147,1.0440294742584229,2.7689948081970215,1.5300886631011963,1.034880518913269,0.17300724983215332,1.034880518913269,0.17300724983215332,1.2125270366668701,0.397402822971344
321,0.7779771685600281,-0.8950185775756836,0.19802849190930516,0.2309481542681654,0.6386262408023079,1.4299557209014893,0.7373558878898621,1.4299557209014893,0.7373558878898621,2.367147445678711,0.7373558878898621,0.4986056983470917,0.04085123538970947,0.4986056983470917,0.04085123538970947,0.6686592102050781,0.17325162887573242
322,-0.10806319862604141,-0.0573098286986351,0.16271623371168975,0.3695269295014441,0.36608031749725345,0.26914554834365845,0.3368997871875763,0.26914554834365845,0.3368997871875763,0.5972289443016052,0.10035286098718643,0.28778859972953796,0.01836046576499939,0.28778859972953796,0.01836046576499939,0.14742395281791687,0.1280648112297058
323,-0.9428778886795044,0.44217708706855774,0.05998593441521116,0.3844106568520268,0.22125322982047996,0.3481767177581787,0.3270774185657501,0.3481767177581787,0.3270774185657501,0.600776195526123,0.5998398065567017,0.3481767177581787,0.02031075954437256,0.3481767177581787,0.02031075954437256,0.48244184255599976,0.13026146590709686
324,-1.903428077697754,-0.12151733785867691,0.11014571291704968,0.006188045876721546,0.20591300359616674,0.2675495743751526,0.03614535182714462,0.2675495743751526,0.03614535182714462,0.16375499963760376,0.03614535182714462,0.2675495743751526,0.04640902578830719,0.2675495743751526,0.04640902578830719,0.17677810788154602,0.15009188652038574
325,-1.6374938488006592,-1.1281025409698486,0.3596647883703311,0.3763240512584647,0.16864090771724782,0.9378362894058228,0.9326820373535156,0.9378362894058228,0.9326820373535156,1.5145037174224854,0.9326820373535156,0.5053090453147888,0.036682844161987305,0.5053090453147888,0.036682844161987305,0.7189955711364746,0.284376859664917
326,-1.2751460075378418,-1.8144421577453613,0.2791411654651166,0.8664389597997069,0.4453891196474433,1.6346074342727661,1.3795262575149536,1.6346074342727661,1.3795262575149536,1.7841627597808838,1.6567792892456055,1.1315796375274658,0.4975351095199585,1.1315796375274658,0.4975351095199585,1.2142764329910278,0.6403555870056152
327,-2.3360681533813477,-1.6553188562393188,0.12462142856170755,0.7037753153343995,0.6034494379286963,1.1631015539169312,1.073210597038269,1.1631015539169312,1.073210597038269,1.6014047861099243,1.4976561069488525,0.976982593536377,0.3162655830383301,0.976982593536377,0.3162655830383301,1.107367992401123,0.5286659002304077
328,-2.8078832626342773,-1.7715802192687988,0.4399149138107894,0.5480988524854189,0.5600936593487855,0.5076395273208618,1.613917350769043,0.5076395273208618,1.613917350769043,1.136035442352295,1.613917350769043,0.3522169589996338,0.6256891489028931,0.3522169589996338,0.6256891489028931,0.6937230825424194,0.9219704270362854
329,-3.2782962322235107,-2.614912509918213,0.7173139412887393,1.1356753268279136,0.5384505673870446,2.1957528591156006,2.114692211151123,2.1957528591156006,2.114692211151123,2.4896528720855713,2.114692211151123,1.5817948579788208,0.42621278762817383,1.5817948579788208,0.42621278762817383,1.8482434749603271,0.914204478263855
330,-4.8196001052856445,-3.238185167312622,0.9208485877886412,1.4141845244541762,0.6796796190738683,2.3812592029571533,2.623800754547119,2.3812592029571533,2.623800754547119,2.7450919151306152,2.623800754547119,2.0720911026000977,0.5986716747283936,2.0720911026000977,0.5986716747283936,2.3479459285736084,1.2210471630096436
331,-3.2604763507843018,-4.167681694030762,1.5384196834762882,1.6830577947696055,0.7227310645331944,2.8493638038635254,3.5332980155944824,2.8493638038635254,3.5332980155944824,3.595829963684082,3.5332980155944824,2.5183591842651367,0.7363204956054688,2.5183591842651367,0.7363204956054688,3.0258285999298096,1.6736927032470703
332,-3.4578466415405273,-4.12370491027832,1.0813093729068832,2.1889712170635667,0.629951645893355,3.829998731613159,3.480090618133545,3.829998731613159,3.480090618133545,3.935720920562744,3.480090618133545,2.9880542755126953,0.48732471466064453,2.9880542755126953,0.48732471466064453,3.23407244682312,1.3384730815887451
333,-1.8635437488555908,-3.536304473876953,1.0330249857033293,1.613703795659045,0.6661027796814842,2.354829788208008,2.899547815322876,2.354829788208008,2.899547815322876,2.891632080078125,2.899547815322876,2.354829788208008,0.571699857711792,2.354829788208008,0.571699857711792,2.6271886825561523,1.2785658836364746
334,-2.8886420726776123,-2.817720651626587,0.3845128394911681,1.5636767480025693,0.6460583897183341,2.7201249599456787,2.174309253692627,2.7201249599456787,2.174309253692627,3.445042848587036,2.66005802154541,2.0308308601379395,0.7918128967285156,2.0308308601379395,0.7918128967285156,2.1318182945251465,0.9984018206596375
335,-1.8787084817886353,-2.4370360374450684,0.6558617314447959,0.8889602225025495,0.6687414090832076,1.412204384803772,1.7919026613235474,1.412204384803772,1.7919026613235474,2.145376443862915,2.2793734073638916,1.412204384803772,0.9779747724533081,1.412204384803772,0.9779747724533081,1.4613754749298096,1.2005293369293213
336,-2.0858471393585205,-2.5862913131713867,0.3934190277879437,1.3526981541266045,0.616701456842323,2.323786973953247,2.008014678955078,2.323786973953247,2.008014678955078,2.5206382274627686,2.42862868309021,1.7953648567199707,0.7533615827560425,1.7953648567199707,0.7533615827560425,1.8960446119308472,0.9578162431716919
337,-1.5701557397842407,-2.1137218475341797,0.37099033585439134,0.8598270561421912,0.6594317811230815,1.2775487899780273,1.477114200592041,1.2775487899780273,1.477114200592041,1.8046115636825562,1.956059217453003,1.2775487899780273,0.6368213891983032,1.2775487899780273,0.6368213891983032,1.3683505058288574,0.8649988174438477
338,0.3428474962711334,-2.0205137729644775,0.23637890979647658,0.9481927722319958,0.6124696549400688,1.5656174421310425,1.4407615661621094,1.5656174421310425,1.4407615661621094,1.8594732284545898,1.8628513813018799,1.292682409286499,0.4874764680862427,1.292682409286499,0.4874764680862427,1.4075465202331543,0.699364185333252
339,0.2804403305053711,-1.2706433534622192,0.18982193894684296,0.592332967296243,0.6446596506983038,1.475639820098877,1.112980604171753,1.475639820098877,1.112980604171753,2.902695894241333,1.112980604171753,0.456540048122406,0.04991960525512695,0.456540048122406,0.04991960525512695,0.8094631433486938,0.3614436984062195
340,1.4156163930892944,-0.4072549343109131,0.13130638921012477,0.24327010778089364,0.5583587866897384,1.0796654224395752,0.24959227442741394,1.0796654224395752,0.24959227442741394,0.9547934532165527,0.24959227442741394,0.4450894296169281,0.0035344362258911133,0.4450894296169281,0.0035344362258911133,0.367732971906662,0.07051627337932587
341,-0.4781745374202728,0.32197704911231995,0.286166908616821,0.13793315675730505,0.1213495985480646,0.22747498750686646,0.22747498750686646,0.22747498750686646,0.22747498750686646,0.18095460534095764,0.3538688123226166,0.22747498750686646,0.16532406210899353,0.22747498750686646,0.16532406210899353,0.2906718850135803,0.22424548864364624
342,-2.154466390609741,0.546015739440918,0.0037779246456921545,0.7230364519543946,0.04267403725534663,0.6916477084159851,0.6012864708900452,0.6916477084159851,0.6012864708900452,0.3797166049480438,0.7036784291267395,0.6916477084159851,0.08036565780639648,0.6916477084159851,0.08036565780639648,0.7381809949874878,0.056418776512145996
343,-1.0946348905563354,-0.3304450213909149,0.44262163913498326,0.13529030820975702,0.47093968977530803,0.5968878269195557,0.17278224229812622,0.5968878269195557,0.17278224229812622,0.6099753379821777,0.17278224229812622,0.5968878269195557,0.17879480123519897,0.5968878269195557,0.17879480123519897,0.3228471279144287,0.4334389269351959
344,-1.0061674118041992,-1.627681016921997,0.138954188097268,0.9651575740613043,0.30009646113961974,1.9641743898391724,1.3133947849273682,1.9641743898391724,1.3133947849273682,2.1007564067840576,1.4700181484222412,1.1401393413543701,0.32798922061920166,1.1401393413543701,0.32798922061920166,1.1979244947433472,0.4088049530982971
345,0.45437851548194885,-1.2689881324768066,0.030351682119071466,0.40750041458755715,0.6076634805649521,0.8812003135681152,1.1113255023956299,0.8812003135681152,1.1113255023956299,1.3548130989074707,1.1113255023956299,0.37092918157577515,0.16829001903533936,0.37092918157577515,0.16829001903533936,0.6446092128753662,0.41726022958755493
346,-0.8245705962181091,-0.8818023204803467,0.18386192255963874,0.37099267898748317,0.471198830033342,1.005750060081482,0.7241395711898804,1.005750060081482,0.7241395711898804,2.0391159057617188,0.7241395711898804,0.3362942337989807,0.05667597055435181,0.3362942337989807,0.05667597055435181,0.5624819397926331,0.23581241071224213
347,0.607975423336029,-0.3084019720554352,0.0019293878600000758,0.31774902284145357,0.40460761893540614,0.6981058120727539,0.15073919296264648,0.6981058120727539,0.15073919296264648,0.5199745297431946,0.15073919296264648,0.2199716866016388,0.055900901556015015,0.2199716866016388,0.055900901556015015,0.11043092608451843,0.09808793663978577
348,-0.4127884805202484,-0.2426508665084839,0.1903677773972352,0.3329799570019046,0.123433987510701,1.0416115522384644,0.2528214454650879,1.0416115522384644,0.2528214454650879,0.9453701972961426,0.2528214454650879,0.35814955830574036,0.19699254631996155,0.35814955830574036,0.19699254631996155,0.30548548698425293,0.24760852754116058
349,-1.3250800371170044,-0.16529518365859985,0.056337429334720024,0.36516824500014383,0.3633281537766258,0.2809029221534729,0.24217769503593445,0.2809029221534729,0.24217769503593445,0.4519002437591553,0.007632464170455933,0.2809029221534729,0.02266630530357361,0.2809029221534729,0.02266630530357361,0.1710868775844574,0.15525440871715546
350,-2.126552104949951,-0.4234717786312103,0.20732497483491902,0.12299504034221168,0.1303209109604359,0.6830349564552307,0.31373316049575806,0.6830349564552307,0.31373316049575806,0.37542158365249634,0.2658090889453888,0.31373316049575806,0.184900164604187,0.31373316049575806,0.184900164604187,0.19419747591018677,0.09605643153190613
351,-2.745698928833008,-1.5156916379928589,0.4327102268921833,0.5757969044583543,0.2837118322278058,1.256698489189148,1.2210627794265747,1.256698489189148,1.2210627794265747,1.7514853477478027,1.2210627794265747,0.765529990196228,0.14270246028900146,0.765529990196228,0.14270246028900146,0.9932963848114014,0.4427889585494995
352,-2.0013229846954346,-2.4659128189086914,0.6727131780112781,1.0252438128615422,0.5444831536213557,1.92706298828125,1.9573125839233398,1.92706298828125,1.9573125839233398,2.244741201400757,1.9573125839233398,1.451206922531128,0.41999292373657227,1.451206922531128,0.41999292373657227,1.7042597532272339,0.8797616362571716
353,-2.0731899738311768,-2.5860891342163086,0.42203255714848664,1.2970213979296388,0.6435625047236677,2.1679527759552,1.9853506088256836,2.1679527759552,1.9853506088256836,2.3649392127990723,2.428426504135132,1.7645384073257446,0.7833861112594604,1.7645384073257446,0.7833861112594604,1.8614509105682373,0.9988189339637756
354,-1.098952054977417,-2.189769744873047,0.37875334798668847,0.9260523610686262,0.6614913614032168,1.3547109365463257,1.5573103427886963,1.3547109365463257,1.5573103427886963,1.776715874671936,2.03210711479187,1.3547109365463257,0.6600512266159058,1.3547109365463257,0.6600512266159058,1.4469788074493408,0.8882235884666443
355,0.5741698741912842,-1.8453203439712524,0.09112668239821975,0.9086534265552959,0.6220676798125109,1.625059962272644,1.254472017288208,1.625059962272644,1.254472017288208,2.2158985137939453,1.6876578330993652,1.1874781847000122,0.30840420722961426,1.1874781847000122,0.30840420722961426,1.329885482788086,0.5249040722846985
356,-0.8315963745117188,-1.0467804670333862,0.1982579860339564,0.3756109465782844,0.6459548320745427,1.4683705568313599,0.8891177773475647,1.4683705568313599,0.8891177773475647,2.5988104343414307,0.8891177773475647,0.48009610176086426,0.05140244960784912,0.48009610176086426,0.05140244960784912,0.7248536348342896,0.250744491815567
357,-0.7212243676185608,-0.2681821584701538,0.005888488764564326,0.3752134408491353,0.42581138386701556,0.7786339521408081,0.11051943898200989,0.7786339521408081,0.11051943898200989,0.5562717914581299,0.11051943898200989,0.23661407828330994,0.043145835399627686,0.23661407828330994,0.043145835399627686,0.1396346241235733,0.12133640050888062
358,-0.8304651975631714,-0.46665456891059875,0.05663875017315145,0.32313624076545244,0.13659303683787588,1.053012728691101,0.5221686363220215,1.053012728691101,0.5221686363220215,0.870822548866272,0.308991938829422,0.370818555355072,0.15971118211746216,0.370818555355072,0.15971118211746216,0.27519190311431885,0.11860500276088715
359,-1.9459319114685059,-0.8873428702354431,0.023559161523977967,0.2538635962704817,0.38644749763111275,0.26048386096954346,0.7296802401542664,0.26048386096954346,0.7296802401542664,0.6099847555160522,0.7296802401542664,0.22164994478225708,0.14004898071289062,0.22164994478225708,0.14004898071289062,0.3992023169994354,0.30911320447921753
360,-0.4160615801811218,-1.2340081930160522,0.33111509955177737,0.314316397892932,0.3651040211568274,0.18844711780548096,1.076345443725586,0.18844711780548096,1.076345443725586,0.8886505365371704,1.076345443725586,0.18844711780548096,0.49478626251220703,0.18844711780548096,0.49478626251220703,0.4394147992134094,0.6735682487487793
361,0.4667838215827942,-1.4136418104171753,0.048843797085185825,0.8341932332391541,0.4048196998486916,1.637130856513977,1.0047483444213867,1.637130856513977,1.0047483444213867,2.080066442489624,1.255979061126709,0.9658583402633667,0.1047518253326416,0.9658583402633667,0.1047518253326416,1.0761677026748657,0.23438811302185059
362,1.0394679307937622,-0.754041850566864,0.16485944380983708,0.07532706979662185,0.6201015501655638,1.308035135269165,0.5963791608810425,1.308035135269165,0.5963791608810425,1.2614929676055908,0.5963791608810425,0.4760993421077728,0.16439443826675415,0.4760993421077728,0.16439443826675415,0.4399041533470154,0.16620969772338867
363,-0.21323204040527344,-0.004066832363605499,0.20513734783356388,0.2418768629742165,0.22760837620745095,0.04299516603350639,0.2915608286857605,0.04299516603350639,0.2915608286857605,0.769041895866394,0.15359584987163544,0.19158144295215607,0.07903329282999039,0.19158144295215607,0.07903329282999039,0.10133497416973114,0.0701451301574707
364,0.6489490270614624,0.46173760294914246,0.046261514232804446,0.5212056426083048,0.11774312052254865,0.48741450905799866,0.44687461853027344,0.48741450905799866,0.44687461853027344,0.4481869041919708,0.6194002628326416,0.48741450905799866,0.03756895661354065,0.48741450905799866,0.03756895661354065,0.5704246163368225,0.08636578917503357
365,2.501493215560913,0.26367223262786865,0.1806176182379325,0.07009537837157648,0.3766226969783505,0.42514902353286743,0.4213349521160126,0.42514902353286743,0.4213349521160126,0.46127623319625854,0.4213349521160126,0.42514902353286743,0.08321303129196167,0.42514902353286743,0.08321303129196167,0.4724949896335602,0.05933132767677307
366,2.1175537109375,0.3648811876773834,0.40938852994392316,0.2896608322362105,0.11069555969287959,0.2981948256492615,0.2981948256492615,0.2981948256492615,0.2981948256492615,0.28040674328804016,0.5958520770072937,0.2981948256492615,0.12983691692352295,0.2981948256492615,0.12983691692352295,0.4470234513282776,0.13063226640224457
367,2.823420286178589,1.8933279514312744,0.42617818818738074,1.2968679126476248,0.3937544058014948,1.4076937437057495,1.809546947479248,1.4076937437057495,1.809546947479248,1.7389386892318726,1.809546947479248,1.4076937437057495,0.49352598190307617,1.4076937437057495,0.49352598190307617,1.6086204051971436,0.6366387605667114
368,3.3638267517089844,2.18444561958313,0.4523821698625883,1.0412906598423919,0.9142454642926652,1.0197674036026,1.5237188339233398,1.0197674036026,1.5237188339233398,1.4091830253601074,2.3421082496643066,1.2890372276306152,0.4576228857040405,1.2890372276306152,0.4576228857040405,1.5855153799057007,0.8746105432510376
369,4.0835490226745605,2.994448661804199,0.6927957542116445,1.555110641630987,0.9700151787946623,1.80009126663208,2.4294352531433105,1.80009126663208,2.4294352531433105,1.8184692859649658,3.152111530303955,1.9894843101501465,0.9314596652984619,1.9894843101501465,0.9314596652984619,2.278496742248535,1.3127000331878662
370,3.683637857437134,3.7545223236083984,0.8682318037003283,1.9619867758080363,1.1477764185145496,2.421605110168457,3.0219919681549072,2.421605110168457,3.0219919681549072,2.3375496864318848,3.912184953689575,2.69679594039917,1.2760186195373535,2.69679594039917,1.2760186195373535,2.9238672256469727,1.7126574516296387
371,2.7844460010528564,4.147102355957031,0.8150052096446356,2.3615156102304655,1.1940537336592874,3.193526029586792,3.3101401329040527,3.193526029586792,3.3101401329040527,3.244957685470581,4.304764747619629,3.193526029586792,1.3083219528198242,3.193526029586792,1.3083219528198242,3.4181394577026367,1.7448259592056274
372,2.649803638458252,3.485607147216797,0.47442652522275885,2.033346839907269,1.2013064565012848,2.41454815864563,2.5385994911193848,2.41454815864563,2.5385994911193848,3.0321738719940186,3.6432697772979736,2.5732336044311523,0.6768929958343506,2.5732336044311523,0.6768929958343506,2.8824868202209473,1.1944875717163086
373,3.453356981277466,2.7938954830169678,0.38601805242399356,1.4950202891478934,1.1363300542781753,1.4938346147537231,1.9041475057601929,1.4938346147537231,1.9041475057601929,2.166322946548462,2.9515583515167236,1.902864694595337,0.4340353012084961,1.902864694595337,0.4340353012084961,2.2160372734069824,0.9749906659126282
374,2.373110055923462,2.849468946456909,0.6079570488507544,1.4310498858119054,1.033934924627344,1.5644632577896118,2.1252403259277344,1.5644632577896118,2.1252403259277344,1.710400938987732,3.007131814956665,1.885998249053955,0.7392463684082031,1.885998249053955,0.7392463684082031,2.1435415744781494,1.1944656372070312
375,2.549809217453003,3.1983578205108643,0.4739553950975339,1.9016988742972414,1.0461759871120253,2.352233648300171,2.5036306381225586,2.352233648300171,2.5036306381225586,2.5901474952697754,3.356020212173462,2.352233648300171,0.7108850479125977,2.352233648300171,0.7108850479125977,2.67167329788208,1.1278839111328125
376,3.8284544944763184,2.414954423904419,0.34737020589411216,1.2182982141152028,1.0727586783096195,1.0255948305130005,1.562560796737671,1.0255948305130005,1.562560796737671,1.729306936264038,2.5726170539855957,1.5360345840454102,0.32210493087768555,1.5360345840454102,0.32210493087768555,1.853735089302063,0.8489360213279724
377,2.8934078216552734,2.85249662399292,0.7266054283827539,1.3647242195531728,0.9846394120529296,1.1809360980987549,2.2225091457366943,1.1809360980987549,2.2225091457366943,1.170810341835022,3.0101590156555176,1.7837389707565308,0.8910411596298218,1.7837389707565308,0.8910411596298218,2.0480988025665283,1.3009450435638428
378,2.527895212173462,3.683655261993408,0.6591412766153613,2.168783581356208,1.0792030784363544,2.7809555530548096,3.01167631149292,2.7809555530548096,3.01167631149292,2.813051223754883,3.841317892074585,2.7809555530548096,1.05810546875,2.7809555530548096,1.05810546875,3.0732970237731934,1.4480421543121338
379,3.0122060775756836,2.8610899448394775,0.3665675660222778,1.55841523040086,1.1595795844122763,1.5272339582443237,1.9495234489440918,1.5272339582443237,1.9495234489440918,2.242457151412964,3.018752336502075,1.9634463787078857,0.422210693359375,1.9634463787078857,0.422210693359375,2.2927980422973633,0.9711998105049133
380,2.358032703399658,2.6165647506713867,0.4883661232019465,1.3312692099312944,1.0204020919526615,1.5399236679077148,1.869391918182373,1.5399236679077148,1.869391918182373,2.0069336891174316,2.7742273807525635,1.7129732370376587,0.5523238182067871,1.7129732370376587,0.5523238182067871,1.9923439025878906,1.0199880599975586
381,1.0258616209030151,2.8560900688171387,0.44159936534861766,1.6338124388704691,1.0041511774311465,2.013685464859009,2.1891934871673584,2.013685464859009,2.1891934871673584,2.3922362327575684,3.0137529373168945,2.013685464859009,0.6028802394866943,2.013685464859009,0.6028802394866943,2.332777976989746,1.0249850749969482
382,0.5468382239341736,2.130707263946533,0.17117856840292633,1.1788683357710634,1.0041327957684798,1.0591150522232056,1.359452247619629,1.0591150522232056,1.359452247619629,1.8655685186386108,2.288369655609131,1.3155930042266846,0.13974571228027344,1.3155930042266846,0.13974571228027344,1.7316583395004272,0.619986891746521
383,-0.7655835747718811,1.1082794666290283,0.13357828668629113,0.4320267077845832,0.7661471465726695,0.7272341251373291,1.265942096710205,0.7272341251373291,1.265942096710205,0.5787982940673828,1.265942096710205,0.7272341251373291,0.05768871307373047,0.7272341251373291,0.05768871307373047,0.9581536054611206,0.26983630657196045
384,-1.80205500125885,0.2931504249572754,0.06935226913541548,0.28465614970773445,0.3013191889971495,0.32477322220802307,0.45081308484077454,0.32477322220802307,0.45081308484077454,0.35765624046325684,0.45081308484077454,0.32477322220802307,0.16017144918441772,0.32477322220802307,0.16017144918441772,0.45721113681793213,0.11499543488025665
385,-0.745276689529419,-0.7533838748931885,0.35037264022976145,0.28134147740900517,0.10180297676473837,0.929375410079956,0.46375447511672974,0.929375410079956,0.46375447511672974,1.8349649906158447,0.7985518574714661,0.46375447511672974,0.21116966009140015,0.46375447511672974,0.21116966009140015,0.6311531662940979,0.1991707980632782
386,-0.23091650009155273,-1.4214588403701782,0.027004739257196597,0.7833611671502392,0.3876202595482269,1.4404348134994507,1.0285100936889648,1.4404348134994507,1.0285100936889648,1.6500303745269775,1.263796091079712,0.9423675537109375,0.19023215770721436,0.9423675537109375,0.19023215770721436,1.0358288288116455,0.3123008608818054
387,-0.2106207311153412,-0.9314124584197998,0.10365814344957469,0.2295541740953922,0.5820436341501772,1.0353903770446777,0.7737496495246887,1.0353903770446777,0.7737496495246887,1.4994635581970215,0.7737496495246887,0.3847167491912842,0.022122681140899658,0.3847167491912842,0.022122681140899658,0.560733437538147,0.19074422121047974
388,-1.032140851020813,-0.5169917345046997,0.08433426894247537,0.025510995723307173,0.3523423333093524,0.4153820872306824,0.3593290448188782,0.4153820872306824,0.3593290448188782,0.4567316770553589,0.3593290448188782,0.21743819117546082,0.10988682508468628,0.21743819117546082,0.10988682508468628,0.23503458499908447,0.11952970921993256
389,-1.02683687210083,-0.5253666043281555,0.09123236686612166,0.020313663712392238,0.19034789933512608,0.07025912404060364,0.367703914642334,0.07025912404060364,0.367703914642334,0.3975884020328522,0.367703914642334,0.06419894099235535,0.10738614201545715,0.06419894099235535,0.10738614201545715,0.16730311512947083,0.19796574115753174
390,-2.1764166355133057,-0.9438925981521606,0.10323132410645475,0.42202483769506227,0.19516364272683862,0.940934419631958,0.713788628578186,0.940934419631958,0.713788628578186,0.9931150674819946,0.7862297892570496,0.5321543216705322,0.2292797565460205,0.5321543216705322,0.2292797565460205,0.5602209568023682,0.2678080201148987
391,-2.7806434631347656,-1.4849307537078857,0.39771638659760367,0.4159082196280358,0.44783347306773075,0.25843822956085205,1.327268123626709,0.25843822956085205,1.327268123626709,0.8024224638938904,1.327268123626709,0.25651633739471436,0.5486780405044556,0.25651633739471436,0.5486780405044556,0.5288289785385132,0.7897341251373291
392,-1.608754277229309,-2.4502477645874023,0.7007043651491405,1.045247352272272,0.48082337275147435,2.0877809524536133,1.9972141981124878,2.0877809524536133,1.9972141981124878,2.45943284034729,1.9972141981124878,1.4334810972213745,0.3627324104309082,1.4334810972213745,0.3627324104309082,1.7153476476669312,0.8328871130943298
393,-3.65873384475708,-2.4205334186553955,0.2799082222146294,1.276601638098558,0.6405511223462717,2.232107639312744,1.8162331581115723,2.232107639312744,1.8162331581115723,2.644989490509033,2.262871026992798,1.6786576509475708,0.6032187938690186,1.6786576509475708,0.6032187938690186,1.7950150966644287,0.8194950222969055
394,-5.270243167877197,-2.5625243186950684,0.9154159598425037,0.7648731748014684,0.6587625096365808,1.3893163204193115,1.204974889755249,1.3893163204193115,1.204974889755249,1.8688517808914185,1.9289605617523193,1.204974889755249,0.4804878234863281,1.204974889755249,0.4804878234863281,1.5669677257537842,0.9200572371482849
395,-5.025261878967285,-4.345365524291992,1.722850254376729,1.797019968790313,0.6020226267104345,3.6006052494049072,3.7956292629241943,3.6006052494049072,3.7956292629241943,4.539549827575684,3.7956292629241943,2.500075578689575,0.5834031105041504,2.500075578689575,0.5834031105041504,3.1478524208068848,1.6285518407821655
396,-4.68076753616333,-5.083045959472656,1.8069197583571075,2.391497114524245,0.6611564121767879,4.337748050689697,4.437217712402344,4.337748050689697,4.437217712402344,4.735989570617676,4.437217712402344,3.3802757263183594,0.6346502304077148,3.3802757263183594,0.6346502304077148,3.9087467193603516,1.8569588661193848
397,-5.667514801025391,-4.814321517944336,1.673627288080752,2.288563165850937,0.6286583895981317,3.46353816986084,4.184318542480469,3.46353816986084,4.184318542480469,4.296149730682373,4.184318542480469,3.203507900238037,0.5574569702148438,3.203507900238037,0.5574569702148438,3.693913221359253,1.701970100402832
398,-4.72192907333374,-5.11112117767334,1.987562620428701,2.1999758767088258,0.7001100061212977,3.1606597900390625,4.477325916290283,3.1606597900390625,4.477325916290283,4.42339563369751,4.477325916290283,3.1606597900390625,0.7547688484191895,3.1606597900390625,0.7547688484191895,3.818992853164673,1.9782874584197998
399,-5.825708389282227,-5.022240161895752,1.7255399741108208,2.4590388723338643,0.6141886410365514,4.071427822113037,4.383632659912109,4.071427822113037,4.383632659912109,4.673028945922852,4.383632659912109,3.412095785140991,0.520209789276123,3.412095785140991,0.520209789276123,3.89786434173584,1.744596004486084
400,-4.367156982421875,-5.172929763793945,2.0539327290654175,2.1960591296106577,0.6994652307033542,3.13626766204834,4.549480438232422,3.13626766204834,4.549480438232422,4.490357875823975,4.549480438232422,3.13626766204834,0.7675714492797852,3.13626766204834,0.7675714492797852,3.842874050140381,2.0118350982666016
401,-6.720823287963867,-4.88856840133667,1.596685191951691,2.4784495878219612,0.5899614239856605,4.285123825073242,4.250495910644531,4.285123825073242,4.250495910644531,4.650761604309082,4.250495910644531,3.4014697074890137,0.45093536376953125,3.4014697074890137,0.45093536376953125,3.8259828090667725,1.6346158981323242
402,-6.702139377593994,-5.312260627746582,2.278418986325462,2.0534486728658274,0.7569202941407775,3.5450103282928467,3.1940441131591797,3.5450103282928467,3.1940441131591797,4.603695869445801,4.69150447845459,3.1940441131591797,0.9250926971435547,3.1940441131591797,0.9250926971435547,3.9427742958068848,2.0265047550201416
403,-6.1062912940979,-5.838408946990967,2.3574895460531113,2.6077684948965905,0.6496782316267495,4.79339599609375,5.196192741394043,4.79339599609375,5.196192741394043,5.563751220703125,5.196192741394043,3.5832507610321045,0.6487622261047363,3.5832507610321045,0.6487622261047363,4.389721870422363,2.171671152114868
404,-4.840620517730713,-5.659113883972168,2.241110391281545,2.5805682281404736,0.6139625901356345,3.909255027770996,5.053750514984131,3.909255027770996,5.053750514984131,5.228221893310547,5.053750514984131,3.4628849029541016,0.556941032409668,3.4628849029541016,0.556941032409668,4.258317947387695,2.036716938018799
405,-3.2556121349334717,-5.078821182250977,1.7983199119816224,2.4976048637057353,0.5594237321491038,4.201767921447754,4.473140716552734,4.201767921447754,4.473140716552734,4.806581020355225,4.473140716552734,3.3553500175476074,0.4094257354736328,3.3553500175476074,0.4094257354736328,3.914245367050171,1.695539951324463
406,-2.971973419189453,-3.90632700920105,1.0435259856159496,2.1158201891804724,0.5235079215715333,3.6307790279388428,3.2904019355773926,3.6307790279388428,3.2904019355773926,3.696458339691162,3.2904019355773926,2.781930923461914,0.2638990879058838,2.781930923461914,0.2638990879058838,3.0361664295196533,1.116267204284668
407,-4.061275482177734,-3.2519400119781494,0.8207730647549032,1.5684802940115334,0.6392144556343555,2.4028372764587402,2.615475654602051,2.4028372764587402,2.615475654602051,2.7104573249816895,2.615475654602051,2.2193074226379395,0.4844038486480713,2.2193074226379395,0.4844038486480713,2.417391538619995,1.0935227870941162
408,-3.875885486602783,-3.711339235305786,1.2361819097896416,1.5303270282347992,0.7213576228668299,2.3233699798583984,3.0679850578308105,2.3233699798583984,3.0679850578308105,3.016860008239746,3.0679850578308105,2.3233699798583984,0.6930668354034424,2.3233699798583984,0.6930668354034424,2.6956775188446045,1.4754098653793335
409,-4.050610542297363,-4.184325218200684,1.2815395988648133,1.9936041527365649,0.6857087921847898,3.5235583782196045,3.5457258224487305,3.5235583782196045,3.5457258224487305,3.804295539855957,3.5457258224487305,2.8493428230285645,0.6352171897888184,2.8493428230285645,0.6352171897888184,3.1975343227386475,1.521042823791504
410,-3.4636590480804443,-4.161799907684326,1.3308791836972036,1.9186392946789665,0.6888087548936408,2.786830186843872,3.5170810222625732,2.786830186843872,3.5170810222625732,3.51047945022583,3.5170810222625732,2.786830186843872,0.6444275379180908,2.786830186843872,0.6444275379180908,3.1519556045532227,1.5377305746078491
411,-3.6195600032806396,-3.932264804840088,1.1009180060649912,1.9480301901946464,0.6598439341659348,3.12787127494812,3.2866742610931396,3.12787127494812,3.2866742610931396,3.4820592403411865,3.2866742610931396,2.7450499534606934,0.5493450164794922,2.7450499534606934,0.5493450164794922,3.015861988067627,1.3533730506896973
412,-2.986990213394165,-3.7539165019989014,1.1160068574671946,1.7267237129559114,0.6877132571612798,2.5193638801574707,3.109132766723633,2.5193638801574707,3.109132766723633,3.1033482551574707,3.109132766723633,2.5193638801574707,0.6152360439300537,2.5193638801574707,0.6152360439300537,2.8142483234405518,1.37732994556427
413,-1.9586528539657593,-3.508941173553467,0.8643106488262606,1.7505009020989146,0.670656709795197,2.8449325561523438,2.8637733459472656,2.8449325561523438,2.8637733459472656,3.07757568359375,2.8637733459472656,2.456702470779419,0.5431993007659912,2.456702470779419,0.5431993007659912,2.6602377891540527,1.1958234310150146
414,-1.6958810091018677,-2.6408982276916504,0.38922194695721135,1.374547016645471,0.6536565896744526,2.33455228805542,1.9951308965682983,2.33455228805542,1.9951308965682983,3.061026096343994,2.4832355976104736,1.8406568765640259,0.7701386213302612,1.8406568765640259,0.7701386213302612,1.9336082935333252,0.9760954976081848
415,-1.627763271331787,-2.003070116043091,0.24397061600039405,0.8758823513487977,0.6597447126979628,1.3851189613342285,1.3641430139541626,1.3851189613342285,1.3641430139541626,2.03257155418396,1.8454077243804932,1.2436871528625488,0.4929112195968628,1.2436871528625488,0.4929112195968628,1.356109857559204,0.7204461097717285
416,-0.2581384778022766,-1.8135037422180176,0.22944619258244847,0.7501410892729958,0.6104437859480578,1.111171007156372,1.2263514995574951,1.111171007156372,1.2263514995574951,1.4262803792953491,1.6558411121368408,1.0724749565124512,0.4438878297805786,1.0724749565124512,0.4438878297805786,1.1856648921966553,0.6585732698440552
417,0.17280223965644836,-1.3658207654953003,0.09977692368750746,0.6553405314187206,0.5867844833495717,1.3107640743255615,0.8054971098899841,1.3107640743255615,0.8054971098899841,2.3073558807373047,1.208158016204834,0.7982127666473389,0.04990279674530029,0.7982127666473389,0.04990279674530029,0.982380747795105,0.25290897488594055
418,1.6252390146255493,-0.6588252186775208,0.1382333848314982,0.011008950111766558,0.5625770385873816,1.073272466659546,0.501162588596344,1.073272466659546,0.501162588596344,1.0472277402877808,0.501162588596344,0.40886226296424866,0.10922998189926147,0.40886226296424866,0.10922998189926147,0.39535486698150635,0.10796591639518738
419,1.5223171710968018,0.012992128729820251,0.29045264460146425,0.10039434561505914,0.15438219452276822,0.1789751946926117,0.1789751946926117,0.1789751946926117,0.1789751946926117,0.5494128465652466,0.1706548035144806,0.1789751946926117,0.07006049156188965,0.1789751946926117,0.07006049156188965,0.13504478335380554,0.0643123984336853
420,0.6449776291847229,0.8925671577453613,0.2738968925053874,0.7683161458621423,0.07382679379234713,0.7521146535873413,0.9877447485923767,0.7521146535873413,0.9877447485923767,0.9708821773529053,0.9877447485923767,0.7521146535873413,0.10789692401885986,0.7521146535873413,0.10789692401885986,0.8699296712875366,0.18891417980194092
421,1.0098979473114014,1.2464501857757568,0.16001372785617907,0.7074566653122504,0.6024525862311324,0.6859585046768188,0.8221626281738281,0.6859585046768188,0.8221626281738281,1.2689250707626343,1.4041130542755127,0.722882866859436,0.11290442943572998,0.722882866859436,0.11290442943572998,1.018571138381958,0.3953726589679718
422,1.6612941026687622,0.8075934648513794,0.2115109000106653,0.26655287093793334,0.5530023087126514,0.5483877658843994,0.9652560949325562,0.5483877658843994,0.9652560949325562,0.44525620341300964,0.9652560949325562,0.5483877658843994,0.1576809287071228,0.5483877658843994,0.1576809287071228,0.6875876188278198,0.2865990400314331
423,-0.4374367296695709,0.8313918709754944,0.31951738928134243,0.45276654882977396,0.2825806668835382,0.16993242502212524,0.7491100430488586,0.16993242502212524,0.7491100430488586,0.4589093327522278,0.7491100430488586,0.4445596933364868,0.32709139585494995,0.4445596933364868,0.32709139585494995,0.5968348979949951,0.4230934679508209
424,-1.1341896057128906,0.9371834397315979,0.008044043065359219,0.8287731287504236,0.33992702846104894,0.808340311050415,0.7196080684661865,0.808340311050415,0.7196080684661865,0.9411250352859497,1.0948461294174194,0.808340311050415,0.09504765272140503,0.808340311050415,0.09504765272140503,0.9883103370666504,0.19522839784622192
425,0.0964113399386406,0.06267354637384415,0.14746977306902412,0.13590668778866527,0.5695226518437266,0.6630609035491943,0.2203361988067627,0.6630609035491943,0.2203361988067627,0.053345419466495514,0.2203361988067627,0.6630609035491943,0.15602874755859375,0.6630609035491943,0.15602874755859375,0.5430076122283936,0.2643464207649231
426,-0.7854589223861694,-0.819892406463623,0.13099988537530072,0.4601135999461014,0.26730607708295173,1.0751688480377197,0.5177804231643677,1.0751688480377197,0.5177804231643677,1.4592475891113281,0.6622297763824463,0.528282880783081,0.01688253879547119,0.528282880783081,0.01688253879547119,0.602486252784729,0.07594594359397888
427,-0.6287683844566345,-0.4961070716381073,0.010045434590429003,0.15534142227843417,0.4380211944878102,0.668165385723114,0.338444322347641,0.668165385723114,0.338444322347641,0.6301428079605103,0.338444322347641,0.24216961860656738,0.06393861770629883,0.24216961860656738,0.06393861770629883,0.21875157952308655,0.04272949695587158
428,-0.01021840050816536,-0.6150563955307007,0.020495326320330187,0.3055440455923478,0.06554434920350716,0.8009703159332275,0.4919770658016205,0.8009703159332275,0.4919770658016205,0.7721301317214966,0.45739370584487915,0.3771096169948578,0.1294967234134674,0.3771096169948578,0.1294967234134674,0.3620546758174896,0.11096514761447906
429,0.8469017744064331,-0.6935656666755676,0.11596931044012321,0.21205358259379864,0.3740087797120214,0.559389591217041,0.5359030365943909,0.559389591217041,0.5359030365943909,1.093698263168335,0.5359030365943909,0.24230971932411194,0.001280665397644043,0.24230971932411194,0.001280665397644043,0.388324499130249,0.14847062528133392
430,2.1707897186279297,-0.2970697581768036,0.19476990375046935,0.04794324350853754,0.31631026082361735,0.8082943558692932,0.13940709829330444,0.8082943558692932,0.13940709829330444,0.6704462766647339,0.13940709829330444,0.2515140771865845,0.004212051630020142,0.2515140771865845,0.004212051630020142,0.193105548620224,0.03212907910346985
431,2.0102367401123047,0.5087051391601562,0.36780633613467206,0.3778936829417945,0.013522265106439613,0.21323555707931519,0.6699864268302917,0.21323555707931519,0.6699864268302917,0.04584318399429321,0.6699864268302917,0.34671711921691895,0.006062150001525879,0.34671711921691895,0.006062150001525879,0.5083518028259277,0.1401452124118805
432,0.6746712327003479,1.7244364023208618,0.3992515356590354,1.0928734208395083,0.4557841202368337,1.1822991371154785,1.5665302276611328,1.1822991371154785,1.5665302276611328,1.040549874305725,1.8820991516113281,1.1822991371154785,0.43310725688934326,1.1822991371154785,0.43310725688934326,1.3845309019088745,0.6172350645065308
433,0.25027039647102356,1.6922999620437622,0.15202403619885452,0.9756549163535237,0.7880936839058994,0.9844990372657776,1.1133222579956055,0.9844990372657776,1.1133222579956055,1.6856342554092407,1.8499627113342285,1.039552927017212,0.11382699012756348,1.039552927017212,0.11382699012756348,1.3978718519210815,0.4868469536304474
434,-1.1823978424072266,0.8295190334320068,0.10464625692615914,0.2840399727101126,0.6643054782102505,0.6445270776748657,0.9871817231178284,0.6445270776748657,0.9871817231178284,0.3286789655685425,0.9871817231178284,0.6445270776748657,0.032679975032806396,0.6445270776748657,0.032679975032806396,0.7975708246231079,0.1630246639251709
435,-1.0044004917144775,-0.06407029181718826,0.16514134200910724,0.17301840869088964,0.15152528611322247,0.07888628542423248,0.157552108168602,0.07888628542423248,0.157552108168602,0.6778495907783508,0.157552108168602,0.11133944243192673,0.2053539752960205,0.11133944243192673,0.2053539752960205,0.13444577157497406,0.1134619265794754
436,-1.2689489126205444,-0.8433816432952881,0.11798726351310818,0.4922951123987635,0.009626533364256229,1.2795324325561523,0.7768659591674805,1.2795324325561523,0.7768659591674805,1.6365206241607666,0.7768659591674805,0.5686044692993164,0.09848004579544067,0.5686044692993164,0.09848004579544067,0.6727352142333984,0.11734470725059509
437,-0.27287277579307556,-1.210051417350769,0.11982935907319181,0.390634932573885,0.47611445128917684,0.3505290746688843,1.0523886680603027,0.3505290746688843,1.0523886680603027,0.8448363542556763,1.0523886680603027,0.28396379947662354,0.25657033920288086,0.28396379947662354,0.25657033920288086,0.5390315055847168,0.4914667010307312
438,0.4267561733722687,-1.0942333936691284,0.08386883220324926,0.508967445169886,0.4456622254972657,1.0555706024169922,0.6459321975708008,1.0555706024169922,0.6459321975708008,1.6116487979888916,0.9365708231925964,0.6261193752288818,0.04924416542053223,0.6261193752288818,0.04924416542053223,0.7592810392379761,0.19821113348007202
439,0.22050930559635162,-0.5999360680580139,0.15949638081093642,0.033897065917651015,0.5020627085367838,1.0167683362960815,0.4422733783721924,1.0167683362960815,0.4422733783721924,0.9507080316543579,0.4422733783721924,0.3806474208831787,0.11313959956169128,0.3806474208831787,0.11313959956169128,0.3483865261077881,0.1069602370262146
440,0.24025629460811615,-0.03190509229898453,0.12349049959331754,0.24524905519559984,0.17717197267338639,0.1918802261352539,0.21864014863967896,0.1918802261352539,0.21864014863967896,0.17619475722312927,0.1257576048374176,0.1918802261352539,0.022796854376792908,0.1918802261352539,0.022796854376792908,0.1426326483488083,0.04671429097652435
441,-0.6655506491661072,0.13971731066703796,0.12193944557259481,0.13399504027018944,0.10725542473296329,0.006335243582725525,0.1399877667427063,0.006335243582725525,0.1399877667427063,0.015456683933734894,0.1399877667427063,0.09741269797086716,0.1624266803264618,0.09741269797086716,0.1624266803264618,0.11870023608207703,0.17916446924209595
442,-1.0462303161621094,-0.09244465082883835,0.030033484312395248,0.16996119038512308,0.008899652684728282,0.11310506612062454,0.014879226684570312,0.11310506612062454,0.014879226684570312,0.15621516108512878,0.014879226684570312,0.11310506612062454,0.06740642338991165,0.11310506612062454,0.06740642338991165,0.06399214267730713,0.05637292191386223
443,0.89505535364151,-0.60736083984375,0.12365872628986835,0.24522831112146376,0.015001128017902376,0.758491039276123,0.5371221303939819,0.758491039276123,0.5371221303939819,1.1367080211639404,0.5371221303939819,0.31897908449172974,0.08491045236587524,0.31897908449172974,0.08491045236587524,0.42805060744285583,0.11281229555606842
444,0.6603995561599731,-0.7360433340072632,0.2374888945246736,0.4053309395847221,0.3447286145326992,1.210957646369934,0.36900126934051514,1.210957646369934,0.36900126934051514,2.2890026569366455,0.5783806443214417,0.43350455164909363,0.12469303607940674,0.43350455164909363,0.12469303607940674,0.5674306750297546,0.10831791162490845
445,0.4330630600452423,-0.09445808082818985,0.1434999571616451,0.44518505713591966,0.4596704654147227,1.0618406534194946,0.0632045641541481,1.0618406534194946,0.0632045641541481,0.696566104888916,0.0632045641541481,0.426592618227005,0.008043259382247925,0.426592618227005,0.008043259382247925,0.22763848304748535,0.1853226274251938
446,1.347632646560669,0.5400871634483337,0.14277261125544705,0.31076354260245953,0.31002362440029785,0.1867503821849823,0.3643953204154968,0.1867503821849823,0.3643953204154968,0.5312983989715576,0.6977497935295105,0.28361302614212036,0.07830330729484558,0.28361302614212036,0.07830330729484558,0.45984986424446106,0.23572680354118347
447,1.1981199979782104,0.513015627861023,0.27874129066864645,0.19742974393690638,0.26031726766998564,0.23529654741287231,0.23529654741287231,0.23529654741287231,0.23529654741287231,0.22583714127540588,0.6706783175468445,0.23529654741287231,0.18113040924072266,0.23529654741287231,0.18113040924072266,0.35333892703056335,0.33275336027145386
448,-0.12920093536376953,0.8319976925849915,0.24297672259931757,0.6340247475666304,0.17846889683355893,0.6257299780845642,0.8298851847648621,0.6257299780845642,0.8298851847648621,0.803064227104187,0.8298851847648621,0.6257299780845642,0.22765237092971802,0.6257299780845642,0.22765237092971802,0.7278075814247131,0.2903493046760559
449,0.8288620710372925,0.846180260181427,0.049423238945504044,0.5636529931177695,0.45657664292802413,0.47727784514427185,0.5110312700271606,0.47727784514427185,0.5110312700271606,0.9546453356742859,1.003842830657959,0.5347350239753723,0.024609804153442383,0.5347350239753723,0.024609804153442383,0.7794166803359985,0.23331433534622192
450,-0.10705460608005524,0.38245531916618347,0.20328468323995663,0.04099993797639989,0.44364321851481986,0.48232048749923706,0.5401179790496826,0.48232048749923706,0.5401179790496826,0.5452091693878174,0.5401179790496826,0.48232048749923706,0.04865649342536926,0.48232048749923706,0.04865649342536926,0.5410335063934326,0.07343319058418274
451,-0.8549361824989319,0.1667957603931427,0.07667176267753045,0.43461431870857875,0.12101764657845099,0.38495969772338867,0.36946171522140503,0.38495969772338867,0.36946171522140503,0.011038750410079956,0.32445845007896423,0.38495969772338867,0.012396752834320068,0.38495969772338867,0.012396752834320068,0.36306220293045044,0.035774052143096924
452,-2.5339512825012207,-0.0797731801867485,0.09012539096176624,0.004293800741434095,0.22953112915158272,0.28858816623687744,0.07788955420255661,0.28858816623687744,0.07788955420255661,0.1162337213754654,0.07788955420255661,0.28858816623687744,0.04541981220245361,0.28858816623687744,0.04541981220245361,0.2079365849494934,0.13820329308509827
453,-0.7125102877616882,-1.294707179069519,0.5679821118526158,0.32693391615524886,0.17631847664713884,1.0999393463134766,0.699941098690033,1.0999393463134766,0.699941098690033,1.750272512435913,1.0996336936950684,0.699941098690033,0.03546619415283203,0.699941098690033,0.03546619415283203,0.899787425994873,0.26351284980773926
454,-1.0106258392333984,-1.7751206159591675,0.030386728116621686,1.1097547300097843,0.411506483418246,2.102005958557129,1.3603893518447876,2.102005958557129,1.3603893518447876,2.450122356414795,1.6174578666687012,1.2845357656478882,0.22682678699493408,1.2845357656478882,0.22682678699493408,1.3871971368789673,0.3553333878517151
455,-0.22935281693935394,-1.0517239570617676,0.012314693965018053,0.20308031566441048,0.6128562730178235,1.110565423965454,0.894061267375946,1.110565423965454,0.894061267375946,1.3567557334899902,0.894061267375946,0.34508347511291504,0.11658120155334473,0.34508347511291504,0.11658120155334473,0.522526741027832,0.2719619870185852
456,-1.2018463611602783,-0.894558846950531,0.08380533865963424,0.39584231181691076,0.359049199378739,0.84513258934021,0.5151560306549072,0.84513258934021,0.5151560306549072,1.2308647632598877,0.7368961572647095,0.49330446124076843,0.0384487509727478,0.49330446124076843,0.0384487509727478,0.5967321395874023,0.1527254581451416
457,-0.5758264660835266,-0.7218824625015259,0.08532691252728303,0.0011109614248077104,0.41419383698453505,0.4820918142795563,0.5642197728157043,0.4820918142795563,0.5642197728157043,0.9395116567611694,0.5642197728157043,0.20843273401260376,0.12591123580932617,0.20843273401260376,0.12591123580932617,0.3333394527435303,0.19908569753170013
458,-1.60304856300354,-0.9222084283828735,0.0013274044170976662,0.5020264182239772,0.19803674016147854,1.0641562938690186,0.6859028935432434,1.0641562938690186,0.6859028935432434,1.132932186126709,0.764545738697052,0.5970087051391602,0.12204784154891968,0.5970087051391602,0.12204784154891968,0.6308553218841553,0.16405323147773743
459,-1.396144986152649,-1.0421537160873413,0.18896084819609904,0.16697579965616272,0.46274439382056415,0.47149455547332764,0.8844910264015198,0.47149455547332764,0.8844910264015198,1.0604506731033325,0.8844910264015198,0.23872113227844238,0.3434469699859619,0.23872113227844238,0.3434469699859619,0.42804980278015137,0.44916993379592896
460,-1.144254446029663,-1.4700658321380615,0.20467937769368305,0.7087125475518404,0.3332012324780226,1.4212546348571777,1.1276094913482666,1.4212546348571777,1.1276094913482666,1.5368605852127075,1.3124032020568848,0.8956159353256226,0.3774479627609253,0.8956159353256226,0.3774479627609253,0.9579793214797974,0.47433382272720337
461,-1.4047143459320068,-1.4529955387115479,0.08829449144502499,0.5803567161162694,0.5608715375264484,0.9408911466598511,0.9039842486381531,0.9408911466598511,0.9039842486381531,1.3278028964996338,1.295332670211792,0.8108031749725342,0.2540252208709717,0.8108031749725342,0.2540252208709717,0.939792275428772,0.4508621394634247
462,-1.0739707946777344,-1.357588768005371,0.15336901174237316,0.4609657545139392,0.5197813273345433,0.41764867305755615,1.1999261379241943,0.41764867305755615,1.1999261379241943,0.9776190519332886,1.1999261379241943,0.31876909732818604,0.3038824796676636,0.31876909732818604,0.3038824796676636,0.612155020236969,0.5707768201828003
463,-3.603214740753174,-1.3823240995407104,0.08577968341608866,0.592953082633515,0.48011865907659146,0.9631248712539673,0.9058079719543457,0.9631248712539673,0.9058079719543457,1.1973590850830078,1.2246613502502441,0.7931714653968811,0.24697303771972656,0.7931714653968811,0.24697303771972656,0.9042785167694092,0.4100475609302521
464,-2.682515859603882,-2.0661110877990723,0.876473497537275,0.44464144529153904,0.5215234705557428,1.295734167098999,1.044689655303955,1.295734167098999,1.044689655303955,2.034965991973877,1.9084484577178955,1.044689655303955,0.7728534936904907,1.044689655303955,0.7728534936904907,1.2269119024276733,0.8280667066574097
465,-3.3526744842529297,-3.205565929412842,0.7918883846265576,1.7108759650898473,0.4793289052819212,3.494730234146118,2.7428486347198486,3.494730234146118,2.7428486347198486,3.673882484436035,2.7428486347198486,2.2179808616638184,0.38117051124572754,2.2179808616638184,0.38117051124572754,2.480414867401123,0.9654752612113953
466,-0.7608708739280701,-3.2039995193481445,0.9271439799914756,1.3530484608809155,0.700334404061238,2.046924114227295,2.558267831802368,2.046924114227295,2.558267831802368,2.5267438888549805,2.558267831802368,2.046924114227295,0.6084082126617432,2.046924114227295,0.6084082126617432,2.302596092224121,1.232105016708374
467,0.07403294742107391,-2.275944232940674,0.012986749714862356,1.3990328438828386,0.6404519649284577,2.452327251434326,1.6456390619277954,2.452327251434326,1.6456390619277954,3.9633607864379883,2.118281602859497,1.6294084787368774,0.268204927444458,1.6294084787368774,0.268204927444458,1.8049311637878418,0.4819488525390625
468,1.0177006721496582,-0.9613066911697388,0.1451227275157968,0.20742440478255353,0.6755323394884666,1.5783281326293945,0.8036440014839172,1.5783281326293945,0.8036440014839172,2.160433530807495,0.8036440014839172,0.4632028043270111,0.0031964778900146484,0.4632028043270111,0.0031964778900146484,0.6389979720115662,0.1600733995437622
469,1.1351553201675415,-0.29867300391197205,0.20403271841506163,0.08488626469547553,0.3641193126079937,0.9363020658493042,0.1410103142261505,0.9363020658493042,0.1410103142261505,0.7954837083816528,0.1410103142261505,0.3123946189880371,0.02923572063446045,0.3123946189880371,0.02923572063446045,0.24375227093696594,0.06116347014904022
470,1.9772543907165527,0.47812706232070923,0.22436095522095767,0.47707830694814507,0.00016050436844428084,0.39569753408432007,0.609300971031189,0.39569753408432007,0.609300971031189,0.5554019212722778,0.609300971031189,0.44599318504333496,0.037672340869903564,0.44599318504333496,0.037672340869903564,0.527647078037262,0.09987024962902069
471,2.0135254859924316,1.0986627340316772,0.37361758605887496,0.49700919003536304,0.4515086323519547,0.15144884586334229,0.8782718777656555,0.15144884586334229,0.8782718777656555,0.16944420337677002,1.2563254833221436,0.5043774247169495,0.3624092936515808,0.5043774247169495,0.3624092936515808,0.7356720566749573,0.5439542531967163
472,0.012223990634083748,1.6978816986083984,0.3945611104679605,0.9713551689808568,0.5554380935740967,1.0471899509429932,1.4356369972229004,1.0471899509429932,1.4356369972229004,1.1293563842773438,1.8555443286895752,1.060536503791809,0.42932844161987305,1.060536503791809,0.42932844161987305,1.310072660446167,0.6565963625907898
473,0.5029389262199402,1.533888578414917,0.0623492372781036,0.987753685321659,0.7072583302296698,1.0051283836364746,1.006805658340454,1.0051283836364746,1.006805658340454,1.6767314672470093,1.6915512084960938,1.0051283836364746,0.0023567676544189453,1.0051283836364746,0.0023567676544189453,1.3474085330963135,0.3509860634803772
474,2.112593173980713,0.6040512919425964,0.13937215178584061,0.004922336613138567,0.6832293587488432,0.685245931148529,0.7617138624191284,0.685245931148529,0.7617138624191284,0.5455482006072998,0.7617138624191284,0.685245931148529,0.004148900508880615,0.685245931148529,0.004148900508880615,0.7206631898880005,0.0355757474899292
475,1.0647140741348267,0.36844542622566223,0.37055101605753105,0.22910987994323173,0.007742795360585086,0.29024386405944824,0.29024386405944824,0.29024386405944824,0.29024386405944824,0.25122329592704773,0.5217667818069458,0.29024386405944824,0.006882905960083008,0.29024386405944824,0.006882905960083008,0.406005322933197,0.10936523973941803
476,0.40832409262657166,1.310543179512024,0.22983437468608248,1.0612888912608223,0.24289258797963464,1.0970501899719238,1.2819963693618774,1.0970501899719238,1.2819963693618774,0.7288047075271606,1.4682059288024902,1.0970501899719238,0.1905078887939453,1.0970501899719238,0.1905078887939453,1.2096408605575562,0.3055059611797333
477,0.9540778994560242,1.0609253644943237,0.12164952781672289,0.45920794470856563,0.7035405663835507,0.6760027408599854,1.21858811378479,0.6760027408599854,1.21858811378479,0.6840283274650574,1.21858811378479,0.6760027408599854,0.05219912528991699,0.6760027408599854,0.05219912528991699,0.9181339740753174,0.2747119665145874
478,0.17353323101997375,0.5743467807769775,0.21765823427587738,0.1822004732489586,0.397960747666657,0.42484843730926514,0.7320094704627991,0.42484843730926514,0.7320094704627991,0.5289925932884216,0.7320094704627991,0.42484843730926514,0.16448000073432922,0.42484843730926514,0.16448000073432922,0.4844818413257599,0.2507810890674591
479,-0.9990900754928589,0.46353277564048767,0.10754277650887767,0.4701487635696927,0.10931393977875509,0.4399491250514984,0.47076353430747986,0.4399491250514984,0.47076353430747986,0.38684362173080444,0.6211954951286316,0.4399491250514984,0.028125345706939697,0.4399491250514984,0.028125345706939697,0.5177344083786011,0.10308726131916046
480,-2.878490924835205,0.04995592683553696,0.12363202733298145,0.1275341703246037,0.269526443357269,0.313616007566452,0.2076185941696167,0.313616007566452,0.2076185941696167,0.015091955661773682,0.2076185941696167,0.313616007566452,0.21880245208740234,0.313616007566452,0.21880245208740234,0.35630008578300476,0.1830824613571167
481,-3.075800895690918,-1.3934738636016846,0.7093105286111436,0.3915062927951416,0.06918424857159433,1.4282581806182861,0.8399022221565247,1.4282581806182861,0.8399022221565247,2.3372178077697754,1.2985650300979614,0.8399022221565247,0.066855788230896,0.8399022221565247,0.066855788230896,1.0692336559295654,0.26871103048324585
482,-4.236278533935547,-2.986846446990967,0.8807444677005214,1.4048300492266814,0.4777992556492485,2.8924050331115723,2.5396769046783447,2.8924050331115723,2.5396769046783447,3.274594306945801,2.5396769046783447,1.8744615316390991,0.38590502738952637,1.8744615316390991,0.38590502738952637,2.207069158554077,0.9761882424354553
483,-4.189979553222656,-3.8367512226104736,1.3116790142158665,1.5834282207737371,0.7181713132063545,2.524905204772949,3.200406789779663,2.524905204772949,3.200406789779663,3.2033355236053467,3.200406789779663,2.3818178176879883,0.6999285221099854,2.3818178176879883,0.6999285221099854,2.7911124229431152,1.5235811471939087
484,-3.760422945022583,-4.400819301605225,1.4199363278225063,2.0700511286035175,0.6873591707646853,3.688693046569824,3.760136365890503,3.688693046569824,3.760136365890503,4.011535167694092,3.760136365890503,2.966552734375,0.6529793739318848,2.966552734375,0.6529793739318848,3.363344669342041,1.6176989078521729
485,-3.4166653156280518,-4.127767562866211,1.2371667349214355,2.0118463213617597,0.6552818321685003,3.1454925537109375,3.48433780670166,3.1454925537109375,3.48433780670166,3.628734827041626,3.48433780670166,2.8487353324890137,0.5589399337768555,2.8487353324890137,0.5589399337768555,3.166536569595337,1.4394235610961914
486,-2.1923646926879883,-3.7689785957336426,1.0551966399202741,1.8284995571027198,0.6618094858775541,2.8322386741638184,3.1251678466796875,2.8322386741638184,3.1251678466796875,3.2428178787231445,3.1251678466796875,2.5992398262023926,0.5514681339263916,2.5992398262023926,0.5514681339263916,2.86220383644104,1.3102549314498901
487,-0.9148666858673096,-2.9456658363342285,0.5057951513553656,1.5748999442781009,0.6414980662862464,2.6896615028381348,2.299833297729492,2.6896615028381348,2.299833297729492,3.346367597579956,2.7880032062530518,2.0993447303771973,0.9537464380264282,2.0993447303771973,0.9537464380264282,2.1780147552490234,1.149633765220642
488,-1.8149796724319458,-1.8272203207015991,0.020102803700913885,0.9229438095291456,0.6607010330570242,1.6387542486190796,1.1823548078536987,1.6387542486190796,1.1823548078536987,2.9120140075683594,1.6695575714111328,1.1653447151184082,0.23156952857971191,1.1653447151184082,0.23156952857971191,1.3315327167510986,0.45247966051101685
489,-0.88217693567276,-1.3699406385421753,0.2285571085289121,0.3273304716870189,0.5905803839117288,0.8992080688476562,1.212277889251709,0.8992080688476562,1.212277889251709,1.2567075490951538,1.212277889251709,0.3223106861114502,0.3529393672943115,0.3223106861114502,0.3529393672943115,0.5610647201538086,0.5587416887283325
490,-0.7328002452850342,-1.5032463073730469,0.05667525364706916,0.7923819169277948,0.430716581592957,1.422590732574463,1.0746251344680786,1.422590732574463,1.0746251344680786,1.6468381881713867,1.3455836772918701,0.9768033623695374,0.2306811809539795,0.9768033623695374,0.2306811809539795,1.0789765119552612,0.3705875873565674
491,-0.7744960784912109,-1.0764456987380981,0.023579510394483694,0.30176610786467795,0.5747864268533884,0.8129301071166992,0.9187830090522766,0.8129301071166992,0.9187830090522766,1.2273423671722412,0.9187830090522766,0.354658842086792,0.1007758378982544,0.354658842086792,0.1007758378982544,0.5707886219024658,0.30191612243652344
492,1.378994107246399,-0.8914411067962646,0.010010073066999414,0.25782224613552296,0.40013611317922676,0.2868940830230713,0.7337784171104431,0.2868940830230713,0.7337784171104431,0.6388565301895142,0.7337784171104431,0.23351824283599854,0.12710821628570557,0.23351824283599854,0.12710821628570557,0.4132741689682007,0.29871654510498047
493,0.9824793338775635,-0.5934165716171265,0.2807170879965028,0.28414358232791226,0.36651746247584627,1.0829594135284424,0.4357539415359497,1.0829594135284424,0.4357539415359497,2.4984285831451416,0.4357539415359497,0.29698753356933594,0.15549427270889282,0.29698753356933594,0.15549427270889282,0.4618547856807709,0.18213807046413422
494,-0.08276601880788803,0.18728256225585938,0.16072314417610573,0.6378448409090439,0.38781274841477476,0.5219707489013672,0.5824616551399231,0.5219707489013672,0.5824616551399231,0.49246716499328613,0.3449452519416809,0.5219707489013672,0.0007398724555969238,0.5219707489013672,0.0007398724555969238,0.36608630418777466,0.15415985882282257
495,-0.06633735448122025,0.7524234056472778,0.057937345163275866,0.45506802841400096,0.46289064687987175,0.4638064503669739,0.9100860357284546,0.4638064503669739,0.9100860357284546,0.7394404411315918,0.9100860357284546,0.4638064503669739,0.015184342861175537,0.4638064503669739,0.015184342861175537,0.6933720111846924,0.211015984416008
496,0.10776050388813019,0.16126427054405212,0.06652273055166003,0.0022356702759862013,0.3204499144852162,0.3675501048564911,0.31892699003219604,0.3675501048564911,0.31892699003219604,0.210740864276886,0.31892699003219604,0.3675501048564911,0.03349238634109497,0.3675501048564911,0.03349238634109497,0.3623277544975281,0.039939165115356445
497,0.1309504210948944,-0.20179280638694763,0.11250661458820106,0.021160666495561628,0.1119874428585172,0.01559332013130188,0.01559332013130188,0.01559332013130188,0.01559332013130188,0.08293763548135757,0.044130146503448486,0.01559332013130188,0.030443847179412842,0.01559332013130188,0.030443847179412842,0.014564290642738342,0.045351460576057434
498,0.5927581191062927,-0.11298932880163193,0.11363602308556436,0.09875181755051014,0.10190446522086855,0.018258847296237946,0.018258847296237946,0.018258847296237946,0.018258847296237946,0.07588855177164078,0.04467339068651199,0.018258847296237946,0.04924017935991287,0.018258847296237946,0.04924017935991287,0.01160375401377678,0.03719734400510788
499,1.5476393699645996,0.027428485453128815,0.17338251374041042,0.09405526721229154,0.016536598733315866,0.08640982955694199,0.08640982955694199,0.08640982955694199,0.08640982955694199,0.06564442068338394,0.14638829231262207,0.08640982955694199,0.04426555335521698,0.08640982955694199,0.04426555335521698,0.11639906466007233,0.07320137321949005
500,1.16952645778656,0.3745499551296234,0.2895895212950806,0.27512511028597747,0.033307997963080815,0.21238920092582703,0.21238920092582703,0.21238920092582703,0.21238920092582703,0.040178656578063965,0.4850633442401886,0.21238920092582703,0.06741181015968323,0.21238920092582703,0.06741181015968323,0.3487262725830078,0.1913907825946808
501,1.4963903427124023,1.0165139436721802,0.24318743176758273,0.738925966732204,0.2578732195869089,0.7460517883300781,0.9539666771888733,0.7460517883300781,0.9539666771888733,0.6050605773925781,1.1741766929626465,0.7460517883300781,0.19726556539535522,0.7460517883300781,0.19726556539535522,0.8798263072967529,0.31598061323165894
502,-0.5488452315330505,1.1554635763168335,0.27761939366658517,0.5031304404636223,0.5981864166011414,0.6006096601486206,1.3131263256072998,0.6006096601486206,1.3131263256072998,0.9460651278495789,1.3131263256072998,0.6006096601486206,0.2426653504371643,0.6006096601486206,0.2426653504371643,0.8524502515792847,0.4990178048610687
503,1.2862575054168701,0.8671453595161438,0.029337316174060213,0.7356314099952579,0.3843239401094616,0.7033698558807373,0.5928512811660767,0.7033698558807373,0.5928512811660767,1.0115485191345215,1.0248080492019653,0.7033698558807373,0.11809372901916504,0.7033698558807373,0.11809372901916504,0.9113706350326538,0.21504893898963928
504,0.13124839961528778,0.40494152903556824,0.2690133682265877,0.2163859483227134,0.5757868729531765,0.6197435855865479,0.5626043081283569,0.6197435855865479,0.5626043081283569,0.7824537754058838,0.5626043081283569,0.6197435855865479,0.1853901743888855,0.6197435855865479,0.1853901743888855,0.7184380292892456,0.10326305031776428
505,1.0491280555725098,0.237361341714859,0.10456015406797331,0.6395425017053882,0.2832685800393422,0.5594322085380554,0.5721794366836548,0.5594322085380554,0.5721794366836548,0.2686980664730072,0.3950240910053253,0.5594322085380554,0.005078643560409546,0.5594322085380554,0.005078643560409546,0.4674469828605652,0.10787913203239441
506,-1.4662117958068848,0.5450699925422668,0.22949777179087189,0.058100047136346644,0.48094484802956383,0.5025636553764343,0.7027326822280884,0.5025636553764343,0.7027326822280884,0.6085780262947083,0.7027326822280884,0.5025636553764343,0.04927825927734375,0.5025636553764343,0.04927825927734375,0.5724340677261353,0.13992998003959656
507,0.05178350210189819,0.09032974392175674,0.20840856427326804,0.5779319250583649,0.05572092754766339,0.5233055949211121,0.20073433220386505,0.5233055949211121,0.20073433220386505,0.221093088388443,0.20073433220386505,0.5233055949211121,0.030071452260017395,0.5233055949211121,0.030071452260017395,0.36201995611190796,0.13549652695655823
508,-3.871558904647827,-0.35458114743232727,0.09633625138550989,0.6003133125789462,0.37286852857097974,1.9481942653656006,0.5862690210342407,1.9481942653656006,0.5862690210342407,1.4833358526229858,0.1969185173511505,0.5961483716964722,0.010510027408599854,0.5961483716964722,0.010510027408599854,0.40044885873794556,0.246542826294899
509,-0.6992587447166443,-1.3473093509674072,0.859447757440309,0.19913372421016273,0.46352252411345596,1.071102261543274,0.8391622304916382,1.071102261543274,0.8391622304916382,2.5041589736938477,1.1896464824676514,0.8391622304916382,0.0353856086730957,0.8391622304916382,0.0353856086730957,1.0263323783874512,0.05149364471435547
510,-4.177060604095459,-2.0024173259735107,0.07521755407253883,1.630069019744794,0.07365783932308334,3.7225680351257324,1.8632341623306274,3.7225680351257324,1.8632341623306274,4.116244316101074,1.8632341623306274,1.7357177734375,0.016982555389404297,1.7357177734375,0.016982555389404297,1.799475908279419,0.14488214254379272
511,0.2472815364599228,-1.9918359518051147,0.9726147820303835,0.20752212962756578,0.58822636573265,1.1235607862472534,1.0614579916000366,1.1235607862472534,1.0614579916000366,2.77778959274292,1.8341732025146484,1.0614579916000366,0.5741062164306641,1.0614579916000366,0.5741062164306641,1.2854557037353516,0.5883760452270508
512,-4.416684627532959,-1.8819702863693237,0.21561134552583106,1.5727615080401303,0.3013473302312195,3.5934343338012695,1.5060198307037354,3.5934343338012695,1.5060198307037354,4.470181465148926,1.7243075370788574,1.5256887674331665,0.10216891765594482,1.5256887674331665,0.10216891765594482,1.6430718898773193,0.08962857723236084
513,-0.6030823588371277,-1.3147624731063843,0.92902959736685,0.3462069784229005,0.5084670605386297,0.7601704597473145,0.7570168972015381,0.7601704597473145,0.7570168972015381,2.4408998489379883,1.157099723815918,0.7570168972015381,0.1835014820098877,0.7570168972015381,0.1835014820098877,1.0139522552490234,0.1713460087776184
514,-3.9104130268096924,-2.0590906143188477,0.05678447987884305,1.7903702779114248,0.011536817885935635,4.134356498718262,1.9914631843566895,4.134356498718262,1.9914631843566895,4.694553852081299,1.9914631843566895,1.8759459257125854,0.07387208938598633,1.8759459257125854,0.07387208938598633,1.9337046146392822,0.13772684335708618
515,0.8624770641326904,-1.8167152404785156,0.869448267010351,0.1487189587329827,0.5750752211113769,0.9635311365127563,0.9387714862823486,0.9635311365127563,0.9387714862823486,2.5808470249176025,1.6590523719787598,0.9387714862823486,0.48820507526397705,0.9387714862823486,0.48820507526397705,1.1589975357055664,0.5056124329566956
516,-2.304612874984741,-1.5842621326446533,0.35123952217400056,1.442970605716109,0.26905849389731906,3.6549930572509766,1.2342041730880737,3.6549930572509766,1.2342041730880737,3.4896483421325684,1.2342041730880737,1.3016955852508545,0.15717041492462158,1.3016955852508545,0.15717041492462158,1.2679498195648193,0.1563158631324768
517,0.41789939999580383,-0.4164431393146515,0.2189773848156134,0.5872583647941549,0.5612514448786775,0.45263829827308655,0.22902783751487732,0.45263829827308655,0.22902783751487732,1.2015340328216553,0.25878044962882996,0.45263829827308655,0.0434684157371521,0.45263829827308655,0.0434684157371521,0.3810448944568634,0.35088256001472473
518,-0.49137645959854126,-0.7426680326461792,0.17808598015457378,0.9805362693220374,0.2832549309357999,2.765749931335449,0.9063400030136108,2.765749931335449,0.9063400030136108,2.312434673309326,0.5850053429603577,0.9843714237213135,0.09093582630157471,0.9843714237213135,0.09093582630157471,0.8144971132278442,0.27411067485809326
519,-0.8849200010299683,-0.44355717301368713,0.07585107189913598,0.31483762477835003,0.6107732548813024,1.2584282159805298,0.2858945429325104,1.2584282159805298,0.2858945429325104,1.106697678565979,0.2858945429325104,0.40119668841362,0.009937882423400879,0.40119668841362,0.009937882423400879,0.301780641078949,0.08946509659290314
520,0.6860256791114807,-0.4159505069255829,0.08944491742799682,0.1655124870377283,0.06247957195465775,0.6578818559646606,0.41233474016189575,0.6578818559646606,0.41233474016189575,1.0339727401733398,0.41233474016189575,0.2260504961013794,0.14882603287696838,0.2260504961013794,0.14882603287696838,0.3191926181316376,0.08968724310398102
521,1.2772718667984009,-0.6388714909553528,0.20703521887461346,0.3424228117180366,0.2800112236974141,1.0429396629333496,0.32069283723831177,1.0429396629333496,0.32069283723831177,1.8020334243774414,0.48120880126953125,0.3829922378063202,0.0967557430267334,0.3829922378063202,0.0967557430267334,0.47973543405532837,0.08330163359642029
522,-0.6369480490684509,-0.10534032434225082,0.19763774444038668,0.3348690217050414,0.4143744309743246,1.079125165939331,0.052322350442409515,1.079125165939331,0.052322350442409515,1.0369068384170532,0.052322350442409515,0.41546547412872314,0.021325431764125824,0.41546547412872314,0.021325431764125824,0.2695653438568115,0.16886882483959198
523,0.4809702932834625,0.5718138217926025,0.038706339634954845,0.6438070106506347,0.19018582519143812,0.6074155569076538,0.474054753780365,0.6074155569076538,0.474054753780365,0.6420004963874817,0.7294765114784241,0.6074155569076538,0.13009226322174072,0.6074155569076538,0.13009226322174072,0.7244693040847778,0.1291828155517578
524,-1.3368812799453735,0.16113826632499695,0.15605997961014512,0.24168998483568438,0.4702409757673741,0.5364494323730469,0.31880098581314087,0.5364494323730469,0.31880098581314087,0.6701614856719971,0.31880098581314087,0.5364494323730469,0.08852008730173111,0.5364494323730469,0.08852008730173111,0.39357835054397583,0.11940866708755493
525,0.34968119859695435,-0.31841030716896057,0.12309054763987659,0.3342823650129139,0.3061294501274824,0.25234100222587585,0.040931522846221924,0.25234100222587585,0.040931522846221924,0.27196159958839417,0.16074761748313904,0.25234100222587585,0.17428770661354065,0.25234100222587585,0.17428770661354065,0.18387357890605927,0.2782187759876251
526,-1.000057339668274,-0.505703330039978,0.15724756826957062,0.5612418889502684,0.12176366505523523,1.4994091987609863,0.5259344577789307,1.4994091987609863,0.5259344577789307,1.4624090194702148,0.5259344577789307,0.5881743431091309,0.20523470640182495,0.5881743431091309,0.20523470640182495,0.5570544004440308,0.2388761341571808
527,-0.8072742223739624,-0.42243340611457825,0.015497453839828423,0.28656464165697487,0.4700279195172092,0.8111801147460938,0.2647707164287567,0.8111801147460938,0.2647707164287567,0.6801077723503113,0.2647707164287567,0.24500462412834167,0.059088557958602905,0.24500462412834167,0.059088557958602905,0.15909086167812347,0.0735919177532196
528,-1.687326192855835,-0.66188645362854,0.07091393789897349,0.4045591868708531,0.03705934555580209,1.1282297372817993,0.6325628757476807,1.1282297372817993,0.6325628757476807,1.4478259086608887,0.6325628757476807,0.46734434366226196,0.13665902614593506,0.46734434366226196,0.13665902614593506,0.5499535799026489,0.08795145153999329
529,-0.944925844669342,-1.184806227684021,0.23496600476404028,0.2954422161479792,0.4309253323574861,0.3033776879310608,1.0271434783935547,0.3033776879310608,1.0271434783935547,0.7053020000457764,1.0271434783935547,0.23463845252990723,0.3597862720489502,0.23463845252990723,0.3597862720489502,0.4437118470668793,0.5486081838607788
530,-0.8314544558525085,-1.4318751096725464,0.07306925068919856,0.7351609454986947,0.40017223907013766,1.3412930965423584,1.0286030769348145,1.3412930965423584,1.0286030769348145,1.5275301933288574,1.27421236038208,0.9124466180801392,0.2405383586883545,0.9124466180801392,0.2405383586883545,1.0039637088775635,0.36798346042633057
531,0.19569948315620422,-1.1219154596328735,1.5506787846231163e-05,0.3386342896272739,0.5598240023789305,0.7036029100418091,0.964252769947052,0.7036029100418091,0.964252769947052,1.1516056060791016,0.964252769947052,0.34470969438552856,0.12828385829925537,0.34470969438552856,0.12828385829925537,0.5779095888137817,0.34543779492378235
532,1.1794183254241943,-0.8006472587585449,0.147968005525569,0.29964612198372687,0.4254964678858716,0.7800416350364685,0.6429845690727234,0.7800416350364685,0.6429845690727234,1.5555152893066406,0.6429845690727234,0.2908822298049927,0.024483203887939453,0.2908822298049927,0.024483203887939453,0.48135727643966675,0.19487975537776947
533,-0.0812031626701355,-0.2679522931575775,0.21104823354631658,0.13454896679148076,0.39007675947621456,1.0109820365905762,0.1102895438671112,1.0109820365905762,0.1102895438671112,0.8735412359237671,0.1102895438671112,0.3555935025215149,0.07452398538589478,0.3555935025215149,0.07452398538589478,0.2779763340950012,0.10785152018070221
534,0.002768911188468337,0.4583379924297333,0.07210884862268957,0.592724747924755,0.016977070296804175,0.558927595615387,0.5450788736343384,0.558927595615387,0.5450788736343384,0.3502891957759857,0.5450788736343384,0.558927595615387,0.07339012622833252,0.558927595615387,0.07339012622833252,0.5520032644271851,0.06840166449546814
535,0.21112941205501556,0.24671503901481628,0.07646354998151461,0.005878967394431556,0.39960316064457113,0.4414047300815582,0.4043777585029602,0.4414047300815582,0.4043777585029602,0.27747273445129395,0.4043777585029602,0.4414047300815582,0.03154987096786499,0.4414047300815582,0.03154987096786499,0.44161972403526306,0.03128957748413086
536,-1.0150179862976074,-0.1553800106048584,0.1259344010117153,0.050112828562657086,0.10795459556703765,0.02948462963104248,0.02948462963104248,0.02948462963104248,0.02948462963104248,0.10580188781023026,0.002282649278640747,0.02948462963104248,0.0012593567371368408,0.02948462963104248,0.0012593567371368408,0.015245586633682251,0.015009865164756775
537,0.9400243759155273,-0.24811428785324097,0.09589172681172688,0.17208395383010303,0.1008338404571016,0.10389599204063416,0.09143388271331787,0.10389599204063416,0.09143388271331787,0.04253235459327698,0.09045159816741943,0.10389599204063416,0.18858972191810608,0.10389599204063416,0.18858972191810608,0.10428833961486816,0.18810300529003143
538,-0.7647119760513306,-0.3778684139251709,0.2458985813024143,0.41985005236541223,0.019555731552342553,1.4055793285369873,0.2968299984931946,1.4055793285369873,0.2968299984931946,1.2770445346832275,0.2968299984931946,0.4427366554737091,0.09241536259651184,0.4427366554737091,0.09241536259651184,0.36978334188461304,0.17207278311252594
539,1.8916932344436646,-0.08669113367795944,0.014757709335535718,0.5332019244506954,0.411178093049675,0.4378032088279724,0.3638594448566437,0.4378032088279724,0.3638594448566437,0.4860014021396637,0.07097155600786209,0.4378032088279724,0.025919318199157715,0.4378032088279724,0.025919318199157715,0.3237120509147644,0.1956857591867447
540,0.7419949173927307,0.2551717460155487,0.39460173947736604,0.31169059045612796,0.3957332714088262,0.004897207021713257,0.41283443570137024,0.004897207021713257,0.41283443570137024,0.3681454658508301,0.41283443570137024,0.4588198959827423,0.29481241106987,0.4588198959827423,0.29481241106987,0.6134651303291321,0.17889833450317383
541,1.5522637367248535,0.3973913788795471,0.13670801376923902,0.8832553393766285,0.3990993594564497,0.7426173090934753,0.7901211380958557,0.7426173090934753,0.7901211380958557,0.35108351707458496,0.5550540089607239,0.7426173090934753,0.008789211511611938,0.7426173090934753,0.008789211511611938,0.5975074768066406,0.18900229036808014
542,1.0168068408966064,0.9938516616821289,0.2649833916624388,0.2828114468355972,0.6695294975986084,0.6224415302276611,1.1515142917633057,0.6224415302276611,1.1515142917633057,0.4408618211746216,1.1515142917633057,0.6224415302276611,0.1982342004776001,0.6224415302276611,0.1982342004776001,0.7781920433044434,0.3444817066192627
543,0.882620632648468,1.0577940940856934,0.22371579285711052,0.7431521171331406,0.31439885850995786,0.7542677521705627,0.9390032887458801,0.7542677521705627,0.9390032887458801,0.727792501449585,1.2154567241668701,0.7542677521705627,0.1817154884338379,0.7542677521705627,0.1817154884338379,0.9151571989059448,0.32763662934303284
544,-0.7916432023048401,0.9756306409835815,0.19268812053526418,0.44087887377167745,0.5655363210911554,0.5635508894920349,1.1332933902740479,0.5635508894920349,1.1332933902740479,0.779492974281311,1.1332933902740479,0.5635508894920349,0.14102691411972046,0.5635508894920349,0.14102691411972046,0.7877650260925293,0.3575533330440521
545,-0.18161435425281525,0.43979397416114807,0.07511272450288131,0.4399767536545794,0.2984026492262879,0.33281490206718445,0.21972545981407166,0.33281490206718445,0.21972545981407166,0.6767148375511169,0.597456693649292,0.38809409737586975,0.16750937700271606,0.38809409737586975,0.16750937700271606,0.564999520778656,0.17794610559940338
546,-0.4496488571166992,-0.19154256582260132,0.050164210672179854,0.3051876912762721,0.2869536488006512,1.1510772705078125,0.36265307664871216,1.1510772705078125,0.36265307664871216,0.8179500102996826,0.03387981653213501,0.32671964168548584,0.03736215829849243,0.32671964168548584,0.03736215829849243,0.16590435802936554,0.18566444516181946
547,-1.0691618919372559,-0.5328114032745361,0.050274363278100836,0.0035997870999078807,0.36321299844731886,0.4315338134765625,0.37514883279800415,0.4315338134765625,0.37514883279800415,0.5736743807792664,0.37514883279800415,0.212905615568161,0.08914008736610413,0.212905615568161,0.08914008736610413,0.2520928978919983,0.11125865578651428
548,-1.5718399286270142,-0.6439033150672913,0.10625461832930644,0.13680030537148316,0.1773756573473414,0.054187774658203125,0.48624056577682495,0.054187774658203125,0.48624056577682495,0.4104354977607727,0.48624056577682495,0.054187774658203125,0.21343526244163513,0.054187774658203125,0.21343526244163513,0.16615907847881317,0.3184606432914734
549,0.597265362739563,-1.1932330131530762,0.24272850358237819,0.44086869885524116,0.28616313630094137,0.923201322555542,0.8874459266662598,0.923201322555542,0.8874459266662598,1.0078181028366089,1.0355703830718994,0.5964950919151306,0.38318121433258057,0.5964950919151306,0.38318121433258057,0.645572304725647,0.4608342945575714
550,-1.2610456943511963,-1.0942696332931519,0.21917755612482615,0.6195356260488429,0.4704388889546196,1.4484024047851562,0.6325243711471558,1.4484024047851562,0.6325243711471558,2.770726442337036,0.9366069436073303,0.6565161943435669,0.10327756404876709,0.6565161943435669,0.10327756404876709,0.838336706161499,0.15635189414024353
551,0.19410547614097595,-0.35754168033599854,0.04923357466856637,0.415561531757315,0.500396992812554,0.9572106599807739,0.1998790204524994,0.9572106599807739,0.1998790204524994,0.7365627288818359,0.1998790204524994,0.24124738574028015,0.050449252128601074,0.24124738574028015,0.050449252128601074,0.14880280196666718,0.11894087493419647
552,-0.9828115701675415,-0.4489690363407135,0.12741340339183804,0.5243498603254557,0.17144003540277492,1.4889872074127197,0.5132210850715637,1.4889872074127197,0.5132210850715637,1.2192349433898926,0.29130640625953674,0.5492235422134399,0.03918421268463135,0.5492235422134399,0.03918421268463135,0.4345751702785492,0.16681815683841705
553,0.16750431060791016,-0.48854824900627136,0.018203628597160376,0.2112106589848797,0.45808260497947517,0.7369018793106079,0.33088555932044983,0.7369018793106079,0.33088555932044983,0.6627660393714905,0.33088555932044983,0.2387237250804901,0.0744275450706482,0.2387237250804901,0.0744275450706482,0.19103461503982544,0.04183399677276611
554,-0.42259982228279114,-0.5060122013092041,0.12734597481787213,0.40195477884262815,0.007930722869932572,0.9976894855499268,0.4186830222606659,0.9976894855499268,0.4186830222606659,0.9781479835510254,0.4186830222606659,0.4461299777030945,0.07813781499862671,0.4461299777030945,0.07813781499862671,0.432406485080719,0.0933731198310852
555,1.0210984945297241,-0.3986080586910248,0.06056532443811499,0.17257786781837545,0.4082786063353221,0.6492902636528015,0.24094539880752563,0.6492902636528015,0.24094539880752563,0.5821976661682129,0.24094539880752563,0.24963727593421936,0.029149740934371948,0.24963727593421936,0.029149740934371948,0.20994098484516144,0.0371071994304657
556,-1.5215952396392822,-0.12527954578399658,0.24247563496232027,0.15771190633997317,0.01342942981049422,0.1650768220424652,0.1650768220424652,0.1650768220424652,0.1650768220424652,0.7216790914535522,0.02815438061952591,0.1650768220424652,0.07523506879806519,0.1650768220424652,0.07523506879806519,0.09661559760570526,0.09142377972602844
557,0.17812354862689972,-0.050989069044589996,0.1761198856992025,0.5888936792934932,0.24029023292784876,0.5275982022285461,0.24662888050079346,0.5275982022285461,0.24662888050079346,0.0885486900806427,0.10667357593774796,0.5275982022285461,0.21253350377082825,0.5275982022285461,0.21253350377082825,0.4804829955101013,0.2906106114387512
558,0.6553314924240112,-0.36708852648735046,0.12010554508616511,0.626656866247455,0.3629354988907773,2.0001485347747803,0.588703989982605,2.0001485347747803,0.588703989982605,1.5288424491882324,0.20942580699920654,0.6223766803741455,0.03588753938674927,0.6223766803741455,0.03588753938674927,0.42906850576400757,0.265506774187088
559,0.998046875,-0.4660957157611847,0.15815698240573206,0.16198773621271062,0.5627678195697566,1.1794830560684204,0.30843308568000793,1.1794830560684204,0.30843308568000793,1.2933752536773682,0.30843308568000793,0.4780253469944,0.002968013286590576,0.4780253469944,0.002968013286590576,0.43883925676345825,0.03754560649394989
560,2.362006425857544,0.34486743807792664,0.21694547243416307,0.3143457517214119,0.03704885853454476,0.13766226172447205,0.4380871057510376,0.13766226172447205,0.4380871057510376,0.2815152704715729,0.4380871057510376,0.2858658730983734,0.08253207802772522,0.2858658730983734,0.08253207802772522,0.3619765043258667,0.14141204953193665
561,-0.4399298131465912,0.9724028706550598,0.4415541276025276,0.4353934772188464,0.31892794024820126,0.4276396632194519,0.4276396632194519,0.4276396632194519,0.4276396632194519,0.2338084578514099,0.8862135410308838,0.4276396632194519,0.35817229747772217,0.4276396632194519,0.35817229747772217,0.6569266319274902,0.5627796649932861
562,1.515554428100586,1.3548065423965454,0.02164693765963066,1.2247539434147374,0.3751722110559541,1.2308796644210815,1.1415148973464966,1.2308796644210815,1.1415148973464966,1.0977691411972046,1.5124692916870117,1.2308796644210815,0.11150193214416504,1.2308796644210815,0.11150193214416504,1.4086220264434814,0.2167675495147705
563,-1.224210500717163,0.6300918459892273,0.2494434148135285,0.19030081696187473,0.794421922552089,0.761705756187439,0.7877545356750488,0.761705756187439,0.7877545356750488,0.8636394739151001,0.7877545356750488,0.761705756187439,0.1272885799407959,0.761705756187439,0.1272885799407959,0.8766195774078369,0.06505510210990906
564,0.46342703700065613,0.2475428581237793,0.1017006178572773,0.8155191130563617,0.24280296266078957,0.7562316656112671,0.5504069328308105,0.7562316656112671,0.5504069328308105,0.06210938096046448,0.40520554780960083,0.7562316656112671,0.13106977939605713,0.7562316656112671,0.13106977939605713,0.7040905952453613,0.22430887818336487
565,-0.3866404891014099,0.032021112740039825,0.15650117094318078,0.47762244598319126,0.5766150472934046,0.672839343547821,0.18968379497528076,0.672839343547821,0.18968379497528076,1.285913348197937,0.18968379497528076,0.672839343547821,0.08335176110267639,0.672839343547821,0.08335176110267639,0.39838942885398865,0.2206278145313263
566,1.4648723602294922,-0.3063361346721649,0.07062528504679583,0.3114497612292568,0.46493850653370206,0.861404538154602,0.14867344498634338,0.861404538154602,0.14867344498634338,0.6845611333847046,0.14867344498634338,0.3035017251968384,0.010130822658538818,0.3035017251968384,0.010130822658538818,0.19401146471500397,0.09754681587219238
567,2.6563594341278076,0.10623349249362946,0.3120743802934885,0.1499247611127793,0.16755654772743578,0.26326054334640503,0.26326054334640503,0.26326054334640503,0.26326054334640503,0.04610399156808853,0.2638961672782898,0.26326054334640503,0.1619408279657364,0.26326054334640503,0.1619408279657364,0.3530706465244293,0.11093126237392426
568,1.188477873802185,0.6059851050376892,0.3903940825598935,0.6470492086994151,0.20798545220245912,0.11218440532684326,0.892580509185791,0.11218440532684326,0.892580509185791,0.3545645475387573,0.892580509185791,0.5661693215370178,0.2788212299346924,0.5661693215370178,0.2788212299346924,0.729374885559082,0.17298069596290588
569,2.304288148880005,2.1117453575134277,0.2628506843745715,1.3930649811588225,0.6793023663945494,1.5448923110961914,1.738078236579895,1.5448923110961914,1.738078236579895,1.6193463802337646,2.2694079875946045,1.5448923110961914,0.3130861520767212,1.5448923110961914,0.3130861520767212,1.825522541999817,0.6106181740760803
570,0.31922847032546997,1.3848876953125,0.30624475701401654,0.4679954912016788,0.8341201215113201,0.6963574886322021,1.5425503253936768,0.6963574886322021,1.5425503253936768,0.5631489753723145,1.5425503253936768,0.6963574886322021,0.17657601833343506,0.6963574886322021,0.17657601833343506,0.943858802318573,0.43263527750968933
571,2.654658079147339,1.569773554801941,0.1170160056216023,1.1807476920758682,0.4954825315189858,1.2306729555130005,1.2888762950897217,1.2306729555130005,1.2888762950897217,1.255401849746704,1.7274363040924072,1.2306729555130005,0.07603597640991211,1.2306729555130005,0.07603597640991211,1.4559756517410278,0.3231545388698578
572,-0.7757548093795776,0.9829615950584412,0.38890338579813644,0.064559127340714,0.7529717563341061,0.39016473293304443,1.1406242847442627,0.39016473293304443,1.1406242847442627,0.8681056499481201,1.1406242847442627,0.5892214775085449,0.10562342405319214,0.5892214775085449,0.10562342405319214,0.7914844155311584,0.2377951443195343
573,2.930497169494629,1.1923999786376953,0.0785219841450453,1.4015776831284164,0.09281695406883983,1.3898512125015259,1.2331569194793701,1.3898512125015259,1.2331569194793701,0.6735404133796692,1.350062608718872,1.3898512125015259,0.17472589015960693,1.3898512125015259,0.17472589015960693,1.4404664039611816,0.09246599674224854
574,1.9484145641326904,0.7256637811660767,0.4310666080440084,0.3310296079640591,0.8490993958959979,0.5625437498092651,0.8833264112472534,0.5625437498092651,0.8833264112472534,1.134613275527954,0.8833264112472534,0.7231356501579285,0.17757028341293335,0.7231356501579285,0.17757028341293335,0.9834463596343994,0.1037105917930603
575,4.447170734405518,0.9147166013717651,0.24386278296510355,1.3655993551636738,0.47127286234249677,1.1726250648498535,1.3102096319198608,1.1726250648498535,1.3102096319198608,0.021702885627746582,1.0723793506622314,1.1726250648498535,0.03566640615463257,1.1726250648498535,0.03566640615463257,0.9804121255874634,0.2415907084941864
576,2.276751756668091,2.3422255516052246,0.6888650263473393,0.9242986587435005,0.9525345409289004,0.03276562690734863,2.4998881816864014,0.03276562690734863,2.4998881816864014,0.47908711433410645,2.4998881816864014,0.8458484411239624,0.6190110445022583,0.8458484411239624,0.6190110445022583,1.2465224266052246,1.1032207012176514
577,2.963069200515747,3.786395788192749,0.6094695970416071,2.442698365189135,0.9577007387951018,2.972156524658203,3.2673180103302,2.972156524658203,3.2673180103302,2.9526095390319824,3.944058656692505,2.972156524658203,1.042027473449707,2.972156524658203,1.042027473449707,3.2852234840393066,1.354060173034668
578,3.9284515380859375,2.501805305480957,0.3629880830459302,1.1855054352805015,1.1767844615690408,0.09356141090393066,1.51041579246521,0.09356141090393066,1.51041579246521,1.1645005941390991,2.659467935562134,1.5687463283538818,0.28987717628479004,1.5687463283538818,0.28987717628479004,1.8684306144714355,0.9040058851242065
579,3.191100597381592,3.308966875076294,0.8269351191818717,1.670824782773852,1.0346794091165066,1.8119995594024658,2.702873468399048,1.8119995594024658,2.702873468399048,1.7770448923110962,3.4666292667388916,2.2094414234161377,1.1336288452148438,2.2094414234161377,1.1336288452148438,2.4767746925354004,1.5308403968811035
580,3.0826210975646973,3.8540711402893066,0.7040311222275104,2.2388262532030536,1.1346864392732583,2.934478759765625,3.0926597118377686,2.934478759765625,3.0926597118377686,2.9879159927368164,4.0117340087890625,2.934478759765625,1.1274309158325195,2.934478759765625,1.1274309158325195,3.2011969089508057,1.5438246726989746
581,0.9289886951446533,3.241307497024536,0.4982642122233907,1.7789694415281216,1.187546517687539,2.0063419342041016,2.3154029846191406,2.0063419342041016,2.3154029846191406,2.58889102935791,3.398970127105713,2.3313610553741455,0.6499128341674805,2.3313610553741455,0.6499128341674805,2.6058411598205566,1.1905992031097412
582,3.2968122959136963,2.5894293785095215,0.15883078031241915,1.5900946728512642,1.0639765997603536,1.7140069007873535,1.7837165594100952,1.7140069007873535,1.7837165594100952,2.572652816772461,2.7470920085906982,1.7513340711593628,0.17340517044067383,1.7513340711593628,0.17340517044067383,2.185450315475464,0.6569104790687561
583,2.7409284114837646,1.3278892040252686,0.3961866128444671,0.3090194097906349,0.8461558558046819,0.4126025438308716,1.4855518341064453,0.4126025438308716,1.4855518341064453,0.9754793047904968,1.4855518341064453,0.5506273508071899,0.40240705013275146,0.5506273508071899,0.40240705013275146,0.8025134205818176,0.47261062264442444
584,1.834490418434143,2.8816261291503906,0.64456329361846,1.8348597864185776,0.6256757235278685,2.139357566833496,2.6934759616851807,2.139357566833496,2.6934759616851807,2.5906054973602295,2.6934759616851807,2.139357566833496,0.7784552574157715,2.139357566833496,0.7784552574157715,2.416416645050049,1.0457406044006348
585,3.5095531940460205,2.560741901397705,0.2720909238482516,1.429957185896735,1.082166466067234,1.4858322143554688,1.7356714010238647,1.4858322143554688,1.7356714010238647,2.224990129470825,2.718404531478882,1.7021300792694092,0.29572486877441406,1.7021300792694092,0.29572486877441406,2.0781850814819336,0.8018746972084045
586,2.0402579307556152,2.05631422996521,0.5237733402227363,0.8467661044498285,0.9092472212885816,0.2798750400543213,2.2139766216278076,0.2798750400543213,2.2139766216278076,0.38845813274383545,2.2139766216278076,0.8083707094192505,0.44821083545684814,0.8083707094192505,0.44821083545684814,1.2013721466064453,0.8948456048965454
587,3.234527349472046,3.083099126815796,0.472080629418294,1.9370340637738503,0.897457108038167,2.3153460025787354,2.5963563919067383,2.3153460025787354,2.5963563919067383,2.3332297801971436,3.2407617568969727,2.3153460025787354,0.7265608310699463,2.3153460025787354,0.7265608310699463,2.6276397705078125,1.063164234161377
588,2.0804057121276855,2.2274270057678223,0.42086429061988984,1.001412750693659,1.0286226388687887,0.9167513847351074,2.385089635848999,0.9167513847351074,2.385089635848999,1.2242375612258911,2.385089635848999,0.9167513847351074,0.32059264183044434,0.9167513847351074,0.32059264183044434,1.3739233016967773,0.8431012034416199
589,1.7402899265289307,2.9181461334228516,0.4437796188270058,1.7704756256317098,0.9273635633786517,2.127521276473999,2.37382435798645,2.127521276473999,2.37382435798645,2.250602960586548,3.0758087635040283,2.127521276473999,0.6508467197418213,2.127521276473999,0.6508467197418213,2.447540521621704,1.017397165298462
590,1.7363110780715942,2.047487735748291,0.23551070569704002,1.0137942519846062,1.0216554524811605,0.9761189222335815,2.2051503658294678,0.9761189222335815,2.2051503658294678,1.4662244319915771,2.2051503658294678,0.9761189222335815,0.17466998100280762,0.9761189222335815,0.17466998100280762,1.4665627479553223,0.7042016983032227
591,3.5523297786712646,1.6504465341567993,0.2912972434982657,0.8040744161419571,0.7785476681403816,0.7829258441925049,1.0953153371810913,0.7829258441925049,1.0953153371810913,1.419924020767212,1.8081092834472656,0.9008227586746216,0.26396262645721436,0.9008227586746216,0.26396262645721436,1.230727195739746,0.6151605248451233
592,1.01775062084198,1.982872724533081,0.6538071738928557,0.7936157252267003,0.7589224998280406,0.06680917739868164,1.5237473249435425,0.06680917739868164,1.5237473249435425,0.07189679145812988,2.140535354614258,0.9219516515731812,0.6880911588668823,0.9219516515731812,0.6880911588668823,1.2162597179412842,0.9945096373558044
593,2.1925952434539795,2.7069900035858154,0.2439815312872331,1.8928036684232445,0.7936772398712741,2.103879451751709,2.2490487098693848,2.103879451751709,2.2490487098693848,2.087134838104248,2.864652395248413,2.103879451751709,0.3527836799621582,2.103879451751709,0.3527836799621582,2.414496421813965,0.6769750118255615
594,0.2383245825767517,1.3517640829086304,0.23489836013565468,0.38556850551317146,0.9547698916743197,0.7594335079193115,1.5094268321990967,0.7594335079193115,1.5094268321990967,0.08348953723907471,1.5094268321990967,0.7594335079193115,0.03857314586639404,0.7594335079193115,0.03857314586639404,0.9697100520133972,0.2607405185699463
595,3.496326208114624,1.4202848672866821,0.1061974973107378,1.119436106539021,0.41812393785143875,1.1550450325012207,1.199876070022583,1.1550450325012207,1.199876070022583,1.1002790927886963,1.5779476165771484,1.1550450325012207,0.054427266120910645,1.1550450325012207,0.054427266120910645,1.3490524291992188,0.26960673928260803
596,0.5616697072982788,1.0986535549163818,0.5545433396721877,0.022173947195212262,0.7454089424634973,0.0017931461334228516,1.2563161849975586,0.0017931461334228516,1.2563161849975586,0.6853775978088379,1.2563161849975586,0.5462988615036011,0.07412552833557129,0.5462988615036011,0.07412552833557129,0.8464729189872742,0.2940741181373596
597,3.533163070678711,1.9445674419403076,0.1635946765045324,1.8438611142585675,0.16058420638243387,1.925626516342163,2.015523672103882,1.925626516342163,2.015523672103882,1.4761052131652832,2.015523672103882,1.925626516342163,0.15370607376098633,1.925626516342163,0.15370607376098633,1.9705750942230225,0.2109692096710205
598,-0.8993133902549744,1.1509703397750854,0.3867891920854647,0.12895811596264428,0.8586957061414919,0.44140857458114624,1.3086330890655518,0.44140857458114624,1.3086330890655518,1.0368489027023315,1.3086330890655518,0.46529483795166016,0.21733081340789795,0.46529483795166016,0.21733081340789795,0.7575998306274414,0.2543419301509857
599,0.8530250191688538,1.6761078834533691,0.15926739308983118,1.8436402868479491,0.2152077833190562,1.8192638158798218,1.6253252029418945,1.8192638158798218,1.6253252029418945,0.999566912651062,1.833770751953125,1.8192638158798218,0.29453611373901367,1.8192638158798218,0.29453611373901367,1.9106686115264893,0.1570996642112732
600,0.44765201210975647,0.624254047870636,0.16046381436288348,0.35541528388857835,1.0426780726015568,1.0583077669143677,0.781916618347168,1.0583077669143677,0.781916618347168,1.7521181106567383,0.781916618347168,1.0583077669143677,0.033908963203430176,1.0583077669143677,0.033908963203430176,0.8614280223846436,0.13768580555915833
601,-1.769827961921692,-0.06002005189657211,0.1339809110201896,0.43556078495457773,0.40608907345682393,0.3396265506744385,0.365051805973053,0.3396265506744385,0.365051805973053,0.5884403586387634,0.09764263778924942,0.3396265506744385,0.0030041933059692383,0.3396265506744385,0.0030041933059692383,0.1868213713169098,0.15019989013671875
602,-0.3543356955051422,-0.08200990408658981,0.3292391029496988,0.26924739869932335,0.20145448947946237,0.9434297680854797,0.4333253800868988,0.9434297680854797,0.4333253800868988,0.9262088537216187,0.24218419194221497,0.4333253800868988,0.24626022577285767,0.4333253800868988,0.24626022577285767,0.3377547860145569,0.3603817820549011
603,-1.8042504787445068,-0.868002712726593,0.028785276946922123,0.7612447519476214,0.08792943668862169,1.9569017887115479,0.875629723072052,1.9569017887115479,0.875629723072052,1.7686781883239746,0.7103400230407715,0.8070712685585022,0.08181536197662354,0.8070712685585022,0.08181536197662354,0.7295253872871399,0.09337154030799866
604,-0.8085756301879883,-0.9896596670150757,0.20467969215164594,0.031724854881564846,0.5297824455673494,0.806023120880127,0.8319969773292542,0.806023120880127,0.8319969773292542,1.4666380882263184,0.8319969773292542,0.2397633194923401,0.2173616886138916,0.2397633194923401,0.2173616886138916,0.45389649271965027,0.31920039653778076
605,-0.04526291415095329,-1.323443055152893,0.0562220879395805,0.7916106147443253,0.25213767805447196,1.6269326210021973,1.0469056367874146,1.6269326210021973,1.0469056367874146,1.7346935272216797,1.1657803058624268,0.9220899343490601,0.2098987102508545,0.9220899343490601,0.2098987102508545,0.969870924949646,0.27264487743377686
606,-1.2746402025222778,-0.9438266754150391,0.12719057500362407,0.25814768735319393,0.5893970078602433,1.1281780004501343,0.7861641049385071,1.1281780004501343,0.7861641049385071,1.7062931060791016,0.7861641049385071,0.40219801664352417,0.0042269229888916016,0.40219801664352417,0.0042269229888916016,0.5906935930252075,0.18788886070251465
607,0.33556225895881653,-0.6080927848815918,0.10896924883127196,0.08573963034898024,0.36139049198478457,0.42089903354644775,0.45043009519577026,0.42089903354644775,0.45043009519577026,0.9409128427505493,0.45043009519577026,0.16798058152198792,0.02457129955291748,0.16798058152198792,0.02457129955291748,0.2987699508666992,0.11453714966773987
608,-0.30103448033332825,-0.7036405801773071,0.16345299488554405,0.5325403215860327,0.11108063866694773,1.3329787254333496,0.5300230979919434,1.3329787254333496,0.5300230979919434,1.2987329959869385,0.5300230979919434,0.5770632028579712,0.017692208290100098,0.5770632028579712,0.017692208290100098,0.5535431504249573,0.03186139464378357
609,0.17976610362529755,-0.3661145865917206,0.08182013441498087,0.25350529669473565,0.4779673432869216,0.8609789609909058,0.20845189690589905,0.8609789609909058,0.20845189690589905,0.7340875864028931,0.20845189690589905,0.31708961725234985,0.008349865674972534,0.31708961725234985,0.008349865674972534,0.23827630281448364,0.07118439674377441
610,-0.9579948782920837,-0.13749471306800842,0.11874238912016152,0.09410866636782883,0.06134420879185201,0.004214376211166382,0.032227516174316406,0.004214376211166382,0.032227516174316406,0.41868188977241516,0.10286647826433182,0.032227516174316406,0.13105818629264832,0.032227516174316406,0.13105818629264832,0.06754699349403381,0.06873011589050293
611,-0.43970856070518494,-0.32815316319465637,0.06538798687358702,0.16690091999868553,0.20619345170756176,0.22421476244926453,0.17049050331115723,0.22421476244926453,0.17049050331115723,0.14192646741867065,0.17049050331115723,0.07694563269615173,0.15143513679504395,0.07694563269615173,0.15143513679504395,0.04410514235496521,0.10997898876667023
612,-0.6507085561752319,-0.6229885816574097,0.016339442792038084,0.3879486059521634,0.02790674408276883,0.997013509273529,0.5303735733032227,0.997013509273529,0.5303735733032227,0.9374769926071167,0.46532589197158813,0.4506779611110687,0.09090816974639893,0.4506779611110687,0.09090816974639893,0.4210747480392456,0.05541306734085083
613,-0.23099865019321442,-0.725610613822937,0.020750853021939464,0.11102950497219954,0.41185928745816147,0.4291664659976959,0.5679479241371155,0.4291664659976959,0.5679479241371155,0.626024603843689,0.5679479241371155,0.23996594548225403,0.0842428207397461,0.23996594548225403,0.0842428207397461,0.34653687477111816,0.18579648435115814
614,-2.552393674850464,-0.6451996564865112,0.07465045168374984,0.2341052601176004,0.26227217363814515,0.2219218909740448,0.4875369668006897,0.2219218909740448,0.4875369668006897,0.7166311144828796,0.4875369668006897,0.14341998100280762,0.03623604774475098,0.14341998100280762,0.03623604774475098,0.29697179794311523,0.1893191784620285
615,0.2627590000629425,-1.0548486709594727,0.5027561155706644,0.005229104124009565,0.3338489850983024,0.8142591118812561,0.584750771522522,0.8142591118812561,0.584750771522522,1.3838976621627808,0.8971859812736511,0.584750771522522,0.13859474658966064,0.584750771522522,0.13859474658966064,0.687600314617157,0.19199389219284058
616,-2.965765953063965,-1.3055695295333862,0.1786616386969886,1.074449777274082,0.18630859733248784,2.4944660663604736,1.0687211751937866,2.4944660663604736,1.0687211751937866,2.9108352661132812,1.14790678024292,1.1013919115066528,0.07243406772613525,1.1013919115066528,0.07243406772613525,1.1438078880310059,0.03977900743484497
617,0.9062142372131348,-0.8943517804145813,0.4713596364607414,0.3257493909696738,0.5252688009043535,1.2066731452941895,0.736689031124115,1.2066731452941895,0.736689031124115,1.9105536937713623,0.736689031124115,0.07723891735076904,0.17263853549957275,0.07723891735076904,0.17263853549957275,0.4674164056777954,0.22090229392051697
618,-0.8958008885383606,-1.1071349382400513,0.30611663488050284,1.2210794204721847,0.03130052176614595,3.3746771812438965,1.0452690124511719,3.3746771812438965,1.0452690124511719,3.107387065887451,1.0452690124511719,1.1895288228988647,0.08474969863891602,1.1895288228988647,0.08474969863891602,1.117398977279663,0.21451044082641602
619,-0.4102838635444641,-0.29212459921836853,0.03802878075589727,0.5341915832956634,0.6408722292507689,1.5349217653274536,0.13446184992790222,1.5349217653274536,0.13446184992790222,1.1520047187805176,0.13446184992790222,0.4108135402202606,0.04487454891204834,0.4108135402202606,0.04487454891204834,0.22192949056625366,0.19560562074184418
620,-1.5096096992492676,-0.27446961402893066,0.00516875661909566,0.3484613627940415,0.2922956367582083,1.2671805620193481,0.45426544547080994,1.2671805620193481,0.45426544547080994,0.9378892183303833,0.11680695414543152,0.3707575500011444,0.08706042170524597,0.3707575500011444,0.08706042170524597,0.20955942571163177,0.19334366917610168
621,-0.2796038091182709,-0.8823468685150146,0.17427137664208797,0.09141076727459851,0.39319205018381265,0.3586883544921875,0.7246841788291931,0.3586883544921875,0.7246841788291931,0.9208205938339233,0.7246841788291931,0.19206249713897705,0.23510581254959106,0.19206249713897705,0.23510581254959106,0.36338239908218384,0.34659385681152344
622,-0.846663236618042,-1.0612839460372925,0.06705289699137196,0.640103006362915,0.26476116225123403,1.300745964050293,0.7674204111099243,1.300745964050293,0.7674204111099243,1.491730809211731,0.903621256351471,0.7324059009552002,0.0603032112121582,0.7324059009552002,0.0603032112121582,0.795371413230896,0.1323927342891693
623,0.5239795446395874,-0.7407412528991699,0.006575037688016705,0.01066634114831666,0.5131772750243545,0.7519916892051697,0.5830785632133484,0.7519916892051697,0.5830785632133484,0.8604869842529297,0.5830785632133484,0.2895824611186981,0.08036983013153076,0.2895824611186981,0.08036983013153076,0.35807862877845764,0.14227557182312012
624,-0.056111838668584824,-0.5703520774841309,0.18461280453950174,0.33279569525271646,0.19869651235640062,0.9823179244995117,0.31762608885765076,0.9823179244995117,0.31762608885765076,1.459592580795288,0.4126893877983093,0.3774648904800415,0.08058512210845947,0.3774648904800415,0.08058512210845947,0.43199265003204346,0.049877315759658813
625,0.7119723558425903,-0.18617552518844604,0.0982986286841332,0.3144595637917519,0.375461073052138,0.7283835411071777,0.0285128653049469,0.7283835411071777,0.0285128653049469,0.5188419818878174,0.0285128653049469,0.2620505094528198,0.002401411533355713,0.2620505094528198,0.002401411533355713,0.14094878733158112,0.1144971251487732
626,-1.122967004776001,0.13769720494747162,0.1931498084962368,0.0018924073502421535,0.16612769331783056,0.12576374411582947,0.12576374411582947,0.12576374411582947,0.12576374411582947,0.2528358995914459,0.29535990953445435,0.12576374411582947,0.023939266800880432,0.12576374411582947,0.023939266800880432,0.22349987924098969,0.11030300706624985
627,1.3267251253128052,-0.040400706231594086,0.11225187013546628,0.4129095414777597,0.11758568825821081,0.3538626432418823,0.13701197504997253,0.3538626432418823,0.13701197504997253,0.08466651290655136,0.11726199835538864,0.3538626432418823,0.1913580596446991,0.3538626432418823,0.1913580596446991,0.3461982011795044,0.20138585567474365
628,-1.6217459440231323,-0.1182180866599083,0.30744515293588237,0.46602445973704254,0.2638338945557674,1.8252934217453003,0.22573868930339813,1.8252934217453003,0.22573868930339813,1.5325467586517334,0.22573868930339813,0.46729275584220886,0.3338049650192261,0.46729275584220886,0.3338049650192261,0.3465157151222229,0.4476372301578522
629,1.7737748622894287,-0.030863307416439056,0.13542407232647136,0.7534800412754217,0.42544663175319625,0.6655454039573669,0.4415538012981415,0.6655454039573669,0.4415538012981415,0.4356722831726074,0.1267993450164795,0.6655454039573669,0.08418698608875275,0.6655454039573669,0.08418698608875275,0.5737954378128052,0.2917192876338959
630,-1.2672280073165894,0.03942646086215973,0.3824022230630119,0.6584010913471381,0.5388979961102208,2.7514564990997314,0.28872203826904297,2.7514564990997314,0.28872203826904297,2.301542043685913,0.19708913564682007,0.5982582569122314,0.3386077284812927,0.5982582569122314,0.3386077284812927,0.327476441860199,0.6426247954368591
631,0.24047841131687164,0.10496828705072403,0.03555643860871588,0.9251740408440429,0.5611766184183457,0.7676873207092285,0.6563407182693481,0.7676873207092285,0.6563407182693481,0.6225205659866333,0.26263099908828735,0.7676873207092285,0.03872040659189224,0.7676873207092285,0.03872040659189224,0.6440802812576294,0.31796613335609436
632,-1.247892141342163,0.07845000177621841,0.11864481252928583,0.48581462028125927,0.6690924839427074,0.7785556316375732,0.23611268401145935,0.7785556316375732,0.23611268401145935,1.3872922658920288,0.23611268401145935,0.7785556316375732,0.04072612524032593,0.7785556316375732,0.04072612524032593,0.48973870277404785,0.2156555950641632
633,0.01240471564233303,-0.5045515894889832,0.06906491990511604,0.24122852776820458,0.4532425229375562,0.7282203435897827,0.3468888998031616,0.7282203435897827,0.3468888998031616,0.6369397640228271,0.3468888998031616,0.21398138999938965,0.10880452394485474,0.21398138999938965,0.10880452394485474,0.1540183573961258,0.05724884569644928
634,-1.6452414989471436,-0.6376025676727295,0.10283587529013544,0.5230678549905616,0.0061020268375674425,1.2891713380813599,0.5674464702606201,1.2891713380813599,0.5674464702606201,1.3198111057281494,0.5674464702606201,0.5695683360099792,0.09731560945510864,0.5695683360099792,0.09731560945510864,0.5685074329376221,0.09854122996330261
635,0.996658444404602,-0.7045940160751343,0.17085438623403515,0.13893029651294136,0.449197251939525,0.6369830965995789,0.5469313263893127,0.6369830965995789,0.5469313263893127,1.3079379796981812,0.5469313263893127,0.19120019674301147,0.0071305036544799805,0.19120019674301147,0.0071305036544799805,0.3719240725040436,0.10811512172222137
636,-0.46349436044692993,-0.7170848846435547,0.2748369676619769,0.6912893553823232,0.07715982250869291,2.052701473236084,0.5638277530670166,2.052701473236084,0.5638277530670166,1.9190407991409302,0.5638277530670166,0.7016268372535706,0.004939138889312744,0.7016268372535706,0.004939138889312744,0.6327272653579712,0.10278233885765076
637,0.19676248729228973,-0.16442376375198364,0.06790081664919839,0.5480076123215258,0.55685948850587,1.216400384902954,0.006761044263839722,1.216400384902954,0.006761044263839722,0.8104809522628784,0.006761044263839722,0.4054320454597473,0.015879273414611816,0.4054320454597473,0.015879273414611816,0.23847560584545135,0.20286767184734344
638,-1.3959007263183594,0.06578537076711655,0.11305099841207278,0.16736286882311108,0.34356991559267036,0.40622571110725403,0.22344806790351868,0.40622571110725403,0.22344806790351868,0.4926656186580658,0.22344806790351868,0.40622571110725403,0.03816621005535126,0.40622571110725403,0.03816621005535126,0.3003372550010681,0.09258497506380081
639,0.8487570881843567,-0.44998183846473694,0.1568397301621734,0.1924799919314682,0.262149485424161,0.2983400523662567,0.2923192083835602,0.2983400523662567,0.2923192083835602,0.21047848463058472,0.2923192083835602,0.09925246238708496,0.23027950525283813,0.09925246238708496,0.23027950525283813,0.04978862404823303,0.1851671040058136
640,-1.5949792861938477,-0.5646910071372986,0.24247670886417233,0.588142188216249,0.004447087024648799,1.7503600120544434,0.47834256291389465,1.7503600120544434,0.47834256291389465,1.6270887851715088,0.47834256291389465,0.6094085574150085,0.08257460594177246,0.6094085574150085,0.08257460594177246,0.5438755750656128,0.16153424978256226
641,0.023048290982842445,-0.27061644196510315,0.12105591962734857,0.5403920040776332,0.46647988180319466,0.44008368253707886,0.2492634654045105,0.44008368253707886,0.2492634654045105,0.6081441640853882,0.112953782081604,0.44008368253707886,0.08620825409889221,0.44008368253707886,0.08620825409889221,0.33733445405960083,0.2960898280143738
642,-2.29296612739563,-0.5144519209861755,0.09560031236459804,0.666962793606023,0.2803832346697649,1.983555793762207,0.6730455756187439,1.983555793762207,0.6730455756187439,1.5976309776306152,0.356789231300354,0.6775012016296387,0.004809916019439697,0.6775012016296387,0.004809916019439697,0.5188974738121033,0.19279378652572632
643,-2.120307683944702,-0.873618483543396,0.329518913154801,0.16835993232826396,0.4889868283023435,0.7817252278327942,0.7159557938575745,0.7817252278327942,0.7159557938575745,1.6752049922943115,0.7159557938575745,0.16358494758605957,0.014435410499572754,0.16358494758605957,0.014435410499572754,0.4450806975364685,0.17003750801086426
644,-1.5058472156524658,-1.888435959815979,0.4957255026263495,1.0508390585457283,0.1183987242293858,2.421005964279175,1.7389698028564453,2.421005964279175,1.7389698028564453,3.1889703273773193,1.7389698028564453,1.2284414768218994,0.010414600372314453,1.2284414768218994,0.010414600372314453,1.4837056398391724,0.3518204092979431
645,-2.0246710777282715,-2.030251979827881,0.20684091282387662,0.9552675112461049,0.644670881343384,1.6146395206451416,1.4184002876281738,1.6146395206451416,1.4184002876281738,2.079660415649414,1.872589349746704,1.3045499324798584,0.45866572856903076,1.3045499324798584,0.45866572856903076,1.427431344985962,0.6825772523880005
646,-2.7807188034057617,-1.8403326272964478,0.33836348141854033,0.6623363701564566,0.6161599820976457,1.0135245323181152,1.2400546073913574,1.0135245323181152,1.2400546073913574,1.3938544988632202,1.6826698780059814,1.0135245323181152,0.5475145578384399,1.0135245323181152,0.5475145578384399,1.1093794107437134,0.766372799873352
647,-2.5717122554779053,-2.4419517517089844,0.6699150453880427,0.9747722434997559,0.5737917884066703,1.7353163957595825,1.9059162139892578,1.7353163957595825,1.9059162139892578,2.084634304046631,1.9059162139892578,1.4144402742385864,0.44069910049438477,1.4144402742385864,0.44069910049438477,1.6601781845092773,0.8996595740318298
648,-2.382256507873535,-2.873523712158203,0.6471192002420623,1.3578069453810655,0.6451251305391388,2.3516921997070312,2.2807250022888184,2.3516921997070312,2.2807250022888184,2.525123119354248,2.2807250022888184,1.9081491231918335,0.5294287204742432,1.9081491231918335,0.5294287204742432,2.0944371223449707,1.0090813636779785
649,-1.686360239982605,-2.677473783493042,0.5383377557247877,1.2389226106554272,0.6767407426983116,1.8882473707199097,2.043907642364502,1.8882473707199097,2.043907642364502,2.127880811691284,2.5198111534118652,1.771524429321289,0.922852635383606,1.771524429321289,0.922852635383606,1.848604679107666,1.147202730178833
650,-2.56546950340271,-2.2512412071228027,0.27436384030928185,1.0929356036459408,0.6604690887530645,1.845138430595398,1.6252343654632568,1.845138430595398,1.6252343654632568,2.3175647258758545,2.093578577041626,1.4921895265579224,0.5682474374771118,1.4921895265579224,0.5682474374771118,1.605846881866455,0.794082522392273
651,-2.004549026489258,-2.180055618286133,0.5333788372824593,0.7813346777359643,0.641869667271773,1.220903992652893,1.5631040334701538,1.220903992652893,1.5631040334701538,1.5849342346191406,2.022393226623535,1.220903992652893,0.7936490774154663,1.220903992652893,0.7936490774154663,1.293511986732483,1.0188438892364502
652,-0.8936294317245483,-2.4593420028686523,0.4230512955536443,1.2137244388957824,0.5990935940047102,2.118535280227661,1.9001317024230957,2.118535280227661,1.9001317024230957,2.281122922897339,2.3016793727874756,1.643141269683838,0.7565320730209351,1.643141269683838,0.7565320730209351,1.736870527267456,0.9561827778816223
653,-3.0580480098724365,-1.752162218093872,0.023007042687386292,0.8505081831663845,0.6551744370348752,1.5451254844665527,1.1264183521270752,1.5451254844665527,1.1264183521270752,2.49422025680542,1.5944995880126953,1.0982104539871216,0.22236907482147217,1.0982104539871216,0.22236907482147217,1.2628469467163086,0.4498898386955261
654,-2.139723300933838,-1.763729453086853,0.6367560779551664,0.3321503029639523,0.5713503977532188,0.8933136463165283,0.7679364681243896,0.8933136463165283,0.7679364681243896,2.099437713623047,1.6060667037963867,0.7679364681243896,0.6565961837768555,0.7679364681243896,0.6565961837768555,0.979290783405304,0.7168563008308411
655,-2.153268814086914,-2.6334550380706787,0.5345199203242863,1.4391493671139077,0.4363128377993901,2.9166364669799805,2.2096898555755615,2.9166364669799805,2.2096898555755615,3.0655019283294678,2.2096898555755615,1.821453332901001,0.3225839138031006,1.821453332901001,0.3225839138031006,2.0155715942382812,0.7362963557243347
656,-3.1828064918518066,-2.304574489593506,0.4127300169939798,0.9999030611912407,0.66846873699377,1.4560091495513916,1.6642180681228638,1.4560091495513916,1.6642180681228638,1.9357579946517944,2.146911859512329,1.4560091495513916,0.7203415632247925,1.4560091495513916,0.7203415632247925,1.542152762413025,0.946508526802063
657,-0.6501904129981995,-2.7566981315612793,0.8154114449893435,1.064622433309754,0.6531913404290872,1.6239306926727295,2.154998302459717,1.6239306926727295,2.154998302459717,2.1369271278381348,2.154998302459717,1.6145790815353394,0.5312669277191162,1.6145790815353394,0.5312669277191162,1.8847887516021729,1.075202226638794
658,-3.23333477973938,-2.1728038787841797,0.00908212473615988,1.3366600604727863,0.6217532686330378,2.4004242420196533,1.5701313018798828,2.4004242420196533,1.5701313018798828,3.7314372062683105,2.015141248703003,1.5509105920791626,0.2273179292678833,1.5509105920791626,0.2273179292678833,1.725658655166626,0.43732500076293945
659,-1.1273709535598755,-1.6217584609985352,0.6384085189737381,0.1766715925931932,0.5832055558077989,0.7359556555747986,0.7065039873123169,0.7359556555747986,0.7065039873123169,2.3268611431121826,1.4640955924987793,0.7065039873123169,0.4920543432235718,0.7065039873123169,0.4920543432235718,0.9343928098678589,0.5322155356407166
660,-3.673476457595825,-2.1796038150787354,0.18141114845871953,1.4304027036204934,0.344317288585007,2.8884215354919434,1.816680908203125,2.8884215354919434,1.816680908203125,3.13028621673584,2.0219411849975586,1.6523773670196533,0.4471609592437744,1.6523773670196533,0.4471609592437744,1.7259788513183594,0.542350709438324
661,-1.4336018562316895,-2.1741409301757812,0.8539486492673556,0.4709599817792576,0.6257596247146527,1.150019645690918,1.040452003479004,1.150019645690918,1.040452003479004,2.752155065536499,2.0164783000946045,1.040452003479004,0.9103246927261353,1.040452003479004,0.9103246927261353,1.2664331197738647,0.9381201863288879
662,-1.062343955039978,-2.606887102127075,0.29395364760731724,1.6225959905547396,0.4668645511319238,3.102729320526123,2.1336159706115723,3.102729320526123,2.1336159706115723,3.460026502609253,2.4492242336273193,1.9515594244003296,0.6479202508926392,1.9515594244003296,0.6479202508926392,2.0492587089538574,0.7894891500473022
663,-0.21397513151168823,-1.460056185722351,0.03258595028892164,0.5602122769877314,0.6437851648218931,1.5554766654968262,1.3023934364318848,1.5554766654968262,1.3023934364318848,2.148643970489502,1.3023934364318848,0.3749014139175415,0.1956578493118286,0.3749014139175415,0.1956578493118286,0.7354167699813843,0.5049359202384949
664,-1.4213192462921143,-1.0502225160598755,0.10180850893259041,0.39362940277904257,0.5349289477989079,0.8908374309539795,0.892559826374054,0.8908374309539795,0.892559826374054,1.6634745597839355,0.892559826374054,0.35645997524261475,0.030378103256225586,0.35645997524261475,0.030378103256225586,0.6074305772781372,0.277499258518219
665,0.05884819105267525,-0.7672116756439209,0.13424321026851727,0.013912603879968177,0.42340839484085635,0.5002861618995667,0.6095489859580994,0.5002861618995667,0.6095489859580994,1.0617320537567139,0.6095489859580994,0.20232391357421875,0.121024489402771,0.20232391357421875,0.121024489402771,0.35651135444641113,0.2139376848936081
666,-2.7534914016723633,-0.8838278651237488,0.12361954770982253,0.5981688880547881,0.18580579075962295,1.345667839050293,0.6526103019714355,1.345667839050293,0.6526103019714355,1.5509008169174194,0.7261651158332825,0.6603537797927856,0.011819303035736084,0.6603537797927856,0.011819303035736084,0.6977031826972961,0.0394420325756073
667,0.31195753812789917,-0.9804502725601196,0.4829355525349577,0.18896428922812136,0.4630063348387679,0.5851629972457886,0.4820522367954254,0.5851629972457886,0.4820522367954254,1.882224678993225,0.8227875828742981,0.4820522367954254,0.03805708885192871,0.4820522367954254,0.03805708885192871,0.6659743189811707,0.06974005699157715
668,-0.7934713363647461,-1.26567804813385,0.18623884050796446,1.1607428154846031,0.06770139874269598,2.7941906452178955,1.1290338039398193,2.7941906452178955,1.1290338039398193,2.738018035888672,1.1290338039398193,1.175783634185791,0.020223259925842285,1.175783634185791,0.020223259925842285,1.1524087190628052,0.06463706493377686
669,-0.8944000005722046,-0.5104199051856995,0.045465327600638095,0.28360319207111995,0.6160158100475868,1.3342576026916504,0.3527572751045227,1.3342576026916504,0.3527572751045227,1.2221794128417969,0.3527572751045227,0.35930466651916504,0.005454659461975098,0.35930466651916504,0.005454659461975098,0.2836087942123413,0.06387287378311157
670,-0.2823488116264343,-0.6014249920845032,0.0896393786619106,0.30690473417441044,0.01859185477097819,0.9092472791671753,0.5579430460929871,0.9092472791671753,0.5579430460929871,1.2499918937683105,0.5579430460929871,0.37355050444602966,0.11609053611755371,0.37355050444602966,0.11609053611755371,0.46574676036834717,0.09557649493217468
671,1.1746165752410889,-0.8653160929679871,0.07689609333251912,0.33786538916329556,0.3808741227226952,0.44424358010292053,0.7076534032821655,0.44424358010292053,0.7076534032821655,1.1202607154846191,0.7076534032821655,0.23740679025650024,0.044377028942108154,0.23740679025650024,0.044377028942108154,0.4496516287326813,0.25490397214889526
672,1.1339854001998901,-0.47276726365089417,0.22957256513337304,0.06443952004735681,0.4144276343223949,1.0696609020233154,0.31510457396507263,1.0696609020233154,0.31510457396507263,0.9315049648284912,0.31510457396507263,0.3554825782775879,0.10871642827987671,0.3554825782775879,0.10871642827987671,0.270021915435791,0.07877054810523987
673,0.6126051545143127,0.362619549036026,0.2036879359558224,0.5490023415349424,0.16659805404022343,0.4917986989021301,0.616233229637146,0.4917986989021301,0.616233229637146,0.6111280918121338,0.616233229637146,0.4917986989021301,0.1508890688419342,0.4917986989021301,0.1508890688419342,0.5540159940719604,0.09041345119476318
674,1.0172886848449707,0.894941508769989,0.16349818630143997,0.520040558166802,0.4348754983209074,0.49326950311660767,0.6188710927963257,0.49326950311660767,0.6188710927963257,0.9490818977355957,1.0526041984558105,0.508933424949646,0.11028707027435303,0.508933424949646,0.11028707027435303,0.7379796504974365,0.3163192570209503
675,-0.6978932023048401,0.6949087381362915,0.2235212566579381,0.26693221737320216,0.4279278789150219,0.4489735960960388,0.8525713682174683,0.4489735960960388,0.8525713682174683,0.4886559247970581,0.8525713682174683,0.4489735960960388,0.17725259065628052,0.4489735960960388,0.17725259065628052,0.5810345411300659,0.3051642179489136
676,1.0693788528442383,0.3992176651954651,0.04854989334940896,0.519236087054014,0.1520041161030531,0.475717693567276,0.32916513085365295,0.475717693567276,0.32916513085365295,0.5495961904525757,0.5568803548812866,0.475717693567276,0.14046743512153625,0.475717693567276,0.14046743512153625,0.5785741209983826,0.11191247403621674
677,-0.4095042943954468,0.1447443664073944,0.25293714486062524,0.27614305187016724,0.39142296273261307,0.4343629479408264,0.30240708589553833,0.4343629479408264,0.30240708589553833,0.6957093477249146,0.30240708589553833,0.4575302004814148,0.2024572789669037,0.4575302004814148,0.2024572789669037,0.30666017532348633,0.13897758722305298
678,0.03906930610537529,0.06807040423154831,0.05118492510790623,0.5683295528652768,0.32797139932711916,0.48650887608528137,0.44366344809532166,0.48650887608528137,0.44366344809532166,0.33219286799430847,0.22573310136795044,0.48650887608528137,0.01889326423406601,0.48650887608528137,0.01889326423406601,0.39027270674705505,0.14594833552837372
679,0.012572192586958408,0.08545009046792984,0.08533713163187112,0.14227071913580103,0.3658562927817305,0.4262850880622864,0.243112713098526,0.4262850880622864,0.243112713098526,0.4651603400707245,0.243112713098526,0.4262850880622864,0.007609859108924866,0.4262850880622864,0.007609859108924866,0.3317377269268036,0.08054503053426743
680,-1.393095850944519,-0.2741599977016449,0.10432374844948449,0.08132811958591146,0.23633919132252532,0.3017485737800598,0.11649730801582336,0.3017485737800598,0.11649730801582336,0.304282546043396,0.11649730801582336,0.13639745116233826,0.018027663230895996,0.13639745116233826,0.018027663230895996,0.1354476511478424,0.018746420741081238
681,0.3649098575115204,-0.4321090877056122,0.19551341566567623,0.08557106612871085,0.09869406375413126,0.49773284792900085,0.2941504418849945,0.49773284792900085,0.2941504418849945,0.4787178039550781,0.27444639801979065,0.2941504418849945,0.0062947869300842285,0.2941504418849945,0.0062947869300842285,0.2871953248977661,0.011541664600372314
682,-0.04347877576947212,-0.7278991937637329,0.16936793671300032,0.5866195990766089,0.08717473777631934,1.4675452709197998,0.5747015476226807,1.4675452709197998,0.5747015476226807,1.4271903038024902,0.5747015476226807,0.6275318264961243,0.00495755672454834,0.6275318264961243,0.00495755672454834,0.6011166572570801,0.040482282638549805
683,0.9695912003517151,-0.36729708313941956,0.10760492632786434,0.26005327767382064,0.5114825829242666,0.9608181715011597,0.20963436365127563,0.9608181715011597,0.20963436365127563,0.8249267339706421,0.20963436365127563,0.3713412880897522,0.00029018521308898926,0.3713412880897522,0.00029018521308898926,0.2871389389038086,0.076219841837883
684,-0.3125191926956177,0.11872570216655731,0.2292362797011932,0.005502906957020326,0.10745917502169808,0.1617717444896698,0.1617717444896698,0.1617717444896698,0.1617717444896698,0.07048823684453964,0.27638837695121765,0.1617717444896698,0.018641918897628784,0.1617717444896698,0.018641918897628784,0.2291039377450943,0.08101587742567062
685,0.9990270137786865,0.23624581098556519,0.043917921880881006,0.5057917186493674,0.08999115513016778,0.45910435914993286,0.40923812985420227,0.45910435914993286,0.40923812985420227,0.07989650964736938,0.3939085006713867,0.45910435914993286,0.04052448272705078,0.45910435914993286,0.04052448272705078,0.4520009458065033,0.04859805107116699
686,1.9391419887542725,0.2631790041923523,0.23611208412796264,0.11576728003099562,0.36630684470757846,0.40600425004959106,0.42084166407585144,0.40600425004959106,0.42084166407585144,0.5546504855155945,0.42084166407585144,0.41907089948654175,0.12210404872894287,0.41907089948654175,0.12210404872894287,0.4922286570072174,0.09115743637084961
687,-0.66766357421875,0.3550927937030792,0.30079127091293534,0.44855292500307165,0.17077866819376752,0.023776620626449585,0.6183984279632568,0.023776620626449585,0.6183984279632568,0.19056907296180725,0.6183984279632568,0.39437857270240784,0.18647244572639465,0.39437857270240784,0.18647244572639465,0.5063884854316711,0.11725249886512756
688,1.7814050912857056,1.0418128967285156,0.059861129863808316,0.9878957362038392,0.3372509648030002,0.9679979681968689,0.8281666040420532,0.9679979681968689,0.8281666040420532,0.9900793433189392,1.1994755268096924,0.9679979681968689,0.15767323970794678,0.9679979681968689,0.15767323970794678,1.1428897380828857,0.20332670211791992
689,-1.3497124910354614,0.546029269695282,0.3204280871214966,0.26955190777157734,0.7186258243645229,0.7287006378173828,0.7036920189857483,0.7287006378173828,0.7036920189857483,0.9867687225341797,0.7036920189857483,0.7287006378173828,0.19426316022872925,0.7287006378173828,0.19426316022872925,0.8711814880371094,0.11190178990364075
690,0.7975379228591919,0.2982986569404602,0.11003611314420891,0.9513878796684244,0.3195804351692399,0.8769792914390564,0.6659044027328491,0.8769792914390564,0.6659044027328491,0.15893477201461792,0.45596134662628174,0.8769792914390564,0.10271522402763367,0.8769792914390564,0.10271522402763367,0.8062565326690674,0.2553660273551941
691,-1.1354525089263916,0.14166000485420227,0.20317048059155546,0.5208751488352815,0.6828374071170886,0.7784919738769531,0.2993227541446686,0.7784919738769531,0.2993227541446686,1.4687576293945312,0.2993227541446686,0.7784919738769531,0.1311379075050354,0.7784919738769531,0.1311379075050354,0.483906626701355,0.23037832975387573
692,1.6589717864990234,-0.23178711533546448,0.03206109506388494,0.49479828259597214,0.47105168805768094,0.388834148645401,0.28081610798835754,0.388834148645401,0.28081610798835754,0.6275928020477295,0.07412448525428772,0.388834148645401,0.038208216428756714,0.388834148645401,0.038208216428756714,0.26953649520874023,0.24058310687541962
693,-1.5680732727050781,-0.01484304666519165,0.36359767607723675,0.4711951177629333,0.31622707688560103,2.102823257446289,0.15440037846565247,2.102823257446289,0.15440037846565247,1.6738826036453247,0.15440037846565247,0.46351829171180725,0.38462162017822266,0.46351829171180725,0.38462162017822266,0.30895933508872986,0.5276230573654175
694,0.9784926772117615,0.11723947525024414,0.11931965863332145,0.9017279196344313,0.44169608898460844,0.8025319576263428,0.5920692086219788,0.8025319576263428,0.5920692086219788,0.4088047444820404,0.27490219473838806,0.8025319576263428,0.05234680324792862,0.8025319576263428,0.05234680324792862,0.7086408138275146,0.2878228724002838
695,-1.5755423307418823,0.04491543024778366,0.23777390400568638,0.6156847792615492,0.6462989501158396,0.7395374178886414,0.2025780975818634,0.7395374178886414,0.2025780975818634,1.6570618152618408,0.2025780975818634,0.7395374178886414,0.16936226189136505,0.7395374178886414,0.16936226189136505,0.4039561152458191,0.27953818440437317
696,0.4523407518863678,-0.22349098324775696,0.10430975016827376,0.6005777531613905,0.49628637143100296,0.4928680956363678,0.32098785042762756,0.4928680956363678,0.32098785042762756,0.6700999140739441,0.0658283531665802,0.4928680956363678,0.050956904888153076,0.4928680956363678,0.050956904888153076,0.3845083713531494,0.2858184576034546
697,-0.9206638932228088,-0.3578791320323944,0.16895602454741804,0.6532055882240337,0.3498431656633816,2.0509021282196045,0.564082145690918,2.0509021282196045,0.564082145690918,1.5614176988601685,0.2002163827419281,0.648091197013855,0.08971327543258667,0.648091197013855,0.08971327543258667,0.45628201961517334,0.30917051434516907
698,1.239189863204956,-0.39060768485069275,0.007881009591122534,0.33646230296542246,0.5114783229927222,0.9522483348846436,0.23294499516487122,0.9522483348846436,0.23294499516487122,0.7859419584274292,0.23294499516487122,0.2809453010559082,0.028577327728271484,0.2809453010559082,0.028577327728271484,0.1703650802373886,0.09171454608440399
699,-0.39218705892562866,-0.17103448510169983,0.2893136393278838,0.3801844939589501,0.143309043943882,1.5158287286758423,0.18043440580368042,1.5158287286758423,0.18043440580368042,1.2984493970870972,0.18043440580368042,0.39312320947647095,0.21044188737869263,0.39312320947647095,0.21044188737869263,0.2867788076400757,0.3125455975532532
700,1.205061674118042,0.078065887093544,0.05860061176742115,0.6446340390915674,0.4016960744497678,0.5412796139717102,0.5080001354217529,0.5412796139717102,0.5080001354217529,0.44585487246513367,0.23572859168052673,0.5412796139717102,0.0045094117522239685,0.5412796139717102,0.0045094117522239685,0.4210817813873291,0.17548932135105133
701,0.000719185103662312,0.36685463786125183,0.2628926511233052,0.1526731203744809,0.48010781132926533,0.5268300771713257,0.5245173573493958,0.5268300771713257,0.5245173573493958,0.7004646062850952,0.5245173573493958,0.5268300771713257,0.14261364936828613,0.5268300771713257,0.14261364936828613,0.6164556741714478,0.10552403330802917
702,1.5234246253967285,0.2555276155471802,0.09142335432271154,0.6084787639665108,0.22090182832752664,0.5437513589859009,0.5438350439071655,0.5437513589859009,0.5438350439071655,0.16021737456321716,0.4131903052330017,0.5437513589859009,4.7832727432250977e-05,0.5437513589859009,4.7832727432250977e-05,0.47841593623161316,0.07605816423892975
703,0.5157231092453003,0.5584490299224854,0.30608028898015605,0.0007643420621752384,0.47660575741902,0.3469254970550537,0.7161117196083069,0.3469254970550537,0.7161117196083069,0.5992068648338318,0.7161117196083069,0.5027672648429871,0.00026553869247436523,0.5027672648429871,0.00026553869247436523,0.6092737913131714,0.13603170216083527
704,1.4995933771133423,0.6240684390068054,0.14605317624906689,0.7434198954204717,0.04193201785286249,0.7087107300758362,0.7814759612083435,0.7087107300758362,0.7814759612083435,0.6432399749755859,0.7814759612083435,0.7087107300758362,0.0003553628921508789,0.7087107300758362,0.0003553628921508789,0.7450933456420898,0.02761891484260559
705,0.9539799094200134,0.8278260231018066,0.28039734976987035,0.1989298641930024,0.5719714835534493,0.5601557493209839,0.9854887127876282,0.5601557493209839,0.9854887127876282,0.7447906732559204,0.9854887127876282,0.5601557493209839,0.19626015424728394,0.5601557493209839,0.19626015424728394,0.6540918350219727,0.3158290386199951
706,2.8098537921905518,0.9176873564720154,0.21152809528633942,0.7190098174475134,0.21062211815267806,0.717993974685669,0.8843003511428833,0.717993974685669,0.8843003511428833,0.7877784371376038,0.8843003511428833,0.717993974685669,0.26288652420043945,0.717993974685669,0.26288652420043945,0.8011471629142761,0.31188589334487915
707,-0.1305801123380661,1.277773141860962,0.5041042443302768,0.37312531584252917,0.6240161368933819,0.025801658630371094,1.4354357719421387,0.025801658630371094,1.4354357719421387,0.5446925759315491,1.4354357719421387,0.5945425629615784,0.3938128352165222,0.5945425629615784,0.3938128352165222,0.7934393882751465,0.643377423286438
708,0.3359593451023102,1.6905535459518433,0.03157098301996775,1.4777924609308446,0.4046625379969673,1.5188829898834229,1.4932706356048584,1.5188829898834229,1.4932706356048584,1.2172203063964844,1.8482160568237305,1.5188829898834229,0.03633296489715576,1.5188829898834229,0.03633296489715576,1.6937882900238037,0.21711277961730957
709,-0.4746486246585846,0.7102364301681519,0.11351745304962013,0.058145274954537696,0.8783369860922297,0.8783035278320312,0.8678991794586182,0.8783035278320312,0.8678991794586182,0.535800576210022,0.8678991794586182,0.8783035278320312,0.04254704713821411,0.8783035278320312,0.04254704713821411,0.9032343029975891,0.03098165988922119
710,-1.5739182233810425,-0.11765148490667343,0.0210887741545836,0.22045487089703475,0.13572248534609865,0.1607503890991211,0.08548549562692642,0.1607503890991211,0.08548549562692642,0.038390010595321655,0.040011174976825714,0.1607503890991211,0.06930151581764221,0.1607503890991211,0.06930151581764221,0.14056691527366638,0.09193259477615356
711,0.7021976709365845,-0.6294316649436951,0.26989648674925176,0.14796351566289861,0.011901011882970824,0.7243719100952148,0.38173708319664,0.7243719100952148,0.38173708319664,1.2673307657241821,0.5949524641036987,0.38173708319664,0.11290186643600464,0.38173708319664,0.11290186643600464,0.48834478855133057,0.12157867848873138
712,-0.1095631942152977,-0.9177223443984985,0.23131376964971384,0.6457937272265551,0.27976971240714177,1.670824646949768,0.6044802665710449,1.670824646949768,0.6044802665710449,2.5528323650360107,0.760059654712677,0.6692814230918884,0.13207697868347168,0.6692814230918884,0.13207697868347168,0.7633723020553589,0.08201107382774353
713,-0.6383920907974243,-0.2664814293384552,0.0990222793258726,0.40784778214991085,0.5498788163997231,1.1299408674240112,0.10881873965263367,1.1299408674240112,0.10881873965263367,0.8596080541610718,0.10881873965263367,0.41818392276763916,0.0028472542762756348,0.41818392276763916,0.0028472542762756348,0.2549480199813843,0.14080633223056793
714,-0.05028894916176796,-0.07743281871080399,0.03984873704612257,0.000814167298376578,0.18507444035261872,0.24540376663208008,0.08022988587617874,0.24540376663208008,0.08022988587617874,0.05862925201654434,0.08022988587617874,0.24540376663208008,0.04744432866573334,0.24540376663208008,0.04744432866573334,0.18809397518634796,0.11436130106449127
715,-0.8586243987083435,-0.502527117729187,0.09485961804166443,0.23832320364192128,0.13559085771441465,0.5710606575012207,0.3065910041332245,0.5710606575012207,0.3065910041332245,0.6297670006752014,0.3448644280433655,0.2993161678314209,0.008515924215316772,0.2993161678314209,0.008515924215316772,0.3182116150856018,0.028536617755889893
716,-0.49960342049598694,-0.49916985630989075,0.02826918167372544,0.06805429718146722,0.315482297403117,0.35305914282798767,0.3415071666240692,0.35305914282798767,0.3415071666240692,0.3754684627056122,0.3415071666240692,0.15776202082633972,0.11631229519844055,0.15776202082633972,0.11631229519844055,0.17005376517772675,0.12787427008152008
717,0.8845906257629395,-0.6745140552520752,0.011996425030132152,0.33996621395150817,0.12307159191618366,0.8024616241455078,0.49913686513900757,0.8024616241455078,0.49913686513900757,0.8178611993789673,0.5168513655662537,0.4160573184490204,0.09886419773101807,0.4160573184490204,0.09886419773101807,0.4239084720611572,0.10830819606781006
718,-0.06102848798036575,-0.569850742816925,0.21208842607835937,0.15632727983718103,0.4021392742482326,0.9928763508796692,0.4121881127357483,0.9928763508796692,0.4121881127357483,0.8596097826957703,0.4121881127357483,0.31567928194999695,0.20241805911064148,0.31567928194999695,0.20241805911064148,0.24814721941947937,0.17833304405212402
719,-0.16553594172000885,0.07055284082889557,0.0889025035873055,0.46603666432201857,0.2609136228635906,0.3977537751197815,0.39114415645599365,0.3977537751197815,0.39114415645599365,0.2657507658004761,0.2282155603170395,0.3977537751197815,0.003985151648521423,0.3977537751197815,0.003985151648521423,0.31770187616348267,0.09288960695266724
720,0.20893318951129913,0.11389689892530441,0.05008707333356144,0.010365564934909366,0.2769169350713491,0.32618531584739685,0.27155959606170654,0.32618531584739685,0.27155959606170654,0.15383419394493103,0.27155959606170654,0.32618531584739685,0.025252051651477814,0.32618531584739685,0.025252051651477814,0.3129448890686035,0.04159603267908096
721,-0.8063024878501892,-0.22498345375061035,0.1274999199373027,0.02625498343879981,0.10275571583459772,0.0307978093624115,0.0307978093624115,0.0307978093624115,0.0307978093624115,0.09098690748214722,0.06732076406478882,0.0307978093624115,0.07544860243797302,0.0307978093624115,0.07544860243797302,0.01995319128036499,0.08675025403499603
722,0.35920262336730957,-0.2492164671421051,0.0407965265028179,0.1717524953000248,0.1566997317224741,0.10300669074058533,0.03421139717102051,0.10300669074058533,0.03421139717102051,0.06331101059913635,0.09155374765396118,0.10300669074058533,0.13063561916351318,0.10300669074058533,0.13063561916351318,0.07954296469688416,0.15917213261127472
723,0.3552115857601166,-0.3855379819869995,0.15494835664828627,0.3227937614793579,0.00578003765394286,0.9029603004455566,0.3036871552467346,0.9029603004455566,0.3036871552467346,0.8537135124206543,0.3036871552467346,0.3615092635154724,0.08556327223777771,0.3615092635154724,0.08556327223777771,0.3325982093811035,0.11618800461292267
724,0.7319450974464417,-0.22776606678962708,0.13863530827065312,0.22683998261888821,0.3697686534623305,0.7094987630844116,0.07010334730148315,0.7094987630844116,0.07010334730148315,0.5655261278152466,0.07010334730148315,0.28247010707855225,0.01585286855697632,0.28247010707855225,0.01585286855697632,0.20183612406253815,0.0955607146024704
725,0.4363097846508026,0.251230388879776,0.1897993834068378,0.18376870288824043,0.10113491739456854,0.11679095029830933,0.11679095029830933,0.11679095029830933,0.11679095029830933,0.10697191953659058,0.2769729793071747,0.11679095029830933,0.15207955241203308,0.11679095029830933,0.15207955241203308,0.196881964802742,0.22982165217399597
726,-0.5483617782592773,0.37620753049850464,0.14583988467852277,0.3601683869833747,0.09367196305344505,0.32940396666526794,0.4034516215324402,0.32940396666526794,0.4034516215324402,0.3525778353214264,0.4034516215324402,0.32940396666526794,0.14335694909095764,0.32940396666526794,0.14335694909095764,0.36642777919769287,0.1696014702320099
727,-0.005533958785235882,0.19318246841430664,0.020687148484090978,0.2399861329918107,0.19735606891413526,0.06289440393447876,0.07816094905138016,0.06289440393447876,0.07816094905138016,0.30409562587738037,0.350845068693161,0.19179552793502808,0.11113905906677246,0.19179552793502808,0.11113905906677246,0.31855493783950806,0.13059496879577637
728,-2.2333576679229736,-0.24093398451805115,0.08869057881335414,0.20297288804625466,0.09682105873400966,0.7007395029067993,0.2442733645439148,0.7007395029067993,0.2442733645439148,0.5404027700424194,0.08327123522758484,0.24325981736183167,0.0010653436183929443,0.24325981736183167,0.0010653436183929443,0.1628425121307373,0.08604840934276581
729,0.4292878210544586,-0.806165337562561,0.3972648196170726,0.11317378224184127,0.2986016257728142,0.6869812607765198,0.46893563866615295,0.6869812607765198,0.46893563866615295,1.2662560939788818,0.6485026478767395,0.46893563866615295,0.0031799674034118652,0.46893563866615295,0.0031799674034118652,0.5574437975883484,0.05347898602485657
730,-1.524388074874878,-1.068637490272522,0.19873075485229508,0.9477787641808391,0.09611668732017298,2.3316149711608887,0.9090137481689453,2.3316149711608887,0.9090137481689453,2.2728495597839355,0.9090137481689453,0.9699552059173584,0.002013564109802246,0.9699552059173584,0.002013564109802246,0.9394844770431519,0.05207705497741699
731,0.45433318614959717,-0.5031172037124634,0.08426218135903268,0.36042000742008273,0.5558023553589979,1.1485226154327393,0.34545451402664185,1.1485226154327393,0.34545451402664185,0.9967049360275269,0.34545451402664185,0.23470962047576904,0.059057921171188354,0.23470962047576904,0.059057921171188354,0.12634216248989105,0.08203102648258209
732,-0.9739698767662048,-0.5919464826583862,0.17896259035915138,0.6460623662173748,0.09862608682364221,1.6773042678833008,0.5926323533058167,1.6773042678833008,0.5926323533058167,1.6000207662582397,0.5926323533058167,0.6715759038925171,0.18104583024978638,0.6715759038925171,0.18104583024978638,0.6321041584014893,0.22628721594810486
733,0.06865552067756653,-0.38947659730911255,0.0023985753332575466,0.3382898212472599,0.5018951688085994,0.9253447651863098,0.23181390762329102,0.9253447651863098,0.23181390762329102,0.7578016519546509,0.23181390762329102,0.26918062567710876,0.03607341647148132,0.26918062567710876,0.03607341647148132,0.15776099264621735,0.09259985387325287
734,-1.247281789779663,-0.4094737768173218,0.10510231389353673,0.3961118283992011,0.10500838230053572,1.1213852167129517,0.41962724924087524,1.1213852167129517,0.41962724924087524,1.1721159219741821,0.41962724924087524,0.4321398138999939,0.18837472796440125,0.4321398138999939,0.18837472796440125,0.42588353157043457,0.19470363855361938
735,0.7216616272926331,-0.5631970763206482,0.08953610790272537,0.14755235629777103,0.39774059069653356,0.5388599634170532,0.4055343270301819,0.5388599634170532,0.4055343270301819,0.5107110142707825,0.4055343270301819,0.18715643882751465,0.15211519598960876,0.18715643882751465,0.15211519598960876,0.1700073629617691,0.13677820563316345
736,0.010874510742723942,-0.5779879093170166,0.2202850115671755,0.5209635851159693,0.053836661353707294,1.504554033279419,0.44487470388412476,1.504554033279419,0.44487470388412476,1.4197580814361572,0.44487470388412476,0.5492641925811768,0.028317153453826904,0.5492641925811768,0.028317153453826904,0.49706944823265076,0.09370884299278259
737,0.18465973436832428,-0.20043867826461792,0.10534207002570234,0.40528604797398055,0.4875940920474629,1.0088340044021606,0.042775958776474,1.0088340044021606,0.042775958776474,0.7267216444015503,0.042775958776474,0.3774022161960602,9.185075759887695e-05,0.3774022161960602,9.185075759887695e-05,0.21091777086257935,0.14752015471458435
738,-0.04423448443412781,0.15063798427581787,0.11115167830139397,0.0372816503047943,0.22567735988646748,0.2760829031467438,0.3083007037639618,0.2760829031467438,0.3083007037639618,0.2279098927974701,0.3083007037639618,0.2760829031467438,0.004598885774612427,0.2760829031467438,0.004598885774612427,0.28968605399131775,0.02203797921538353
739,0.17482934892177582,-0.07543731480836868,0.086452288577954,0.13550242961073913,0.07391935858254631,0.08521991223096848,0.07836397737264633,0.08521991223096848,0.07836397737264633,0.044588178396224976,0.07836397737264633,0.08521991223096848,0.0037845075130462646,0.08521991223096848,0.0037845075130462646,0.0817919448018074,0.0032761916518211365
740,1.1266698837280273,-0.08227404206991196,0.11775509495909017,0.023274510602156323,0.00016908638800183784,0.02703501284122467,0.028689250349998474,0.02703501284122467,0.028689250349998474,0.09743163734674454,0.008538499474525452,0.028689250349998474,0.06967438012361526,0.028689250349998474,0.06967438012361526,0.018613874912261963,0.059600524604320526
741,0.012028476223349571,0.051171209663152695,0.23671876252939306,0.10551191645984856,0.06758680236215403,0.14384649693965912,0.14384649693965912,0.14384649693965912,0.14384649693965912,0.21686573326587677,0.2244284600019455,0.14384649693965912,0.020409058779478073,0.14384649693965912,0.020409058779478073,0.1841374784708023,0.037340160459280014
742,0.9131041169166565,0.4373449683189392,0.08621034299333885,0.5641750661407907,0.01043226340164749,0.5297756195068359,0.531777024269104,0.5297756195068359,0.531777024269104,0.3619982600212097,0.531777024269104,0.5297756195068359,0.06688261032104492,0.5297756195068359,0.06688261032104492,0.53077632188797,0.06761008501052856
743,-0.01630423404276371,0.42763859033584595,0.21528990848610802,0.016242611153672093,0.4195787749129037,0.45469674468040466,0.5853012800216675,0.45469674468040466,0.5853012800216675,0.5484517216682434,0.5853012800216675,0.45469674468040466,0.004624098539352417,0.45469674468040466,0.004624098539352417,0.5172273516654968,0.08650358021259308
744,-0.7253742218017578,0.2682591676712036,0.08595067618414759,0.46709605420008293,0.06131488829851145,0.42416486144065857,0.42165011167526245,0.42416486144065857,0.42165011167526245,0.29304641485214233,0.42165011167526245,0.42416486144065857,0.004403978586196899,0.42416486144065857,0.004403978586196899,0.4229074716567993,0.0033748000860214233
745,-0.36941641569137573,0.021413065493106842,0.061409904373188856,0.0400846665600936,0.2662109777207176,0.3172740936279297,0.17907574772834778,0.3172740936279297,0.17907574772834778,0.04548539221286774,0.17907574772834778,0.3172740936279297,0.006801992654800415,0.3172740936279297,0.006801992654800415,0.2519327998161316,0.08385764062404633
746,-0.8664358258247375,-0.5705314874649048,0.03640815020849314,0.278047001461188,0.10541996179769442,0.6820022463798523,0.4070994555950165,0.6820022463798523,0.4070994555950165,0.6871857643127441,0.41286879777908325,0.34653440117836,0.06984758377075195,0.34653440117836,0.06984758377075195,0.3491747975349426,0.07290221750736237
747,0.25881803035736084,-0.6848275661468506,0.029999708396693248,0.08334625375767551,0.3480089295779663,0.3067329227924347,0.527164876461029,0.3067329227924347,0.527164876461029,0.47835439443588257,0.527164876461029,0.18480563163757324,0.1303991675376892,0.18480563163757324,0.1303991675376892,0.27553296089172363,0.21624960005283356
748,-0.04592669755220413,-0.6489990949630737,0.14966978946700688,0.3384481659159063,0.23674804409965877,0.8936823606491089,0.36774834990501404,0.8936823606491089,0.36774834990501404,1.2950299978256226,0.4913364052772522,0.3964604139328003,0.04050177335739136,0.3964604139328003,0.04050177335739136,0.4627811312675476,0.06454795598983765
749,1.243749976158142,-0.30501049757003784,0.10273432437951369,0.1979679659071068,0.3822401134421428,0.6592327356338501,0.1473478078842163,0.6592327356338501,0.1473478078842163,0.5550049543380737,0.1473478078842163,0.25974321365356445,0.002612292766571045,0.25974321365356445,0.002612292766571045,0.200006365776062,0.057521507143974304
750,-1.0504921674728394,0.11516617983579636,0.26651233191912366,0.0018716989581784582,0.07025477866952617,0.19928182661533356,0.19928182661533356,0.19928182661533356,0.19928182661533356,0.0747995600104332,0.2728288173675537,0.19928182661533356,0.019567064940929413,0.19928182661533356,0.019567064940929413,0.24664387106895447,0.06062543764710426
751,2.142855405807495,0.24475494027137756,0.09359777044504886,0.6662541126459838,0.10442878711968662,0.6187798976898193,0.4186049997806549,0.6187798976898193,0.4186049997806549,0.15030694007873535,0.4024175703525543,0.6187798976898193,0.16397857666015625,0.6187798976898193,0.16397857666015625,0.6124011278152466,0.17301441729068756
752,-0.16922543942928314,0.32025763392448425,0.4397578953330715,0.42441352097938456,0.5283859041829904,0.14337268471717834,0.4779202938079834,0.14337268471717834,0.4779202938079834,0.5764048099517822,0.4779202938079834,0.5955275297164917,0.37291109561920166,0.5955275297164917,0.37291109561920166,0.7809324264526367,0.19659166038036346
753,-0.2573481500148773,0.39015230536460876,0.07192320819944142,1.0341233824193476,0.49242161083966485,0.8589998483657837,0.848089337348938,0.8589998483657837,0.848089337348938,0.40540972352027893,0.5478149652481079,0.8589998483657837,0.00639227032661438,0.8589998483657837,0.00639227032661438,0.7167853116989136,0.2617166042327881
754,-1.69114089012146,0.48132988810539246,0.03762998477866253,0.05067947025100383,0.7178520181899268,0.7600288391113281,0.6389925479888916,0.7600288391113281,0.6389925479888916,0.48707860708236694,0.6389925479888916,0.7600288391113281,0.034073472023010254,0.7600288391113281,0.034073472023010254,0.7202481031417847,0.06221136450767517
755,0.674144983291626,-0.7096335887908936,0.2709795623707274,0.03426190555716563,0.18091944644848504,0.5747164487838745,0.3735940754413605,0.5747164487838745,0.3735940754413605,0.6564512848854065,0.551970899105072,0.3735940754413605,0.13615405559539795,0.3735940754413605,0.13615405559539795,0.4033081829547882,0.15632253885269165
756,-2.716193914413452,-0.8962337374687195,0.22907378734399897,0.7057567420850198,0.19607810831318317,1.8420252799987793,0.6507406830787659,1.8420252799987793,0.6507406830787659,1.7925583124160767,0.6507406830787659,0.7277973890304565,0.09532386064529419,0.7277973890304565,0.09532386064529419,0.6892690658569336,0.06861543655395508
757,-0.10969433188438416,-0.6008859872817993,0.4097416967401903,0.5081001431619128,0.47577169968436145,0.40758973360061646,0.04111528396606445,0.40758973360061646,0.04111528396606445,0.7167850732803345,0.443223237991333,0.40758973360061646,0.30330348014831543,0.40758973360061646,0.30330348014831543,0.33636295795440674,0.5287672877311707
758,-2.2316641807556152,-1.1260648965835571,0.08162224128842355,1.1699842436239127,0.18577001858502662,3.036379337310791,1.2193480730056763,3.036379337310791,1.2193480730056763,2.723092555999756,0.9684019684791565,1.1980422735214233,0.028616905212402344,1.1980422735214233,0.028616905212402344,1.0746583938598633,0.13169676065444946
759,-1.8494658470153809,-0.9401637315750122,0.27587621067961055,0.11966955336431662,0.5604843998452028,1.2331526279449463,0.7825010418891907,1.2331526279449463,0.7825010418891907,1.7317349910736084,0.7825010418891907,0.18114113807678223,0.06916320323944092,0.18114113807678223,0.06916320323944092,0.4565136730670929,0.18892386555671692
760,-3.253743886947632,-1.8097399473190308,0.3947223397778967,1.0205100037592152,0.1710349293674034,2.299522638320923,1.6137586832046509,2.299522638320923,1.6137586832046509,2.8224096298217773,1.6137586832046509,1.2029638290405273,0.04675483703613281,1.2029638290405273,0.04675483703613281,1.4083611965179443,0.3432074785232544
761,-2.166780471801758,-2.572859287261963,0.8055006783455613,0.8963980621099468,0.6474878723919395,1.4113723039627075,1.9648479223251343,1.4113723039627075,1.9648479223251343,1.9317456483840942,1.9648479223251343,1.4113723039627075,0.49693894386291504,1.4113723039627075,0.49693894386291504,1.688110113143921,1.030989170074463
762,-2.6486876010894775,-2.9059410095214844,0.530679428788523,1.5376190637672944,0.6141696041325724,2.7625088691711426,2.3290557861328125,2.7625088691711426,2.3290557861328125,2.947929620742798,2.7482781410217285,2.047154426574707,0.9605916738510132,2.047154426574707,0.9605916738510132,2.1362180709838867,1.158919334411621
763,-3.1815879344940186,-2.542337656021118,0.5974204716831446,1.0445179843157533,0.6769265256077049,1.5779705047607422,1.899005651473999,1.5779705047607422,1.899005651473999,2.0852890014648438,2.3846750259399414,1.5779705047607422,0.9517707824707031,1.5779705047607422,0.9517707824707031,1.6388556957244873,1.1754567623138428
764,-0.0862642452120781,-3.086074113845825,0.8688962469622488,1.3278312582150105,0.6658739342540505,2.257631301879883,2.4824459552764893,2.257631301879883,2.4824459552764893,2.6103289127349854,2.4824459552764893,1.9450246095657349,0.5749175548553467,1.9450246095657349,0.5749175548553467,2.213735342025757,1.162795901298523
765,-3.6025032997131348,-1.982958197593689,0.15285931378602968,1.2604003465920688,0.6519444903731344,2.1951334476470947,1.3538930416107178,2.1951334476470947,1.3538930416107178,4.265561103820801,1.8252954483032227,1.354873538017273,0.025218725204467773,1.354873538017273,0.025218725204467773,1.5833823680877686,0.2415541410446167
766,-0.11473129689693451,-1.3058940172195435,0.6974347290893399,0.15272014102588116,0.5377067547415693,0.6212940216064453,0.629920244216919,0.6212940216064453,0.629920244216919,2.2310144901275635,1.1482312679290771,0.629920244216919,0.06320619583129883,0.629920244216919,0.06320619583129883,0.8691789507865906,0.09326303005218506
767,-2.2391176223754883,-1.7245707511901855,0.10113285160313024,1.484005900969108,0.11822502740969232,3.3385705947875977,1.5366724729537964,3.3385705947875977,1.5366724729537964,3.386453151702881,1.5669081211090088,1.5195937156677246,0.04281044006347656,1.5195937156677246,0.04281044006347656,1.5342844724655151,0.05590033531188965
768,1.3065533638000488,-0.930315375328064,0.26393035384515906,0.12147518125673151,0.564387528325121,1.4808919429779053,0.7726526856422424,1.4808919429779053,0.7726526856422424,1.7690629959106445,0.7726526856422424,0.16620361804962158,0.07124662399291992,0.16620361804962158,0.07124662399291992,0.44295719265937805,0.17791599035263062
769,-2.6475837230682373,-0.9173929691314697,0.3515950446079173,0.920337328587969,0.1251780107369025,2.789783477783203,0.7196816205978394,2.789783477783203,0.7196816205978394,2.552868366241455,0.7196816205978394,0.8857472538948059,0.04074668884277344,0.8857472538948059,0.04074668884277344,0.802714467048645,0.1482517123222351
770,-0.13157333433628082,-0.2780631184577942,0.3263902504245438,0.8037081148972113,0.5319083085159462,0.7055640816688538,0.33043038845062256,0.7055640816688538,0.33043038845062256,0.7978594899177551,0.12040042877197266,0.7055640816688538,0.1056237518787384,0.7055640816688538,0.1056237518787384,0.6348579525947571,0.4209582805633545
771,-3.684262752532959,-0.8057280778884888,0.06810536225636787,1.1184378375733892,0.4680769526337584,3.173288583755493,1.1270856857299805,3.173288583755493,1.1270856857299805,2.6771631240844727,0.6480655074119568,1.1026748418807983,0.028614342212677002,1.1026748418807983,0.028614342212677002,0.8650513887405396,0.27893349528312683
772,-1.6142443418502808,-1.3801802396774292,0.7435463770851494,0.12283088020980348,0.5359920683875679,0.734398603439331,0.6979329586029053,0.734398603439331,0.6979329586029053,2.348522186279297,1.222517490386963,0.6979329586029053,0.09666383266448975,0.6979329586029053,0.09666383266448975,0.9298627376556396,0.13236069679260254
773,-5.467838287353516,-2.4185104370117188,0.38964534722268573,1.6425711859762666,0.16282122939825072,3.6424026489257812,2.215034246444702,3.6424026489257812,2.215034246444702,4.313236713409424,2.215034246444702,1.8755638599395752,0.05020284652709961,1.8755638599395752,0.05020284652709961,2.0452990531921387,0.3949260115623474
774,-2.1057238578796387,-3.2305703163146973,1.5376543921108046,0.7749090541029966,0.6945341956863809,2.1691179275512695,1.8864973783493042,2.1691179275512695,1.8864973783493042,2.566498041152954,2.5847206115722656,1.8864973783493042,0.5794835090637207,1.8864973783493042,0.5794835090637207,2.2356090545654297,0.992170512676239
775,-3.7099878787994385,-3.586252212524414,0.6547576912989217,2.207706985672315,0.5003150995572412,4.344141006469727,3.0358223915100098,4.344141006469727,3.0358223915100098,4.296921730041504,3.0358223915100098,2.7467663288116455,0.34593820571899414,2.7467663288116455,0.34593820571899414,2.891294479370117,0.9512635469436646
776,-1.2389832735061646,-2.987032175064087,1.0312925806144866,1.0537566710884376,0.6785102489466475,1.7165957689285278,2.360241174697876,1.7165957689285278,2.360241174697876,2.2778961658477783,2.360241174697876,1.7165957689285278,0.5986568927764893,1.7165957689285278,0.5986568927764893,2.0384185314178467,1.2340266704559326
777,-2.9001028537750244,-2.6201863288879395,0.19193600680058243,1.5994207551640764,0.6053571309273442,2.870596408843994,2.0209975242614746,2.870596408843994,2.0209975242614746,3.759444236755371,2.462523937225342,1.9397591352462769,0.5336863994598389,1.9397591352462769,0.5336863994598389,2.0758731365203857,0.7339133620262146
778,-1.8534960746765137,-1.963380217552185,0.5883525682861603,0.523725718247394,0.6278292566041153,1.6611204147338867,1.8057174682617188,1.6611204147338867,1.8057174682617188,2.423654556274414,1.8057174682617188,0.36216187477111816,0.9398500919342041,0.36216187477111816,0.9398500919342041,0.7961370944976807,1.128686547279358
779,-1.6499826908111572,-2.5000667572021484,0.40420281339436825,1.3544022064283487,0.517989062964916,2.5635035037994385,2.006140947341919,2.5635035037994385,2.006140947341919,2.771991729736328,2.3424041271209717,1.7395946979522705,0.7445189952850342,1.7395946979522705,0.7445189952850342,1.828909993171692,0.9082306027412415
780,-1.2158308029174805,-1.924146056175232,0.22443754137804106,0.8199080715452631,0.6563277688374122,1.282132625579834,1.2872467041015625,1.282132625579834,1.2872467041015625,1.9264105558395386,1.7664833068847656,1.1720879077911377,0.4582347869873047,1.1720879077911377,0.4582347869873047,1.2875677347183228,0.6864022016525269
781,-0.7915983200073242,-1.640899896621704,0.11028924046084287,0.7082673539593818,0.5988705085776744,1.1925075054168701,1.0636143684387207,1.1925075054168701,1.0636143684387207,1.639082431793213,1.4832370281219482,0.9736760854721069,0.30019545555114746,0.9736760854721069,0.30019545555114746,1.1061561107635498,0.5106348395347595
782,-0.9926878809928894,-1.2629470825195312,0.000993015704055633,0.4760569213579099,0.5644106216604512,0.7367870211601257,1.1052844524383545,0.7367870211601257,1.1052844524383545,1.4382046461105347,1.1052844524383545,0.36127471923828125,0.1438230276107788,0.36127471923828125,0.1438230276107788,0.6610603332519531,0.4259558916091919
783,-2.9933252334594727,-1.0221394300460815,0.0449344386594992,0.2770220514448979,0.47671038473645855,0.4412866234779358,0.8644768595695496,0.4412866234779358,0.8644768595695496,0.8077273368835449,0.8644768595695496,0.280392050743103,0.1647273302078247,0.280392050743103,0.1647273302078247,0.4775053858757019,0.3485361933708191
784,-1.4779443740844727,-1.7116742134094238,0.6917166634400685,0.4005746921648583,0.39591018338998163,1.1194806098937988,0.8444408178329468,1.1194806098937988,0.8444408178329468,1.5472874641418457,1.3122509717941284,0.8444408178329468,0.21383368968963623,0.8444408178329468,0.21383368968963623,1.0783458948135376,0.48096907138824463
785,-2.450625419616699,-2.32080340385437,0.2812818993255497,1.3630478568375113,0.45300073485821457,2.62166166305542,1.8750038146972656,2.62166166305542,1.8750038146972656,2.875645637512207,2.1631405353546143,1.6697232723236084,0.5827070474624634,1.6697232723236084,0.5827070474624634,1.7591829299926758,0.7212259769439697
786,-0.9576082825660706,-1.9816447496414185,0.46101680758098773,0.6534236023078361,0.6437314269195001,1.062567114830017,1.3425816297531128,1.062567114830017,1.3425816297531128,1.7870668172836304,1.823981761932373,1.062567114830017,0.6841037273406982,1.062567114830017,0.6841037273406982,1.134697675704956,0.9116367101669312
787,-2.3730883598327637,-1.9391173124313354,0.07805117512742643,1.0818157867963119,0.5557774376745026,1.9773021936416626,1.407029628753662,1.9773021936416626,1.407029628753662,2.4998691082000732,1.78145432472229,1.3331849575042725,0.30497705936431885,1.3331849575042725,0.30497705936431885,1.466486930847168,0.4927624464035034
788,-1.8214311599731445,-1.5770450830459595,0.3969095360487702,0.35636452276259667,0.6002983498200771,1.0368871688842773,1.4193823337554932,1.0368871688842773,1.4193823337554932,1.8657739162445068,1.4193823337554932,0.318162202835083,0.6685433387756348,0.318162202835083,0.6685433387756348,0.6461583375930786,0.8125519752502441
789,-3.0596587657928467,-2.1516246795654297,0.36796773477147027,1.1057603458190959,0.4544239245603481,2.149372100830078,1.713449239730835,2.149372100830078,1.713449239730835,2.304473638534546,1.993962049484253,1.4211699962615967,0.6405113935470581,1.4211699962615967,0.6405113935470581,1.5003583431243896,0.7822465896606445
790,-2.411841869354248,-2.4788436889648438,0.7277962764849268,0.8752919404332835,0.6522827976321179,1.379874587059021,1.8623895645141602,1.379874587059021,1.8623895645141602,1.826614499092102,1.8623895645141602,1.379874587059021,0.49001801013946533,1.379874587059021,0.49001801013946533,1.6211321353912354,0.9866428375244141
791,-2.244530200958252,-2.930950403213501,0.613785870373249,1.4743851986899976,0.61930642131716,2.6761868000030518,2.3568973541259766,2.6761868000030518,2.3568973541259766,2.806743621826172,2.773287534713745,2.008554220199585,1.0467287302017212,2.008554220199585,1.0467287302017212,2.088888168334961,1.246840238571167
792,-0.9997404217720032,-2.5110816955566406,0.46793297249823773,1.1452940114215022,0.6743822756409643,1.742762565612793,1.8706953525543213,1.742762565612793,1.8706953525543213,2.1423957347869873,2.353419303894043,1.6421126127243042,0.8199304342269897,1.6421126127243042,0.8199304342269897,1.7235691547393799,1.0439273118972778
793,-0.3087576627731323,-1.9088534116744995,0.060291176903993104,0.9743714927509426,0.6507179483957588,1.7556992769241333,1.2903344631195068,1.7556992769241333,1.2903344631195068,2.608309268951416,1.7511906623840332,1.2486391067504883,0.2829552888870239,1.2486391067504883,0.2829552888870239,1.4041553735733032,0.5082162022590637
794,-0.5040155053138733,-1.0946563482284546,0.098862798431267,0.3418964538971583,0.6281500183480478,1.2331041097640991,0.9369936585426331,1.2331041097640991,0.9369936585426331,1.8327534198760986,0.9369936585426331,0.4110255837440491,0.03474998474121094,0.4110255837440491,0.03474998474121094,0.6488431692123413,0.26028260588645935
795,0.39650413393974304,-0.6432987451553345,0.04810506156335259,0.0477160059412321,0.42021512636293945,0.5062453746795654,0.48563605546951294,0.5062453746795654,0.48563605546951294,0.6491587162017822,0.48563605546951294,0.2517804801464081,0.15361234545707703,0.2517804801464081,0.15361234545707703,0.2973089814186096,0.1748013198375702
796,-0.8194813132286072,-0.44396570324897766,0.1605449029368659,0.17556022436047586,0.20547764780620742,0.4110701382160187,0.28630295395851135,0.4110701382160187,0.28630295395851135,1.026904821395874,0.28630295395851135,0.11583736538887024,0.0544658899307251,0.11583736538887024,0.0544658899307251,0.22943103313446045,0.11816392838954926
797,0.4214721918106079,-0.2408214509487152,0.02318079220751923,0.2725799037267764,0.26674788805345684,0.19735008478164673,0.0810595154762268,0.19735008478164673,0.0810595154762268,0.2419675588607788,0.08315876126289368,0.19735008478164673,0.09891334176063538,0.19735008478164673,0.09891334176063538,0.13235214352607727,0.18226033449172974
798,1.3732554912567139,-0.29956620931625366,0.1621565522626042,0.3293957966938615,0.09114570952951914,0.9426019191741943,0.28787580132484436,0.9426019191741943,0.28787580132484436,0.8773654103279114,0.28787580132484436,0.3605389893054962,0.16742262244224548,0.3605389893054962,0.16742262244224548,0.3242073953151703,0.20317856967449188
799,1.6126036643981934,-0.1696094274520874,0.21965798803294692,0.2227213863718013,0.3885161274423201,1.043891191482544,0.01194673776626587,1.043891191482544,0.01194673776626587,1.2875075340270996,0.01194673776626587,0.3796054422855377,0.050602465867996216,0.3796054422855377,0.050602465867996216,0.2908315658569336,0.14361748099327087
800,0.8727018237113953,0.9080617427825928,0.3020198279495041,0.637512015129129,0.1920025741184751,0.5314077734947205,0.9103281497955322,0.5314077734947205,0.9103281497955322,0.8034222722053528,0.9103281497955322,0.6313347816467285,0.24020737409591675,0.6313347816467285,0.24020737409591675,0.7708314657211304,0.3281620740890503
801,0.8957286477088928,1.280004858970642,0.1977824177530907,0.7624095338148373,0.5432855818172295,0.7891011238098145,0.9363304972648621,0.7891011238098145,0.9363304972648621,1.2130613327026367,1.4376676082611084,0.7891011238098145,0.16417622566223145,0.7891011238098145,0.16417622566223145,1.0533891916275024,0.4141131341457367
802,0.2269895225763321,0.9176983833312988,0.1927633811968068,0.3694503080348174,0.5789572493049006,0.570244312286377,1.0753610134124756,0.570244312286377,1.0753610134124756,0.6298700571060181,1.0753610134124756,0.570244312286377,0.13724970817565918,0.570244312286377,0.13724970817565918,0.7612695693969727,0.31728070974349976
803,-0.09979085624217987,0.6086561679840088,0.1112482018830876,0.4255658508899312,0.2953147896255055,0.39818254113197327,0.44120582938194275,0.39818254113197327,0.44120582938194275,0.7243853807449341,0.7663188576698303,0.39818254113197327,0.041708409786224365,0.39818254113197327,0.041708409786224365,0.5656062364578247,0.19636157155036926
804,1.87420654296875,0.2513270080089569,0.06067535195499657,0.13259126000106333,0.2815330406650901,0.3193533420562744,0.40898966789245605,0.3193533420562744,0.40898966789245605,0.11398996412754059,0.40898966789245605,0.3193533420562744,0.019325226545333862,0.3193533420562744,0.019325226545333862,0.37194621562957764,0.047356292605400085
805,1.2203549146652222,0.18992532789707184,0.36378750951339806,0.028495771090189637,0.07810624898721774,0.31037989258766174,0.31037989258766174,0.31037989258766174,0.31037989258766174,0.20558804273605347,0.3475880026817322,0.31037989258766174,0.04156401753425598,0.31037989258766174,0.04156401753425598,0.3520040810108185,0.05904492363333702
806,0.9474858641624451,0.8202069997787476,0.21671171327431993,0.8977958245513339,0.07082786363239091,0.8564797639846802,1.0127787590026855,0.8564797639846802,1.0127787590026855,0.9278316497802734,1.0127787590026855,0.8564797639846802,0.06493151187896729,0.8564797639846802,0.06493151187896729,0.9346292614936829,0.06407731771469116
807,0.7687674164772034,1.164402961730957,0.19110297152772548,0.5306018131598829,0.6661707322485746,0.6492448449134827,1.3220655918121338,0.6492448449134827,1.3220655918121338,0.9086789488792419,1.3220655918121338,0.6492448449134827,0.13542747497558594,0.6492448449134827,0.13542747497558594,0.9206479787826538,0.4008420705795288
808,0.77818363904953,0.8370845317840576,0.1850745604311428,0.423181440786769,0.4523012049806613,0.4692298471927643,0.9947472214698792,0.4692298471927643,0.9947472214698792,0.7694136500358582,0.9947472214698792,0.4692298471927643,0.13427162170410156,0.4692298471927643,0.13427162170410156,0.6788914799690247,0.33970946073532104
809,0.5776386260986328,0.667912483215332,0.1911459924839437,0.34974515074864027,0.3504940143972635,0.3803711533546448,0.8255751729011536,0.3803711533546448,0.8255751729011536,0.6401336193084717,0.8255751729011536,0.3803711533546448,0.13798439502716064,0.3803711533546448,0.13798439502716064,0.5492534637451172,0.3054918646812439
810,1.181359052658081,0.5768742561340332,0.16401042214284345,0.365272379151235,0.27106406964982543,0.34167414903640747,0.44805908203125,0.34167414903640747,0.44805908203125,0.649750828742981,0.73453688621521,0.34167414903640747,0.101859450340271,0.34167414903640747,0.101859450340271,0.4976290762424469,0.23833583295345306
811,-0.7243030667304993,0.5915202498435974,0.2520878676697612,0.2603791752830148,0.30252588130533686,0.15240243077278137,0.749182939529419,0.15240243077278137,0.749182939529419,0.14075446128845215,0.749182939529419,0.3404848873615265,0.20728746056556702,0.3404848873615265,0.20728746056556702,0.46371030807495117,0.3332366347312927
812,0.8159276843070984,0.46682462096214294,0.05350227686266107,0.6022818645959099,0.14151767784108715,0.562133252620697,0.409997820854187,0.562133252620697,0.409997820854187,0.5527194142341614,0.6244872808456421,0.562133252620697,0.14550542831420898,0.562133252620697,0.14550542831420898,0.6583471894264221,0.10822394490242004
813,-0.468718558549881,0.15231803059577942,0.2105885790040095,0.2823739504689972,0.44757601687063786,0.515474259853363,0.3099806606769562,0.515474259853363,0.3099806606769562,0.7078032493591309,0.3099806606769562,0.515474259853363,0.1518196165561676,0.515474259853363,0.1518196165561676,0.35650789737701416,0.13896092772483826
814,2.1224255561828613,-0.05387813597917557,0.045176769414295825,0.4577992046376069,0.3333814207154016,0.37784311175346375,0.32857370376586914,0.37784311175346375,0.32857370376586914,0.3670796751976013,0.10378456860780716,0.37784311175346375,0.026892386376857758,0.37784311175346375,0.026892386376857758,0.2804431915283203,0.15030552446842194
815,0.878914475440979,0.3727850019931793,0.43143362193057927,0.19107046899696178,0.3558944638694326,0.42087483406066895,0.42087483406066895,0.42087483406066895,0.42087483406066895,0.2262384295463562,0.5304476022720337,0.42087483406066895,0.18255314230918884,0.42087483406066895,0.18255314230918884,0.5842532515525818,0.19844643771648407
816,1.1014893054962158,0.6839751601219177,0.15914620737234741,1.013802125422905,0.26550055786346405,0.9151326417922974,0.9954571723937988,0.9151326417922974,0.9954571723937988,0.061573684215545654,0.8416377902030945,0.9151326417922974,0.02786475419998169,0.9151326417922974,0.02786475419998169,0.8179755210876465,0.11974817514419556
817,1.0326658487319946,1.0426173210144043,0.19878234847138332,0.3511262868593138,0.7161813600982228,0.6690301895141602,1.200279951095581,0.6690301895141602,1.200279951095581,0.49976933002471924,1.200279951095581,0.6690301895141602,0.12339204549789429,0.6690301895141602,0.12339204549789429,0.8591262102127075,0.2998541295528412
818,0.9542230367660522,0.8559150695800781,0.2262932602750758,0.5044151416110496,0.3486793421084682,0.4972178041934967,0.6861715316772461,0.4972178041934967,0.6861715316772461,0.7716288566589355,1.0135776996612549,0.4972178041934967,0.18235909938812256,0.4972178041934967,0.18235909938812256,0.6846096515655518,0.34078556299209595
819,0.584511935710907,0.8781326413154602,0.21301942352826408,0.4644789593542616,0.42410699245209477,0.4293787181377411,0.6277800798416138,0.4293787181377411,0.6277800798416138,0.8751457929611206,1.0357954502105713,0.456036776304245,0.1688539981842041,0.456036776304245,0.1688539981842041,0.680454671382904,0.36185047030448914
820,1.4457725286483765,0.7528483867645264,0.16178601767867806,0.4382358191162349,0.37629916477948416,0.3886418044567108,0.5270695090293884,0.3886418044567108,0.5270695090293884,0.7939503192901611,0.9105110168457031,0.41979941725730896,0.10499656200408936,0.41979941725730896,0.10499656200408936,0.6242237687110901,0.2861458659172058
821,0.7282418608665466,0.7041187882423401,0.2908238986134528,0.25206822920590644,0.3846993944421411,0.1780071258544922,0.8617815375328064,0.1780071258544922,0.8617815375328064,0.4167759418487549,0.8617815375328064,0.4149631857872009,0.2402971088886261,0.4149631857872009,0.2402971088886261,0.5037132501602173,0.3735223412513733
822,-1.4173542261123657,0.8809599876403809,0.1819106722374756,0.6956462354709707,0.2268758139510948,0.6918067932128906,0.8215324878692627,0.6918067932128906,0.8215324878692627,0.5838834047317505,1.0386227369308472,0.6918067932128906,0.12240344285964966,0.6918067932128906,0.12240344285964966,0.8147945404052734,0.23717668652534485
823,2.452486753463745,0.3578914701938629,0.21986279630412664,0.36605597681055463,0.43517090449730556,0.44768407940864563,0.5155540704727173,0.44768407940864563,0.5155540704727173,0.45307350158691406,0.5155540704727173,0.44768407940864563,0.3072318732738495,0.44768407940864563,0.3072318732738495,0.6305316686630249,0.15840935707092285
824,-0.9297083616256714,0.006797634065151215,0.5216747233271599,0.5981617960333825,0.3067573737353087,3.0912177562713623,0.10683392733335495,3.0912177562713623,0.10683392733335495,2.1876227855682373,0.10683392733335495,0.5899069905281067,0.3679018020629883,0.5899069905281067,0.3679018020629883,0.3483704626560211,0.5948289036750793
825,1.3254594802856445,0.39351460337638855,0.0009733844175936479,1.2018985856324433,0.5858846326544882,0.9901034832000732,0.9166744947433472,0.9901034832000732,0.9166744947433472,0.4627245366573334,0.5511773824691772,0.9901034832000732,0.04686272144317627,0.9901034832000732,0.04686272144317627,0.8582557439804077,0.36924296617507935
826,-0.5385398268699646,0.499012291431427,0.23661563581476613,0.3596497977649173,0.8455190383891265,0.8701434135437012,0.656674861907959,0.8701434135437012,0.656674861907959,1.3687658309936523,0.656674861907959,0.8701434135437012,0.13384220004081726,0.8701434135437012,0.13384220004081726,0.6718946695327759,0.1419842541217804
827,1.6752042770385742,0.10589379817247391,0.04149940021336079,0.6911760046333074,0.4033088801056146,0.5870637893676758,0.5378658771514893,0.5870637893676758,0.5378658771514893,0.42468714714050293,0.2635565400123596,0.5870637893676758,0.007224813103675842,0.5870637893676758,0.007224813103675842,0.47159188985824585,0.18454048037528992
828,-0.9503477811813354,0.43173328042030334,0.33821078265706694,0.2164856098343929,0.5334807820121448,0.40421876311302185,0.5893959999084473,0.40421876311302185,0.5893959999084473,0.702662467956543,0.5893959999084473,0.5783945322036743,0.18682309985160828,0.5783945322036743,0.18682309985160828,0.708756685256958,0.14541645348072052
829,1.1017898321151733,0.33845776319503784,0.04051195307945199,0.8798603824029364,0.27741802151625344,0.8087688088417053,0.6703289151191711,0.8087688088417053,0.6703289151191711,0.11345541477203369,0.496120423078537,0.8087688088417053,0.07139751315116882,0.8087688088417053,0.07139751315116882,0.7424366474151611,0.19106367230415344
830,0.5444198250770569,0.2931554317474365,0.24313620146363996,0.3681270368769766,0.6416189415752886,0.7095873355865479,0.45081812143325806,0.7095873355865479,0.45081812143325806,1.0367203950881958,0.45081812143325806,0.7095873355865479,0.18025866150856018,0.7095873355865479,0.18025866150856018,0.5046529769897461,0.16333572566509247
831,1.361779808998108,0.014096230268478394,0.1337214132212104,0.5363256756588816,0.43247819909825924,0.42311686277389526,0.45066940784454346,0.42311686277389526,0.45066940784454346,0.5993894338607788,0.17175890505313873,0.42311686277389526,0.006018228828907013,0.42311686277389526,0.006018228828907013,0.25916385650634766,0.17438587546348572
832,1.628129243850708,0.7162050008773804,0.2755800056457519,0.23080300383269792,0.433294665813446,0.32844647765159607,0.8738676905632019,0.32844647765159607,0.8738676905632019,0.5303184390068054,0.8738676905632019,0.45567619800567627,0.2195032238960266,0.45567619800567627,0.2195032238960266,0.5394027233123779,0.3426244854927063
833,1.5443813800811768,0.9662994146347046,0.30960958150525864,0.6306174278010926,0.24954513934751354,0.5198253393173218,0.9220471382141113,0.5198253393173218,0.9220471382141113,0.8046911358833313,0.9220471382141113,0.6301226615905762,0.30198556184768677,0.6301226615905762,0.30198556184768677,0.7760848999023438,0.3910830020904541
834,2.0859973430633545,1.4126698970794678,0.2984673492734631,0.7604214682554207,0.577253873174389,0.8095695376396179,1.0728065967559814,0.8095695376396179,1.0728065967559814,1.2227205038070679,1.5703327655792236,0.8095695376396179,0.2908440828323364,0.8095695376396179,0.2908440828323364,1.0817861557006836,0.5396740436553955
835,-0.0009570762631483376,1.513022541999817,0.3721868767340979,0.6950207029034694,0.6692875175674754,0.5593373775482178,1.0878446102142334,0.5593373775482178,1.0878446102142334,0.8982449173927307,1.670685052871704,0.7610705494880676,0.3655681610107422,0.7610705494880676,0.3655681610107422,1.0612331628799438,0.6492373943328857
836,2.6491878032684326,1.4613503217697144,0.061124481130391484,1.0434008177183571,0.5802978165447706,1.062447428703308,1.0622851848602295,1.062447428703308,1.0622851848602295,1.4183392524719238,1.6190130710601807,1.062447428703308,0.00021219253540039062,1.062447428703308,0.00021219253540039062,1.3408033847808838,0.29327741265296936
837,0.46080660820007324,0.8778504133224487,0.42197510457908116,0.04943686197201402,0.7287847259206075,0.30774521827697754,1.035512924194336,0.30774521827697754,1.035512924194336,0.826909065246582,1.035512924194336,0.6136840581893921,0.00028884410858154297,0.6136840581893921,0.00028884410858154297,0.8248190879821777,0.16075649857521057
838,1.2858357429504395,1.2617809772491455,0.13681435748934745,1.3583415575325486,0.009902263358235075,1.3544297218322754,1.4197829961776733,1.3544297218322754,1.4197829961776733,1.091339111328125,1.4197829961776733,1.3544297218322754,0.0006064176559448242,1.3544297218322754,0.0006064176559448242,1.3871064186096191,0.031480610370635986
839,3.137962579727173,0.9438595175743103,0.1960601921627919,0.15143892268339787,0.8198330771426361,0.7291743755340576,1.1015222072601318,0.7291743755340576,1.1015222072601318,0.7186052799224854,1.1015222072601318,0.7291743755340576,0.16747885942459106,0.7291743755340576,0.16747885942459106,0.8093011379241943,0.20837470889091492
840,1.0503121614456177,1.19373619556427,0.5808919615174333,0.5711533547068636,0.2651634345451992,0.5682616829872131,0.5682616829872131,0.5682616829872131,0.5682616829872131,0.24808275699615479,1.1811342239379883,0.5682616829872131,0.2968582510948181,0.5682616829872131,0.2968582510948181,0.8746979236602783,0.5584065914154053
841,1.9835468530654907,2.3538599014282227,0.25456177875399577,1.6808198062330488,0.6419509908556935,1.8579860925674438,2.0395145416259766,1.8579860925674438,2.0395145416259766,1.722527265548706,2.5115225315093994,1.8579860925674438,0.328721284866333,1.8579860925674438,0.328721284866333,2.1127572059631348,0.6011699438095093
842,2.2204837799072266,1.3211669921875,0.235745686205725,0.4035067510853214,0.905387229310969,0.7496721744537354,1.4788296222686768,0.7496721744537354,1.4788296222686768,0.20920491218566895,1.4788296222686768,0.7496721744537354,0.07621335983276367,0.7496721744537354,0.07621335983276367,0.9690036177635193,0.30083924531936646
843,1.3224745988845825,1.7199034690856934,0.43441244008640423,0.9745827444146077,0.5343810782084863,0.9723199605941772,1.4877915382385254,0.9723199605941772,1.4877915382385254,0.9404655694961548,1.8775663375854492,1.0618181228637695,0.4752812385559082,1.0618181228637695,0.4752812385559082,1.3022868633270264,0.6888298988342285
844,3.314849376678467,1.92498779296875,0.2510437017989655,1.1078917437357207,0.7895250218485792,1.2369710206985474,1.3961678743362427,1.2369710206985474,1.3961678743362427,1.787411093711853,2.0826504230499268,1.2369710206985474,0.26046228408813477,1.2369710206985474,0.26046228408813477,1.5685157775878906,0.6170122623443604
845,1.4857385158538818,1.6166846752166748,0.5230454840759438,0.5310852714876333,0.7860268324861923,0.09059584140777588,1.7743475437164307,0.09059584140777588,1.7743475437164307,0.38335275650024414,1.7743475437164307,0.6656419038772583,0.4419442415237427,0.6656419038772583,0.4419442415237427,0.9335169196128845,0.7334117889404297
846,3.8529114723205566,2.629715919494629,0.352536669696371,1.800767536169538,0.6998841496246564,2.0470337867736816,2.302995204925537,2.0470337867736816,2.302995204925537,1.9208616018295288,2.7873783111572266,2.0470337867736816,0.49982285499572754,2.0470337867736816,0.49982285499572754,2.313612461090088,0.7755196690559387
847,0.05401833727955818,1.7968214750289917,0.48647822623451553,0.618984543097516,0.9148313801114755,0.293503999710083,1.954484224319458,0.293503999710083,1.954484224319458,0.2998591661453247,1.954484224319458,0.655066967010498,0.26853740215301514,0.655066967010498,0.26853740215301514,0.9528961181640625,0.6185294985771179
848,3.171116590499878,2.4454355239868164,0.04065148704995725,1.9883068432410553,0.6399498681103193,2.055755615234375,2.0650458335876465,2.055755615234375,2.0650458335876465,1.811173915863037,2.603098154067993,2.055755615234375,0.020226478576660156,2.055755615234375,0.020226478576660156,2.3253440856933594,0.30403780937194824
849,0.5618650317192078,0.9287161827087402,0.3209889204427602,0.0720479794964195,0.9032478565722704,0.5256160497665405,1.086378812789917,0.5256160497665405,1.086378812789917,0.9679229855537415,1.086378812789917,0.5256160497665405,0.01796513795852661,0.5256160497665405,0.01796513795852661,0.7935550212860107,0.01577696204185486
850,2.4863452911376953,1.6329946517944336,0.15532047009716443,1.6541083032141126,0.047038552897672004,1.6898168325424194,1.7713749408721924,1.6898168325424194,1.7713749408721924,1.3455009460449219,1.7713749408721924,1.6898168325424194,0.03663504123687744,1.6898168325424194,0.03663504123687744,1.7305958271026611,0.08539146184921265
851,0.7489816546440125,1.0811676979064941,0.2804780540366967,0.15635545471062273,0.8678068635736902,0.6247550249099731,1.238830327987671,0.6247550249099731,1.238830327987671,0.8965507745742798,1.238830327987671,0.6247550249099731,0.2148674726486206,0.6247550249099731,0.2148674726486206,0.8023834228515625,0.2470325529575348
852,3.616917133331299,1.5317622423171997,0.18876763747384162,1.2889016807948548,0.27756559846301887,1.348249077796936,1.480905532836914,1.348249077796936,1.480905532836914,0.9226837158203125,1.689424991607666,1.348249077796936,0.15672969818115234,1.348249077796936,0.15672969818115234,1.4670474529266357,0.2918552756309509
853,1.3511581420898438,1.304073691368103,0.5258457020794354,0.22355905474474036,0.7781416089584428,0.0015451908111572266,1.4617364406585693,0.0015451908111572266,1.4617364406585693,0.724867045879364,1.4617364406585693,0.5264392495155334,0.28646397590637207,0.5264392495155334,0.28646397590637207,0.8210827112197876,0.466686874628067
854,3.2558560371398926,2.5423712730407715,0.3367304388185346,1.958089242738982,0.4710240274791915,2.1737751960754395,2.420961856842041,2.1737751960754395,2.420961856842041,1.7364275455474854,2.700033664703369,2.1737751960754395,0.4557044506072998,2.1737751960754395,0.4557044506072998,2.343492269515991,0.6293457746505737
855,1.687744140625,1.6341103315353394,0.3612942577525977,0.5505273257568477,0.9457614224404094,0.6823660731315613,1.7917730808258057,0.6823660731315613,1.7917730808258057,0.17920255661010742,1.7917730808258057,0.6823660731315613,0.12214171886444092,0.6823660731315613,0.12214171886444092,0.9575635194778442,0.43849289417266846
856,3.601893901824951,2.668680191040039,0.3938714421913021,1.7759362333454192,0.722345189917833,2.0416364669799805,2.3323545455932617,2.0416364669799805,2.3323545455932617,1.9453388452529907,2.826342821121216,2.0416364669799805,0.5610394477844238,2.0416364669799805,0.5610394477844238,2.3142826557159424,0.8418517112731934
857,2.1167311668395996,1.9385231733322144,0.46754529347643237,0.7528245859593157,0.9416260875202712,0.4932047128677368,2.0961859226226807,0.4932047128677368,2.0961859226226807,0.3549313545227051,2.0961859226226807,0.7497286796569824,0.3015263080596924,0.7497286796569824,0.3015263080596924,1.101945161819458,0.711195707321167
858,4.435088634490967,3.1567001342773438,0.5086709611987077,1.9989330020671088,0.8725686070074636,2.3917267322540283,2.7133331298828125,2.3917267322540283,2.7133331298828125,2.369889259338379,3.3143625259399414,2.3917267322540283,0.7911107540130615,2.3917267322540283,0.7911107540130615,2.695526123046875,1.1080944538116455
859,1.7497949600219727,2.5245141983032227,0.6368493680159251,1.0650757932911317,1.0460617114106814,0.22377490997314453,1.647646188735962,0.22377490997314453,1.647646188735962,0.16820049285888672,2.6821768283843994,1.4894883632659912,0.5528119802474976,1.4894883632659912,0.5528119802474976,1.6610095500946045,1.0924723148345947
860,3.707840919494629,3.525973320007324,0.44155222463111077,2.3645782113696137,0.943315558421115,2.771095037460327,2.961177349090576,2.771095037460327,2.961177349090576,2.75238299369812,3.683635950088501,2.771095037460327,0.7555830478668213,2.771095037460327,0.7555830478668213,3.1024961471557617,1.083031415939331
861,0.3011661171913147,2.1031289100646973,0.42051873816798135,0.8275453550244375,1.0785374912867938,0.860160231590271,2.260791540145874,0.860160231590271,2.260791540145874,0.27478671073913574,2.260791540145874,0.860160231590271,0.2062898874282837,0.860160231590271,0.2062898874282837,1.2264995574951172,0.6596977710723877
862,2.133707284927368,2.5327916145324707,0.09193376568456468,1.9249966094394522,0.7393339138229691,2.0258851051330566,2.070842742919922,2.0258851051330566,2.070842742919922,1.9710066318511963,2.6904542446136475,2.0258851051330566,0.10580611228942871,2.0258851051330566,0.10580611228942871,2.336338520050049,0.42641252279281616
863,0.6209710836410522,1.0031951665878296,0.2223308305442333,0.055517052486539153,0.9488199579715726,0.7199206352233887,1.160857915878296,0.7199206352233887,1.160857915878296,0.81428062915802,1.160857915878296,0.7199206352233887,0.11198925971984863,0.7199206352233887,0.11198925971984863,0.8711051344871521,0.11085081100463867
864,0.2950833737850189,1.1428569555282593,0.1632667078947031,1.0774072384585933,0.12565568358947843,1.0886433124542236,1.1903797388076782,1.0886433124542236,1.1903797388076782,0.9417940378189087,1.1903797388076782,1.0886433124542236,0.1714407205581665,1.0886433124542236,0.1714407205581665,1.1395115852355957,0.20614776015281677
865,1.6125586032867432,0.840613067150116,0.1094399792018037,0.2563642496677737,0.6982815722996988,0.6748427748680115,0.9982758164405823,0.6748427748680115,0.9982758164405823,0.24465227127075195,0.9982758164405823,0.6748427748680115,0.035230159759521484,0.6748427748680115,0.035230159759521484,0.8151497840881348,0.1532840132713318
866,0.8797639012336731,0.48832616209983826,0.32240944366902113,0.1348166341707111,0.25457275867462154,0.286228746175766,0.286228746175766,0.286228746175766,0.286228746175766,0.1555834412574768,0.6459888219833374,0.286228746175766,0.12159180641174316,0.286228746175766,0.12159180641174316,0.3982235789299011,0.27020251750946045
867,2.3908114433288574,0.8643227219581604,0.196062832865864,0.781078720204532,0.11065372409299035,0.771963357925415,0.9141212105751038,0.771963357925415,0.9141212105751038,0.7951086759567261,0.9141212105751038,0.771963357925415,0.1581161618232727,0.771963357925415,0.1581161618232727,0.843042254447937,0.20325392484664917
868,0.19410595297813416,1.1653810739517212,0.4157832108810542,0.33912223186343926,0.6339483056217432,0.19320428371429443,1.3230438232421875,0.19320428371429443,1.3230438232421875,0.6377942562103271,1.3230438232421875,0.5964587926864624,0.35734331607818604,0.5964587926864624,0.35734331607818604,0.7558926939964294,0.5511758327484131
869,1.4420244693756104,1.4878216981887817,0.09891709856068087,1.2385268823367854,0.3738503917058309,1.2808668613433838,1.3177648782730103,1.2808668613433838,1.3177648782730103,1.0667484998703003,1.645484447479248,1.2808668613433838,0.04590177536010742,1.2808668613433838,0.04590177536010742,1.4488654136657715,0.24215167760849
870,0.8996821045875549,0.8197459578514099,0.2264573254498341,0.04382743027682101,0.7729338765392703,0.6954388618469238,0.9774086475372314,0.6954388618469238,0.9774086475372314,0.7634187936782837,0.9774086475372314,0.6954388618469238,0.0649493932723999,0.6954388618469238,0.0649493932723999,0.7917553186416626,0.125198096036911
871,1.3063024282455444,0.721498966217041,0.19603933353597924,0.6907562283116081,0.05817607878396913,0.6702741384506226,0.8088279962539673,0.6702741384506226,0.8088279962539673,0.7236984372138977,0.8088279962539673,0.6702741384506226,0.10163986682891846,0.6702741384506226,0.10163986682891846,0.7395510673522949,0.14802756905555725
872,0.974489688873291,0.957507848739624,0.2542192660147946,0.3787157414170601,0.5480453965129952,0.5498981475830078,1.1151704788208008,0.5498981475830078,1.1151704788208008,0.7053433060646057,1.1151704788208008,0.5498981475830078,0.2125144600868225,0.5498981475830078,0.2125144600868225,0.742425262928009,0.4018811285495758
873,2.599461317062378,0.9658129215240479,0.21764593395094078,0.6090837888295451,0.3625558135534327,0.6101105809211731,0.7884186506271362,0.6101105809211731,0.7884186506271362,0.8094372153282166,1.1234755516052246,0.6101105809211731,0.17525064945220947,0.6101105809211731,0.17525064945220947,0.7999624013900757,0.34147995710372925
874,1.5926969051361084,1.2158558368682861,0.4776339386589825,0.39555070493370303,0.566143867690116,0.002412080764770508,1.373518466949463,0.002412080764770508,1.373518466949463,0.4776178002357483,1.373518466949463,0.5663845539093018,0.408341646194458,0.5663845539093018,0.408341646194458,0.7434864044189453,0.6514623165130615
875,1.864088535308838,2.0090365409851074,0.342209196438392,1.366338506278892,0.5239612742637598,1.5091389417648315,1.8042874336242676,1.5091389417648315,1.8042874336242676,1.3423900604248047,2.166698932647705,1.5091389417648315,0.40260040760040283,1.5091389417648315,0.40260040760040283,1.7259231805801392,0.6205614805221558
876,0.8115671277046204,1.6151573657989502,0.2676207813496392,0.7068320884431402,0.8641771704206862,0.8007104992866516,1.772819995880127,0.8007104992866516,1.772819995880127,1.0820103883743286,1.772819995880127,0.8007104992866516,0.1889420747756958,0.8007104992866516,0.1889420747756958,1.1521168947219849,0.5603674054145813
877,1.880299687385559,1.4915685653686523,0.18549802642315627,0.9023156798258423,0.6272274143248797,0.9516803622245789,1.077358365058899,0.9516803622245789,1.077358365058899,1.4201850891113281,1.649231195449829,0.9516803622245789,0.15746116638183594,0.9516803622245789,0.15746116638183594,1.2445253133773804,0.4488013982772827
878,0.09406417608261108,1.0691983699798584,0.3121329514806469,0.3075160703559717,0.6730221417670448,0.609307050704956,1.2268612384796143,0.609307050704956,1.2268612384796143,0.8455355167388916,1.2268612384796143,0.6184660196304321,0.3230855464935303,0.6184660196304321,0.3230855464935303,0.7349405884742737,0.44851481914520264
879,0.057333048433065414,1.1166733503341675,0.08682614789654819,0.9456327412774168,0.30768737399329704,0.9538558721542358,0.9718903303146362,0.9538558721542358,0.9718903303146362,0.8601440787315369,1.274336338043213,0.9538558721542358,0.01932501792907715,0.9538558721542358,0.01932501792907715,1.107039213180542,0.18783223628997803
880,1.2121113538742065,0.5412809252738953,0.08167247788359722,0.05015621343006704,0.6329249083747465,0.6471368670463562,0.6989436149597168,0.6471368670463562,0.6989436149597168,0.397895872592926,0.6989436149597168,0.6471368670463562,0.03315174579620361,0.6471368670463562,0.03315174579620361,0.6513805985450745,0.03727470338344574
881,0.29056477546691895,0.0773453414440155,0.2551995321611563,0.05009072904164591,0.0044722453442712085,0.17499181628227234,0.17499181628227234,0.17499181628227234,0.17499181628227234,0.3416038155555725,0.20127546787261963,0.17499181628227234,0.04399839788675308,0.17499181628227234,0.04399839788675308,0.18813364207744598,0.05619584023952484
882,0.5836881995201111,0.46826574206352234,0.12295509751265254,0.5974414846052724,0.0286581656398871,0.561817467212677,0.605454683303833,0.561817467212677,0.605454683303833,0.4741666615009308,0.605454683303833,0.561817467212677,0.024462848901748657,0.561817467212677,0.024462848901748657,0.5836360454559326,0.04082025587558746
883,2.189345359802246,0.5072711110115051,0.1628877811754743,0.13577030039081972,0.43208570385972656,0.45475131273269653,0.6649338006973267,0.45475131273269653,0.6649338006973267,0.44922110438346863,0.6649338006973267,0.45475131273269653,0.11409062147140503,0.45475131273269653,0.11409062147140503,0.4929964542388916,0.16613571345806122
884,-0.7540088295936584,0.5696011781692505,0.4010510022689898,0.2585469236721596,0.1334759862472613,0.35443398356437683,0.35443398356437683,0.35443398356437683,0.35443398356437683,0.16480672359466553,0.6210892796516418,0.35443398356437683,0.1610705852508545,0.35443398356437683,0.1610705852508545,0.48776161670684814,0.2797588109970093
885,0.8079002499580383,1.0283366441726685,0.07336018921807397,1.1423310979269445,0.18283840987831335,1.1284632682800293,0.9692206978797913,1.1284632682800293,0.9692206978797913,0.7486732006072998,1.1859993934631348,1.1284632682800293,0.17232751846313477,1.1284632682800293,0.17232751846313477,1.2254129648208618,0.1335093379020691
886,-1.7893915176391602,0.4435141384601593,0.1821861288199822,0.28912704722334936,0.7739277610803643,0.8209600448608398,0.6011768579483032,0.8209600448608398,0.6011768579483032,1.049597978591919,0.6011768579483032,0.8209600448608398,0.09755203127861023,0.8209600448608398,0.09755203127861023,0.6553810834884644,0.11891435086727142
887,1.429233193397522,-0.26521751284599304,0.21870449932912978,0.5099840733160574,0.33302450182537235,0.4349493384361267,0.12481537461280823,0.4349493384361267,0.12481537461280823,0.28140929341316223,0.10755491256713867,0.4349493384361267,0.2259402573108673,0.4349493384361267,0.2259402573108673,0.3660619854927063,0.3536059856414795
888,-0.25107768177986145,-0.34262630343437195,0.34062158539891235,0.7549452863261104,0.2951700123026968,2.6778371334075928,0.48604437708854675,2.6778371334075928,0.48604437708854675,2.2483463287353516,0.48604437708854675,0.7494074106216431,0.3532519042491913,0.7494074106216431,0.3532519042491913,0.6177259087562561,0.4960789084434509
889,0.856947124004364,-0.05334726721048355,0.0814111931870381,0.7098697699109715,0.6211555558939776,0.5232710838317871,0.5173664689064026,0.5232710838317871,0.5173664689064026,0.8481374979019165,0.10431542247533798,0.5232710838317871,0.018312975764274597,0.5232710838317871,0.018312975764274597,0.3339973986148834,0.296089231967926
890,-1.1729390621185303,0.4146885275840759,0.20326563785473506,0.09360110312079384,0.5284967268692949,0.5639497637748718,0.5723512768745422,0.5639497637748718,0.5723512768745422,0.6036322116851807,0.5723512768745422,0.5639497637748718,0.08923554420471191,0.5639497637748718,0.08923554420471191,0.626171350479126,0.07091619074344635
891,0.9284529089927673,-0.02416367083787918,0.1086760315547387,0.49111847506215184,0.18313349953542157,0.43126848340034485,0.21927985548973083,0.43126848340034485,0.21927985548973083,0.016835838556289673,0.13349896669387817,0.43126848340034485,0.17269110679626465,0.43126848340034485,0.17269110679626465,0.3992486894130707,0.2180439531803131
892,-0.42708805203437805,-0.14910203218460083,0.24197666774193444,0.48192057770987345,0.3143145521978537,1.5939862728118896,0.31072819232940674,1.5939862728118896,0.31072819232940674,1.1792664527893066,0.008560657501220703,0.48064395785331726,0.1793299913406372,0.48064395785331726,0.1793299913406372,0.299768328666687,0.3665153682231903
893,1.7801040410995483,-0.10701441019773483,0.06285445243120197,0.51329465739429,0.45969080090522774,0.40369313955307007,0.3749159276485443,0.40369313955307007,0.3749159276485443,0.6085888743400574,0.05064832419157028,0.40369313955307007,0.0012003183364868164,0.40369313955307007,0.0012003183364868164,0.26293355226516724,0.19072435796260834
894,0.5607608556747437,0.35846030712127686,0.3664385628079374,0.17170056336248918,0.3871949522880217,0.030751854181289673,0.5161229372024536,0.030751854181289673,0.5161229372024536,0.3747375011444092,0.5161229372024536,0.4398655593395233,0.16387376189231873,0.4398655593395233,0.16387376189231873,0.5768949389457703,0.1671900451183319
895,2.042980194091797,0.5310472846031189,0.13734462151924776,0.8571880707951882,0.24001279290144634,0.774547815322876,0.8300281763076782,0.774547815322876,0.8300281763076782,0.11796355247497559,0.6887099146842957,0.774547815322876,0.022111177444458008,0.774547815322876,0.022111177444458008,0.6922706365585327,0.09833699464797974
896,0.17942489683628082,0.9705007076263428,0.3444710088024536,0.19569342950979873,0.6538089437286059,0.45421940088272095,1.1281633377075195,0.45421940088272095,1.1281633377075195,0.7759677171707153,1.1281633377075195,0.5975646376609802,0.20788049697875977,0.5975646376609802,0.20788049697875977,0.733710527420044,0.3537423610687256
897,0.35426971316337585,1.135708212852478,0.10182342164839309,1.0395887512216964,0.21776871439690404,1.052171230316162,1.0852694511413574,1.052171230316162,1.0852694511413574,0.725961446762085,1.2933709621429443,1.052171230316162,0.034416794776916504,1.052171230316162,0.034416794776916504,1.1595104932785034,0.15966853499412537
898,1.354655385017395,0.6521174907684326,0.11958685827751947,0.07350882043441143,0.6824944268663724,0.6782360076904297,0.8097801208496094,0.6782360076904297,0.8097801208496094,0.49574223160743713,0.8097801208496094,0.6782360076904297,0.06274980306625366,0.6782360076904297,0.06274980306625366,0.7027150392532349,0.08490404486656189
899,-1.7194768190383911,0.2661367356777191,0.2703032728967567,0.17419123580058418,0.04511490139489377,0.19701027870178223,0.19701027870178223,0.19701027870178223,0.19701027870178223,0.10845112800598145,0.35887742042541504,0.19701027870178223,0.08711034059524536,0.19701027870178223,0.08711034059524536,0.27794384956359863,0.16178330779075623
900,2.1083779335021973,0.22988668084144592,0.29517302560309583,0.7268744069462023,0.021658003715177343,0.6698499917984009,0.25748497247695923,0.6698499917984009,0.25748497247695923,0.3377113342285156,0.25748497247695923,0.6698499917984009,0.07977688312530518,0.6698499917984009,0.07977688312530518,0.46366748213768005,0.16619880497455597
901,-1.0367205142974854,0.08177369087934494,0.4457396565936506,0.6989395434968172,0.5584462670981882,3.1448943614959717,0.255717933177948,3.1448943614959717,0.255717933177948,2.8756918907165527,0.23943638801574707,0.628731906414032,0.4099471867084503,0.628731906414032,0.4099471867084503,0.3513828217983246,0.7212122082710266
902,0.2435028851032257,0.20405101776123047,0.0002748072457809392,1.0468663959515592,0.6196175408239165,0.8388962745666504,0.7670891284942627,0.8388962745666504,0.7670891284942627,0.6342390775680542,0.3617136776447296,0.8388962745666504,0.06320732831954956,0.8388962745666504,0.06320732831954956,0.7004559636116028,0.3734051287174225
903,-0.7625488638877869,0.26822182536125183,0.11440929297357805,0.3889246839284896,0.7662099205330013,0.86357581615448,0.42588454484939575,0.86357581615448,0.42588454484939575,1.2589360475540161,0.42588454484939575,0.86357581615448,0.03455090522766113,0.86357581615448,0.03455090522766113,0.6269219517707825,0.1644560992717743
904,-1.25606369972229,-0.4067808985710144,0.011563784039268998,0.2197516869443158,0.4146236653377613,0.6608762145042419,0.24911817908287048,0.6608762145042419,0.24911817908287048,0.5646668672561646,0.24911817908287048,0.22891345620155334,0.058387577533721924,0.22891345620155334,0.058387577533721924,0.16992254555225372,0.053349852561950684
905,0.35786789655685425,-0.7109450697898865,0.18002193412433054,0.28952669798086095,0.017923703665534696,0.862091600894928,0.6419128179550171,0.862091600894928,0.6419128179550171,1.3213495016098022,0.6419128179550171,0.36912819743156433,0.08744674921035767,0.36912819743156433,0.08744674921035767,0.5055205225944519,0.14323142170906067
906,-3.024501085281372,-0.9256159067153931,0.17621487027655036,0.4998336293672523,0.37852435400088613,1.213758111000061,0.5334293842315674,1.213758111000061,0.5334293842315674,2.035886764526367,0.767953097820282,0.558791995048523,0.058486104011535645,0.558791995048523,0.058486104011535645,0.6891034841537476,0.12148615717887878
907,-0.8566160202026367,-0.8755841255187988,0.5657592044584452,0.3427397080697119,0.4290920739248396,0.7071780562400818,0.5304350852966309,0.7071780562400818,0.5304350852966309,2.0176305770874023,0.7179215550422668,0.5304350852966309,0.22628402709960938,0.5304350852966309,0.22628402709960938,0.7065072059631348,0.16267937421798706
908,-3.3843562602996826,-1.624867558479309,0.10987205798427269,1.3301195780063668,0.038596751925845885,3.178968906402588,1.5986226797103882,3.178968906402588,1.5986226797103882,3.7407312393188477,1.5986226797103882,1.4213902950286865,0.1441260576248169,1.4213902950286865,0.1441260576248169,1.5100064277648926,0.14855116605758667
909,-1.9516457319259644,-1.8444570302963257,0.7184058192372325,0.3028348061814903,0.5997439688816666,0.9054563045501709,0.8352718353271484,0.9054563045501709,0.8352718353271484,2.487543821334839,1.6867945194244385,0.8352718353271484,0.6653695106506348,0.8352718353271484,0.6653695106506348,1.061951994895935,0.7030293345451355
910,-2.231813430786133,-2.6878676414489746,0.4855201136010392,1.562320316365609,0.4165545370678112,3.1762943267822266,2.2727391719818115,3.1762943267822266,2.2727391719818115,3.3042263984680176,2.2727391719818115,1.9323488473892212,0.2988471984863281,1.9323488473892212,0.2988471984863281,2.102544069290161,0.698281466960907
911,-1.2498297691345215,-2.2091870307922363,0.42155444884051874,0.9018746881683669,0.6622852193688352,1.3482654094696045,1.5645639896392822,1.3482654094696045,1.5645639896392822,2.042263984680176,2.0515244007110596,1.3482654094696045,0.7107056379318237,1.3482654094696045,0.7107056379318237,1.427785873413086,0.9339081645011902
912,-2.328460931777954,-1.9813603162765503,0.14216597028076583,0.9961759440228349,0.6195459659770133,1.7599376440048218,1.3948317766189575,1.7599376440048218,1.3948317766189575,2.252277135848999,1.823697805404663,1.3048624992370605,0.38278090953826904,1.3048624992370605,0.38278090953826904,1.4376132488250732,0.597000002861023
913,-1.5743635892868042,-1.773738145828247,0.414539232539634,0.5263312059516705,0.6093949137131376,0.8432888984680176,1.6160752773284912,0.8432888984680176,1.6160752773284912,1.3753793239593506,1.6160752773284912,0.37094831466674805,0.5954959392547607,0.37094831466674805,0.5954959392547607,0.705434262752533,0.8806064128875732
914,-1.3038177490234375,-2.0853826999664307,0.27100736257930613,1.071532065284749,0.51937059768786,1.9362494945526123,1.589548945426941,1.9362494945526123,1.589548945426941,2.1325016021728516,1.927720069885254,1.3892815113067627,0.5338605642318726,1.3892815113067627,0.5338605642318726,1.487680435180664,0.7048034071922302
915,-2.942505121231079,-1.6397391557693481,0.1191429081559181,0.6647123332694175,0.6324114783480763,1.0833332538604736,1.0257920026779175,1.0833332538604736,1.0257920026779175,1.6775507926940918,1.482076644897461,0.9445540904998779,0.306046724319458,0.9445540904998779,0.306046724319458,1.079610824584961,0.5299044251441956
916,0.22328737378120422,-2.0096805095672607,0.6561243398239217,0.5746599756305413,0.5554232812797033,1.0383480787277222,0.8573786020278931,1.0383480787277222,0.8573786020278931,1.4762165546417236,1.4643751382827759,0.8573786020278931,0.3569256067276001,0.8573786020278931,0.3569256067276001,1.1608768701553345,0.7105344533920288
917,-1.941454291343689,-1.7123762369155884,0.1964701308372121,1.1784687198263906,0.506905092721184,2.360896110534668,1.2073005437850952,2.360896110534668,1.2073005437850952,3.890679121017456,1.5547137260437012,1.2144449949264526,0.06814014911651611,1.2144449949264526,0.06814014911651611,1.4009621143341064,0.1686561107635498
918,2.3758623600006104,-0.6787365674972534,0.17264793552458269,0.2827274404093621,0.5653433979675173,1.3189349174499512,0.5210738778114319,1.3189349174499512,0.5210738778114319,1.242408037185669,0.5210738778114319,0.18456801772117615,0.12464398145675659,0.18456801772117615,0.12464398145675659,0.12716497480869293,0.08272579312324524
919,-1.698323130607605,-0.4694654047489166,0.5239425628880658,0.8152682756384211,0.0453330420205989,3.4589741230010986,0.39292943477630615,3.4589741230010986,0.39292943477630615,2.642598867416382,0.39292943477630615,0.8017499446868896,0.09500423073768616,0.8017499446868896,0.09500423073768616,0.5973396897315979,0.3366139531135559
920,0.32153069972991943,0.24052205681800842,0.09985775952537829,1.2010052182401219,0.6371527274822196,0.9949839115142822,0.826135516166687,0.9949839115142822,0.826135516166687,0.5893862247467041,0.39818474650382996,0.9949839115142822,0.07959640026092529,0.9949839115142822,0.07959640026092529,0.8853815793991089,0.43992602825164795
921,-1.8419848680496216,0.14414551854133606,0.12999020032584668,0.6409659197553992,0.8785939123854041,1.0174329280853271,0.3018082082271576,1.0174329280853271,0.3018082082271576,1.9037067890167236,0.3018082082271576,1.0174329280853271,0.04501580446958542,1.0174329280853271,0.04501580446958542,0.6363829374313354,0.2657647728919983
922,1.4197885990142822,-0.5951097011566162,0.1821904247254133,0.3109110579267145,0.5003576599434019,0.9031866788864136,0.4374470114707947,0.9031866788864136,0.4374470114707947,0.7897115349769592,0.4374470114707947,0.1813444197177887,0.16548487544059753,0.1813444197177887,0.16548487544059753,0.09906290471553802,0.0999935120344162
923,-0.3745790421962738,-0.5847253203392029,0.3484167346979179,0.7790899242771168,0.0694205436545115,2.6459097862243652,0.5448316931724548,2.6459097862243652,0.5448316931724548,2.3038880825042725,0.5448316931724548,0.7789018154144287,0.132097065448761,0.7789018154144287,0.132097065448761,0.6618667840957642,0.27596426010131836
924,0.8889290690422058,-0.05737511068582535,0.0738010829438765,0.713483401791503,0.6211869955124953,0.528902530670166,0.5187622308731079,0.528902530670166,0.5187622308731079,0.8514216542243958,0.10028750449419022,0.528902530670166,0.026460230350494385,0.528902530670166,0.026460230350494385,0.3455849289894104,0.29975730180740356
925,1.1730602979660034,0.3742040693759918,0.2100227433567246,0.14250102053085967,0.5301549613599976,0.5729699730873108,0.5318666696548462,0.5729699730873108,0.5318666696548462,0.6241997480392456,0.5318666696548462,0.5729699730873108,0.13230016827583313,0.5729699730873108,0.13230016827583313,0.6391065716743469,0.07374982535839081
926,0.9940952062606812,0.1972704976797104,0.2089296608790756,0.4196296874247491,0.20781616130843766,0.2456921935081482,0.4801275134086609,0.2456921935081482,0.4801275134086609,0.34975162148475647,0.4801275134086609,0.36218878626823425,0.18925181031227112,0.36218878626823425,0.18925181031227112,0.4211581349372864,0.12319488823413849
927,1.6348618268966675,0.891198992729187,0.22057283062487842,0.5407311847619711,0.3533675325475633,0.5358654260635376,0.7177631258964539,0.5358654260635376,0.7177631258964539,0.7854828834533691,1.0488615036010742,0.5358654260635376,0.17654746770858765,0.5358654260635376,0.17654746770858765,0.7242038249969482,0.33797794580459595
928,3.2003655433654785,1.0000978708267212,0.313042190062503,0.4277951431895297,0.48273321198920394,0.26413631439208984,1.1577606201171875,0.26413631439208984,1.1577606201171875,0.42829346656799316,1.1577606201171875,0.5066301822662354,0.28832441568374634,0.5066301822662354,0.28832441568374634,0.7168077230453491,0.5064473152160645
929,1.8525643348693848,1.6699907779693604,0.6180888183973732,0.752905770987272,0.5224688629992307,0.04698073863983154,1.458129644393921,0.04698073863983154,1.458129644393921,0.7000719308853149,1.458129644393921,0.7927483320236206,0.5912625789642334,0.7927483320236206,0.5912625789642334,1.125438928604126,0.8167601823806763
930,2.255580425262451,2.757279396057129,0.4166549260914332,1.7470235047116878,0.8170736396685236,2.0456783771514893,2.330030679702759,2.0456783771514893,2.330030679702759,2.0568625926971436,2.9149420261383057,2.0456783771514893,0.6016225814819336,2.0456783771514893,0.6016225814819336,2.3466639518737793,0.9218549132347107
931,1.983587622642517,1.9160492420196533,0.28730044511457287,0.8682376358782251,0.9839838354413709,0.8981397151947021,2.07371187210083,0.8981397151947021,2.07371187210083,1.1614881753921509,2.07371187210083,0.8981397151947021,0.19043457508087158,0.8981397151947021,0.19043457508087158,1.315112590789795,0.6495224237442017
932,0.7914705276489258,2.0763843059539795,0.36981955661127963,1.1376566715414325,0.7923807522157829,1.315757393836975,1.5844347476959229,1.315757393836975,1.5844347476959229,1.734410047531128,2.2340469360351562,1.315757393836975,0.423132061958313,1.315757393836975,0.423132061958313,1.6296511888504028,0.7639974355697632
933,2.0679237842559814,1.7088948488235474,0.16435601413249978,0.9572605103999375,0.8107509987056254,0.9335941076278687,1.108148217201233,0.9335941076278687,1.108148217201233,1.6387773752212524,1.8665575981140137,1.028472900390625,0.1260967254638672,1.028472900390625,0.1260967254638672,1.392916202545166,0.5087220072746277
934,1.1793240308761597,1.0964313745498657,0.329658004095157,0.28961018865307153,0.7006358562161525,0.5745879411697388,1.254094123840332,0.5745879411697388,1.254094123840332,0.8575688600540161,1.254094123840332,0.6230827569961548,0.31162381172180176,0.6230827569961548,0.31162381172180176,0.7556002736091614,0.4396120011806488
935,3.0602452754974365,1.4444607496261597,0.25334621804455937,1.0365276260363556,0.37805957995976014,1.0916929244995117,1.3071660995483398,1.0916929244995117,1.3071660995483398,0.9288582801818848,1.602123498916626,1.0916929244995117,0.23812389373779297,1.0916929244995117,0.23812389373779297,1.2659285068511963,0.4088834822177887
936,0.5437099933624268,1.4777792692184448,0.4912682213758429,0.4598663864036401,0.7501172166441876,0.12341463565826416,1.635441780090332,0.12341463565826416,1.635441780090332,0.7261396646499634,1.635441780090332,0.6450710892677307,0.5274932980537415,0.6450710892677307,0.5274932980537415,0.8639858961105347,0.7267435789108276
937,2.4751975536346436,2.1131491661071777,0.15625645233939167,1.6229655198628696,0.5573998683194319,1.7376060485839844,1.8354376554489136,1.7376060485839844,1.8354376554489136,1.539554238319397,2.2708117961883545,1.7376060485839844,0.16426527500152588,1.7376060485839844,0.16426527500152588,1.9659820795059204,0.42054176330566406
938,0.44654205441474915,1.066873550415039,0.2873571243261297,0.14910913990189623,0.8538799606015286,0.6200089454650879,1.2245361804962158,0.6200089454650879,1.2245361804962158,0.9019023180007935,1.2245361804962158,0.6200089454650879,0.20443201065063477,0.6200089454650879,0.20443201065063477,0.7970677018165588,0.24529287219047546
939,2.8456766605377197,1.4540024995803833,0.1418307195355497,1.284966872980197,0.250677581479152,1.3299320936203003,1.4100189208984375,1.3299320936203003,1.4100189208984375,0.880454957485199,1.6116652488708496,1.3299320936203003,0.09360861778259277,1.3299320936203003,0.09360861778259277,1.4390599727630615,0.22464966773986816
940,0.7832725048065186,1.0533145666122437,0.396358838379383,0.10696926847100263,0.7734592533856631,0.3539034128189087,1.21097731590271,0.3539034128189087,1.21097731590271,0.8730181455612183,1.21097731590271,0.5681912899017334,0.15410208702087402,0.5681912899017334,0.15410208702087402,0.7868277430534363,0.27644288539886475
941,2.338526964187622,1.7150325775146484,0.1962811069563033,1.4964763682335611,0.24574777673929948,1.5735336542129517,1.7078251838684082,1.5735336542129517,1.7078251838684082,1.0089225769042969,1.8726952075958252,1.5735336542129517,0.17400705814361572,1.5735336542129517,0.17400705814361572,1.669058084487915,0.28783416748046875
942,0.5401615500450134,1.164292812347412,0.2887221111481385,0.26206947212417964,0.8369739034896095,0.6457217931747437,1.3219554424285889,0.6457217931747437,1.3219554424285889,0.9000635147094727,1.3219554424285889,0.6457217931747437,0.3158920407295227,0.6457217931747437,0.3158920407295227,0.8027795553207397,0.37148064374923706
943,2.2877328395843506,1.492613673210144,0.1567252512027819,1.20551265647014,0.35384843995173765,1.2585901021957397,1.3583786487579346,1.2585901021957397,1.3583786487579346,1.0036966800689697,1.6502764225006104,1.2585901021957397,0.11979115009307861,1.2585901021957397,0.11979115009307861,1.4164420366287231,0.2965903878211975
944,-0.25627169013023376,1.0258136987686157,0.3282027163729071,0.16270102739334114,0.7583825102075934,0.6167542934417725,1.183476209640503,0.6167542934417725,1.183476209640503,0.927885115146637,1.183476209640503,0.6167542934417725,0.19517183303833008,0.6167542934417725,0.19517183303833008,0.7757317423820496,0.29974564909935
945,3.2241029739379883,1.188751220703125,0.02642958429331621,1.1881854883084693,0.1976088225158551,1.1958931684494019,1.146111011505127,1.1958931684494019,1.146111011505127,0.7686953544616699,1.3464138507843018,1.1958931684494019,0.05456352233886719,1.1958931684494019,0.05456352233886719,1.2917993068695068,0.12666752934455872
946,-0.05736560747027397,0.8995312452316284,0.5058238052576779,0.15529674004763372,0.7724768544360997,0.12613219022750854,1.0571939945220947,0.12613219022750854,1.0571939945220947,0.8126282691955566,1.0571939945220947,0.6099756956100464,0.06789547204971313,0.6099756956100464,0.06789547204971313,0.8928095698356628,0.1792871356010437
947,2.7923998832702637,1.3658380508422852,0.06396683698520089,1.6572822706960137,0.13193826321512436,1.618514060974121,1.6109795570373535,1.618514060974121,1.6109795570373535,0.5116284489631653,1.523500919342041,1.618514060974121,0.007734537124633789,1.618514060974121,0.007734537124633789,1.5754382610321045,0.0851525068283081
948,-1.595815658569336,0.8652739524841309,0.32175707674895704,0.09845216850439709,0.8654417186540863,0.5928913354873657,1.0229365825653076,0.5928913354873657,1.0229365825653076,0.9871267676353455,1.0229365825653076,0.5928913354873657,0.017315983772277832,0.5928913354873657,0.017315983772277832,0.8211413621902466,0.035377323627471924
949,1.3925578594207764,0.9140415787696838,0.25842443366224566,1.4870186512110135,0.09107996436456856,1.433952808380127,1.091892123222351,1.433952808380127,1.091892123222351,0.2728199362754822,1.091892123222351,1.433952808380127,0.016501784324645996,1.433952808380127,0.016501784324645996,1.2629225254058838,0.19250842928886414
950,0.0051048086024820805,0.3897009789943695,0.25018632137527075,0.5927110863166553,0.9556984183502695,1.01981520652771,0.5473636388778687,1.01981520652771,0.5473636388778687,2.1285881996154785,0.5473636388778687,1.01981520652771,0.13944587111473083,1.01981520652771,0.13944587111473083,0.6870895624160767,0.2378382682800293
951,0.41148462891578674,-0.0447530671954155,0.095204902328551,0.6812878034263848,0.5977731283381582,0.5032199025154114,0.5033332109451294,0.5032199025154114,0.5033332109451294,0.8115977644920349,0.11290959268808365,0.5032199025154114,0.0003482699394226074,0.5032199025154114,0.0003482699394226074,0.307675302028656,0.27343496680259705
952,3.2091617584228516,0.42258957028388977,0.13730671529347693,0.01739733765522633,0.4913581619473796,0.5192156434059143,0.5802522301673889,0.5192156434059143,0.5802522301673889,0.44349682331085205,0.5802522301673889,0.5192156434059143,0.0018953979015350342,0.5192156434059143,0.0018953979015350342,0.5485576391220093,0.03721371293067932
953,0.6302841305732727,0.5556961894035339,0.575965036737422,0.18423272038499516,0.01897110669563218,0.5222136974334717,0.5222136974334717,0.5222136974334717,0.5222136974334717,0.7327592968940735,0.7115476131439209,0.5222136974334717,0.003224313259124756,0.5222136974334717,0.003224313259124756,0.6168806552886963,0.08426950871944427
954,3.3389089107513428,1.8912917375564575,0.17514707899341997,1.7003649628038207,0.23925260859231146,1.7897576093673706,1.897329568862915,1.7897576093673706,1.897329568862915,1.124471664428711,2.048954725265503,1.7897576093673706,0.15825104713439941,1.7897576093673706,0.15825104713439941,1.8753993511199951,0.2647240161895752
955,0.06415527313947678,1.1689382791519165,0.38577162375052765,0.16476869290073726,0.841870636915167,0.41906750202178955,1.3266010284423828,0.41906750202178955,1.3266010284423828,0.9896681308746338,1.3266010284423828,0.5014629364013672,0.2443307638168335,0.5014629364013672,0.2443307638168335,0.7687423825263977,0.30209827423095703
956,3.648301601409912,1.9185014963150024,0.06850608346362907,1.7654047231500347,0.3080633641158541,1.829634189605713,1.8417681455612183,1.829634189605713,1.8417681455612183,1.205466389656067,2.0761642456054688,1.829634189605713,0.01910567283630371,1.829634189605713,0.01910567283630371,1.9480595588684082,0.17297518253326416
957,0.41749128699302673,0.9704254269599915,0.4269981273760396,0.07428311216334493,0.8411830861618123,0.258594274520874,1.128088116645813,0.258594274520874,1.128088116645813,0.985964834690094,1.128088116645813,0.4493933320045471,0.019514262676239014,0.4493933320045471,0.019514262676239014,0.7739646434783936,0.07868260145187378
958,1.9550122022628784,1.8888280391693115,0.13715786229819038,1.9064052145555617,0.06873775593936449,1.961654782295227,2.0235626697540283,1.961654782295227,2.0235626697540283,1.4534502029418945,2.0235626697540283,1.961654782295227,0.04104340076446533,1.961654782295227,0.04104340076446533,1.9926087856292725,0.08718001842498779
959,0.09708043932914734,1.0487699508666992,0.20991432835658375,0.10964788769682254,0.9526802900185187,0.7499414682388306,1.206432580947876,0.7499414682388306,1.206432580947876,0.7930377721786499,1.206432580947876,0.7499414682388306,0.16068655252456665,0.7499414682388306,0.16068655252456665,0.882127583026886,0.162612646818161
960,0.6416555047035217,1.0059263706207275,0.09096518465628245,0.9920562912647921,0.14637756911416844,0.9922469854354858,1.0096962451934814,0.9922469854354858,1.0096962451934814,0.5927292108535767,1.1635890007019043,0.9922469854354858,0.0169905424118042,0.9922469854354858,0.0169905424118042,1.07063889503479,0.11063766479492188
961,-0.42243096232414246,0.6363843679428101,0.15652546127016342,0.035928008730212846,0.6674035723569492,0.6618595123291016,0.7940470576286316,0.6618595123291016,0.7940470576286316,0.5717319250106812,0.7940470576286316,0.6618595123291016,0.033441901206970215,0.6618595123291016,0.033441901206970215,0.7055995464324951,0.07445535063743591
962,0.6360706686973572,0.10648088902235031,0.021585661210119733,0.3520397864282131,0.04367186930030581,0.30314332246780396,0.22931763529777527,0.30314332246780396,0.22931763529777527,0.14637011289596558,0.26414358615875244,0.30314332246780396,0.06640329211950302,0.30314332246780396,0.06640329211950302,0.31897830963134766,0.049064867198467255
963,-0.045453812927007675,0.018407747149467468,0.18648100917538002,0.15610968324045332,0.21150910307963688,0.27459201216697693,0.1760704517364502,0.27459201216697693,0.1760704517364502,0.3707749545574188,0.1760704517364502,0.27459201216697693,0.17761331796646118,0.27459201216697693,0.17761331796646118,0.3231482207775116,0.12011665105819702
964,1.6256332397460938,-0.013371199369430542,0.09162443919107321,0.35210205141454937,0.2336250230111182,0.2894274592399597,0.2841954827308655,0.2894274592399597,0.2841954827308655,0.239664226770401,0.144291490316391,0.2894274592399597,0.0038547292351722717,0.2894274592399597,0.0038547292351722717,0.2203618437051773,0.07641713321208954
965,0.41707944869995117,0.3573375642299652,0.3321908792108298,0.00907330878078938,0.25769266821444026,0.2979940176010132,0.2979940176010132,0.2979940176010132,0.2979940176010132,0.16548559069633484,0.5150002241134644,0.2979940176010132,0.018500715494155884,0.2979940176010132,0.018500715494155884,0.41697657108306885,0.15210913121700287
966,0.1428185999393463,0.6450164914131165,0.13360537406057105,0.7985627076774835,0.06367885630577785,0.7609105110168457,0.8187010288238525,0.7609105110168457,0.8187010288238525,0.6577112078666687,0.8187010288238525,0.7609105110168457,0.02252209186553955,0.7609105110168457,0.02252209186553955,0.7898057699203491,0.022347062826156616
967,0.8779395222663879,0.606031596660614,0.09344943622127178,0.1866594382748008,0.5493953369744121,0.5524013042449951,0.7636942267417908,0.5524013042449951,0.7636942267417908,0.18013226985931396,0.7636942267417908,0.5524013042449951,0.022761225700378418,0.5524013042449951,0.022761225700378418,0.6474260091781616,0.10219183564186096
968,0.10984649509191513,0.2061290740966797,0.21346711294104662,0.08680688306068379,0.12932781211410954,0.1463826596736908,0.1463826596736908,0.1463826596736908,0.1463826596736908,0.13016662001609802,0.363791823387146,0.1463826596736908,0.06135278940200806,0.1463826596736908,0.06135278940200806,0.22221210598945618,0.1522277444601059
969,0.9009636044502258,0.31683549284935,0.1016734054808815,0.44320970042919117,0.004574908843884895,0.40528544783592224,0.423011839389801,0.40528544783592224,0.423011839389801,0.3073617219924927,0.423011839389801,0.40528544783592224,0.0540747344493866,0.40528544783592224,0.0540747344493866,0.41414862871170044,0.060860976576805115
970,1.361424446105957,0.3788169026374817,0.2162557510783274,0.06255408642192684,0.3234797395517429,0.3550184965133667,0.5364795923233032,0.3550184965133667,0.5364795923233032,0.47775810956954956,0.5364795923233032,0.36512529850006104,0.04445713758468628,0.36512529850006104,0.04445713758468628,0.42551156878471375,0.1269451379776001
971,0.04058662801980972,0.47227853536605835,0.25654197743162516,0.41704451894387595,0.022164713405072645,0.19338718056678772,0.5904802083969116,0.19338718056678772,0.5904802083969116,0.37908482551574707,0.5904802083969116,0.3888484239578247,0.05712041258811951,0.3888484239578247,0.05712041258811951,0.48966431617736816,0.13463343679904938
972,-0.12359284609556198,0.8295275568962097,0.08015120339890303,0.6609002874170743,0.31194874049474786,0.643832802772522,0.6516619920730591,0.643832802772522,0.6516619920730591,0.8096210360527039,0.9871902465820312,0.643832802772522,0.007854282855987549,0.643832802772522,0.007854282855987549,0.8124362230300903,0.17572151124477386
973,-0.16621948778629303,0.3325798213481903,0.05385710220783951,0.04357568409293888,0.4586197094619274,0.4907340407371521,0.49024251103401184,0.4907340407371521,0.49024251103401184,0.266136109828949,0.49024251103401184,0.4907340407371521,0.015406876802444458,0.4907340407371521,0.015406876802444458,0.48113858699798584,0.011286169290542603
974,-0.6381363868713379,-0.2275608777999878,0.06835580603529998,0.0026072731862465115,0.06983673623452574,0.014072418212890625,0.06989818811416626,0.014072418212890625,0.06989818811416626,0.044112980365753174,0.06989818811416626,0.014072418212890625,0.05754396319389343,0.014072418212890625,0.05754396319389343,0.013466954231262207,0.07095332443714142
975,-1.1777502298355103,-0.3879453241825104,0.011034639539817898,0.009179914730290534,0.14425809549788643,0.037783682346343994,0.23028263449668884,0.037783682346343994,0.23028263449668884,0.22880956530570984,0.23028263449668884,0.037783682346343994,0.08120021224021912,0.037783682346343994,0.08120021224021912,0.09566038846969604,0.13419857621192932
976,0.05444873869419098,-0.7652145624160767,0.137381440003713,0.22817138326664765,0.17618906473120055,0.5670173168182373,0.5499787330627441,0.5670173168182373,0.5499787330627441,0.6067541837692261,0.6075518727302551,0.3291268050670624,0.25132620334625244,0.3291268050670624,0.25132620334625244,0.35086870193481445,0.2813451886177063
977,-2.559292793273926,-0.9058531522750854,0.12898249274740603,0.4737006708731254,0.3376622997348506,1.0835721492767334,0.5461888909339905,1.0835721492767334,0.5461888909339905,1.595685362815857,0.7481904625892639,0.5511534214019775,0.009372830390930176,0.5511534214019775,0.009372830390930176,0.653786838054657,0.10510021448135376
978,-0.5715830326080322,-0.9194128513336182,0.44048272892832746,0.1747097422927617,0.43016730949282644,0.5884977579116821,0.4605446755886078,0.5884977579116821,0.4605446755886078,1.7341575622558594,0.7617502808570862,0.4605446755886078,0.03414475917816162,0.4605446755886078,0.03414475917816162,0.6236890554428101,0.0708695650100708
979,-1.7964208126068115,-1.4510186910629272,0.017577942001322677,1.1228602515409392,0.0871077038968604,2.560128688812256,1.3127930164337158,2.560128688812256,1.3127930164337158,2.536234140396118,1.293355941772461,1.2114181518554688,0.16965103149414062,1.2114181518554688,0.16965103149414062,1.2028825283050537,0.15977543592453003
980,-1.2951133251190186,-1.1354135274887085,0.19110069279869413,0.13270804004122805,0.5881322394435604,1.133459448814392,0.9777509570121765,1.133459448814392,0.9777509570121765,1.63899827003479,0.9777509570121765,0.27459996938705444,0.35587942600250244,0.27459996938705444,0.35587942600250244,0.49360886216163635,0.43290573358535767
981,-1.751917839050293,-1.539972186088562,0.18224180771658816,0.8016157963747781,0.3326419075826804,1.6057660579681396,1.1987097263336182,1.6057660579681396,1.1987097263336182,1.732386589050293,1.3823094367980957,0.9900016784667969,0.3634573221206665,0.9900016784667969,0.3634573221206665,1.0535942316055298,0.4594058394432068
982,-0.8352283239364624,-1.5920828580856323,0.2474264527857304,0.5424479230493309,0.5787358078360556,0.5797939300537109,1.434420108795166,0.5797939300537109,1.434420108795166,1.1910374164581299,1.434420108795166,0.36305177211761475,0.4210618734359741,0.36305177211761475,0.4210618734359741,0.7019899487495422,0.7208444476127625
983,-1.1808419227600098,-1.5253053903579712,0.03156461171184999,0.7522487716314695,0.5180193326001363,1.3754332065582275,1.021691083908081,1.3754332065582275,1.021691083908081,1.7951202392578125,1.3676426410675049,0.9539877772331238,0.20656609535217285,0.9539877772331238,0.20656609535217285,1.0838276147842407,0.3834162950515747
984,-0.7999627590179443,-1.1378313302993774,0.07099355644856908,0.2852752437939246,0.5580898556423683,0.7036428451538086,0.9801686406135559,0.7036428451538086,0.9801686406135559,1.0538825988769531,0.9801686406135559,0.32336390018463135,0.19032084941864014,0.32336390018463135,0.19032084941864014,0.5339059233665466,0.3807424306869507
985,0.6254585385322571,-1.1297866106033325,0.025326550863683184,0.4821993155032396,0.3987880698218943,0.8183516263961792,0.7197493314743042,0.8183516263961792,0.7197493314743042,1.0206737518310547,0.972123920917511,0.6295534372329712,0.16330885887145996,0.6295534372329712,0.16330885887145996,0.7277120351791382,0.2933209538459778
986,-1.263589859008789,-0.7944835424423218,0.1952631671602525,0.273460368340214,0.4928136072432001,1.1018236875534058,0.6368207931518555,1.1018236875534058,0.6368207931518555,2.02034068107605,0.6368207931518555,0.3685244619846344,0.06097501516342163,0.3685244619846344,0.06097501516342163,0.5463108420372009,0.18602924048900604
987,-0.7664633393287659,-0.2569523751735687,0.0918715607064467,0.4061271192816397,0.3477352891365686,0.32297050952911377,0.14452940225601196,0.32297050952911377,0.14452940225601196,0.35277771949768066,0.09928971529006958,0.32297050952911377,0.1283988058567047,0.32297050952911377,0.1283988058567047,0.24028904736042023,0.2580118179321289
988,-1.056037187576294,-0.652233362197876,0.06908509341378999,0.521794856687387,0.16211926231781654,1.5169649124145508,0.7271435856819153,1.5169649124145508,0.7271435856819153,1.3040823936462402,0.49457067251205444,0.5642459392547607,0.17593178153038025,0.5642459392547607,0.17593178153038025,0.4598960876464844,0.1341448277235031
989,-2.0068485736846924,-1.0276178121566772,0.056605649795383406,0.2630296849831939,0.4845098029635845,0.4717905521392822,0.8699551224708557,0.4717905521392822,0.8699551224708557,0.8221460580825806,0.8699551224708557,0.2818962335586548,0.17440438270568848,0.2818962335586548,0.17440438270568848,0.4734557867050171,0.3518962860107422
990,-2.67866587638855,-1.4006973505020142,0.35953363689283524,0.4336946174005667,0.38399642179409677,0.8041192293167114,1.0075278282165527,0.8041192293167114,1.0075278282165527,0.9202816486358643,1.2430346012115479,0.6390955448150635,0.5095674991607666,0.6390955448150635,0.5095674991607666,0.7051627039909363,0.6308053731918335
991,-0.7996593713760376,-2.309386968612671,0.6469074203198151,0.9544795741637548,0.4845272997145855,1.8722463846206665,1.8503133058547974,1.8722463846206665,1.8503133058547974,2.2362453937530518,1.8503133058547974,1.323790431022644,0.35661590099334717,1.323790431022644,0.35661590099334717,1.5870518684387207,0.7951347827911377
992,-1.923865556716919,-2.027939796447754,0.026280390129735043,1.1569295323764286,0.6212571995270749,2.105599880218506,1.4366250038146973,2.105599880218506,1.4366250038146973,3.0666065216064453,1.8702771663665771,1.4021024703979492,0.25603604316711426,1.4021024703979492,0.25603604316711426,1.5630961656570435,0.46861499547958374
993,-2.9613990783691406,-1.3219538927078247,0.23986080152293043,0.2574070175861321,0.6012133991842468,1.1601722240447998,1.1642911434173584,1.1601722240447998,1.1642911434173584,1.4379467964172363,1.1642911434173584,0.29999852180480957,0.3427846431732178,0.29999852180480957,0.3427846431732178,0.5092219114303589,0.5172857046127319
994,-1.4164351224899292,-2.3044345378875732,0.753780182463427,0.9081415037562454,0.4190401772533854,1.8795009851455688,1.9030271768569946,1.8795009851455688,1.9030271768569946,2.4501125812530518,1.9030271768569946,1.2404954433441162,0.293226957321167,1.2404954433441162,0.293226957321167,1.5717613697052002,0.7787792086601257
995,-2.004070520401001,-2.4060726165771484,0.22922429514427956,1.3389530484875043,0.6144225985308491,2.385712146759033,1.8220627307891846,2.385712146759033,1.8220627307891846,2.8677823543548584,2.2484099864959717,1.7042368650436401,0.5443586111068726,1.7042368650436401,0.5443586111068726,1.8275361061096191,0.750280499458313
996,-2.2346508502960205,-1.770318627357483,0.3060491358364621,0.6015691687415046,0.6392276483650008,1.178843379020691,1.6126558780670166,1.178843379020691,1.6126558780670166,1.7199501991271973,1.6126558780670166,0.3903970718383789,0.5008333921432495,0.3903970718383789,0.5008333921432495,0.7660620212554932,0.8163945078849792
997,-2.349409341812134,-2.192906141281128,0.4722260975589352,0.9434386398022375,0.553768967924019,1.6664409637451172,1.6698858737945557,1.6664409637451172,1.6698858737945557,1.79310142993927,2.0352437496185303,1.324995517730713,0.7464591264724731,1.324995517730713,0.7464591264724731,1.4075450897216797,0.9324090480804443
998,-1.4865801334381104,-2.4437413215637207,0.5147034993891915,1.0706404257689912,0.6349247219910226,1.6800148487091064,1.8526606559753418,1.6800148487091064,1.8526606559753418,1.822669506072998,2.286078691482544,1.5378093719482422,0.840319037437439,1.5378093719482422,0.840319037437439,1.620375394821167,1.0563749074935913
999,-2.8732218742370605,-2.1475818157196045,0.21416642094031024,1.0661429299041627,0.6437997904606162,1.843608021736145,1.5393767356872559,1.843608021736145,1.5393767356872559,2.307331085205078,1.9899191856384277,1.426021695137024,0.4860643148422241,1.426021695137024,0.4860643148422241,1.5495212078094482,0.7077694535255432
1000,-1.6274076700210571,-2.154664993286133,0.6239555346593262,0.6763038741424678,0.6309329100698233,1.1096113920211792,1.5395236015319824,1.1096113920211792,1.5395236015319824,1.5222930908203125,1.997002363204956,1.1096113920211792,0.8607333898544312,1.1096113920211792,0.8607333898544312,1.1716134548187256,1.0845062732696533
1001,-1.2895933389663696,-2.4217281341552734,0.3122136316075921,1.32462788015604,0.5614139479771258,2.3713488578796387,1.8884079456329346,2.3713488578796387,1.8884079456329346,2.6137161254882812,2.2640655040740967,1.6988537311553955,0.6361440420150757,1.6988537311553955,0.6361440420150757,1.8030179738998413,0.8196963667869568
1002,-3.3267018795013428,-1.6632838249206543,0.10725698492179325,0.6822655871758858,0.6502885784084598,1.1306959390640259,1.0270779132843018,1.1306959390640259,1.0270779132843018,1.9435111284255981,1.5056211948394775,0.9644573926925659,0.29729902744293213,0.9644573926925659,0.29729902744293213,1.103201150894165,0.5254180431365967
1003,-2.704939603805542,-2.144979476928711,0.7892433504760262,0.5698314120993021,0.5624320399388671,1.2077254056930542,0.993363618850708,1.2077254056930542,0.993363618850708,1.6150288581848145,1.592900276184082,0.993363618850708,0.362141489982605,0.993363618850708,0.362141489982605,1.293131947517395,0.7120702266693115
1004,-2.7855334281921387,-3.13132905960083,0.7698975127438699,1.6033025186384717,0.5346563538039728,3.1875996589660645,2.6286473274230957,3.1875996589660645,2.6286473274230957,3.29823899269104,2.6286473274230957,2.1299071311950684,0.4385714530944824,2.1299071311950684,0.4385714530944824,2.379277229309082,0.9989199042320251
1005,-3.6326825618743896,-2.9406626224517822,0.7016628772144511,1.3289559974273046,0.6865710733955108,1.941449761390686,2.296546459197998,1.941449761390686,2.296546459197998,2.2942209243774414,2.296546459197998,1.941449761390686,0.5524413585662842,1.941449761390686,0.5524413585662842,2.1189980506896973,1.0682384967803955
1006,-3.3561785221099854,-3.397620916366577,1.0512939660499492,1.4207841858888668,0.7020700900132457,2.189779281616211,2.7665274143218994,2.189779281616211,2.7665274143218994,2.7582950592041016,2.7665274143218994,2.1322736740112305,0.6386387348175049,2.1322736740112305,0.6386387348175049,2.4494004249572754,1.3248485326766968
1007,-4.731805324554443,-3.7354822158813477,1.0312106082836783,1.7955710527176663,0.6852278804654874,3.0838849544525146,3.1017684936523438,3.0838849544525146,3.1017684936523438,3.3394670486450195,3.1017684936523438,2.5585484504699707,0.6090724468231201,2.5585484504699707,0.6090724468231201,2.8301584720611572,1.3401508331298828
1008,-4.777553558349609,-4.212698936462402,1.5293240366876124,1.7247988510876893,0.735103374272585,2.6079916954040527,3.5669074058532715,2.6079916954040527,3.5669074058532715,3.49765682220459,3.5669074058532715,2.6079916954040527,0.7622270584106445,2.6079916954040527,0.7622270584106445,3.087449550628662,1.6967873573303223
1009,-3.6021671295166016,-4.827759742736816,1.6790277583524573,2.2445518110319975,0.6807074989378461,4.048459529876709,4.183372497558594,4.048459529876709,4.183372497558594,4.444340705871582,4.183372497558594,3.2049291133880615,0.6653347015380859,3.2049291133880615,0.6653347015380859,3.694150924682617,1.787240982055664
1010,-5.020686626434326,-4.198987007141113,1.2068553746243313,2.170417685521146,0.5982417494182783,3.6727194786071777,3.561044692993164,3.6727194786071777,3.561044692993164,3.8986454010009766,3.561044692993164,2.9711055755615234,0.430067777633667,2.9711055755615234,0.430067777633667,3.2660751342773438,1.3511499166488647
1011,-5.406151294708252,-4.462821960449219,1.6827517880747709,1.8248027935872477,0.7317947043726845,2.74576473236084,3.825490951538086,2.74576473236084,3.825490951538086,3.7485358715057373,3.825490951538086,2.74576473236084,0.7951550483703613,2.74576473236084,0.7951550483703613,3.285627841949463,1.8012466430664062
1012,-4.680787563323975,-5.138720512390137,1.9089249556760004,2.323265472414593,0.6830574098850279,4.1787872314453125,4.4929914474487305,4.1787872314453125,4.4929914474487305,4.733221530914307,4.4929914474487305,3.3096847534179688,0.6945829391479492,3.3096847534179688,0.6945829391479492,3.9013381004333496,1.9330897331237793
1013,-4.121004581451416,-4.924251556396484,1.6950984221821028,2.3903048432742553,0.6153756165256103,3.830810546875,4.290388107299805,3.830810546875,4.290388107299805,4.512901306152344,4.290388107299805,3.320481300354004,0.5235042572021484,3.320481300354004,0.5235042572021484,3.8054347038269043,1.712945818901062
1014,-2.8078272342681885,-4.424222946166992,1.4261625742788127,2.1634389795611297,0.6111487179125343,3.406507730484009,3.796417474746704,3.406507730484009,3.796417474746704,3.970282554626465,3.796417474746704,3.0108957290649414,0.49527454376220703,3.0108957290649414,0.49527454376220703,3.403656482696533,1.505089282989502
1015,-5.390919208526611,-3.5038485527038574,0.8048148343587915,1.8816131853188076,0.5939478586117426,3.2011873722076416,2.865241289138794,3.2011873722076416,2.865241289138794,3.234726905822754,2.865241289138794,2.5168495178222656,0.37488269805908203,2.5168495178222656,0.37488269805908203,2.6910452842712402,1.0434811115264893
1016,-2.433504104614258,-4.137664794921875,1.6957796415189907,1.4589495237047463,0.7594629552836225,2.6886229515075684,2.352419376373291,2.6886229515075684,2.352419376373291,3.405724048614502,3.4933390617370605,2.352419376373291,0.8264224529266357,2.352419376373291,0.8264224529266357,2.922879219055176,1.5813595056533813
1017,-2.6939351558685303,-3.795133113861084,0.7539579752708474,2.232370340550939,0.5853326004619404,4.075751304626465,3.160752058029175,4.075751304626465,3.160752058029175,3.9406261444091797,3.160752058029175,2.877017021179199,0.38637590408325195,2.877017021179199,0.38637590408325195,3.0188846588134766,1.0808048248291016
1018,-3.380176544189453,-2.6508336067199707,0.6399401090169943,1.158065898368756,0.6293546865011259,1.6985045671463013,2.0227789878845215,1.6985045671463013,2.0227789878845215,2.0119712352752686,2.0227789878845215,1.6985045671463013,0.45114755630493164,1.6985045671463013,0.45114755630493164,1.8606417179107666,0.9251003861427307
1019,-4.925278663635254,-3.2179155349731445,0.9463093545039496,1.362138644692798,0.6859948613618814,2.200731039047241,2.5982866287231445,2.200731039047241,2.5982866287231445,2.652594566345215,2.5982866287231445,2.0232319831848145,0.6053905487060547,2.0232319831848145,0.6053905487060547,2.3107593059539795,1.2354052066802979
1020,-2.806224822998047,-4.252317428588867,1.5841801767672101,1.727170768255989,0.7174938091511525,3.0307326316833496,3.6216073036193848,3.0307326316833496,3.6216073036193848,3.743903160095215,3.6216073036193848,2.5645551681518555,0.733830451965332,2.5645551681518555,0.733830451965332,3.09308123588562,1.69864821434021
1021,-3.815375566482544,-3.8713512420654297,0.8796703487137956,2.1613547107453144,0.6068535081918043,3.852332592010498,3.226761817932129,3.852332592010498,3.226761817932129,3.796898365020752,3.226761817932129,2.8675923347473145,0.4141216278076172,2.8675923347473145,0.4141216278076172,3.0471770763397217,1.166809320449829
1022,-4.170506477355957,-3.4885597229003906,1.1426596641167996,1.4267224764823911,0.6957049078866842,2.188605785369873,2.8532955646514893,2.188605785369873,2.8532955646514893,2.7979397773742676,2.8532955646514893,2.188605785369873,0.6520307064056396,2.188605785369873,0.6520307064056396,2.5209507942199707,1.3732174634933472
1023,-2.424621820449829,-4.203453063964844,1.371233944147825,1.9098054669052358,0.6989409784972676,3.4106128215789795,3.5691187381744385,3.4106128215789795,3.5691187381744385,3.7803115844726562,3.5691187381744385,2.7678446769714355,0.6764864921569824,2.7678446769714355,0.6764864921569824,3.1684818267822266,1.582580804824829
1024,-2.158080816268921,-3.360030174255371,0.6488590676834187,1.874397397985061,0.6133007957537968,3.2613561153411865,2.7142815589904785,3.2613561153411865,2.7142815589904785,3.1938867568969727,2.7142815589904785,2.4614334106445312,0.39258790016174316,2.4614334106445312,0.39258790016174316,2.587857484817505,0.9746266007423401
1025,-2.7454192638397217,-2.423308849334717,0.4244038769975307,1.1259739123284818,0.6494581471756098,1.7416175603866577,1.779346227645874,1.7416175603866577,1.779346227645874,2.6278984546661377,2.265645980834961,1.590331792831421,0.7744139432907104,1.590331792831421,0.7744139432907104,1.667901635169983,0.974736750125885
1026,-1.3958534002304077,-2.584171772003174,0.645351502262056,1.0503262862935665,0.6650213090330359,1.5767993927001953,1.9649943113327026,1.5767993927001953,1.9649943113327026,1.778219223022461,2.426509141921997,1.5767993927001953,0.9930180311203003,1.5767993927001953,0.9930180311203003,1.6423810720443726,1.218810796737671
1027,-1.5750806331634521,-2.3067963123321533,0.20565429000183943,1.240742726176977,0.6369266217388214,2.198655128479004,1.7037816047668457,2.198655128479004,1.7037816047668457,2.743572235107422,2.1491336822509766,1.6015117168426514,0.5025547742843628,1.6015117168426514,0.5025547742843628,1.7293319702148438,0.7188088297843933
1028,-2.3400559425354004,-1.613866925239563,0.17734136364112274,0.5755891704807681,0.6374637167031566,1.0481922626495361,1.4562041759490967,1.0481922626495361,1.4562041759490967,1.5980502367019653,1.4562041759490967,0.3896641731262207,0.35420525074005127,0.3896641731262207,0.35420525074005127,0.7520115971565247,0.6678109169006348
1029,-2.508153200149536,-1.9542597532272339,0.4757363900169731,0.7165820410102606,0.5384684093669057,1.1680885553359985,1.4343868494033813,1.1680885553359985,1.4343868494033813,1.3097139596939087,1.7965967655181885,1.0578144788742065,0.699415922164917,1.0578144788742065,0.699415922164917,1.1371970176696777,0.8836880326271057
1030,-0.4387398660182953,-2.538295269012451,0.5954799502839645,1.1311890625705319,0.5881535817434393,2.0383737087249756,1.992896318435669,2.0383737087249756,1.992896318435669,2.2487752437591553,1.992896318435669,1.5907471179962158,0.46332740783691406,1.5907471179962158,0.46332740783691406,1.7918217182159424,0.8936468362808228
1031,-2.162680149078369,-1.8453675508499146,0.07190705013771836,1.044729075791935,0.6490727315718929,1.9026615619659424,1.23075532913208,1.9026615619659424,1.23075532913208,3.29988694190979,1.6877048015594482,1.2252259254455566,0.11933624744415283,1.2252259254455566,0.11933624744415283,1.4196277856826782,0.3417457342147827
1032,-0.5717769265174866,-1.1430751085281372,0.28627997928609444,0.06073076107849684,0.5725916937490304,1.1307744979858398,0.9854124188423157,1.1307744979858398,0.9854124188423157,1.761391282081604,0.9854124188423157,0.23388278484344482,0.28573286533355713,0.23388278484344482,0.28573286533355713,0.5080351829528809,0.4027934670448303
1033,0.6408325433731079,-1.4498087167739868,0.00022190372149144544,0.9465151116872828,0.27959902695069716,1.8859905004501343,1.1473034620285034,1.8859905004501343,1.1473034620285034,2.046332836151123,1.2921459674835205,1.0698010921478271,0.1587388515472412,1.0698010921478271,0.1587388515472412,1.1314499378204346,0.23353052139282227
1034,0.489751398563385,-0.8334977626800537,0.18155168617765105,0.1393008438249429,0.6522759306182464,1.4310336112976074,0.6758350729942322,1.4310336112976074,0.6758350729942322,1.384765625,0.6758350729942322,0.5115005970001221,0.2179962396621704,0.5115005970001221,0.2179962396621704,0.4610559940338135,0.22407716512680054
1035,0.6948757171630859,-0.0288303941488266,0.14618139853701,0.33776712233200656,0.28930629275739184,0.27039241790771484,0.3124866485595703,0.27039241790771484,0.3124866485595703,0.40588894486427307,0.12883225083351135,0.27039241790771484,0.02611827850341797,0.27039241790771484,0.02611827850341797,0.16497856378555298,0.09638649225234985
1036,0.6025674343109131,0.4169844090938568,0.18355095592637855,0.2365052070220311,0.22040095036228502,0.12405708432197571,0.3362674117088318,0.12405708432197571,0.3362674117088318,0.36547666788101196,0.5746471285820007,0.21098297834396362,0.12052375078201294,0.21098297834396362,0.12052375078201294,0.34459638595581055,0.234856516122818
1037,0.5640925168991089,0.4372933804988861,0.1688038394848505,0.3350598594794671,0.15690235594908397,0.3082396984100342,0.4137387275695801,0.3082396984100342,0.4137387275695801,0.3968125879764557,0.4137387275695801,0.3082396984100342,0.20257112383842468,0.3082396984100342,0.20257112383842468,0.36098921298980713,0.23842135071754456
1038,1.4451128244400024,0.4659932851791382,0.16376138521979255,0.2881885276238123,0.23751604675004878,0.22289645671844482,0.36490264534950256,0.22289645671844482,0.36490264534950256,0.5036148428916931,0.6236559748649597,0.26173046231269836,0.09894949197769165,0.26173046231269836,0.09894949197769165,0.4031141996383667,0.2224535346031189
1039,0.9084062576293945,0.5645075440406799,0.29083626947676133,0.2543208200236162,0.24282312895481784,0.2474316954612732,0.2474316954612732,0.2474316954612732,0.2474316954612732,0.09648564457893372,0.498250275850296,0.2474316954612732,0.28411558270454407,0.2474316954612732,0.28411558270454407,0.3728410005569458,0.40266722440719604
1040,3.590179681777954,0.9008606672286987,0.20623523117974407,0.6908546734042463,0.22724349666386856,0.6888040900230408,0.8491607904434204,0.6888040900230408,0.8491607904434204,0.5640156269073486,1.058523416519165,0.6888040900230408,0.15017753839492798,0.6888040900230408,0.15017753839492798,0.8112819790840149,0.2611836791038513
1041,0.9101165533065796,1.41942298412323,0.6666685585553447,0.3442985782648127,0.6319286409268775,0.6692820191383362,0.6692820191383362,0.6692820191383362,0.6692820191383362,0.48027968406677246,1.5770857334136963,0.6692820191383362,0.36073338985443115,0.6692820191383362,0.36073338985443115,0.9125148057937622,0.649324357509613
1042,1.8917478322982788,2.4466497898101807,0.2413915281494461,1.9243206237939492,0.5044103122813006,2.09945011138916,2.2660486698150635,2.09945011138916,2.2660486698150635,1.6848530769348145,2.6043124198913574,2.09945011138916,0.31421637535095215,2.09945011138916,0.31421637535095215,2.2893848419189453,0.5176579356193542
1043,2.664048671722412,1.29067063331604,0.20781008556485214,0.3390395650640128,0.9672936571016906,0.7956336736679077,1.4483332633972168,0.7956336736679077,1.4483332633972168,0.19311130046844482,1.4483332633972168,0.7956336736679077,0.026288509368896484,0.7956336736679077,0.026288509368896484,0.9849154949188232,0.22098541259765625
1044,1.0547354221343994,1.6965144872665405,0.5166274127239983,0.9140900864327945,0.4892696625242632,0.6656720638275146,1.5152851343154907,0.6656720638275146,1.5152851343154907,1.1771496534347534,1.5152851343154907,0.9794571995735168,0.5833104848861694,0.9794571995735168,0.5833104848861694,1.2473711967468262,0.756594181060791
1045,2.018000602722168,2.1746468544006348,0.22358241319656358,1.3836837358772756,0.7908536181598902,1.5350213050842285,1.6715092658996582,1.5350213050842285,1.6715092658996582,1.852341651916504,2.3323097229003906,1.5350213050842285,0.25816428661346436,1.5350213050842285,0.25816428661346436,1.8613646030426025,0.6123733520507812
1046,2.3030731678009033,1.2800184488296509,0.2686677305214109,0.40453620061278317,0.8302871921099723,0.7009320259094238,1.4376811981201172,0.7009320259094238,1.4376811981201172,0.4334341287612915,1.4376811981201172,0.7009320259094238,0.14058148860931396,0.7009320259094238,0.14058148860931396,0.9209305047988892,0.36134546995162964
1047,1.568245530128479,1.7672948837280273,0.45189870663608156,0.9957189470405374,0.5431499044659238,0.9813569784164429,1.5335986614227295,0.9813569784164429,1.5335986614227295,0.9337713718414307,1.924957513809204,1.0891644954681396,0.4994727373123169,1.0891644954681396,0.4994727373123169,1.3315858840942383,0.7149944305419922
1048,0.9597553014755249,2.0442113876342773,0.2900964571970204,1.16125746148328,0.8163303817870715,1.3219709396362305,1.5059411525726318,1.3219709396362305,1.5059411525726318,1.8408938646316528,2.201874256134033,1.3219709396362305,0.3188973665237427,1.3219709396362305,0.3188973665237427,1.6518728733062744,0.6821538805961609
1049,0.49250131845474243,1.4595911502838135,0.17982929787288127,0.7102541391054787,0.7929802685106795,0.7685953974723816,1.6172537803649902,0.7685953974723816,1.6172537803649902,1.1666780710220337,1.6172537803649902,0.7685953974723816,0.1213451623916626,0.7685953974723816,0.1213451623916626,1.1270898580551147,0.4841223955154419
1050,-1.180946946144104,0.890367329120636,0.14072537704681343,0.42253160693993175,0.5505829599437615,0.5461161732673645,1.048029899597168,0.5461161732673645,1.048029899597168,0.7070848941802979,1.048029899597168,0.5461161732673645,0.07987326383590698,0.5461161732673645,0.07987326383590698,0.7622556090354919,0.2818337678909302
1051,0.8791624307632446,0.14308762550354004,0.1668434681619208,0.2724858895813426,0.2609179381032785,0.01115638017654419,0.05630001425743103,0.01115638017654419,0.05630001425743103,0.30462467670440674,0.30075037479400635,0.2104276716709137,0.2642239034175873,0.2104276716709137,0.2642239034175873,0.37346261739730835,0.1691230684518814
1052,1.3733298778533936,-0.3325272500514984,0.2389790771777432,0.49288976806526386,0.14485611525053776,1.5709933042526245,0.3571227788925171,1.5709933042526245,0.3571227788925171,1.4162118434906006,0.3571227788925171,0.5095633268356323,0.21884384751319885,0.5095633268356323,0.21884384751319885,0.4333430528640747,0.29640933871269226
1053,-0.5459405183792114,-0.14972949028015137,0.18311461338152485,0.41227254911636313,0.5216439485612014,1.2785147428512573,0.007933229207992554,1.2785147428512573,0.007933229207992554,1.099732756614685,0.007933229207992554,0.5567429661750793,0.02361711859703064,0.5567429661750793,0.02361711859703064,0.3694659471511841,0.17865358293056488
1054,1.356913447380066,0.7066165208816528,0.024706652866055556,0.6829252767252425,0.27187057143698135,0.6500577330589294,0.5367815494537354,0.6500577330589294,0.5367815494537354,0.7914022207260132,0.8642792105674744,0.6500577330589294,0.11446917057037354,0.6500577330589294,0.11446917057037354,0.8041678667068481,0.16455143690109253
1055,1.2118163108825684,0.38275352120399475,0.28487799986576035,0.2158314107979339,0.5371796065506838,0.5851460695266724,0.5404162406921387,0.5851460695266724,0.5404162406921387,0.7907941341400146,0.5404162406921387,0.5851460695266724,0.1898495852947235,0.5851460695266724,0.1898495852947235,0.6893680095672607,0.1144520491361618
1056,1.482243537902832,0.3021570146083832,0.19176320503776279,0.6247297494423885,0.2908632654572526,0.5349054932594299,0.636146068572998,0.5349054932594299,0.636146068572998,0.35900846123695374,0.4598197042942047,0.5349054932594299,0.0377747118473053,0.5349054932594299,0.0377747118473053,0.4140762388706207,0.10963468253612518
1057,3.7064313888549805,1.137518048286438,0.2838897038126986,0.5327477284396688,0.5443534096578757,0.493904173374176,1.2951807975769043,0.493904173374176,1.2951807975769043,0.9130997657775879,1.2951807975769043,0.5646092891693115,0.25659865140914917,0.5646092891693115,0.25659865140914917,0.8265712857246399,0.527936577796936
1058,1.250499963760376,1.7448302507400513,0.7135310858177639,0.6528161460409563,0.6019556932958465,0.7548328042030334,0.7548328042030334,0.7548328042030334,0.7548328042030334,0.29462432861328125,1.4558420181274414,0.7548328042030334,0.6358423233032227,0.7548328042030334,0.6358423233032227,1.105337381362915,0.9353643655776978
1059,3.006896734237671,2.8308870792388916,0.3117736269409459,1.9965492744992175,0.7460366137946646,2.249711275100708,2.45162034034729,2.249711275100708,2.45162034034729,2.114302635192871,2.9885494709014893,2.249711275100708,0.4694066047668457,2.249711275100708,0.4694066047668457,2.533071994781494,0.7576159834861755
1060,1.3535171747207642,1.5485774278640747,0.3190541000540059,0.4975008100147048,0.9554953114191691,0.6951311826705933,1.706240177154541,0.6951311826705933,1.706240177154541,0.015595555305480957,1.706240177154541,0.6951311826705933,0.07722318172454834,0.6951311826705933,0.07722318172454834,0.9500342011451721,0.36626720428466797
1061,3.424372434616089,2.34873104095459,0.31185923695564277,1.6146485299803315,0.645695948433131,1.8093490600585938,2.0464322566986084,1.8093490600585938,2.0464322566986084,1.6947674751281738,2.5063936710357666,1.8093490600585938,0.4073852300643921,1.8093490600585938,0.4073852300643921,2.064284324645996,0.675072193145752
1062,2.2353498935699463,1.6316543817520142,0.44046886933346574,0.5402988034610946,0.8743593833719692,0.36387062072753906,1.7893171310424805,0.36387062072753906,1.7893171310424805,0.0718545913696289,1.7893171310424805,0.6430010795593262,0.24925005435943604,0.6430010795593262,0.24925005435943604,0.9166173338890076,0.5553525686264038
1063,1.139397144317627,2.993373394012451,0.5376353091994925,1.9049747994045405,0.7742359598229336,2.256652355194092,2.6562612056732178,2.256652355194092,2.6562612056732178,2.179098606109619,3.151036024093628,2.256652355194092,0.7991805076599121,2.256652355194092,0.7991805076599121,2.534999370574951,1.0773048400878906
1064,2.4768786430358887,2.12617826461792,0.17075258426368256,1.108965653404593,1.0699327013641597,0.7005902528762817,1.278723955154419,0.7005902528762817,1.278723955154419,1.6052204370498657,2.2838408946990967,1.2554537057876587,0.11981344223022461,1.2554537057876587,0.11981344223022461,1.6914763450622559,0.6430305242538452
1065,3.125985860824585,1.3571807146072388,0.3704008800039691,0.4442658868680398,0.7659866221497453,0.5081726312637329,1.514843463897705,0.5081726312637329,1.514843463897705,0.4103044867515564,1.514843463897705,0.6591838598251343,0.2784430980682373,0.6591838598251343,0.2784430980682373,0.8939985036849976,0.5200095176696777
1066,1.0553864240646362,2.3862345218658447,0.6547942890599368,1.298456391617656,0.6564565156027675,1.2401280403137207,2.122497797012329,1.2401280403137207,2.122497797012329,1.181980013847351,2.5438971519470215,1.4887144565582275,0.7994288206100464,1.4887144565582275,0.7994288206100464,1.7519725561141968,1.0431880950927734
1067,0.9057018756866455,2.5625360012054443,0.20608095929026593,1.6354144571162759,0.9445132592134178,1.8238598108291626,1.9076073169708252,1.8238598108291626,1.9076073169708252,2.289315700531006,2.720198631286621,1.8238598108291626,0.2613551616668701,1.8238598108291626,0.2613551616668701,2.199683666229248,0.6751951575279236
1068,0.5233410596847534,1.2916405200958252,0.15100830543165422,0.43433482983460014,0.9297699400347968,0.8591333627700806,1.449303150177002,0.8591333627700806,1.449303150177002,0.3273615837097168,1.449303150177002,0.8591333627700806,0.04662525653839111,0.8591333627700806,0.04662525653839111,1.092017650604248,0.27242302894592285
1069,-0.7035214900970459,0.7250596284866333,0.1529368927578132,0.41581439218173405,0.37978101796160146,0.33538681268692017,0.49113038182258606,0.33538681268692017,0.49113038182258606,0.7425217628479004,0.8827223181724548,0.3950149416923523,0.09413039684295654,0.3950149416923523,0.09413039684295654,0.601995587348938,0.2784011960029602
1070,0.5876137614250183,0.2562864124774933,0.05523318933943905,0.27689027493198715,0.2581019714971383,0.06258568167686462,0.07667887210845947,0.06258568167686462,0.07667887210845947,0.3552108108997345,0.41394907236099243,0.22574356198310852,0.14662474393844604,0.22574356198310852,0.14662474393844604,0.38270729780197144,0.159794881939888
1071,0.1580260843038559,-0.16246643662452698,0.1845132509370644,0.27869506335506833,0.15518805020799248,0.9097511768341064,0.19873788952827454,0.9097511768341064,0.19873788952827454,0.8137489557266235,0.19873788952827454,0.3026251196861267,0.22635483741760254,0.3026251196861267,0.22635483741760254,0.2506815195083618,0.2741304636001587
1072,0.5531160831451416,-0.10975014418363571,0.11685107812906304,0.33014577789853017,0.333274295994391,0.6935349106788635,0.04791257530450821,0.6935349106788635,0.04791257530450821,0.45443689823150635,0.04791257530450821,0.24340671300888062,0.007557004690170288,0.24340671300888062,0.007557004690170288,0.13393782079219818,0.13743546605110168
1073,0.4125598073005676,0.22766047716140747,0.16709423676754043,0.09624374269197383,0.18779514231408634,0.23760706186294556,0.3853231370449066,0.23760706186294556,0.3853231370449066,0.30751949548721313,0.3853231370449066,0.23760706186294556,0.06762561202049255,0.23760706186294556,0.06762561202049255,0.27509260177612305,0.1173425018787384
1074,1.5939381122589111,0.21195827424526215,0.1444863247871399,0.2848199677839875,0.006124670989811454,0.2481566071510315,0.31256332993507385,0.2481566071510315,0.31256332993507385,0.289823979139328,0.31256332993507385,0.2481566071510315,0.06299024820327759,0.2481566071510315,0.06299024820327759,0.28035998344421387,0.08892285823822021
1075,0.19271187484264374,0.5054585933685303,0.31594050637756776,0.187076458123823,0.22591430328165496,0.27511993050575256,0.27511993050575256,0.27511993050575256,0.27511993050575256,0.10601478815078735,0.6631212830543518,0.27511993050575256,0.172139972448349,0.27511993050575256,0.172139972448349,0.3741976022720337,0.30553561449050903
1076,0.1887970119714737,0.808165967464447,0.10705237985278182,0.7918357892582812,0.13275047276789942,0.779610812664032,0.8137977719306946,0.779610812664032,0.8137977719306946,0.49417924880981445,0.9658286571502686,0.779610812664032,0.031465113162994385,0.779610812664032,0.031465113162994385,0.8585089445114136,0.11676055192947388
1077,-0.19635556638240814,0.5164278745651245,0.1013317058607936,0.09349188037216671,0.5450769031420348,0.5586929321289062,0.6740905046463013,0.5586929321289062,0.6740905046463013,0.398141086101532,0.6740905046463013,0.5586929321289062,0.07115453481674194,0.5586929321289062,0.07115453481674194,0.572043776512146,0.08649300038814545
1078,-0.8551852703094482,-0.03503089398145676,0.05788202274590734,0.1359878843277693,0.00542812664061787,0.0851474404335022,0.05281263589859009,0.0851474404335022,0.05281263589859009,0.01087779551744461,0.05281263589859009,0.08694897592067719,0.0657663494348526,0.08694897592067719,0.0657663494348526,0.06988080590963364,0.050751253962516785
1079,0.471990704536438,-0.3521422743797302,0.07193774218360582,0.02671017733092103,0.030021680450687857,0.33828023076057434,0.17339476943016052,0.33828023076057434,0.17339476943016052,0.252995103597641,0.1944795846939087,0.17339476943016052,0.09364715218544006,0.17339476943016052,0.09364715218544006,0.13859140872955322,0.06486530601978302
1080,0.015745937824249268,-0.551162838935852,0.1771217289194466,0.3389602825790643,0.16585161086171885,0.9787882566452026,0.32581034302711487,0.9787882566452026,0.32581034302711487,0.9407269954681396,0.32581034302711487,0.38399189710617065,0.07622882723808289,0.38399189710617065,0.07622882723808289,0.35490113496780396,0.04011182487010956
1081,-0.9680433869361877,-0.207279235124588,0.10616890590017042,0.2892435506482919,0.37921910666550196,0.7268356680870056,0.04961663484573364,0.7268356680870056,0.04961663484573364,0.5384373664855957,0.04961663484573364,0.26903611421585083,0.0006691515445709229,0.26903611421585083,0.0006691515445709229,0.1605251431465149,0.10408997535705566
1082,0.914007842540741,-0.18460378050804138,0.10807359039783479,0.0674563953652978,0.07948611874133352,0.4586019814014435,0.20839223265647888,0.4586019814014435,0.20839223265647888,0.23374223709106445,0.02694106101989746,0.20839223265647888,0.007199019193649292,0.20839223265647888,0.007199019193649292,0.12129475176334381,0.08217433094978333
1083,0.02480328641831875,-0.4474959671497345,0.2407663112257917,0.3961076378325621,0.0686819661284486,1.3137614727020264,0.29542776942253113,1.3137614727020264,0.29542776942253113,1.2160966396331787,0.29542776942253113,0.4222557544708252,0.006708264350891113,0.4222557544708252,0.006708264350891113,0.35884177684783936,0.08348019421100616
1084,-0.283723920583725,-0.05788027495145798,0.10184747530768312,0.48184346724922444,0.41809854309385003,0.3810131251811981,0.38258352875709534,0.3810131251811981,0.38258352875709534,0.5618432760238647,0.09978241473436356,0.3810131251811981,0.00015079975128173828,0.3810131251811981,0.00015079975128173828,0.23851270973682404,0.16218765079975128
1085,0.5617970824241638,0.1361311972141266,0.02796575009201968,0.04899274775137502,0.2826454035875698,0.32812973856925964,0.2937939167022705,0.32812973856925964,0.2937939167022705,0.07991963624954224,0.2937939167022705,0.32812973856925964,0.05672645568847656,0.32812973856925964,0.05672645568847656,0.3339587152004242,0.051626622676849365
1086,-1.4400956630706787,-0.19486594200134277,0.17645049224297202,0.08734471117456755,0.06049901885290934,0.08496090769767761,0.08496090769767761,0.08496090769767761,0.08496090769767761,0.43772807717323303,0.04602578282356262,0.08496090769767761,0.010104864835739136,0.08496090769767761,0.010104864835739136,0.06549334526062012,0.06308090686798096
1087,-0.5036228895187378,-0.23890313506126404,0.17484143134206537,0.36104653896763916,0.2016355980746447,0.29054707288742065,0.015154838562011719,0.29054707288742065,0.015154838562011719,0.05655977129936218,0.08124047517776489,0.29054707288742065,0.24192167818546295,0.29054707288742065,0.24192167818546295,0.2566770315170288,0.2909746468067169
1088,1.3545664548873901,-0.6984049081802368,0.007060762432714196,0.6062868281578025,0.13841535682479547,1.669602394104004,0.7492359280586243,1.669602394104004,0.7492359280586243,1.4564177989959717,0.5407422184944153,0.6473042368888855,0.11311626434326172,0.6473042368888855,0.11311626434326172,0.5510947704315186,0.12000647187232971
1089,-1.2289612293243408,-0.6872501969337463,0.2417851416642468,0.1371794883844753,0.5683832354036471,1.3400506973266602,0.5295875668525696,1.3400506973266602,0.5295875668525696,1.2565302848815918,0.5295875668525696,0.5025908350944519,0.1768944263458252,0.5025908350944519,0.1768944263458252,0.3993661403656006,0.16878822445869446
1090,0.8686695694923401,0.15381085872650146,0.09798798788338892,0.7385469884052873,0.26327543757855904,0.6761205196380615,0.47557729482650757,0.6761205196380615,0.47557729482650757,0.11863765120506287,0.3114735782146454,0.6761205196380615,0.12598952651023865,0.6761205196380615,0.12598952651023865,0.617777943611145,0.22732050716876984
1091,1.4433073997497559,0.036707498133182526,0.22309388299783084,0.48772907993445797,0.5248153694843252,0.610268771648407,0.19437018036842346,0.610268771648407,0.19437018036842346,1.236472487449646,0.19437018036842346,0.610268771648407,0.15982596576213837,0.610268771648407,0.15982596576213837,0.342593252658844,0.23029014468193054
1092,-0.5238843560218811,-0.16886109113693237,0.18628146831567088,0.4061578275697926,0.5378276828055579,1.3119168281555176,0.011198371648788452,1.3119168281555176,0.011198371648788452,1.171699047088623,0.011198371648788452,0.5804096460342407,0.027620434761047363,0.5804096460342407,0.027620434761047363,0.39614206552505493,0.17545324563980103
1093,0.5418832302093506,0.7470307350158691,0.020727289617061606,0.7193641000427307,0.2718666586093603,0.6894687414169312,0.581069827079773,0.6894687414169312,0.581069827079773,0.797903835773468,0.9046934843063354,0.6894687414169312,0.11015850305557251,0.6894687414169312,0.11015850305557251,0.841948926448822,0.16472318768501282
1094,0.4648422300815582,0.27151960134506226,0.1609780410180488,0.19636054341991732,0.5303747483591239,0.5868188738822937,0.4291822612285614,0.5868188738822937,0.4291822612285614,0.5958201885223389,0.4291822612285614,0.5868188738822937,0.09422725439071655,0.5868188738822937,0.09422725439071655,0.46989500522613525,0.09469236433506012
1095,-0.8279649615287781,-0.05377274006605148,0.1465077412004273,0.2945947266059617,0.2714025036556026,0.2315368354320526,0.2738797068595886,0.2315368354320526,0.2738797068595886,0.37697434425354004,0.10388997942209244,0.2315368354320526,0.029709607362747192,0.2315368354320526,0.029709607362747192,0.13474640250205994,0.08769190311431885
1096,1.802010178565979,0.07925605028867722,0.07546479560434821,0.2662361373379827,0.11195736806839704,0.1773448884487152,0.03596408665180206,0.1773448884487152,0.03596408665180206,0.3517592251300812,0.23691871762275696,0.2120242416858673,0.17082566022872925,0.2120242416858673,0.17082566022872925,0.3006591200828552,0.09689383953809738
1097,0.8332947492599487,-0.013826288282871246,0.37991092125574755,0.34304770962645614,0.17278317450235287,0.3390043377876282,0.3390043377876282,0.3390043377876282,0.3390043377876282,1.4339821338653564,0.02795472741127014,0.3390043377876282,0.23259210586547852,0.3390043377876282,0.23259210586547852,0.18347953259944916,0.17367102205753326
1098,-1.6525111198425293,0.32569918036460876,0.14085163185993815,0.8331151443595689,0.42479486183573806,0.686076283454895,0.7339907884597778,0.686076283454895,0.7339907884597778,0.4235580265522003,0.4833619296550751,0.686076283454895,0.015329033136367798,0.686076283454895,0.015329033136367798,0.5273468494415283,0.20356813073158264
1099,2.3427462577819824,0.47411733865737915,0.2671009644369282,0.4066536765297254,0.5580373903860646,0.5733392238616943,0.6317801475524902,0.5733392238616943,0.6317801475524902,0.5043390989303589,0.6317801475524902,0.5733392238616943,0.3395880162715912,0.5733392238616943,0.3395880162715912,0.784645676612854,0.17139099538326263
1100,-0.2570748031139374,-0.07222452014684677,0.5056719215959311,0.6971928291395307,0.34276909161359076,3.27897572517395,0.22508397698402405,3.27897572517395,0.22508397698402405,2.357675075531006,0.22508397698402405,0.6847155690193176,0.39866265654563904,0.6847155690193176,0.39866265654563904,0.45489978790283203,0.6236955523490906
1101,-1.2656046152114868,0.25429412722587585,0.06778345255181178,1.0892674196325243,0.6792840407416223,0.8172528743743896,0.8094601631164551,0.8172528743743896,0.8094601631164551,0.6704239249229431,0.4119568467140198,0.8172528743743896,0.024469822645187378,0.8172528743743896,0.024469822645187378,0.63531893491745,0.3959166407585144
1102,0.8952167630195618,0.3522398769855499,0.14579504892230039,0.06721768002957118,0.7887251909449697,0.8964589238166809,0.5099024772644043,0.8964589238166809,0.5099024772644043,0.029569685459136963,0.5099024772644043,0.8964589238166809,0.08541247248649597,0.8964589238166809,0.08541247248649597,0.7625917196273804,0.17785395681858063
1103,1.5704065561294556,-0.685932993888855,0.24735603528097277,0.5192658136785031,0.1905505410768092,1.5323115587234497,0.4405292272567749,1.5323115587234497,0.4405292272567749,1.4719140529632568,0.4405292272567749,0.5412840843200684,0.10135531425476074,0.5412840843200684,0.10135531425476074,0.49090665578842163,0.0804700255393982
1104,0.20092341303825378,-0.1712513267993927,0.19303498809536296,0.41286379651476934,0.5536774965996543,1.3549845218658447,0.013588696718215942,1.3549845218658447,0.013588696718215942,1.2448551654815674,0.013588696718215942,0.6118139028549194,0.03143906593322754,0.6118139028549194,0.03143906593322754,0.42292243242263794,0.1793828308582306
1105,0.6423947215080261,0.9790651798248291,0.10461673188954568,0.7685361574962739,0.329384964853525,0.765148937702179,0.8033139109611511,0.765148937702179,0.8033139109611511,0.8476961851119995,1.1367278099060059,0.765148937702179,0.039244651794433594,0.765148937702179,0.039244651794433594,0.9361423254013062,0.21228447556495667
1106,1.9652167558670044,0.582343339920044,0.16462100755423303,0.0869941410049796,0.5542009253799915,0.5620211958885193,0.7400060892105103,0.5620211958885193,0.7400060892105103,0.5257588028907776,0.7400060892105103,0.5620211958885193,0.07368385791778564,0.5620211958885193,0.07368385791778564,0.6047776937484741,0.12438850104808807
1107,-1.0501655340194702,0.5035994052886963,0.35597856329133115,0.2886212327828009,0.08247222402443488,0.2930978536605835,0.2930978536605835,0.2930978536605835,0.2930978536605835,0.042470693588256836,0.5884112119674683,0.2930978536605835,0.11022523045539856,0.2930978536605835,0.11022523045539856,0.4407545328140259,0.242147758603096
1108,1.2655540704727173,0.8394980430603027,0.13954328333958976,1.0225959657318888,0.17991815429180857,0.9918228983879089,0.7581913471221924,0.9918228983879089,0.7581913471221924,0.7320753931999207,0.9971608519554138,0.9918228983879089,0.24660134315490723,0.9918228983879089,0.24660134315490723,1.0962550640106201,0.13939225673675537
1109,0.10192136466503143,0.36539778113365173,0.2562906347960233,0.4033919422701001,0.7359718524292111,0.7972805500030518,0.5230605602264404,0.7972805500030518,0.5230605602264404,1.245419979095459,0.5230605602264404,0.7972805500030518,0.18291473388671875,0.7972805500030518,0.18291473388671875,0.5730257034301758,0.17063367366790771
1110,-0.59315425157547,0.05033893138170242,0.10251640335967149,0.6281482687344153,0.45685309610019126,0.5026963949203491,0.5082089304924011,0.5026963949203491,0.5082089304924011,0.5765860080718994,0.20800158381462097,0.5026963949203491,0.002122052013874054,0.5026963949203491,0.002122052013874054,0.34771350026130676,0.1947319209575653
1111,1.9281015396118164,0.22946307063102722,0.03337303398177022,0.08101930961012838,0.4052894396148622,0.4415036737918854,0.38712573051452637,0.4415036737918854,0.38712573051452637,0.07335412502288818,0.38712573051452637,0.4415036737918854,0.11744606494903564,0.4415036737918854,0.11744606494903564,0.46594929695129395,0.09771360456943512
1112,1.5667097568511963,-0.0724797174334526,0.38319108990331496,0.2392319906378786,0.00703391732027131,0.3217894434928894,0.3217894434928894,0.3217894434928894,0.3217894434928894,1.2512856721878052,0.04860089719295502,0.3217894434928894,0.05234265327453613,0.3217894434928894,0.05234265327453613,0.1851951777935028,0.12385958433151245
1113,0.11042333394289017,0.5369484424591064,0.21283456716065619,0.8800076017839213,0.3324210520709557,0.7559031844139099,0.8842508792877197,0.7559031844139099,0.8842508792877197,0.24129080772399902,0.694611132144928,0.7559031844139099,0.03571295738220215,0.7559031844139099,0.03571295738220215,0.6153291463851929,0.14273995161056519
1114,1.2057085037231445,1.2598543167114258,0.08232760063062106,0.7331711345041791,0.6678283752004306,0.5989136099815369,0.7464578747749329,0.5989136099815369,0.7464578747749329,1.2359834909439087,1.4175171852111816,0.7311110496520996,0.01851820945739746,0.7311110496520996,0.01851820945739746,1.066054344177246,0.34328532218933105
1115,-0.44077956676483154,0.6327075362205505,0.24184633193537586,0.038425760865211434,0.5759081178344787,0.5776902437210083,0.7903702259063721,0.5776902437210083,0.7903702259063721,0.6888968348503113,0.7903702259063721,0.5776902437210083,0.039202332496643066,0.5776902437210083,0.039202332496643066,0.6586066484451294,0.13290922343730927
1116,0.47439515590667725,0.38529208302497864,0.017210864536464365,0.6204759253188967,0.02892203241586694,0.5810478925704956,0.5032839775085449,0.5810478925704956,0.5032839775085449,0.22569188475608826,0.5429548025131226,0.5810478925704956,0.06549757719039917,0.5810478925704956,0.06549757719039917,0.5990276336669922,0.04406094551086426
1117,0.9020565748214722,0.206298828125,0.15399279955774542,0.16176404785364856,0.4375427508354186,0.4942479729652405,0.36396151781082153,0.4942479729652405,0.36396151781082153,0.4780219793319702,0.36396151781082153,0.4942479729652405,0.08759895712137222,0.4942479729652405,0.08759895712137222,0.3954978287220001,0.08408768475055695
1118,-0.7480025291442871,-0.021895699203014374,0.19056440005699798,0.24955329711238544,0.23854072940846288,0.019143737852573395,0.2812245190143585,0.019143737852573395,0.2812245190143585,0.6754082441329956,0.13576698303222656,0.19637274742126465,0.06562048941850662,0.19637274742126465,0.06562048941850662,0.10411332547664642,0.07410993427038193
1119,1.3027225732803345,0.28679564595222473,0.05482572484761483,0.4706775161623955,0.0944165588542819,0.4244087040424347,0.2690528333187103,0.4244087040424347,0.2690528333187103,0.4407445192337036,0.44445836544036865,0.4244087040424347,0.14649078249931335,0.4244087040424347,0.14649078249931335,0.5019760727882385,0.08631712198257446
1120,1.2192610502243042,0.1218985840678215,0.29327433704088135,0.3008458295402427,0.3529427509816984,0.23077140748500824,0.27956128120422363,0.23077140748500824,0.27956128120422363,1.1316990852355957,0.27956128120422363,0.4194314181804657,0.24944546818733215,0.4194314181804657,0.24944546818733215,0.2596491277217865,0.15290719270706177
1121,-0.31994083523750305,0.1755727082490921,0.18134953136245413,0.5956307192022601,0.3779348529999454,0.48576825857162476,0.5640842914581299,0.48576825857162476,0.5640842914581299,0.5113458633422852,0.33323541283607483,0.48576825857162476,0.009335935115814209,0.48576825857162476,0.009335935115814209,0.32568424940109253,0.14503365755081177
1122,1.3674046993255615,0.8058076500892639,0.0163905856137474,0.5807281631355485,0.43216151614983866,0.5142844915390015,0.48574376106262207,0.5142844915390015,0.48574376106262207,0.9764512777328491,0.9634702801704407,0.5465347170829773,0.06318038702011108,0.5465347170829773,0.06318038702011108,0.7811460494995117,0.22717736661434174
1123,1.174516201019287,0.41671979427337646,0.2873619540097812,0.12601789041732736,0.4788483752931157,0.45024606585502625,0.5743824243545532,0.45024606585502625,0.5743824243545532,0.6673610806465149,0.5743824243545532,0.5208962559700012,0.11635658144950867,0.5208962559700012,0.11635658144950867,0.6216346025466919,0.12075833976268768
1124,0.182423934340477,0.43037715554237366,0.2021267727389932,0.6365584206394851,0.18483536342158913,0.5714844465255737,0.696048378944397,0.5714844465255737,0.696048378944397,0.6733800172805786,0.696048378944397,0.5714844465255737,0.18110772967338562,0.5714844465255737,0.18110772967338562,0.6337664127349854,0.1198519617319107
1125,0.12253156304359436,0.8971233367919922,0.09862318810696413,0.5434044008019068,0.47856842229763674,0.4494521915912628,0.5553903579711914,0.4494521915912628,0.5553903579711914,0.9401810765266418,1.054785966873169,0.5232027173042297,0.033237338066101074,0.5232027173042297,0.033237338066101074,0.7755190134048462,0.26892638206481934
1126,1.9227731227874756,0.37091878056526184,0.09481985556582606,0.10158590397487088,0.39798569543908036,0.4270405173301697,0.5285815000534058,0.4270405173301697,0.5285815000534058,0.05241727828979492,0.5285815000534058,0.4270405173301697,0.0225963294506073,0.4270405173301697,0.0225963294506073,0.46866533160209656,0.058739855885505676
1127,0.9032443761825562,0.2686249017715454,0.36278710079068943,0.06638376823316022,0.06292667735988888,0.30441662669181824,0.30441662669181824,0.30441662669181824,0.30441662669181824,0.5293203592300415,0.36026114225387573,0.30441662669181824,0.09625369310379028,0.30441662669181824,0.09625369310379028,0.3323388695716858,0.1214638277888298
1128,0.009391128085553646,0.9520609378814697,0.19251064736396095,0.9446032684296368,0.038419696502387524,0.931822657585144,1.0656450986862183,0.931822657585144,1.0656450986862183,0.9148291349411011,1.0656450986862183,0.931822657585144,0.07334750890731812,0.931822657585144,0.07334750890731812,0.9987338781356812,0.12082105875015259
1129,1.628332495689392,0.8805515170097351,0.07202579641093809,0.396752787058552,0.6352456079547605,0.6181531548500061,1.0382142066955566,0.6181531548500061,1.0382142066955566,0.562454342842102,1.0382142066955566,0.6181531548500061,0.001377403736114502,0.6181531548500061,0.001377403736114502,0.8274677991867065,0.18501439690589905
1130,0.3002316355705261,0.48573097586631775,0.33075994463637465,0.008513363674283125,0.3699303419701755,0.06837362051010132,0.6433936357498169,0.06837362051010132,0.6433936357498169,0.3692922592163086,0.6433936357498169,0.40975794196128845,0.0036669671535491943,0.40975794196128845,0.0036669671535491943,0.5244117975234985,0.1553468555212021
1131,0.18097496032714844,0.6615826487541199,0.12085787211855248,0.8054240735744436,0.04122668212900549,0.7721298933029175,0.8159112930297852,0.7721298933029175,0.8159112930297852,0.6313491463661194,0.8159112930297852,0.7721298933029175,0.004477560520172119,0.7721298933029175,0.004477560520172119,0.7940205931663513,0.020893245935440063
1132,0.3572496175765991,0.5662806034088135,0.0994356981789074,0.13688039769728955,0.5534372415517768,0.5607868432998657,0.7239433526992798,0.5607868432998657,0.7239433526992798,0.0766545832157135,0.7239433526992798,0.5607868432998657,0.028684496879577637,0.5607868432998657,0.028684496879577637,0.6289935111999512,0.08486233651638031
1133,0.711240291595459,0.09228193014860153,0.14052350472037992,0.1169017652918895,0.05832930474852521,0.05842854082584381,0.05842854082584381,0.05842854082584381,0.05842854082584381,0.06055693328380585,0.14015445113182068,0.05842854082584381,0.11731413751840591,0.05842854082584381,0.11731413751840591,0.09929149597883224,0.15794065594673157
1134,-0.40210315585136414,0.17434366047382355,0.18553933231780928,0.18933167135963835,0.022945316309730235,0.0014401674270629883,0.2665136158466339,0.0014401674270629883,0.2665136158466339,0.10478883236646652,0.2665136158466339,0.15691432356834412,0.07681978493928909,0.15691432356834412,0.07681978493928909,0.211713969707489,0.12222650647163391
1135,0.10318689793348312,0.22778302431106567,0.016716129134098756,0.37489596324662366,0.059643665949503544,0.3309186100959778,0.25426048040390015,0.3309186100959778,0.25426048040390015,0.33207541704177856,0.385445773601532,0.3309186100959778,0.0713760256767273,0.3309186100959778,0.0713760256767273,0.391659677028656,0.06424425542354584
1136,1.6331117153167725,-0.042873822152614594,0.10103877176841108,0.13987251124034333,0.21943256193151078,0.2841523587703705,0.11478883773088455,0.2841523587703705,0.11478883773088455,0.4176100790500641,0.11478883773088455,0.2841523587703705,0.02013920247554779,0.2841523587703705,0.02013920247554779,0.19174204766750336,0.0851292759180069
1137,-1.6798182725906372,-0.08421551436185837,0.2852803514214854,0.07424260389680665,0.2202657654633125,0.15955761075019836,0.15955761075019836,0.15955761075019836,0.15955761075019836,0.6631008982658386,0.07344720512628555,0.15955761075019836,0.040993817150592804,0.15955761075019836,0.040993817150592804,0.09274367243051529,0.09901927411556244
1138,0.6229696273803711,0.32985755801200867,0.265681032675008,0.8799621867885192,0.060950921686987125,0.8324068784713745,0.45047858357429504,0.8324068784713745,0.45047858357429504,0.14938300848007202,0.45047858357429504,0.8324068784713745,0.023210585117340088,0.8324068784713745,0.023210585117340088,0.6414427161216736,0.1600792557001114
1139,1.4848406314849854,-0.07118479162454605,0.185599555845062,0.664004520860811,0.6306928776080408,2.484961748123169,0.4978955090045929,2.484961748123169,0.4978955090045929,1.7642736434936523,0.08647792786359787,0.5935721397399902,0.11019643396139145,0.5935721397399902,0.11019643396139145,0.29702094197273254,0.48606082797050476
1140,-0.06643415987491608,-0.36812299489974976,0.1811380778625607,0.3150618652068078,0.6408502635546027,1.4554862976074219,0.21046030521392822,1.4554862976074219,0.21046030521392822,1.5744423866271973,0.21046030521392822,0.6791099309921265,0.053946107625961304,0.6791099309921265,0.053946107625961304,0.5483093857765198,0.1221310943365097
1141,-0.9418477416038513,0.7822709083557129,0.06571505365272345,0.7374858163793885,0.20254259352882686,0.7210501432418823,0.7083010077476501,0.7210501432418823,0.7083010077476501,0.631793737411499,0.9399334788322449,0.7210501432418823,0.012341856956481934,0.7210501432418823,0.012341856956481934,0.8356324434280396,0.12272641062736511
1142,0.5727982521057129,0.16999384760856628,0.10536297902464864,0.014127815142273958,0.4847016859054565,0.5383307933807373,0.3276565372943878,0.5383307933807373,0.3276565372943878,0.021004796028137207,0.3276565372943878,0.5383307933807373,0.024767398834228516,0.5383307933807373,0.024767398834228516,0.4483134150505066,0.11743736267089844
1143,0.04818474128842354,-0.5241520404815674,0.1921419460450609,0.38162278013924744,0.11119853197286533,1.1154850721359253,0.3431393802165985,1.1154850721359253,0.3431393802165985,1.0607223510742188,0.3431393802165985,0.4199502766132355,0.026750952005386353,0.4199502766132355,0.026750952005386353,0.381544828414917,0.049075379967689514
1144,-1.7766385078430176,-0.18665730953216553,0.1085681050581237,0.3340267085035642,0.4057794486793379,0.8109403848648071,0.028994619846343994,0.8109403848648071,0.028994619846343994,0.5844987630844116,0.028994619846343994,0.29931139945983887,0.0012907683849334717,0.29931139945983887,0.0012907683849334717,0.16779880225658417,0.1246599555015564
1145,1.0818301439285278,-0.3616499602794647,0.3309601654484867,0.09648234087973835,0.09630059830844395,0.8849809169769287,0.43764549493789673,0.8849809169769287,0.43764549493789673,1.0794280767440796,0.4166449010372162,0.43764549493789673,0.172215074300766,0.43764549493789673,0.172215074300766,0.42714518308639526,0.18456098437309265
1146,0.7765079140663147,-0.7381060123443604,0.2928506366846464,0.7469016013170283,0.060582373297462966,2.2534213066101074,0.5976314544677734,2.2534213066101074,0.5976314544677734,2.085635185241699,0.5976314544677734,0.75069260597229,0.018980741500854492,0.75069260597229,0.018980741500854492,0.6741620302200317,0.12840092182159424
1147,-1.1501785516738892,-0.23083481192588806,0.1284452168333034,0.5166685756171743,0.652475989566495,1.4835681915283203,0.0731721818447113,1.4835681915283203,0.0731721818447113,1.014522910118103,0.0731721818447113,0.6621388792991638,0.05596035718917847,0.6621388792991638,0.05596035718917847,0.4212644100189209,0.1972397118806839
1148,1.1933956146240234,0.32164376974105835,0.15862203924606244,0.39629368217041094,0.3074448906381925,0.20756924152374268,0.07827526330947876,0.20756924152374268,0.07827526330947876,0.5559632778167725,0.47930654883384705,0.33339226245880127,0.2551693022251129,0.33339226245880127,0.2551693022251129,0.5203633308410645,0.18776948750019073
1149,-0.8354452848434448,-0.12575718760490417,0.2854681595787405,0.47568633895367374,0.28793369598686697,1.7595512866973877,0.25746557116508484,1.7595512866973877,0.25746557116508484,1.5654478073120117,0.031905531883239746,0.47534051537513733,0.2301332950592041,0.47534051537513733,0.2301332950592041,0.3036938011646271,0.3983285129070282
1150,-1.9095412492752075,-0.01195283979177475,0.010566590906431361,0.6502184478503964,0.4492652339364094,0.5415419340133667,0.46569153666496277,0.5415419340133667,0.46569153666496277,0.5239430069923401,0.1457098126411438,0.5415419340133667,0.00916910171508789,0.5415419340133667,0.00916910171508789,0.4206373691558838,0.21147377789020538
1151,-0.688827633857727,-0.5086520314216614,0.38244349634895713,0.2980801020438472,0.39534424138565855,0.5276233553886414,0.35098934173583984,0.5276233553886414,0.35098934173583984,0.5243104696273804,0.35098934173583984,0.5276233553886414,0.3316887617111206,0.5276233553886414,0.3316887617111206,0.2824602723121643,0.5614733695983887
1152,0.1304510533809662,-1.4746475219726562,0.013143467741707937,0.8299667372057833,0.40806464261064945,1.5528148412704468,1.0645582675933838,1.5528148412704468,1.0645582675933838,1.8350633382797241,1.3169848918914795,0.9909889698028564,0.17999887466430664,0.9909889698028564,0.17999887466430664,1.092652440071106,0.3103673458099365
1153,-0.7748115658760071,-0.8825696706771851,0.14474705887337536,0.1981235610942046,0.6057204940418404,1.2231425046920776,0.7249069809913635,1.2231425046920776,0.7249069809913635,1.7699217796325684,0.7249069809913635,0.4274923503398895,0.009049415588378906,0.4274923503398895,0.009049415588378906,0.5859227776527405,0.154468834400177
1154,-0.6155775785446167,-0.40334776043891907,0.00755042710031073,0.15397738303368286,0.3263020419577757,0.44056302309036255,0.24568507075309753,0.44056302309036255,0.24568507075309753,0.38475435972213745,0.24568507075309753,0.16817829012870789,0.08939409255981445,0.16817829012870789,0.08939409255981445,0.13652357459068298,0.05976445972919464
1155,0.3630492091178894,-0.5942524671554565,0.01889277632037817,0.3007058473179736,0.05118116910258924,0.8044964075088501,0.48355674743652344,0.8044964075088501,0.48355674743652344,0.7651066780090332,0.436589777469635,0.36996233463287354,0.12700942158699036,0.36996233463287354,0.12700942158699036,0.3494051694869995,0.1018044501543045
1156,-1.5974087715148926,-0.6425610780715942,0.16185569433495411,0.2080735772475601,0.3728705207444728,0.7364050149917603,0.4848983883857727,0.7364050149917603,0.4848983883857727,1.4016623497009277,0.4848983883857727,0.2586854100227356,0.04086923599243164,0.2586854100227356,0.04086923599243164,0.3978767395019531,0.14408622682094574
1157,-0.451250821352005,-0.43439987301826477,0.19244298428297052,0.2847173778712749,0.3032015921920536,0.4123914837837219,0.27673718333244324,0.4123914837837219,0.27673718333244324,0.25952333211898804,0.27673718333244324,0.11247232556343079,0.2446184754371643,0.11247232556343079,0.2446184754371643,0.09198573231697083,0.162757009267807
1158,0.41013410687446594,-0.8495546579360962,0.009329326736430277,0.6843691768248876,0.04895798577616617,1.734929084777832,0.825259268283844,1.734929084777832,0.825259268283844,1.5930204391479492,0.6918918490409851,0.7383566498756409,0.10340595245361328,0.7383566498756409,0.10340595245361328,0.6771262884140015,0.0750851035118103
1159,-2.1355950832366943,-0.7297093868255615,0.16282615902523198,0.10086482622971138,0.5681979259972771,1.1718965768814087,0.5720465779304504,1.1718965768814087,0.5720465779304504,1.1170721054077148,0.5720465779304504,0.4275073707103729,0.18535542488098145,0.4275073707103729,0.18535542488098145,0.3952522277832031,0.18338707089424133
1160,-0.4828301966190338,-0.5322160124778748,0.3604716614323359,0.3142468269107242,0.2625184439371028,0.6714117527008057,0.4126378297805786,0.6714117527008057,0.4126378297805786,0.5163134336471558,0.22594842314720154,0.4126378297805786,0.07314011454582214,0.4126378297805786,0.07314011454582214,0.31929314136505127,0.10574351251125336
1161,0.12718379497528076,-1.0863063335418701,0.00026770001898213103,0.930398607229193,0.0672972480828562,2.324216842651367,1.079758882522583,2.324216842651367,1.079758882522583,2.1498847007751465,0.9286436438560486,0.9851563572883606,0.12187564373016357,0.9851563572883606,0.12187564373016357,0.9159431457519531,0.0828702449798584
1162,-2.4098730087280273,-0.8064514398574829,0.1407872681940595,0.09803217777361473,0.6257337962587675,1.2703289985656738,0.6487886905670166,1.2703289985656738,0.6487886905670166,1.2551629543304443,0.6487886905670166,0.446013480424881,0.20437920093536377,0.446013480424881,0.20437920093536377,0.43552225828170776,0.20471540093421936
1163,-0.9068387150764465,-0.7775697112083435,0.45504017147546016,0.18080861423785488,0.2798655391608676,0.7912209630012512,0.5203381776809692,0.7912209630012512,0.5203381776809692,1.393205165863037,0.6199070811271667,0.5203381776809692,0.07255810499191284,0.5203381776809692,0.07255810499191284,0.5994017720222473,0.04453110694885254
1164,0.594512939453125,-1.4626628160476685,0.10751616992056368,1.0697275645285842,0.061946407184005015,2.4868712425231934,1.350774884223938,2.4868712425231934,1.350774884223938,2.8171324729919434,1.350774884223938,1.1728943586349487,0.05196428298950195,1.1728943586349487,0.05196428298950195,1.2618346214294434,0.13612747192382812
1165,-2.077573537826538,-0.9876760244369507,0.19100339518239107,0.2818887909750145,0.6733179542298118,1.5265291929244995,0.8300133347511292,1.5265291929244995,0.8300133347511292,2.5052590370178223,0.8300133347511292,0.5093199014663696,0.034720420837402344,0.5093199014663696,0.034720420837402344,0.7112597227096558,0.201990008354187
1166,-0.866075873374939,-0.4595091640949249,0.2908224784334501,0.4235402214775484,0.3687541731198629,0.3358689248561859,0.032715022563934326,0.3358689248561859,0.032715022563934326,0.36882245540618896,0.3018464148044586,0.3358689248561859,0.28944718837738037,0.3358689248561859,0.28944718837738037,0.26414161920547485,0.4326263964176178
1167,1.5956369638442993,-1.0787283182144165,0.09823872202386463,0.9041765111808973,0.14715958940486085,2.3544960021972656,1.141939401626587,2.3544960021972656,1.141939401626587,2.1362175941467285,0.921065628528595,0.9555062055587769,0.22170287370681763,0.9555062055587769,0.22170287370681763,0.857873797416687,0.12437179684638977
1168,-1.6999058723449707,-0.9050586223602295,0.27074352689087366,0.26751703921705483,0.6848124356195329,1.5611746311187744,0.747395932674408,1.5611746311187744,0.747395932674408,1.5249643325805664,0.747395932674408,0.6063427925109863,0.2820776700973511,0.6063427925109863,0.2820776700973511,0.47558221220970154,0.29505038261413574
1169,-0.5277566909790039,0.11532702296972275,0.17212090388561269,0.8803522390251357,0.36943165265644595,0.8052923083305359,0.5326836705207825,0.8052923083305359,0.5326836705207825,0.277696818113327,0.2729896903038025,0.8052923083305359,0.12648701667785645,0.8052923083305359,0.12648701667785645,0.7281714677810669,0.30908241868019104
1170,0.29794710874557495,-0.31197720766067505,0.01935797291497393,0.6759398969883719,0.6067933068548639,2.3370654582977295,0.7271019220352173,2.3370654582977295,0.7271019220352173,1.769083023071289,0.1543145477771759,0.6329935193061829,0.10530427098274231,0.6329935193061829,0.10530427098274231,0.3484135866165161,0.3676788806915283
1171,-0.6216428875923157,-0.7803701162338257,0.15565959684550768,0.13105517536401745,0.5815018633008004,1.1816743612289429,0.6227074265480042,1.1816743612289429,0.6227074265480042,1.1406300067901611,0.6227074265480042,0.4263417720794678,0.22174441814422607,0.4263417720794678,0.22174441814422607,0.4021769165992737,0.2206616997718811
1172,-1.9197412729263306,-0.2637385129928589,0.013080855471392372,0.22156602238615347,0.2749127164358892,0.41136157512664795,0.10607582330703735,0.41136157512664795,0.10607582330703735,0.2833092510700226,0.10607582330703735,0.14012780785560608,0.07056283950805664,0.14012780785560608,0.07056283950805664,0.07150566577911377,0.06779731810092926
1173,-1.4613707065582275,-0.8230711221694946,0.37678378635396553,0.2138808680822452,0.008933793318768424,0.9007063508033752,0.4934423267841339,0.9007063508033752,0.4934423267841339,1.5496773719787598,0.7743439078330994,0.4934423267841339,0.10332953929901123,0.4934423267841339,0.10332953929901123,0.6338931322097778,0.16208544373512268
1174,-1.733742117881775,-1.678215742111206,0.23593963783855232,0.8674003314661485,0.35140321760127946,1.7397634983062744,1.323047399520874,1.7397634983062744,1.323047399520874,1.8676584959030151,1.5205531120300293,1.080444097518921,0.4346446990966797,1.080444097518921,0.4346446990966797,1.1455450057983398,0.5372694730758667
1175,-3.391273260116577,-1.7002822160720825,0.2486389207964146,0.6300589319815237,0.5981116888796287,0.9391371011734009,1.1166527271270752,0.9391371011734009,1.1166527271270752,1.2901568412780762,1.5426194667816162,0.9391371011734009,0.4410867691040039,0.9391371011734009,0.4410867691040039,1.0468394756317139,0.6532039642333984
1176,-0.1390242874622345,-2.4752137660980225,0.8660103622637687,0.8247088051587343,0.561021924261004,1.427674651145935,1.139675259590149,1.427674651145935,1.139675259590149,2.0661137104034424,1.9455196857452393,1.139675259590149,0.41625189781188965,1.139675259590149,0.41625189781188965,1.5425975322723389,0.892600953578949
1177,-1.7712976932525635,-2.0216705799102783,0.1298199123702939,1.3584014023840425,0.5696164154820142,2.526207447052002,1.4570220708847046,2.526207447052002,1.4570220708847046,4.1502580642700195,1.8640079498291016,1.4540860652923584,0.04840981960296631,1.4540860652923584,0.04840981960296631,1.6481267213821411,0.23889011144638062
1178,-1.6214185953140259,-0.8485107421875,0.1446335565174619,0.10092675612618518,0.5813312673817078,1.4187935590744019,0.6908480525016785,1.4187935590744019,0.6908480525016785,1.6575345993041992,0.6908480525016785,0.22011560201644897,0.07992100715637207,0.22011560201644897,0.07992100715637207,0.4233972132205963,0.14187714457511902
1179,-1.607358455657959,-1.4930003881454468,0.2973921827351055,0.791785593641301,0.18034993735452476,1.7841020822525024,1.2869837284088135,1.7841020822525024,1.2869837284088135,2.1870980262756348,1.2869837284088135,0.9462922215461731,0.05543828010559082,0.9462922215461731,0.05543828010559082,1.116637945175171,0.28743064403533936
1180,-2.846517562866211,-1.749558687210083,0.22436345854153217,0.7127642577638229,0.5889582964902125,1.0261881351470947,1.1807794570922852,1.0261881351470947,1.1807794570922852,1.292349100112915,1.5918960571289062,1.0181423425674438,0.4291142225265503,1.0181423425674438,0.4291142225265503,1.1294708251953125,0.6358019113540649
1181,-1.5784361362457275,-2.195422887802124,0.6494783248628176,0.7465011565263074,0.5759707319984835,1.147749662399292,1.6440913677215576,1.147749662399292,1.6440913677215576,1.645370364189148,1.6440913677215576,1.147749662399292,0.4066174030303955,1.147749662399292,0.4066174030303955,1.3959205150604248,0.8506317734718323
1182,-1.5559108257293701,-2.401151657104492,0.28954757230977224,1.3081855362529553,0.5799458741272492,2.2956457138061523,1.8515925407409668,2.2956457138061523,1.8515925407409668,2.551025867462158,2.2434890270233154,1.682287573814392,0.6087818145751953,1.682287573814392,0.6087818145751953,1.7914867401123047,0.8005504012107849
1183,-3.429882526397705,-1.7215681076049805,0.18055456843227136,0.6709120467305183,0.6466289372369648,0.9970852136611938,1.0860834121704102,0.9970852136611938,1.0860834121704102,1.6951475143432617,1.5639054775238037,0.9847432374954224,0.37769055366516113,0.9847432374954224,0.37769055366516113,1.1061298847198486,0.6057261824607849
1184,-3.2451589107513428,-2.375551700592041,0.8564966494838394,0.7250135936836402,0.5705685445914668,1.349385142326355,1.1054433584213257,1.349385142326355,1.1054433584213257,1.8495579957962036,1.8297139406204224,1.1054433584213257,0.4047740697860718,1.1054433584213257,0.4047740697860718,1.467578649520874,0.8300631046295166
1185,-1.9588732719421387,-3.4885597229003906,0.9900092263643934,1.6862628745784365,0.5888149475430451,3.3313376903533936,2.945692539215088,3.3313376903533936,2.945692539215088,3.4934685230255127,2.945692539215088,2.3151803016662598,0.5150914192199707,2.3151803016662598,0.5150914192199707,2.630436420440674,1.1997241973876953
1186,-2.500746965408325,-2.7693545818328857,0.4072174512222415,1.4870879137516018,0.651576542444527,2.559680700302124,2.1243982315063477,2.559680700302124,2.1243982315063477,3.237403631210327,2.611691951751709,1.9664089679718018,0.810752272605896,1.9664089679718018,0.810752272605896,2.060678005218506,1.0170984268188477
1187,-2.9573733806610107,-2.336510181427002,0.5219398356353246,0.9234464811657863,0.6676511902113756,1.409631371498108,1.6932814121246338,1.409631371498108,1.6932814121246338,2.019218921661377,2.178847551345825,1.409631371498108,0.8311729431152344,1.409631371498108,0.8311729431152344,1.4771586656570435,1.0562494993209839
1188,-1.4621566534042358,-2.8772599697113037,0.7712347293024264,1.239438246463736,0.6431143195306257,2.141228437423706,2.290088176727295,2.141228437423706,2.290088176727295,2.4477198123931885,2.290088176727295,1.7996981143951416,0.5371100902557373,1.7996981143951416,0.5371100902557373,2.044893264770508,1.0680291652679443
1189,-2.169490098953247,-2.436678409576416,0.228942394889891,1.332681291922927,0.6515820483490826,2.3527276515960693,1.8137980699539185,2.3527276515960693,1.8137980699539185,3.0172460079193115,2.2790157794952393,1.7156060934066772,0.5502587556838989,1.7156060934066772,0.5502587556838989,1.8422486782073975,0.7692422866821289
1190,-2.2849433422088623,-1.8631190061569214,0.3641166195770109,0.6338561010484893,0.6416736111169057,1.1761627197265625,1.705456256866455,1.1761627197265625,1.705456256866455,1.7430022954940796,1.705456256866455,0.4002530574798584,0.5726048946380615,0.4002530574798584,0.5726048946380615,0.7909167408943176,0.8987260460853577
1191,-0.9853900074958801,-2.3226797580718994,0.502064095959067,1.0319326395168902,0.5652105866000059,1.846982479095459,1.7928715944290161,1.846982479095459,1.7928715944290161,1.9679051637649536,2.1650173664093018,1.4397178888320923,0.8011327981948853,1.4397178888320923,0.8011327981948853,1.5215086936950684,0.9897446632385254
1192,-1.6114966869354248,-1.9200843572616577,0.06292048566043396,0.9966797319799662,0.6370117036253212,1.803574800491333,1.316266655921936,1.803574800491333,1.316266655921936,2.577310800552368,1.7624218463897705,1.268778681755066,0.2869366407394409,1.268778681755066,0.2869366407394409,1.4215281009674072,0.5075425505638123
1193,-2.9104254245758057,-1.3589534759521484,0.17308956685165555,0.36077018941442185,0.601620926062266,0.9286243915557861,1.2012906074523926,0.9286243915557861,1.2012906074523926,1.3123005628585815,1.2012906074523926,0.3390672206878662,0.3040890693664551,0.3390672206878662,0.3040890693664551,0.5940346717834473,0.5258386135101318
1194,-1.7680407762527466,-2.1280908584594727,0.7002226753160354,0.7436111015453934,0.4607844071835283,1.4466488361358643,1.6838613748550415,1.4466488361358643,1.6838613748550415,1.9963312149047852,1.6838613748550415,1.0709880590438843,0.3135768175125122,1.0709880590438843,0.3135768175125122,1.377424716949463,0.769519031047821
1195,-1.4943962097167969,-2.5208046436309814,0.3614956266184648,1.3531216818218432,0.5827144223575789,2.405583620071411,1.9707210063934326,2.405583620071411,1.9707210063934326,2.6283416748046875,2.3631417751312256,1.7616891860961914,0.706710934638977,1.7616891860961914,0.706710934638977,1.8632581233978271,0.8978521823883057
1196,-1.7042064666748047,-1.8150614500045776,0.17175737642993516,0.7659433780734738,0.6538881402959427,1.2296335697174072,1.1779043674468994,1.2296335697174072,1.1779043674468994,1.9537229537963867,1.6573989391326904,1.0878833532333374,0.3865739107131958,1.0878833532333374,0.3865739107131958,1.2131028175354004,0.6147458553314209
1197,-1.4025434255599976,-1.703120470046997,0.246443339921534,0.6491154117137194,0.5840889247879386,0.9521982669830322,1.1346931457519531,0.9521982669830322,1.1346931457519531,1.2426151037216187,1.5454576015472412,0.9521982669830322,0.4413442611694336,0.9521982669830322,0.4413442611694336,1.059163212776184,0.647270679473877
1198,-1.3981281518936157,-1.7044390439987183,0.1763945840050778,0.7509850030516585,0.5535867825274666,1.1881529092788696,1.1700115203857422,1.1881529092788696,1.1700115203857422,1.427607536315918,1.546776294708252,1.0259772539138794,0.37764644622802734,1.0259772539138794,0.37764644622802734,1.1394789218902588,0.5690736770629883
1199,-0.6595935821533203,-1.540728211402893,0.15341240189348704,0.5904225893070296,0.573420545787861,0.8536572456359863,0.9794394969940186,0.8536572456359863,0.9794394969940186,1.1815968751907349,1.3830654621124268,0.8512090444564819,0.32791292667388916,0.8512090444564819,0.32791292667388916,0.9708382487297058,0.5302141904830933
1200,-0.3115556836128235,-1.306334376335144,0.01874189631392542,0.569699221389989,0.531904376844565,1.0758886337280273,0.7854320406913757,1.0758886337280273,0.7854320406913757,1.61857008934021,1.1486716270446777,0.7428465485572815,0.13208508491516113,0.7428465485572815,0.13208508491516113,0.8874325752258301,0.31610947847366333
1201,-1.0541293621063232,-0.8561702966690063,0.08619307709236934,0.20210861417154474,0.5167821447799603,0.7790939211845398,0.6985076665878296,0.7790939211845398,0.6985076665878296,1.1824300289154053,0.6985076665878296,0.3345690369606018,0.03370678424835205,0.3345690369606018,0.03370678424835205,0.49112793803215027,0.18482688069343567
1202,-0.62059086561203,-0.6799315214157104,0.07308829081555188,0.054990411636730296,0.328380084944268,0.2784203290939331,0.5222687721252441,0.2784203290939331,0.5222687721252441,0.6379958391189575,0.5222687721252441,0.1630784273147583,0.16584622859954834,0.1630784273147583,0.16584622859954834,0.2706248164176941,0.2401643693447113
1203,-2.1556296348571777,-0.8852486610412598,0.004241854089002128,0.4301964368547001,0.22733769568304213,0.8879257440567017,0.6222507953643799,0.8879257440567017,0.6222507953643799,0.9758586883544922,0.7275859713554382,0.529668927192688,0.12611204385757446,0.529668927192688,0.12611204385757446,0.574253499507904,0.18179616332054138
1204,-1.7569361925125122,-1.2177863121032715,0.3638914848988255,0.19425352373470872,0.43616862905522186,0.3710591197013855,1.0601236820220947,0.3710591197013855,1.0601236820220947,1.223825454711914,1.0601236820220947,0.21445655822753906,0.3890840411186218,0.21445655822753906,0.3890840411186218,0.4932905435562134,0.5740935802459717
1205,-0.06406094133853912,-1.9163919687271118,0.3442229555609324,0.9932139133351545,0.3554824254165093,2.0336077213287354,1.561511754989624,2.0336077213287354,1.561511754989624,2.1500773429870605,1.7587292194366455,1.2425720691680908,0.5751197338104248,1.2425720691680908,0.5751197338104248,1.3031550645828247,0.6764830350875854
1206,-2.3556623458862305,-1.4206726551055908,0.1383807245766122,0.6932167928541699,0.6423637932042281,1.3681830167770386,0.8178319931030273,1.3681830167770386,0.8178319931030273,2.7701098918914795,1.263009786605835,0.8177571296691895,0.011666536331176758,0.8177571296691895,0.011666536331176758,1.035428762435913,0.2325437068939209
1207,-1.4708201885223389,-0.9478698968887329,0.34492317085464796,0.12831080364684233,0.5077848552664118,0.8412714004516602,0.7902072072029114,0.8412714004516602,0.7902072072029114,1.7247626781463623,0.7902072072029114,0.1715242862701416,0.040936827659606934,0.1715242862701416,0.040936827659606934,0.46609359979629517,0.21079429984092712
1208,-1.8682817220687866,-1.7132395505905151,0.27407302259777977,1.067446937666585,0.1482470351209244,2.405590295791626,1.5330537557601929,2.405590295791626,1.5330537557601929,2.8216023445129395,1.5330537557601929,1.226623296737671,0.026700377464294434,1.226623296737671,0.026700377464294434,1.379838466644287,0.25965529680252075
1209,-2.507967710494995,-1.7642223834991455,0.27918980687856676,0.6338880340382456,0.6276718681678178,0.9704904556274414,1.1487305164337158,0.9704904556274414,1.1487305164337158,1.4709880352020264,1.6065597534179688,0.9704904556274414,0.4773918390274048,0.9704904556274414,0.4773918390274048,1.0741729736328125,0.7011839151382446
1210,-0.8816648125648499,-2.2235286235809326,0.5570746422807376,0.8813777060682575,0.561603600817422,1.5206708908081055,1.6924654245376587,1.5206708908081055,1.6924654245376587,1.6354320049285889,2.065865993499756,1.2774815559387207,0.8275395631790161,1.2774815559387207,0.8275395631790161,1.3533637523651123,1.0175273418426514
1211,-0.9994719624519348,-1.974772334098816,0.048015619789560704,1.0939449093242484,0.6093391305704914,1.9972180128097534,1.3960322141647339,1.9972180128097534,1.3960322141647339,2.775254011154175,1.8171095848083496,1.348897933959961,0.27558696269989014,1.348897933959961,0.27558696269989014,1.5008443593978882,0.48460978269577026
1212,-2.3629848957061768,-1.1478626728057861,0.015577839662631376,0.29032270887245715,0.6184894498561821,1.0669785737991333,0.9901999831199646,1.0669785737991333,0.9901999831199646,1.3831655979156494,0.9901999831199646,0.3590041995048523,0.13429105281829834,0.3590041995048523,0.13429105281829834,0.5788742303848267,0.32947060465812683
1213,-0.954461395740509,-1.5080903768539429,0.46697752457732966,0.4037873155313234,0.41385286233077434,0.7935757040977478,0.6166739463806152,0.7935757040977478,0.6166739463806152,1.133847713470459,1.3504276275634766,0.6166739463806152,0.6308466196060181,0.6166739463806152,0.6308466196060181,0.7511969804763794,0.696800708770752
1214,-2.6934449672698975,-1.8162199258804321,0.08871090990801678,1.0493306047593554,0.4547057367985444,1.916154384613037,1.3689688444137573,1.916154384613037,1.3689688444137573,2.1908881664276123,1.6585571765899658,1.2654582262039185,0.29989051818847656,1.2654582262039185,0.29989051818847656,1.3715397119522095,0.4462655782699585
1215,-1.9238508939743042,-1.6845611333847046,0.5054858055959143,0.36014468754331297,0.595457965830962,1.001521110534668,1.5268983840942383,1.001521110534668,1.5268983840942383,2.0098037719726562,1.5268983840942383,0.31468749046325684,0.6903941631317139,0.31468749046325684,0.6903941631317139,0.6989115476608276,0.8795281648635864
1216,-1.3717517852783203,-2.365283489227295,0.42551691878587006,1.2624297881498932,0.45386410787701637,2.4911818504333496,1.927801489830017,2.4911818504333496,1.927801489830017,2.6571013927459717,2.207620859146118,1.6081154346466064,0.7366116046905518,1.6081154346466064,0.7366116046905518,1.6849473714828491,0.8747919201850891
1217,-2.484576940536499,-1.8671339750289917,0.1473141372079647,0.8412763381997744,0.6550708252067371,1.4266034364700317,1.2364411354064941,1.4266034364700317,1.2364411354064941,2.1157476902008057,1.7094712257385254,1.1580742597579956,0.37060725688934326,1.1580742597579956,0.37060725688934326,1.29103422164917,0.598822295665741
1218,-1.0586755275726318,-1.9101909399032593,0.4882852352534732,0.6032321638738114,0.5952008663614592,0.9680814743041992,1.32618248462677,0.9680814743041992,1.32618248462677,1.2886769771575928,1.752528190612793,0.9680814743041992,0.6926164627075195,0.9680814743041992,0.6926164627075195,1.045973300933838,0.904321014881134
1219,-0.2565961480140686,-1.9788767099380493,0.11151543383176143,1.1064110966275136,0.5374772666456797,2.006453037261963,1.4627641439437866,2.006453037261963,1.4627641439437866,2.4168128967285156,1.821213722229004,1.3682681322097778,0.3476158380508423,1.3682681322097778,0.3476158380508423,1.4919531345367432,0.5272641181945801
1220,-2.628202199935913,-1.1247197389602661,0.10859365890423467,0.36430281848957147,0.6455379049604139,1.3512675762176514,0.9670570492744446,1.3512675762176514,0.9670570492744446,2.001328229904175,0.9670570492744446,0.42390674352645874,0.028096437454223633,0.42390674352645874,0.028096437454223633,0.6748085021972656,0.2653457224369049
1221,0.2777528166770935,-1.1335158348083496,0.49344673185919713,0.006015267415593328,0.42261157674094074,0.7174469232559204,0.5572360157966614,0.7174469232559204,0.5572360157966614,1.6419296264648438,0.9758530259132385,0.5572360157966614,0.16363787651062012,0.5572360157966614,0.16363787651062012,0.7072445154190063,0.23081761598587036
1222,-1.4604259729385376,-1.336530327796936,0.18367217441399908,1.1020342260474962,0.19469560174892342,2.562211036682129,1.091282844543457,2.562211036682129,1.091282844543457,3.0203986167907715,1.1788675785064697,1.125027060508728,0.07827877998352051,1.125027060508728,0.07827877998352051,1.1721522808074951,0.04360300302505493
1223,0.4350667893886566,-0.5770376324653625,0.06752617642283437,0.29152343470603226,0.5775621567294001,1.2509270906448364,0.41937488317489624,1.2509270906448364,0.41937488317489624,1.154064416885376,0.41937488317489624,0.2497081756591797,0.054290592670440674,0.2497081756591797,0.054290592670440674,0.17971841990947723,0.05276849865913391
1224,-0.04909763112664223,-0.6342863440513611,0.17734976845482975,0.6183848498885829,0.03022141179690757,1.5932352542877197,0.5780122876167297,1.5932352542877197,0.5780122876167297,1.5283660888671875,0.5780122876167297,0.6496455073356628,0.1148117184638977,0.6496455073356628,0.1148117184638977,0.6138288974761963,0.15752890706062317
1225,-1.2729699611663818,-0.350436270236969,0.10663524289925885,0.29171337885161236,0.5253122175733247,1.0093693733215332,0.19277358055114746,1.0093693733215332,0.19277358055114746,0.8475195169448853,0.19277358055114746,0.38609951734542847,0.00013145804405212402,0.38609951734542847,0.00013145804405212402,0.28565067052841187,0.08962590992450714
1226,0.665172278881073,-0.3071833848953247,0.18425529686734082,0.0446599388867617,0.05588467730209231,0.5884613990783691,0.2882790267467499,0.5884613990783691,0.2882790267467499,0.37185734510421753,0.1495206654071808,0.2882790267467499,0.022789031267166138,0.2882790267467499,0.022789031267166138,0.20757989585399628,0.0663021057844162
1227,-1.3133527040481567,-0.6467306613922119,0.21359525339677926,0.5301743688061832,0.10667887156829248,1.4816662073135376,0.4717702865600586,1.4816662073135376,0.4717702865600586,1.4157549142837524,0.4717702865600586,0.5612823963165283,0.01969432830810547,0.5612823963165283,0.01969432830810547,0.5165263414382935,0.06093364953994751
1228,-1.766695261001587,-0.3047761619091034,0.07218840214734273,0.4414923104333381,0.450607455385228,0.8404117822647095,0.14711353182792664,0.8404117822647095,0.14711353182792664,0.5889689922332764,0.14711353182792664,0.20953306555747986,0.07754725217819214,0.20953306555747986,0.07754725217819214,0.16617046296596527,0.1363089680671692
1229,0.08080893754959106,-0.9456638097763062,0.3500685431435702,0.5398151636496187,0.16769257143139815,1.5773940086364746,1.03556489944458,1.5773940086364746,1.03556489944458,2.528595447540283,1.03556489944458,0.5987046957015991,0.29799985885620117,0.5987046957015991,0.29799985885620117,0.8171347975730896,0.23811107873916626
1230,-1.7826647758483887,-1.31185781955719,0.15152103818953044,0.7149444829672578,0.5249615811556575,1.4836934804916382,0.8051933646202087,1.4836934804916382,0.8051933646202087,2.5956082344055176,1.1541950702667236,0.8081045746803284,0.016344666481018066,0.8081045746803284,0.016344666481018066,0.9872269630432129,0.17832553386688232
1231,-0.7537550926208496,-0.7204064130783081,0.17545479286462073,0.19249485876411204,0.5139738641679287,0.8875688314437866,0.5627437829971313,0.8875688314437866,0.5627437829971313,0.8590116500854492,0.5627437829971313,0.20143812894821167,0.18588286638259888,0.20143812894821167,0.18588286638259888,0.1807383894920349,0.16900399327278137
1232,0.7127984762191772,-1.1371387243270874,0.05540819858511281,0.7788177206118903,0.07944001150627933,1.8057596683502197,1.0084115266799927,1.8057596683502197,1.0084115266799927,1.7774887084960938,0.9794759154319763,0.8676998019218445,0.19007015228271484,0.8676998019218445,0.19007015228271484,0.8554332256317139,0.17431610822677612
1233,-0.4357953369617462,-0.866909384727478,0.1973417266458275,0.2295960611477496,0.6111822566017509,1.3642637729644775,0.7092465758323669,1.3642637729644775,0.7092465758323669,2.271547317504883,0.7092465758323669,0.47497084736824036,0.044649720191955566,0.47497084736824036,0.044649720191955566,0.6415098309516907,0.17078012228012085
1234,-0.4969043433666229,-0.10406596213579178,0.050799184410522336,0.4109481708953777,0.3423406728294987,0.32990849018096924,0.28590288758277893,0.32990849018096924,0.28590288758277893,0.39805227518081665,0.05359669774770737,0.32990849018096924,0.025204524397850037,0.32990849018096924,0.025204524397850037,0.22831806540489197,0.15033495426177979
1235,-1.057357668876648,-0.1813264787197113,0.010533191872139719,0.14585782104482253,0.19853723841408885,0.26994630694389343,0.023663759231567383,0.26994630694389343,0.023663759231567383,0.4922877848148346,0.023663759231567383,0.26994630694389343,0.10467987507581711,0.26994630694389343,0.10467987507581711,0.16543060541152954,0.19691874086856842
1236,-1.0128008127212524,-0.7321640253067017,0.0899667174493275,0.15381632262219974,0.26490831082065897,0.1217726469039917,0.5745013356208801,0.1217726469039917,0.5745013356208801,0.3994442820549011,0.5745013356208801,0.1217726469039917,0.19740700721740723,0.1217726469039917,0.19740700721740723,0.24550804495811462,0.31397730112075806
1237,1.254060983657837,-1.0372759103775024,0.08710479277496541,0.4310145189923544,0.29568404340495674,0.8454615473747253,0.717475175857544,0.8454615473747253,0.717475175857544,0.9605227112770081,0.8796133399009705,0.5630671977996826,0.2185688018798828,0.5630671977996826,0.2185688018798828,0.6240370273590088,0.30328884720802307
1238,-1.2995396852493286,-0.7933468818664551,0.27135307023922595,0.36927225166310856,0.47195502602805706,1.2399630546569824,0.6356841921806335,1.2399630546569824,0.6356841921806335,2.7893600463867188,0.6356841921806335,0.3752875030040741,0.1411740779876709,0.3752875030040741,0.1411740779876709,0.5918007493019104,0.23758859932422638
1239,-1.2693532705307007,-0.002733491361141205,0.07579619336252424,0.7020084581213694,0.4054730817054708,0.6126989722251892,0.44734883308410645,0.6126989722251892,0.44734883308410645,0.4082220196723938,0.15492919087409973,0.6126989722251892,0.06220216304063797,0.6126989722251892,0.06220216304063797,0.5169564485549927,0.24843965470790863
1240,0.22947189211845398,-0.49038586020469666,0.2011724336196979,0.5113079226513703,0.4455672300855318,1.790086030960083,0.7939034700393677,1.790086030960083,0.7939034700393677,1.390537977218628,0.33272311091423035,0.5161944031715393,0.29311516880989075,0.5161944031715393,0.29311516880989075,0.295261412858963,0.281917542219162
1241,0.6904647350311279,-1.0644986629486084,0.1642844845664997,0.48584539544458205,0.5194650776560107,1.04341459274292,0.9068359732627869,1.04341459274292,0.9068359732627869,2.1998581886291504,0.9068359732627869,0.3613917827606201,0.03402674198150635,0.3613917827606201,0.03402674198150635,0.6509336233139038,0.2970832586288452
1242,-2.0831708908081055,-0.3954155743122101,0.16188849862664945,0.17513906121253958,0.5089704597368836,1.0860531330108643,0.23775288462638855,1.0860531330108643,0.23775288462638855,1.1754364967346191,0.23775288462638855,0.4343215227127075,0.0053268373012542725,0.4343215227127075,0.0053268373012542725,0.3839649558067322,0.054568007588386536
1243,-0.7668483853340149,-0.25128546357154846,0.4002865977585314,0.4159125598520039,0.043438781052827835,0.34110546112060547,0.1770429015159607,0.34110546112060547,0.1770429015159607,0.6766659021377563,0.1770429015159607,0.34110546112060547,0.04774022102355957,0.34110546112060547,0.04774022102355957,0.2590741813182831,0.22999365627765656
1244,1.11362624168396,-1.0061084032058716,0.07358131044854721,0.9016369621579843,0.19258266302446497,2.3998003005981445,1.1055386066436768,2.3998003005981445,1.1055386066436768,2.1391043663024902,0.8484455943107605,0.9417440891265869,0.19086730480194092,0.9417440891265869,0.19086730480194092,0.8255413174629211,0.1464458703994751
1245,-0.5549551248550415,-0.8901240825653076,0.22504199188823482,0.22601450520878041,0.6656790140395361,1.5145339965820312,0.7324615120887756,1.5145339965820312,0.7324615120887756,2.730970859527588,0.7324615120887756,0.554426908493042,0.05052661895751953,0.554426908493042,0.05052661895751953,0.7198164463043213,0.17159077525138855
1246,-0.7837674021720886,0.058861859142780304,0.03446536107609671,0.5963768489534655,0.34850767647226644,0.5107735991477966,0.4521278440952301,0.5107735991477966,0.4521278440952301,0.3529869019985199,0.21652454137802124,0.5107735991477966,0.02353612333536148,0.5107735991477966,0.02353612333536148,0.41152581572532654,0.16365128755569458
1247,0.5600911974906921,-0.12978458404541016,0.07689703217397134,0.191904907549421,0.3624900002901753,0.442445307970047,0.02787807583808899,0.442445307970047,0.02787807583808899,0.6604130268096924,0.02787807583808899,0.442445307970047,0.16843745112419128,0.442445307970047,0.16843745112419128,0.30653443932533264,0.2764359712600708
1248,-1.2396429777145386,-0.6312919855117798,0.18863789927835267,0.2942866020215055,0.30217060835411147,0.6870936155319214,0.47362929582595825,0.6870936155319214,0.47362929582595825,1.6162662506103516,0.47362929582595825,0.20233973860740662,0.07466816902160645,0.20233973860740662,0.07466816902160645,0.3772982954978943,0.18470130860805511
1249,-0.28472909331321716,-0.2826359272003174,0.08899319821968682,0.37407300123944887,0.3442430260032415,0.289829820394516,0.11484989523887634,0.289829820394516,0.11484989523887634,0.35187652707099915,0.12497320771217346,0.289829820394516,0.13102072477340698,0.289829820394516,0.13102072477340698,0.20778170228004456,0.2569953203201294
1250,-0.6648997664451599,-0.5563960075378418,0.038613574579358045,0.5139749814197421,0.14243807371705774,1.4549996852874756,0.6065812706947327,1.4549996852874756,0.6065812706947327,1.2364726066589355,0.39873331785202026,0.5508469939231873,0.06084665656089783,0.5508469939231873,0.06084665656089783,0.4517066478729248,0.11901117861270905
1251,-1.1925890445709229,-0.688744306564331,0.02963800309846798,0.024860594620307375,0.4700491002326209,0.6298650503158569,0.5310816764831543,0.6298650503158569,0.5310816764831543,0.8436092734336853,0.5310816764831543,0.2754814326763153,0.14470070600509644,0.2754814326763153,0.14470070600509644,0.3374577760696411,0.1697014421224594
1252,-1.3247904777526855,-0.817107081413269,0.13518862577155233,0.23940655985847115,0.2190392213687301,0.5432919859886169,0.5627243518829346,0.5432919859886169,0.5627243518829346,0.6095939874649048,0.6594443917274475,0.3492076098918915,0.25039076805114746,0.3492076098918915,0.25039076805114746,0.38498103618621826,0.3005775213241577
1253,-1.6291857957839966,-1.2415803670883179,0.16516585137695072,0.4995745751261712,0.3533672661706805,0.9449479579925537,0.8747121095657349,0.9449479579925537,0.8747121095657349,1.074769377708435,1.0839176177978516,0.6690323948860168,0.3122302293777466,0.6690323948860168,0.3122302293777466,0.7400025129318237,0.4209665060043335
1254,-1.507077932357788,-1.5135780572891235,0.23525792784988875,0.5655573150888084,0.48929013993591086,0.8845875263214111,1.028010606765747,0.8845875263214111,1.028010606765747,1.0657696723937988,1.3559153079986572,0.8097012042999268,0.40675902366638184,0.8097012042999268,0.40675902366638184,0.9041092395782471,0.573826789855957
1255,-2.20141339302063,-1.6753288507461548,0.20955396773914492,0.7191587047899763,0.5231433845932284,1.1546227931976318,1.1667759418487549,1.1546227931976318,1.1667759418487549,1.3487517833709717,1.5176661014556885,0.9879410266876221,0.4066723585128784,0.9879410266876221,0.4066723585128784,1.0914931297302246,0.5857298374176025
1256,-1.1398727893829346,-1.8805345296859741,0.413538755662739,0.6741733399406079,0.5693497596681119,1.0161207914352417,1.328234314918518,1.0161207914352417,1.328234314918518,1.219569444656372,1.7228717803955078,1.0161207914352417,0.6270678043365479,1.0161207914352417,0.6270678043365479,1.1023613214492798,0.825972318649292
1257,-2.3205535411834717,-1.8871867656707764,0.12103602353483467,0.9807025600224732,0.5619755076989531,1.7476991415023804,1.3509794473648071,1.7476991415023804,1.3509794473648071,2.1296749114990234,1.7295241355895996,1.2526359558105469,0.34654736518859863,1.2526359558105469,0.34654736518859863,1.3783493041992188,0.5380763411521912
1258,-0.7727384567260742,-1.691245198249817,0.4030967697625356,0.4635655864452324,0.6011101676275333,0.856381356716156,1.5335824489593506,0.856381356716156,1.5335824489593506,1.3299241065979004,1.5335824489593506,0.3513963222503662,0.566632866859436,0.3513963222503662,0.566632866859436,0.655726969242096,0.8259342312812805
1259,-1.7564424276351929,-1.7605204582214355,0.033739179943998776,1.0160404167634745,0.48726818709944686,1.8939207792282104,1.2848424911499023,1.8939207792282104,1.2848424911499023,2.3470258712768555,1.6028578281402588,1.2168372869491577,0.23217332363128662,1.2168372869491577,0.23217332363128662,1.3396623134613037,0.3931316137313843
1260,-0.7444065809249878,-1.2587560415267944,0.19902365249271203,0.24596029228220379,0.5902994223373631,0.9939424991607666,1.1010932922363281,0.9939424991607666,1.1010932922363281,1.2777878046035767,1.1010932922363281,0.30494654178619385,0.3030441999435425,0.30494654178619385,0.3030441999435425,0.5055981278419495,0.47415590286254883
1261,0.8051690459251404,-1.4001842737197876,0.02568178328375037,0.7616421383495131,0.38938767767200866,1.3977583646774292,1.005444049835205,1.3977583646774292,1.005444049835205,1.6089067459106445,1.2425215244293213,0.9198821783065796,0.18701648712158203,0.9198821783065796,0.18701648712158203,1.0140411853790283,0.31008338928222656
1262,-0.5409116744995117,-0.8555946350097656,0.2045095273479819,0.22617790870368493,0.6104535196349024,1.375629186630249,0.6979318857192993,1.375629186630249,0.6979318857192993,2.3343608379364014,0.6979318857192993,0.48195216059684753,0.04907691478729248,0.48195216059684753,0.04907691478729248,0.6454483270645142,0.16875377297401428
1263,-1.4702051877975464,-0.06945639103651047,0.035970565099269214,0.45667304225265976,0.3386273239739239,0.37596550583839417,0.31814149022102356,0.37596550583839417,0.31814149022102356,0.3718954026699066,0.08820629864931107,0.37596550583839417,0.0319172739982605,0.37596550583839417,0.0319172739982605,0.278597354888916,0.1580701619386673
1264,1.0844049453735352,-0.4389284551143646,0.2522835001101097,0.17827179526289305,0.21509951467315364,0.8142679929733276,0.3563143014907837,0.8142679929733276,0.3563143014907837,0.40237095952033997,0.2812657654285431,0.3563143014907837,0.2325212061405182,0.3563143014907837,0.2325212061405182,0.1933756321668625,0.13180343806743622
1265,0.5945306420326233,-0.8361931443214417,0.2807909822029373,0.5918347591223817,0.30167657377819224,1.701127052307129,0.503642201423645,1.701127052307129,0.503642201423645,2.886162281036377,0.6785303354263306,0.5944395065307617,0.18656355142593384,0.5944395065307617,0.18656355142593384,0.7108304500579834,0.09466898441314697
1266,-2.3589699268341064,-0.15047752857208252,0.12710369659587734,0.5263097219914198,0.5804183621518313,1.33405601978302,0.007185071706771851,1.33405601978302,0.007185071706771851,0.8713915348052979,0.007185071706771851,0.5641931295394897,0.03272957354784012,0.5641931295394897,0.03272957354784012,0.32009831070899963,0.20661313831806183
1267,-0.7358189821243286,-0.12064746767282486,0.5116596257810792,0.3381371667484443,0.2763477253789703,1.3057552576065063,0.6143230199813843,1.3057552576065063,0.6143230199813843,1.2630640268325806,0.36493241786956787,0.6143230199813843,0.31625646352767944,0.6143230199813843,0.31625646352767944,0.4896277189254761,0.4698011577129364
1268,-2.8582603931427,-1.1750340461730957,0.06709851317107707,1.031246158964932,0.14678330037742882,2.640395164489746,1.238251805305481,2.640395164489746,1.238251805305481,2.4097275733947754,1.017371416091919,1.0831102132797241,0.19460678100585938,1.0831102132797241,0.19460678100585938,0.9839895367622375,0.12076759338378906
1269,-0.9478052258491516,-1.5746105909347534,0.5389536464338502,0.23329177336146412,0.5788926159342132,1.0431718826293945,1.4169480800628662,1.0431718826293945,1.4169480800628662,2.1062121391296387,1.4169480800628662,0.26579439640045166,0.5340524911880493,0.26579439640045166,0.5340524911880493,0.6704772710800171,0.7464935183525085
1270,0.4256373643875122,-1.9726940393447876,0.10923155271758644,1.2647612097238503,0.3752286024888354,2.455800771713257,1.5872864723205566,2.455800771713257,1.5872864723205566,2.715942621231079,1.8150312900543213,1.4650864601135254,0.338659405708313,1.4650864601135254,0.338659405708313,1.5503606796264648,0.449135422706604
1271,-0.5132700204849243,-1.0267775058746338,0.17858090093980217,0.29440280509491745,0.687482927305003,1.589545726776123,0.8691148161888123,1.589545726776123,0.8691148161888123,2.5115318298339844,0.8691148161888123,0.5026605725288391,0.023981690406799316,0.5026605725288391,0.023981690406799316,0.7162187099456787,0.2074766457080841
1272,0.8927005529403687,-0.28078746795654297,0.047051055779059714,0.29129309543718895,0.3956589745605985,0.6948421001434326,0.12312480807304382,0.6948421001434326,0.12312480807304382,0.5263359546661377,0.12312480807304382,0.23823386430740356,0.030138403177261353,0.23823386430740356,0.030138403177261353,0.13682973384857178,0.09268040955066681
1273,1.8796112537384033,-0.06945093721151352,0.22749384495119254,0.19836277059589816,0.12489060324306284,0.15915963053703308,0.15915963053703308,0.15915963053703308,0.15915963053703308,0.7466949224472046,0.06875784695148468,0.15915963053703308,0.1895185112953186,0.15915963053703308,0.1895185112953186,0.11395873874425888,0.11198402941226959
1274,0.052777133882045746,0.19052961468696594,0.2780948445076744,0.4029581271732848,0.26705074218412256,0.03572598099708557,0.515106201171875,0.03572598099708557,0.515106201171875,0.07598593831062317,0.515106201171875,0.33758169412612915,0.2950190305709839,0.33758169412612915,0.2950190305709839,0.4263439476490021,0.18034547567367554
1275,1.8770496845245361,1.1368801593780518,0.07909145751347157,0.9441247662280994,0.3371364908417067,0.9518856406211853,0.9620552062988281,0.9518856406211853,0.9620552062988281,0.9174960851669312,1.2945427894592285,0.9518856406211853,0.011090874671936035,0.9518856406211853,0.011090874671936035,1.1192243099212646,0.1940077543258667
1276,2.858444929122925,0.7645407319068909,0.3190906753887732,0.007553619543711365,0.6764762908716997,0.6288637518882751,0.9222033619880676,0.6288637518882751,0.9222033619880676,0.8975033760070801,0.9222033619880676,0.6288637518882751,0.017203450202941895,0.6288637518882751,0.017203450202941895,0.7633768320083618,0.14102846384048462
1277,-0.32238712906837463,1.1837562322616577,0.48249964345246554,0.8773915946111084,0.04733766861259925,0.4446980953216553,1.3225822448730469,0.4446980953216553,1.3225822448730469,0.8655264377593994,1.3225822448730469,0.8418946266174316,0.04195404052734375,0.8418946266174316,0.04195404052734375,1.0822384357452393,0.2335817813873291
1278,3.5034902095794678,1.9405230283737183,0.018184201493859575,1.4725521104037762,0.7096277938783169,1.490850806236267,1.441565990447998,1.490850806236267,1.441565990447998,1.7978627681732178,2.0981857776641846,1.490850806236267,0.0864943265914917,1.490850806236267,0.0864943265914917,1.8208763599395752,0.35313695669174194
1279,0.5605433583259583,0.8836957812309265,0.476579690327247,0.1972287802646555,0.8278175455828505,0.18243521451950073,1.041358470916748,0.18243521451950073,1.041358470916748,0.9395505785942078,1.041358470916748,0.5546579360961914,0.08078354597091675,0.5546579360961914,0.08078354597091675,0.8725714683532715,0.11228936910629272
1280,0.4085197448730469,1.5555976629257202,0.1455013549452029,1.7853430201982459,0.15177403780321308,1.760741949081421,1.8220468759536743,1.760741949081421,1.8220468759536743,0.6332458257675171,1.7132604122161865,1.760741949081421,0.07337307929992676,1.760741949081421,0.07337307929992676,1.6976573467254639,0.09895110130310059
1281,2.831594944000244,1.096240758895874,0.11259701921915011,0.21631708718215448,0.9907994461183744,0.9443994164466858,1.2539036273956299,0.9443994164466858,1.2539036273956299,0.3373570442199707,1.2539036273956299,0.9443994164466858,0.01480090618133545,0.9443994164466858,0.01480090618133545,1.069976806640625,0.12511584162712097
1282,-1.1141738891601562,0.7757258415222168,0.5427766394242646,0.17184895023703572,0.284572926275432,0.544559121131897,0.544559121131897,0.544559121131897,0.544559121131897,0.022838830947875977,0.9333885312080383,0.544559121131897,0.161912202835083,0.544559121131897,0.161912202835083,0.6449816226959229,0.3166888952255249
1283,1.8978028297424316,1.223374843597412,0.17291155751794574,1.500478410385549,0.11928066514432434,1.4742575883865356,1.2305316925048828,1.4742575883865356,1.2305316925048828,0.4044015407562256,1.2305316925048828,1.4742575883865356,0.14066863059997559,1.4742575883865356,0.14066863059997559,1.3523945808410645,0.11126434803009033
1284,2.3480851650238037,0.5506670475006104,0.28788327458625046,0.4312191547515491,0.9174756616850692,0.8981503844261169,0.7083297967910767,0.8981503844261169,0.7083297967910767,1.832624912261963,0.7083297967910767,0.8981503844261169,0.14804339408874512,0.8981503844261169,0.14804339408874512,0.6656396389007568,0.1658172309398651
1285,-1.5439704656600952,0.24884271621704102,0.25311449110507983,0.810172325707972,0.5909713069722058,0.4543984532356262,0.7195463180541992,0.4543984532356262,0.7195463180541992,0.797512412071228,0.4065055251121521,0.6015980839729309,0.01573699712753296,0.6015980839729309,0.01573699712753296,0.32410556077957153,0.2684341371059418
1286,0.8455910682678223,1.3182063102722168,0.28257032110045355,1.1891127533217274,0.6351364332561689,1.1014636754989624,0.8133514523506165,1.1014636754989624,0.8133514523506165,1.674277901649475,1.4758689403533936,1.1014636754989624,0.40514540672302246,1.1014636754989624,0.40514540672302246,1.4551687240600586,0.3493068814277649
1287,2.7557578086853027,0.25441446900367737,0.19800211591025202,0.5803897707971433,0.8602748281074065,0.9633870124816895,0.4120771884918213,0.9633870124816895,0.4120771884918213,1.8284506797790527,0.4120771884918213,0.9633870124816895,0.11096295714378357,0.9633870124816895,0.11096295714378357,0.6295425295829773,0.24019946157932281
1288,-1.0385466814041138,-0.21099650859832764,0.30405407075459767,0.3714051445076864,0.6629830792484186,1.5387847423553467,0.05333384871482849,1.5387847423553467,0.05333384871482849,2.350971221923828,0.05333384871482849,0.8377858400344849,0.00260317325592041,0.8377858400344849,0.00260317325592041,0.6681843400001526,0.16643668711185455
1289,0.7632988691329956,1.3513438701629639,0.1721260802199438,1.4506517968575157,0.29629082793990746,1.4253480434417725,1.1939233541488647,1.4253480434417725,1.1939233541488647,1.0199706554412842,1.5090065002441406,1.4253480434417725,0.30295324325561523,1.4253480434417725,0.30295324325561523,1.5675468444824219,0.1964883804321289
1290,-0.5902730226516724,0.4739207923412323,0.16841353920598812,0.39411747256914786,0.9230974001189075,0.983007550239563,0.6315834522247314,0.983007550239563,0.6315834522247314,1.5332846641540527,0.6315834522247314,0.983007550239563,0.0665813684463501,0.983007550239563,0.0665813684463501,0.7545599937438965,0.1553553193807602
1291,0.17484328150749207,-0.15497106313705444,0.039842073855300864,0.4471956298438211,0.4185360924216609,0.3509991765022278,0.3005007803440094,0.3509991765022278,0.3005007803440094,0.5345398187637329,0.00269162654876709,0.3509991765022278,0.019316107034683228,0.3509991765022278,0.019316107034683228,0.22819428145885468,0.18467719852924347
1292,-0.12239295244216919,-0.08660712093114853,0.1138530978560447,0.22263971664011473,0.24565217226743702,0.31564661860466003,0.071055568754673,0.31564661860466003,0.071055568754673,0.5883918404579163,0.071055568754673,0.31564661860466003,0.03433160483837128,0.31564661860466003,0.03433160483837128,0.18041914701461792,0.12385419756174088
1293,0.6668151021003723,-0.27802780270576477,0.08945686272035044,0.15283148671189947,0.29684347772349917,0.4560489356517792,0.12036511301994324,0.4560489356517792,0.12036511301994324,0.3814866244792938,0.12036511301994324,0.18237334489822388,0.011253029108047485,0.18237334489822388,0.011253029108047485,0.1417888104915619,0.039862558245658875
1294,-0.31377843022346497,-0.04551269859075546,0.18774232111871242,0.020489126536995125,0.010706751439720386,0.10472662001848221,0.10472662001848221,0.10472662001848221,0.10472662001848221,0.31612223386764526,0.04891413450241089,0.10472662001848221,0.0733601301908493,0.10472662001848221,0.0733601301908493,0.07682037353515625,0.04638732969760895
1295,-2.218679428100586,0.06607044488191605,0.047018538961807854,0.3671348965416353,0.12461032365759216,0.3143710792064667,0.26640811562538147,0.3143710792064667,0.26640811562538147,0.007294513285160065,0.22373312711715698,0.3143710792064667,0.04048709571361542,0.3143710792064667,0.04048709571361542,0.2946566045284271,0.062171898782253265
1296,0.7322337031364441,-0.6296896934509277,0.47838729899376636,0.06260958157479757,0.1347798615321517,1.183801531791687,0.5862470865249634,1.183801531791687,0.5862470865249634,0.8174260854721069,0.4720270037651062,0.5862470865249634,0.13967189192771912,0.5862470865249634,0.13967189192771912,0.45657235383987427,0.10377950966358185
1297,-0.7386127710342407,-1.1005631685256958,0.2565392146197456,0.9187340599733091,0.2148956487576167,2.3519787788391113,0.8368556499481201,2.3519787788391113,0.8368556499481201,2.2867422103881836,0.8368556499481201,0.9159733057022095,0.10778427124023438,0.9159733057022095,0.10778427124023438,0.8764144778251648,0.08597195148468018
1298,-1.3101201057434082,-0.3185834288597107,0.048416685356448,0.45671036592374226,0.600237775923063,1.2929813861846924,0.16092070937156677,1.2929813861846924,0.16092070937156677,1.0095511674880981,0.16092070937156677,0.38238587975502014,0.021514445543289185,0.38238587975502014,0.021514445543289185,0.20510657131671906,0.1550459861755371
1299,0.8513343334197998,-0.5119122862815857,0.20859627210845544,0.2715190106381973,0.19167561127493776,1.0294442176818848,0.6270420551300049,1.0294442176818848,0.6270420551300049,1.7101997137069702,0.6270420551300049,0.3229711949825287,0.2895299196243286,0.3229711949825287,0.2895299196243286,0.475006639957428,0.150343656539917
1300,-1.6952950954437256,-0.8698536157608032,0.24223361096034446,0.5168967109856506,0.37171784132098157,1.398797869682312,0.4837322235107422,1.398797869682312,0.4837322235107422,2.5757181644439697,0.7121909260749817,0.5394741296768188,0.13335251808166504,0.5394741296768188,0.13335251808166504,0.6844041347503662,0.11862343549728394
1301,-0.1095704659819603,-0.27828118205070496,0.14931884429107117,0.5441536424433193,0.44964333559076,0.4491006135940552,0.2278459668159485,0.4491006135940552,0.2278459668159485,0.562775731086731,0.12061852216720581,0.4491006135940552,0.11264333128929138,0.4491006135940552,0.11264333128929138,0.35259225964546204,0.3137497901916504
1302,0.808853805065155,-0.5865925550460815,0.0710625617454449,0.7124461759378512,0.2782637335608403,2.0875749588012695,0.7461408376693726,2.0875749588012695,0.7461408376693726,1.7106155157089233,0.42892986536026,0.7246417999267578,0.023381173610687256,0.7246417999267578,0.023381173610687256,0.5682319402694702,0.18838676810264587
1303,-1.2878704071044922,-0.6017402410507202,0.17639726026604574,0.04380354809264336,0.5984683749948938,1.2931327819824219,0.4440775513648987,1.2931327819824219,0.4440775513648987,1.2269729375839233,0.4440775513648987,0.5077334046363831,0.039986610412597656,0.5077334046363831,0.039986610412597656,0.4506266713142395,0.040735721588134766
1304,-0.768680989742279,-0.042140401899814606,0.14684594449276725,0.4665322191019854,0.13835406169916203,0.40731334686279297,0.15379831194877625,0.40731334686279297,0.15379831194877625,0.13617196679115295,0.15379831194877625,0.40731334686279297,0.02514830231666565,0.40731334686279297,0.02514830231666565,0.2805558443069458,0.1418962925672531
1305,-0.857713520526886,-0.576583743095398,0.07277679398655884,0.5266581053845585,0.24632371148094534,1.6226582527160645,0.7203568816184998,1.6226582527160645,0.7203568816184998,1.3408790826797485,0.41892117261886597,0.5555664896965027,0.1751759946346283,0.5555664896965027,0.1751759946346283,0.41749393939971924,0.1771705597639084
1306,0.13232024013996124,-0.9894635677337646,0.01291227340077361,0.26209867264454567,0.4909800664832195,0.493839293718338,0.8318009972572327,0.493839293718338,0.8318009972572327,0.8414411544799805,0.8318009972572327,0.2934749126434326,0.13134843111038208,0.2934749126434326,0.13134843111038208,0.48315855860710144,0.3092111647129059
1307,-0.20888487994670868,-0.7791047096252441,0.13799212808410322,0.31950528093924113,0.37411882275094593,0.6317504644393921,0.6214419603347778,0.6317504644393921,0.6214419603347778,1.427206039428711,0.6214419603347778,0.24633044004440308,0.018355488777160645,0.24633044004440308,0.018355488777160645,0.44374534487724304,0.20186743140220642
1308,-1.5928750038146973,-0.37116825580596924,0.08506609948351976,0.14584556283429254,0.37860721390694363,0.594548225402832,0.21350553631782532,0.594548225402832,0.21350553631782532,0.5403112173080444,0.21350553631782532,0.24201184511184692,0.015162408351898193,0.24201184511184692,0.015162408351898193,0.2111041247844696,0.02969089150428772
1309,-1.0669366121292114,-0.5729289650917053,0.26087839192400386,0.01875350865224995,0.069824390100936,0.6408994197845459,0.36728063225746155,0.6408994197845459,0.36728063225746155,0.5737451314926147,0.4152662754058838,0.36728063225746155,0.10400888323783875,0.36728063225746155,0.10400888323783875,0.3430270552635193,0.08616982400417328
1310,-0.5079838037490845,-1.244641661643982,0.12478772761921109,0.6964295079807439,0.1999517516295115,1.514137864112854,1.015114665031433,1.514137864112854,1.015114665031433,1.5704032182693481,1.0869789123535156,0.8241941928863525,0.27336907386779785,0.8241941928863525,0.27336907386779785,0.851800799369812,0.3118623197078705
1311,0.14040085673332214,-1.1190248727798462,0.056929570150871744,0.39646790432433276,0.5560138641918697,0.832525908946991,0.9613621830940247,0.832525908946991,0.9613621830940247,1.4951527118682861,0.9613621830940247,0.359466016292572,0.07716822624206543,0.359466016292572,0.07716822624206543,0.6170697808265686,0.32424232363700867
1312,1.4502276182174683,-0.6826083660125732,0.13673275200029217,0.1450053110780815,0.4508631325202684,0.8031126260757446,0.5249456763267517,0.8031126260757446,0.5249456763267517,1.2649788856506348,0.5249456763267517,0.31269919872283936,0.012995123863220215,0.31269919872283936,0.012995123863220215,0.42926883697509766,0.11715464293956757
1313,-0.1916944831609726,-0.13856717944145203,0.2557014856735866,0.09600557707871005,0.26680156777923314,0.8854700326919556,0.019095510244369507,0.8854700326919556,0.019095510244369507,0.7098619937896729,0.019095510244369507,0.24158206582069397,0.055394142866134644,0.24158206582069397,0.055394142866134644,0.1435624063014984,0.11993269622325897
1314,-1.5046477317810059,0.5617203116416931,0.05528492912029226,0.73297378151988,0.0030657245839637026,0.701356053352356,0.6687808036804199,0.701356053352356,0.6687808036804199,0.4167172908782959,0.6687808036804199,0.701356053352356,0.054064154624938965,0.701356053352356,0.054064154624938965,0.6850684285163879,0.04224154353141785
1315,-1.0509587526321411,-0.026941202580928802,0.24707736339420083,0.026349771954119194,0.46995860718190674,0.5500764846801758,0.13072147965431213,0.5500764846801758,0.13072147965431213,0.2808084189891815,0.13072147965431213,0.5500764846801758,0.0716252326965332,0.5500764846801758,0.0716252326965332,0.38466599583625793,0.23374563455581665
1316,-0.061448872089385986,-1.1886118650436401,0.11917880779753143,0.6533367670575778,0.19262361577401543,1.4299031496047974,0.9648170471191406,1.4299031496047974,0.9648170471191406,1.481055736541748,1.0309491157531738,0.7761318683624268,0.2630382776260376,0.7761318683624268,0.2630382776260376,0.8016819357872009,0.2985454797744751
1317,0.13810434937477112,-1.0317093133926392,0.12460729185491803,0.38288438767194755,0.5499595431610942,1.0044108629226685,0.8740466237068176,1.0044108629226685,0.8740466237068176,1.8104170560836792,0.8740466237068176,0.37364596128463745,0.008038043975830078,0.37364596128463745,0.008038043975830078,0.6190961599349976,0.2519397735595703
1318,-2.2085626125335693,-0.47766104340553284,0.1282074858248234,0.05712087586522108,0.4395167306810618,0.7605597972869873,0.3199983537197113,0.7605597972869873,0.3199983537197113,0.7349039316177368,0.3199983537197113,0.312492311000824,0.026922404766082764,0.312492311000824,0.026922404766082764,0.3020758628845215,0.023275285959243774
1319,-0.8815546631813049,-0.6361041069030762,0.42878894432137404,0.1658587566887339,0.1497012448559205,0.8591665029525757,0.5205339193344116,0.8591665029525757,0.5205339193344116,0.8033561706542969,0.4568287432193756,0.5205339193344116,0.013464570045471191,0.5205339193344116,0.013464570045471191,0.4886813163757324,0.035814106464385986
1320,-1.005913257598877,-1.3551162481307983,0.09668907911827163,0.977725560416778,0.05722893418123309,2.2846426963806152,1.2472161054611206,2.2846426963806152,1.2472161054611206,2.5920586585998535,1.2472161054611206,1.074607491493225,0.05671834945678711,1.074607491493225,0.05671834945678711,1.1609117984771729,0.12564682960510254
1321,-1.8620617389678955,-1.1449240446090698,0.022400665363917605,0.29605177691827234,0.6029989279123644,0.927993893623352,0.9872613549232483,0.927993893623352,0.9872613549232483,1.2645193338394165,0.9872613549232483,0.35441839694976807,0.14293646812438965,0.35441839694976807,0.14293646812438965,0.5743517279624939,0.3406856656074524
1322,-1.4134048223495483,-1.343270182609558,0.3043927567700546,0.4045344578723111,0.4108702935526769,0.23189353942871094,1.1856074333190918,0.23189353942871094,1.1856074333190918,0.8226674795150757,1.1856074333190918,0.23189353942871094,0.44881778955459595,0.23189353942871094,0.44881778955459595,0.4953511655330658,0.6855580806732178
1323,-1.0118327140808105,-1.7231107950210571,0.2043664580707747,0.8366144731019937,0.4586571894337733,1.5244319438934326,1.274487853050232,1.5244319438934326,1.274487853050232,1.6988167762756348,1.5654480457305908,1.084710717201233,0.4102799892425537,1.084710717201233,0.4102799892425537,1.176705002784729,0.5600419044494629
1324,-1.9950230121612549,-1.4445204734802246,0.04890869282806909,0.5784108543271822,0.5937283711197473,0.7677298784255981,1.2868578433990479,0.7677298784255981,1.2868578433990479,1.5529297590255737,1.2868578433990479,0.3841269016265869,0.21224379539489746,0.3841269016265869,0.21224379539489746,0.7383038401603699,0.539316713809967
1325,-1.5244640111923218,-1.457778811454773,0.3187332918619117,0.39921045520653337,0.5163623899718124,0.4598919153213501,1.3001160621643066,0.4598919153213501,1.3001160621643066,0.9470252394676208,1.3001160621643066,0.2990422248840332,0.46483826637268066,0.2990422248840332,0.46483826637268066,0.5655394792556763,0.7000281810760498
1326,-2.377143383026123,-1.8386186361312866,0.24520553528020783,0.9072390756631892,0.46270135077337415,1.6810190677642822,1.38874089717865,1.6810190677642822,1.38874089717865,1.8501513004302979,1.6809558868408203,1.1750370264053345,0.46799933910369873,1.1750370264053345,0.46799933910369873,1.2642459869384766,0.6179684400558472
1327,-1.246034026145935,-1.9810541868209839,0.46259819980710737,0.6861784710362555,0.6088048415631055,1.0678662061691284,1.3907406330108643,1.0678662061691284,1.3907406330108643,1.3673913478851318,1.8233914375305176,1.0678662061691284,0.6872222423553467,1.0678662061691284,0.6872222423553467,1.1494226455688477,0.90238356590271
1328,-0.3748098313808441,-2.0189621448516846,0.15934043575078238,1.0700270590186123,0.5661219756677744,1.897533655166626,1.480348825454712,1.897533655166626,1.480348825454712,2.2459230422973633,1.8612995147705078,1.366112232208252,0.4065893888473511,1.366112232208252,0.4065893888473511,1.4875288009643555,0.5981400012969971
1329,0.5308419466018677,-1.2344247102737427,0.09028157574435047,0.46041125761965895,0.6408223539839188,1.3015732765197754,1.0767619609832764,1.3015732765197754,1.0767619609832764,2.062612295150757,1.0767619609832764,0.4188538193702698,0.05230140686035156,0.4188538193702698,0.05230140686035156,0.7167972326278687,0.3350256085395813
1330,-1.4653222560882568,-0.6339143514633179,0.17149695309499918,0.08122140185286619,0.5007171686862906,1.0550731420516968,0.47625160217285156,1.0550731420516968,0.47625160217285156,0.9760149717330933,0.47625160217285156,0.3838126063346863,0.1538098156452179,0.3838126063346863,0.1538098156452179,0.34329020977020264,0.14627805352210999
1331,-0.3959559202194214,-0.2775355279445648,0.17440650667374333,0.3509833556662003,0.2306396727201839,0.2772418260574341,0.005393326282501221,0.2772418260574341,0.005393326282501221,0.11144071817398071,0.1198728084564209,0.2772418260574341,0.2364639937877655,0.2772418260574341,0.2364639937877655,0.2341843694448471,0.30039548873901367
1332,0.8946362733840942,-0.6988129615783691,0.01714310781409345,0.6187892391035954,0.1263059037302931,1.6791927814483643,0.7379243969917297,1.6791927814483643,0.7379243969917297,1.4702577590942383,0.5411502122879028,0.6595064401626587,0.08787351846694946,0.6595064401626587,0.08787351846694946,0.5674091577529907,0.11290699243545532
1333,0.03738253563642502,-0.6703667044639587,0.19863122111807274,0.08614967611928787,0.5593755154435833,1.25764000415802,0.5127039551734924,1.25764000415802,0.5127039551734924,1.1707468032836914,0.5127039551734924,0.46306589245796204,0.14898693561553955,0.46306589245796204,0.14898693561553955,0.39622652530670166,0.14454275369644165
1334,-0.052181120961904526,0.11734484136104584,0.09841867030287779,0.46461925009886407,0.22222036737327752,0.40252071619033813,0.4068133533000946,0.40252071619033813,0.4068133533000946,0.20544856786727905,0.27500757575035095,0.40252071619033813,0.0028077438473701477,0.40252071619033813,0.0028077438473701477,0.33592987060546875,0.07129241526126862
1335,0.6360264420509338,0.1808261275291443,0.06951314866542824,0.050115346163511265,0.2846703667193651,0.32925447821617126,0.3384888768196106,0.32925447821617126,0.3384888768196106,0.1924060881137848,0.3384888768196106,0.32925447821617126,0.015456825494766235,0.32925447821617126,0.015456825494766235,0.32525986433029175,0.010372772812843323
1336,1.6639666557312012,-0.07657010108232498,0.18183430851126703,0.013936082317183435,0.048867757891615154,0.09179099649190903,0.09179099649190903,0.09179099649190903,0.09179099649190903,0.11874021589756012,0.08109264820814133,0.09179099649190903,0.02302895486354828,0.09179099649190903,0.02302895486354828,0.09847303479909897,0.015304110944271088
1337,0.07175669074058533,0.31472131609916687,0.2940070738705495,0.2943675063612561,0.05018061952044561,0.16833624243736267,0.49076029658317566,0.16833624243736267,0.49076029658317566,0.013310045003890991,0.49076029658317566,0.2633058428764343,0.027892649173736572,0.2633058428764343,0.027892649173736572,0.3770330548286438,0.10351307690143585
1338,2.184067487716675,0.916184663772583,0.08658425706128292,0.829538520487646,0.22353456063816957,0.8237109780311584,0.8372824788093567,0.8237109780311584,0.8372824788093567,0.6784124374389648,1.0738472938537598,0.8237109780311584,0.013432919979095459,0.8237109780311584,0.013432919979095459,0.9433736801147461,0.14321011304855347
1339,2.105125665664673,0.7981929779052734,0.38561833833654724,0.0011163659517963165,0.6349308884268006,0.3273364007472992,0.9558556079864502,0.3273364007472992,0.9558556079864502,0.7316215634346008,0.9558556079864502,0.5987395644187927,0.02380591630935669,0.5987395644187927,0.02380591630935669,0.7607716917991638,0.19292351603507996
1340,-0.4629565477371216,1.2482845783233643,0.3575905153838296,1.0628898442660768,0.0512767738786839,1.0541105270385742,1.380279541015625,1.0541105270385742,1.380279541015625,1.3679245710372925,1.380279541015625,1.0541105270385742,0.057462453842163086,1.0541105270385742,0.057462453842163086,1.2171950340270996,0.187555193901062
1341,0.47705942392349243,1.551042914390564,0.017191226643820556,1.0401609591270486,0.7515458563218512,1.0030146837234497,0.9686183333396912,1.0030146837234497,0.9686183333396912,1.7493399381637573,1.7087056636810303,1.0303034782409668,0.09067142009735107,1.0303034782409668,0.09067142009735107,1.4085943698883057,0.37794995307922363
1342,2.4235243797302246,0.4713364243507385,0.13949967355777815,0.17598374495903635,0.7312931701665122,0.7688740491867065,0.6289991140365601,0.7688740491867065,0.6289991140365601,0.7437983155250549,0.6289991140365601,0.7688740491867065,0.05962333083152771,0.7688740491867065,0.05962333083152771,0.6651513576507568,0.07500354945659637
1343,-0.3232889771461487,0.13741515576839447,0.37672126900404695,0.2207803663983941,0.23661379031836988,0.23070773482322693,0.23070773482322693,0.23070773482322693,0.23070773482322693,0.7854670286178589,0.2950778603553772,0.23070773482322693,0.18004468083381653,0.23070773482322693,0.18004468083381653,0.1530946046113968,0.13003581762313843
1344,0.9909477829933167,1.2299150228500366,0.013344962578266895,1.266246892083436,0.17379608102142818,1.2738145589828491,1.211164116859436,1.2738145589828491,1.211164116859436,0.7591027617454529,1.387578010559082,1.2738145589828491,0.06972861289978027,1.2738145589828491,0.06972861289978027,1.357133388519287,0.11564522981643677
1345,3.252361297607422,0.6270517110824585,0.18724186634023987,0.13882607119778767,0.8021086499591665,0.7887856960296631,0.7847144603729248,0.7887856960296631,0.7847144603729248,0.722437858581543,0.7847144603729248,0.7887856960296631,0.0987669825553894,0.7887856960296631,0.0987669825553894,0.8615227341651917,0.05696040391921997
1346,1.8430697917938232,0.5707774758338928,0.5193908295904595,0.43168322467555603,0.15682390401760715,0.387026309967041,0.387026309967041,0.387026309967041,0.387026309967041,0.233670175075531,0.8375134468078613,0.387026309967041,0.2223171591758728,0.387026309967041,0.2223171591758728,0.6122698783874512,0.19628417491912842
1347,-0.0502910315990448,2.5825579166412354,0.43099998470395784,1.7782021404430273,0.5968282274901866,2.0256268978118896,2.3718366622924805,2.0256268978118896,2.3718366622924805,1.8045576810836792,2.740220308303833,2.0256268978118896,0.5918096303939819,2.0256268978118896,0.5918096303939819,2.2501001358032227,0.8151424527168274
1348,2.4281904697418213,1.725979208946228,0.05916298115005092,0.8837658339117964,1.0065229490896066,0.9920954704284668,1.8836417198181152,0.9920954704284668,1.8836417198181152,1.2216575145721436,1.8836417198181152,0.9920954704284668,0.005333423614501953,0.9920954704284668,0.005333423614501953,1.4417474269866943,0.45714595913887024
1349,2.7608840465545654,0.8182564973831177,0.41333106016740206,0.055243902355432306,0.6836420139856634,0.3101850748062134,0.9759191870689392,0.3101850748062134,0.9759191870689392,0.7804297804832458,0.9759191870689392,0.620357871055603,0.015614449977874756,0.620357871055603,0.015614449977874756,0.8097337484359741,0.17232641577720642
1350,-0.753128170967102,1.4203661680221558,0.4628214315200846,1.1877209885666764,0.006703339231510785,1.0291153192520142,1.5957443714141846,1.0291153192520142,1.5957443714141846,1.4425305128097534,1.5957443714141846,1.161647081375122,0.04654359817504883,1.161647081375122,0.04654359817504883,1.3786957263946533,0.19792687892913818
1351,1.6805996894836426,1.9249882698059082,0.09355571354428882,1.400779211906095,0.8412375650679071,1.3751568794250488,1.2816617488861084,1.3751568794250488,1.2816617488861084,2.112684488296509,2.082651138305664,1.3751568794250488,0.17116010189056396,1.3751568794250488,0.17116010189056396,1.7969918251037598,0.4159277081489563
1352,2.3262858390808105,0.60748291015625,0.2537797616608439,0.30707319147884826,0.8842490143887698,0.8439183235168457,0.7651455998420715,0.8439183235168457,0.7651455998420715,1.4239239692687988,0.7651455998420715,0.8439183235168457,0.11757946014404297,0.8439183235168457,0.11757946014404297,0.6854127645492554,0.11462748050689697
1353,-1.049277663230896,0.3922712802886963,0.2910662494910261,0.7338021524002154,0.40912444718802976,0.36727383732795715,0.7820816040039062,0.36727383732795715,0.7820816040039062,0.7167149782180786,0.5499339699745178,0.5953395366668701,0.07100456953048706,0.5953395366668701,0.07100456953048706,0.39486223459243774,0.16540023684501648
1354,0.602606475353241,1.3820971250534058,0.15929976969336423,1.1834827809097865,0.5813869074607885,1.1372945308685303,0.9408928155899048,1.1372945308685303,0.9408928155899048,1.5329985618591309,1.539759874343872,1.1372945308685303,0.2705601453781128,1.1372945308685303,0.2705601453781128,1.4401836395263672,0.3202449083328247
1355,1.4635921716690063,0.3676905333995819,0.1590568623691797,0.39535714358091356,0.8274634890258312,0.907767653465271,0.525353193283081,0.907767653465271,0.525353193283081,1.3594380617141724,0.525353193283081,0.907767653465271,0.07269230484962463,0.907767653465271,0.07269230484962463,0.6744321584701538,0.1617337167263031
1356,-0.8410360217094421,-0.19030022621154785,0.20790093754728634,0.29811430366088953,0.4728427632028858,1.1872870922088623,0.03263750672340393,1.1872870922088623,0.03263750672340393,1.3103135824203491,0.03263750672340393,0.4896399974822998,0.011789262294769287,0.4896399974822998,0.011789262294769287,0.36302778124809265,0.13958823680877686
1357,1.8438557386398315,0.5986742377281189,0.08124243814498178,0.7487976076267658,0.15459168305620552,0.7128702402114868,0.5324021577835083,0.7128702402114868,0.5324021577835083,0.6176020503044128,0.7563368678092957,0.7128702402114868,0.17650818824768066,0.7128702402114868,0.17650818824768066,0.812232494354248,0.11849874258041382
1358,1.6474236249923706,0.4025971293449402,0.36803558097531397,0.33498803707460545,0.5930222300564247,0.45590826869010925,0.5602598190307617,0.45590826869010925,0.5602598190307617,0.7975349426269531,0.5602598190307617,0.6469422578811646,0.2777549922466278,0.6469422578811646,0.2777549922466278,0.7990483641624451,0.15354932844638824
1359,-1.7407877445220947,0.34474530816078186,0.20036328367888961,0.8193480991944668,0.4514934301003815,0.657562255859375,0.756172239780426,0.657562255859375,0.756172239780426,0.4543723464012146,0.502407968044281,0.657562255859375,0.008130520582199097,0.657562255859375,0.008130520582199097,0.4635780453681946,0.20186163485050201
1360,0.2813827693462372,0.8576831817626953,0.30803493939961,0.808705697817107,0.5804850977597138,0.6400298476219177,0.3682387173175812,0.6400298476219177,0.3682387173175812,1.3052101135253906,1.015345811843872,0.7101351022720337,0.4102104902267456,0.7101351022720337,0.4102104902267456,1.0578272342681885,0.31674739718437195
1361,2.850543975830078,-0.14945659041404724,0.13150149966900565,0.689653116116921,0.632167730250706,2.4958343505859375,0.5805575847625732,2.4958343505859375,0.5805575847625732,1.8234004974365234,0.00820612907409668,0.6247829794883728,0.050838619470596313,0.6247829794883728,0.050838619470596313,0.32874614000320435,0.43075430393218994
1362,-1.9613639116287231,-0.4205867350101471,0.33323665181795753,0.1606544049332539,0.6910049981375535,1.476552963256836,0.262923926115036,1.476552963256836,0.262923926115036,1.5413323640823364,0.262923926115036,0.8414074182510376,0.08152392506599426,0.8414074182510376,0.08152392506599426,0.6169003248214722,0.11318638920783997
1363,-1.3055442571640015,0.908454179763794,0.4136784955362477,1.5189280219127732,0.02667732780178378,1.4463207721710205,0.9633728861808777,1.4463207721710205,0.9633728861808777,0.057245612144470215,0.9633728861808777,1.4463207721710205,0.06735789775848389,1.4463207721710205,0.06735789775848389,1.2048468589782715,0.23754310607910156
1364,2.2696549892425537,-0.06423952430486679,0.16517091937363154,0.751124547496438,1.0755286467820406,1.3646069765090942,0.09342319518327713,1.3646069765090942,0.09342319518327713,1.820762276649475,0.09342319518327713,1.3646069765090942,0.20880845189094543,1.3646069765090942,0.20880845189094543,0.8629468679428101,0.5056467056274414
1365,0.007444852963089943,-0.9788583517074585,0.3819900001585479,0.44585166398435816,0.6915240134671329,1.5862284898757935,0.821195662021637,1.5862284898757935,0.821195662021637,4.2410197257995605,0.821195662021637,0.6253654956817627,0.21023738384246826,0.6253654956817627,0.21023738384246826,0.8954693675041199,0.3008517026901245
1366,0.7280049324035645,0.32561320066452026,0.08213199110701708,1.0618850106932223,0.594931156523526,0.8306857347488403,0.8309775590896606,0.8306857347488403,0.8309775590896606,0.547276496887207,0.4832758605480194,0.8306857347488403,0.0005402266979217529,0.8306857347488403,0.0005402266979217529,0.6564130783081055,0.3272615075111389
1367,1.3039660453796387,0.6798509955406189,0.15966250685974948,0.007214661873877315,0.7508758249692622,0.7334406971931458,0.8375136852264404,0.7334406971931458,0.8375136852264404,0.6184961795806885,0.8375136852264404,0.7334406971931458,0.0024620890617370605,0.7334406971931458,0.0024620890617370605,0.7837616205215454,0.03900408744812012
1368,0.5303329825401306,0.33553725481033325,0.24758077139655738,0.34185180396462483,0.03042261633401111,0.06562936305999756,0.49055755138397217,0.06562936305999756,0.49055755138397217,0.22521048784255981,0.49055755138397217,0.3097899258136749,0.0037552714347839355,0.3097899258136749,0.0037552714347839355,0.40017372369766235,0.08038821816444397
1369,0.3648626506328583,0.8250812292098999,0.15515113114068924,0.6238461819539466,0.26955659052977954,0.6139772534370422,0.7115386128425598,0.6139772534370422,0.7115386128425598,0.6736486554145813,0.9827439188957214,0.6139772534370422,0.09399181604385376,0.6139772534370422,0.09399181604385376,0.7610225677490234,0.23107199370861053
1370,0.058399029076099396,0.5980483293533325,0.12838917821024864,0.24017864934479188,0.4529532358174522,0.4650648236274719,0.7557110786437988,0.4650648236274719,0.7557110786437988,0.35417619347572327,0.7557110786437988,0.4650648236274719,0.06348562240600586,0.4650648236274719,0.06348562240600586,0.5841792821884155,0.17052508890628815
1371,0.05040251463651657,0.2111499309539795,0.0916369561975201,0.19949038737763958,0.14349526179333533,0.08874782174825668,0.17223113775253296,0.08874782174825668,0.17223113775253296,0.2841339409351349,0.368812620639801,0.1613781750202179,0.010518521070480347,0.1613781750202179,0.010518521070480347,0.2606852054595947,0.10572674870491028
1372,-0.7208898067474365,0.011450938880443573,0.09487251790861292,0.06776313925782843,0.07228797102967893,0.044913873076438904,0.008910499513149261,0.044913873076438904,0.008910499513149261,0.09729625284671783,0.1691136360168457,0.008910499513149261,0.026094935834407806,0.008910499513149261,0.026094935834407806,0.07556110620498657,0.09379225969314575
1373,-0.003897462971508503,-0.2450152337551117,0.0352832045530279,0.08851998078326383,0.07477939517547688,0.020394504070281982,0.10820943117141724,0.020394504070281982,0.10820943117141724,0.03813174366950989,0.08735260367393494,0.02424180507659912,0.13136383891105652,0.02424180507659912,0.13136383891105652,0.03312276303768158,0.12096816301345825
1374,0.4966566860675812,-0.4740622341632843,0.09926440759251517,0.279525179800888,0.07032878754039598,0.6905616521835327,0.3343835473060608,0.6905616521835327,0.3343835473060608,0.6983325481414795,0.3343835473060608,0.3337712585926056,0.019108891487121582,0.3337712585926056,0.019108891487121582,0.3340774178504944,0.01876389980316162
1375,-0.9240068197250366,-0.3476315438747406,0.16037049297243358,0.06184318363666533,0.3463725758716464,0.7260096073150635,0.18996888399124146,0.7260096073150635,0.18996888399124146,0.637089192867279,0.18996888399124146,0.2584231197834015,0.0016607940196990967,0.2584231197834015,0.0016607940196990967,0.22329778969287872,0.017800405621528625
1376,1.138113260269165,-0.08975603431463242,0.07248459832121923,0.30344984820733467,0.09724856508274875,0.24295324087142944,0.06928800791501999,0.24295324087142944,0.06928800791501999,0.08110862225294113,0.0679067000746727,0.24295324087142944,0.15936803817749023,0.24295324087142944,0.15936803817749023,0.24239224195480347,0.16005469858646393
1377,-0.40326735377311707,-0.1703968048095703,0.27353230428571507,0.3807260437806447,0.1602696090998748,1.4571667909622192,0.19656535983085632,1.4571667909622192,0.19656535983085632,1.2570350170135498,0.19656535983085632,0.3940703868865967,0.22890916466712952,0.3940703868865967,0.22890916466712952,0.2953178882598877,0.32287681102752686
1378,1.1885274648666382,0.03572037070989609,0.05809558475390081,0.6006504715420306,0.39955302607268095,0.5007339119911194,0.46640923619270325,0.5007339119911194,0.46640923619270325,0.4577021896839142,0.19338303804397583,0.5007339119911194,0.006477564573287964,0.5007339119911194,0.006477564573287964,0.3806418478488922,0.17268535494804382
1379,1.1031265258789062,0.3256235420703888,0.26340392703811333,0.1563055397880575,0.4419977696302036,0.4697211682796478,0.48328617215156555,0.4697211682796478,0.48328617215156555,0.6514038443565369,0.48328617215156555,0.4928644299507141,0.15039658546447754,0.4928644299507141,0.15039658546447754,0.5814341306686401,0.10636739432811737
1380,-0.5727828145027161,0.30238375067710876,0.19374482313791913,0.5550423942940931,0.22293076253806565,0.48655200004577637,0.594098687171936,0.48655200004577637,0.594098687171936,0.2810477018356323,0.4600464701652527,0.48655200004577637,0.0585978627204895,0.48655200004577637,0.0585978627204895,0.39765670895576477,0.07781732082366943
1381,2.2897205352783203,0.6551422476768494,0.030703281822303863,0.5336038745132585,0.375714389005055,0.455691933631897,0.374227911233902,0.455691933631897,0.374227911233902,0.871133029460907,0.8128049969673157,0.489533931016922,0.11751770973205566,0.489533931016922,0.11751770973205566,0.7007918953895569,0.2075791358947754
1382,0.4200165271759033,0.48285529017448425,0.46041664308557895,0.2347366131966312,0.48064793470005196,0.027363866567611694,0.6405179500579834,0.027363866567611694,0.6405179500579834,0.42187896370887756,0.6405179500579834,0.5299511551856995,0.20623371005058289,0.5299511551856995,0.20623371005058289,0.718080997467041,0.21907800436019897
1383,1.0143698453903198,0.691714882850647,0.11776949550335614,1.1110078386900326,0.31358977692822626,0.996666431427002,1.0333151817321777,0.996666431427002,1.0333151817321777,0.07577431201934814,0.8493775725364685,0.996666431427002,0.007879078388214111,0.996666431427002,0.007879078388214111,0.8930702805519104,0.1536431610584259
1384,1.6856063604354858,0.85680091381073,0.18477000522116815,0.14801853296036527,0.7474851096483568,0.6947409510612488,1.0144636631011963,0.6947409510612488,1.0144636631011963,0.6608644127845764,1.0144636631011963,0.6947409510612488,0.15089184045791626,0.6947409510612488,0.15089184045791626,0.7579609751701355,0.19917088747024536
1385,0.9736230969429016,0.7346822023391724,0.31604868038867906,0.45891540238012873,0.18319079398488003,0.15946966409683228,0.7374984622001648,0.15946966409683228,0.7374984622001648,0.4320761263370514,0.7374984622001648,0.4445476233959198,0.22488707304000854,0.4445476233959198,0.22488707304000854,0.5910230278968811,0.3225584924221039
1386,-0.3966251313686371,1.236568570137024,0.21843078314016284,0.8128633820513882,0.42874707935998835,0.840290904045105,1.0173790454864502,0.840290904045105,1.0173790454864502,0.9690549373626709,1.3942313194274902,0.840290904045105,0.188193678855896,0.840290904045105,0.188193678855896,1.0504891872406006,0.3850102722644806
1387,2.599782705307007,0.7804896831512451,0.006343240446100462,0.4474396283055345,0.5501795484187704,0.5403442978858948,0.9381524324417114,0.5403442978858948,0.9381524324417114,0.6667568683624268,0.9381524324417114,0.5403442978858948,0.0694575309753418,0.5403442978858948,0.0694575309753418,0.7722282409667969,0.2036134898662567
1388,1.577155590057373,0.5770602822303772,0.5214255215600132,0.16521472167223683,0.4443221567571162,0.5319344401359558,0.5319344401359558,0.5319344401359558,0.5319344401359558,0.29123634099960327,0.7347229719161987,0.5319344401359558,0.14560717344284058,0.5319344401359558,0.14560717344284058,0.7251427173614502,0.2343130111694336
1389,-0.7556120157241821,1.04066801071167,0.2371914935298265,1.256511685159057,0.22956261277198764,1.1701552867889404,1.3303422927856445,1.1701552867889404,1.3303422927856445,1.2299690246582031,1.3303422927856445,1.1701552867889404,0.338842511177063,1.1701552867889404,0.338842511177063,1.2502487897872925,0.23443764448165894
1390,1.6389122009277344,1.3045761585235596,0.04593466042230521,0.744072187182804,0.8299113061775764,0.8171614408493042,1.4622387886047363,0.8171614408493042,1.4622387886047363,1.1008718013763428,1.4622387886047363,0.8171614408493042,0.11239564418792725,0.8171614408493042,0.11239564418792725,1.208052635192871,0.3667669892311096
1391,0.6250101923942566,0.42196059226989746,0.3249411752323309,0.29949162149180963,0.6199836831415693,0.6368095278739929,0.5796232223510742,0.6368095278739929,0.5796232223510742,0.9071131944656372,0.5796232223510742,0.6666744947433472,0.24357977509498596,0.6666744947433472,0.24357977509498596,0.7986628413200378,0.12808896601200104
1392,0.9302307963371277,0.2989567816257477,0.13333747868115725,0.7717411427448191,0.3826491653857132,0.6479424834251404,0.689395010471344,0.6479424834251404,0.689395010471344,0.3937458097934723,0.4566194713115692,0.6479424834251404,0.003771066665649414,0.6479424834251404,0.003771066665649414,0.5086724162101746,0.16734759509563446
1393,1.3045291900634766,0.8126145005226135,0.19727444221576051,0.2555256000099084,0.58328713271146,0.571595311164856,0.9702771902084351,0.571595311164856,0.9702771902084351,0.39675143361091614,0.9702771902084351,0.571595311164856,0.13813722133636475,0.571595311164856,0.13813722133636475,0.7070901393890381,0.2611296474933624
1394,-0.03138071298599243,0.7189818620681763,0.26540976532424476,0.4229450927178066,0.25409961883599563,0.2533333897590637,0.6442410349845886,0.2533333897590637,0.6442410349845886,0.4801798462867737,0.6442410349845886,0.4100308120250702,0.2979382574558258,0.4100308120250702,0.2979382574558258,0.5271359086036682,0.37141865491867065
1395,2.0797886848449707,0.7935435175895691,0.06837065014988197,0.6321584954857825,0.31648704636842007,0.6110328435897827,0.6049386262893677,0.6110328435897827,0.6049386262893677,0.8192692399024963,0.9512062072753906,0.6110328435897827,0.006108999252319336,0.6110328435897827,0.006108999252319336,0.7835307121276855,0.17122022807598114
1396,0.7598148584365845,0.6828466057777405,0.39624192986016477,0.024522543201843883,0.5345998935339351,0.16526049375534058,0.840509295463562,0.16526049375534058,0.840509295463562,0.5648089647293091,0.840509295463562,0.5452641248703003,0.011035799980163574,0.5452641248703003,0.011035799980163574,0.7001205682754517,0.18660418689250946
1397,-0.38221976161003113,0.9351317882537842,0.1696365273992223,1.028086291613678,0.0391183563446007,1.001060128211975,1.1038765907287598,1.001060128211975,1.1038765907287598,0.9254981279373169,1.1038765907287598,1.001060128211975,0.019252419471740723,1.001060128211975,0.019252419471740723,1.0524682998657227,0.041439592838287354
1398,1.0937343835830688,0.7981993556022644,0.015543020690480969,0.33696948288629447,0.6691594668353598,0.659270167350769,0.9558619856834412,0.659270167350769,0.9558619856834412,0.38345393538475037,0.9558619856834412,0.659270167350769,0.05465805530548096,0.659270167350769,0.05465805530548096,0.8392433524131775,0.14894554018974304
1399,0.4960194528102875,0.16933950781822205,0.2544809499879679,0.1451383344332377,0.2834695666780074,0.18898621201515198,0.3270021975040436,0.18898621201515198,0.3270021975040436,0.376213014125824,0.3270021975040436,0.34164196252822876,0.15524759888648987,0.34164196252822876,0.15524759888648987,0.42278650403022766,0.09956060349941254
1400,-1.2629820108413696,0.23862120509147644,0.1416379364766181,0.5356235717609524,0.21516762873157858,0.47201794385910034,0.5238487720489502,0.47201794385910034,0.5238487720489502,0.220807284116745,0.396283894777298,0.47201794385910034,0.029820740222930908,0.47201794385910034,0.029820740222930908,0.39909863471984863,0.07206089794635773
1401,1.327021837234497,0.1703568696975708,0.18731250935544558,0.2712461652855078,0.30989588818202407,0.33755579590797424,0.32801955938339233,0.33755579590797424,0.32801955938339233,0.286900132894516,0.32801955938339233,0.33755579590797424,0.28268319368362427,0.33755579590797424,0.28268319368362427,0.4611574411392212,0.17996373772621155
1402,1.1477223634719849,-0.28227779269218445,0.31231830510000386,0.530759260499229,0.1596359563308457,1.9675047397613525,0.3082050383090973,1.9675047397613525,0.3082050383090973,1.692098617553711,0.3082050383090973,0.5396037697792053,0.22742310166358948,0.5396037697792053,0.22742310166358948,0.4239044189453125,0.34472861886024475
1403,-0.8294721245765686,-0.03803002089262009,0.15038858820373807,0.5993516881639759,0.5642975930434961,0.4344138503074646,0.4600943922996521,0.4344138503074646,0.4600943922996521,0.7989956140518188,0.11963269859552383,0.4344138503074646,0.05208894610404968,0.4344138503074646,0.05208894610404968,0.23614493012428284,0.2793284058570862
1404,-0.9920933842658997,0.6632136106491089,0.0840037297209103,0.5558658524105945,0.41482416237394015,0.43287426233291626,0.3349655270576477,0.43287426233291626,0.3349655270576477,0.886299729347229,0.8208763003349304,0.5027840733528137,0.17452579736709595,0.5027840733528137,0.17452579736709595,0.7381836771965027,0.22920571267604828
1405,-0.09276852011680603,-0.2754020094871521,0.12734014802922805,0.30788791631658863,0.38329878887782487,0.4852409362792969,0.11773926019668579,0.4852409362792969,0.11773926019668579,0.9309743642807007,0.11773926019668579,0.4852409362792969,0.22060099244117737,0.4852409362792969,0.22060099244117737,0.2786099910736084,0.3813319802284241
1406,-0.7231148481369019,-0.8903442621231079,0.10838050922999753,0.38142568932225296,0.393826407616337,0.5662912726402283,0.7326815724372864,0.5662912726402283,0.7326815724372864,1.3961443901062012,0.7326815724372864,0.2537670135498047,0.014401376247406006,0.2537670135498047,0.014401376247406006,0.4860071539878845,0.24804551899433136
1407,0.42858386039733887,-0.5622705221176147,0.012995776000122361,0.05888731511930617,0.41068093882252776,0.547136664390564,0.4046078324317932,0.547136664390564,0.4046078324317932,0.5858472585678101,0.4046078324317932,0.22980576753616333,0.07471498847007751,0.22980576753616333,0.07471498847007751,0.2522948384284973,0.09565684199333191
1408,0.46662628650665283,-0.4588378965854645,0.1673892758165797,0.2813333503591518,0.12142108802373208,0.8467518091201782,0.26868999004364014,0.8467518091201782,0.26868999004364014,0.804369330406189,0.26868999004364014,0.32610347867012024,0.03650695085525513,0.32610347867012024,0.03650695085525513,0.297396719455719,0.03559449315071106
1409,-0.3424845337867737,-0.16930055618286133,0.14707899834339816,0.2506187952061495,0.34352567531789346,0.706967830657959,0.011637866497039795,0.706967830657959,0.011637866497039795,0.5494946241378784,0.011637866497039795,0.26883482933044434,0.022010475397109985,0.26883482933044434,0.022010475397109985,0.1733229011297226,0.11742773652076721
1410,1.481375813484192,0.1473405957221985,0.025673990150292703,0.25840483722587426,0.08673444276054704,0.2127649188041687,0.1469205915927887,0.2127649188041687,0.1469205915927887,0.3487483561038971,0.30500328540802,0.2127649188041687,0.06305339932441711,0.2127649188041687,0.06305339932441711,0.28701263666152954,0.07663825899362564
1411,-0.28691670298576355,0.12951701879501343,0.31367859405775866,0.13118908579150834,0.17050018494327862,0.26575660705566406,0.26575660705566406,0.26575660705566406,0.26575660705566406,0.04664158076047897,0.28717970848083496,0.26575660705566406,0.14320573210716248,0.26575660705566406,0.14320573210716248,0.35569867491722107,0.11193585395812988
1412,-0.38232168555259705,0.38127127289772034,0.05396773846199121,0.7534984421109159,0.20272217365602652,0.6919117569923401,0.6540828347206116,0.6919117569923401,0.6540828347206116,0.05763721466064453,0.5389339923858643,0.6919117569923401,0.02213960886001587,0.6919117569923401,0.02213960886001587,0.6386951208114624,0.09411795437335968
1413,1.1302344799041748,0.20460572838783264,0.008721112633744865,0.08669102379431332,0.5060482543582718,0.5619139671325684,0.3622683584690094,0.5619139671325684,0.3622683584690094,0.4447294771671295,0.3622683584690094,0.5619139671325684,0.07059180736541748,0.5619139671325684,0.07059180736541748,0.49377769231796265,0.12248679995536804
1414,-1.3606499433517456,-0.29267510771751404,0.24669857725501057,0.13065504606813183,0.18524596448987726,0.14122235774993896,0.14122235774993896,0.14122235774993896,0.14122235774993896,0.5112907886505127,0.1350124180316925,0.14122235774993896,0.16108107566833496,0.14122235774993896,0.16108107566833496,0.09159308671951294,0.22557693719863892
1415,-1.5238209962844849,0.04522591084241867,0.1391617822833358,0.6335386162623763,0.22567826362326746,0.5749831795692444,0.3304850459098816,0.5749831795692444,0.3304850459098816,0.06150200963020325,0.2028885781764984,0.5749831795692444,0.18004074692726135,0.5749831795692444,0.18004074692726135,0.5301847457885742,0.2527838349342346
1416,-0.705612301826477,-0.6520399451255798,0.2753098492945234,0.5430813312033812,0.38982396939148506,1.7900680303573608,0.9125518202781677,1.7900680303573608,0.9125518202781677,1.4519445896148682,0.4943771958351135,0.559555172920227,0.37130793929100037,0.559555172920227,0.37130793929100037,0.36330604553222656,0.25418055057525635
1417,-1.503221869468689,-1.3789469003677368,0.005439395407835557,0.6341530482595168,0.5267605731015401,1.1853229999542236,0.8645937442779541,1.1853229999542236,0.8645937442779541,1.6908222436904907,1.2212841510772705,0.8154470920562744,0.15272104740142822,0.8154470920562744,0.15272104740142822,0.9552866220474243,0.3342244029045105
1418,-0.4380245804786682,-1.123140811920166,0.1534492641811569,0.22588678353776537,0.5203322089960178,0.6089184880256653,0.965478241443634,0.6089184880256653,0.965478241443634,0.9122769832611084,0.965478241443634,0.28236573934555054,0.2622045874595642,0.28236573934555054,0.2622045874595642,0.46315106749534607,0.4234102666378021
1419,-1.5936095714569092,-1.178095817565918,0.04384165271495777,0.6335712396974366,0.36489343695963417,1.2403355836868286,0.8004864454269409,1.2403355836868286,0.8004864454269409,1.5446176528930664,1.020432949066162,0.7543678283691406,0.09488415718078613,0.7543678283691406,0.09488415718078613,0.8506289720535278,0.20953261852264404
1420,-1.7490739822387695,-0.9782053232192993,0.16477800744275262,0.0848810350025695,0.5050736063594617,0.6621828079223633,0.8205426335334778,0.6621828079223633,0.8205426335334778,1.2583496570587158,0.8205426335334778,0.24892759323120117,0.26152896881103516,0.24892759323120117,0.26152896881103516,0.43328922986984253,0.35203301906585693
1421,0.4603263735771179,-1.5445538759231567,0.3197067365050317,0.7101899063587187,0.2911845586448909,1.505807876586914,1.2422643899917603,1.505807876586914,1.2422643899917603,1.8284800052642822,1.2422643899917603,0.9016126394271851,0.15740013122558594,0.9016126394271851,0.15740013122558594,1.0719385147094727,0.4036692976951599
1422,-3.334412097930908,-1.2781561613082886,0.20838507811849327,0.6802599199737112,0.5828086450385551,1.4386684894561768,0.7303532361984253,1.4386684894561768,0.7303532361984253,3.04299259185791,1.1204934120178223,0.7343432307243347,0.08103525638580322,0.7343432307243347,0.08103525638580322,0.9600825309753418,0.19770359992980957
1423,-0.09216576814651489,-0.8986345529556274,0.6182173527156314,0.417410099680225,0.4743546255057056,0.6283929347991943,0.51542729139328,0.6283929347991943,0.51542729139328,2.133747100830078,0.7409718632698059,0.51542729139328,0.30036163330078125,0.51542729139328,0.30036163330078125,0.7341359257698059,0.24374300241470337
1424,2.114267587661743,-1.4476362466812134,0.0933112271378439,1.4106749194612107,0.093200120056669,3.4711437225341797,1.4600564241409302,3.4711437225341797,1.4600564241409302,3.6773924827575684,1.4600564241409302,1.442866563796997,0.15874648094177246,1.442866563796997,0.15874648094177246,1.4514615535736084,0.14280474185943604
1425,-1.4961715936660767,-0.7479958534240723,0.22896100139866252,0.05126755456129706,0.8047518541788059,1.744022250175476,0.5903332829475403,1.744022250175476,0.5903332829475403,1.7940980195999146,0.5903332829475403,0.8670278191566467,0.024942636489868164,0.8670278191566467,0.024942636489868164,0.7074211835861206,0.06437450647354126
1426,0.08307205885648727,0.5853919982910156,0.2041158993666371,1.1301839867110055,0.11720341463883732,1.0859436988830566,0.7753317356109619,1.0859436988830566,0.7753317356109619,0.15900960564613342,0.7753317356109619,1.0859436988830566,0.024914681911468506,1.0859436988830566,0.024914681911468506,0.9306377172470093,0.16525483131408691
1427,1.776277780532837,0.09511611610651016,0.09406021639704704,0.5680793407559394,0.7926079446822404,0.9286164045333862,0.2527788281440735,0.9286164045333862,0.2527788281440735,1.6594129800796509,0.2527788281440735,0.9286164045333862,0.012904137372970581,0.9286164045333862,0.012904137372970581,0.5844528079032898,0.24096597731113434
1428,0.02402453124523163,-0.48388615250587463,0.24014221354077264,0.09606556751454887,0.5966211995420359,1.3677217960357666,0.3262234032154083,1.3677217960357666,0.3262234032154083,1.3336116075515747,0.3262234032154083,0.6148269176483154,0.026535063982009888,0.6148269176483154,0.026535063982009888,0.4896553158760071,0.03866341710090637
1429,0.9671010375022888,0.7438648343086243,0.08495281945293143,0.8944480592695374,0.01206336999932911,0.8679552674293518,0.8717738389968872,0.8679552674293518,0.8717738389968872,0.6086770296096802,0.8717738389968872,0.8679552674293518,0.03752022981643677,0.8679552674293518,0.03752022981643677,0.8698645830154419,0.03892451524734497
1430,3.7401974201202393,0.6130516529083252,0.20289775770778462,0.004159073165307392,0.6294675560543934,0.6276796460151672,0.7707144021987915,0.6276796460151672,0.7707144021987915,0.6486946940422058,0.7707144021987915,0.6276796460151672,0.008243143558502197,0.6276796460151672,0.008243143558502197,0.6936618089675903,0.07576164603233337
1431,0.261641263961792,0.9085309505462646,0.6654939606040717,0.42118546921759836,0.045324195139110124,0.6078855991363525,0.6078855991363525,0.6078855991363525,0.6078855991363525,0.3761388063430786,1.0576488971710205,0.6078855991363525,0.016382575035095215,0.6078855991363525,0.016382575035095215,0.8327672481536865,0.203332781791687
1432,1.297499418258667,2.316936731338501,0.10069176331162488,1.9655581504106516,0.4741597304493188,2.065565824508667,2.114874839782715,2.065565824508667,2.114874839782715,1.5760635137557983,2.474599599838257,2.065565824508667,0.0946817398071289,2.065565824508667,0.0946817398071289,2.251002311706543,0.3047944903373718
1433,3.439460039138794,1.0043315887451172,0.16711946242178466,0.06377387414375946,0.9969109265940885,0.8724170327186584,1.161994218826294,0.8724170327186584,1.161994218826294,0.6773269176483154,1.161994218826294,0.8724170327186584,0.09767806529998779,0.8724170327186584,0.09767806529998779,0.9570102691650391,0.10179480910301208
1434,-0.0031492840498685837,1.145601511001587,0.6236870384340486,0.5752105227609474,0.17017662422110647,0.5891954898834229,0.5891954898834229,0.5891954898834229,0.5891954898834229,0.1137470006942749,1.2078838348388672,0.5891954898834229,0.17922985553741455,0.5891954898834229,0.17922985553741455,0.898539662361145,0.43989408016204834
1435,0.7839466333389282,2.1842827796936035,0.038776046633720807,1.8019155251607297,0.5670638823136684,1.8665623664855957,1.8659851551055908,1.8665623664855957,1.8659851551055908,1.6132309436798096,2.3419454097747803,1.8665623664855957,0.0010704994201660156,1.8665623664855957,0.0010704994201660156,2.104494571685791,0.26965683698654175
1436,2.2219674587249756,0.8699949979782104,0.14286814214040822,0.02656982804338126,0.9771694775049885,0.9208316206932068,1.0276577472686768,0.9208316206932068,1.0276577472686768,0.605363130569458,1.0276577472686768,0.9208316206932068,0.001079261302947998,0.9208316206932068,0.001079261302947998,0.9749704599380493,0.010521113872528076
1437,0.5550908446311951,0.4955098330974579,0.37862808283418403,0.34943865243345507,0.009084287360310528,0.2918746769428253,0.2918746769428253,0.2918746769428253,0.2918746769428253,0.02821865677833557,0.6542887687683105,0.2918746769428253,0.0018624067306518555,0.2918746769428253,0.0018624067306518555,0.47308170795440674,0.15996871888637543
1438,2.6093873977661133,1.4188040494918823,0.15876087705915176,1.136295600471397,0.34722036558513847,1.1818503141403198,1.2843173742294312,1.1818503141403198,1.2843173742294312,0.9609552621841431,1.5764667987823486,1.1818503141403198,0.1188286542892456,1.1818503141403198,0.1188286542892456,1.3401763439178467,0.2926795482635498
1439,0.976132869720459,1.071292757987976,0.38864874525616555,0.1647469216460984,0.7413698847095171,0.3726533055305481,1.2289555072784424,0.3726533055305481,1.2289555072784424,0.8347564339637756,1.2289555072784424,0.5927494764328003,0.19969409704208374,0.5927494764328003,0.19969409704208374,0.7830123901367188,0.3394007086753845
1440,-1.0278526544570923,1.658678650856018,0.22591817842175566,1.3607692256694042,0.2954639211793737,1.4385448694229126,1.6103862524032593,1.4385448694229126,1.6103862524032593,0.9975011944770813,1.8163414001464844,1.4385448694229126,0.21118175983428955,1.4385448694229126,0.21118175983428955,1.560501217842102,0.34678757190704346
1441,1.4275842905044556,0.948262631893158,0.085486897577842,0.4440859871978561,0.8131362762923041,0.8220598697662354,1.1059253215789795,0.8220598697662354,1.1059253215789795,0.4838668704032898,1.1059253215789795,0.8220598697662354,0.1382579803466797,0.8220598697662354,0.1382579803466797,1.0630848407745361,0.20045062899589539
1442,0.20382066071033478,0.0646260604262352,0.31864327227696776,0.41888852950185523,0.3883439846150576,1.79498291015625,0.1407199651002884,1.79498291015625,0.1407199651002884,1.5183391571044922,0.22228874266147614,0.4032590389251709,0.27605140209198,0.4032590389251709,0.27605140209198,0.21363133192062378,0.48812052607536316
1443,-0.2710340917110443,0.11441826820373535,0.10645149807756155,0.6923842998345692,0.4609447956892351,0.5569531917572021,0.5676642656326294,0.5569531917572021,0.5676642656326294,0.5549756288528442,0.27208101749420166,0.5569531917572021,0.005518801510334015,0.5569531917572021,0.005518801510334015,0.39951491355895996,0.20538663864135742
1444,-0.2437141090631485,0.3900248110294342,0.028237999118864487,0.11277098316699263,0.4724884137511254,0.49591371417045593,0.5476874113082886,0.49591371417045593,0.5476874113082886,0.008005261421203613,0.5476874113082886,0.49591371417045593,0.049082666635513306,0.49591371417045593,0.049082666635513306,0.543707013130188,0.03877703845500946
1445,0.5064592361450195,-0.25166282057762146,0.05106805581599473,0.07186584733426568,0.007392324842512607,0.345005601644516,0.16792157292366028,0.345005601644516,0.16792157292366028,0.4511657953262329,0.16792157292366028,0.12499389052391052,0.07262429594993591,0.12499389052391052,0.07262429594993591,0.1464577317237854,0.0519595742225647
1446,-0.05508660897612572,-0.29977938532829285,0.16864980634922783,0.060795911767830446,0.1841606054951747,0.42504268884658813,0.1421166956424713,0.42504268884658813,0.1421166956424713,0.32983532547950745,0.1421166956424713,0.10488808155059814,0.10824716091156006,0.10488808155059814,0.10824716091156006,0.06718809902667999,0.079039067029953
1447,0.062338776886463165,-0.014830656349658966,0.0880961150241395,0.28899261846517527,0.1684467303256194,0.23349609971046448,0.2262001633644104,0.23349609971046448,0.2262001633644104,0.1259848028421402,0.14283201098442078,0.23349609971046448,0.006147488951683044,0.23349609971046448,0.006147488951683044,0.19241689145565033,0.048246800899505615
1448,-1.6851682662963867,0.017262019217014313,0.0950954290976127,0.014587409247954708,0.13105184038480122,0.1908082664012909,0.17492470145225525,0.1908082664012909,0.17492470145225525,0.13640183210372925,0.17492470145225525,0.1908082664012909,0.02413591742515564,0.1908082664012909,0.02413591742515564,0.1955680549144745,0.018376752734184265
1449,-1.3109968900680542,-0.5129955410957336,0.26996389469131826,0.11836054584011435,0.13791945822536944,0.6021212935447693,0.36471521854400635,0.6021212935447693,0.36471521854400635,0.6909264326095581,0.35533279180526733,0.36471521854400635,0.03212088346481323,0.36471521854400635,0.03212088346481323,0.37438198924064636,0.025256186723709106
1450,-0.7076670527458191,-1.2640799283981323,0.20537596007188164,0.7407031872247656,0.09452810668696965,1.7427935600280762,1.128691554069519,1.7427935600280762,1.128691554069519,2.1360459327697754,1.128691554069519,0.8541930913925171,0.025386810302734375,0.8541930913925171,0.025386810302734375,0.9914423227310181,0.17698943614959717
1451,-2.5935111045837402,-1.2993367910385132,0.017317787278443797,0.5202562863752249,0.5729256175272166,0.809796929359436,1.1416740417480469,0.809796929359436,1.1416740417480469,1.6149888038635254,1.1416740417480469,0.3723170757293701,0.13147306442260742,0.3723170757293701,0.13147306442260742,0.6937021017074585,0.4358699321746826
1452,-0.38233107328414917,-1.4416776895523071,0.4966048996895551,0.23560533806681627,0.4859948965907098,0.7491241693496704,0.609119176864624,0.7491241693496704,0.609119176864624,1.5656068325042725,1.28401517868042,0.609119176864624,0.4736778736114502,0.609119176864624,0.4736778736114502,0.7822445034980774,0.5458950400352478
1453,-1.1821073293685913,-1.651537299156189,0.04909899012496055,1.1145298906664054,0.3626338434095181,2.2201902866363525,1.2733930349349976,2.2201902866363525,1.2733930349349976,2.6820998191833496,1.4938747882843018,1.2342034578323364,0.11788046360015869,1.2342034578323364,0.11788046360015869,1.3323516845703125,0.22754943370819092
1454,-1.9445284605026245,-0.8913597464561462,0.03511188526327419,0.03448185595373299,0.5982933904292683,1.173015832901001,0.7336971163749695,1.173015832901001,0.7336971163749695,1.4454758167266846,0.7336971163749695,0.30614954233169556,0.2077617645263672,0.30614954233169556,0.2077617645263672,0.4314330220222473,0.23610711097717285
1455,-0.510516345500946,-1.3607622385025024,0.3671483677253128,0.5005319064855575,0.26960928987711674,1.098114252090454,1.075500249862671,1.098114252090454,1.075500249862671,1.5527431964874268,1.075500249862671,0.6709135174751282,0.12763333320617676,0.6709135174751282,0.12763333320617676,0.8732068538665771,0.3906787633895874
1456,-0.8509359955787659,-1.5109138488769531,0.03726956318443042,0.8291591771567863,0.4955514412807922,1.5950489044189453,1.0272791385650635,1.5950489044189453,1.0272791385650635,2.1915483474731445,1.3532509803771973,0.9910552501678467,0.12812530994415283,0.9910552501678467,0.12812530994415283,1.1285669803619385,0.2950130105018616
1457,-1.579270839691162,-0.8963836431503296,0.012243898411591903,0.11230638528863579,0.572848541463415,0.903164267539978,0.7387210130691528,0.903164267539978,0.7387210130691528,1.0922520160675049,0.7387210130691528,0.3302629590034485,0.0853319764137268,0.3302629590034485,0.0853319764137268,0.45576611161231995,0.1979125738143921
1458,-0.2112463414669037,-1.0870393514633179,0.23372306191051995,0.3283490455585223,0.3014945695797601,0.6605216264724731,0.763263463973999,0.6605216264724731,0.763263463973999,0.758737325668335,0.9293766617774963,0.47772490978240967,0.3619154691696167,0.47772490978240967,0.3619154691696167,0.5320299863815308,0.4478895664215088
1459,-1.5427099466323853,-1.1979459524154663,0.09152003920326623,0.6578870672856769,0.40810624991854016,1.3528722524642944,0.7841624021530151,1.3528722524642944,0.7841624021530151,1.893267035484314,1.040283203125,0.7667497396469116,0.04430854320526123,0.7667497396469116,0.04430854320526123,0.8866650462150574,0.17703667283058167
1460,-1.6208440065383911,-0.833175539970398,0.13760781116783616,0.03478755034506331,0.5068826047331096,0.7535703182220459,0.6755128502845764,0.7535703182220459,0.6755128502845764,1.3252791166305542,0.6755128502845764,0.2352815866470337,0.12283378839492798,0.2352815866470337,0.12283378839492798,0.40660402178764343,0.20503145456314087
1461,-0.6958358883857727,-1.3966039419174194,0.28600015453994276,0.6796810407936573,0.20745019137859344,1.5182031393051147,1.166292428970337,1.5182031393051147,1.166292428970337,1.8938173055648804,1.166292428970337,0.8338394165039062,0.07985568046569824,0.8338394165039062,0.07985568046569824,1.0000659227371216,0.3023616075515747
1462,-1.6114485263824463,-1.4492002725601196,0.010403882376849749,0.6762615764886142,0.5598699040338397,1.271889328956604,0.9081035852432251,1.271889328956604,0.9081035852432251,1.8772462606430054,1.2915375232696533,0.8673650026321411,0.15380382537841797,0.8673650026321411,0.15380382537841797,1.0173900127410889,0.3480960428714752
1463,-1.0474034547805786,-1.1513617038726807,0.17786952238529918,0.2185299216583373,0.5314897046238183,0.6588373184204102,0.9936991333961487,0.6588373184204102,0.9936991333961487,0.9509701728820801,0.9936991333961487,0.2829728126525879,0.2837029695510864,0.2829728126525879,0.2837029695510864,0.4621986448764801,0.44190269708633423
1464,-0.2260267734527588,-1.3956940174102783,0.10183980197956166,0.7030045467366777,0.3673769942795235,1.3296881914138794,1.0206400156021118,1.3296881914138794,1.0206400156021118,1.4873807430267334,1.2380313873291016,0.8764694929122925,0.26637589931488037,0.8764694929122925,0.26637589931488037,0.9558191299438477,0.37973088026046753
1465,-1.8296986818313599,-1.0649627447128296,0.10279735193898287,0.38066837842265766,0.5636190438146393,0.9822268486022949,0.9073000550270081,0.9822268486022949,0.9073000550270081,1.714139699935913,0.9073000550270081,0.3758031129837036,0.030357003211975098,0.3758031129837036,0.030357003211975098,0.6234629154205322,0.2726212441921234
1466,-1.2911361455917358,-0.874690055847168,0.24459789571662716,0.012654307881990956,0.4192737935980163,0.47117799520492554,0.7170273661613464,0.47117799520492554,0.7170273661613464,1.232111930847168,0.7170273661613464,0.18350422382354736,0.13416212797164917,0.18350422382354736,0.13416212797164917,0.3980494737625122,0.2757752537727356
1467,0.8475037217140198,-1.443851113319397,0.19448081817477947,0.8155767928808928,0.21032082784920914,1.7760424613952637,1.2086436748504639,1.7760424613952637,1.2086436748504639,1.8343712091445923,1.2861883640289307,0.9654008150100708,0.36227667331695557,0.9654008150100708,0.36227667331695557,0.993754506111145,0.4034682512283325
1468,-1.3925279378890991,-1.07859468460083,0.2336183555175857,0.4618292003373303,0.62691116536657,1.4786653518676758,0.9209319949150085,1.4786653518676758,0.9209319949150085,2.9793756008148193,0.9209319949150085,0.4751005172729492,0.09344422817230225,0.4751005172729492,0.09344422817230225,0.75633305311203,0.2985711395740509
1469,-2.237077236175537,-0.23275163769721985,0.08362739320223517,0.5281560676606992,0.4538076377411684,0.42889878153800964,0.27019116282463074,0.42889878153800964,0.27019116282463074,0.5742482542991638,0.07508894801139832,0.42889878153800964,0.0698184072971344,0.42889878153800964,0.0698184072971344,0.32244551181793213,0.2686658501625061
1470,1.8485915660858154,-1.0407944917678833,0.505036584834258,0.5661632994810739,0.253878066961964,1.690415859222412,1.1989238262176514,1.690415859222412,1.1989238262176514,3.073913097381592,1.1989238262176514,0.6158335208892822,0.40789926052093506,0.6158335208892822,0.40789926052093506,0.9073786735534668,0.3225233256816864
1471,-1.8189412355422974,-1.1804120540618896,0.42201095430801283,0.8235158079986771,0.5554344067474204,2.110419273376465,0.6610532999038696,2.110419273376465,0.6610532999038696,4.553168296813965,1.0227491855621338,0.7000894546508789,0.35823822021484375,0.7000894546508789,0.35823822021484375,0.9947210550308228,0.18317019939422607
1472,-1.521056890487671,0.03179199621081352,0.1138829964647689,0.984119135191043,0.6149714830021062,0.8149107098579407,0.6401539444923401,0.8149107098579407,0.6401539444923401,0.7460854053497314,0.18945467472076416,0.8149107098579407,0.06311997771263123,0.8149107098579407,0.06311997771263123,0.7090127468109131,0.3871293067932129
1473,0.03301314264535904,-0.4718776047229767,0.2591875045870741,0.7183087692533928,0.7290913435320058,0.956337571144104,0.31421491503715515,0.956337571144104,0.31421491503715515,1.808943271636963,0.31421491503715515,0.956337571144104,0.32769420742988586,0.956337571144104,0.32769420742988586,0.48433274030685425,0.6451897621154785
1474,0.5761757493019104,-1.2733007669448853,0.1466938305273655,0.5898207167163492,0.6067012063413861,1.2535395622253418,1.115638017654419,1.2535395622253418,1.115638017654419,2.4927597045898438,1.115638017654419,0.41826725006103516,0.005400896072387695,0.41826725006103516,0.005400896072387695,0.7694577574729919,0.35245221853256226
1475,-0.5710740685462952,-0.5195282697677612,0.15872741655136136,0.10368113199869805,0.5584640842986603,1.15765380859375,0.3618655204772949,1.15765380859375,0.3618655204772949,1.0904719829559326,0.3618655204772949,0.45724084973335266,0.01263439655303955,0.45724084973335266,0.01263439655303955,0.41715872287750244,0.01562550663948059
1476,0.808263897895813,0.028989024460315704,0.0027160533269245946,0.32850855285922687,0.07333083045979344,0.2752515375614166,0.17489704489707947,0.2752515375614166,0.17489704489707947,0.10170772671699524,0.18665167689323425,0.2752515375614166,0.0905093178153038,0.2752515375614166,0.0905093178153038,0.2804061472415924,0.08465485274791718
1477,-0.46885308623313904,-0.04204482585191727,0.21543343532830472,0.22275513689965004,0.18874953523278235,0.8948275446891785,0.09831804037094116,0.8948275446891785,0.09831804037094116,0.7606428265571594,0.09831804037094116,0.24167415499687195,0.25480222702026367,0.24167415499687195,0.25480222702026367,0.16999609768390656,0.3176579475402832
1478,-0.2933405041694641,-0.017817102372646332,0.039618917616705274,0.4506068986157575,0.28457024419059357,0.3789801299571991,0.3233020007610321,0.3789801299571991,0.3233020007610321,0.27449873089790344,0.1398455798625946,0.3789801299571991,0.03560835123062134,0.3789801299571991,0.03560835123062134,0.2990548312664032,0.13482555747032166
1479,1.0822463035583496,-0.1116539016366005,0.028579452919463344,0.16318773397554948,0.24642703893283996,0.3154740631580353,0.046008773148059845,0.3154740631580353,0.046008773148059845,0.5173819065093994,0.046008773148059845,0.3154740631580353,0.060356855392456055,0.3154740631580353,0.060356855392456055,0.2045688033103943,0.15778213739395142
1480,-1.2628587484359741,-0.3345455825328827,0.2330116373610993,0.08489577605078624,0.259188829033325,0.8050400018692017,0.17688295245170593,0.8050400018692017,0.17688295245170593,0.6310707926750183,0.17688295245170593,0.1989917755126953,0.1213885247707367,0.1989917755126953,0.1213885247707367,0.12011580169200897,0.07220606505870819
1481,-0.711034893989563,0.06007329374551773,0.12402538855249673,0.6036920114358265,0.19612063982213535,0.5468398928642273,0.31723180413246155,0.5468398928642273,0.31723180413246155,0.016024604439735413,0.21773600578308105,0.5468398928642273,0.17645859718322754,0.5468398928642273,0.17645859718322754,0.5106417536735535,0.23185700178146362
1482,0.9828309416770935,-0.41817304491996765,0.06154358762005957,0.5047944738591711,0.3716376909737785,1.7164993286132812,0.6616897583007812,1.7164993286132812,0.6616897583007812,1.3294153213500977,0.2605103552341461,0.5133168697357178,0.15649333596229553,0.5133168697357178,0.15649333596229553,0.32326820492744446,0.24128767848014832
1483,-1.562366247177124,-0.7489286065101624,0.2243565102666617,0.23063903575763112,0.5191734066046775,1.2352861166000366,0.5912659168243408,1.2352861166000366,0.5912659168243408,2.284545421600342,0.5912659168243408,0.41710397601127625,0.07769376039505005,0.41710397601127625,0.07769376039505005,0.5715804696083069,0.16425968706607819
1484,-1.3963903188705444,-0.12441892176866531,0.16095391793797414,0.5823210664590199,0.3223133809740344,0.5115889310836792,0.25460100173950195,0.5115889310836792,0.25460100173950195,0.25471094250679016,0.03324378281831741,0.5115889310836792,0.17108893394470215,0.5115889310836792,0.17108893394470215,0.4415279030799866,0.2973901033401489
1485,-0.47937074303627014,-0.7849159240722656,0.2417711437245209,0.6449742357929549,0.32530201065043607,1.9486005306243896,0.9926939010620117,1.9486005306243896,0.9926939010620117,1.6476067304611206,0.6272533535957336,0.6684876680374146,0.3452976644039154,0.6684876680374146,0.3452976644039154,0.5018070340156555,0.22048310935497284
1486,-1.6344316005706787,-1.2832481861114502,0.058304738240937404,0.5579453814153872,0.5601349877317745,0.8618730306625366,1.1255855560302734,0.8618730306625366,1.1255855560302734,1.8319125175476074,1.1255855560302734,0.3714483380317688,0.08891046047210693,0.3714483380317688,0.08891046047210693,0.7078863382339478,0.41421690583229065
1487,-0.2603914141654968,-1.0070887804031372,0.18275044173002253,0.1098083813488483,0.4910574021190405,0.5958524942398071,0.8494262099266052,0.5958524942398071,0.8494262099266052,1.2138493061065674,0.8494262099266052,0.24420124292373657,0.28786301612854004,0.24420124292373657,0.28786301612854004,0.43574079871177673,0.3874981999397278
1488,-0.7545868754386902,-1.1363087892532349,0.07278089391688503,0.6956228799869617,0.28999400955935317,1.4190908670425415,0.821668803691864,1.4190908670425415,0.821668803691864,1.6763916015625,0.9786459803581238,0.790947437286377,0.05808913707733154,0.790947437286377,0.05808913707733154,0.8637999892234802,0.14075636863708496
1489,-0.7950455546379089,-0.7287883162498474,0.02626092362528054,0.0013826291387277756,0.5329591945993403,0.8254733085632324,0.5711256265640259,0.8254733085632324,0.5711256265640259,1.0626698732376099,0.5711256265640259,0.30785343050956726,0.13280892372131348,0.30785343050956726,0.13280892372131348,0.3793097138404846,0.15432339906692505
1490,0.19676275551319122,-0.7576505541801453,0.041909856920441135,0.2858914775153002,0.20637654532988847,0.6257728338241577,0.5111649036407471,0.6257728338241577,0.5111649036407471,0.6945858001708984,0.5999878644943237,0.382559210062027,0.15661436319351196,0.382559210062027,0.15661436319351196,0.41868069767951965,0.20302638411521912
1491,-1.5096760988235474,-0.7380634546279907,0.14522960570951304,0.2909270182127752,0.3688933677102131,0.6513118147850037,0.5804007649421692,0.6513118147850037,0.5804007649421692,1.415330171585083,0.5804007649421692,0.2452063262462616,0.026056528091430664,0.2452063262462616,0.026056528091430664,0.4273032546043396,0.18697039783000946
1492,-0.9168309569358826,-0.5267939567565918,0.16046522326767443,0.20921007778495554,0.35206607725471256,0.4642522633075714,0.3691312074661255,0.4642522633075714,0.3691312074661255,0.3822667896747589,0.3691312074661255,0.14525958895683289,0.21487334370613098,0.14525958895683289,0.21487334370613098,0.09552103281021118,0.17069709300994873
1493,-0.4715340733528137,-1.0018527507781982,0.09708715113500749,0.6496835540110867,0.031609371217588667,1.5894266366958618,0.9155043959617615,1.5894266366958618,0.9155043959617615,1.8979825973510742,0.9155043959617615,0.7313750982284546,0.07972228527069092,0.7313750982284546,0.07972228527069092,0.8234397172927856,0.11237162351608276
1494,-1.7567557096481323,-1.024939775466919,0.0627359255279103,0.3246021882196267,0.5396008383606871,0.7875349521636963,0.8672770857810974,0.7875349521636963,0.8672770857810974,1.3431510925292969,0.8672770857810974,0.34629344940185547,0.06483709812164307,0.34629344940185547,0.06483709812164307,0.5668917894363403,0.2766038179397583
1495,-0.7873861193656921,-0.9886680841445923,0.24408176681647697,0.12063498320678878,0.40047865970681107,0.3459458351135254,0.8310053944587708,0.3459458351135254,0.8310053944587708,1.0165293216705322,0.8310053944587708,0.19248342514038086,0.2788390517234802,0.19248342514038086,0.2788390517234802,0.40249666571617126,0.4192202389240265
1496,-0.470318466424942,-1.3306447267532349,0.04614428251981728,0.7677154592052103,0.2933123106136918,1.524397850036621,1.0183265209197998,1.524397850036621,1.0183265209197998,1.6609416007995605,1.1729819774627686,0.9056344032287598,0.20093297958374023,0.9056344032287598,0.20093297958374023,0.9675446152687073,0.2822027802467346
1497,-2.809230089187622,-0.9790276288986206,0.06866024689127992,0.2532218725855151,0.57099332878987,0.9032287001609802,0.8213649392127991,0.9032287001609802,0.8213649392127991,1.3278295993804932,0.8213649392127991,0.36332494020462036,0.053876399993896484,0.36332494020462036,0.053876399993896484,0.5525655746459961,0.23285284638404846
1498,-0.37596285343170166,-1.3073350191116333,0.5919216138496992,0.11572303619235769,0.3762178138643505,0.920100748538971,0.6899479627609253,0.920100748538971,0.6899479627609253,1.486435890197754,1.149672508239746,0.6899479627609253,0.29499709606170654,0.6899479627609253,0.29499709606170654,0.8108455538749695,0.3518959879875183
1499,0.350681871175766,-1.6675148010253906,0.0432935508775214,1.2067032520783445,0.28063242541005207,2.4574406147003174,1.3555573225021362,2.4574406147003174,1.3555573225021362,2.7291479110717773,1.5098521709442139,1.3090312480926514,0.12209081649780273,1.3090312480926514,0.12209081649780273,1.3783273696899414,0.19717508554458618
