k,n_k,n_k_plus1,j_start,j_end,critical_value_95,critical_value_99,mean,std,adjustment_factor,penalty_factor
1,141,199,58,99,81.59353512222084,88.59578251023692,61.72671890258789,6.236128807067871,1.131704254122185,0.1
2,199,282,83,141,110.65154912163815,115.17501595823519,90.66603088378906,5.5848870277404785,1.1179006412638108,0.1
3,282,399,117,200,155.65559686544754,161.02238121575837,132.87255859375,6.058650016784668,1.1020516474550097,0.1
4,399,565,166,283,217.03141454318046,219.14744346904214,193.15296936035156,5.027428150177002,1.083330638355674,0.1
5,565,799,234,400,299.5580278709811,304.10729871110703,275.5981750488281,4.6410017013549805,1.0588672417070677,0.1
6,799,1131,332,566,399.61187744140625,403.9867248535156,392.364990234375,4.104837417602539,1.0,0.1
