{
  "regime_1_coefs": [
    0.8303464344937657,
    0.14674381951386536,
    0.02402454988740057
  ],
  "regime_2_coefs": [
    0.14674381951386536,
    0.8303464344937657,
    0.02402454988740057
  ],
  "regime_3_coefs": [
    0.14674381951386536,
    0.02402454988740057,
    0.8303464344937657
  ],
  "noise_sigma": 1.0287590256200527,
  "regime_lengths": [
    500,
    500,
    500
  ],
  "randomized": true
}