end_index,window_len,y_true,y_hat,shap_lag_t-1,shap_lag_t-2,shap_lag_t-3,faithfulness_prtb_p90,faithfulness_sqnc_p90,faithfulness_prtb_p70,faithfulness_sqnc_p70,faithfulness_prtb_p50,faithfulness_sqnc_p50,ablation_mif_p90,ablation_lif_p90,ablation_mif_p70,ablation_lif_p70,ablation_mif_p50,ablation_lif_p50
198,141,2.1361501216888428,0.7843209505081177,0.9882271002605556,0.7374977412633598,0.2730158413760366,0.0667417049407959,0.1531010866165161,0.0667417049407959,0.1531010866165161,0.3267239034175873,0.48640742897987366,0.1531010866165161,0.013104677200317383,0.1531010866165161,0.013104677200317383,0.3197542428970337,0.06592738628387451
199,141,1.5095924139022827,0.4789578914642334,0.8300446544960141,0.506637020492926,0.28529512370936594,0.04744845628738403,0.11073905229568481,0.04744845628738403,0.11073905229568481,0.12859556078910828,0.2728181481361389,0.11073905229568481,0.030277997255325317,0.11073905229568481,0.030277997255325317,0.19177860021591187,0.06678064167499542
200,141,1.9632477760314941,0.7041226029396057,0.774788545469443,0.6791845929871001,0.3118714158485336,0.009191811084747314,0.032205939292907715,0.009191811084747314,0.032205939292907715,0.20690864324569702,0.3120126724243164,0.032205939292907715,0.05051827430725098,0.032205939292907715,0.05051827430725098,0.17210930585861206,0.12023809552192688
201,141,3.213716506958008,0.7001982927322388,0.7014144110741714,0.5134051111961404,0.36316928923750935,0.021653056144714355,0.040846407413482666,0.021653056144714355,0.040846407413482666,0.09190857410430908,0.1915874481201172,0.040846407413482666,0.036866068840026855,0.040846407413482666,0.036866068840026855,0.11621692776679993,0.07505369186401367
202,141,2.849750280380249,1.3462860584259033,1.182149469641348,0.6772489952047664,0.325779595238467,0.32584428787231445,0.32584428787231445,0.32584428787231445,0.32584428787231445,0.45018672943115234,0.7824217081069946,0.32584428787231445,0.1108858585357666,0.32584428787231445,0.1108858585357666,0.5541329979896545,0.2216585874557495
203,141,3.343749761581421,1.5252989530563354,1.233063660214344,0.9258951048987609,0.41977983624363935,0.14940452575683594,0.24980032444000244,0.14940452575683594,0.24980032444000244,0.7363112568855286,0.8911035060882568,0.24980032444000244,0.10235941410064697,0.24980032444000244,0.10235941410064697,0.5704519152641296,0.280035138130188
204,141,4.590755462646484,1.7678155899047852,1.379566292762756,0.7948228207975625,0.4330083247274161,0.4909038543701172,0.4909038543701172,0.4909038543701172,0.4909038543701172,1.0290336608886719,1.2190990447998047,0.4909038543701172,0.23411059379577637,0.4909038543701172,0.23411059379577637,0.8550014495849609,0.43260252475738525
205,141,3.230504274368286,1.7905182838439941,1.2633862287333861,0.7847081234787274,0.4235300738938772,0.25474274158477783,0.25474274158477783,0.25474274158477783,0.25474274158477783,0.5381187200546265,0.9086516499519348,0.25474274158477783,0.11863493919372559,0.25474274158477783,0.11863493919372559,0.5816972255706787,0.2608587145805359
206,141,2.847743034362793,1.7975990772247314,1.2334215392606955,0.9218439773345986,0.49961853806550316,0.03215742111206055,0.3811262845993042,0.03215742111206055,0.3811262845993042,0.5333254337310791,1.0539114475250244,0.3811262845993042,0.20101714134216309,0.3811262845993042,0.20101714134216309,0.7175188660621643,0.44193577766418457
207,141,3.0685698986053467,2.0592737197875977,1.1441063627103965,0.994356752509872,0.6621292038510243,0.0036673545837402344,0.24318230152130127,0.0036673545837402344,0.24318230152130127,0.2016463279724121,0.9408365488052368,0.24318230152130127,0.33596158027648926,0.24318230152130127,0.33596158027648926,0.592009425163269,0.5934852361679077
208,141,1.7999132871627808,2.055107831954956,1.45662752982229,0.8918569665402174,0.4861383238062258,0.6223260164260864,0.6940697431564331,0.6223260164260864,0.6940697431564331,1.2949965000152588,1.5381091833114624,0.6940697431564331,0.2643930912017822,0.6940697431564331,0.2643930912017822,1.1160894632339478,0.5277475714683533
209,141,1.7505766153335571,2.192387580871582,0.9775729400912923,1.0449825848142305,0.6852195955316227,0.5754319429397583,1.1834839582443237,0.5754319429397583,1.1834839582443237,0.6950496435165405,1.1834839582443237,0.5754319429397583,0.43289315700531006,0.5754319429397583,0.43289315700531006,0.879457950592041,0.6728136539459229
210,141,2.5404889583587646,1.9856938123703003,1.2508902126395454,0.8451156898432721,0.601347994015863,0.0728766918182373,0.5172152519226074,0.0728766918182373,0.5172152519226074,0.19418752193450928,1.2060043811798096,0.5172152519226074,0.4077599048614502,0.5172152519226074,0.4077599048614502,0.8616098165512085,0.6639909744262695
211,141,1.3396568298339844,1.6134681701660156,1.4014309596021972,0.6960702541222179,0.31418910366793407,0.8746117949485779,0.8746117949485779,0.8746117949485779,0.8746117949485779,1.1685543060302734,1.4660052061080933,0.8746117949485779,0.20794224739074707,0.8746117949485779,0.20794224739074707,1.1703084707260132,0.416982501745224
212,141,2.2207517623901367,1.7272381782531738,0.9745572331796089,0.9607640044266977,0.4930667663986483,0.018923044204711914,0.3083786964416504,0.018923044204711914,0.3083786964416504,0.36954283714294434,0.8014418482780457,0.3083786964416504,0.19682860374450684,0.3083786964416504,0.19682860374450684,0.5549103021621704,0.43872785568237305
213,141,1.986142873764038,1.7618765830993652,1.344931219210848,0.6591224515438081,0.45307443925179536,0.5843539237976074,0.7530317306518555,0.5843539237976074,0.7530317306518555,0.6270053386688232,1.265474796295166,0.7530317306518555,0.3211406469345093,0.7530317306518555,0.3211406469345093,1.0092532634735107,0.5038938522338867
214,141,0.5497954487800598,2.110536575317383,1.2937999850387376,0.9627308238918579,0.36993454838792506,0.5131939649581909,0.624038815498352,0.5131939649581909,0.624038815498352,1.340622901916504,1.4848546981811523,0.624038815498352,0.2006971836090088,0.624038815498352,0.2006971836090088,1.0544466972351074,0.5009145140647888
215,141,1.0453065633773804,1.4826385974884033,0.747276639472693,0.9150755843147639,0.5501502886973322,0.42067909240722656,0.7451584339141846,0.42067909240722656,0.7451584339141846,0.11460161209106445,0.7451584339141846,0.49726879596710205,0.31517720222473145,0.49726879596710205,0.31517720222473145,0.6212136149406433,0.4289994239807129
216,141,0.4776647686958313,1.252537727355957,1.060202019773424,0.5382926380634305,0.5028068587556482,0.039563655853271484,0.4797726273536682,0.039563655853271484,0.4797726273536682,0.18949437141418457,0.6989414691925049,0.4797726273536682,0.2870960831642151,0.4797726273536682,0.2870960831642151,0.5893570184707642,0.3863523304462433
217,141,1.8432968854904175,0.6506469249725342,0.6874765868484976,0.6116729043424127,0.19033823102712621,0.04141288995742798,0.23514366149902344,0.04141288995742798,0.23514366149902344,0.32368505001068115,0.6319335699081421,0.23514366149902344,0.09274482727050781,0.23514366149902344,0.09274482727050781,0.43353861570358276,0.2818472981452942
218,141,1.5046443939208984,1.2949718236923218,1.0411774442841613,0.519714439523717,0.4596399100249009,0.34950947761535645,0.34950947761535645,0.34950947761535645,0.34950947761535645,0.07930552959442139,0.546719491481781,0.34950947761535645,0.20591652393341064,0.34950947761535645,0.20591652393341064,0.4481144845485687,0.2729385495185852
219,141,0.96297687292099,1.4774022102355957,1.0144524982819951,0.8304784693072238,0.23813426564137186,0.3302421569824219,0.4590427875518799,0.3302421569824219,0.4590427875518799,0.9093300700187683,1.0839693546295166,0.4590427875518799,0.06952643394470215,0.4590427875518799,0.06952643394470215,0.7715060710906982,0.29815056920051575
220,141,1.3690751791000366,1.5785415172576904,0.7654884649192292,0.7947286902492245,0.5827335125704609,0.2610437870025635,0.7089359164237976,0.2610437870025635,0.7089359164237976,0.2840430736541748,0.7089359164237976,0.35951757431030273,0.3033154010772705,0.35951757431030273,0.3033154010772705,0.5342267751693726,0.47704750299453735
221,141,2.374194383621216,1.2651044130325317,0.9712324822942416,0.5527620836223164,0.3610356786722937,0.5078027844429016,0.5787004828453064,0.5078027844429016,0.5787004828453064,0.6420450210571289,0.9206429719924927,0.5787004828453064,0.18801093101501465,0.5787004828453064,0.18801093101501465,0.7496716976165771,0.3330565094947815
222,141,1.6301629543304443,1.6626652479171753,1.2206567710141345,0.6719419872264063,0.32917391980687793,0.7212691307067871,0.7212691307067871,0.7212691307067871,0.7212691307067871,0.8264861702919006,1.226057767868042,0.7212691307067871,0.1443500518798828,0.7212691307067871,0.1443500518798828,0.9736634492874146,0.30493390560150146
223,141,2.1912271976470947,1.5991138219833374,0.9518112155174219,0.820322753836711,0.3363807881002623,0.2421131134033203,0.528084397315979,0.2421131134033203,0.528084397315979,0.7579593658447266,1.1190621852874756,0.528084397315979,0.15509772300720215,0.528084397315979,0.15509772300720215,0.8235732913017273,0.40748441219329834
224,141,2.164013147354126,1.7641961574554443,1.1425736605220786,0.655874354060118,0.5048717666914067,0.39970409870147705,0.4678395986557007,0.39970409870147705,0.4678395986557007,0.6269959211349487,0.9569059610366821,0.4678395986557007,0.25960659980773926,0.4678395986557007,0.25960659980773926,0.7123727798461914,0.4238910675048828
225,141,0.9404405355453491,1.7024271488189697,0.8780251640329757,0.7685448909799257,0.4336170557389658,0.32530736923217773,0.3326082229614258,0.32530736923217773,0.3326082229614258,0.8591352105140686,0.8694502711296082,0.3326082229614258,0.15489649772644043,0.3326082229614258,0.15489649772644043,0.6010292768478394,0.3688157796859741
226,141,0.8092023134231567,1.3806613683700562,0.7058710796634355,0.7669841225693622,0.3290780160079403,0.5180770754814148,1.0018398761749268,0.5180770754814148,1.0018398761749268,0.389008104801178,1.0018398761749268,0.5274551510810852,0.22247576713562012,0.5274551510810852,0.22247576713562012,0.7646474838256836,0.4280719459056854
227,141,-0.013083788566291332,1.0711458921432495,0.7093991057202219,0.48223225776106116,0.3155451764166357,0.17238128185272217,0.3383163809776306,0.17238128185272217,0.3383163809776306,0.21809792518615723,0.5960337519645691,0.3383163809776306,0.17489725351333618,0.3383163809776306,0.17489725351333618,0.46717506647109985,0.2928263545036316
228,141,1.1586054563522339,0.7361694574356079,0.34696711353957654,0.5010049438104034,0.18534458365291362,0.2520830035209656,0.2972758412361145,0.2520830035209656,0.2972758412361145,0.27978479862213135,0.2972758412361145,0.30543726682662964,0.12184619903564453,0.30543726682662964,0.12184619903564453,0.30135655403137207,0.1180381178855896
229,141,0.872506856918335,0.7882833480834961,0.923669178808729,0.14557231909284996,0.16126548698792853,0.6708717346191406,0.6708717346191406,0.6708717346191406,0.6708717346191406,0.7340612411499023,0.7766927480697632,0.6708717346191406,0.004222750663757324,0.6708717346191406,0.004222750663757324,0.7262260913848877,0.05502516031265259
230,141,0.4356223940849304,0.913429856300354,0.6753563083832461,0.4755733583619197,0.04361163855840777,0.287807822227478,0.4442051351070404,0.287807822227478,0.4442051351070404,0.6235131025314331,0.7932493686676025,0.4442051351070404,0.0016289949417114258,0.4442051351070404,0.0016289949417114258,0.6187272667884827,0.15377181768417358
231,141,0.08128677308559418,0.8679670095443726,0.4267998665074508,0.4053362439821163,0.31024430739382924,0.08785927295684814,0.1497124433517456,0.08785927295684814,0.1497124433517456,0.03556215763092041,0.3733048141002655,0.1497124433517456,0.17875134944915771,0.1497124433517456,0.17875134944915771,0.26150864362716675,0.29740285873413086
232,141,-1.230102777481079,0.4009729027748108,0.295690921007966,0.247070769284231,0.10397402050749704,0.3604264259338379,0.04412621259689331,0.3604264259338379,0.04412621259689331,0.3607456684112549,0.17277981340885162,0.04412621259689331,0.0701524019241333,0.04412621259689331,0.0701524019241333,0.10845301300287247,0.1341145634651184
233,141,0.5111925601959229,-0.6205838322639465,0.40775225749705013,0.14709401195403185,0.12178503819741343,1.4479401111602783,0.6672372817993164,1.4479401111602783,0.6672372817993164,1.5213086605072021,0.6363818645477295,0.6672372817993164,0.08880168199539185,0.6672372817993164,0.08880168199539185,0.651809573173523,0.10544371604919434
234,141,0.2531009912490845,-0.17305362224578857,0.545626813589285,0.2834411518958707,0.06467382500569013,0.32643288373947144,0.32643288373947144,0.32643288373947144,0.32643288373947144,0.698485791683197,0.13578873872756958,0.32643288373947144,0.01123751699924469,0.32643288373947144,0.01123751699924469,0.2311108112335205,0.22482749819755554
235,141,-3.030917167663574,0.33475518226623535,0.43106118695189566,0.34173910362025095,0.10410240373263757,0.0027890801429748535,0.14509449899196625,0.0027890801429748535,0.14509449899196625,0.1809859573841095,0.3344600796699524,0.14509449899196625,0.1666845679283142,0.14509449899196625,0.1666845679283142,0.23977729678153992,0.08858734369277954
236,141,-1.3730506896972656,-1.4677553176879883,1.3456665406997008,0.21878763565172754,0.1463824466367566,2.8158493041992188,1.6228444576263428,2.8158493041992188,1.6228444576263428,2.8166656494140625,1.5229300260543823,1.6228444576263428,0.10344076156616211,1.6228444576263428,0.10344076156616211,1.5728871822357178,0.1528986692428589
237,141,-2.258326530456543,-1.8588870763778687,0.5462541662218672,0.9069996104824042,0.12981926375379138,2.0454745292663574,1.8064970970153809,2.0454745292663574,1.8064970970153809,3.2606661319732666,1.8064970970153809,1.0588217973709106,0.052065372467041016,1.0588217973709106,0.052065372467041016,1.432659387588501,0.31010448932647705
238,141,-2.49025297164917,-2.377983331680298,0.904443855608503,0.5019809525335828,0.6605668715263405,1.4022719860076904,0.9185519218444824,1.4022719860076904,0.9185519218444824,2.832996368408203,2.560349464416504,0.9185519218444824,0.46177148818969727,0.9185519218444824,0.46177148818969727,1.3627808094024658,0.9076802730560303
239,141,-1.6755023002624512,-2.289980411529541,0.9409107774496077,0.6353497239574788,0.2558116865530615,1.6586946249008179,1.0396809577941895,1.6586946249008179,1.0396809577941895,2.795076847076416,1.8494417667388916,1.0396809577941895,0.27427053451538086,1.0396809577941895,0.27427053451538086,1.4445613622665405,0.6405451893806458
240,141,-3.4455037117004395,-2.1157844066619873,0.6366693394941585,0.6869752635558448,0.4005514361833533,1.1104999780654907,1.6333274841308594,1.1104999780654907,1.6333274841308594,1.982783555984497,1.6333274841308594,0.7797325849533081,0.44275999069213867,0.7797325849533081,0.44275999069213867,1.2065300941467285,0.8420040607452393
241,141,-3.8832693099975586,-2.862706422805786,1.2644356735795734,0.49142168343067194,0.47951365388929834,2.2951903343200684,1.37971031665802,2.2951903343200684,1.37971031665802,3.0463674068450928,2.1890342235565186,1.37971031665802,0.6049814224243164,1.37971031665802,0.6049814224243164,1.784372329711914,0.9255291223526001
242,141,-3.945280075073242,-2.6842949390411377,1.2429561520057426,0.7806246765206257,0.2610783073368168,2.237715244293213,1.2415579557418823,2.237715244293213,1.2415579557418823,3.782285213470459,2.2836663722991943,1.2415579557418823,0.2561666965484619,1.2415579557418823,0.2561666965484619,1.7626121044158936,0.6751652359962463
243,141,-2.9549920558929443,-2.936116933822632,1.1666489858676992,0.7622140482564765,0.4707503884037334,1.2874701023101807,1.0745002031326294,1.2874701023101807,1.0745002031326294,2.589148759841919,2.1031975746154785,1.0745002031326294,0.371826171875,1.0745002031326294,0.371826171875,1.5888488292694092,0.8266165256500244
244,141,-3.2208354473114014,-2.735544204711914,0.9385864644994338,0.8416492402677733,0.5285525412236654,0.8951288461685181,0.8951288461685181,0.8951288461685181,0.8951288461685181,2.4158198833465576,1.9772655963897705,0.8951288461685181,0.4409811496734619,0.8951288461685181,0.4409811496734619,1.436197280883789,0.9645478129386902
245,141,-1.0586953163146973,-2.7270586490631104,1.0310879185299084,0.7116295631478226,0.6071410869310299,1.129145860671997,1.0294915437698364,1.129145860671997,1.0294915437698364,2.1930794715881348,2.0664708614349365,1.0294915437698364,0.5268003940582275,1.0294915437698364,0.5268003940582275,1.5479812622070312,1.0426695346832275
246,141,-1.3427774906158447,-2.2208592891693115,0.3432891283960391,0.8977624307510755,0.5055292739005138,2.0214929580688477,1.7213106155395508,2.0214929580688477,1.7213106155395508,2.8841395378112793,2.5719473361968994,1.0923367738723755,0.4579659700393677,1.0923367738723755,0.4579659700393677,1.5093011856079102,0.8232482075691223
247,141,-3.744128942489624,-1.978588581085205,0.49780940610915425,0.29054377924650887,0.5753738182783128,1.3564355373382568,2.097538948059082,1.3564355373382568,2.097538948059082,2.2352101802825928,2.097538948059082,0.7924160957336426,0.4243878126144409,0.7924160957336426,0.4243878126144409,1.1805168390274048,0.8214803338050842
248,141,-2.9001998901367188,-2.307539939880371,1.250044765435159,0.3514546124637129,0.21199563782662167,2.7001585960388184,1.37575101852417,2.7001585960388184,1.37575101852417,3.4021811485290527,2.0883841514587402,1.37575101852417,0.3203226327896118,1.37575101852417,0.3203226327896118,1.732067584991455,0.5669418573379517
249,141,-4.610184192657471,-2.577007293701172,0.8035891341914732,0.9049027269457774,0.21931827017416605,1.814629316329956,2.150500774383545,1.814629316329956,2.150500774383545,3.4947080612182617,2.150500774383545,0.9547947645187378,0.2943243980407715,0.9547947645187378,0.2943243980407715,1.5526478290557861,0.7448024749755859
250,141,-4.2577409744262695,-3.2513062953948975,1.2384604242009423,0.7265528418061629,0.6954585116108261,1.8845165967941284,1.0628211498260498,1.8845165967941284,1.0628211498260498,3.1173465251922607,2.232630968093872,1.0628211498260498,0.6198809146881104,1.0628211498260498,0.6198809146881104,1.647726058959961,1.0998528003692627
251,141,-3.227940320968628,-3.0977537631988525,1.1195910759021839,0.8321895923217131,0.4247891078641022,1.4506621360778809,0.9331135749816895,1.4506621360778809,0.9331135749816895,3.5749645233154297,2.217230796813965,0.9331135749816895,0.3299102783203125,0.9331135749816895,0.3299102783203125,1.5751721858978271,0.8141393065452576
252,141,-3.9717111587524414,-3.2894623279571533,1.0028681956231593,1.001259007938206,0.7350302920863032,1.0890486240386963,1.0890486240386963,1.0890486240386963,1.0890486240386963,3.1889243125915527,2.5961146354675293,1.0890486240386963,0.6841082572937012,1.0890486240386963,0.6841082572937012,1.8425816297531128,1.545973777770996
253,141,-3.4790260791778564,-3.191969871520996,1.1137466542919474,0.72187930268546,0.7156780715038376,1.417654037475586,1.0787997245788574,1.417654037475586,1.0787997245788574,2.5379815101623535,2.1307942867279053,1.0787997245788574,0.653965950012207,1.0787997245788574,0.653965950012207,1.6047970056533813,1.1876158714294434
254,141,-1.6228786706924438,-3.151625394821167,1.0849272259573137,0.9617614796633522,0.5810154332468911,1.2333711385726929,1.1092514991760254,1.2333711385726929,1.1092514991760254,3.2579519748687744,2.6866838932037354,1.1092514991760254,0.5810134410858154,1.1092514991760254,0.5810134410858154,1.8979676961898804,1.2697842121124268
255,141,-2.370110034942627,-2.624389886856079,0.4266374429066979,0.8823542232190569,0.7435149726395802,1.8198637962341309,1.5172524452209473,1.8198637962341309,1.5172524452209473,3.8083314895629883,3.3227710723876953,0.7545188665390015,0.46472668647766113,0.7545188665390015,0.46472668647766113,1.5937349796295166,0.9324693083763123
256,141,-4.701554298400879,-2.81845760345459,0.9075107528393467,0.4573737928022943,0.7442325286691387,1.4511709213256836,1.0381355285644531,1.4511709213256836,1.0381355285644531,3.308793783187866,3.20686936378479,1.0381355285644531,0.6166632175445557,1.0381355285644531,0.6166632175445557,1.6716376543045044,1.1920225620269775
257,141,-5.640444755554199,-3.075000047683716,1.317311648825805,0.6435599672670163,0.33759674085924996,3.0830557346343994,1.4668549299240112,3.0830557346343994,1.4668549299240112,4.154947280883789,2.66463041305542,1.4668549299240112,0.39404726028442383,1.4668549299240112,0.39404726028442383,2.0657427310943604,0.8430331349372864
258,141,-4.630559921264648,-3.4696388244628906,1.5671717312186955,0.8921882200241089,0.3333834908157587,3.168388843536377,1.6225911378860474,3.168388843536377,1.6225911378860474,4.776180267333984,3.15626859664917,1.6225911378860474,0.2998638153076172,1.6225911378860474,0.2998638153076172,2.389429807662964,0.8418945074081421
259,141,-3.9932024478912354,-3.6386830806732178,1.3954148104786874,1.068384767621756,0.5665943646430964,1.499739408493042,1.499739408493042,1.499739408493042,1.499739408493042,3.82944917678833,3.3470630645751953,1.499739408493042,0.4825594425201416,1.499739408493042,0.4825594425201416,2.423401355743408,1.284359097480774
260,141,-4.6248345375061035,-3.377725124359131,1.0631085350861151,0.8788176129510017,0.6527538429697342,0.9739446640014648,0.9739446640014648,0.9739446640014648,0.9739446640014648,2.683990240097046,2.313926935195923,0.9739446640014648,0.49816274642944336,0.9739446640014648,0.49816274642944336,1.6439357995986938,1.1764096021652222
261,141,-1.8958942890167236,-3.3977110385894775,1.2039620902885997,0.8267004714657864,0.6449556774397687,1.368492841720581,1.082216739654541,1.368492841720581,1.082216739654541,2.7934610843658447,2.4481377601623535,1.082216739654541,0.5198774337768555,1.082216739654541,0.5198774337768555,1.7651772499084473,1.1479190587997437
262,141,-3.879373550415039,-3.167004346847534,0.5121920465181271,1.2172540819148228,0.6772599980483447,2.6737542152404785,2.4414596557617188,2.6737542152404785,2.4414596557617188,3.9880430698394775,3.967477321624756,1.4151617288589478,0.6382982730865479,1.4151617288589478,0.6382982730865479,2.1369516849517822,1.1527000665664673
263,141,-3.387152910232544,-3.003425121307373,1.0299261237743,0.39430237517381705,0.8129607669512431,1.8231524229049683,1.013996958732605,1.8231524229049683,1.013996958732605,3.927253246307373,3.4170243740081787,1.013996958732605,0.3740668296813965,1.013996958732605,0.3740668296813965,1.7519404888153076,1.0149946212768555
264,141,-3.0991764068603516,-2.8374714851379395,0.875526224325101,0.8875432843590771,0.35847044965873165,1.7460355758666992,2.5250136852264404,1.7460355758666992,2.5250136852264404,3.8195509910583496,2.5250136852264404,0.9462721347808838,0.43477773666381836,0.9462721347808838,0.43477773666381836,1.735642910003662,1.049199104309082
265,141,-1.7037019729614258,-3.079805374145508,0.9186657568812369,0.8627332722395658,0.7535246234387163,0.9650015830993652,0.9650015830993652,0.9650015830993652,0.9650015830993652,2.552072048187256,2.368398427963257,0.9650015830993652,0.6484813690185547,0.9650015830993652,0.6484813690185547,1.666700005531311,1.514176607131958
266,141,-1.8390671014785767,-2.60658597946167,0.44115670278668406,0.822636511437595,0.5690498233214019,1.6116079092025757,1.7464654445648193,1.6116079092025757,1.7464654445648193,3.023223876953125,3.0071206092834473,0.9965537786483765,0.5865533351898193,0.9965537786483765,0.5865533351898193,1.5435857772827148,1.0309505462646484
267,141,-0.9610998630523682,-2.0320796966552734,0.5105284897734721,0.39394209643205014,0.5761934235443671,1.184476613998413,2.5263686180114746,1.184476613998413,2.5263686180114746,2.2135941982269287,2.5263686180114746,0.8297668695449829,0.6254587173461914,0.8297668695449829,0.6254587173461914,1.3038156032562256,1.0728890895843506
268,141,-0.8565089702606201,-1.8551263809204102,0.26465552440534035,0.5544596290836733,0.31648146695146945,1.5252853631973267,1.5925365686416626,1.5252853631973267,1.5925365686416626,2.3273637294769287,2.2659339904785156,0.9780958890914917,0.5393880605697632,0.9780958890914917,0.5393880605697632,1.3285112380981445,0.8681618571281433
269,141,0.03931272029876709,-1.2363191843032837,0.10249713047718001,0.19763729575400568,0.35497932744522886,1.0987803936004639,1.7417657375335693,1.0987803936004639,1.7417657375335693,1.6536688804626465,1.7417657375335693,0.7201361060142517,0.5135933756828308,0.7201361060142517,0.5135933756828308,0.9955062866210938,0.774299144744873
270,141,0.3422148823738098,-0.2080758810043335,0.4079981230323512,0.017726218675573613,0.008235616398354462,0.023273825645446777,0.023273825645446777,0.023273825645446777,0.023273825645446777,0.7237296104431152,0.3843662738800049,0.023273825645446777,0.29493290185928345,0.023273825645446777,0.29493290185928345,0.20382004976272583,0.46914318203926086
271,141,-0.4179007112979889,0.4335077702999115,0.5667346175263326,0.3822278715918461,0.012453762541214553,0.18091866374015808,0.18091866374015808,0.18091866374015808,0.18091866374015808,0.01956772804260254,0.20618078112602234,0.18091866374015808,0.35804274678230286,0.18091866374015808,0.35804274678230286,0.1935497224330902,0.3483469784259796
272,141,-0.289610892534256,0.3686144948005676,0.2414089001777271,0.4317247404592732,0.13052279929320032,0.14640110731124878,0.09377682209014893,0.14640110731124878,0.09377682209014893,0.464327871799469,0.09377682209014893,0.14640110731124878,0.010280102491378784,0.14640110731124878,0.010280102491378784,0.12008896470069885,0.11557270586490631
273,141,0.3162868618965149,0.14378876984119415,0.22855823765198394,0.08881469557682681,0.21768832678596176,0.48230570554733276,0.16248206794261932,0.48230570554733276,0.16248206794261932,0.39350032806396484,0.2524069547653198,0.16248206794261932,0.1917913407087326,0.16248206794261932,0.1917913407087326,0.11352532356977463,0.14241287112236023
274,141,0.34492263197898865,0.31182920932769775,0.4411747527541593,0.13977624025195828,0.08347301665227858,0.1589026302099228,0.1589026302099228,0.1589026302099228,0.1589026302099228,0.26870739459991455,0.009045809507369995,0.1589026302099228,0.14087539911270142,0.1589026302099228,0.14087539911270142,0.08397421985864639,0.20817315578460693
275,141,-0.7055586576461792,0.4892272353172302,0.4338107166687646,0.32422527919212984,0.10741283799211188,0.17425835132598877,0.17425835132598877,0.17425835132598877,0.17425835132598877,0.2910999059677124,0.3030509948730469,0.17425835132598877,0.07355165481567383,0.17425835132598877,0.07355165481567383,0.23865467309951782,0.05923128128051758
276,141,0.17150112986564636,0.41278550028800964,0.015292970631271552,0.38911034693010166,0.3012213534582405,0.17502461373806,0.17676600813865662,0.17502461373806,0.17676600813865662,0.3062381446361542,0.04461866617202759,0.17502461373806,0.33256497979164124,0.17502461373806,0.33256497979164124,0.2473897933959961,0.27086958289146423
277,141,-1.1951277256011963,0.1158999502658844,0.3764534061153731,0.036223332757751026,0.20163792622586074,0.0010669827461242676,0.096657395362854,0.0010669827461242676,0.096657395362854,0.07761362195014954,0.11460185050964355,0.096657395362854,0.2799873352050781,0.096657395362854,0.2799873352050781,0.13650032877922058,0.2439160943031311
278,141,-0.919359564781189,-0.6287311315536499,0.433664337520798,0.17290463617692386,0.1263551531111201,1.2913614511489868,0.617210865020752,1.2913614511489868,0.617210865020752,1.2153810262680054,0.5378103852272034,0.617210865020752,0.24907612800598145,0.617210865020752,0.24907612800598145,0.5775105953216553,0.21083982288837433
279,141,-1.0138764381408691,-0.7851671576499939,0.3129148617759345,0.3347575763985514,0.14773056544363472,1.0506516695022583,1.065116286277771,1.0506516695022583,1.065116286277771,1.9217619895935059,1.065116286277771,0.5466668605804443,0.043109893798828125,0.5466668605804443,0.043109893798828125,0.8058915734291077,0.26752784848213196
280,141,0.7163262963294983,-1.1746232509613037,0.3629272668063639,0.221543471030891,0.19117969568818816,0.5911623239517212,0.539943277835846,0.5911623239517212,0.539943277835846,0.9597411155700684,0.9087797999382019,0.539943277835846,0.27996617555618286,0.539943277835846,0.27996617555618286,0.7243615388870239,0.4590434432029724
281,199,-1.0943454504013062,-0.05481458455324173,0.8706989125348628,0.0517056445684283,0.008042237563058885,0.40573349595069885,0.40573349595069885,0.40573349595069885,0.40573349595069885,0.5614233016967773,0.00040534138679504395,0.40573349595069885,0.0986512079834938,0.40573349595069885,0.0986512079834938,0.20306941866874695,0.30255886912345886
282,199,-0.6590057611465454,-0.4666915535926819,0.15464073030278083,0.536995558273047,0.008508999794721528,0.23486226797103882,0.3549707531929016,0.23486226797103882,0.3549707531929016,1.040342092514038,0.3549707531929016,0.23486226797103882,0.13605105876922607,0.23486226797103882,0.13605105876922607,0.2949165105819702,0.4202854335308075
283,199,-0.7373971939086914,-0.42687132954597473,0.12367598071694369,0.10324215188622482,0.12885203823447233,0.0831659734249115,0.6887523531913757,0.0831659734249115,0.6887523531913757,1.0379624366760254,0.6887523531913757,0.0831659734249115,0.3867757320404053,0.0831659734249115,0.3867757320404053,0.20183826982975006,0.5830119848251343
284,199,-0.7778005599975586,-0.9533151984214783,0.039697396711756906,0.03028068597738929,0.07744585266957683,0.32911771535873413,0.9253777265548706,0.32911771535873413,0.9253777265548706,0.7940446138381958,0.9253777265548706,0.2361953854560852,0.2689065933227539,0.2361953854560852,0.2689065933227539,0.4472512900829315,0.4801037311553955
285,199,0.27977657318115234,-0.7036318182945251,0.0687417312959829,0.00046023396154237783,0.0021126607557137786,0.4996722936630249,0.4347973167896271,0.4996722936630249,0.4347973167896271,0.581804096698761,0.7708516716957092,0.4347973167896271,0.2634546756744385,0.4347973167896271,0.2634546756744385,0.47585707902908325,0.3070613443851471
286,199,-1.6970411539077759,-0.4386534094810486,0.6587087623650827,0.017131561314066124,0.017053572249909443,0.1741623878479004,0.1741623878479004,0.1741623878479004,0.1741623878479004,0.5525000691413879,0.13115918636322021,0.1741623878479004,0.10199448466300964,0.1741623878479004,0.10199448466300964,0.1526607871055603,0.26041465997695923
287,199,-2.2886998653411865,-1.1655590534210205,0.5049099701022106,0.2519974989692368,0.03083874614288412,2.1143641471862793,1.1240772008895874,2.1143641471862793,1.1240772008895874,2.050116539001465,1.060326337814331,1.1240772008895874,0.028835177421569824,1.1240772008895874,0.028835177421569824,1.0922017097473145,0.03915703296661377
288,199,-1.315690279006958,-1.7616806030273438,0.8216395153477793,0.30481338210403897,0.046017525680363214,2.448465347290039,1.2593131065368652,2.448465347290039,1.2593131065368652,3.4375243186950684,1.7374939918518066,1.2593131065368652,0.02712535858154297,1.2593131065368652,0.02712535858154297,1.498403549194336,0.22441869974136353
289,199,-0.061182957142591476,-1.8494328260421753,0.36409724596887816,0.5287421306408948,0.1176760529167945,1.2907816171646118,1.778731346130371,1.2907816171646118,1.778731346130371,2.1121327877044678,1.778731346130371,0.9141899347305298,0.29596471786499023,0.9141899347305298,0.29596471786499023,1.3464605808258057,0.7473727464675903
290,199,-0.8070502877235413,-0.5342909097671509,0.38847805986801776,0.1638193358232577,0.09227158916493261,0.032802462577819824,0.032802462577819824,0.032802462577819824,0.032802462577819824,0.6529802083969116,0.379157692193985,0.032802462577819824,0.09702146053314209,0.032802462577819824,0.09702146053314209,0.2059800773859024,0.27805906534194946
291,199,-0.709317684173584,-0.5243651866912842,0.014678868167102371,0.2221542076766489,0.1320570139959454,0.027110189199447632,0.5748462080955505,0.027110189199447632,0.5748462080955505,0.5433062314987183,0.791446328163147,0.027110189199447632,0.5484439730644226,0.027110189199447632,0.5484439730644226,0.14483289420604706,0.6561877727508545
292,199,0.23986613750457764,-0.8180698156356812,0.022241188312570236,0.07330322278042634,0.02374642851452028,0.5221443772315979,0.7437428832054138,0.5221443772315979,0.7437428832054138,0.5285845994949341,0.7489987015724182,0.26751917600631714,0.46703213453292847,0.26751917600631714,0.46703213453292847,0.2698824107646942,0.46924614906311035
293,199,0.31071045994758606,-0.39750537276268005,0.5607977582514285,0.010997304022312138,0.050795509517192916,0.1350584328174591,0.1350584328174591,0.1350584328174591,0.1350584328174591,0.10932877659797668,0.19270431995391846,0.1350584328174591,0.21828801929950714,0.1350584328174591,0.21828801929950714,0.08623450994491577,0.2747039794921875
294,199,-0.5885164737701416,0.1361275017261505,0.6107587165758014,0.3034273593500256,0.00686019010841854,0.18619288504123688,0.18619288504123688,0.18619288504123688,0.18619288504123688,0.2459554374217987,0.2710069417953491,0.18619288504123688,0.08943456411361694,0.18619288504123688,0.08943456411361694,0.2285999059677124,0.04589495062828064
295,199,-0.656587541103363,0.05348661169409752,0.10903205331414939,0.2982518399413675,0.10500251577235759,0.11872434616088867,0.19863134622573853,0.11872434616088867,0.19863134622573853,0.6146955490112305,0.19863134622573853,0.11872434616088867,0.04577215015888214,0.11872434616088867,0.04577215015888214,0.1586778461933136,0.15729168057441711
296,199,-0.23169393837451935,-0.6814550161361694,0.06196836479008198,0.049984831884503325,0.035112773776054464,1.0243287086486816,0.43576759099960327,1.0243287086486816,0.43576759099960327,1.527766466140747,0.6471228003501892,0.43576759099960327,0.01079028844833374,0.43576759099960327,0.01079028844833374,0.5414451956748962,0.10195523500442505
297,199,-0.39765533804893494,-0.520362377166748,0.31188980191946036,0.027733483463525832,0.029986391961574432,0.1423165202140808,0.1423165202140808,0.1423165202140808,0.1423165202140808,0.2838099002838135,0.5060282349586487,0.1423165202140808,0.2704222798347473,0.1423165202140808,0.2704222798347473,0.18621060252189636,0.31695640087127686
298,199,-1.584126591682434,-0.5343698859214783,0.216600930398951,0.14141580476115148,0.04171225662653644,0.35659313201904297,0.25399962067604065,0.35659313201904297,0.25399962067604065,0.47096553444862366,0.36778372526168823,0.25399962067604065,0.1993180811405182,0.25399962067604065,0.1993180811405182,0.31089168787002563,0.2589970827102661
299,199,-1.1886662244796753,-1.1251145601272583,0.5007173490275938,0.03821010431895644,0.025966688903669488,1.7112714052200317,1.0187294483184814,1.7112714052200317,1.0187294483184814,1.9155712127685547,1.1817491054534912,1.0187294483184814,0.0447087287902832,1.0187294483184814,0.0447087287902832,1.1002392768859863,0.1305450201034546
300,199,-1.901883602142334,-1.32461678981781,0.21435333640625093,0.35806896084298684,0.053949668953816254,1.124977707862854,1.4238779544830322,1.124977707862854,1.4238779544830322,2.174729824066162,1.4238779544830322,0.6980448961257935,0.06606471538543701,0.6980448961257935,0.06606471538543701,1.0609614849090576,0.4376271069049835
301,199,-3.6683425903320312,-1.8965511322021484,0.5733104717483124,0.2040757503484686,0.2511186549191672,1.2671105861663818,0.892916202545166,1.2671105861663818,0.892916202545166,1.812731146812439,1.849408745765686,0.892916202545166,0.39448249340057373,0.892916202545166,0.39448249340057373,1.1031150817871094,0.6242857575416565
302,199,-1.5729773044586182,-2.538938045501709,1.2967980226377647,0.3663370180378359,0.06323644268015993,2.8092968463897705,1.7327446937561035,2.8092968463897705,1.7327446937561035,3.594597339630127,2.401334524154663,1.7327446937561035,0.17386770248413086,1.7327446937561035,0.17386770248413086,2.0670394897460938,0.4532751441001892
303,199,-2.042401075363159,-2.531998872756958,0.49503743623693763,0.9452850495403013,0.27329548799743253,2.151427984237671,2.4263617992401123,2.151427984237671,2.4263617992401123,3.196115255355835,2.4263617992401123,1.2882589101791382,0.36949777603149414,1.2882589101791382,0.36949777603149414,1.8573102951049805,0.8786553144454956
304,199,-1.0518944263458252,-2.2049503326416016,0.710351340547204,0.3491915631294251,0.4062443179637194,1.3426685333251953,1.0874004364013672,1.3426685333251953,1.0874004364013672,2.2061338424682617,2.2622933387756348,1.0874004364013672,0.4753776788711548,1.0874004364013672,0.4753776788711548,1.3376163244247437,0.7655615210533142
305,199,-2.6617870330810547,-1.848968505859375,0.22515502264102316,0.541311817069848,0.23754165803392757,1.2493594884872437,1.3731932640075684,1.2493594884872437,1.3731932640075684,1.977043867111206,1.8817038536071777,0.7704291343688965,0.5335695743560791,0.7704291343688965,0.5335695743560791,1.0110400915145874,0.7320657968521118
306,199,-3.5060882568359375,-2.0959205627441406,0.9787127149850127,0.1134074629843238,0.16678428776562204,2.1832430362701416,1.4826527833938599,2.1832430362701416,1.4826527833938599,2.475015163421631,1.9772061109542847,1.4826527833938599,0.294445276260376,1.4826527833938599,0.294445276260376,1.560699701309204,0.42931848764419556
307,199,-1.8344042301177979,-2.9946329593658447,1.5209220864251254,0.63707244053483,0.0834079968556769,3.32784366607666,2.010272264480591,3.32784366607666,2.010272264480591,4.456297874450684,2.911553144454956,2.010272264480591,0.16731929779052734,2.010272264480591,0.16731929779052734,2.4609127044677734,0.5951560139656067
308,199,-1.7152818441390991,-2.5593678951263428,0.7167183106889325,0.9618884091575939,0.30180430096884603,1.7851909399032593,2.4073050022125244,1.7851909399032593,2.4073050022125244,2.974215030670166,2.4073050022125244,1.2112464904785156,0.3571763038635254,1.2112464904785156,0.3571763038635254,1.80927574634552,0.9385162591934204
309,199,-1.6484497785568237,-1.9259717464447021,0.5472684882829588,0.36614615375796955,0.21431084121266997,1.0186996459960938,1.0186996459960938,1.0186996459960938,1.0186996459960938,1.7036328315734863,1.6677830219268799,1.0186996459960938,0.211006760597229,1.0186996459960938,0.211006760597229,1.3432413339614868,0.5251662135124207
310,199,-0.11892767250537872,-1.4319347143173218,0.416779279882709,0.28021817567447815,0.04772275726000497,1.0426344871520996,1.0426344871520996,1.0426344871520996,1.0426344871520996,1.5810275077819824,1.5637085437774658,1.0426344871520996,0.009038448333740234,1.0426344871520996,0.009038448333740234,1.3031715154647827,0.29080453515052795
311,199,-0.7445222735404968,-1.0230075120925903,0.3869721003249287,0.3845442890748384,0.17182239763438678,0.07983243465423584,0.07983243465423584,0.07983243465423584,0.07983243465423584,1.4249883890151978,0.739010214805603,0.07983243465423584,0.24832522869110107,0.07983243465423584,0.24832522869110107,0.40942132472991943,0.595767617225647
312,199,-1.406360149383545,-0.891729474067688,0.03482489692668095,0.15855567636589202,0.22088006963332474,0.7036726474761963,0.9073803424835205,0.7036726474761963,0.9073803424835205,0.7710042595863342,0.9073803424835205,0.32872557640075684,0.49710559844970703,0.32872557640075684,0.49710559844970703,0.35815271735191345,0.5211392641067505
313,199,-1.5510280132293701,-1.3834218978881836,0.43221628208955115,0.07184544590612246,0.1464322790751853,1.6403087377548218,0.8788418173789978,1.6403087377548218,0.8788418173789978,1.666316270828247,1.2779231071472168,0.8788418173789978,0.34972548484802246,0.8788418173789978,0.34972548484802246,0.8931290507316589,0.36576467752456665
314,199,-2.4801223278045654,-1.5727401971817017,0.40459199329217277,0.2820465842386084,0.07976429109772076,1.1407322883605957,0.7344977855682373,1.1407322883605957,0.7344977855682373,1.8367376327514648,1.163098692893982,0.7344977855682373,0.1197425127029419,0.7344977855682373,0.1197425127029419,0.9487982392311096,0.32297009229660034
315,199,-0.10937301069498062,-2.2512755393981934,0.7777671195768437,0.3173202879765694,0.16519522277095056,1.8058902025222778,1.2269093990325928,1.8058902025222778,1.2269093990325928,2.4109113216400146,1.7615041732788086,1.2269093990325928,0.23206043243408203,1.2269093990325928,0.23206043243408203,1.4942067861557007,0.5086425542831421
316,199,-1.7150464057922363,-0.8129252791404724,0.39200993133087936,0.4497660828630128,0.09774315180877857,1.295729637145996,0.7159608602523804,1.295729637145996,0.7159608602523804,1.3565006256103516,0.7159608602523804,0.6555695533752441,0.12997502088546753,0.6555695533752441,0.12997502088546753,0.6857652068138123,0.15962880849838257
317,199,-2.2265472412109375,-1.7476330995559692,0.5669757099946335,0.17633980790773995,0.2545011419554556,2.1311728954315186,1.1204557418823242,2.1311728954315186,1.1204557418823242,2.789496421813965,1.5218104124069214,1.1204557418823242,0.0435490608215332,1.1204557418823242,0.0435490608215332,1.2975645065307617,0.25332915782928467
318,199,-0.9935529232025146,-1.8674697875976562,0.7411477605253458,0.40460193444043413,0.11750785406678932,2.0694546699523926,1.076158046722412,2.0694546699523926,1.076158046722412,3.2465949058532715,1.9006450176239014,1.076158046722412,0.019693613052368164,1.076158046722412,0.019693613052368164,1.4884015321731567,0.34013593196868896
319,199,-2.3375887870788574,-1.4007155895233154,0.13417392363150915,0.3680739469019073,0.09794451470797272,0.8515385389328003,1.1661478281021118,0.8515385389328003,1.1661478281021118,1.461455225944519,1.1661478281021118,0.5683624744415283,0.1911013126373291,0.5683624744415283,0.1911013126373291,0.8672551512718201,0.4807518422603607
320,199,-2.2149758338928223,-2.4640002250671387,0.9965627834635473,0.2224945034707586,0.27927822374428346,2.291612386703491,1.4927719831466675,2.291612386703491,1.4927719831466675,3.0484161376953125,2.409742593765259,1.4927719831466675,0.45658302307128906,1.4927719831466675,0.45658302307128906,1.6915106773376465,0.6568992733955383
321,199,-1.9401490688323975,-2.147801399230957,0.7264046966532864,0.6034197343016665,0.1354682026679317,1.8278189897537231,1.127982258796692,1.8278189897537231,1.127982258796692,3.2901926040649414,2.1222665309906006,1.127982258796692,0.21357953548431396,1.127982258796692,0.21357953548431396,1.625124454498291,0.683700680732727
322,199,0.16896952688694,-2.2028450965881348,0.5958603421350323,0.51921139297386,0.3585812055816251,0.8578495979309082,0.8578495979309082,0.8578495979309082,0.8578495979309082,1.7299127578735352,1.6267585754394531,0.8578495979309082,0.4379870891571045,0.8578495979309082,0.4379870891571045,1.2423040866851807,0.8044646978378296
323,199,-0.35087817907333374,-0.7276573181152344,0.492688181468596,0.38805348547796403,0.2408096925603846,0.08719861507415771,0.08719861507415771,0.08719861507415771,0.08719861507415771,1.075518250465393,0.48450684547424316,0.08719861507415771,0.2951433062553406,0.08719861507415771,0.2951433062553406,0.28585273027420044,0.6248269081115723
324,199,-0.3366018533706665,-0.6991185545921326,0.14209837332367903,0.1607940125092865,0.3285282249376178,1.0595550537109375,0.5624671578407288,1.0595550537109375,0.5624671578407288,0.9632983207702637,0.5624671578407288,0.4223604202270508,0.19846409559249878,0.4223604202270508,0.19846409559249878,0.3834233582019806,0.16949984431266785
325,199,-0.8365375995635986,-0.4174951910972595,0.11676300475994751,0.012879597047964542,0.12020543793837252,0.04565846920013428,0.31339359283447266,0.04565846920013428,0.31339359283447266,0.4550025463104248,0.31339359283447266,0.04565846920013428,0.1580936312675476,0.04565846920013428,0.1580936312675476,0.10049046576023102,0.2605189085006714
326,199,-0.023685462772846222,-0.8873723149299622,0.11959308813015612,6.259736915426029e-05,0.012272443051139503,0.722646951675415,0.45128709077835083,0.722646951675415,0.45128709077835083,0.8011254072189331,0.6699293851852417,0.45128709077835083,0.13464432954788208,0.45128709077835083,0.13464432954788208,0.488168329000473,0.17255067825317383
327,199,-1.450798511505127,-0.42258235812187195,0.39025511478384345,0.07047057184080291,0.020693275456627302,0.0139235258102417,0.0139235258102417,0.0139235258102417,0.0139235258102417,0.6888495683670044,0.3668522238731384,0.0139235258102417,0.06599727272987366,0.0139235258102417,0.06599727272987366,0.19038787484169006,0.24787278473377228
328,199,-2.035217761993408,-1.124835729598999,0.44329042267364765,0.15030275237436094,0.08673601568055644,1.592240333557129,0.8215917348861694,1.592240333557129,0.8215917348861694,1.6023675203323364,0.8331964612007141,0.8215917348861694,0.2719765305519104,0.8215917348861694,0.2719765305519104,0.8273941278457642,0.2775917649269104
329,199,-0.34278905391693115,-1.759787917137146,0.792829495022694,0.293198465059201,0.0863792048891383,2.1449787616729736,1.118746280670166,2.1449787616729736,1.118746280670166,2.9941811561584473,1.5829964876174927,1.118746280670166,0.0033502578735351562,1.118746280670166,0.0033502578735351562,1.3508713245391846,0.23259317874908447
330,199,-1.7542531490325928,-1.666800856590271,0.007974333775540021,0.5665072816734513,0.2615154596169789,1.4770766496658325,0.8224859237670898,1.4770766496658325,0.8224859237670898,2.3257179260253906,1.2776529788970947,0.651401162147522,0.1407245397567749,0.651401162147522,0.1407245397567749,0.87205570936203,0.30641061067581177
331,199,-0.4126270115375519,-1.5907986164093018,0.5978048505137363,0.009141155400623657,0.24518501431370776,1.6023601293563843,0.8905355930328369,1.6023601293563843,0.8905355930328369,2.257187843322754,1.3636943101882935,0.8905355930328369,0.10735797882080078,0.8905355930328369,0.10735797882080078,1.0564608573913574,0.27498483657836914
332,199,0.5691577196121216,-1.23882257938385,0.0031776776413123264,0.5083809365828833,0.010686562682191647,1.329508662223816,0.9491978883743286,1.329508662223816,0.9491978883743286,1.4337666034698486,1.0507104396820068,0.7267032861709595,0.20256054401397705,0.7267032861709595,0.20256054401397705,0.775929868221283,0.24211576581001282
333,199,-0.6606804132461548,-0.207951158285141,0.6315836492367088,0.0010372496582566892,0.2061527279019355,0.34004315733909607,0.34004315733909607,0.34004315733909607,0.34004315733909607,0.38356080651283264,0.14109279215335846,0.34004315733909607,0.16562186181545258,0.34004315733909607,0.16562186181545258,0.1845678985118866,0.32124805450439453
334,199,-0.7030007839202881,-0.22988612949848175,0.005336117967963239,0.3852679657191038,0.04874636173248287,0.26269108057022095,0.15787364542484283,0.26269108057022095,0.15787364542484283,0.03900085389614105,0.24052318930625916,0.26269108057022095,0.4251469075679779,0.26269108057022095,0.4251469075679779,0.22313478589057922,0.47217386960983276
335,199,-1.5217031240463257,-0.7569485902786255,0.03840656802058223,0.10115588333457688,0.32971391569823016,0.23956412076950073,0.5697662830352783,0.23956412076950073,0.5697662830352783,0.834428071975708,0.5697662830352783,0.23956412076950073,0.43771791458129883,0.23956412076950073,0.43771791458129883,0.18146732449531555,0.6386574506759644
336,199,-0.4799247980117798,-1.459892988204956,0.5359915742029746,0.0920470553388198,0.06482631479700429,1.2880550622940063,0.8030869364738464,1.2880550622940063,0.8030869364738464,1.581742286682129,1.0575485229492188,0.8030869364738464,0.10399031639099121,0.8030869364738464,0.10399031639099121,0.930317759513855,0.22011977434158325
337,199,-0.9587625861167908,-0.9805049300193787,0.006522881922622736,0.3012376696740587,0.03452163544793915,0.836560845375061,0.7081952691078186,0.836560845375061,0.7081952691078186,1.0009336471557617,0.832133412361145,0.45577508211135864,0.23871135711669922,0.45577508211135864,0.23871135711669922,0.515790581703186,0.29122236371040344
338,199,-0.23045505583286285,-0.8618799448013306,0.29050969732304416,0.03510137995084134,0.07081997302671258,0.8859182596206665,0.603439211845398,0.8859182596206665,0.603439211845398,0.9675140380859375,0.7785085439682007,0.603439211845398,0.13756483793258667,0.603439211845398,0.13756483793258667,0.6091457009315491,0.15290603041648865
339,199,0.8543957471847534,-0.599055290222168,0.1760788904751341,0.2213384534542758,0.07587477554877611,0.5719031095504761,0.43236243724823,0.5719031095504761,0.43236243724823,0.7024338245391846,0.43236243724823,0.30582013726234436,0.06599485874176025,0.30582013726234436,0.06599485874176025,0.369091272354126,0.12697696685791016
340,199,-1.915000081062317,0.26696690917015076,0.9295909205327432,0.03524810353914909,0.1544656410564978,0.5467269420623779,0.5467269420623779,0.5467269420623779,0.5467269420623779,0.009759098291397095,0.30283501744270325,0.5467269420623779,0.09224984049797058,0.5467269420623779,0.09224984049797058,0.4743553400039673,0.17553701996803284
341,199,0.9492601752281189,-0.7804762125015259,0.5804226874808469,0.3918615530927974,0.02791093160708752,1.9124315977096558,0.9686989784240723,1.9124315977096558,0.9686989784240723,1.7137227058410645,0.706038236618042,0.9686989784240723,0.03676962852478027,0.9686989784240723,0.03676962852478027,0.8373686075210571,0.11969029903411865
342,199,1.6841545104980469,0.05979771912097931,0.9848460706075034,0.5286556028823062,0.38834314872821185,0.6224734783172607,0.6224734783172607,0.6224734783172607,0.6224734783172607,1.484674096107483,0.3836367130279541,0.6224734783172607,0.27188214659690857,0.6224734783172607,0.27188214659690857,0.5030550956726074,0.43945205211639404
343,141,0.5890400409698486,0.5669861435890198,1.2253429359073442,0.6883092204357188,0.2558878858884177,0.730302631855011,0.730302631855011,0.730302631855011,0.730302631855011,0.8396335244178772,1.2112863063812256,0.730302631855011,0.4458957314491272,0.730302631855011,0.4458957314491272,0.9707944393157959,0.3163120448589325
344,199,0.7352089881896973,1.140981674194336,0.6799874446137497,0.7896745771511149,0.3057902073922256,0.5939873456954956,0.9322771430015564,0.5939873456954956,0.9322771430015564,0.3392833471298218,0.9322771430015564,0.5939873456954956,0.18597954511642456,0.5939873456954956,0.18597954511642456,0.7631322145462036,0.338859885931015
345,199,0.032993901520967484,1.0639797449111938,0.7363935199752449,0.3687190448865296,0.42357154458761215,0.10135674476623535,0.4072039723396301,0.10135674476623535,0.4072039723396301,0.3439220190048218,1.1165244579315186,0.4072039723396301,0.27086740732192993,0.4072039723396301,0.27086740732192993,0.6391202211380005,0.4864588975906372
346,199,-0.9786003828048706,0.23198631405830383,0.27012371542553104,0.39349907106409476,0.22771889290461944,0.2863103151321411,0.3034040331840515,0.2863103151321411,0.3034040331840515,0.04966700077056885,0.3034040331840515,0.2863103151321411,0.15659210085868835,0.2863103151321411,0.15659210085868835,0.2948571741580963,0.16508041322231293
347,199,-1.9667302370071411,-0.5440142154693604,0.23723581098020063,0.1985659198462961,0.16123983778059495,1.5237843990325928,0.6218082904815674,1.5237843990325928,0.6218082904815674,1.6978392601013184,0.6106231808662415,0.6218082904815674,0.1022154688835144,0.6218082904815674,0.1022154688835144,0.616215705871582,0.10804149508476257
348,199,-1.612233281135559,-1.4847826957702637,0.6923421166713041,0.2155980556706586,0.052958645982046915,2.0377180576324463,1.0216734409332275,2.0377180576324463,1.0216734409332275,2.701805591583252,1.390135407447815,1.0216734409332275,0.006637215614318848,1.0216734409332275,0.006637215614318848,1.205904483795166,0.15818798542022705
349,199,-1.4361803531646729,-1.6482362747192383,0.5050304437304532,0.41531371242056325,0.08213020312289399,1.0861049890518188,0.7506603002548218,1.0861049890518188,0.7506603002548218,2.1093127727508545,1.4091452360153198,0.7506603002548218,0.15770673751831055,0.7506603002548218,0.15770673751831055,1.0799027681350708,0.4638535976409912
350,199,-2.0225601196289062,-1.9011080265045166,0.4016057411270838,0.37851353236163654,0.2942565359423557,0.5132778882980347,0.5132778882980347,0.5132778882980347,0.5132778882980347,1.1415737867355347,1.0601389408111572,0.5132778882980347,0.3575766086578369,0.5132778882980347,0.3575766086578369,0.786708414554596,0.6295255422592163
351,199,-0.9569236040115356,-1.7669188976287842,0.6837920096392432,0.2837178087296587,0.1910423003944255,1.173591136932373,0.8831267356872559,1.173591136932373,0.8831267356872559,1.644766926765442,1.3285077810287476,0.8831267356872559,0.22599828243255615,0.8831267356872559,0.22599828243255615,1.1058173179626465,0.42567431926727295
352,199,-0.5276561975479126,-1.224265217781067,0.21103777241582672,0.3752534238497417,0.08922771633292237,0.7515414953231812,1.0910794734954834,0.7515414953231812,1.0910794734954834,1.3974180221557617,1.0910794734954834,0.44937264919281006,0.07090187072753906,0.44937264919281006,0.07090187072753906,0.7702260613441467,0.3699617385864258
353,199,-1.2363479137420654,-0.8514940738677979,0.027413414220015198,0.10320445557435354,0.15889906009038293,0.31038057804107666,0.8022132515907288,0.31038057804107666,0.8022132515907288,0.7731906771659851,0.8022132515907288,0.19505447149276733,0.2966945767402649,0.19505447149276733,0.2966945767402649,0.33622822165489197,0.4369986653327942
354,199,-2.415888786315918,-1.1572378873825073,0.3821988452970981,0.016501730941235748,0.04886776421219102,1.057244896888733,0.6637420654296875,1.057244896888733,0.6637420654296875,1.3596889972686768,1.0690585374832153,0.6637420654296875,0.18156957626342773,0.6637420654296875,0.18156957626342773,0.7713516354560852,0.28533774614334106
355,199,-3.0905511379241943,-1.8998050689697266,0.9431903830046453,0.2853380394602816,0.06088203522066271,2.2645440101623535,1.3025240898132324,2.2645440101623535,1.3025240898132324,2.920987129211426,1.7665226459503174,1.3025240898132324,0.0654752254486084,1.3025240898132324,0.0654752254486084,1.534523367881775,0.28412604331970215
356,199,-1.5304280519485474,-2.3320388793945312,1.0198325858203074,0.5259696368997299,0.1015853007820744,2.2186543941497803,1.3515403270721436,2.2186543941497803,1.3515403270721436,3.1687378883361816,2.134942054748535,1.3515403270721436,0.21575570106506348,1.3515403270721436,0.21575570106506348,1.7432411909103394,0.5782874822616577
357,199,-4.239658355712891,-2.234971523284912,0.4946878744785983,0.6408962056164942,0.30951064569254694,1.395054578781128,1.6618845462799072,1.395054578781128,1.6618845462799072,2.279534101486206,1.6618845462799072,0.7780647277832031,0.388116717338562,0.7780647277832031,0.388116717338562,1.2199746370315552,0.7930051684379578
358,199,-2.1302883625030518,-2.733090400695801,1.5439929171899953,0.25995828988651515,0.2672450775156412,3.0716052055358887,1.8755619525909424,3.0716052055358887,1.8755619525909424,3.632300853729248,2.6416990756988525,1.8755619525909424,0.41973185539245605,1.8755619525909424,0.41973185539245605,2.041231632232666,0.6037107110023499
359,199,-1.8267242908477783,-2.4695827960968018,0.8150415343915419,0.8112766404574115,0.14925345187385908,1.4649635553359985,1.0892717838287354,1.4649635553359985,1.0892717838287354,3.20300030708313,2.0923821926116943,1.0892717838287354,0.2331078052520752,1.0892717838287354,0.2331078052520752,1.5908269882202148,0.7275210618972778
360,199,-1.7527358531951904,-2.444237232208252,0.6788855982199313,0.6032786205410956,0.5045066343247888,0.9495632648468018,0.9495632648468018,0.9495632648468018,0.9495632648468018,2.060584545135498,1.909294843673706,0.9495632648468018,0.6218883991241455,0.9495632648468018,0.6218883991241455,1.429429054260254,1.042676568031311
361,199,-0.6569069027900696,-1.9769045114517212,0.585771273262799,0.42537444826215476,0.3009988119453191,0.9741244316101074,0.9741244316101074,0.9741244316101074,0.9741244316101074,1.7191221714019775,1.689084768295288,0.9741244316101074,0.4705355167388916,0.9741244316101074,0.4705355167388916,1.3316045999526978,0.8111149668693542
362,199,-0.9620910286903381,-1.4126474857330322,0.009572316110133983,0.4077180582657455,0.258355366997421,1.0564879179000854,1.01715087890625,1.0564879179000854,1.01715087890625,1.8143852949142456,1.4262912273406982,0.6026005148887634,0.3862183094024658,0.6026005148887634,0.3862183094024658,0.8136297464370728,0.5671374797821045
363,199,-0.521597146987915,-1.4782648086547852,0.18522827878283976,0.08046882967619856,0.2632219465185574,0.5620791912078857,1.2205531597137451,0.5620791912078857,1.2205531597137451,1.35811448097229,1.2205531597137451,0.33219385147094727,0.2611083984375,0.33219385147094727,0.2611083984375,0.622480034828186,0.5438350439071655
364,199,-1.6768920421600342,-0.8778530955314636,0.08524099078339853,0.11828554039510586,0.019024873736004144,0.43214184045791626,0.5532112717628479,0.43214184045791626,0.5532112717628479,0.6944612860679626,0.5532112717628479,0.29152941703796387,0.08758771419525146,0.29152941703796387,0.08758771419525146,0.4223703444004059,0.21776413917541504
365,199,-0.9904670715332031,-1.2475095987319946,0.48356188545624373,0.01309994208316001,0.09914892109731882,1.408850073814392,0.8331961631774902,1.408850073814392,0.8331961631774902,1.6439629793167114,1.1696908473968506,0.8331961631774902,0.1483004093170166,0.8331961631774902,0.1483004093170166,0.902594268321991,0.22327634692192078
366,199,-2.888721227645874,-1.5608991384506226,0.25505855212608974,0.40273363901923065,0.03507166781773141,1.202345609664917,1.25298011302948,1.202345609664917,1.25298011302948,2.0016121864318848,1.25298011302948,0.6831992864608765,0.15308749675750732,0.6831992864608765,0.15308749675750732,0.9680896997451782,0.42453986406326294
367,199,-1.1415820121765137,-2.133474826812744,1.121770651663343,0.17814982874939866,0.11848957820485007,2.5548675060272217,1.609973669052124,2.5548675060272217,1.609973669052124,2.923388957977295,1.9753894805908203,1.609973669052124,0.16060054302215576,1.609973669052124,0.16060054302215576,1.7926815748214722,0.32031506299972534
368,199,-1.7260044813156128,-2.049480676651001,0.376314441288511,0.6369411268706127,0.14107452681908939,1.5697567462921143,1.4206042289733887,1.5697567462921143,1.4206042289733887,2.3977606296539307,1.4206042289733887,0.7318998575210571,0.14100277423858643,0.7318998575210571,0.14100277423858643,1.0762519836425781,0.42818140983581543
369,199,-2.576627731323242,-2.2074296474456787,0.6881769971114892,0.2649645374653242,0.3291115231936177,1.3753876686096191,1.002142071723938,1.3753876686096191,1.002142071723938,2.1553597450256348,1.9911491870880127,1.002142071723938,0.42986881732940674,1.002142071723938,0.42986881732940674,1.2535772323608398,0.6694249510765076
370,199,-0.5187225341796875,-2.074326753616333,0.8828771903117498,0.3352113874753311,0.11409533282121065,1.9241399765014648,1.171640396118164,1.9241399765014648,1.171640396118164,2.604492425918579,1.6949172019958496,1.171640396118164,0.2054893970489502,1.171640396118164,0.2054893970489502,1.4332787990570068,0.4516350030899048
371,199,-1.8151146173477173,-1.9753201007843018,0.09958501992126267,0.7380062667777141,0.3190014447768531,1.853419303894043,1.2665464878082275,1.853419303894043,1.2665464878082275,2.6756434440612793,1.8804831504821777,0.9590407609939575,0.24013328552246094,0.9590407609939575,0.24013328552246094,1.2662577629089355,0.5019688010215759
372,199,-1.0878181457519531,-1.461385726928711,0.6049191756298145,0.05659026236583786,0.40089358778049555,1.5988857746124268,0.9141262769699097,1.5988857746124268,0.9141262769699097,2.5495824813842773,1.6680775880813599,0.9141262769699097,0.16131651401519775,0.9141262769699097,0.16131651401519775,1.181626796722412,0.4325357973575592
373,199,-0.5871122479438782,-1.4950326681137085,0.31166192221765765,0.3735215809134146,0.01889516805609004,0.8660680651664734,1.0635572671890259,0.8660680651664734,1.0635572671890259,1.8703811168670654,1.0635572671890259,0.47685325145721436,0.07213425636291504,0.47685325145721436,0.07213425636291504,0.7702052593231201,0.341298371553421
374,199,0.8531571626663208,-1.0917617082595825,0.0548156938701872,0.22141258966177743,0.15143225539475677,0.5689578056335449,0.7309619188308716,0.5689578056335449,0.7309619188308716,1.0577239990234375,0.9525406360626221,0.3749848008155823,0.3402084708213806,0.3749848008155823,0.3402084708213806,0.4840291440486908,0.42772430181503296
375,199,0.6984902024269104,-0.05855551362037659,0.7871581286688647,0.0003176471839347883,0.1368857743094365,0.4737430512905121,0.4737430512905121,0.4737430512905121,0.4737430512905121,0.273732453584671,0.03269478678703308,0.4737430512905121,0.23316648602485657,0.4737430512905121,0.23316648602485657,0.3483952283859253,0.3750728368759155
376,199,0.29168450832366943,0.3386973440647125,0.6893300632030392,0.46739281854747505,0.002490826925883649,0.27417856454849243,0.3555099070072174,0.27417856454849243,0.3555099070072174,0.58982914686203,0.6724648475646973,0.3555099070072174,0.11591970920562744,0.3555099070072174,0.11591970920562744,0.5139873623847961,0.1534368246793747
377,199,0.3116563558578491,0.7341294288635254,0.4764125547930599,0.5315722324326635,0.3920522893965246,0.23001086711883545,0.46163755655288696,0.23001086711883545,0.46163755655288696,0.09457862377166748,0.46163755655288696,0.3024470806121826,0.2697906494140625,0.3024470806121826,0.2697906494140625,0.3820423185825348,0.34491005539894104
378,199,0.22415710985660553,0.28964507579803467,0.4869397426396609,0.25922375388443464,0.2240418921411037,0.041487812995910645,0.17432889342308044,0.041487812995910645,0.17432889342308044,0.08461940288543701,0.2849770188331604,0.17432889342308044,0.12689417600631714,0.17432889342308044,0.12689417600631714,0.22965295612812042,0.18127235770225525
379,199,-0.5460492372512817,0.41598036885261536,0.5561107322697838,0.3308380256717403,0.15909545843799933,0.07330632209777832,0.12124902009963989,0.07330632209777832,0.12124902009963989,0.1892775297164917,0.2374298870563507,0.12124902009963989,0.06507450342178345,0.12124902009963989,0.06507450342178345,0.1793394535779953,0.12204810976982117
380,199,-0.7184221744537354,0.08834253996610641,0.15576092706372335,0.41370317370941234,0.17419505638380856,0.0597047358751297,0.21504759788513184,0.0597047358751297,0.21504759788513184,0.12415376305580139,0.1558133065700531,0.09883137047290802,0.30550047755241394,0.09883137047290802,0.30550047755241394,0.13099563121795654,0.2759521007537842
381,199,1.5291497707366943,-0.8091943860054016,0.0569849485158921,0.005590590015054089,0.1556683476269248,0.031984925270080566,0.5830968022346497,0.031984925270080566,0.5830968022346497,0.895309329032898,0.5830968022346497,0.031984925270080566,0.19955188035964966,0.031984925270080566,0.19955188035964966,0.20462597906589508,0.4082277715206146
382,199,0.9408337473869324,0.13898152112960815,1.1341078673303127,0.046904450729489344,0.020915620997548068,0.7855239510536194,0.7855239510536194,0.7855239510536194,0.7855239510536194,0.3187587261199951,0.47239166498184204,0.7855239510536194,0.12052977085113525,0.7855239510536194,0.12052977085113525,0.6289578080177307,0.25964945554733276
383,199,0.706116795539856,0.8583149909973145,0.9329017448921999,0.7896021111806233,0.038060736681024165,0.15993422269821167,0.46789097785949707,0.15993422269821167,0.46789097785949707,0.8056371808052063,1.1386604309082031,0.46789097785949707,0.17710208892822266,0.46789097785949707,0.17710208892822266,0.8032757043838501,0.2993192970752716
384,199,0.9026347398757935,0.9613843560218811,0.7102824509578447,0.6087775889287392,0.5834499637099604,0.05442386865615845,0.37652647495269775,0.05442386865615845,0.37652647495269775,0.10279238224029541,0.8513686656951904,0.37652647495269775,0.5660969018936157,0.37652647495269775,0.5660969018936157,0.6139475703239441,0.7790548801422119
385,199,1.857572317123413,0.7793481349945068,0.8723024584601323,0.5013422315071027,0.26511903415123594,0.4333762228488922,0.4540177285671234,0.4333762228488922,0.4540177285671234,0.6070077419281006,0.7179232239723206,0.4540177285671234,0.15729308128356934,0.4540177285671234,0.15729308128356934,0.5859704613685608,0.2798041105270386
386,199,-0.9419419169425964,1.0732673406600952,1.0437505848209063,0.6040537867198387,0.35681243437031895,0.49994248151779175,0.49994248151779175,0.49994248151779175,0.49994248151779175,0.483961820602417,0.8350001573562622,0.49994248151779175,0.138752281665802,0.49994248151779175,0.138752281665802,0.6674712896347046,0.25607889890670776
387,199,-0.0017872564494609833,0.25725501775741577,0.08759063638746722,0.8855542933940885,0.3271265215426684,0.6325008273124695,0.07380899786949158,0.6325008273124695,0.07380899786949158,0.6218535304069519,0.26825323700904846,0.6325008273124695,0.5314255356788635,0.6325008273124695,0.5314255356788635,0.7293685078620911,0.433438241481781
388,199,0.8158308863639832,0.07893259823322296,0.372005411895613,0.09116953612615664,0.44626395660142104,0.332699716091156,0.02805471420288086,0.332699716091156,0.02805471420288086,0.46330922842025757,0.02805471420288086,0.332699716091156,0.3932957053184509,0.332699716091156,0.3932957053184509,0.3322497606277466,0.39375051856040955
389,199,0.19900110363960266,0.17686818540096283,0.7625588102266194,0.24925771433860056,0.0389052598923445,0.4165218472480774,0.4165218472480774,0.4165218472480774,0.4165218472480774,0.10413910448551178,0.41579192876815796,0.4165218472480774,0.20567496120929718,0.4165218472480774,0.20567496120929718,0.4161568880081177,0.20601634681224823
390,199,0.30424627661705017,0.23007813096046448,0.4916171809534231,0.516851677025358,0.12305826994280045,0.308858722448349,0.4128701686859131,0.308858722448349,0.4128701686859131,0.10187187790870667,0.4128701686859131,0.308858722448349,0.0004260540008544922,0.308858722448349,0.0004260540008544922,0.36086446046829224,0.04980587959289551
391,199,0.16513119637966156,0.3139727711677551,0.4740411018331844,0.3008670709778866,0.29897090439995133,0.09014147520065308,0.13651464879512787,0.09014147520065308,0.13651464879512787,0.2357875108718872,0.21268688142299652,0.13651464879512787,0.19419436156749725,0.13651464879512787,0.19419436156749725,0.1746007651090622,0.2323363721370697
392,199,1.79694402217865,0.2194255143404007,0.4318011232853557,0.4248682606142634,0.21494816031927866,0.013099908828735352,0.08387792110443115,0.013099908828735352,0.08387792110443115,0.12580396234989166,0.1972476989030838,0.08387792110443115,0.038684919476509094,0.08387792110443115,0.038684919476509094,0.14056280255317688,0.09508135169744492
393,199,-1.3759673833847046,0.8548951148986816,1.2072349696109692,0.27539957674841087,0.1780986462036771,0.7997473478317261,0.7997473478317261,0.7997473478317261,0.7997473478317261,0.26638972759246826,0.8631768822669983,0.7997473478317261,0.05550217628479004,0.7997473478317261,0.05550217628479004,0.8314621448516846,0.08248364925384521
394,199,-1.3744525909423828,-0.3212331533432007,0.3633038523669044,0.8697910955299935,0.13400283799817148,0.71998131275177,0.0594804584980011,0.71998131275177,0.0594804584980011,1.28896164894104,0.0594804584980011,0.71998131275177,0.03910309076309204,0.71998131275177,0.03910309076309204,0.38973087072372437,0.4033162295818329
395,199,1.5874611139297485,-0.9292258620262146,0.3312803527712821,0.22679396618157627,0.46250910647213456,0.3519018292427063,0.7706180810928345,0.3519018292427063,0.7706180810928345,1.552728533744812,0.7706180810928345,0.3519018292427063,0.49493587017059326,0.3519018292427063,0.49493587017059326,0.3140868544578552,0.8069505095481873
396,199,-0.3358301818370819,0.08811810612678528,1.1281294984743,0.21253339756280187,0.09981407389044772,0.7613844871520996,0.7613844871520996,0.7613844871520996,0.7613844871520996,0.34935814142227173,0.4358017146587372,0.7613844871520996,0.13067543506622314,0.7613844871520996,0.13067543506622314,0.5985931158065796,0.3215179443359375
397,199,0.2693711519241333,0.08114422857761383,0.18188076513508966,0.6723817057410874,0.14333402266105,0.5221442580223083,0.34545618295669556,0.5221442580223083,0.34545618295669556,0.4877288341522217,0.34545618295669556,0.5221442580223083,0.2792963981628418,0.5221442580223083,0.2792963981628418,0.43380022048950195,0.36214902997016907
398,282,0.9942609071731567,0.09537912160158157,0.48131642722835144,0.08735376485933866,0.22415864025553056,0.6095373034477234,0.16770775616168976,0.6095373034477234,0.16770775616168976,0.3507673740386963,0.16820254921913147,0.16770775616168976,0.13721123337745667,0.16770775616168976,0.13721123337745667,0.22653880715370178,0.08056528866291046
399,282,-0.5744683146476746,0.545676052570343,1.0553189766158662,0.21831886475284878,0.007007347916563322,0.5627429485321045,0.5627429485321045,0.5627429485321045,0.5627429485321045,0.43617039918899536,0.634192943572998,0.5627429485321045,0.042286455631256104,0.5627429485321045,0.042286455631256104,0.5984679460525513,0.037876129150390625
400,282,0.2496454417705536,-0.1318480521440506,0.15066102072596543,0.520729321166873,0.08514128334820259,0.3088819980621338,0.01890997588634491,0.3088819980621338,0.01890997588634491,0.794802725315094,0.01890997588634491,0.3088819980621338,0.042610347270965576,0.3088819980621338,0.042610347270965576,0.16389599442481995,0.1659785807132721
401,282,-0.4627465009689331,0.00112205371260643,0.6354822831662994,0.020999387471625997,0.2136833244810502,0.28414803743362427,0.1521332859992981,0.28414803743362427,0.1521332859992981,0.14929431676864624,0.09327754378318787,0.1521332859992981,0.19749104976654053,0.1521332859992981,0.19749104976654053,0.20887452363967896,0.12699685990810394
402,282,-0.464983731508255,-0.3295289874076843,0.2100505072747667,0.28125026689221466,0.010404028097788509,0.06111589074134827,0.19427910447120667,0.06111589074134827,0.19427910447120667,0.5596010088920593,0.19427910447120667,0.06111589074134827,0.058953046798706055,0.06111589074134827,0.058953046798706055,0.12769749760627747,0.18803374469280243
403,282,-0.33076006174087524,-0.4166833460330963,0.28510723684603967,0.06490770652114108,0.11381967164731277,0.6854977607727051,0.27897757291793823,0.6854977607727051,0.27897757291793823,0.6593256592750549,0.3889410197734833,0.27897757291793823,0.1403859257698059,0.27897757291793823,0.1403859257698059,0.26579147577285767,0.12579333782196045
404,282,0.9400762319564819,-0.5551442503929138,0.37784665370980874,0.1185891023154062,0.020453722613553382,0.20092231035232544,0.20092231035232544,0.20092231035232544,0.20092231035232544,0.38272708654403687,0.3412119746208191,0.20092231035232544,0.0646483302116394,0.20092231035232544,0.0646483302116394,0.27106714248657227,0.13718804717063904
405,282,-0.033987317234277725,0.23745042085647583,1.0387253214418888,0.15521695397794244,0.025184186175465584,0.5062311291694641,0.5062311291694641,0.5062311291694641,0.5062311291694641,0.06572908163070679,0.4195173978805542,0.5062311291694641,0.042135000228881836,0.5062311291694641,0.042135000228881836,0.46287426352500916,0.0858769416809082
406,282,-0.42297255992889404,0.1165292039513588,0.46137242283672086,0.517677483446896,0.04031825184822102,0.26217642426490784,0.2424837350845337,0.26217642426490784,0.2424837350845337,0.31013619899749756,0.2424837350845337,0.26217642426490784,0.043894700706005096,0.26217642426490784,0.043894700706005096,0.25233006477355957,0.053998060524463654
407,282,-0.7406913042068481,-0.18248510360717773,0.32214673737684874,0.2134147754187385,0.20452784335861607,0.9825074076652527,0.2565903067588806,0.9825074076652527,0.2565903067588806,1.337198257446289,0.267696350812912,0.2565903067588806,0.11074882745742798,0.2565903067588806,0.11074882745742798,0.2621433138847351,0.10618072748184204
408,282,0.711773693561554,-0.625617265701294,0.034387566919128115,0.13395966677616028,0.06053870311627804,0.22507008910179138,0.528505802154541,0.22507008910179138,0.528505802154541,0.22697603702545166,0.531130850315094,0.11477786302566528,0.4122726619243622,0.11477786302566528,0.4122726619243622,0.11554071307182312,0.41340404748916626
409,282,-1.8560702800750732,0.0707240179181099,0.8528552036608259,0.0012535824502507564,0.03410505930582686,0.41378331184387207,0.41378331184387207,0.41378331184387207,0.41378331184387207,0.219058096408844,0.14992234110832214,0.41378331184387207,0.22546082735061646,0.41378331184387207,0.22546082735061646,0.3888978958129883,0.25631093978881836
410,282,-2.7142837047576904,-1.0428211688995361,0.5573387057334183,0.44112575393170106,0.020788710899651064,2.2801384925842285,1.0775152444839478,2.2801384925842285,1.0775152444839478,2.045459747314453,0.8493893146514893,1.0775152444839478,0.1200326681137085,1.0775152444839478,0.1200326681137085,0.9634522795677185,0.1159777045249939
411,282,-3.0835635662078857,-1.9841701984405518,0.8805296768744781,0.3275953522448738,0.11930023050556504,2.699096202850342,1.3273615837097168,2.699096202850342,1.3273615837097168,3.8581721782684326,1.9314926862716675,1.3273615837097168,0.04956841468811035,1.3273615837097168,0.04956841468811035,1.629427194595337,0.27000749111175537
412,282,-2.877140522003174,-2.6093289852142334,1.1815902436027927,0.47195850389699134,0.11828955228130011,2.2562127113342285,1.6577262878417969,2.2562127113342285,1.6577262878417969,3.1441895961761475,2.3643603324890137,1.6577262878417969,0.2133340835571289,1.6577262878417969,0.2133340835571289,2.0110433101654053,0.5713645219802856
413,282,-2.2526183128356934,-2.5748260021209717,0.9787144261629633,0.5552813623504087,0.18843225221460114,1.5508084297180176,1.4592639207839966,1.5508084297180176,1.4592639207839966,2.457528829574585,2.2584686279296875,1.4592639207839966,0.2738204002380371,1.4592639207839966,0.2738204002380371,1.8588662147521973,0.6343701481819153
414,282,-2.4495091438293457,-2.395521402359009,0.6966342999413611,0.5464011057838796,0.27095756586641073,1.1566354036331177,1.1566354036331177,1.1566354036331177,1.1566354036331177,2.292952299118042,2.0967864990234375,1.1566354036331177,0.44544124603271484,1.1566354036331177,0.44544124603271484,1.6267108917236328,0.8103748559951782
415,282,-2.212924003601074,-2.1452138423919678,0.8191296306128306,0.34380767549077684,0.18117157376060855,1.3947298526763916,1.2960517406463623,1.3947298526763916,1.2960517406463623,1.9974632263183594,1.903173804283142,1.2960517406463623,0.31814348697662354,1.2960517406463623,0.31814348697662354,1.5996127128601074,0.5922691822052002
416,282,-1.9952208995819092,-2.2027342319488525,0.7067938605820134,0.43764748395731057,0.14347701565672977,1.2523982524871826,1.2523982524871826,1.2523982524871826,1.2523982524871826,1.978437900543213,1.9180430173873901,1.2523982524871826,0.2833327054977417,1.2523982524871826,0.2833327054977417,1.5852205753326416,0.5901777744293213
417,282,-1.5148401260375977,-2.049825668334961,0.5675692314654591,0.3330022027343506,0.21984878107905415,1.114504098892212,1.114504098892212,1.114504098892212,1.114504098892212,1.656808853149414,1.6077529191970825,1.114504098892212,0.30790138244628906,1.114504098892212,0.30790138244628906,1.361128568649292,0.5850973725318909
418,282,-1.8612682819366455,-1.6239696741104126,0.3708265867146358,0.2658603814865145,0.11756936662519979,0.8935446739196777,0.8935446739196777,0.8935446739196777,0.8935446739196777,1.4923572540283203,1.366097092628479,0.8935446739196777,0.17480337619781494,0.8935446739196777,0.17480337619781494,1.1298208236694336,0.40016719698905945
419,282,-2.424527645111084,-1.689633846282959,0.6318401389693222,0.16208182064195475,0.11497411058594775,1.2661800384521484,1.0730034112930298,1.2661800384521484,1.0730034112930298,1.6121188402175903,1.4082932472229004,1.0730034112930298,0.1709609031677246,1.0730034112930298,0.1709609031677246,1.2406482696533203,0.3516315221786499
420,282,-2.6388235092163086,-2.023958206176758,0.8636320548069973,0.2910218194064994,0.08404057764758655,1.7458816766738892,1.261427402496338,1.7458816766738892,1.261427402496338,2.3306870460510254,1.745435118675232,1.261427402496338,0.2059025764465332,1.261427402496338,0.2059025764465332,1.5034313201904297,0.44007790088653564
421,282,-3.466768741607666,-2.4691851139068604,0.93232903222243,0.4708288135627905,0.13613860557476665,2.0354058742523193,1.5850348472595215,2.0354058742523193,1.5850348472595215,2.9168715476989746,2.2800042629241943,1.5850348472595215,0.2032938003540039,1.5850348472595215,0.2032938003540039,1.932519555091858,0.5592285990715027
422,282,-4.862244129180908,-2.797511339187622,1.2423111612225566,0.4191410139823958,0.21677540938059492,2.3498408794403076,1.7959182262420654,2.3498408794403076,1.7959182262420654,3.08740234375,2.4750478267669678,1.7959182262420654,0.35631823539733887,1.7959182262420654,0.35631823539733887,2.1354830265045166,0.6961612701416016
423,282,-4.334622859954834,-3.3563003540039062,1.5965102122972414,0.5850531740362435,0.18291966027269835,3.099881649017334,2.166585922241211,3.099881649017334,2.166585922241211,4.247920513153076,3.093412399291992,2.166585922241211,0.3291749954223633,2.166585922241211,0.3291749954223633,2.6299991607666016,0.7394139766693115
424,282,-4.064217567443848,-3.4685983657836914,1.5329157870262866,0.7675354369357223,0.22745182160288113,2.5769646167755127,2.1090548038482666,2.5769646167755127,2.1090548038482666,4.065445899963379,3.252507209777832,2.1090548038482666,0.34996771812438965,2.1090548038482666,0.34996771812438965,2.6807808876037598,0.842239260673523
425,282,-5.74664306640625,-3.3782012462615967,1.4561966241647792,0.7166496859987581,0.24042997536559918,2.0239713191986084,2.0239713191986084,2.0239713191986084,2.0239713191986084,3.229482889175415,3.166438341140747,2.0239713191986084,0.3819286823272705,2.0239713191986084,0.3819286823272705,2.5952048301696777,0.8568884134292603
426,282,-5.680818557739258,-3.9614734649658203,2.0158628012115756,0.7161921179170414,0.29351704376439214,3.6190145015716553,2.74111270904541,3.6190145015716553,2.74111270904541,4.490123748779297,3.6933608055114746,2.74111270904541,0.48638081550598145,2.74111270904541,0.48638081550598145,3.2172367572784424,1.0714812278747559
427,282,-4.854372978210449,-4.080014228820801,1.9448009722431499,0.9445181449254356,0.27968086128433534,3.1192474365234375,2.3653829097747803,3.1192474365234375,2.3653829097747803,4.877655982971191,3.772923469543457,2.3653829097747803,0.40745067596435547,2.3653829097747803,0.40745067596435547,3.069153308868408,0.9917716979980469
428,282,-5.560654640197754,-4.190554618835449,1.8138613015040757,1.0579726462438699,0.4249959416687492,2.2652883529663086,2.2652883529663086,2.2652883529663086,2.2652883529663086,4.047983646392822,3.9051079750061035,2.2652883529663086,0.5796101093292236,2.2652883529663086,0.5796101093292236,3.085198163986206,1.2685484886169434
429,282,-3.0113906860351562,-4.0277276039123535,1.9945917130013309,0.8719648746152715,0.33760796596606557,2.6581060886383057,2.367541551589966,2.6581060886383057,2.367541551589966,4.03281831741333,3.6977806091308594,2.367541551589966,0.46701717376708984,2.367541551589966,0.46701717376708984,3.032660961151123,1.0174075365066528
430,282,-3.582618236541748,-3.4954774379730225,1.139873054213822,1.0454638836532828,0.445501430667937,1.5481590032577515,1.5481590032577515,1.5481590032577515,1.5481590032577515,3.608156442642212,3.1712701320648193,1.5481590032577515,0.6307163238525391,1.5481590032577515,0.6307163238525391,2.3597145080566406,1.237825870513916
431,282,-2.9024665355682373,-3.1549618244171143,1.4155280700574329,0.5099185731324054,0.3017236735361313,2.2639431953430176,1.973976492881775,2.2639431953430176,1.973976492881775,3.174710512161255,2.859201431274414,1.973976492881775,0.3928830623626709,1.973976492881775,0.3928830623626709,2.4165890216827393,0.7651271820068359
432,282,-3.4948830604553223,-3.098888635635376,1.1281172662973404,0.7154588956013325,0.24217505130916805,1.898342490196228,1.898342490196228,1.898342490196228,1.898342490196228,2.976895332336426,2.81317400932312,1.898342490196228,0.4797823429107666,1.898342490196228,0.4797823429107666,2.3557581901550293,0.9567350745201111
433,282,-2.77620792388916,-3.0016915798187256,1.371534965944787,0.4366655438703797,0.24334265075003092,2.3097729682922363,2.015033006668091,2.3097729682922363,2.015033006668091,2.972093105316162,2.6437807083129883,2.015033006668091,0.35179781913757324,2.015033006668091,0.35179781913757324,2.32940673828125,0.7232611179351807
434,282,-2.0938141345977783,-2.9824962615966797,1.051692540918787,0.7327906281997765,0.20632638668020542,1.6235774755477905,1.6235774755477905,1.6235774755477905,1.6235774755477905,2.7842190265655518,2.640522003173828,1.6235774755477905,0.3829629421234131,1.6235774755477905,0.3829629421234131,2.132049798965454,0.8821941614151001
435,282,-2.1884801387786865,-2.4234225749969482,0.6779974548580745,0.6000587634990611,0.1872939449610811,1.2820638418197632,1.2820638418197632,1.2820638418197632,1.2820638418197632,2.4221503734588623,2.2219810485839844,1.2820638418197632,0.3093392848968506,1.2820638418197632,0.3093392848968506,1.7520225048065186,0.7154452204704285
436,282,-1.4608938694000244,-2.3286454677581787,0.7488059402753907,0.3708275124927358,0.17970651013155847,1.473973035812378,1.423038125038147,1.473973035812378,1.423038125038147,2.1455836296081543,2.0951240062713623,1.423038125038147,0.2695624828338623,1.423038125038147,0.2695624828338623,1.7590811252593994,0.6079463958740234
437,282,-0.010281875729560852,-1.7548178434371948,0.36108581678321006,0.2852036078025898,0.13838690669586218,0.9476425051689148,0.9476425051689148,0.9476425051689148,0.9476425051689148,1.5782077312469482,1.4171640872955322,0.9476425051689148,0.2272735834121704,0.9476425051689148,0.2272735834121704,1.182403326034546,0.48484474420547485
438,282,-0.0030109682120382786,-0.5473340153694153,0.528417694022258,0.14841240661839633,0.06363573538760331,0.006128549575805664,0.006128549575805664,0.006128549575805664,0.006128549575805664,0.6717787384986877,0.3373786509037018,0.006128549575805664,0.04009324312210083,0.006128549575805664,0.04009324312210083,0.17175360023975372,0.209862619638443
439,282,1.3540254831314087,-0.24904438853263855,0.5140732878819109,0.24454633265733733,0.08521723445504914,0.001476973295211792,0.001476973295211792,0.001476973295211792,0.001476973295211792,0.006240814924240112,0.0042684078216552734,0.001476973295211792,0.11220091581344604,0.001476973295211792,0.11220091581344604,0.0028726905584335327,0.1138276755809784
440,282,-0.6246205568313599,0.6178662776947021,1.2464883235841988,0.2343019590526818,0.0620510779321195,0.7205549478530884,0.7205549478530884,0.7205549478530884,0.7205549478530884,0.38598570227622986,0.7198224067687988,0.7205549478530884,0.001053929328918457,0.7205549478530884,0.001053929328918457,0.7201886773109436,0.0014965832233428955
441,282,-0.09147076308727264,-0.14911477267742157,0.09623248130083084,0.5719286224991083,0.030093773975968463,0.3267250061035156,0.04418158531188965,0.3267250061035156,0.04418158531188965,0.9489122033119202,0.04418158531188965,0.3267250061035156,0.00022554397583007812,0.3267250061035156,0.00022554397583007812,0.18545329570770264,0.19127380847930908
442,282,0.07054775953292847,-0.15466882288455963,0.4340506154112517,0.011712956130504715,0.18064790079370152,0.8608805537223816,0.0570119172334671,0.8608805537223816,0.0570119172334671,0.7035849094390869,0.12611094117164612,0.0570119172334671,0.22114932537078857,0.0570119172334671,0.22114932537078857,0.06074874848127365,0.1454778015613556
443,282,-2.1114628314971924,-0.1621623933315277,0.529849360883236,0.1612718269973994,0.009193712398409937,0.03595741093158722,0.03595741093158722,0.03595741093158722,0.03595741093158722,0.020536229014396667,0.015621960163116455,0.03595741093158722,0.04907900094985962,0.03595741093158722,0.04907900094985962,0.025789685547351837,0.060129277408123016
444,282,-1.4746813774108887,-1.278038740158081,0.7008386029240989,0.2303751644367975,0.0612013268532855,2.1671924591064453,1.217787504196167,2.1671924591064453,1.217787504196167,2.1491379737854004,1.201184868812561,1.217787504196167,0.0037631988525390625,1.217787504196167,0.0037631988525390625,1.2094862461090088,0.008095264434814453
445,282,-0.8453361988067627,-1.5353496074676514,0.3602749810616178,0.3094618523741759,0.06586695582916335,1.6773576736450195,0.9283179640769958,1.6773576736450195,0.9283179640769958,2.834791421890259,1.4252513647079468,0.9283179640769958,0.006510496139526367,0.9283179640769958,0.006510496139526367,1.176784634590149,0.24925154447555542
446,282,0.044901616871356964,-1.1116623878479004,0.021430280320346107,0.16478082317858928,0.10731779761612398,0.5218166708946228,0.9224110841751099,0.5218166708946228,0.9224110841751099,0.8534328937530518,1.0831279754638672,0.3542134165763855,0.5634149312973022,0.3542134165763855,0.5634149312973022,0.4270518124103546,0.6419783234596252
447,282,0.6925897002220154,-0.3483988344669342,0.6210985714942217,0.006170875579118662,0.06686187691986539,0.027927428483963013,0.027927428483963013,0.027927428483963013,0.027927428483963013,0.19203434884548187,0.2681580185890198,0.027927428483963013,0.1805356740951538,0.027927428483963013,0.1805356740951538,0.046723008155822754,0.2383469045162201
448,282,-0.12356497347354889,0.17513450980186462,0.9326046959683297,0.17915738431736838,0.03096562547609194,0.3832184970378876,0.3832184970378876,0.3832184970378876,0.3832184970378876,0.24929973483085632,0.392733633518219,0.3832184970378876,0.08051064610481262,0.3832184970378876,0.08051064610481262,0.3879760503768921,0.07484541088342667
449,282,0.6233949661254883,0.08297333121299744,0.5383046343736351,0.37698737021535633,0.05974391950294389,0.5694805383682251,0.08075465261936188,0.5694805383682251,0.08075465261936188,0.36814144253730774,0.0911719799041748,0.08075465261936188,0.004266679286956787,0.08075465261936188,0.004266679286956787,0.08596331626176834,0.08730139583349228
450,282,1.0090563297271729,0.3970573842525482,1.0508003994760413,0.22642695400243007,0.1411225381245218,0.33624961972236633,0.38044285774230957,0.33624961972236633,0.38044285774230957,0.06529241800308228,0.34565314650535583,0.38044285774230957,0.07185989618301392,0.38044285774230957,0.07185989618301392,0.3630480170249939,0.05547216534614563
451,282,0.9314091801643372,0.659138560295105,1.0681633865833284,0.45724595941603174,0.03645493112504483,0.553846538066864,0.553846538066864,0.553846538066864,0.553846538066864,0.6170817613601685,0.718769907951355,0.553846538066864,0.017312467098236084,0.553846538066864,0.017312467098236084,0.6363081932067871,0.09327623248100281
452,282,2.2405855655670166,0.9004613161087036,1.0515405571476244,0.5760615085360283,0.16165797162490603,0.5152542591094971,0.5659326314926147,0.5152542591094971,0.5659326314926147,0.8713718056678772,0.9211316704750061,0.5659326314926147,0.10989117622375488,0.5659326314926147,0.10989117622375488,0.7435321807861328,0.2776595950126648
453,282,3.764324903488159,1.423606038093567,1.5848038874939085,0.4548259579390286,0.19250727068632845,1.2196414470672607,1.2196414470672607,1.2196414470672607,1.2196414470672607,1.1118019819259644,1.4641139507293701,1.2196414470672607,0.1670856475830078,1.2196414470672607,0.1670856475830078,1.3418776988983154,0.30652284622192383
454,282,2.6087303161621094,1.9831557273864746,1.791810098985831,0.7034428136112789,0.21207528483743499,1.2567262649536133,1.2567262649536133,1.2567262649536133,1.2567262649536133,1.4896690845489502,1.9773458242416382,1.2567262649536133,0.1657503843307495,1.2567262649536133,0.1657503843307495,1.6170361042022705,0.41817790269851685
455,282,2.663480281829834,2.305567741394043,1.6046374332904818,1.129991827085614,0.37173037745058535,0.4503304958343506,1.0785608291625977,0.4503304958343506,1.0785608291625977,1.4988727569580078,2.175445318222046,1.0785608291625977,0.31661272048950195,1.0785608291625977,0.31661272048950195,1.6270030736923218,0.7702245712280273
456,282,4.715564727783203,2.574824810028076,1.7865665278366456,1.0754890150289675,0.552083336197926,0.5857418775558472,1.2105792760849,0.5857418775558472,1.2105792760849,1.152871012687683,2.389836072921753,1.2105792760849,0.626282811164856,1.2105792760849,0.626282811164856,1.8002076148986816,1.0081372261047363
457,282,3.747568368911743,2.509117841720581,1.9748511743467918,0.8793139128309364,0.38272155510882566,1.376977801322937,1.376977801322937,1.376977801322937,1.376977801322937,1.5472702980041504,2.438971996307373,1.376977801322937,0.31043481826782227,1.376977801322937,0.31043481826782227,1.9079749584197998,0.5972616076469421
458,282,4.201294898986816,3.007524013519287,2.1137868316719928,1.1982386137793457,0.4372405100862191,1.0575963258743286,1.6919612884521484,1.0575963258743286,1.6919612884521484,2.237671375274658,2.9007022380828857,1.6919612884521484,0.3767251968383789,1.6919612884521484,0.3767251968383789,2.2963318824768066,0.9519104361534119
459,282,4.175218105316162,3.1669681072235107,2.0047210694290696,1.1774750708974897,0.6451896652206779,1.1304221153259277,1.4537595510482788,1.1304221153259277,1.4537595510482788,2.2147696018218994,2.986607074737549,1.4537595510482788,0.6240105628967285,1.4537595510482788,0.6240105628967285,2.2201833724975586,1.1622679233551025
460,282,2.763962984085083,3.4084842205047607,2.1083707913259664,1.3413021832952898,0.6270611872027319,1.5602259635925293,1.576483964920044,1.5602259635925293,1.576483964920044,3.1505861282348633,3.1690139770507812,1.576483964920044,0.6001732349395752,1.576483964920044,0.6001732349395752,2.372748851776123,1.1938681602478027
461,282,3.356619119644165,2.6049933433532715,1.6789842565295596,1.095483552732815,0.5372379610066611,0.3924405574798584,1.0587658882141113,0.3924405574798584,1.0587658882141113,1.4188538789749146,2.348337173461914,1.0587658882141113,0.42430877685546875,1.0587658882141113,0.42430877685546875,1.7035515308380127,0.8635005950927734
462,282,2.856628656387329,2.975052833557129,1.9773956614360213,1.0894458769261837,0.7152097807452087,0.838240385055542,1.3463078737258911,0.838240385055542,1.3463078737258911,1.3689779043197632,2.6465840339660645,1.3463078737258911,0.8147799968719482,1.3463078737258911,0.8147799968719482,1.996445894241333,1.2556555271148682
463,282,2.8842148780822754,2.7564308643341064,1.7794027752615507,1.1882780147902672,0.5589815272577106,1.069012999534607,1.382357120513916,1.069012999534607,1.382357120513916,2.276198625564575,2.595860004425049,1.382357120513916,0.5308234691619873,1.382357120513916,0.5308234691619873,1.9891085624694824,1.0473859310150146
464,282,2.9734816551208496,2.829632520675659,2.0186098573108513,0.983415881221493,0.5944257659961782,1.2963696718215942,1.6023422479629517,1.2963696718215942,1.6023422479629517,2.1928927898406982,2.650240659713745,1.6023422479629517,0.5350708961486816,1.6023422479629517,0.5350708961486816,2.126291513442993,0.9358114004135132
465,282,1.8887581825256348,2.8153011798858643,1.8953507080363732,1.1052428741628924,0.5274453318553665,1.494837760925293,1.494837760925293,1.494837760925293,1.494837760925293,2.5922696590423584,2.6255593299865723,1.494837760925293,0.5656924247741699,1.494837760925293,0.5656924247741699,2.0601985454559326,1.0202984809875488
466,282,2.488661766052246,2.356668472290039,1.4701784031714,1.076752146358291,0.5172707993040491,0.43986189365386963,1.1838502883911133,0.43986189365386963,1.1838502883911133,1.528092861175537,2.271449089050293,1.1838502883911133,0.6476384401321411,1.1838502883911133,0.6476384401321411,1.7276496887207031,1.1164534091949463
467,282,4.4635701179504395,2.2802681922912598,1.579864101484418,0.7675163231790068,0.5584855105727908,0.9403724670410156,1.238353967666626,0.9403724670410156,1.238353967666626,1.2406389713287354,1.959424614906311,1.238353967666626,0.6295375823974609,1.238353967666626,0.6295375823974609,1.5988893508911133,0.9118722677230835
468,282,3.033963203430176,2.7556838989257812,2.069418859599779,0.8709348889316118,0.35921489325041644,1.8524625301361084,1.8524625301361084,1.8524625301361084,1.8524625301361084,2.0039446353912354,2.709005832672119,1.8524625301361084,0.4061410427093506,1.8524625301361084,0.4061410427093506,2.280734062194824,0.7937081456184387
469,282,2.0594289302825928,3.02854061126709,1.7566707004606719,1.2788644474744804,0.49222488120198227,0.5106339454650879,1.334700345993042,0.5106339454650879,1.334700345993042,2.0242536067962646,2.800229072570801,1.334700345993042,0.4779977798461914,1.334700345993042,0.4779977798461914,2.067464828491211,1.138692021369934
470,282,3.570910930633545,2.7406060695648193,1.5512311110893884,1.1587091827827198,0.662142268164704,0.13124418258666992,1.1477646827697754,0.13124418258666992,1.1477646827697754,0.3965284824371338,2.553720474243164,1.1477646827697754,0.8626925945281982,1.1477646827697754,0.8626925945281982,1.8507425785064697,1.3482532501220703
471,282,5.158550262451172,2.9467170238494873,2.0138158149520553,0.8718851053218044,0.5728511476020026,1.5529955625534058,1.5529955625534058,1.5529955625534058,1.5529955625534058,1.7822962999343872,2.47761607170105,1.5529955625534058,0.6130247116088867,1.5529955625534058,0.6130247116088867,2.015305757522583,0.9448249936103821
472,282,3.8579423427581787,3.0954325199127197,2.149094022183369,1.1745001886940252,0.47386978899749543,1.6278449296951294,1.6278449296951294,1.6278449296951294,1.6278449296951294,2.3750107288360596,3.0745363235473633,1.6278449296951294,0.4755971431732178,1.6278449296951294,0.4755971431732178,2.3511905670166016,0.9880416989326477
473,282,3.953803539276123,3.6677558422088623,1.9786077172309156,1.5984069652110342,0.7402047809213399,0.4955601692199707,1.1007261276245117,0.4955601692199707,1.1007261276245117,2.276315689086914,3.117145299911499,1.1007261276245117,0.6563324928283691,1.1007261276245117,0.6563324928283691,2.108935832977295,1.3543260097503662
474,282,4.3847246170043945,3.503957748413086,1.9870246223857007,1.3626127077763277,0.8745305075620613,0.662139892578125,1.3200106620788574,0.662139892578125,1.3200106620788574,1.4945080280303955,3.0704541206359863,1.3200106620788574,0.9306857585906982,1.3200106620788574,0.9306857585906982,2.195232391357422,1.5220154523849487
475,282,3.1929361820220947,3.3705713748931885,2.0335317370916406,1.22288718658189,0.6410246197755134,1.7408499717712402,1.7408499717712402,1.7408499717712402,1.7408499717712402,3.102675199508667,3.2707738876342773,1.7408499717712402,0.7405378818511963,1.7408499717712402,0.7405378818511963,2.505811929702759,1.3362677097320557
476,282,3.6533827781677246,3.361969232559204,1.7838465533692696,1.3712709311659763,0.7415616659315614,0.67555832862854,1.3516919612884521,0.67555832862854,1.3516919612884521,2.326927661895752,3.0850775241851807,1.3516919612884521,0.7494966983795166,1.3516919612884521,0.7494966983795166,2.2183847427368164,1.402671217918396
477,282,2.505305528640747,3.217707872390747,1.9898015355986232,1.1070730130855617,0.7045527083116272,0.8519120216369629,1.2804142236709595,0.8519120216369629,1.2804142236709595,1.6754624843597412,2.7834830284118652,1.2804142236709595,0.7041313648223877,1.2804142236709595,0.7041313648223877,2.0319485664367676,1.1791930198669434
478,282,0.9700594544410706,2.8284857273101807,1.5805260804128678,1.202778077908636,0.5600665008109846,0.6773829460144043,1.3957457542419434,0.6773829460144043,1.3957457542419434,2.0115907192230225,2.743114948272705,1.3957457542419434,0.6291675567626953,1.3957457542419434,0.6291675567626953,2.069430351257324,1.1824959516525269
479,282,1.8516889810562134,1.842704176902771,0.924379332680255,0.8152176274545493,0.5452130707539617,0.8764804601669312,0.663627028465271,0.8764804601669312,0.663627028465271,0.4659477472305298,1.6200264692306519,0.663627028465271,0.6861982345581055,0.663627028465271,0.6861982345581055,1.1418267488479614,1.060178518295288
480,282,-0.21232196688652039,1.5176150798797607,1.3468909026651332,0.3452238819903384,0.2909216482626895,0.695853054523468,1.106019377708435,0.695853054523468,1.106019377708435,0.4759598970413208,1.4448310136795044,1.106019377708435,0.40043580532073975,1.106019377708435,0.40043580532073975,1.2754251956939697,0.5374047756195068
481,282,0.6774367094039917,0.3194538652896881,0.1304293911159039,0.5542421941459179,0.13839514419436455,0.5260089635848999,0.4220283031463623,0.5260089635848999,0.4220283031463623,0.5344566106796265,0.5061050653457642,0.5260089635848999,0.11969825625419617,0.5260089635848999,0.11969825625419617,0.5664591789245605,0.08294475078582764
482,282,-0.618462324142456,0.3758428692817688,0.7304983748247226,0.017793529561410226,0.1341682106566926,0.33429253101348877,0.4827207326889038,0.33429253101348877,0.4827207326889038,0.16455447673797607,0.4846041798591614,0.4827207326889038,0.0704229474067688,0.4827207326889038,0.0704229474067688,0.5111315250396729,0.06442661583423615
483,282,-1.0041694641113281,-0.30420756340026855,0.14788333356380465,0.3048347274959089,0.032395786195993564,0.18987423181533813,0.2095462679862976,0.18987423181533813,0.2095462679862976,0.9532044529914856,0.2095462679862976,0.18987423181533813,0.009212344884872437,0.18987423181533813,0.009212344884872437,0.19971024990081787,0.21552996337413788
484,282,-0.3202425539493561,-0.8474313020706177,0.3217663754771154,0.12424399564663569,0.012404357617100126,1.5444235801696777,0.6104015111923218,1.5444235801696777,0.6104015111923218,2.110116958618164,0.7524011135101318,0.6104015111923218,0.02955406904220581,0.6104015111923218,0.02955406904220581,0.6814013123512268,0.06501677632331848
485,282,-0.6493616700172424,-0.57868492603302,0.0666226888696354,0.15987713833649947,0.09577149381240224,0.35384464263916016,0.37629950046539307,0.35384464263916016,0.37629950046539307,0.48296380043029785,0.45519596338272095,0.2192072868347168,0.1566741168498993,0.2192072868347168,0.1566741168498993,0.2572219967842102,0.19440965354442596
486,282,-0.0832299068570137,-0.6344124674797058,0.07786293778568511,0.020681604910641888,0.07045377405360344,0.5559115409851074,0.37455013394355774,0.5559115409851074,0.37455013394355774,0.6259815692901611,0.46141380071640015,0.37455013394355774,0.048272550106048584,0.37455013394355774,0.048272550106048584,0.3910936117172241,0.06947529315948486
487,282,1.1064050197601318,-0.35987377166748047,0.22511975210160012,0.07933448392897846,0.045325036644935535,0.04658573865890503,0.04658573865890503,0.04658573865890503,0.04658573865890503,0.3221554756164551,0.19227616488933563,0.04658573865890503,0.01184988021850586,0.04658573865890503,0.01184988021850586,0.11943095177412033,0.087430439889431
488,282,-0.29772233963012695,0.45026645064353943,0.9378931136553484,0.0740657234688602,0.04749103470395011,0.630943238735199,0.630943238735199,0.630943238735199,0.630943238735199,0.312044620513916,0.6103333234786987,0.630943238735199,0.04807841777801514,0.630943238735199,0.04807841777801514,0.6206382513046265,0.060204729437828064
489,282,-1.6997376680374146,-0.09103314578533173,0.14695959839348988,0.3615400572990378,0.05014471304292467,0.3124196529388428,0.1298905462026596,0.3124196529388428,0.1298905462026596,0.6780985593795776,0.1298905462026596,0.3124196529388428,0.011696144938468933,0.3124196529388428,0.011696144938468933,0.2211551070213318,0.107075534760952
490,282,0.43391671776771545,-1.0939092636108398,0.6538470127433533,0.04362282924354033,0.0936047765612602,2.2493767738342285,0.9503957629203796,2.2493767738342285,0.9503957629203796,2.087233543395996,0.9413337111473083,0.9503957629203796,0.053197264671325684,0.9503957629203796,0.053197264671325684,0.91917884349823,0.03772544860839844
491,282,-0.789778470993042,-0.30435699224472046,0.5572849344213804,0.3000184261302154,0.021344938625891985,0.2565198540687561,0.2565198540687561,0.2565198540687561,0.2565198540687561,0.6951258778572083,0.12123581767082214,0.2565198540687561,0.03338903188705444,0.2565198540687561,0.03338903188705444,0.18887783586978912,0.2214427888393402
492,282,-0.36270636320114136,-0.574700653553009,0.127810004229347,0.1896505994846422,0.11305959487954756,0.08423340320587158,0.32287824153900146,0.08423340320587158,0.32287824153900146,0.9008654356002808,0.32287824153900146,0.08423340320587158,0.08833003044128418,0.08423340320587158,0.08833003044128418,0.20355582237243652,0.30276960134506226
493,282,-0.8319235444068909,-0.5147299766540527,0.06520706851035356,0.11905427943915131,0.014573149085044881,0.4572303295135498,0.3537199795246124,0.4572303295135498,0.3537199795246124,1.1222792863845825,0.3537199795246124,0.16310915350914001,0.007415056228637695,0.16310915350914001,0.007415056228637695,0.2584145665168762,0.09149271249771118
494,282,-0.2845901846885681,-0.747308075428009,0.2210856545219819,0.005600263165930985,0.04998003362367545,0.8140639662742615,0.5258907675743103,0.8140639662742615,0.5258907675743103,0.8811289668083191,0.6393033266067505,0.5258907675743103,0.06920015811920166,0.5258907675743103,0.06920015811920166,0.5450489521026611,0.09296667575836182
495,282,0.015325765125453472,-0.5250451564788818,0.0995906532059114,0.11935025965174041,0.033102515613039354,0.2852447032928467,0.3131923973560333,0.2852447032928467,0.3131923973560333,0.43201327323913574,0.3131923973560333,0.16883587837219238,0.020438790321350098,0.16883587837219238,0.020438790321350098,0.24101413786411285,0.09309236705303192
496,282,0.6468530297279358,-0.2595252990722656,0.2869756921753288,0.019287057965994003,0.04408758249133832,0.008715599775314331,0.008715599775314331,0.008715599775314331,0.008715599775314331,0.09817950427532196,0.10407227277755737,0.008715599775314331,0.061014324426651,0.008715599775314331,0.061014324426651,0.025627002120018005,0.08695442229509354
497,282,1.3349719047546387,0.14413851499557495,0.5691474854884048,0.04116526068498694,0.03839639440799747,0.3626989424228668,0.3626989424228668,0.3626989424228668,0.3626989424228668,0.21580663323402405,0.3661295771598816,0.3626989424228668,0.012487918138504028,0.3626989424228668,0.012487918138504028,0.3644142746925354,0.01060447096824646
498,282,0.5398078560829163,0.6013617515563965,0.8495134447515014,0.1867927415668963,0.014711361825466396,0.6612054109573364,0.6612054109573364,0.6612054109573364,0.6612054109573364,0.6525505185127258,0.7940003871917725,0.6612054109573364,0.0022907257080078125,0.6612054109573364,0.0022907257080078125,0.7276028990745544,0.08805336058139801
499,282,0.7128100991249084,0.5484879612922668,0.5725741171836852,0.3787146772071721,0.045065430141985385,0.14606225490570068,0.3178345561027527,0.14606225490570068,0.3178345561027527,0.26812395453453064,0.6841344833374023,0.3178345561027527,0.1086345911026001,0.3178345561027527,0.1086345911026001,0.5009845495223999,0.2861843705177307
500,282,1.1506271362304688,0.4492926001548767,0.5754773148677002,0.20115468011858573,0.12059898924703394,0.053414344787597656,0.41976767778396606,0.053414344787597656,0.41976767778396606,0.027206331491470337,0.5667920708656311,0.41976767778396606,0.14614522457122803,0.41976767778396606,0.14614522457122803,0.4932798743247986,0.21363136172294617
501,282,0.9848684072494507,0.7170850038528442,0.8688135222097237,0.20757503268619382,0.05302386430402595,0.6566308736801147,0.6566308736801147,0.6566308736801147,0.6566308736801147,0.7212975025177002,0.8202928304672241,0.6566308736801147,0.0647009015083313,0.6566308736801147,0.0647009015083313,0.7384618520736694,0.14919716119766235
502,282,-1.505621314048767,0.7634024024009705,0.8772016800194977,0.32172171887010315,0.0511804237589244,0.4971027374267578,0.5997824668884277,0.4971027374267578,0.5997824668884277,0.7818641662597656,0.88083416223526,0.5997824668884277,0.07204687595367432,0.5997824668884277,0.07204687595367432,0.7403082847595215,0.21023118495941162
503,282,-1.8155434131622314,-0.676544189453125,0.5723482915138203,0.35234404964993404,0.09211120190719735,2.3796780109405518,0.9688003063201904,2.3796780109405518,0.9688003063201904,2.078680992126465,0.5994845628738403,0.9688003063201904,0.14260649681091309,0.9688003063201904,0.14260649681091309,0.7841424345970154,0.2789900302886963
504,282,-1.8115830421447754,-1.466149091720581,0.772870143291851,0.27421522562702494,0.09139061256001413,2.3530631065368652,1.0497159957885742,2.3530631065368652,1.0497159957885742,3.9019875526428223,1.3641278743743896,1.0497159957885742,0.03696560859680176,1.0497159957885742,0.03696560859680176,1.206921935081482,0.17832285165786743
505,282,-2.5352060794830322,-1.7698631286621094,0.7886951165894668,0.35567828177164007,0.0905864143992463,1.2328858375549316,1.0588953495025635,1.2328858375549316,1.0588953495025635,1.7918521165847778,1.5497379302978516,1.0588953495025635,0.12055230140686035,1.0588953495025635,0.12055230140686035,1.3043166399002075,0.36558961868286133
506,282,-2.9358818531036377,-2.0642735958099365,1.2061793194773296,0.29058002839485786,0.11135392998034765,1.9518358707427979,1.5346264839172363,1.9518358707427979,1.5346264839172363,2.2783706188201904,1.8218222856521606,1.5346264839172363,0.11121737957000732,1.5346264839172363,0.11121737957000732,1.6782243251800537,0.2801246643066406
507,282,-0.8131424784660339,-2.624319314956665,1.4104173985992867,0.5797548315053189,0.16344388378163166,2.4258360862731934,1.8087584972381592,2.4258360862731934,1.8087584972381592,3.2472984790802,2.4379665851593018,1.8087584972381592,0.20885848999023438,1.8087584972381592,0.20885848999023438,2.1233625411987305,0.5564416646957397
508,282,-1.0654373168945312,-1.5422334671020508,0.06445319510996328,0.587277769520879,0.233892980068922,1.0707669258117676,1.1974676847457886,1.0707669258117676,1.1974676847457886,1.8049896955490112,1.3198353052139282,0.676185667514801,0.5132546424865723,0.676185667514801,0.5132546424865723,0.7518179416656494,0.6484894752502441
509,282,0.02352915145456791,-1.1614810228347778,0.252529878815015,0.04373969302823155,0.1965511332576474,0.8663426637649536,0.7129632234573364,0.8663426637649536,0.7129632234573364,1.0086945295333862,0.9366205930709839,0.7129632234573364,0.16098415851593018,0.7129632234573364,0.16098415851593018,0.7619194984436035,0.24595031142234802
510,282,-0.7909976840019226,-0.5254097580909729,0.4999095175787809,0.13527983519248676,0.03978520584292722,0.014865458011627197,0.014865458011627197,0.014865458011627197,0.014865458011627197,0.48966774344444275,0.2409897744655609,0.014865458011627197,0.029993146657943726,0.014865458011627197,0.029993146657943726,0.12792761623859406,0.1580350548028946
511,282,0.7068880200386047,-0.7038291692733765,0.020726799045999666,0.17051358188192023,0.07841613085319582,0.004345893859863281,0.4321907162666321,0.004345893859863281,0.4321907162666321,0.10033166408538818,0.4924401044845581,0.004345893859863281,0.43622201681137085,0.004345893859863281,0.43622201681137085,0.029489874839782715,0.46652621030807495
512,282,-0.9787136912345886,0.0652729868888855,0.7007919723664718,0.06458351854855815,0.012627474026133734,0.3462367057800293,0.3462367057800293,0.3462367057800293,0.3462367057800293,0.15963433682918549,0.20176586508750916,0.3462367057800293,0.001009330153465271,0.3462367057800293,0.001009330153465271,0.2740013003349304,0.08088891208171844
513,282,-1.564394235610962,-0.5709328651428223,0.10983652003109448,0.24509368069469928,0.02988986954092973,0.10523611307144165,0.35695406794548035,0.10523611307144165,0.35695406794548035,1.045727252960205,0.35695406794548035,0.10523611307144165,0.025207698345184326,0.10523611307144165,0.025207698345184326,0.231095090508461,0.26524537801742554
514,282,-0.0715520828962326,-1.1407054662704468,0.4055237898106375,0.028149046885470486,0.05829060313602283,1.7955366373062134,0.8043800592422485,1.7955366373062134,0.8043800592422485,1.7647701501846313,0.9661574363708496,0.8043800592422485,0.20128989219665527,0.8043800592422485,0.20128989219665527,0.7987751960754395,0.19134992361068726
515,282,-0.9222361445426941,-0.5241740345954895,0.4565390044699109,0.20614602753271646,0.053083765593667676,0.04345965385437012,0.04345965385437012,0.04345965385437012,0.04345965385437012,0.6464745998382568,0.36842721700668335,0.04345965385437012,0.03721529245376587,0.04345965385437012,0.03721529245376587,0.20594343543052673,0.19874173402786255
516,282,-1.0953528881072998,-0.7353469729423523,0.041401383976141654,0.11912430365880308,0.09220100740591664,0.011850476264953613,0.5271944403648376,0.011850476264953613,0.5271944403648376,0.10506105422973633,0.6094286441802979,0.011850476264953613,0.514279842376709,0.011850476264953613,0.514279842376709,0.04087987542152405,0.5550423860549927
517,282,-2.492645502090454,-0.9162730574607849,0.23857363767611484,0.03227678927282504,0.04683952331853411,1.0795323848724365,0.5843920111656189,1.0795323848724365,0.5843920111656189,1.0837483406066895,0.7478334903717041,0.5843920111656189,0.165793776512146,0.5843920111656189,0.165793776512146,0.5862618684768677,0.1673455834388733
518,282,-0.7237213850021362,-1.7911136150360107,0.9084790477529168,0.0830371935293075,0.011546926423907866,2.085249185562134,1.3525289297103882,2.085249185562134,1.3525289297103882,2.353536605834961,1.5451464653015137,1.3525289297103882,0.044130563735961914,1.3525289297103882,0.044130563735961914,1.4488377571105957,0.1597118377685547
519,282,-1.7243149280548096,-1.0317140817642212,0.1656289066374303,0.31880749963223953,0.07044971428811536,0.7136415243148804,0.8303842544555664,0.7136415243148804,0.8303842544555664,1.2150297164916992,0.8303842544555664,0.37066173553466797,0.06923341751098633,0.37066173553466797,0.06923341751098633,0.6005229949951172,0.2921256422996521
520,282,-0.32060715556144714,-1.321358323097229,0.5453862423573929,0.043156284528473754,0.08761437003811201,1.6299694776535034,1.0734750032424927,1.6299694776535034,1.0734750032424927,1.8730859756469727,1.2436161041259766,1.0734750032424927,0.11182975769042969,1.0734750032424927,0.11182975769042969,1.085299015045166,0.15156424045562744
521,282,-0.8100017309188843,-0.7123878598213196,0.2848687590224049,0.24042219832229117,0.024052389894301862,0.17342913150787354,0.17342913150787354,0.17342913150787354,0.17342913150787354,0.8652857542037964,0.5055795907974243,0.17342913150787354,0.039556801319122314,0.17342913150787354,0.039556801319122314,0.3395043611526489,0.20641951262950897
522,282,1.1679813861846924,-0.8842177391052246,0.05670463928331909,0.11461748550335557,0.07871930850048861,0.06739556789398193,0.5421314239501953,0.06739556789398193,0.5421314239501953,0.271034300327301,0.6527742147445679,0.06739556789398193,0.46517571806907654,0.06739556789398193,0.46517571806907654,0.12005409598350525,0.5192882418632507
523,282,-1.3190593719482422,0.2350795567035675,1.030197858462731,0.0413305235405762,0.016113390823205287,0.5544925928115845,0.5544925928115845,0.5544925928115845,0.5544925928115845,0.030250489711761475,0.4133020043373108,0.5544925928115845,0.013915717601776123,0.5544925928115845,0.013915717601776123,0.48389729857444763,0.08631086349487305
524,282,0.20244137942790985,-0.48455125093460083,0.3300788033939897,0.5689158186875283,0.03754632506519556,0.2875164747238159,0.3988720178604126,0.2875164747238159,0.3988720178604126,1.365778923034668,0.3988720178604126,0.2875164747238159,0.021244585514068604,0.2875164747238159,0.021244585514068604,0.34319424629211426,0.406011700630188
525,282,-0.7572847604751587,-0.3547249138355255,0.5251254509141048,0.26010429571072263,0.0914124304552873,0.42089831829071045,0.11843034625053406,0.42089831829071045,0.11843034625053406,1.9831527471542358,0.27592283487319946,0.11843034625053406,0.04560551047325134,0.11843034625053406,0.04560551047325134,0.19717659056186676,0.2019578367471695
526,282,-0.45102569460868835,-0.4938606023788452,0.040593541848162884,0.19748181051264196,0.03330075648923708,0.03807651996612549,0.41580042243003845,0.03807651996612549,0.41580042243003845,0.9397751092910767,0.41580042243003845,0.03807651996612549,0.010583162307739258,0.03807651996612549,0.010583162307739258,0.22693847119808197,0.23578330874443054
527,282,-1.619698166847229,-0.5760032534599304,0.2515199429541827,0.025115941613912562,0.05326896809041498,0.5964210629463196,0.24964648485183716,0.5964210629463196,0.24964648485183716,0.58187335729599,0.3894810676574707,0.24964648485183716,0.14798760414123535,0.24964648485183716,0.14798760414123535,0.24376308917999268,0.1429702341556549
528,282,-1.6690925359725952,-1.123570442199707,0.3838236406445505,0.16725417442619817,0.005233276858925995,1.3287816047668457,0.7806644439697266,1.3287816047668457,0.7806644439697266,1.4498460292816162,0.8893582820892334,0.7806644439697266,0.04472696781158447,0.7806644439697266,0.04472696781158447,0.83501136302948,0.09329968690872192
529,282,-0.4968435764312744,-1.5184763669967651,0.4080392191186546,0.17373752251267455,0.00522317405790107,1.7285490036010742,1.0603711605072021,1.7285490036010742,1.0603711605072021,2.3386716842651367,1.34846031665802,1.0603711605072021,0.021350860595703125,1.0603711605072021,0.021350860595703125,1.2044157981872559,0.18851840496063232
530,282,-1.5396997928619385,-0.8019707202911377,0.2952651227017243,0.14202768834928678,0.0443760080883899,0.2979121208190918,0.2979121208190918,0.2979121208190918,0.2979121208190918,0.8784492015838623,0.6372572183609009,0.2979121208190918,0.007923245429992676,0.2979121208190918,0.007923245429992676,0.46758466958999634,0.17720761895179749
531,282,-1.641893982887268,-1.1382899284362793,0.3783262173769375,0.14614116632069182,0.006166905735929901,1.3258118629455566,0.8540290594100952,1.3258118629455566,0.8540290594100952,1.481103777885437,0.993784487247467,0.8540290594100952,0.04085075855255127,0.8540290594100952,0.04085075855255127,0.9239068031311035,0.06040066480636597
532,282,-0.7423912286758423,-1.4163615703582764,0.44584405516584713,0.13009698563565802,0.01083827531586079,1.4340990781784058,0.8780525922775269,1.4340990781784058,0.8780525922775269,2.0668392181396484,1.1934425830841064,0.8780525922775269,0.005180954933166504,0.8780525922775269,0.005180954933166504,1.0357475280761719,0.1615464687347412
533,282,-0.38800927996635437,-0.9925323128700256,0.14271807814637844,0.16563428414364656,0.04562887271245325,0.5646753311157227,0.7788349986076355,0.5646753311157227,0.7788349986076355,0.9592821002006531,0.7788349986076355,0.38671207427978516,0.11832535266876221,0.38671207427978516,0.11832535266876221,0.5827735662460327,0.3304646611213684
534,282,-3.2704992294311523,-0.5071253776550293,0.2647639464742193,0.054659698164711445,0.038574158682798176,0.19906237721443176,0.19906237721443176,0.19906237721443176,0.19906237721443176,0.39300790429115295,0.33219027519226074,0.19906237721443176,0.026564598083496094,0.19906237721443176,0.026564598083496094,0.26562631130218506,0.09057557582855225
535,282,-1.223775029182434,-1.91544771194458,1.1649466323976716,0.110549455905954,4.677766313165854e-05,2.7704532146453857,1.5771946907043457,2.7704532146453857,1.5771946907043457,2.890669822692871,1.6733064651489258,1.5771946907043457,0.020386576652526855,1.5771946907043457,0.020386576652526855,1.6252505779266357,0.06696224212646484
536,282,-0.3903464376926422,-1.4840049743652344,0.13278447454174325,0.5244444775146747,0.03767093469078364,1.1464166641235352,1.2994921207427979,1.1464166641235352,1.2994921207427979,2.441763162612915,1.2994921207427979,0.6891241669654846,0.038040757179260254,0.6891241669654846,0.038040757179260254,0.9943081140518188,0.3617967665195465
537,282,-2.004739761352539,-0.7083948254585266,0.24950510419905203,0.09011540297418853,0.07615617524832485,0.22825247049331665,0.22825247049331665,0.22825247049331665,0.22825247049331665,0.8214316368103027,0.609911322593689,0.22825247049331665,0.034140706062316895,0.22825247049331665,0.034140706062316895,0.4190818965435028,0.20214465260505676
538,141,1.0817196369171143,-1.4570351839065552,1.0356749715159337,0.07978623027602816,0.09336090850333378,2.0925755500793457,1.1585547924041748,2.0925755500793457,1.1585547924041748,2.1982855796813965,1.2944209575653076,1.1585547924041748,0.0968172550201416,1.1585547924041748,0.0968172550201416,1.1742093563079834,0.12162792682647705
539,141,-2.4666264057159424,-0.5541850924491882,0.5049771406377355,0.6727803616722423,0.12628772587825865,2.082197904586792,0.11388811469078064,2.082197904586792,0.11388811469078064,1.5137081146240234,0.11388811469078064,0.7113760113716125,0.08000871539115906,0.7113760113716125,0.08000871539115906,0.4126320481300354,0.2662506699562073
540,282,-1.0110158920288086,-1.2674269676208496,0.86996601883322,0.43001379467546946,0.12490398492664095,2.7442431449890137,1.3000026941299438,2.7442431449890137,1.3000026941299438,2.3666601181030273,1.0374770164489746,1.3000026941299438,0.1521986722946167,1.3000026941299438,0.1521986722946167,1.1687397956848145,0.11365383863449097
541,282,-3.2824857234954834,-1.1586170196533203,0.11866386018693445,0.3867727518081663,0.20723832331597794,1.3653987646102905,0.9701026678085327,1.3653987646102905,0.9701026678085327,1.0550568103790283,0.8890256881713867,0.46254420280456543,0.4989427328109741,0.46254420280456543,0.4989427328109741,0.4461950361728668,0.4552988111972809
542,282,-2.1661107540130615,-1.825027346611023,1.052615314833819,0.007800121717154607,0.05183000266551996,2.118295431137085,1.326819896697998,2.118295431137085,1.326819896697998,2.4691805839538574,1.5951777696609497,1.326819896697998,0.19458913803100586,1.326819896697998,0.19458913803100586,1.3523063659667969,0.18472105264663696
543,282,-1.6064655780792236,-1.9892563819885254,0.7617918042590219,0.5556694020082555,0.03749619667728732,1.7903975248336792,1.223088026046753,1.7903975248336792,1.223088026046753,3.0119433403015137,1.843025803565979,1.223088026046753,0.11903083324432373,1.223088026046753,0.11903083324432373,1.5330569744110107,0.4747249484062195
544,282,-2.4676644802093506,-1.942378282546997,0.44207608121136843,0.4797848532597223,0.231617063085238,0.9870471954345703,1.6249550580978394,0.9870471954345703,1.6249550580978394,1.80356764793396,1.6249550580978394,0.8156489133834839,0.3497244119644165,0.8156489133834839,0.3497244119644165,1.2203019857406616,0.74789959192276
545,282,-2.579320192337036,-1.87484872341156,0.8636653277588384,0.19083653233324482,0.12937087794144997,1.585205316543579,1.183567762374878,1.585205316543579,1.183567762374878,1.9415318965911865,1.5511049032211304,1.183567762374878,0.24684643745422363,1.183567762374878,0.24684643745422363,1.3673362731933594,0.41521626710891724
546,282,-2.784745216369629,-2.179196357727051,1.0899482299014926,0.4919185225293039,0.10200025849044336,1.7997188568115234,1.2964791059494019,1.7997188568115234,1.2964791059494019,2.635711669921875,1.9145989418029785,1.2964791059494019,0.19288814067840576,1.2964791059494019,0.19288814067840576,1.605539083480835,0.5027061700820923
547,282,-4.301506042480469,-2.6464200019836426,1.1243285649238777,0.6558238153873635,0.25127572119856834,1.676854133605957,1.5198500156402588,1.676854133605957,1.5198500156402588,2.4847521781921387,2.3095297813415527,1.5198500156402588,0.41225767135620117,1.5198500156402588,0.41225767135620117,1.9146898984909058,0.7683298587799072
548,282,-3.2234387397766113,-2.976999521255493,1.359449205224713,0.6551173248638706,0.36966610913475373,2.8640494346618652,1.953017234802246,2.8640494346618652,1.953017234802246,3.7218799591064453,2.7154958248138428,1.953017234802246,0.6847217082977295,1.953017234802246,0.6847217082977295,2.334256649017334,1.0791308879852295
549,282,-2.469050645828247,-3.0606398582458496,1.1813288707907,0.9643663487086689,0.2892338555927081,1.7155879735946655,1.4912208318710327,1.7155879735946655,1.4912208318710327,3.210387706756592,2.6738128662109375,1.4912208318710327,0.4196755886077881,1.4912208318710327,0.4196755886077881,2.08251690864563,0.9867398142814636
550,282,-4.027520179748535,-2.6531713008880615,0.863367598694749,0.7744701490690931,0.4067808312131094,1.0253658294677734,1.0253658294677734,1.0253658294677734,1.0253658294677734,2.2940075397491455,2.138744354248047,1.0253658294677734,0.49905896186828613,1.0253658294677734,0.49905896186828613,1.5820550918579102,0.914557158946991
551,282,-2.3575806617736816,-2.7933871746063232,1.296615826189517,0.5436335663497449,0.3064612227678305,2.389309883117676,1.7726123332977295,2.389309883117676,1.7726123332977295,3.0863866806030273,2.5016438961029053,1.7726123332977295,0.5365219116210938,1.7726123332977295,0.5365219116210938,2.1371281147003174,0.8738669753074646
552,282,-2.8822124004364014,-2.7118887901306152,0.7931786996126167,0.9318644721806049,0.25296681746840544,1.7106596231460571,2.391829013824463,1.7106596231460571,2.391829013824463,2.850677728652954,2.391829013824463,1.2874318361282349,0.4009251594543457,1.2874318361282349,0.4009251594543457,1.839630365371704,0.9804695248603821
553,282,-3.0376076698303223,-2.7800779342651367,1.0346318207929532,0.5624250605205697,0.4303916815171638,1.5632883310317993,1.3279484510421753,1.5632883310317993,1.3279484510421753,2.490766763687134,2.2750399112701416,1.3279484510421753,0.6489343643188477,1.3279484510421753,0.6489343643188477,1.8014941215515137,0.9965965151786804
554,141,-3.6382229328155518,-2.3307502269744873,1.0854857715840143,0.6019382506857315,0.22744130669782558,1.3453426361083984,1.0272796154022217,1.3453426361083984,1.0272796154022217,2.323326349258423,1.7553895711898804,1.0272796154022217,0.16573452949523926,1.0272796154022217,0.16573452949523926,1.3913345336914062,0.4037938117980957
555,282,-0.12737447023391724,-2.9839537143707275,1.2702934382235007,0.7212227865432703,0.3190708947678409,2.0670723915100098,1.6771999597549438,2.0670723915100098,1.6771999597549438,3.0112907886505127,2.602354049682617,1.6771999597549438,0.4919261932373047,1.6771999597549438,0.4919261932373047,2.1397769451141357,0.9408757090568542
556,282,-4.10626220703125,-1.5793884992599487,0.22006459950779866,0.8417152461285393,0.2879710392716027,1.8605124950408936,1.1526153087615967,1.8605124950408936,1.1526153087615967,3.170058250427246,1.392505407333374,1.0897589921951294,0.059766411781311035,1.0897589921951294,0.059766411781311035,1.208988070487976,0.2488967776298523
557,282,-1.037551999092102,-2.0712854862213135,1.4511783445129796,0.1673866856594881,0.3055059890697396,3.136833667755127,1.6912654638290405,3.136833667755127,1.6912654638290405,4.33449649810791,1.9228938817977905,1.6912654638290405,0.030144691467285156,1.6912654638290405,0.030144691467285156,1.7922306060791016,0.2292773723602295
558,282,-2.683645009994507,-1.6642966270446777,0.23701651178300387,0.9450788594037294,0.090370452553034,1.921511173248291,1.4693710803985596,1.921511173248291,1.4693710803985596,3.161269187927246,1.4693710803985596,1.0689399242401123,0.0233461856842041,1.0689399242401123,0.0233461856842041,1.269155502319336,0.2917569875717163
559,282,-1.6226588487625122,-2.0384294986724854,0.9285564391190808,0.10255985184262206,0.4356217922518648,1.9999961853027344,1.2515276670455933,1.9999961853027344,1.2515276670455933,2.6605589389801025,1.8132230043411255,1.2515276670455933,0.32493364810943604,1.2515276670455933,0.32493364810943604,1.4205960035324097,0.5433058738708496
560,282,-1.7366664409637451,-1.8085711002349854,0.5806599910060566,0.6264886101863032,0.05136179711359268,1.2311270236968994,1.5790207386016846,1.2311270236968994,1.5790207386016846,2.4035825729370117,1.5790207386016846,0.8220468759536743,0.13824164867401123,0.8220468759536743,0.13824164867401123,1.2005338668823242,0.5504911541938782
561,282,-1.0677011013031006,-1.479436993598938,0.5471857870121797,0.2722740956892568,0.23520942555119606,0.7471824288368225,0.7016801238059998,0.7471824288368225,0.7016801238059998,1.133410096168518,1.0908403396606445,0.7016801238059998,0.2913767099380493,0.7016801238059998,0.2913767099380493,0.8962602615356445,0.4655546247959137
562,282,-3.2214746475219727,-1.1865447759628296,0.23981256267676754,0.3302209973211089,0.11414728696147602,0.5900710225105286,0.8820502758026123,0.5900710225105286,0.8820502758026123,1.0452594757080078,0.8820502758026123,0.44989967346191406,0.17577147483825684,0.44989967346191406,0.17577147483825684,0.6659749746322632,0.39148977398872375
563,282,-2.7918083667755127,-2.0405406951904297,1.1958324625591439,0.10223346243302012,0.1568078746894993,2.2237281799316406,1.3804705142974854,2.2237281799316406,1.3804705142974854,2.504701852798462,1.788100242614746,1.3804705142974854,0.280489444732666,1.3804705142974854,0.280489444732666,1.4595072269439697,0.3657535910606384
564,399,-2.623843193054199,-2.445006847381592,1.0392078363895418,0.7734487626701594,0.05451637543737875,2.002368927001953,1.3533834218978882,2.002368927001953,1.3533834218978882,3.564591646194458,2.30366849899292,1.3533834218978882,0.1591930389404297,1.3533834218978882,0.1591930389404297,1.8285260200500488,0.637921154499054
565,399,-3.0305211544036865,-2.71386456489563,0.9625554297988612,0.7215113791947564,0.37893319939573633,1.2264628410339355,1.2264628410339355,1.2264628410339355,1.2264628410339355,2.3439414501190186,2.2916715145111084,1.2264628410339355,0.56036376953125,1.2264628410339355,0.56036376953125,1.759067177772522,0.9998228549957275
566,399,-1.447521448135376,-2.6502456665039062,1.1554039322336516,0.6237279202540714,0.29968677033980695,1.4954774379730225,1.332073450088501,1.4954774379730225,1.332073450088501,2.42146635055542,2.253248691558838,1.332073450088501,0.4049720764160156,1.332073450088501,0.4049720764160156,1.7926610708236694,0.7869904041290283
567,399,-1.099212646484375,-1.8904930353164673,0.6069486212482051,0.6986414001261194,0.22186107867707827,1.1320946216583252,1.6411824226379395,1.1320946216583252,1.6411824226379395,1.9400196075439453,1.6411824226379395,0.9310145974159241,0.3639746904373169,0.9310145974159241,0.3639746904373169,1.2860984802246094,0.7269888520240784
568,399,-1.146397590637207,-1.366687536239624,0.3212522206703824,0.28866799625257644,0.3181665025899805,0.45676112174987793,0.45676112174987793,0.45676112174987793,0.45676112174987793,1.0002226829528809,1.1993348598480225,0.45676112174987793,0.42238861322402954,0.45676112174987793,0.42238861322402954,0.6431185007095337,0.5456670522689819
569,399,-0.9479157328605652,-1.0475932359695435,0.4104131136089563,0.17260646022856224,0.14490172728896156,0.548521876335144,0.5274234414100647,0.548521876335144,0.5274234414100647,0.898706316947937,0.8759176731109619,0.5274234414100647,0.11886876821517944,0.5274234414100647,0.11886876821517944,0.7016705274581909,0.2708621919155121
570,399,-0.334243506193161,-1.0614242553710938,0.24281514130532728,0.17614710938185438,0.08232818145304954,0.48154211044311523,0.48154211044311523,0.48154211044311523,0.48154211044311523,0.8477119207382202,0.8006973266601562,0.48154211044311523,0.12259829044342041,0.48154211044311523,0.12259829044342041,0.6411197185516357,0.27656692266464233
571,399,-0.23284804821014404,-0.6632503271102905,0.012354813752075061,0.15154337885479147,0.07321622258673097,0.4395615756511688,0.4432169497013092,0.4395615756511688,0.4432169497013092,0.655591607093811,0.5650875568389893,0.2717454135417938,0.16338464617729187,0.2717454135417938,0.16338464617729187,0.33098962903022766,0.2242102324962616
572,399,-0.9866570830345154,-0.5258395671844482,0.09770891261597468,0.06179876965781039,0.06732184062401447,0.10050958395004272,0.10050958395004272,0.10050958395004272,0.10050958395004272,0.28205305337905884,0.2959332764148712,0.10050958395004272,0.08909884095191956,0.10050958395004272,0.08909884095191956,0.15453536808490753,0.14099714159965515
573,399,-0.13997788727283478,-0.6391086578369141,0.30430674344301223,0.10018289133906372,0.0007111908495425756,0.9033383727073669,0.5256046652793884,0.9033383727073669,0.5256046652793884,0.960351288318634,0.5778583884239197,0.5256046652793884,0.019827723503112793,0.5256046652793884,0.019827723503112793,0.551731526851654,0.044389307498931885
574,399,1.1214796304702759,-0.47007375955581665,0.13638804203520227,0.1652956658725937,0.03597948687771951,0.45177674293518066,0.3269970417022705,0.45177674293518066,0.3269970417022705,0.5203847885131836,0.3269970417022705,0.26203417778015137,0.023763716220855713,0.26203417778015137,0.023763716220855713,0.29451560974121094,0.05553370714187622
575,399,1.0281270742416382,0.2854340076446533,0.7710924715548753,0.11542078565806158,0.08424473870545623,0.497220516204834,0.497220516204834,0.497220516204834,0.497220516204834,0.16157235205173492,0.45846664905548096,0.497220516204834,0.12744081020355225,0.497220516204834,0.12744081020355225,0.47784358263015747,0.14920303225517273
576,399,1.654738426208496,0.8834520578384399,0.7316448520869017,0.417095528021455,0.005404936671256966,0.572012186050415,0.6309362649917603,0.572012186050415,0.6309362649917603,0.8405365943908691,0.8909593820571899,0.6309362649917603,0.022132277488708496,0.6309362649917603,0.022132277488708496,0.7609478235244751,0.1792421042919159
577,399,1.6008131504058838,1.3362319469451904,0.9538753163938722,0.41287202275668555,0.2472139870313308,0.9986881017684937,0.9986881017684937,0.9986881017684937,0.9986881017684937,1.117534875869751,1.300625205039978,0.9986881017684937,0.3334660530090332,0.9986881017684937,0.3334660530090332,1.1496566534042358,0.5147256851196289
578,399,-0.4403589069843292,1.3069320917129517,0.9094498154769339,0.6061203535871271,0.1788142690287593,0.8869990110397339,0.9191493988037109,0.8869990110397339,0.9191493988037109,1.4052892923355103,1.4311999082565308,0.9191493988037109,0.30959099531173706,0.9191493988037109,0.30959099531173706,1.1751747131347656,0.5871798992156982
579,399,2.057769775390625,0.17970432341098785,0.06095994170755137,0.5149579270556569,0.22265553224831813,0.4375954270362854,0.21679973602294922,0.4375954270362854,0.21679973602294922,0.5897477865219116,0.38667744398117065,0.4525902271270752,0.2724738121032715,0.4525902271270752,0.2724738121032715,0.5281627178192139,0.14825835824012756
580,399,0.34450316429138184,1.0175246000289917,1.1578212769702076,0.05856252735480649,0.2668259938992559,1.0327850580215454,1.0327850580215454,1.0327850580215454,1.0327850580215454,1.1672437191009521,1.095618724822998,1.0327850580215454,0.17487621307373047,1.0327850580215454,0.17487621307373047,1.1265690326690674,0.1629164218902588
581,399,0.48711520433425903,0.5976985096931458,0.35143497495601583,0.6108912920455137,0.07950939663996293,0.5267415046691895,0.6832183599472046,0.5267415046691895,0.6832183599472046,0.04943317174911499,0.6832183599472046,0.5267415046691895,0.08978462219238281,0.5267415046691895,0.08978462219238281,0.604979932308197,0.10487151145935059
582,399,0.8528656959533691,0.6213119029998779,0.3761967662721873,0.15150602769106625,0.38549841906875376,0.4315720796585083,0.7692573070526123,0.4315720796585083,0.7692573070526123,0.10765254497528076,0.7692573070526123,0.4315720796585083,0.13744714856147766,0.4315720796585083,0.13744714856147766,0.5569369196891785,0.28506261110305786
583,399,0.32054972648620605,0.43053609132766724,0.5807606629406412,0.20378331248958914,0.05046509028722834,0.4135408401489258,0.4135408401489258,0.4135408401489258,0.4135408401489258,0.4482728838920593,0.5529413819313049,0.4135408401489258,0.053853750228881836,0.4135408401489258,0.053853750228881836,0.48324111104011536,0.12871965765953064
584,399,1.9173437356948853,0.38669243454933167,0.25639406008025,0.35266077430297926,0.0741443972413739,0.23434215784072876,0.391519159078598,0.23434215784072876,0.391519159078598,0.13228198885917664,0.391519159078598,0.23434215784072876,0.06274715065956116,0.23434215784072876,0.06274715065956116,0.3129306435585022,0.14486131072044373
585,399,0.5553714036941528,0.8670378923416138,1.0166294257342816,0.13715589769184588,0.1328301935642957,0.9120981097221375,0.9120981097221375,0.9120981097221375,0.9120981097221375,0.5346722602844238,1.004554271697998,0.9120981097221375,0.1319064497947693,0.9120981097221375,0.1319064497947693,0.9583262205123901,0.18037208914756775
586,399,1.0719770193099976,0.8656130433082581,0.43965368647128344,0.6321830564178527,0.017914399448782037,0.6423180103302002,0.9166306853294373,0.6423180103302002,0.9166306853294373,0.25800007581710815,0.9166306853294373,0.6423180103302002,0.06867116689682007,0.6423180103302002,0.06867116689682007,0.7794743776321411,0.2298964560031891
587,399,-0.07240121066570282,0.7159549593925476,0.5928547680688403,0.2057100565483171,0.22678634050612645,0.12484896183013916,0.6133778095245361,0.12484896183013916,0.6133778095245361,0.42729660868644714,0.9094702005386353,0.6133778095245361,0.21886563301086426,0.6133778095245361,0.21886563301086426,0.6964278817176819,0.35343998670578003
588,399,-0.55707186460495,0.2559452950954437,0.048392034843564025,0.36837959825992583,0.043009349331259716,0.3594614565372467,0.32486870884895325,0.3594614565372467,0.32486870884895325,0.1887209415435791,0.32486870884895325,0.3594614565372467,0.08994156122207642,0.3594614565372467,0.08994156122207642,0.3421650826931,0.07215186953544617
589,399,-1.6489664316177368,-0.44021594524383545,0.26778773363679625,0.016290019471198403,0.05398178016766894,1.1001235246658325,0.30360734462738037,1.1001235246658325,0.30360734462738037,0.8899266719818115,0.24468573927879333,0.30360734462738037,0.019787907600402832,0.30360734462738037,0.019787907600402832,0.26419302821159363,0.02078402042388916
590,399,0.06776778399944305,-0.9918221831321716,0.6607901638870438,0.09160600663473195,0.013624752374986726,1.325758457183838,0.7107162475585938,1.325758457183838,0.7107162475585938,1.6106412410736084,0.849905252456665,0.7107162475585938,0.005560755729675293,0.7107162475585938,0.005560755729675293,0.7803107500076294,0.07557278871536255
591,399,-0.7541095018386841,-0.5774328112602234,0.10322998999307548,0.45741067839165517,0.10525157356013859,0.9512268304824829,0.4374573826789856,0.9512268304824829,0.4374573826789856,1.1983067989349365,0.5092169046401978,0.46900156140327454,0.02985161542892456,0.46900156140327454,0.02985161542892456,0.5054728388786316,0.03209376335144043
592,399,0.03706585243344307,-0.5749069452285767,0.22815210257967314,0.08476314927140866,0.21551903625329333,0.6153742671012878,0.31286969780921936,0.6153742671012878,0.31286969780921936,1.068121075630188,0.4380674660205841,0.31286969780921936,0.016215085983276367,0.31286969780921936,0.016215085983276367,0.3841438889503479,0.06394621729850769
593,399,-0.2631502151489258,-0.31684422492980957,0.1139927812851966,0.176959228059277,0.0011943015549331915,0.4243881404399872,0.1923408806324005,0.4243881404399872,0.1923408806324005,0.4213983118534088,0.1923408806324005,0.2084171175956726,0.005425751209259033,0.2084171175956726,0.005425751209259033,0.20037899911403656,0.013260766863822937
594,399,-0.5951159596443176,-0.3510614335536957,0.013470609858632077,0.08237050764262663,0.07839722312986838,0.008736908435821533,0.10047692060470581,0.008736908435821533,0.10047692060470581,0.08536046743392944,0.16733568906784058,0.008736908435821533,0.10918110609054565,0.008736908435821533,0.10918110609054565,0.02951367199420929,0.14271584153175354
595,399,0.09392258524894714,-0.4875355362892151,0.11705264171585436,0.03380037663504483,0.02528548076748849,0.5255651473999023,0.25220417976379395,0.5255651473999023,0.25220417976379395,0.6966553926467896,0.3225186765193939,0.25220417976379395,0.002831101417541504,0.25220417976379395,0.002831101417541504,0.2873614430427551,0.03211095929145813
596,399,1.4426991939544678,-0.3549475073814392,0.16047021806240097,0.07102942276746047,0.004164990745484848,0.038775861263275146,0.038775861263275146,0.038775861263275146,0.038775861263275146,0.2854267358779907,0.11096823215484619,0.038775861263275146,0.01620122790336609,0.038775861263275146,0.01620122790336609,0.07487204670906067,0.09233957529067993
597,399,-1.0555071830749512,0.40908271074295044,0.7114535770068565,0.10443989338974158,0.05244512190421413,0.5120243430137634,0.5120243430137634,0.5120243430137634,0.5120243430137634,0.271115779876709,0.5319188833236694,0.5120243430137634,0.06723630428314209,0.5120243430137634,0.06723630428314209,0.521971583366394,0.05578741431236267
598,399,0.6943343877792358,-0.23952794075012207,0.3683572814365229,0.4468867457161348,0.021219452892740576,0.32695960998535156,0.12063330411911011,0.32695960998535156,0.12063330411911011,1.0268750190734863,0.12063330411911011,0.32695960998535156,0.009787112474441528,0.32695960998535156,0.009787112474441528,0.22379645705223083,0.2701799273490906
599,399,0.2737436890602112,0.11025482416152954,0.5182853878786168,0.3241740060100954,0.21588706006606417,0.02708372473716736,0.3628709316253662,0.02708372473716736,0.3628709316253662,1.5007717609405518,0.044133126735687256,0.3628709316253662,0.21086716651916504,0.3628709316253662,0.21086716651916504,0.20350202918052673,0.181686133146286
600,399,-0.9265990257263184,0.054812878370285034,0.3392626353104907,0.23054126476248116,0.13194673160711912,0.06358852982521057,0.12003698945045471,0.06358852982521057,0.12003698945045471,0.11169314384460449,0.2900503873825073,0.12003698945045471,0.11283990740776062,0.12003698945045471,0.11283990740776062,0.20504368841648102,0.09113989770412445
601,399,0.7381512522697449,-0.40754061937332153,0.24031307180334488,0.20509631476791876,0.07279641311111243,0.9852064847946167,0.3815470337867737,0.9852064847946167,0.3815470337867737,1.029710054397583,0.3185567259788513,0.3815470337867737,0.03311586380004883,0.3815470337867737,0.03311586380004883,0.3500518798828125,0.06263351440429688
602,399,-0.19339868426322937,-0.08168215304613113,0.48094328839331857,0.17370920088142153,0.07411987669765951,0.2999283969402313,0.2999283969402313,0.2999283969402313,0.2999283969402313,0.4012983441352844,0.03181317448616028,0.2999283969402313,0.028498515486717224,0.2999283969402313,0.028498515486717224,0.1658707857131958,0.13996177911758423
603,399,1.3660186529159546,-0.3242323696613312,0.09017828399936356,0.31949175114432965,0.1342523783942064,0.17782041430473328,0.09877023100852966,0.17782041430473328,0.09877023100852966,0.10831122100353241,0.0017829835414886475,0.17782041430473328,0.08089867234230042,0.17782041430473328,0.08089867234230042,0.1310918778181076,0.1356918215751648
604,399,1.243183970451355,0.3671960234642029,0.6626041003068288,0.0280159484346707,0.11955501553912956,0.5216361880302429,0.5216361880302429,0.5216361880302429,0.5216361880302429,0.5340216755867004,0.5567451119422913,0.5216361880302429,0.06944304704666138,0.5216361880302429,0.06944304704666138,0.5622076988220215,0.0782291442155838
605,399,0.39615684747695923,0.5584406852722168,0.6943169122437638,0.4467601427311698,0.03217087076356018,0.41757333278656006,0.4675929546356201,0.41757333278656006,0.4675929546356201,0.6938444375991821,0.7408115863800049,0.4675929546356201,0.03747433423995972,0.4675929546356201,0.03747433423995972,0.6042022705078125,0.1628977656364441
606,399,3.100233554840088,0.6359190940856934,0.450460150713722,0.49238581086198496,0.23319495471815266,0.41280966997146606,0.6586653590202332,0.41280966997146606,0.6586653590202332,0.12810683250427246,0.6586653590202332,0.45616984367370605,0.27135559916496277,0.45616984367370605,0.27135559916496277,0.557417631149292,0.369820237159729
607,399,2.184502124786377,1.2733376026153564,1.28749622164915,0.25427713627616577,0.3231777857864897,1.1596002578735352,1.1596002578735352,1.1596002578735352,1.1596002578735352,1.0233371257781982,1.4793517589569092,1.1596002578735352,0.17803549766540527,1.1596002578735352,0.17803549766540527,1.2679249048233032,0.37129852175712585
608,399,0.6885556578636169,1.9133403301239014,1.1407107383757826,1.0615300235152247,0.11143520079553149,0.6035137176513672,1.157238483428955,0.6035137176513672,1.157238483428955,1.6781084537506104,2.045171022415161,1.157238483428955,0.14181947708129883,1.157238483428955,0.14181947708129883,1.601204752922058,0.7160675525665283
609,399,1.567219614982605,1.7839077711105347,0.7099266902605691,0.8264701809051136,0.6679470080944401,0.597468376159668,1.4288010597229004,0.597468376159668,1.4288010597229004,0.253926157951355,1.4288010597229004,1.044275164604187,0.8848733901977539,1.044275164604187,0.8848733901977539,1.2365381717681885,1.0775336027145386
610,399,-1.0887559652328491,1.2119462490081787,1.0326288731644553,0.44403727559993666,0.42016129984209916,0.4963001012802124,0.8522016406059265,0.4963001012802124,0.8522016406059265,0.1306934356689453,1.1214723587036133,0.8522016406059265,0.600612998008728,0.8522016406059265,0.600612998008728,0.9868370294570923,0.705481231212616
611,399,0.4052950441837311,-0.19103221595287323,0.2999182228495675,0.5857058320815363,0.09992868537704147,0.36569875478744507,0.07686500996351242,0.36569875478744507,0.07686500996351242,1.13795804977417,0.07686500996351242,0.36569875478744507,0.05117848515510559,0.36569875478744507,0.05117848515510559,0.22128188610076904,0.2503424286842346
612,399,-3.4284887313842773,-0.21885325014591217,0.3746613300157089,0.22706050191695493,0.2475319214661918,0.2836793065071106,0.15139801800251007,0.2836793065071106,0.15139801800251007,0.11572310328483582,0.020560413599014282,0.15139801800251007,0.32843437790870667,0.15139801800251007,0.32843437790870667,0.21255677938461304,0.22558966279029846
613,399,0.16268126666545868,-1.3819177150726318,1.1093384491993734,0.3728374872620527,0.07780747285267964,1.9706718921661377,1.2233365774154663,1.9706718921661377,1.2233365774154663,1.8712701797485352,1.139264702796936,1.2233365774154663,0.05094170570373535,1.2233365774154663,0.05094170570373535,1.1813006401062012,0.05303168296813965
614,399,-1.9260740280151367,-1.0392247438430786,0.34006194634983916,0.904396977716436,0.14169286654020374,2.090064525604248,0.9465087652206421,2.090064525604248,0.9465087652206421,2.1408755779266357,0.9465087652206421,1.0063204765319824,0.051995277404785156,1.0063204765319824,0.051995277404785156,0.9764146208763123,0.08469617366790771
615,399,-0.9905758500099182,-1.3540966510772705,0.6226132969309885,0.3504435640076795,0.4391805780430633,1.686406135559082,0.883841872215271,1.686406135559082,0.883841872215271,2.8517167568206787,1.2144254446029663,0.883841872215271,0.058228492736816406,0.883841872215271,0.058228492736816406,1.069112777709961,0.2663522958755493
616,399,-0.7294154167175293,-1.0242961645126343,0.11585444102374204,0.41710085376476236,0.15486212033467972,0.9083607792854309,0.8943254947662354,0.9083607792854309,0.8943254947662354,0.885806679725647,0.8774128556251526,0.5165573954582214,0.39886242151260376,0.5165573954582214,0.39886242151260376,0.5090979337692261,0.38894426822662354
617,399,0.8020212054252625,-0.8549311757087708,0.0019016102453072725,0.02518139736106012,0.18321770751227928,0.2665380835533142,0.676643967628479,0.2665380835533142,0.676643967628479,0.553512692451477,0.676643967628479,0.20294100046157837,0.243125319480896,0.20294100046157837,0.243125319480896,0.3090169429779053,0.3606421649456024
618,399,-0.4361852705478668,-0.14864863455295563,0.5040971130769077,0.011817616868453618,0.06167042130293943,0.2766713500022888,0.2766713500022888,0.2766713500022888,0.2766713500022888,0.05167347192764282,0.02132740616798401,0.2766713500022888,0.20355059206485748,0.2766713500022888,0.20355059206485748,0.2283606231212616,0.27080246806144714
619,399,-0.43371134996414185,-0.26527169346809387,0.08749120910962427,0.4079893229653435,0.03858155446747924,0.16681838035583496,0.012346804141998291,0.16681838035583496,0.012346804141998291,0.36443060636520386,0.012346804141998291,0.16681838035583496,0.07039149105548859,0.16681838035583496,0.07039149105548859,0.08958259224891663,0.15253399312496185
620,399,-0.23292000591754913,-0.33667004108428955,0.08636857409030213,0.07703579667955635,0.16616771727800372,0.0730670690536499,0.19262686371803284,0.0730670690536499,0.19262686371803284,0.47786766290664673,0.19262686371803284,0.0730670690536499,0.1207963079214096,0.0730670690536499,0.1207963079214096,0.07615721225738525,0.20490649342536926
621,399,-1.118065357208252,-0.3744462728500366,0.13759846815218532,0.11989737660934516,0.039866212581594895,0.07775110006332397,0.07775110006332397,0.07775110006332397,0.07775110006332397,0.24395686388015747,0.1937941163778305,0.07775110006332397,0.03985244035720825,0.07775110006332397,0.03985244035720825,0.13577261567115784,0.09767231345176697
622,399,-1.5327597856521606,-0.6929270625114441,0.16012984062234548,0.14408918951948485,0.009518129651745089,0.6886850595474243,0.4079509377479553,0.6886850595474243,0.4079509377479553,0.7486655712127686,0.4662996530532837,0.4079509377479553,0.024219274520874023,0.4079509377479553,0.024219274520874023,0.4371252954006195,0.053738147020339966
623,399,-1.72972571849823,-1.1593773365020752,0.3781557421634596,0.09024419541160283,0.058616350566347675,1.1128058433532715,0.6151562929153442,1.1128058433532715,0.6151562929153442,1.6559299230575562,0.8724164962768555,0.6151562929153442,0.030155062675476074,0.6151562929153442,0.030155062675476074,0.7437863945960999,0.1641789674758911
624,399,-2.749081611633301,-1.4285640716552734,0.43311948291957414,0.2518356961384416,0.037008133679628075,0.8041269183158875,0.606201708316803,0.8041269183158875,0.606201708316803,1.3640716075897217,1.0447611808776855,0.606201708316803,0.11497235298156738,0.606201708316803,0.11497235298156738,0.8254814147949219,0.32561805844306946
625,399,-2.3891777992248535,-2.070310115814209,0.8208620739231505,0.3228324385235709,0.12553331876794482,1.5548365116119385,1.1334177255630493,1.5548365116119385,1.1334177255630493,2.0600738525390625,1.6370693445205688,1.1334177255630493,0.21693158149719238,1.1334177255630493,0.21693158149719238,1.385243535041809,0.4838581085205078
626,399,-2.057842969894409,-2.089423656463623,0.671722643002868,0.6237598722428082,0.17969869285821893,1.3017750978469849,1.0512034893035889,1.3017750978469849,1.0512034893035889,2.24253511428833,1.8312034606933594,1.0512034893035889,0.36205828189849854,1.0512034893035889,0.36205828189849854,1.4412034749984741,0.7844106554985046
627,399,-1.1567704677581787,-2.374026298522949,0.4746029542138177,0.6235327910383541,0.3241479350378118,1.1360310316085815,1.8432531356811523,1.1360310316085815,1.8432531356811523,1.9423038959503174,1.8432531356811523,1.0146046876907349,0.4533514976501465,1.0146046876907349,0.4533514976501465,1.4289288520812988,0.9218847155570984
628,399,-2.7518832683563232,-1.4912986755371094,0.11313390752921504,0.34700218400607497,0.17913701298336204,0.9696154594421387,1.1926631927490234,0.9696154594421387,1.1926631927490234,1.1007616519927979,1.3063364028930664,0.7471143007278442,0.5202040672302246,0.7471143007278442,0.5202040672302246,0.8038120269775391,0.6474121809005737
629,399,-1.9498040676116943,-1.7932969331741333,0.6378713065385817,0.06883304528892042,0.19329196833074097,1.3428118228912354,0.9813923835754395,1.3428118228912354,0.9813923835754395,1.887812614440918,1.6325207948684692,0.9813923835754395,0.48778748512268066,0.9813923835754395,0.48778748512268066,1.1363950967788696,0.5883833765983582
630,399,-1.6548855304718018,-1.8208105564117432,0.4325870354411503,0.4987908250590164,0.03548725149904697,1.099342942237854,1.486595869064331,1.099342942237854,1.486595869064331,2.055494546890259,1.486595869064331,0.8487138152122498,0.1499119997024536,0.8487138152122498,0.1499119997024536,1.1676548719406128,0.5327695608139038
631,399,-0.8102295994758606,-1.6804109811782837,0.3007288727660973,0.31109879036744437,0.22434831803043698,0.7538579106330872,1.3162842988967896,0.7538579106330872,1.3162842988967896,1.3900158405303955,1.3162842988967896,0.6831387281417847,0.3872814178466797,0.6831387281417847,0.3872814178466797,0.9997115135192871,0.7025834321975708
632,399,-2.4608535766601562,-1.0586333274841309,0.044428587233026784,0.18651571812729062,0.14553865707168953,0.6841031312942505,0.7028059959411621,0.6841031312942505,0.7028059959411621,0.9471257328987122,0.9135951399803162,0.49987804889678955,0.22950255870819092,0.49987804889678955,0.22950255870819092,0.5813416242599487,0.3504500687122345
633,399,-1.8605958223342896,-1.315480351448059,0.5590285315240422,0.09879615490635218,0.06957121743510164,1.159485936164856,0.8170332312583923,1.159485936164856,0.8170332312583923,1.3356351852416992,1.011199951171875,0.8170332312583923,0.14253520965576172,0.8170332312583923,0.14253520965576172,0.914116621017456,0.24182966351509094
634,399,-2.080479145050049,-1.5757426023483276,0.3950429988900817,0.462557733866076,0.0019113264357050186,1.0005244016647339,1.3810721635818481,1.0005244016647339,1.3810721635818481,2.2428689002990723,1.3810721635818481,0.6757051944732666,0.09809279441833496,0.6757051944732666,0.09809279441833496,1.0283887386322021,0.480861634016037
635,399,-2.5995733737945557,-1.7890119552612305,0.5036825081271432,0.3103324964394171,0.20317117027317466,1.090735912322998,1.0058038234710693,1.090735912322998,1.0058038234710693,1.6334853172302246,1.5659310817718506,1.0058038234710693,0.34334468841552734,1.0058038234710693,0.34334468841552734,1.28586745262146,0.6429164409637451
636,399,-0.8080601096153259,-2.0682976245880127,0.7804732324928045,0.3301234024018047,0.12208009764552119,1.4891895055770874,1.1826274394989014,1.4891895055770874,1.1826274394989014,2.0580387115478516,1.7314558029174805,1.1826274394989014,0.2503936290740967,1.1826274394989014,0.2503936290740967,1.457041621208191,0.5397803783416748
637,399,-0.8333624005317688,-1.5677903890609741,0.040736939186851506,0.5311110266794764,0.18801869382460912,1.1890286207199097,1.1213982105255127,1.1890286207199097,1.1213982105255127,1.5424602031707764,1.3132188320159912,0.861402153968811,0.3379260301589966,0.861402153968811,0.3379260301589966,0.9585617780685425,0.5222861170768738
638,399,-1.143354892730713,-0.8805291056632996,0.043913115784525836,0.010816494803875809,0.1945306398905815,0.3746671676635742,0.8443031311035156,0.3746671676635742,0.8443031311035156,0.7886220812797546,0.8443031311035156,0.2339860200881958,0.23014140129089355,0.2339860200881958,0.23014140129089355,0.42208725214004517,0.42447376251220703
639,399,-1.5983027219772339,-0.965674877166748,0.19495902757470818,0.03152893896525083,0.011725084210435333,0.6452186703681946,0.50655597448349,0.6452186703681946,0.50655597448349,0.9301556944847107,0.7878595590591431,0.50655597448349,0.07833647727966309,0.50655597448349,0.07833647727966309,0.6472077369689941,0.21759235858917236
640,399,-1.3776003122329712,-1.226191520690918,0.4049810005600252,0.09067670466999217,0.007628841089705907,0.8693292140960693,0.6197583675384521,0.8693292140960693,0.6197583675384521,1.2790950536727905,0.9423010945320129,0.6197583675384521,0.04743242263793945,0.6197583675384521,0.04743242263793945,0.7810297012329102,0.20439094305038452
641,399,-2.3048818111419678,-1.333483338356018,0.3264797833686074,0.26894494760160637,0.05053331672524408,0.7344257831573486,0.6376040577888489,0.7344257831573486,0.6376040577888489,1.2527449131011963,1.0597213506698608,0.6376040577888489,0.13638627529144287,0.6376040577888489,0.13638627529144287,0.8486627340316772,0.36163780093193054
642,399,-1.803845763206482,-1.6864043474197388,0.6467129893104231,0.2172293104479711,0.1495489430675906,1.2124851942062378,0.928475558757782,1.2124851942062378,0.928475558757782,1.6004410982131958,1.3370070457458496,0.928475558757782,0.2498950958251953,0.928475558757782,0.2498950958251953,1.1327413320541382,0.4563986659049988
643,399,-3.3437602519989014,-1.9579448699951172,0.5284530408307913,0.6059271163120863,0.13921984210610394,1.1756006479263306,1.6324670314788818,1.1756006479263306,1.6324670314788818,2.1142940521240234,1.6324670314788818,0.8734163045883179,0.22312486171722412,0.8734163045883179,0.22312486171722412,1.252941608428955,0.6245394349098206
644,399,-2.3130710124969482,-2.5564088821411133,1.1540329260379076,0.41529488012194704,0.2598356620222324,2.0542612075805664,1.5019474029541016,2.0542612075805664,1.5019474029541016,2.6532435417175293,2.162651300430298,1.5019474029541016,0.38904881477355957,1.5019474029541016,0.38904881477355957,1.8322993516921997,0.7375780344009399
645,141,-2.857276678085327,-2.30718994140625,0.34989183151473613,0.5718833138545352,0.20272712872674048,1.4229313135147095,1.673743486404419,1.4229313135147095,1.673743486404419,2.4518489837646484,1.673743486404419,0.7990833520889282,0.3582031726837158,0.7990833520889282,0.3582031726837158,1.2364134788513184,0.7038816213607788
646,399,-2.838319778442383,-2.768038272857666,0.9417291035751504,0.6352866074691219,0.4509302832434572,1.5616499185562134,1.325434684753418,1.5616499185562134,1.325434684753418,2.473581314086914,2.2803499698638916,1.325434684753418,0.6777558326721191,1.325434684753418,0.6777558326721191,1.8028923273086548,1.080841064453125
647,399,-2.3964877128601074,-2.697474241256714,0.8542065982768932,0.8172228088664506,0.27433175542081445,1.314965844154358,1.1084822416305542,1.314965844154358,1.1084822416305542,2.685598850250244,2.3345870971679688,1.1084822416305542,0.44298815727233887,1.1084822416305542,0.44298815727233887,1.7215347290039062,0.9279060363769531
648,399,-2.7777700424194336,-2.4145748615264893,0.6443461171537632,0.752395012006164,0.27877548865973956,1.402393102645874,2.1291260719299316,1.402393102645874,2.1291260719299316,2.2359540462493896,2.1291260719299316,1.267776370048523,0.4566342830657959,1.267776370048523,0.4566342830657959,1.698451280593872,0.9955738186836243
649,399,-2.8316562175750732,-2.6842856407165527,0.8991200670351588,0.5392181597774223,0.3516821883743009,1.4583572149276733,1.2877687215805054,1.4583572149276733,1.2877687215805054,2.3855249881744385,2.2153384685516357,1.2877687215805054,0.5815598964691162,1.2877687215805054,0.5815598964691162,1.7515535354614258,0.9593640565872192
650,399,-1.6884691715240479,-2.68086314201355,0.8027783403793971,0.7243140761802598,0.27158234188954,1.3131372928619385,1.1546183824539185,1.3131372928619385,1.1546183824539185,2.3751027584075928,2.1605491638183594,1.1546183824539185,0.4919731616973877,1.1546183824539185,0.4919731616973877,1.6575837135314941,0.9754226803779602
651,399,-3.6623151302337646,-2.227074384689331,0.3025999233157681,0.750074847818663,0.3408069625341644,1.5634264945983887,1.8154677152633667,1.5634264945983887,1.8154677152633667,1.7899532318115234,2.0823919773101807,1.2375880479812622,0.6763229370117188,1.2375880479812622,0.6763229370117188,1.3754322528839111,0.9731215238571167
652,399,-1.1841083765029907,-2.766143560409546,1.294002952886124,0.33510008444388717,0.36484576047708617,2.382316827774048,1.675650715827942,2.382316827774048,1.675650715827942,3.017509698867798,2.6052560806274414,1.675650715827942,0.7435288429260254,1.675650715827942,0.7435288429260254,1.8929831981658936,0.968296229839325
653,399,-2.7875068187713623,-1.8671276569366455,0.16874254927970478,0.9123501351382579,0.08626946836710014,1.613459825515747,1.5167590379714966,1.613459825515747,1.5167590379714966,2.071568489074707,1.5167590379714966,1.1546467542648315,0.27246880531311035,1.1546467542648315,0.27246880531311035,1.335702896118164,0.5053114295005798
654,399,-2.698331356048584,-2.1286232471466064,0.7724806362514696,0.046115677555402135,0.5233374418442447,1.545648455619812,1.0040892362594604,1.545648455619812,1.0040892362594604,2.5339035987854004,1.9381476640701294,1.0040892362594604,0.4547240734100342,1.0040892362594604,0.4547240734100342,1.3209912776947021,0.6933807134628296
655,399,-1.6228140592575073,-2.213960886001587,0.7524798833485697,0.6749386821594092,0.025738414600490866,1.5740351676940918,0.9969503879547119,1.5740351676940918,0.9969503879547119,2.7656073570251465,1.8736895322799683,0.9969503879547119,0.1714167594909668,0.9969503879547119,0.1714167594909668,1.4353199005126953,0.6197807788848877
656,399,-2.1511051654815674,-2.1984615325927734,0.3230121160795292,0.7761686227222284,0.40267304939528303,1.4583709239959717,1.6140048503875732,1.4583709239959717,1.6140048503875732,1.778342843055725,2.0669147968292236,1.154427409172058,0.5167081356048584,1.154427409172058,0.5167081356048584,1.3294535875320435,0.8497323393821716
657,399,-1.3164235353469849,-1.7389086484909058,0.5895695287734269,0.25565162241458905,0.2164166284352541,0.9746116399765015,0.8074619770050049,0.9746116399765015,0.8074619770050049,1.5667097568511963,1.3953189849853516,0.8074619770050049,0.23612117767333984,0.8074619770050049,0.23612117767333984,1.1013904809951782,0.4553077220916748
658,399,-3.7270779609680176,-1.4630178213119507,0.25281680314491206,0.481019495750467,0.13423478013525392,0.9495570659637451,1.1625947952270508,0.9495570659637451,1.1625947952270508,1.3393115997314453,1.1625947952270508,0.7543923258781433,0.23727262020111084,0.7543923258781433,0.23727262020111084,0.9584935903549194,0.4829530119895935
659,399,-3.780500888824463,-2.069162130355835,0.9521320858566713,0.2042218886377909,0.270157275587941,1.7046818733215332,1.1077783107757568,1.7046818733215332,1.1077783107757568,2.3787786960601807,1.8561644554138184,1.1077783107757568,0.49861979484558105,1.1077783107757568,0.49861979484558105,1.2860335111618042,0.6192337274551392
660,399,-3.1906771659851074,-3.1806814670562744,1.0957913340628143,1.1157199626788494,0.1379672026261689,1.7835896015167236,2.7569785118103027,1.7835896015167236,2.7569785118103027,4.3155694007873535,2.7569785118103027,1.4390252828598022,0.2689847946166992,1.4390252828598022,0.2689847946166992,2.0980019569396973,0.9711453914642334
661,141,-2.6069529056549072,-2.6104483604431152,0.45430430000027,0.5367343838264547,0.5121572777380545,0.6645228862762451,1.3840272426605225,0.6645228862762451,1.3840272426605225,2.002150535583496,2.828803777694702,0.484682559967041,0.44016528129577637,0.484682559967041,0.44016528129577637,1.0727273225784302,0.892743706703186
662,399,-2.958287477493286,-2.8838119506835938,0.7589203595245881,0.857714518966774,0.49961664410928863,1.542792797088623,2.4134647846221924,1.542792797088623,2.4134647846221924,2.579172134399414,2.4134647846221924,1.3332804441452026,0.8011481761932373,1.3332804441452026,0.8011481761932373,1.8733725547790527,1.3694732189178467
663,141,-3.984482526779175,-2.698596477508545,0.5117606937636929,0.5096192775418364,0.44060866450269986,0.8310834169387817,0.6830306053161621,0.8310834169387817,0.6830306053161621,2.127562999725342,1.9748095273971558,0.6830306053161621,0.6420574188232422,0.6830306053161621,0.6420574188232422,1.3289201259613037,1.2354722023010254
664,399,-2.176560878753662,-2.8007705211639404,1.111130412432054,0.629305111082892,0.2559081274519368,1.84999418258667,1.374464988708496,1.84999418258667,1.374464988708496,3.0015196800231934,2.3782639503479004,1.374464988708496,0.4139590263366699,1.374464988708496,0.4139590263366699,1.8763644695281982,0.8090417385101318
665,399,-1.4070967435836792,-2.50221586227417,0.5573217968953154,1.0271267363925771,0.2810224918213986,1.9834492206573486,2.1845860481262207,1.9834492206573486,2.1845860481262207,2.670964479446411,2.1845860481262207,1.4622979164123535,0.44953393936157227,1.4622979164123535,0.44953393936157227,1.823441982269287,0.8998708128929138
666,399,-3.2884984016418457,-1.9877219200134277,0.2039881620307762,0.5242489889760812,0.4315689521034559,1.1973567008972168,1.3417484760284424,1.1973567008972168,1.3417484760284424,1.5780773162841797,1.7598481178283691,0.9851161241531372,0.4698984622955322,0.9851161241531372,0.4698984622955322,1.1245540380477905,0.7575681209564209
667,399,-4.026491165161133,-2.345167875289917,0.9365275532721233,0.1975109584249244,0.2643012432932542,1.9588356018066406,1.2216739654541016,1.9588356018066406,1.2216739654541016,2.5523014068603516,2.141977310180664,1.2216739654541016,0.5518946647644043,1.2216739654541016,0.5518946647644043,1.4334602355957031,0.7264266014099121
668,399,-3.902327299118042,-2.689655065536499,1.030420103433232,0.724873257341484,0.10298148753742331,2.388803005218506,1.4206982851028442,2.388803005218506,1.4206982851028442,3.6051812171936035,2.3415207862854004,1.4206982851028442,0.2811141014099121,1.4206982851028442,0.2811141014099121,1.8811094760894775,0.7605193257331848
669,399,-3.300780773162842,-3.483330488204956,1.2014542053764061,0.9847539719690879,0.3913052119438851,1.799036979675293,1.5181074142456055,1.799036979675293,1.5181074142456055,3.446143865585327,2.9997639656066895,1.5181074142456055,0.5713527202606201,1.5181074142456055,0.5713527202606201,2.2589356899261475,1.216745376586914
670,399,-3.736415386199951,-3.399946451187134,0.919804527355979,1.1263647133546573,0.5054183953876294,1.866390347480774,2.8507094383239746,1.866390347480774,2.8507094383239746,3.087189197540283,2.8507094383239746,1.6600301265716553,0.8198771476745605,1.6600301265716553,0.8198771476745605,2.2553696632385254,1.44252610206604
671,399,-5.050764083862305,-3.5170226097106934,1.037976166109244,0.8953033357734481,0.6429024709823232,1.5384459495544434,1.3783884048461914,1.5384459495544434,1.3783884048461914,2.869053840637207,2.72174072265625,1.3783884048461914,0.8944830894470215,1.3783884048461914,0.8944830894470215,2.0500645637512207,1.4310071468353271
672,399,-2.0292165279388428,-3.726050853729248,1.3447787933672464,0.8675793704638888,0.5613185161973031,2.341653347015381,1.516676664352417,2.341653347015381,1.516676664352417,3.9130146503448486,2.9532480239868164,1.516676664352417,0.7651898860931396,1.516676664352417,0.7651898860931396,2.2349624633789062,1.317236304283142
673,399,-3.950751543045044,-3.243112325668335,0.4967430422330903,1.3576857275764147,0.5592688462759052,2.8363184928894043,2.6735153198242188,2.8363184928894043,2.6735153198242188,3.104809045791626,3.1430113315582275,1.8737560510635376,0.8466122150421143,1.8737560510635376,0.8466122150421143,2.1530163288116455,1.3254377841949463
674,399,-2.0909316539764404,-2.8533215522766113,1.0667060317595793,0.3989988635604582,0.6910665218656262,1.7589685916900635,1.1194368600845337,1.7589685916900635,1.1194368600845337,3.3361363410949707,2.7242743968963623,1.1194368600845337,0.7729518413543701,1.1194368600845337,0.7729518413543701,1.5897018909454346,1.078389048576355
675,399,-2.8980202674865723,-2.516979932785034,0.5176080718636511,1.0391007229685782,0.1670845112204553,1.744417428970337,2.0927348136901855,1.744417428970337,2.0927348136901855,2.5673725605010986,2.0927348136901855,1.3323177099227905,0.36697816848754883,1.3323177099227905,0.36697816848754883,1.7125263214111328,0.807712972164154
676,399,-2.323335886001587,-2.7567973136901855,0.9376936043178041,0.41721607134987915,0.48361917627354467,1.717960000038147,1.313672661781311,1.717960000038147,1.313672661781311,2.5007636547088623,2.5556013584136963,1.313672661781311,0.7998266220092773,1.313672661781311,0.7998266220092773,1.6453056335449219,1.084228515625
677,399,-1.7182382345199585,-2.485828399658203,0.617949141710997,0.7523529469594356,0.1975581477954984,1.398233413696289,2.0042223930358887,1.398233413696289,2.0042223930358887,2.3013594150543213,2.0042223930358887,1.1690874099731445,0.38559389114379883,1.1690874099731445,0.38559389114379883,1.5866549015045166,0.8591737151145935
678,399,-3.3283591270446777,-2.1076340675354004,0.4343023214489221,0.5480152833461764,0.28421764649450765,1.0345301628112793,1.737980604171753,1.0345301628112793,1.737980604171753,1.9440823793411255,1.737980604171753,0.8556170463562012,0.34798574447631836,0.8556170463562012,0.34798574447631836,1.296798825263977,0.7575638294219971
679,399,-0.27804598212242126,-2.149199962615967,0.8743626194943984,0.26664296494175965,0.22070735299338917,1.59087073802948,1.0828169584274292,1.59087073802948,1.0828169584274292,2.109426736831665,1.639906883239746,1.0828169584274292,0.34376680850982666,1.0828169584274292,0.34376680850982666,1.3613619804382324,0.5747381448745728
680,399,-3.8382275104522705,-1.8621957302093506,0.16287204105562192,1.0244588550723464,0.15652253025987517,2.334895610809326,1.518430471420288,2.334895610809326,1.518430471420288,2.470188856124878,1.518430471420288,1.4110621213912964,0.3753020763397217,1.4110621213912964,0.3753020763397217,1.4647462368011475,0.43527543544769287
681,399,-0.9248061776161194,-2.094287872314453,1.1710435032099482,0.2435013622418043,0.3658366366103294,2.7096645832061768,1.553999662399292,2.7096645832061768,1.553999662399292,3.698533058166504,1.9468179941177368,1.553999662399292,0.09228825569152832,1.553999662399292,0.09228825569152832,1.7120921611785889,0.3452722430229187
682,399,-2.8623340129852295,-1.7633543014526367,0.0015098302935561136,1.0095406296042104,0.07434779562676952,1.9209150075912476,1.6174771785736084,1.9209150075912476,1.6174771785736084,1.9485371112823486,1.6336981058120728,1.287811279296875,0.3920154571533203,1.287811279296875,0.3920154571533203,1.28834068775177,0.4145622253417969
683,399,-1.689435362815857,-2.0168204307556152,0.7022175030161937,0.08898523845399442,0.45786643068616584,1.6603171825408936,0.9397585391998291,1.6603171825408936,0.9397585391998291,2.748995780944824,1.7550708055496216,0.9397585391998291,0.391787052154541,0.9397585391998291,0.391787052154541,1.214035153388977,0.6085571646690369
684,399,-2.5508296489715576,-1.7542399168014526,0.28835425448448704,0.6602447601671642,0.02925034884984301,1.3005626201629639,1.5068386793136597,1.3005626201629639,1.5068386793136597,2.245699405670166,1.5068386793136597,0.9651740789413452,0.1385481357574463,0.9651740789413452,0.1385481357574463,1.2360063791275024,0.4397854804992676
685,399,-2.917036294937134,-1.9976122379302979,0.5784972168753543,0.18029778564969678,0.3212138086060684,1.0809818506240845,0.8084015846252441,1.0809818506240845,0.8084015846252441,1.814751148223877,1.8133665323257446,0.8084015846252441,0.6065701246261597,0.8084015846252441,0.6065701246261597,1.0612915754318237,0.752212643623352
686,399,-2.925644874572754,-2.358743667602539,0.7007593167821566,0.5748401263604561,0.08097542221347509,1.3729186058044434,0.9713960886001587,1.3729186058044434,0.9713960886001587,2.522860527038574,1.8983029127120972,0.9713960886001587,0.2227306365966797,0.9713960886001587,0.2227306365966797,1.434849500656128,0.6240919828414917
687,399,-2.1987521648406982,-2.710848808288574,0.7279637821018697,0.7594584447890517,0.2609801987558604,1.5200252532958984,2.3077359199523926,1.5200252532958984,2.3077359199523926,2.5230541229248047,2.3077359199523926,1.3515774011611938,0.49965405464172363,1.3515774011611938,0.49965405464172363,1.8296566009521484,1.03865647315979
688,399,-2.696662187576294,-2.506589889526367,0.4479766611134006,0.7895432330792153,0.3150662255783878,1.5584386587142944,1.9765173196792603,1.5584386587142944,1.9765173196792603,2.182088851928711,1.9765173196792603,1.3500967025756836,0.5266516208648682,1.3500967025756836,0.5266516208648682,1.6633069515228271,0.9461780786514282
689,399,-4.221319198608398,-2.1840455532073975,0.601741941993435,0.46358420719703053,0.23925793704887233,1.0536844730377197,0.9043774604797363,1.0536844730377197,0.9043774604797363,1.8870092630386353,1.7771823406219482,0.9043774604797363,0.37318968772888184,0.9043774604797363,0.37318968772888184,1.3407799005508423,0.7437730431556702
690,399,-2.507979393005371,-2.8866493701934814,1.0496593027561905,0.6630443874001503,0.22543242432177024,2.249879837036133,1.4147975444793701,2.249879837036133,1.4147975444793701,3.3408021926879883,2.6050126552581787,1.4147975444793701,0.4793426990509033,1.4147975444793701,0.4793426990509033,2.0099050998687744,0.9455200433731079
691,399,-5.355287551879883,-3.1377243995666504,0.6392228319495916,1.1974310188740491,0.3330547271668911,2.2423956394195557,2.61848783493042,2.2423956394195557,2.61848783493042,3.186009168624878,2.61848783493042,1.7170900106430054,0.5655183792114258,1.7170900106430054,0.5655183792114258,2.1677889823913574,1.04539155960083
692,399,-2.226273775100708,-3.238786458969116,1.1843438578738517,0.5499618910315134,0.5095895428179456,2.2063522338867188,1.2821587324142456,2.2063522338867188,1.2821587324142456,3.2147324085235596,2.4077744483947754,1.2821587324142456,0.6490232944488525,1.2821587324142456,0.6490232944488525,1.8449666500091553,1.0266362428665161
693,399,-5.257393836975098,-3.1956655979156494,0.5126556575546659,1.4812859107429783,0.2965941651041313,2.401319742202759,2.730999708175659,2.401319742202759,2.730999708175659,3.31718111038208,2.730999708175659,1.9866137504577637,0.5349047183990479,1.9866137504577637,0.5349047183990479,2.358806610107422,0.9941180944442749
694,399,-5.810940265655518,-3.4441263675689697,1.1632336924970152,0.48739468909800054,0.7804984762519598,2.09181547164917,1.3371267318725586,2.09181547164917,1.3371267318725586,3.9590275287628174,3.2439284324645996,1.3371267318725586,0.9968740940093994,1.3371267318725586,0.9968740940093994,1.907047986984253,1.3530001640319824
695,399,-3.043008327484131,-3.3639087677001953,1.056762211471797,1.2505300997197621,0.1651320984959601,2.036564826965332,3.0005013942718506,2.036564826965332,3.0005013942718506,4.691800594329834,3.0005013942718506,1.4557890892028809,0.35254502296447754,1.4557890892028809,0.35254502296447754,2.228145122528076,0.9557629823684692
696,399,-4.013394832611084,-3.907961845397949,0.6922265572659665,1.5274865539930769,0.7126683041825894,2.902143716812134,3.0299875736236572,2.902143716812134,3.0299875736236572,3.1235485076904297,3.7889890670776367,2.0178475379943848,0.5974140167236328,2.0178475379943848,0.5974140167236328,2.3537204265594482,1.277208685874939
697,399,-4.334765434265137,-3.6281635761260986,1.078515101013084,0.8099490285416449,0.8295686644812423,1.5738463401794434,1.2611899375915527,1.5738463401794434,1.2611899375915527,3.2411530017852783,3.573957681655884,1.2611899375915527,1.2072949409484863,1.2611899375915527,1.2072949409484863,1.9172775745391846,1.6741199493408203
698,399,-5.348548412322998,-3.4343698024749756,1.1693798807015017,1.0491202870508034,0.42806344476838953,1.802783727645874,1.34194016456604,1.802783727645874,1.34194016456604,3.69240665435791,2.9842638969421387,1.34194016456604,0.6656491756439209,1.34194016456604,0.6656491756439209,2.163102149963379,1.3261842727661133
699,399,-6.538759708404541,-3.8602073192596436,1.3784184294193982,1.1726692492514847,0.5493562567234043,1.7113943099975586,1.2766854763031006,1.7113943099975586,1.2766854763031006,3.6132936477661133,3.1346960067749023,1.2766854763031006,0.6416432857513428,1.2766854763031006,0.6416432857513428,2.205690860748291,1.3085346221923828
700,399,-4.653278350830078,-4.348290920257568,1.4811773641407484,1.2819620905071498,0.5998988688737157,2.4523630142211914,1.565859317779541,2.4523630142211914,1.565859317779541,4.729839324951172,3.634873151779175,1.565859317779541,0.7147855758666992,1.565859317779541,0.7147855758666992,2.6003661155700684,1.5330290794372559
701,399,-4.709082126617432,-4.1454668045043945,1.2658929099887613,1.4489158540964122,0.6137923701852559,2.337571620941162,3.5054938793182373,2.337571620941162,3.5054938793182373,4.081451892852783,3.5054938793182373,1.6842122077941895,0.6843738555908203,1.6842122077941895,0.6843738555908203,2.594852924346924,1.4913172721862793
702,399,-6.093134880065918,-4.410698413848877,0.9846179461230831,1.564324549039205,0.9823072986801464,2.161571741104126,3.329202890396118,2.161571741104126,3.329202890396118,3.3399877548217773,3.329202890396118,2.161571741104126,1.2054860591888428,2.161571741104126,1.2054860591888428,2.745387315750122,1.935531497001648
703,399,-2.891960382461548,-4.4119062423706055,1.3098366063833233,1.445770580172539,0.7715914127975703,1.8864638805389404,3.499032497406006,1.8864638805389404,3.499032497406006,3.9364166259765625,3.499032497406006,1.869023084640503,0.9478914737701416,1.869023084640503,0.9478914737701416,2.684027671813965,1.803584337234497
704,399,-4.696033954620361,-4.252754211425781,0.6848007265850891,1.9623713075742129,0.7865414986759431,3.3978610038757324,3.3450393676757812,3.3978610038757324,3.3450393676757812,3.47880220413208,4.047512054443359,2.6565349102020264,0.7186524868011475,2.6565349102020264,0.7186524868011475,2.9312024116516113,1.4423571825027466
705,399,-3.6305367946624756,-3.8973588943481445,1.1591296501706043,0.9714334095517794,0.9664178394029537,1.972639799118042,1.4624507427215576,1.972639799118042,1.4624507427215576,3.408219337463379,3.0705628395080566,1.4624507427215576,1.35648512840271,1.4624507427215576,1.35648512840271,2.2665066719055176,1.882326602935791
706,399,-1.2770071029663086,-3.7225849628448486,0.9477150989075502,1.3700578415145475,0.4379685682555041,2.418245792388916,3.084442138671875,2.418245792388916,3.084442138671875,3.7632410526275635,3.084442138671875,1.8685493469238281,0.655587911605835,1.8685493469238281,0.655587911605835,2.4764957427978516,1.298354148864746
707,399,-1.6568385362625122,-3.242471218109131,0.25978229803343567,1.1478309979786474,0.90741150011619,2.4954099655151367,2.289508104324341,2.4954099655151367,2.289508104324341,3.8112452030181885,2.9956367015838623,1.7843668460845947,0.4977991580963135,1.7843668460845947,0.4977991580963135,2.1399059295654297,1.203402042388916
708,399,-2.458014965057373,-1.731032371520996,0.3450364374617737,0.10806651136527468,0.5257477705801525,0.5728573799133301,1.6230568885803223,0.5728573799133301,1.6230568885803223,1.5133647918701172,1.6230568885803223,0.6517308950424194,0.6642030477523804,0.6517308950424194,0.6642030477523804,0.9480727314949036,0.8870044350624084
709,399,-2.3699042797088623,-1.8353571891784668,0.572728289154669,0.3034919808556631,0.04788290494432057,1.2449166774749756,0.8900759816169739,1.2449166774749756,0.8900759816169739,1.8154888153076172,1.444931149482727,0.8900759816169739,0.17909371852874756,0.8900759816169739,0.17909371852874756,1.1675035953521729,0.479678750038147
710,399,-2.025739908218384,-2.1978859901428223,0.6417746958136556,0.5801853197067977,0.1169692953675987,1.2575063705444336,1.002394199371338,1.2575063705444336,1.002394199371338,2.240316867828369,1.9082056283950806,1.002394199371338,0.34760355949401855,1.002394199371338,0.34760355949401855,1.4552998542785645,0.7753202319145203
711,399,-3.6591930389404297,-2.0063087940216064,0.4415679881473382,0.5791756573071086,0.2295715434600909,1.2413009405136108,1.632137417793274,1.2413009405136108,1.632137417793274,1.7203879356384277,1.632137417793274,1.1371560096740723,0.3792839050292969,1.1371560096740723,0.3792839050292969,1.3846466541290283,0.7714195251464844
712,399,-2.312594413757324,-2.5425431728363037,1.0498256708184877,0.4060904762397213,0.271898716414968,1.7589775323867798,1.179722785949707,1.7589775323867798,1.179722785949707,2.521620273590088,1.9870249032974243,1.179722785949707,0.4195749759674072,1.179722785949707,0.4195749759674072,1.583373785018921,0.7131767868995667
713,399,-2.9063491821289062,-2.806596040725708,0.6918511240929361,1.1488071569427847,0.21322239149361888,1.8593366146087646,2.4245264530181885,1.8593366146087646,2.4245264530181885,2.974050998687744,2.4245264530181885,1.5999042987823486,0.4912576675415039,1.5999042987823486,0.4912576675415039,2.0122153759002686,0.9763001203536987
714,399,-2.3591511249542236,-2.735081672668457,0.8133259428168338,0.5681854025150338,0.5570875206092991,1.2209333181381226,1.0180333852767944,1.2209333181381226,1.0180333852767944,2.2800281047821045,2.075385570526123,1.0180333852767944,0.7268490791320801,1.0180333852767944,0.7268490791320801,1.5467095375061035,1.1048088073730469
715,399,-2.108717203140259,-2.4428179264068604,0.7304108762741084,0.7876719431951641,0.21098805584013514,1.4652924537658691,2.210449457168579,1.4652924537658691,2.210449457168579,2.3871517181396484,2.210449457168579,1.3180193901062012,0.3902616500854492,1.3180193901062012,0.3902616500854492,1.7642344236373901,0.9285271763801575
716,399,-2.533660888671875,-2.5887515544891357,0.5774330776681504,0.7302108803143106,0.4172428036232785,1.3998924493789673,2.0014941692352295,1.3998924493789673,2.0014941692352295,2.093143939971924,2.0014941692352295,1.2946139574050903,0.6388132572174072,1.2946139574050903,0.6388132572174072,1.6480541229248047,1.0761905908584595
717,399,-0.47798556089401245,-2.206252336502075,0.7409273117097717,0.4945807218986251,0.2739492498586573,1.1390702724456787,0.9828133583068848,1.1390702724456787,0.9828133583068848,1.9248498678207397,1.808607816696167,0.9828133583068848,0.45167076587677,0.9828133583068848,0.45167076587677,1.3957105875015259,0.8095178604125977
718,399,-1.4815341234207153,-1.6911338567733765,0.07402903691555085,0.6643082016458117,0.27081746026252707,1.521695613861084,1.229103446006775,1.521695613861084,1.229103446006775,2.1373300552368164,1.483996868133545,1.0635814666748047,0.20538616180419922,1.0635814666748047,0.20538616180419922,1.183607816696167,0.4395982623100281
719,399,-2.6811373233795166,-1.1974024772644043,0.3156881126388906,0.15806033410131903,0.2886107001826165,0.8217832446098328,0.5275989174842834,0.8217832446098328,0.5275989174842834,1.6666803359985352,1.034029245376587,0.5275989174842834,0.16493546962738037,0.5275989174842834,0.16493546962738037,0.7130429744720459,0.29658523201942444
720,399,-0.830639660358429,-1.7842895984649658,0.7990842880556981,0.21386617351944226,0.053695253313829405,1.8618066310882568,1.0454896688461304,1.8618066310882568,1.0454896688461304,2.6636483669281006,1.530437707901001,1.0454896688461304,0.07064163684844971,1.0454896688461304,0.07064163684844971,1.287963628768921,0.3140825629234314
721,399,-1.6060981750488281,-1.7277580499649048,0.08918063011641286,0.699847799471269,0.10551803725461195,1.4837079048156738,1.330126404762268,1.4837079048156738,1.330126404762268,1.7245371341705322,1.522512674331665,1.0788283348083496,0.29519855976104736,1.0788283348083496,0.29519855976104736,1.1538093090057373,0.4565196633338928
722,399,-0.022860687226057053,-1.2778364419937134,0.34543582051371535,0.122280204898367,0.24048578028877554,0.640518307685852,0.4444580078125,0.640518307685852,0.4444580078125,1.2927685976028442,1.0994170904159546,0.4444580078125,0.31460821628570557,0.4444580078125,0.31460821628570557,0.6324682235717773,0.40537840127944946
723,399,-1.5228325128555298,-0.8600961565971375,0.1582706265337765,0.2924743956699968,0.0018812468834221163,1.1519230604171753,0.6597737073898315,1.1519230604171753,0.6597737073898315,1.1612979173660278,0.6597737073898315,0.6524730920791626,0.12650185823440552,0.6524730920791626,0.12650185823440552,0.6561233997344971,0.13049089908599854
724,399,0.7812235951423645,-0.761097252368927,0.24114538484563408,0.37429750359306724,0.1074706201752027,0.007378518581390381,0.4969656467437744,0.007378518581390381,0.4969656467437744,0.8757060766220093,0.4969656467437744,0.007378518581390381,0.1178438663482666,0.007378518581390381,0.1178438663482666,0.2521720826625824,0.37832605838775635
725,399,-2.06527042388916,-0.5383409261703491,0.5031646042441327,0.23659030670921014,0.14260459096481415,0.25272536277770996,0.25272536277770996,0.25272536277770996,0.25272536277770996,0.973292887210846,0.262357234954834,0.25272536277770996,0.0033398866653442383,0.25272536277770996,0.0033398866653442383,0.257541298866272,0.27654772996902466
726,399,0.24883092939853668,-0.6387823224067688,0.4690367108335099,0.7479366880158583,0.08306080279250933,0.273449182510376,0.4213685095310211,0.273449182510376,0.4213685095310211,1.186622142791748,0.4213685095310211,0.273449182510376,0.01670241355895996,0.273449182510376,0.01670241355895996,0.34740883111953735,0.37881261110305786
727,399,-0.7627615332603455,-0.5996280908584595,0.38833823672185347,0.4030047855277856,0.29241644656906535,1.5150517225265503,0.5328730940818787,1.5150517225265503,0.5328730940818787,1.6888477802276611,0.5328730940818787,0.6401828527450562,0.09957253932952881,0.6401828527450562,0.09957253932952881,0.586527943611145,0.150213360786438
728,399,-0.22843433916568756,-0.44858354330062866,0.01291579196850462,0.5417921400566896,0.17997001702586818,0.07006877660751343,0.09345585107803345,0.07006877660751343,0.09345585107803345,0.15842825174331665,0.27392280101776123,0.07006877660751343,0.15480256080627441,0.07006877660751343,0.15480256080627441,0.054758667945861816,0.24448582530021667
729,399,0.6100590825080872,-0.4721309244632721,0.1556361407165726,0.022830855411787754,0.145578229551514,0.30517321825027466,0.099294513463974,0.30517321825027466,0.099294513463974,0.27799493074417114,0.35745716094970703,0.099294513463974,0.274478554725647,0.099294513463974,0.274478554725647,0.09046511352062225,0.26561304926872253
730,399,-0.5675387978553772,-0.12683454155921936,0.41629086592545106,0.2630834775914748,0.0027823375786343307,0.17051610350608826,0.17051610350608826,0.17051610350608826,0.17051610350608826,0.08799035847187042,0.11214601993560791,0.17051610350608826,0.09531564265489578,0.17051610350608826,0.09531564265489578,0.14133106172084808,0.12544873356819153
731,399,-0.3360653519630432,-0.2562047243118286,0.018015126710137053,0.5643332307537394,0.020522050236662426,0.17920386791229248,0.034110844135284424,0.17920386791229248,0.034110844135284424,0.17350441217422485,0.04797275364398956,0.17920386791229248,0.22303391993045807,0.17920386791229248,0.22303391993045807,0.17749574780464172,0.23165076971054077
732,399,0.6757434606552124,-0.5257054567337036,0.17684258237481135,0.07897330909967426,0.20525499969720837,0.07162898778915405,0.22290635108947754,0.07162898778915405,0.22290635108947754,0.4241223931312561,0.22290635108947754,0.07162898778915405,0.16531503200531006,0.07162898778915405,0.16531503200531006,0.0647439956665039,0.23439642786979675
733,399,0.7453206181526184,0.05513042211532593,0.5094324289013943,0.3257607751836379,0.06047741239269566,0.22991469502449036,0.22991469502449036,0.22991469502449036,0.22991469502449036,0.15137237310409546,0.12724682688713074,0.22991469502449036,0.06385281682014465,0.22991469502449036,0.06385281682014465,0.17858076095581055,0.11637048423290253
734,399,0.601163387298584,0.29968780279159546,0.5469522832334042,0.49078671108931315,0.051329751051962136,0.2334515005350113,0.2334515005350113,0.2334515005350113,0.2334515005350113,0.3828548789024353,0.40086519718170166,0.2334515005350113,0.053230464458465576,0.2334515005350113,0.053230464458465576,0.3171583414077759,0.09371774643659592
735,399,-0.6363817453384399,0.4379805326461792,0.4487345936025182,0.6452209817866486,0.12552098742375772,0.24969874322414398,0.49306440353393555,0.24969874322414398,0.49306440353393555,0.43397778272628784,0.49306440353393555,0.24969874322414398,0.12991923093795776,0.24969874322414398,0.12991923093795776,0.37138158082962036,0.24240127205848694
736,199,-0.10399117320775986,0.1897856593132019,0.4538130835443739,0.75343139141798,0.4885873290151358,0.054530054330825806,0.05853152275085449,0.054530054330825806,0.05853152275085449,0.10563461482524872,0.017272204160690308,0.07503588497638702,0.11394014954566956,0.07503588497638702,0.11394014954566956,0.10285045951604843,0.0993209183216095
737,399,0.16542461514472961,-0.24415430426597595,0.18767659616967053,0.11696009588738282,0.14149973844488462,0.307384192943573,0.04004204273223877,0.307384192943573,0.04004204273223877,0.24761900305747986,0.1657225787639618,0.04004204273223877,0.16005748510360718,0.04004204273223877,0.16005748510360718,0.02551022171974182,0.14386671781539917
738,399,-0.7443339824676514,-0.20736710727214813,0.2778762312233448,0.3054684815555811,0.025113329067826262,0.10183675587177277,0.01911763846874237,0.10183675587177277,0.01911763846874237,0.05313912034034729,0.01911763846874237,0.02898329496383667,0.07904359698295593,0.02898329496383667,0.07904359698295593,0.02405046671628952,0.05161614716053009
739,399,-0.2150198519229889,-0.388374388217926,0.002979991796115966,0.44559187871714423,0.09919785314550011,0.04287293553352356,0.23647090792655945,0.04287293553352356,0.23647090792655945,0.009833276271820068,0.24926915764808655,0.04287293553352356,0.28089582920074463,0.04287293553352356,0.28089582920074463,0.038132354617118835,0.28739580512046814
740,399,-0.6513513326644897,-0.4180760681629181,0.22847065036495526,0.08934834891309362,0.1525055924182136,0.2190598100423813,0.08054044842720032,0.2190598100423813,0.08054044842720032,0.20181041955947876,0.2639967203140259,0.08054044842720032,0.19871380925178528,0.08054044842720032,0.19871380925178528,0.0736376941204071,0.19165772199630737
741,399,0.326558381319046,-0.45644840598106384,0.047353783293316826,0.32561869795123743,0.008810835337887069,0.061764538288116455,0.2698706388473511,0.061764538288116455,0.2698706388473511,0.402860164642334,0.2698706388473511,0.061764538288116455,0.02998185157775879,0.061764538288116455,0.02998185157775879,0.16581758856773376,0.14646537601947784
742,399,-1.514464020729065,-0.3436366319656372,0.35466966463873795,0.19284953678647687,0.1217411696786681,0.08478450775146484,0.08478450775146484,0.08478450775146484,0.08478450775146484,0.3690975308418274,0.12097588181495667,0.08478450775146484,0.0311201810836792,0.08478450775146484,0.0311201810836792,0.10288019478321075,0.13356855511665344
743,399,0.19905586540699005,-0.536428689956665,0.176403728798032,0.5337617216259243,0.030935648679733307,0.07776796817779541,0.31353873014450073,0.07776796817779541,0.31353873014450073,0.6704874038696289,0.31353873014450073,0.07776796817779541,0.026253461837768555,0.07776796817779541,0.026253461837768555,0.19565334916114807,0.25698187947273254
744,399,-0.6056864857673645,-0.5505397915840149,0.4193635513509313,0.17363172953327477,0.1870009748513498,0.025380611419677734,0.07129424810409546,0.025380611419677734,0.07129424810409546,0.057406604290008545,0.43042421340942383,0.07129424810409546,0.5349726676940918,0.07129424810409546,0.5349726676940918,0.08642220497131348,0.5178334712982178
745,399,0.41211363673210144,-0.399387001991272,0.06612473351570491,0.5442369318815568,0.10099602697727586,0.05948984622955322,0.04564875364303589,0.05948984622955322,0.04564875364303589,0.18000158667564392,0.2810687720775604,0.05948984622955322,0.10308927297592163,0.05948984622955322,0.10308927297592163,0.0814695656299591,0.2211422622203827
746,399,-0.2794870138168335,-0.04809865355491638,0.4648393326501049,0.18713303903738665,0.19578543687860184,0.13772711157798767,0.13772711157798767,0.13772711157798767,0.13772711157798767,0.13591627776622772,0.012959569692611694,0.13772711157798767,0.1774316132068634,0.13772711157798767,0.1774316132068634,0.1507786214351654,0.160904198884964
747,399,1.5179556608200073,-0.23533737659454346,0.22226563329497984,0.46834606039027377,0.05350083040694387,0.10429522395133972,0.01521405577659607,0.10429522395133972,0.01521405577659607,0.20023700594902039,0.01521405577659607,0.10429522395133972,0.04431958496570587,0.10429522395133972,0.04431958496570587,0.059754639863967896,0.09210500866174698
748,399,-0.7474772930145264,0.289256751537323,0.8261420584097505,0.33009312540292735,0.21410227145999672,0.5260512828826904,0.5260512828826904,0.5260512828826904,0.5260512828826904,0.04097270965576172,0.43532609939575195,0.5260512828826904,0.07420729100704193,0.5260512828826904,0.07420729100704193,0.4806886911392212,0.04932533949613571
749,399,0.3351304531097412,0.002591080963611603,0.06774123796572284,0.9023935084169111,0.054219351162513085,0.39948827028274536,0.15333259105682373,0.39948827028274536,0.15333259105682373,0.4965549409389496,0.15333259105682373,0.39948827028274536,0.017908155918121338,0.39948827028274536,0.017908155918121338,0.27641043066978455,0.16308756172657013
750,399,0.6142566800117493,-0.10578176379203796,0.42244190825770306,0.11328204161177091,0.2782016280541816,0.35168197751045227,0.13887712359428406,0.35168197751045227,0.13887712359428406,0.12398099899291992,0.021908432245254517,0.13887712359428406,0.26931488513946533,0.13887712359428406,0.26931488513946533,0.18086880445480347,0.1748512089252472
751,399,2.185384750366211,0.19785615801811218,0.5373149927519261,0.5403851739503445,0.03745350394397984,0.01763606071472168,0.31907838582992554,0.01763606071472168,0.31907838582992554,0.22946865856647491,0.31907838582992554,0.1076812744140625,0.10166776180267334,0.1076812744140625,0.10166776180267334,0.21337983012199402,0.12337622046470642
752,399,-0.6534633636474609,1.055147409439087,1.1671565487111608,0.5456404407384498,0.21887946487093934,0.883833646774292,0.883833646774292,0.883833646774292,0.883833646774292,0.6082402467727661,1.0702269077301025,0.883833646774292,0.10374367237091064,0.883833646774292,0.10374367237091064,0.9770302772521973,0.20827171206474304
753,399,1.771692156791687,0.07134491205215454,0.033596338567634554,0.8495736855392655,0.13338218276699387,0.44720742106437683,0.2336544245481491,0.44720742106437683,0.2336544245481491,0.40969619154930115,0.28841808438301086,0.44720742106437683,0.3380628824234009,0.44720742106437683,0.3380628824234009,0.4616849422454834,0.275329053401947
754,399,-0.6445449590682983,0.5986738204956055,0.8868713006873928,0.09094434206684432,0.4235595174630482,0.5157188177108765,0.6720684170722961,0.5157188177108765,0.6720684170722961,0.756538987159729,0.7038723826408386,0.6720684170722961,0.2929675579071045,0.6720684170722961,0.2929675579071045,0.7727055549621582,0.23912884294986725
755,399,-0.8251662254333496,-0.060896262526512146,0.05461598897973685,0.8864553268502156,0.01817810329298175,0.5060515403747559,0.3093526363372803,0.5060515403747559,0.3093526363372803,0.4395518898963928,0.3093526363372803,0.5060515403747559,0.05875648558139801,0.5060515403747559,0.05875648558139801,0.40770208835601807,0.199833482503891
756,399,-0.5209165811538696,-0.6014209985733032,0.034722640365362045,0.1605905459821222,0.20385267466306695,0.008335232734680176,0.4872674345970154,0.008335232734680176,0.4872674345970154,0.7658584117889404,0.4872674345970154,0.008335232734680176,0.3572455048561096,0.008335232734680176,0.3572455048561096,0.1042223870754242,0.47608688473701477
757,399,-0.6231653094291687,-0.6488677263259888,0.12987118251621735,0.15959597073495363,0.05549868404865266,0.4549121856689453,0.5005797147750854,0.4549121856689453,0.5005797147750854,0.599786102771759,0.5005797147750854,0.35607486963272095,0.05181252956390381,0.35607486963272095,0.05181252956390381,0.4283272922039032,0.12641316652297974
758,399,-2.524470090866089,-0.4965067505836487,0.07713909387588477,0.2479196997731924,0.020997733995318457,0.1535242199897766,0.307953804731369,0.1535242199897766,0.307953804731369,0.33148372173309326,0.307953804731369,0.1535242199897766,0.05531573295593262,0.1535242199897766,0.05531573295593262,0.23073901236057281,0.15051592886447906
759,399,0.38594943284988403,-1.0673816204071045,0.5507261190563439,0.236506820991635,0.03769641697406778,1.228142261505127,0.7170050740242004,1.228142261505127,0.7170050740242004,1.4765851497650146,0.9117522835731506,0.7170050740242004,0.024747133255004883,0.7170050740242004,0.024747133255004883,0.8143786787986755,0.11461406946182251
760,399,-2.084381341934204,-1.1302967071533203,0.45452595469852275,0.6663672022769849,0.11573098917802183,1.650223731994629,0.9043327569961548,1.650223731994629,0.9043327569961548,1.489068865776062,0.9043327569961548,1.025972843170166,0.13524311780929565,1.025972843170166,0.13524311780929565,0.9651528000831604,0.07519325613975525
761,399,0.058151375502347946,-1.023457407951355,0.3825268310680988,0.618071160502732,0.22851711977273215,0.1454399824142456,0.44256889820098877,0.1454399824142456,0.44256889820098877,1.0954570770263672,0.44256889820098877,0.1454399824142456,0.2532164454460144,0.1454399824142456,0.2532164454460144,0.2940044403076172,0.5698067545890808
762,399,-0.41995084285736084,-0.8520030975341797,0.24532907777155455,0.4255634239067634,0.2747525575446583,1.3536161184310913,0.7201327085494995,1.3536161184310913,0.7201327085494995,1.2723441123962402,0.6892450451850891,0.7329459190368652,0.015204548835754395,0.7329459190368652,0.015204548835754395,0.7167925834655762,0.04241526126861572
763,399,0.7503973841667175,-0.37812539935112,0.23077797114849086,0.5306863025948405,0.12935589473694542,0.018744975328445435,0.08588513731956482,0.018744975328445435,0.08588513731956482,0.19376413524150848,0.08588513731956482,0.018744975328445435,0.22384020686149597,0.018744975328445435,0.22384020686149597,0.05231505632400513,0.2913094758987427
764,399,-1.0976744890213013,0.1580277383327484,0.6569022300963601,0.3429734883767863,0.20401894371335705,0.2901808023452759,0.2901808023452759,0.2901808023452759,0.2901808023452759,0.2184477150440216,0.14036494493484497,0.2901808023452759,0.008990436792373657,0.2901808023452759,0.008990436792373657,0.21527287364006042,0.07926402986049652
765,399,0.39528754353523254,-0.3237340450286865,0.0445896545300879,0.7670327457537254,0.08506206204493827,0.1909891963005066,0.11626599729061127,0.1909891963005066,0.11626599729061127,0.096468985080719,0.16004657745361328,0.1909891963005066,0.29178518056869507,0.1909891963005066,0.29178518056869507,0.17917364835739136,0.31526631116867065
766,399,0.72612065076828,-0.20278248190879822,0.4051796151076754,0.07171225634713962,0.2529101459806165,0.01229366660118103,0.1226997971534729,0.01229366660118103,0.1226997971534729,0.07363975048065186,0.16412922739982605,0.1226997971534729,0.3296511173248291,0.1226997971534729,0.3296511173248291,0.14693555235862732,0.2971799075603485
767,399,0.4723034203052521,0.008112136274576187,0.4728349758187931,0.587210485233615,0.016574800492574537,0.015451256185770035,0.28201180696487427,0.015451256185770035,0.28201180696487427,0.20699524879455566,0.28201180696487427,0.09816913306713104,0.22703802585601807,0.09816913306713104,0.22703802585601807,0.19009047746658325,0.1217782199382782
768,399,0.7884847521781921,0.26073578000068665,0.40391217591861883,0.6818819365898768,0.16845427083472408,0.2038872241973877,0.3445618152618408,0.2038872241973877,0.3445618152618408,0.2684103846549988,0.3445618152618408,0.2038872241973877,0.049261510372161865,0.2038872241973877,0.049261510372161865,0.27422451972961426,0.11565814912319183
769,399,0.12675221264362335,0.38583552837371826,0.5457742800066868,0.5786162215347093,0.24465100272248197,0.05131804943084717,0.4281565546989441,0.05131804943084717,0.4281565546989441,0.33010542392730713,0.4281565546989441,0.1558147817850113,0.1294853687286377,0.1558147817850113,0.1294853687286377,0.2919856607913971,0.24712957441806793
770,399,-0.2925952076911926,0.12380924820899963,0.2889266886313754,0.6311441506197057,0.16674955931802604,0.18898415565490723,0.22935187816619873,0.18898415565490723,0.22935187816619873,0.025438308715820312,0.22935187816619873,0.18898415565490723,0.0414147675037384,0.18898415565490723,0.0414147675037384,0.20916801691055298,0.060258761048316956
771,399,1.3913012742996216,-0.04294539988040924,0.18542475392421098,0.469150057391574,0.23618027805661146,0.15806031227111816,0.0684286430478096,0.15806031227111816,0.0684286430478096,0.06294099241495132,0.03608999401330948,0.03955832123756409,0.10883120447397232,0.03955832123756409,0.10883120447397232,0.0848759263753891,0.056111037731170654
772,399,0.10972390323877335,0.2275429219007492,0.646830121775468,0.3134914940347273,0.18967413437863212,0.37423765659332275,0.37423765659332275,0.37423765659332275,0.37423765659332275,0.14772309362888336,0.28297293186187744,0.37423765659332275,0.02689489722251892,0.37423765659332275,0.02689489722251892,0.3286052942276001,0.04331650584936142
773,399,1.505409598350525,0.27905964851379395,0.2569682784130175,0.8133903141071401,0.04714821820457771,0.3493049740791321,0.3713221848011017,0.3493049740791321,0.3713221848011017,0.13653181493282318,0.3713221848011017,0.3493049740791321,0.05407589673995972,0.3493049740791321,0.05407589673995972,0.3603135943412781,0.039847612380981445
774,399,1.3255541324615479,0.6741427779197693,0.7729751592253645,0.40892578483869635,0.38903361280759174,0.5875054001808167,0.5875054001808167,0.5875054001808167,0.5875054001808167,0.13245540857315063,0.6244552731513977,0.5875054001808167,0.3717604875564575,0.5875054001808167,0.3717604875564575,0.6059803366661072,0.38553887605667114
775,399,1.6457314491271973,0.8077926635742188,0.9271691220688323,0.7208034682894746,0.15962561932081987,0.44313713908195496,0.5143293142318726,0.44313713908195496,0.5143293142318726,0.8297160863876343,0.8911881446838379,0.5143293142318726,0.01847010850906372,0.5143293142318726,0.01847010850906372,0.7027587294578552,0.24284864962100983
776,399,1.8363096714019775,1.13480806350708,0.7727691585818925,0.9620904042075076,0.40933788272241767,0.4332895874977112,1.1082921028137207,0.4332895874977112,1.1082921028137207,0.9987106323242188,1.1082921028137207,0.562187910079956,0.5203443765640259,0.562187910079956,0.5203443765640259,0.8352400064468384,0.7102664113044739
777,399,0.1283736675977707,1.2454723119735718,0.8619935486962397,0.8956289179747304,0.41366694004585347,0.5355721116065979,1.2177456617355347,0.5355721116065979,1.2177456617355347,1.160004734992981,1.2177456617355347,0.6084488034248352,0.45366400480270386,0.6084488034248352,0.45366400480270386,0.9130972623825073,0.7117373943328857
778,399,0.4688884913921356,1.023269772529602,0.33293359185258553,1.0856829839448134,0.4097822190324465,0.7980049252510071,0.8482075929641724,0.7980049252510071,0.8482075929641724,0.9809181690216064,1.0366947650909424,0.7980049252510071,0.06598591804504395,0.7980049252510071,0.06598591804504395,0.8995749950408936,0.2652973532676697
779,399,1.8220336437225342,0.44116446375846863,0.519555554203689,0.42916131585836426,0.49652802009135477,0.4055226147174835,0.21958547830581665,0.4055226147174835,0.21958547830581665,0.2088969349861145,0.6293729543685913,0.21958547830581665,0.06065642833709717,0.21958547830581665,0.06065642833709717,0.4043560326099396,0.2799631953239441
780,399,0.6296568512916565,0.6242490410804749,0.8845388171325128,0.5616202910492818,0.1598128813008466,0.5396283268928528,0.5396283268928528,0.5396283268928528,0.5396283268928528,0.28889816999435425,0.6734055280685425,0.5396283268928528,0.02708989381790161,0.5396283268928528,0.02708989381790161,0.60651695728302,0.09872427582740784
781,399,1.7377302646636963,0.8942287564277649,0.6241114275654154,0.9781367260714372,0.3502166262765727,0.7037245631217957,0.9394638538360596,0.7037245631217957,0.9394638538360596,0.48911136388778687,0.9394638538360596,0.7037245631217957,0.1520557403564453,0.7037245631217957,0.1520557403564453,0.82159423828125,0.3076724112033844
782,399,1.0723627805709839,1.1844109296798706,1.0563787148768702,0.6615027237559359,0.5538823075095813,0.808612048625946,0.8525255918502808,0.808612048625946,0.8525255918502808,0.5849891901016235,1.0988085269927979,0.8525255918502808,0.5823383927345276,0.8525255918502808,0.5823383927345276,0.9756670594215393,0.6967750787734985
783,399,0.8921346664428711,1.1207767724990845,0.6410593111502629,1.1442331043134133,0.30694858898098265,0.7537901401519775,1.0809770822525024,0.7537901401519775,1.0809770822525024,0.8726465702056885,1.0809770822525024,0.7537901401519775,0.3234897255897522,0.7537901401519775,0.3234897255897522,0.91738361120224,0.4907965362071991
784,399,0.22043755650520325,0.937951922416687,0.5873675644149381,0.8545370102425418,0.5384044381727775,0.17074227333068848,0.786228597164154,0.17074227333068848,0.786228597164154,0.18916594982147217,0.786228597164154,0.44989854097366333,0.4807223081588745,0.44989854097366333,0.4807223081588745,0.6180635690689087,0.591456413269043
785,399,0.09692228585481644,0.32405465841293335,0.4565488234162328,0.7075761517882349,0.23206239461898837,0.2096249759197235,0.3448871374130249,0.2096249759197235,0.3448871374130249,0.028383493423461914,0.3448871374130249,0.26145750284194946,0.13272619247436523,0.26145750284194946,0.13272619247436523,0.3031723201274872,0.17055094242095947
786,399,0.25277167558670044,0.09090547263622284,0.4214923022439082,0.5269864696760972,0.19726562974353623,0.18061436712741852,0.12908825278282166,0.18061436712741852,0.12908825278282166,0.504202663898468,0.12908825278282166,0.08737297356128693,0.06806454062461853,0.08737297356128693,0.06806454062461853,0.10823061317205429,0.08548066020011902
787,399,-1.5465859174728394,0.020119234919548035,0.3580565008707345,0.5580879786610604,0.2018468428216874,0.01906624436378479,0.1126742884516716,0.01906624436378479,0.1126742884516716,0.06308026611804962,0.1126742884516716,0.0319952517747879,0.026740998029708862,0.0319952517747879,0.026740998029708862,0.07233476638793945,0.06438315659761429
788,399,0.7798199653625488,-0.462859570980072,0.09570177172621053,0.5914657575512925,0.11581410816560189,0.07281333208084106,0.40292564034461975,0.07281333208084106,0.40292564034461975,0.07494211196899414,0.3959117531776428,0.07281333208084106,0.47075003385543823,0.07281333208084106,0.47075003385543823,0.0711137056350708,0.46715909242630005
789,399,-0.11125271022319794,-0.23545429110527039,0.644572096976141,0.10286618319650498,0.24752626320968063,0.26634904742240906,0.26634904742240906,0.26634904742240906,0.26634904742240906,0.23548436164855957,0.27772217988967896,0.26634904742240906,0.5805939435958862,0.26634904742240906,0.5805939435958862,0.2821631133556366,0.5589989423751831
790,399,-0.5712557435035706,-0.11705837398767471,0.2616307722280422,0.874645190021644,0.06375855612878967,0.25126731395721436,0.2319008708000183,0.25126731395721436,0.2319008708000183,0.08431362360715866,0.2319008708000183,0.25126731395721436,0.21804320812225342,0.25126731395721436,0.21804320812225342,0.24158409237861633,0.23283842206001282
791,399,-0.8898663520812988,-0.14681074023246765,0.1901835251102847,0.4930638161549964,0.28728075663248687,0.30766868591308594,0.2552952170372009,0.30766868591308594,0.2552952170372009,0.23518919944763184,0.17277324199676514,0.0358002632856369,0.21748897433280945,0.0358002632856369,0.21748897433280945,0.027324587106704712,0.177456796169281
792,399,-1.5623276233673096,-0.6815083622932434,0.048458620210488745,0.2502227443953353,0.07132173155744892,0.34208300709724426,0.5700459480285645,0.34208300709724426,0.5700459480285645,0.3404986560344696,0.5708286762237549,0.19550234079360962,0.3580338656902313,0.19550234079360962,0.3580338656902313,0.19446536898612976,0.3585048317909241
793,399,-0.2598074674606323,-1.1182972192764282,0.2144539764399331,0.14759536301096288,0.14372598582257842,0.900108277797699,0.5395214557647705,0.900108277797699,0.5395214557647705,1.3502485752105713,0.8613485097885132,0.5395214557647705,0.06156730651855469,0.5395214557647705,0.06156730651855469,0.7004349827766418,0.21002203226089478
794,399,-1.6850244998931885,-0.8225091695785522,0.31226884217311945,0.10586760586748534,0.11283483815689899,0.08357322216033936,0.08357322216033936,0.08357322216033936,0.08357322216033936,0.27251923084259033,0.7851793766021729,0.08357322216033936,0.627223014831543,0.08357322216033936,0.627223014831543,0.14747604727745056,0.6627563834190369
795,399,0.5109045505523682,-0.7034094929695129,0.1259731123472252,0.49632494510461855,0.04161171083649018,0.09846735000610352,0.41053739190101624,0.09846735000610352,0.41053739190101624,0.6278934478759766,0.41053739190101624,0.09846735000610352,0.011930465698242188,0.09846735000610352,0.011930465698242188,0.2545023560523987,0.23260316252708435
796,399,-0.8313623070716858,-0.6050583124160767,0.5089329681918024,0.15887237027287493,0.2299929332360628,0.15021955966949463,0.15021955966949463,0.15021955966949463,0.15021955966949463,0.06917667388916016,0.5550676584243774,0.15021955966949463,0.6668611168861389,0.15021955966949463,0.6668611168861389,0.13408386707305908,0.6866589784622192
797,399,-1.0389405488967896,-0.3036547303199768,0.16622916911418206,0.8010807671087483,0.05876435456176565,0.16924512386322021,0.06665726006031036,0.16924512386322021,0.06665726006031036,0.38652777671813965,0.06665726006031036,0.16924512386322021,0.15284526348114014,0.16924512386322021,0.15284526348114014,0.11795119196176529,0.3076885938644409
798,565,-1.7979278564453125,-0.7005361318588257,0.04671410157034772,0.2335393525039156,0.21173441422482325,0.6360423564910889,0.6483525633811951,0.6360423564910889,0.6483525633811951,0.6245667934417725,0.6034060716629028,0.2870323956012726,0.36386600136756897,0.2870323956012726,0.36386600136756897,0.2797273099422455,0.3393922448158264
799,565,-1.0335484743118286,-1.2044299840927124,0.23845750171691188,0.06820073798298848,0.09531786728650336,0.8737474083900452,0.6017438173294067,0.8737474083900452,0.6017438173294067,1.0154844522476196,1.0237783193588257,0.6017438173294067,0.3699710965156555,0.6017438173294067,0.3699710965156555,0.662574291229248,0.40197962522506714
800,565,0.1900259256362915,-1.2364434003829956,0.005316857745250203,0.20023303004602613,0.023934616421659574,0.9080679416656494,0.9847080707550049,0.9080679416656494,0.9847080707550049,0.9636191725730896,1.0882210731506348,0.6878983378410339,0.3440096974372864,0.6878983378410339,0.3440096974372864,0.7204998731613159,0.4178392291069031
801,565,0.2107412964105606,-0.6612014770507812,0.45091861061751826,0.09193693421781057,0.09630401030182834,0.047963857650756836,0.047963857650756836,0.047963857650756836,0.047963857650756836,0.39779606461524963,0.5139287114143372,0.047963857650756836,0.3936690092086792,0.047963857650756836,0.3936690092086792,0.10866852104663849,0.48017844557762146
802,565,-0.5209096074104309,-0.1344263106584549,0.3996330551678935,0.5511722561220329,0.00033120342840731176,0.04876023530960083,0.0993535965681076,0.04876023530960083,0.0993535965681076,0.09320549666881561,0.0993535965681076,0.054820820689201355,0.10830383002758026,0.054820820689201355,0.10830383002758026,0.07708720862865448,0.07975687086582184
803,565,-0.18149368464946747,-0.1760251820087433,0.2622654723872739,0.5561485753332576,0.1611475267385445,0.06286421418190002,0.11264695227146149,0.06286421418190002,0.11264695227146149,0.34045910835266113,0.11264695227146149,0.06286421418190002,0.014818653464317322,0.06286421418190002,0.014818653464317322,0.08775558322668076,0.08559524267911911
804,565,1.2173430919647217,-0.25705164670944214,0.33308325136080374,0.29909882554784417,0.2021245914697647,0.16618576645851135,0.05390352010726929,0.16618576645851135,0.05390352010726929,0.48424863815307617,0.18383771181106567,0.05390352010726929,0.020080864429473877,0.05390352010726929,0.020080864429473877,0.11887061595916748,0.06602855771780014
805,565,-1.0190328359603882,0.011021241545677185,0.713250458637873,0.3961615201334161,0.12423114026586202,0.29532361030578613,0.29532361030578613,0.29532361030578613,0.29532361030578613,0.20980003476142883,0.23031684756278992,0.29532361030578613,0.10033759474754333,0.29532361030578613,0.10033759474754333,0.2628202438354492,0.13259777426719666
806,565,1.012812852859497,-0.07791797816753387,0.0148868063340587,0.8594110994289319,0.06531257803241386,0.299045205116272,0.002681344747543335,0.299045205116272,0.002681344747543335,0.23147015273571014,0.02000206708908081,0.299045205116272,0.3291369676589966,0.299045205116272,0.3291369676589966,0.2963719964027405,0.34313392639160156
807,565,1.208312749862671,0.06006236374378204,0.6099174894516667,0.06758595933516842,0.33567040958752237,0.25613337755203247,0.32467740774154663,0.25613337755203247,0.32467740774154663,0.3581833839416504,0.13300921022891998,0.32467740774154663,0.3380619287490845,0.32467740774154663,0.3380619287490845,0.3698432147502899,0.22937656939029694
808,565,0.7281724810600281,0.30642423033714294,0.6294090955331921,0.7709799141809347,0.03889453813433663,0.24973854422569275,0.5592235922813416,0.24973854422569275,0.5592235922813416,0.4952195882797241,0.5592235922813416,0.31274890899658203,0.26665523648262024,0.31274890899658203,0.26665523648262024,0.4359862506389618,0.1852082759141922
809,565,4.182801723480225,0.6947561502456665,0.6097014424204826,0.9080827385932209,0.3352259869873524,0.4856567084789276,0.73532634973526,0.4856567084789276,0.73532634973526,0.5702031850814819,0.73532634973526,0.4856567084789276,0.2341558039188385,0.4856567084789276,0.2341558039188385,0.6104915142059326,0.35149049758911133
810,565,0.43739789724349976,1.487074613571167,1.3860712601942942,0.7142192801693454,0.5234714828059079,1.2133580446243286,1.2133580446243286,1.2133580446243286,1.2133580446243286,0.36714422702789307,1.4687350988388062,1.2133580446243286,0.5005422234535217,1.2133580446243286,0.5005422234535217,1.3410465717315674,0.6290433406829834
811,565,3.5963339805603027,1.9486709833145142,0.6007391251996164,1.9977491104230278,0.3923700955510143,1.8649272918701172,2.0004348754882812,1.8649272918701172,2.0004348754882812,1.0050842761993408,2.0004348754882812,1.8649272918701172,0.2595205307006836,1.8649272918701172,0.2595205307006836,1.9326810836791992,0.35960060358047485
812,565,0.4465816020965576,1.9913043975830078,1.5042793103059133,0.512408996311327,0.975369962391754,1.0097455978393555,1.2775219678878784,1.0097455978393555,1.2775219678878784,1.801497459411621,2.112190008163452,1.2775219678878784,0.23510050773620605,1.2775219678878784,0.23510050773620605,1.629434585571289,0.7342690825462341
813,565,1.660090684890747,1.5599889755249023,0.5520823177819452,1.6921060245980812,0.22505193190028328,1.4557045698165894,1.6029571294784546,1.4557045698165894,1.6029571294784546,0.6306359171867371,1.6029571294784546,1.4557045698165894,0.1307964324951172,1.4557045698165894,0.1307964324951172,1.529330849647522,0.23290276527404785
814,565,-0.023843545466661453,1.1904431581497192,0.9627333991726239,0.46888977659245334,0.721810882066687,0.09881556034088135,0.6706329584121704,0.09881556034088135,0.6706329584121704,0.6480553150177002,1.3154910802841187,0.6706329584121704,0.21857690811157227,0.6706329584121704,0.21857690811157227,0.931387722492218,0.5382920503616333
815,565,0.5059348344802856,0.4245026111602783,0.2325140078489979,1.02924320080628,0.14333289523919435,0.541523814201355,0.5345433950424194,0.541523814201355,0.5345433950424194,0.06431877613067627,0.5345433950424194,0.541523814201355,0.07534855604171753,0.541523814201355,0.07534855604171753,0.5380336046218872,0.07158473134040833
816,565,0.26042667031288147,0.27236267924308777,0.5077967224518458,0.29955024021367227,0.44683312642077616,0.235924631357193,0.18832936882972717,0.235924631357193,0.18832936882972717,0.0794985294342041,0.4170229434967041,0.18832936882972717,0.008952140808105469,0.18832936882972717,0.008952140808105469,0.30608630180358887,0.13584543764591217
817,565,1.1805336475372314,0.10300134122371674,0.3423955407366156,0.47228279910981663,0.11060071740299471,0.13498929142951965,0.21239474415779114,0.13498929142951965,0.21239474415779114,0.13936711847782135,0.21239474415779114,0.13498929142951965,0.003254026174545288,0.13498929142951965,0.003254026174545288,0.1736920177936554,0.04109904170036316
818,565,0.8750096559524536,0.29940077662467957,0.5690643088271221,0.40144290586312614,0.18570196402569605,0.33456313610076904,0.33456313610076904,0.33456313610076904,0.33456313610076904,0.11201444268226624,0.42009061574935913,0.33456313610076904,0.05907285213470459,0.33456313610076904,0.05907285213470459,0.3773268759250641,0.10128402709960938
819,565,1.0213420391082764,0.6018314361572266,0.5285686796468992,0.7267280580413837,0.15105103333791114,0.5071809887886047,0.7602154016494751,0.5071809887886047,0.7602154016494751,0.6689689755439758,0.7602154016494751,0.5071809887886047,0.048535704612731934,0.5071809887886047,0.048535704612731934,0.6336982250213623,0.18527626991271973
820,565,0.3671209216117859,0.774724543094635,0.5362535567767917,0.6101224798709155,0.3414841347001494,0.22848951816558838,0.6878594756126404,0.22848951816558838,0.6878594756126404,0.5308617949485779,0.6878594756126404,0.3402019441127777,0.28036507964134216,0.3402019441127777,0.28036507964134216,0.5140306949615479,0.42849498987197876
821,565,-0.07911891490221024,0.629515528678894,0.32723612613976005,0.6932594673335553,0.25164723582565784,0.41693317890167236,0.5542118549346924,0.41693317890167236,0.5542118549346924,0.31149691343307495,0.5542118549346924,0.41693317890167236,0.20883357524871826,0.41693317890167236,0.20883357524871826,0.4855725169181824,0.27222660183906555
822,565,0.8024657964706421,0.14772671461105347,0.14017417596032222,0.3639046970320245,0.20528165120010583,0.10505586862564087,0.10339811444282532,0.10505586862564087,0.10339811444282532,0.042525045573711395,0.2255144715309143,0.13167676329612732,0.029737383127212524,0.13167676329612732,0.029737383127212524,0.18954430520534515,0.06958651542663574
823,565,-0.3782007396221161,0.09743368625640869,0.47679250900944076,0.14684124862154324,0.13370656301577877,0.23319950699806213,0.23319950699806213,0.23319950699806213,0.23319950699806213,0.060768067836761475,0.2099907249212265,0.23319950699806213,0.048055559396743774,0.23319950699806213,0.048055559396743774,0.22159510850906372,0.03651103377342224
824,565,-0.5215016603469849,0.07245510816574097,0.04972090302656096,0.5554377084846297,0.02469765561322379,0.2649109959602356,0.16434504091739655,0.2649109959602356,0.16434504091739655,0.1358070969581604,0.16434504091739655,0.2649109959602356,0.009944498538970947,0.2649109959602356,0.009944498538970947,0.21462801098823547,0.06553980708122253
825,565,0.5394175052642822,-0.37004220485687256,0.08722708175579708,0.11866825232903166,0.25485829884807276,0.11682277917861938,0.1806744784116745,0.11682277917861938,0.1806744784116745,0.44192665815353394,0.1806744784116745,0.11682277917861938,0.18119017779827118,0.11682277917861938,0.18119017779827118,0.06809258460998535,0.24836701154708862
826,565,-1.9041675329208374,-0.2532811164855957,0.32860859360545897,0.20360986828804006,0.019704951457679254,0.13069495558738708,0.13069495558738708,0.13069495558738708,0.13069495558738708,0.37426114082336426,0.0543820858001709,0.13069495558738708,0.05048835277557373,0.13069495558738708,0.05048835277557373,0.09253852069377899,0.14028047025203705
827,565,-1.894909381866455,-0.6080218553543091,0.3856181200097003,0.49603654356052496,0.013790733379622111,0.1650456190109253,0.4272708296775818,0.1650456190109253,0.4272708296775818,1.0298389196395874,0.4272708296775818,0.1650456190109253,0.03724902868270874,0.1650456190109253,0.03724902868270874,0.29615822434425354,0.3555941581726074
828,565,-3.2605435848236084,-1.3056367635726929,0.39571083925664413,0.40560073912143735,0.16708778716623807,1.386831283569336,1.257892370223999,1.386831283569336,1.257892370223999,3.0251708030700684,1.257892370223999,0.6651142835617065,0.07037734985351562,0.6651142835617065,0.07037734985351562,0.9615033268928528,0.30382221937179565
829,565,-1.4591270685195923,-2.176659107208252,0.8708507682879765,0.3558996531864008,0.18925743391116479,1.430067539215088,1.0098111629486084,1.430067539215088,1.0098111629486084,2.0681777000427246,1.6893309354782104,1.0098111629486084,0.3151390552520752,1.0098111629486084,0.3151390552520752,1.3495709896087646,0.6007025837898254
830,565,-0.9147204756736755,-2.0590767860412598,0.22566955711692527,0.9203844401240349,0.21758443135768202,1.7449253797531128,1.66664457321167,1.7449253797531128,1.66664457321167,2.228745698928833,1.66664457321167,1.2309746742248535,0.4234743118286133,1.2309746742248535,0.4234743118286133,1.4488096237182617,0.6863317489624023
831,565,-1.8096122741699219,-1.4758237600326538,0.06261479330559572,0.18723928918441135,0.4374897249539692,0.6009144186973572,1.3348393440246582,0.6009144186973572,1.3348393440246582,1.3699415922164917,1.3348393440246582,0.5220081210136414,0.2530277967453003,0.5220081210136414,0.2530277967453003,0.7875539064407349,0.5740163326263428
832,565,-0.7699761390686035,-1.3908284902572632,0.37023697877923656,0.001752788623174184,0.09484499777356781,0.7624330520629883,0.5340390205383301,0.7624330520629883,0.5340390205383301,1.1696125268936157,1.1044833660125732,0.5340390205383301,0.35540664196014404,0.5340390205383301,0.35540664196014404,0.6679158806800842,0.4408283531665802
833,565,-1.7998707294464111,-1.0981501340866089,0.09441124647855748,0.34544038396328713,0.037085769735276664,0.857559859752655,0.8303832411766052,0.857559859752655,0.8303832411766052,1.1191461086273193,0.8303832411766052,0.5979296565055847,0.14832139015197754,0.5979296565055847,0.14832139015197754,0.714156448841095,0.2773480713367462
834,565,-0.7461618185043335,-1.1128640174865723,0.3175536800175907,0.03029665950685767,0.11875855322927237,0.7028357982635498,0.4919242262840271,0.7028357982635498,0.4919242262840271,1.058550238609314,0.9359025955200195,0.4919242262840271,0.30203062295913696,0.4919242262840271,0.30203062295913696,0.576482355594635,0.34170621633529663
835,565,-0.9848499298095703,-1.0987471342086792,0.010294757187366166,0.324182432666421,0.005039804577827711,0.8670620322227478,0.8019698858261108,0.8670620322227478,0.8019698858261108,1.100292682647705,0.8019698858261108,0.5954669713973999,0.12574779987335205,0.5954669713973999,0.12574779987335205,0.6987184286117554,0.2385379672050476
836,565,-1.4616007804870605,-0.861829936504364,0.06201222145309043,0.055517841192583184,0.16274769847591714,0.31123727560043335,0.7322293519973755,0.31123727560043335,0.7322293519973755,0.6664698123931885,0.7322293519973755,0.2008412480354309,0.2790895700454712,0.2008412480354309,0.2790895700454712,0.33523029088974,0.39859551191329956
837,565,-1.6678932905197144,-0.919661283493042,0.23204564909140293,0.008553583187361491,0.005153700063625727,0.608058512210846,0.4132140874862671,0.608058512210846,0.4132140874862671,1.0071312189102173,0.7425488233566284,0.4132140874862671,0.066631019115448,0.4132140874862671,0.066631019115448,0.5778814554214478,0.22567132115364075
838,565,-1.3575527667999268,-1.1338317394256592,0.22769950599099212,0.17838705575714497,0.031117403252670983,0.5993037223815918,0.43552207946777344,0.5993037223815918,0.43552207946777344,1.274449110031128,0.9544663429260254,0.43552207946777344,0.07298529148101807,0.43552207946777344,0.07298529148101807,0.6949942111968994,0.31517863273620605
839,565,-3.040252447128296,-1.3265559673309326,0.10168504978219658,0.19927357884744817,0.08066014135877297,0.7147234678268433,0.9683818817138672,0.7147234678268433,0.9683818817138672,1.0576186180114746,0.9683818817138672,0.623056948184967,0.20174956321716309,0.623056948184967,0.20174956321716309,0.7957193851470947,0.41914233565330505
840,565,-1.2265974283218384,-1.8692402839660645,0.7178050129798548,0.06055857752760274,0.12353778115784131,1.2775530815124512,0.9774899482727051,1.2775530815124512,0.9774899482727051,1.7212727069854736,1.7753541469573975,0.9774899482727051,0.6864137649536133,0.9774899482727051,0.6864137649536133,1.1103239059448242,0.7392008900642395
841,565,-1.7407972812652588,-2.0924787521362305,0.13867061559110916,0.9083247906714675,0.04939938772469743,1.9074797630310059,1.7108654975891113,1.9074797630310059,1.7108654975891113,2.2987987995147705,1.7108654975891113,1.3712681531906128,0.30854690074920654,1.3712681531906128,0.30854690074920654,1.5410668849945068,0.5490496158599854
842,565,-1.1838568449020386,-1.4645168781280518,0.18579124828179683,0.019123518218596702,0.32729087149103475,0.6128905415534973,1.350210189819336,0.6128905415534973,1.350210189819336,1.4108052253723145,1.350210189819336,0.4065895080566406,0.6011015176773071,0.4065895080566406,0.6011015176773071,0.6847296357154846,0.7818841934204102
843,565,-2.293062686920166,-1.3879724740982056,0.0789477040525523,0.23029283427633368,0.04832493424415596,0.9129338264465332,1.0649044513702393,0.9129338264465332,1.0649044513702393,1.2406437397003174,1.0649044513702393,0.7260423898696899,0.22392988204956055,0.7260423898696899,0.22392988204956055,0.8954734206199646,0.43403854966163635
844,565,-2.356975555419922,-1.651867151260376,0.4472917451088626,0.03382595594351501,0.12671054098134238,1.064528226852417,0.7671033143997192,1.064528226852417,0.7671033143997192,1.5793490409851074,1.5352909564971924,0.7671033143997192,0.5407353639602661,0.7671033143997192,0.5407353639602661,0.947310745716095,0.6383199691772461
845,565,-2.64697003364563,-1.713113784790039,0.46058623599509385,0.38051644625763104,0.017645059252778705,1.207872986793518,0.812085747718811,1.207872986793518,0.812085747718811,2.1927287578582764,1.4746774435043335,0.812085747718811,0.21557354927062988,0.812085747718811,0.21557354927062988,1.1433815956115723,0.5323001146316528
846,565,-1.361655831336975,-2.006739854812622,0.49929884292185334,0.4720427702367307,0.1731151857972143,0.9287675619125366,0.8355004787445068,0.9287675619125366,0.8355004787445068,1.716733694076538,1.6309720277786255,0.8355004787445068,0.3042418956756592,0.8355004787445068,0.3042418956756592,1.233236312866211,0.7002393007278442
847,565,-1.732264757156372,-2.1076364517211914,0.05620648562908148,0.6862324252352123,0.24617327529937005,1.7662014961242676,1.6642638444900513,1.7662014961242676,1.6642638444900513,1.963443398475647,2.0150229930877686,1.3756194114685059,0.42069733142852783,1.3756194114685059,0.42069733142852783,1.4855140447616577,0.7040644884109497
848,565,0.6212385892868042,-1.363912582397461,0.17797879395696034,0.03731096567896519,0.19466058474654974,0.30236732959747314,1.287275791168213,0.30236732959747314,1.287275791168213,1.0315964221954346,1.287275791168213,0.2605384588241577,0.6114373207092285,0.2605384588241577,0.6114373207092285,0.5195354223251343,0.7695017457008362
849,141,-1.9912209510803223,-0.9025566577911377,0.27664556864649065,0.4689170710928737,0.2317811457626523,1.4372321367263794,0.4017210006713867,1.4372321367263794,0.4017210006713867,1.3141636848449707,0.4017210006713867,0.6205425262451172,0.3454705476760864,0.6205425262451172,0.3454705476760864,0.511131763458252,0.23927491903305054
850,565,-0.21355609595775604,-0.8356951475143433,0.3553265620333451,0.8658932880374297,0.09565277864535704,0.22664928436279297,0.32949209213256836,0.22664928436279297,0.32949209213256836,0.8441954255104065,0.32949209213256836,0.22664928436279297,0.14761900901794434,0.22664928436279297,0.14761900901794434,0.27807068824768066,0.4861097037792206
851,565,-2.3119571208953857,-0.7695218324661255,0.24250466682016847,0.4015038038417695,0.28189133841544384,1.5263676643371582,0.7377537488937378,1.5263676643371582,0.7377537488937378,1.409886360168457,0.662198543548584,0.6653298139572144,0.06500500440597534,0.6653298139572144,0.06500500440597534,0.6314911842346191,0.052575886249542236
852,565,-0.28849542140960693,-1.1038542985916138,0.4048435859382152,0.46306260548532,0.10431195981800578,0.08790421485900879,0.5915881991386414,0.08790421485900879,0.5915881991386414,0.8798255324363708,0.5915881991386414,0.08790421485900879,0.04050159454345703,0.08790421485900879,0.04050159454345703,0.3397462069988251,0.43699029088020325
853,565,-1.0685006380081177,-1.2982605695724487,0.25352518731107343,0.6314585734779632,0.19576870356996812,1.845430612564087,1.111533284187317,1.845430612564087,1.111533284187317,1.9978647232055664,1.111533284187317,1.0148918628692627,0.0483018159866333,1.0148918628692627,0.0483018159866333,1.0632126331329346,0.10032802820205688
854,565,-1.844157338142395,-0.734283983707428,0.03249542760352281,0.40256544088323887,0.18872602122525367,0.09807473421096802,0.2863076329231262,0.09807473421096802,0.2863076329231262,0.38663896918296814,0.6320602893829346,0.09807473421096802,0.20169901847839355,0.09807473421096802,0.20169901847839355,0.1798275113105774,0.36756566166877747
855,565,-0.795265793800354,-1.0821294784545898,0.2185016548944016,0.027688194836179264,0.08572555818284569,0.9066491723060608,0.533469557762146,0.9066491723060608,0.533469557762146,0.9649032354354858,0.958549976348877,0.533469557762146,0.3818178176879883,0.533469557762146,0.3818178176879883,0.5523219108581543,0.38829460740089417
856,565,-2.137655735015869,-1.3580023050308228,0.09957438853879805,0.28915389562646543,0.013996516416470345,1.2761280536651611,1.0699779987335205,1.2761280536651611,1.0699779987335205,1.4309372901916504,1.0699779987335205,0.9028496146202087,0.1646326780319214,0.9028496146202087,0.1646326780319214,0.986413836479187,0.2913660407066345
857,565,-1.0497620105743408,-1.3499205112457275,0.3036379081010818,0.21645448572933687,0.09398373909294608,0.8143563866615295,0.5496720671653748,0.8143563866615295,0.5496720671653748,1.1232666969299316,0.8834729790687561,0.5496720671653748,0.17782247066497803,0.5496720671653748,0.17782247066497803,0.7165725231170654,0.3165883719921112
858,565,-1.827671766281128,-1.3669332265853882,0.0524740673353275,0.3998639492442212,0.06096643949548414,1.3101592063903809,1.1430160999298096,1.3101592063903809,1.1430160999298096,1.390623927116394,1.2253358364105225,0.8316245079040527,0.35090434551239014,0.8316245079040527,0.35090434551239014,0.8639575242996216,0.41509193181991577
859,565,-1.8353636264801025,-1.454338550567627,0.23228103357056773,0.003244376430908802,0.18272126021484514,0.5728259086608887,0.4367724657058716,0.5728259086608887,0.4367724657058716,1.296043038368225,1.2947520017623901,0.4367724657058716,0.5489420890808105,0.4367724657058716,0.5489420890808105,0.6393442749977112,0.6296918392181396
860,565,-1.4799355268478394,-1.6878114938735962,0.2784962887254853,0.3445946631145973,0.023833067504068106,1.1688481569290161,1.4390435218811035,1.1688481569290161,1.4390435218811035,1.8948943614959717,1.4390435218811035,0.8838993310928345,0.19307446479797363,0.8838993310928345,0.19307446479797363,1.1614713668823242,0.5123127102851868
861,565,-2.017261028289795,-1.5873106718063354,0.18939334458981988,0.2649653522794444,0.12766304361944353,0.9450269937515259,1.183087706565857,0.9450269937515259,1.183087706565857,1.294769287109375,1.183087706565857,0.8245196342468262,0.3344564437866211,0.8245196342468262,0.3344564437866211,1.0038037300109863,0.5753033757209778
862,565,-1.231133222579956,-1.6015689373016357,0.2922150707741579,0.19683816825350092,0.08485041668017745,0.7011058330535889,0.5835306644439697,0.7011058330535889,0.5835306644439697,1.3359140157699585,1.2485847473144531,0.5835306644439697,0.21169710159301758,0.5835306644439697,0.21169710159301758,0.9160577058792114,0.5101664662361145
863,565,-2.0402140617370605,-1.3944320678710938,0.09572574093937852,0.33171392936259514,0.06760529961436984,1.0843780040740967,1.0933876037597656,1.0843780040740967,1.0933876037597656,1.2976925373077393,1.0933876037597656,0.8569225668907166,0.149483323097229,0.8569225668907166,0.149483323097229,0.9751551151275635,0.35265153646469116
864,565,-0.020575903356075287,-1.3224718570709229,0.26867146305739886,0.028882925435900764,0.10608969584107383,0.6554290056228638,0.5085377097129822,0.6554290056228638,0.5085377097129822,1.2254464626312256,1.3020917177200317,0.5085377097129822,0.5850535035133362,0.5085377097129822,0.5850535035133362,0.6860747337341309,0.5990402102470398
865,565,-1.4564439058303833,-1.3233067989349365,0.24889162956426517,0.40599663270016484,0.05556912937511985,1.6593959331512451,0.9743828773498535,1.6593959331512451,0.9743828773498535,1.6634008884429932,0.9743828773498535,0.9705185890197754,0.2776733636856079,0.9705185890197754,0.2776733636856079,0.9724507331848145,0.2806217074394226
866,565,-2.824868679046631,-0.7234829664230347,0.09941250339150437,0.5030281404405832,0.11176768817007526,0.008806705474853516,0.26648619771003723,0.008806705474853516,0.26648619771003723,0.2544883191585541,0.5749142169952393,0.008806705474853516,0.2586659789085388,0.008806705474853516,0.2586659789085388,0.07950916886329651,0.4130522906780243
867,565,-1.0904141664505005,-1.3627474308013916,0.5499833481137952,0.10206746087720009,0.1157392177979153,1.4324085712432861,0.7611080408096313,1.4324085712432861,0.7611080408096313,1.438208818435669,1.2526218891143799,0.7611080408096313,0.4851304292678833,0.7611080408096313,0.4851304292678833,0.7624576687812805,0.4848906397819519
868,141,-1.585700273513794,-1.4029103517532349,0.21378046590834876,0.5111453837156296,0.26013172734528767,1.1147507429122925,0.6718617081642151,1.1147507429122925,0.6718617081642151,1.634618878364563,1.1571305990219116,0.3746626377105713,0.1416933536529541,0.3746626377105713,0.1416933536529541,0.5801271796226501,0.2585303783416748
869,565,-2.369797706604004,-1.5516988039016724,0.2043826922277609,0.02244369251032652,0.38125502320627325,0.7938754558563232,1.4048763513565063,0.7938754558563232,1.4048763513565063,1.522961139678955,1.4048763513565063,0.5515844821929932,0.46194660663604736,0.5515844821929932,0.46194660663604736,0.8160600662231445,0.6694604754447937
870,565,-1.1190465688705444,-1.5839380025863647,0.468155689102908,0.21964117625107354,0.022468229507406456,1.1502128839492798,0.7508047819137573,1.1502128839492798,0.7508047819137573,1.8836158514022827,1.3465795516967773,0.7508047819137573,0.13829684257507324,0.7508047819137573,0.13829684257507324,1.048692226409912,0.40514087677001953
871,565,-2.8631246089935303,-1.7649539709091187,0.08514426206548997,0.5685378855963551,0.1197902408738929,1.4536573886871338,1.3272629976272583,1.4536573886871338,1.3272629976272583,1.6756681203842163,1.5987175703048706,1.0580328702926636,0.3209378719329834,1.0580328702926636,0.3209378719329834,1.1496367454528809,0.5252028107643127
872,565,-1.1466563940048218,-1.5455776453018188,0.5248397779713072,0.0011866826439895783,0.14471822946022012,1.0551222562789917,0.6937575936317444,1.0551222562789917,0.6937575936317444,1.7469477653503418,1.3947038650512695,0.6937575936317444,0.5331040620803833,0.6937575936317444,0.5331040620803833,0.8462445735931396,0.5515689849853516
873,141,-2.3334579467773438,-1.4879145622253418,0.21508436024188993,0.6220280655473474,0.2546974499523638,1.4637731313705444,0.9474435448646545,1.4637731313705444,0.9474435448646545,1.8280117511749268,1.4767091274261475,0.5975186824798584,0.15158188343048096,0.5975186824798584,0.15158188343048096,0.8336964845657349,0.2867850661277771
874,565,-0.3888724744319916,-1.604308843612671,0.4058035802096127,0.01166906468570228,0.31679346241056894,0.6723361611366272,0.5017884969711304,0.6723361611366272,0.5017884969711304,1.6453399658203125,1.5022194385528564,0.5017884969711304,0.599224328994751,0.5017884969711304,0.599224328994751,0.7762385010719299,0.699950098991394
875,565,-1.0428088903427124,-1.3739018440246582,0.13344023534407193,0.6263827499995627,0.02080650745580581,1.5193324089050293,1.10575270652771,1.5193324089050293,1.10575270652771,1.6180692911148071,1.10575270652771,1.0208098888397217,0.23109757900238037,1.0208098888397217,0.23109757900238037,1.0632812976837158,0.2939409613609314
876,141,0.1384553760290146,-1.370262861251831,0.18930586957683154,0.10744900861134143,0.5031062470873197,1.466623067855835,1.1937456130981445,1.466623067855835,1.1937456130981445,1.968665599822998,1.1937456130981445,0.6393197178840637,0.09152388572692871,0.6393197178840637,0.09152388572692871,0.8224575519561768,0.22311878204345703
877,141,-1.940552830696106,-0.6801213026046753,0.09496182485173149,0.26907088500758025,0.08005918384840083,1.0406850576400757,0.42245250940322876,1.0406850576400757,0.42245250940322876,0.9898182153701782,0.42245250940322876,0.47909778356552124,0.1489429473876953,0.47909778356552124,0.1489429473876953,0.450775146484375,0.12255454063415527
878,565,-2.160168170928955,-0.719009280204773,0.39237166694055026,0.5132289986064038,0.03232304378102224,0.0467299222946167,0.4937404990196228,0.0467299222946167,0.4937404990196228,0.991996705532074,0.4937404990196228,0.0467299222946167,0.0616108775138855,0.0467299222946167,0.0616108775138855,0.27023521065711975,0.3692285418510437
879,565,-2.652500629425049,-1.5369828939437866,0.4492144764959812,0.48649564906954734,0.12868659555911988,1.424467921257019,1.4917317628860474,1.424467921257019,1.4917317628860474,3.0682616233825684,1.4917317628860474,0.7882605195045471,0.01867222785949707,0.7882605195045471,0.01867222785949707,1.1399961709976196,0.36803874373435974
880,141,-2.8165998458862305,-1.7895523309707642,0.41028766493002555,0.4493257357055943,0.32424193757275777,0.37616610527038574,0.864134669303894,0.37616610527038574,0.864134669303894,1.2794904708862305,0.864134669303894,0.31455397605895996,0.23832190036773682,0.31455397605895996,0.23832190036773682,0.589344322681427,0.4688330292701721
881,565,-3.636023998260498,-2.5359413623809814,0.5607532337494197,0.9076917354390024,0.2229579305090008,1.7960879802703857,2.1467766761779785,1.7960879802703857,2.1467766761779785,2.396536350250244,2.1467766761779785,1.5846600532531738,0.4155454635620117,1.5846600532531738,0.4155454635620117,1.8657183647155762,0.8616438508033752
882,565,-3.851674795150757,-3.0013678073883057,0.8362556556115542,0.9085236504177254,0.2990504713604851,1.7647157907485962,2.5493476390838623,1.7647157907485962,2.5493476390838623,2.7133216857910156,2.5493476390838623,1.687512993812561,0.5051188468933105,1.687512993812561,0.5051188468933105,2.1184303760528564,1.0771173238754272
883,565,-3.3775827884674072,-3.6097841262817383,0.912233969867229,1.4026448269188407,0.3421959044039249,2.4830875396728516,3.0152294635772705,2.4830875396728516,3.0152294635772705,3.345330238342285,3.0152294635772705,2.1248764991760254,0.5176725387573242,2.1248764991760254,0.5176725387573242,2.5700531005859375,1.1530814170837402
884,565,-3.0919148921966553,-3.604259967803955,0.8042488841712474,1.4106605247780677,0.5054676510766156,2.3117740154266357,2.9962496757507324,2.3117740154266357,2.9962496757507324,3.1846706867218018,2.9962496757507324,2.086528778076172,0.7719740867614746,2.086528778076172,0.7719740867614746,2.541389226913452,1.3602827787399292
885,565,-2.8691775798797607,-2.9979617595672607,0.6585937441637114,1.150476431970795,0.4549615668257081,1.9053372144699097,2.3549816608428955,1.9053372144699097,2.3549816608428955,2.4530935287475586,2.3549816608428955,1.7919347286224365,0.5758557319641113,1.7919347286224365,0.5758557319641113,2.073458194732666,1.0811843872070312
886,565,-3.448099374771118,-2.8455450534820557,0.5279792175193619,1.090470506896576,0.40440678854783396,1.865821361541748,2.272630214691162,1.865821361541748,2.272630214691162,2.350928783416748,2.272630214691162,1.781760573387146,0.561098575592041,1.781760573387146,0.561098575592041,2.027195453643799,1.0243827104568481
887,565,-0.4204893112182617,-2.8795809745788574,0.7313798879583673,0.9243079779793819,0.37226164949437046,1.5761961936950684,2.4387426376342773,1.5761961936950684,2.4387426376342773,2.5058422088623047,2.4387426376342773,1.5761961936950684,0.562190055847168,1.5761961936950684,0.562190055847168,2.007469415664673,1.0149351358413696
888,565,-3.5664584636688232,-2.468477249145508,0.06191614845146676,1.3151461309442916,0.4364825118953981,2.6397674083709717,1.8771226406097412,2.6397674083709717,1.8771226406097412,3.609848737716675,2.3706247806549072,1.8314515352249146,0.09164762496948242,1.8314515352249146,0.09164762496948242,2.0420095920562744,0.4817109704017639
889,565,-2.2559773921966553,-1.6548151969909668,0.7654477754483621,0.3138343293716509,0.4043494146565596,1.029323935508728,0.7720063328742981,1.029323935508728,0.7720063328742981,2.7585341930389404,1.5674324035644531,0.7720063328742981,0.2186441421508789,0.7720063328742981,0.2186441421508789,1.091408610343933,0.31834787130355835
890,565,-1.336408257484436,-2.4291114807128906,0.5235414662957188,1.191270866170526,0.07242812268435972,2.2143354415893555,2.2627553939819336,2.2143354415893555,2.2627553939819336,3.861924171447754,2.2627553939819336,1.4866985082626343,0.07252049446105957,1.4866985082626343,0.07252049446105957,1.8747270107269287,0.5000404715538025
891,565,-1.737346887588501,-2.065565347671509,0.18025958552956567,0.6236449723690749,0.4964807222783565,1.6100680828094482,1.5550875663757324,1.6100680828094482,1.5550875663757324,2.058164119720459,1.9298323392868042,1.2658518552780151,0.3204416036605835,1.2658518552780151,0.3204416036605835,1.3762340545654297,0.7057040929794312
892,565,-0.9217073917388916,-1.4672174453735352,0.25427626747638016,0.16478868294507243,0.23440981782972808,0.47900390625,0.40701043605804443,0.47900390625,0.40701043605804443,1.1023961305618286,1.3999526500701904,0.40701043605804443,0.7223875522613525,0.40701043605804443,0.7223875522613525,0.6333383321762085,0.7891559600830078
893,565,-1.8279271125793457,-1.3670666217803955,0.02570362959057082,0.354514876753092,0.0870683719590305,1.1447083950042725,1.0489040613174438,1.1447083950042725,1.0489040613174438,1.2637555599212646,1.2603570222854614,0.8402596116065979,0.25778627395629883,0.8402596116065979,0.25778627395629883,0.9010604619979858,0.40215790271759033
894,565,-0.45618826150894165,-1.0864357948303223,0.2984372357527412,0.08772285529722768,0.09125558505455664,0.5891514420509338,0.4052162766456604,0.5891514420509338,0.4052162766456604,1.043312907218933,1.031661033630371,0.4052162766456604,0.44744110107421875,0.4052162766456604,0.44744110107421875,0.5236969590187073,0.4495886266231537
895,565,-0.38146471977233887,-0.9773796796798706,0.1339279609918595,0.3557035534083845,0.01950527682900438,1.0655184984207153,0.7227024435997009,1.0655184984207153,0.7227024435997009,1.2330163717269897,0.7227024435997009,0.5829477906227112,0.14509886503219604,0.5829477906227112,0.14509886503219604,0.652825117111206,0.2142505943775177
896,565,-2.1651456356048584,-0.54049152135849,0.10098147924989465,0.36289686370640994,0.1716583645343781,0.20869988203048706,0.2398984432220459,0.20869988203048706,0.2398984432220459,0.5309135913848877,0.48735517263412476,0.18221968412399292,0.06407833099365234,0.18221968412399292,0.06407833099365234,0.28137075901031494,0.19344952702522278
897,565,-0.27485188841819763,-0.869369626045227,0.4124045025557278,0.3263435437437146,0.0425643336214126,0.9158706068992615,0.581758439540863,0.9158706068992615,0.581758439540863,1.0645264387130737,0.7325025796890259,0.581758439540863,0.0054552555084228516,0.581758439540863,0.0054552555084228516,0.6571304798126221,0.07174235582351685
898,565,-1.9154409170150757,-1.1249710321426392,0.1850811108698449,0.5738687998677295,0.0611871975039443,1.5834133625030518,1.0138825178146362,1.5834133625030518,1.0138825178146362,1.6541342735290527,1.0138825178146362,0.9467406868934631,0.06031596660614014,0.9467406868934631,0.06031596660614014,0.9803116321563721,0.10548976063728333
899,565,-1.3009920120239258,-0.9545674324035645,0.2871843157832821,0.5068787772456805,0.18931113505115105,0.13958895206451416,0.5107709169387817,0.13958895206451416,0.5107709169387817,0.6889086961746216,0.5107709169387817,0.13958895206451416,0.14068543910980225,0.13958895206451416,0.14068543910980225,0.32517993450164795,0.45968857407569885
900,565,-1.3635669946670532,-1.3427681922912598,0.13256003469228722,0.362924819290638,0.1555251912027597,1.217203140258789,1.2151148319244385,1.217203140258789,1.2151148319244385,1.2210389375686646,1.253568410873413,0.8486568331718445,0.39422160387039185,0.8486568331718445,0.39422160387039185,0.8552315831184387,0.42225345969200134
901,565,-0.35780414938926697,-1.283053994178772,0.11768523898596583,0.02930119041974344,0.15875101714084527,0.3404048681259155,1.187971830368042,0.3404048681259155,1.187971830368042,0.7922036647796631,1.187971830368042,0.27314722537994385,0.6210085153579712,0.27314722537994385,0.6210085153579712,0.472678542137146,0.752741813659668
902,565,-0.39748701453208923,-0.9921658635139465,0.11918069037298365,0.06289365320776909,0.0364021906567117,0.08969742059707642,0.08969742059707642,0.08969742059707642,0.08969742059707642,1.034828782081604,0.6939565539360046,0.08969742059707642,0.1961503028869629,0.08969742059707642,0.1961503028869629,0.3918269872665405,0.48370808362960815
903,565,-0.32775312662124634,-0.5776220560073853,0.1333002144346636,0.31775884224722784,0.07020681255807487,0.1192561686038971,0.20450827479362488,0.1192561686038971,0.20450827479362488,0.2128991186618805,0.20450827479362488,0.1192561686038971,0.16091105341911316,0.1192561686038971,0.16091105341911316,0.161882221698761,0.2208300232887268
904,565,0.28054100275039673,-0.34369710087776184,0.20175381206596898,0.3456349149967233,0.07176777715484317,0.15202440321445465,0.22490093111991882,0.15202440321445465,0.22490093111991882,0.2471812218427658,0.22490093111991882,0.12987270951271057,0.014439105987548828,0.12987270951271057,0.014439105987548828,0.1773868203163147,0.06560525298118591
905,565,0.8175850510597229,-0.2134506106376648,0.34605963852256527,0.37042504224926226,0.12574019595980657,0.2930149435997009,0.024470418691635132,0.2930149435997009,0.024470418691635132,0.20404741168022156,0.024470418691635132,0.10678284615278244,0.06386715173721313,0.10678284615278244,0.06386715173721313,0.06562663614749908,0.04435175657272339
906,565,-0.11892134696245193,0.1701653152704239,0.4573202616969745,0.6832737464706102,0.08471706534425438,0.10336004197597504,0.3012251853942871,0.10336004197597504,0.3012251853942871,0.09404480457305908,0.3012251853942871,0.11777755618095398,0.06699156761169434,0.11777755618095398,0.06699156761169434,0.20950137078762054,0.11059097945690155
907,565,2.1584689617156982,0.19115705788135529,0.3094400585442779,0.8579208765178921,0.22544900611042973,0.33499568700790405,0.29360470175743103,0.33499568700790405,0.29360470175743103,0.01277652382850647,0.29360470175743103,0.33499568700790405,0.04994902014732361,0.33499568700790405,0.04994902014732361,0.31430017948150635,0.029029875993728638
908,565,0.6432461738586426,0.6024223566055298,1.0539818005512158,0.4451621694738668,0.32452883301923685,0.7411483526229858,0.7411483526229858,0.7411483526229858,0.7411483526229858,0.26172107458114624,0.6875342726707458,0.7411483526229858,0.21218526363372803,0.7411483526229858,0.21218526363372803,0.7143412828445435,0.18650174140930176
909,565,1.1252299547195435,0.760138988494873,0.4493869291990995,1.3104026954993606,0.13802244979888179,0.8118419647216797,0.9590837359428406,0.8118419647216797,0.9590837359428406,0.6308619976043701,0.9590837359428406,0.8118419647216797,0.02825796604156494,0.8118419647216797,0.02825796604156494,0.8854628801345825,0.09108841419219971
910,565,-0.4410974085330963,1.0684303045272827,0.7578642144054173,0.792605934739113,0.5847080416232346,0.42969512939453125,0.8138902187347412,0.42969512939453125,0.8138902187347412,0.38546669483184814,0.8138902187347412,0.3074522018432617,0.5675922632217407,0.3074522018432617,0.5675922632217407,0.5606712102890015,0.7340906262397766
911,565,0.9313933849334717,0.23299381136894226,0.18725233349328274,0.9353963569489616,0.19114707229038075,0.4003027379512787,0.2500065565109253,0.4003027379512787,0.2500065565109253,0.4114474952220917,0.31800419092178345,0.4003027379512787,0.16515043377876282,0.4003027379512787,0.16515043377876282,0.4223082363605499,0.12911175191402435
912,565,-0.2397308647632599,0.25728920102119446,0.6030318573862314,0.27936372451484204,0.37997154377400866,0.25224021077156067,0.32129526138305664,0.25224021077156067,0.32129526138305664,0.39611586928367615,0.27410992980003357,0.32129526138305664,0.16918212175369263,0.32129526138305664,0.16918212175369263,0.3837831914424896,0.10626232624053955
913,565,0.35242798924446106,0.1465766429901123,0.24005995156864335,0.9424037787566582,0.08552853743235311,0.3004380464553833,0.2436392605304718,0.3004380464553833,0.2436392605304718,0.019469380378723145,0.2436392605304718,0.3004380464553833,0.06815549731254578,0.3004380464553833,0.06815549731254578,0.27203863859176636,0.10446229577064514
914,565,-0.07696536183357239,-0.04049992561340332,0.4893685544778905,0.39733221040417743,0.3808153613035876,0.0793178528547287,0.12346982955932617,0.0793178528547287,0.12346982955932617,0.7660831809043884,0.024495936930179596,0.12346982955932617,0.1474633812904358,0.12346982955932617,0.1474633812904358,0.07398287951946259,0.09411714971065521
915,565,-2.4963502883911133,-0.022754967212677002,0.2983230434109768,0.8229173536164065,0.14247337109719727,0.11967445909976959,0.09835578501224518,0.11967445909976959,0.09835578501224518,0.01666603982448578,0.09835578501224518,0.11967445909976959,0.03834311664104462,0.11967445909976959,0.03834311664104462,0.10901512205600739,0.05038014426827431
916,565,-0.22045619785785675,-1.0610250234603882,0.4238569956272843,0.5214205359667541,0.2247779361903669,0.1383826732635498,0.8889675140380859,0.1383826732635498,0.8889675140380859,1.8997070789337158,0.8889675140380859,0.022447586059570312,0.026563286781311035,0.022447586059570312,0.026563286781311035,0.4557075500488281,0.4135690927505493
917,565,-1.7515318393707275,-1.1913995742797852,0.26194861235717914,0.5170723048349223,0.2713480328271787,1.999262809753418,1.0897178649902344,1.999262809753418,1.0897178649902344,2.0171031951904297,1.0993648767471313,1.0308412313461304,0.06558799743652344,1.0308412313461304,0.06558799743652344,1.03511643409729,0.07416015863418579
918,565,-0.8846072554588318,-0.8410497903823853,0.10593300419549145,0.5632212037344775,0.14636639955143138,0.10724139213562012,0.3893583416938782,0.10724139213562012,0.3893583416938782,0.24426943063735962,0.7677579522132874,0.10724139213562012,0.2970666289329529,0.10724139213562012,0.2970666289329529,0.190662682056427,0.4874947965145111
919,565,-0.03308750316500664,-1.218360185623169,0.03039144288127621,0.20565468062336245,0.16263692607482266,1.4244979619979858,1.0551073551177979,1.4244979619979858,1.0551073551177979,1.4380031824111938,1.0842267274856567,0.8363316059112549,0.2512340545654297,0.8363316059112549,0.2512340545654297,0.8441820740699768,0.2718627452850342
920,565,-1.6180380582809448,-0.6974043846130371,0.2544066123540203,0.1714236885185042,0.07141371821363773,0.006166517734527588,0.006166517734527588,0.006166517734527588,0.006166517734527588,0.7110387682914734,0.4039261043071747,0.006166517734527588,0.30427753925323486,0.006166517734527588,0.30427753925323486,0.20504631102085114,0.48313140869140625
921,565,0.5582134127616882,-0.6905587911605835,0.15442680070797604,0.550549690624078,0.05761394341786691,0.0121498703956604,0.4049639105796814,0.0121498703956604,0.4049639105796814,0.7025694251060486,0.4049639105796814,0.0121498703956604,0.07361435890197754,0.0121498703956604,0.07361435890197754,0.2085568904876709,0.3158750534057617
922,565,-0.28416571021080017,-0.6668901443481445,0.41874140957991274,0.2017111396541198,0.1997093640516201,0.1476893424987793,0.1476893424987793,0.1476893424987793,0.1476893424987793,1.2970812320709229,0.5442664623260498,0.1476893424987793,0.00736236572265625,0.1476893424987793,0.00736236572265625,0.34597790241241455,0.35119879245758057
923,565,0.40421971678733826,-0.04567061364650726,0.22146763895948718,0.689363156085213,0.03461996185282856,0.19957968592643738,0.1474916636943817,0.19957968592643738,0.1474916636943817,0.004442527890205383,0.1474916636943817,0.19957968592643738,0.06966115534305573,0.19957968592643738,0.06966115534305573,0.17353567481040955,0.11477391421794891
924,565,0.27992042899131775,-0.022824468091130257,0.3988832217299688,0.44233712694918126,0.3442153148756675,0.4587254524230957,0.01996317319571972,0.4587254524230957,0.01996317319571972,0.366853803396225,0.01996317319571972,0.11786584556102753,0.13199348747730255,0.11786584556102753,0.13199348747730255,0.0689145103096962,0.19046953320503235
925,565,0.8228117227554321,0.1553826481103897,0.35970843563477184,0.7505855861927072,0.15844062759230537,0.19205984473228455,0.2484552413225174,0.19205984473228455,0.2484552413225174,0.2229081690311432,0.2484552413225174,0.19205984473228455,0.04128080606460571,0.19205984473228455,0.04128080606460571,0.22025755047798157,0.03404194861650467
926,565,-0.02505539171397686,0.32022109627723694,0.48480914957821364,0.6067898439243437,0.2372943423315883,0.10498067736625671,0.3388320803642273,0.10498067736625671,0.3388320803642273,0.1386381983757019,0.3388320803642273,0.10885441303253174,0.08582153916358948,0.10885441303253174,0.08582153916358948,0.22384324669837952,0.18793444335460663
927,565,-0.6932330131530762,0.24317726492881775,0.303071648130814,0.8949172009776039,0.2121883878360189,0.3102593719959259,0.3043479919433594,0.3102593719959259,0.3043479919433594,0.12153321504592896,0.3043479919433594,0.3102593719959259,0.03447994589805603,0.3102593719959259,0.03447994589805603,0.30730366706848145,0.03163155913352966
928,565,0.8685388565063477,-0.13374806940555573,0.10741204958409067,0.5628739986196161,0.2416450579464436,0.27682220935821533,0.24513272941112518,0.27682220935821533,0.24513272941112518,0.2073788046836853,0.14118565618991852,0.008838728070259094,0.2360983043909073,0.008838728070259094,0.2360983043909073,0.03364097326993942,0.18415796756744385
929,565,-1.1340450048446655,-0.09302039444446564,0.4639273641010123,0.2662290737529596,0.21666870688398698,0.19924567639827728,0.19924567639827728,0.19924567639827728,0.19924567639827728,0.5691027045249939,0.08697216212749481,0.19924567639827728,0.0049608200788497925,0.19924567639827728,0.0049608200788497925,0.14310891926288605,0.14839759469032288
930,565,-0.046510957181453705,-0.30681926012039185,0.08464695331950955,0.8443126233170428,0.06320378045241037,0.31100010871887207,0.018960624933242798,0.31100010871887207,0.018960624933242798,0.3854510188102722,0.018960624933242798,0.31100010871887207,0.025892913341522217,0.31100010871887207,0.025892913341522217,0.16498036682605743,0.2196846902370453
931,565,-1.8119221925735474,-0.4082602560520172,0.2610177003840607,0.021782253657778305,0.3140090459833543,0.11709055304527283,0.3099637031555176,0.11709055304527283,0.3099637031555176,0.1201859712600708,0.3099637031555176,0.11709055304527283,0.4326823353767395,0.11709055304527283,0.4326823353767395,0.11102867126464844,0.4406087100505829
932,565,0.9246106147766113,-0.7151750326156616,0.2801918401320776,0.41379550988475494,0.03357712243994071,0.01923733949661255,0.5247939825057983,0.01923733949661255,0.5247939825057983,0.9442846775054932,0.5247939825057983,0.01923733949661255,0.06684988737106323,0.01923733949661255,0.06684988737106323,0.27201566100120544,0.33402344584465027
933,565,0.1988200545310974,-0.751689076423645,0.48339349282284544,0.4509096545601883,0.22262503349532697,0.21160143613815308,0.21160143613815308,0.21160143613815308,0.21160143613815308,1.523611307144165,0.6587668657302856,0.21160143613815308,0.01168149709701538,0.21160143613815308,0.01168149709701538,0.43518415093421936,0.4348837435245514
934,565,-0.13974303007125854,0.019377976655960083,0.2409496105959018,0.8809927477439243,0.19923082056144847,0.3381586968898773,0.3655989468097687,0.3381586968898773,0.3655989468097687,0.26933929324150085,0.3655989468097687,0.3381586968898773,0.3315812647342682,0.3381586968898773,0.3315812647342682,0.351878821849823,0.301511287689209
935,565,-0.2543567717075348,0.06764353811740875,0.24089665306111196,0.5844132290532191,0.27590447088082615,0.2051626294851303,0.03150308132171631,0.2051626294851303,0.03150308132171631,0.10815730690956116,0.14031359553337097,0.07965362071990967,0.049106448888778687,0.07965362071990967,0.049106448888778687,0.12808597087860107,0.05378582328557968
936,565,-0.8654637932777405,-0.1084984764456749,0.17325930681700508,0.43465979729468607,0.12871590668956456,0.15250328183174133,0.12354262918233871,0.15250328183174133,0.12354262918233871,0.3670625388622284,0.12354262918233871,0.046873267740011215,0.02223614603281021,0.046873267740011215,0.02223614603281021,0.08520794659852982,0.035801105201244354
937,565,1.4031707048416138,-0.396450936794281,0.04468358884255108,0.4231749589617052,0.08976034513364228,0.1477796733379364,0.3168262839317322,0.1477796733379364,0.3168262839317322,0.14874348044395447,0.3277558386325836,0.10374325513839722,0.20691487193107605,0.10374325513839722,0.20691487193107605,0.10455125570297241,0.21294891834259033
938,565,-1.1070395708084106,-0.16633868217468262,0.5563016166972617,0.14418703744808825,0.1988509824934107,0.31666576862335205,0.31666576862335205,0.31666576862335205,0.31666576862335205,0.08342090249061584,0.09046811610460281,0.31666576862335205,0.3791722059249878,0.31666576862335205,0.3791722059249878,0.2978070080280304,0.40713393688201904
939,565,0.7994378209114075,-0.10577661544084549,0.07781431226680668,0.9599954554935295,0.015398204264541526,0.4571455717086792,0.21262112259864807,0.4571455717086792,0.21262112259864807,0.29138073325157166,0.21262112259864807,0.4571455717086792,0.11293914914131165,0.4571455717086792,0.11293914914131165,0.33488333225250244,0.2863198518753052
940,565,-0.9035516977310181,-0.20097917318344116,0.41682621950225424,0.08554852530301993,0.2871990300342441,0.0548403263092041,0.22724732756614685,0.0548403263092041,0.22724732756614685,0.18156352639198303,0.1383359134197235,0.22724732756614685,0.4834156334400177,0.22724732756614685,0.4834156334400177,0.26796454191207886,0.3878086805343628
941,565,0.37063100934028625,-0.06045995652675629,0.003915250115096525,0.7874366183578968,0.03366220843046919,0.2670242190361023,0.11502140760421753,0.2670242190361023,0.11502140760421753,0.10022179782390594,0.011320054531097412,0.2670242190361023,0.1667843908071518,0.2670242190361023,0.1667843908071518,0.2576012909412384,0.21679788827896118
942,565,-1.3146382570266724,-0.3533668518066406,0.32125084063659104,0.04952409532542035,0.3394272646370036,0.13793373107910156,0.23566797375679016,0.13793373107910156,0.23566797375679016,0.12579023838043213,0.23566797375679016,0.13793373107910156,0.4205971956253052,0.13793373107910156,0.4205971956253052,0.1778300702571869,0.37136250734329224
943,565,0.24422430992126465,-0.1805378794670105,0.11883108305434381,0.6838973226522403,0.025645030376812095,0.17163676023483276,0.07275542616844177,0.17163676023483276,0.07275542616844177,0.32561129331588745,0.07275542616844177,0.17163676023483276,0.007271945476531982,0.17163676023483276,0.007271945476531982,0.12219609320163727,0.18423157930374146
944,565,-0.2815515100955963,-0.5096157789230347,0.28114302141591896,0.1464286337979137,0.19901162598282107,0.029600024223327637,0.06164717674255371,0.029600024223327637,0.06164717674255371,0.07072150707244873,0.3825514316558838,0.06164717674255371,0.4889037311077118,0.06164717674255371,0.4889037311077118,0.0814075767993927,0.46443894505500793
945,565,1.1210603713989258,-0.24233068525791168,0.15900547794997716,0.5976797041296958,0.08132777802646163,0.08742080628871918,0.031070008873939514,0.08742080628871918,0.031070008873939514,0.06566855311393738,0.031070008873939514,0.08742080628871918,0.18223227560520172,0.08742080628871918,0.18223227560520172,0.059245407581329346,0.22630321979522705
946,565,0.7519754767417908,0.22244368493556976,0.522976606450975,0.3689474432170392,0.2724156536534429,0.29645293951034546,0.29645293951034546,0.29645293951034546,0.29645293951034546,0.2304144650697708,0.19424130022525787,0.29645293951034546,0.07795539498329163,0.29645293951034546,0.07795539498329163,0.24534711241722107,0.05276506394147873
947,565,2.085057020187378,0.6219888925552368,0.40098879686867184,1.037360687510421,0.10249005069335304,0.5263098478317261,0.669818639755249,0.5263098478317261,0.669818639755249,0.5967021584510803,0.669818639755249,0.5263098478317261,0.04101598262786865,0.5263098478317261,0.04101598262786865,0.5980642437934875,0.0917692631483078
948,565,1.094361662864685,1.1156487464904785,0.7827755205581586,0.7865941928947964,0.42693045383940165,0.2803223133087158,1.0739811658859253,0.2803223133087158,1.0739811658859253,0.5680996179580688,1.0739811658859253,0.39583855867385864,0.44542890787124634,0.39583855867385864,0.44542890787124634,0.7349098920822144,0.6736863851547241
949,565,2.1355392932891846,1.4839332103729248,0.7207967074215413,1.4041412676125764,0.34534160144627135,1.1473925113677979,1.5101534128189087,1.1473925113677979,1.5101534128189087,1.1812717914581299,1.5101534128189087,1.1473925113677979,0.21452867984771729,1.1473925113677979,0.21452867984771729,1.328773021697998,0.4225296974182129
950,565,0.7046176791191101,1.5581454038619995,1.003162343346824,0.9496548685183128,0.6644565442887449,1.0162649154663086,1.0162649154663086,1.0162649154663086,1.0162649154663086,1.0393407344818115,1.4392975568771362,1.0162649154663086,0.6156332492828369,1.0162649154663086,0.6156332492828369,1.2277812957763672,0.8622893691062927
951,565,1.0916439294815063,1.4260616302490234,0.5015268956745662,1.4922826540159684,0.4541236754196385,1.221535086631775,1.4466198682785034,1.221535086631775,1.4466198682785034,0.998159646987915,1.4466198682785034,1.221535086631775,0.3055989742279053,1.221535086631775,0.3055989742279053,1.3340774774551392,0.4251102805137634
952,565,0.6034262180328369,1.0552105903625488,0.5402331450829905,0.7830456163237491,0.5311187520126501,0.48115575313568115,0.9497106075286865,0.48115575313568115,0.9497106075286865,0.45528650283813477,0.9497106075286865,0.4448455572128296,0.448807954788208,0.4448455572128296,0.448807954788208,0.6972780823707581,0.597522497177124
953,565,-0.3839341998100281,0.7804743051528931,0.38026599023491126,0.8590846518054607,0.2696337489038707,0.5438274145126343,0.7544103860855103,0.5438274145126343,0.7544103860855103,0.5833450555801392,0.7544103860855103,0.5438274145126343,0.17281055450439453,0.5438274145126343,0.17281055450439453,0.6491189002990723,0.2680879235267639
954,565,0.884732723236084,0.09815053641796112,0.047467267128328605,0.7270036758730809,0.15794922954092405,0.04005173221230507,0.12367396056652069,0.04005173221230507,0.12367396056652069,0.08997252583503723,0.18778130412101746,0.22843067348003387,0.10830605030059814,0.22843067348003387,0.10830605030059814,0.24958071112632751,0.06796404719352722
955,565,0.05161984637379646,0.07004368305206299,0.3818927931785583,0.22321093074977405,0.232973891273141,0.26449573040008545,0.26449573040008545,0.26449573040008545,0.26449573040008545,0.298013836145401,0.14580057561397552,0.26449573040008545,0.1964075267314911,0.26449573040008545,0.1964075267314911,0.2968541383743286,0.13462628424167633
956,565,1.22670316696167,0.2901400029659271,0.17981569876894365,0.7180124707799402,0.0501482443418354,0.3015199303627014,0.31130215525627136,0.3015199303627014,0.31130215525627136,0.16106803715229034,0.31130215525627136,0.3015199303627014,0.05239063501358032,0.3015199303627014,0.05239063501358032,0.3064110279083252,0.04666109383106232
957,565,0.7632091641426086,0.34533634781837463,0.5275350390623013,0.3785052713627617,0.24733635789404307,0.35775795578956604,0.35775795578956604,0.35775795578956604,0.35775795578956604,0.16673532128334045,0.38169047236442566,0.35775795578956604,0.15497452020645142,0.35775795578956604,0.15497452020645142,0.36972421407699585,0.1675158590078354
958,565,1.4147374629974365,0.7455532550811768,0.47458586130291236,1.0797202460467816,0.17653108317404986,0.6468883156776428,0.8408228158950806,0.6468883156776428,0.8408228158950806,0.7205995917320251,0.8408228158950806,0.6468883156776428,0.02165400981903076,0.6468883156776428,0.02165400981903076,0.7438555955886841,0.14002998173236847
959,565,-0.07367293536663055,0.9816688299179077,0.6766917996605236,0.8147343922158081,0.3680466245611509,0.05973958969116211,0.9681965112686157,0.05973958969116211,0.9681965112686157,0.6697832345962524,0.9681965112686157,0.3923553228378296,0.2753715515136719,0.3923553228378296,0.2753715515136719,0.6802759170532227,0.4744725227355957
960,565,0.5769091844558716,0.6124858856201172,0.2601169161250193,0.9890044846882422,0.12247543205817579,0.6680278182029724,0.6443650126457214,0.6680278182029724,0.6443650126457214,0.17341244220733643,0.6443650126457214,0.6680278182029724,0.04084503650665283,0.6680278182029724,0.04084503650665283,0.6561964154243469,0.029014885425567627
961,565,0.329589307308197,0.15012231469154358,0.40849866953057534,0.3875481683698792,0.20551591223416232,0.10540640354156494,0.22854530811309814,0.10540640354156494,0.22854530811309814,0.9762762784957886,0.19673261046409607,0.22854530811309814,0.07075205445289612,0.22854530811309814,0.07075205445289612,0.2126389592885971,0.05350620299577713
962,565,0.5244090557098389,0.27595603466033936,0.303979431639115,0.7192581811795632,0.1246821329245964,0.2991390824317932,0.384450227022171,0.2991390824317932,0.384450227022171,0.3203151822090149,0.384450227022171,0.2991390824317932,0.004110097885131836,0.2991390824317932,0.004110097885131836,0.3417946696281433,0.0476570725440979
963,565,0.7681851387023926,0.3613865375518799,0.4098766250691066,0.5526743567517649,0.16102601510162162,0.03638660907745361,0.33296889066696167,0.03638660907745361,0.33296889066696167,0.20975644886493683,0.33296889066696167,0.14577816426753998,0.054856181144714355,0.14577816426753998,0.054856181144714355,0.23937353491783142,0.131353497505188
964,565,0.39533838629722595,0.4305500388145447,0.4317527980109056,0.696935943675538,0.20347520240892947,0.13509595394134521,0.47706902027130127,0.13509595394134521,0.47706902027130127,0.369446724653244,0.47706902027130127,0.24911066889762878,0.0319940447807312,0.24911066889762878,0.0319940447807312,0.3630898594856262,0.1408630907535553
965,565,1.1295660734176636,0.4609536826610565,0.36126572228968146,0.7903267308883368,0.1775559041090311,0.3573426604270935,0.4849969744682312,0.3573426604270935,0.4849969744682312,0.36444729566574097,0.4849969744682312,0.3573426604270935,0.03279125690460205,0.3573426604270935,0.03279125690460205,0.42116981744766235,0.09319537878036499
966,565,-0.3122141361236572,0.6191972494125366,0.563718714142839,0.6565851591030758,0.23471576246122505,0.19148290157318115,0.5911445617675781,0.19148290157318115,0.5911445617675781,0.22910216450691223,0.5911445617675781,0.22067216038703918,0.13777998089790344,0.22067216038703918,0.13777998089790344,0.40590834617614746,0.2890849709510803
967,565,-0.29420724511146545,0.4250275492668152,0.12224134032304135,1.0394154623957972,0.1926555106292166,0.44503140449523926,0.3518698811531067,0.44503140449523926,0.3518698811531067,0.43510231375694275,0.39362359046936035,0.44503140449523926,0.11493921279907227,0.44503140449523926,0.11493921279907227,0.4599887430667877,0.08693322539329529
968,565,-0.6894292235374451,-0.45913413166999817,0.17122414370377875,0.26835171041389294,0.1776049414773782,0.847658097743988,0.2648297846317291,0.847658097743988,0.2648297846317291,0.8798642158508301,0.29240477085113525,0.14872997999191284,0.1117183268070221,0.14872997999191284,0.1117183268070221,0.1774609088897705,0.12238848209381104
969,565,-0.008589738048613071,-0.39413416385650635,0.058967836027343956,0.38131188546617845,0.10287371469040713,0.14048731327056885,0.292358934879303,0.14048731327056885,0.292358934879303,0.14469921588897705,0.32212695479393005,0.14048731327056885,0.15455201268196106,0.14048731327056885,0.15455201268196106,0.14270414412021637,0.16873371601104736
970,565,-0.5964531898498535,-0.45098817348480225,0.2568416383241614,0.15205071547379084,0.15578130645056582,0.001980721950531006,0.001980721950531006,0.001980721950531006,0.001980721950531006,0.018188297748565674,0.3917534351348877,0.001980721950531006,0.3637503981590271,0.001980721950531006,0.3637503981590271,0.00890660285949707,0.37663671374320984
971,565,-0.9440459609031677,-0.14963454008102417,0.08101088047027616,0.5667842003703119,0.08429961755871745,0.003741160035133362,0.14105474948883057,0.003741160035133362,0.14105474948883057,0.04605273902416229,0.14086967706680298,0.003741160035133362,0.13720285892486572,0.003741160035133362,0.13720285892486572,0.015981309115886688,0.13709226250648499
972,565,-1.107171893119812,-0.6156051158905029,0.022000140920281575,0.18936321765184388,0.13685056023299685,0.6303092241287231,0.5371249914169312,0.6303092241287231,0.5371249914169312,0.6299997568130493,0.537146806716919,0.32200148701667786,0.21062025427818298,0.32200148701667786,0.21062025427818298,0.3218282461166382,0.21070967614650726
973,565,-2.319531202316284,-0.8854554891586304,0.0914528213472416,0.06285429387974244,0.15069491103912405,0.015666723251342773,0.8343567848205566,0.015666723251342773,0.8343567848205566,0.4335671067237854,0.8343567848205566,0.015666723251342773,0.5278602242469788,0.015666723251342773,0.5278602242469788,0.15658748149871826,0.6750773787498474
974,565,-0.018475286662578583,-1.3839887380599976,0.3808506981283427,0.07601104836910966,0.09704203594476002,0.6839083433151245,0.4979745149612427,0.6839083433151245,0.4979745149612427,0.9774954319000244,1.3711049556732178,0.4979745149612427,0.6983767747879028,0.4979745149612427,0.6983767747879028,0.5930057764053345,0.6997194886207581
975,565,-0.4636639356613159,-1.2306333780288696,0.22873302611211943,0.6638385587682327,0.005791939372817745,2.248440742492676,1.171876072883606,2.248440742492676,1.171876072883606,2.2516984939575195,1.171876072883606,1.1685727834701538,0.14542937278747559,1.1685727834701538,0.14542937278747559,1.1702244281768799,0.14821302890777588
976,565,-0.16541826725006104,-0.5162931680679321,0.0637102294511471,0.4552494342237091,0.211183885388697,0.008830070495605469,0.08432096242904663,0.008830070495605469,0.08432096242904663,0.3408887982368469,0.45781224966049194,0.008830070495605469,0.0758638083934784,0.008830070495605469,0.0758638083934784,0.17466768622398376,0.26202392578125
977,565,0.26383787393569946,-0.2892465591430664,0.16431072636197008,0.23390078189472352,0.15029182671258845,0.3544299602508545,0.23457664251327515,0.3544299602508545,0.23457664251327515,0.4361395537853241,0.23457664251327515,0.19268867373466492,0.0018783509731292725,0.19268867373466492,0.0018783509731292725,0.21363265812397003,0.02268587052822113
978,565,0.009274785406887531,-0.10578305274248123,0.23616494858016573,0.409049549860259,0.0738634624083837,0.30484262108802795,0.03162764757871628,0.30484262108802795,0.03162764757871628,0.2500236928462982,0.03162764757871628,0.08509299904108047,0.01272786408662796,0.08509299904108047,0.01272786408662796,0.058360323309898376,0.03091081976890564
979,565,0.9576776027679443,0.17677639424800873,0.18411860323200613,0.6632847816372911,0.13049136402706307,0.12093795835971832,0.12271861732006073,0.12093795835971832,0.12271861732006073,0.0747935026884079,0.12271861732006073,0.12093795835971832,0.012484803795814514,0.12093795835971832,0.012484803795814514,0.12182828783988953,0.011519379913806915
980,565,-0.7516554594039917,0.23761363327503204,0.4791518824795882,0.5131105386714141,0.22407830352584535,0.4091821312904358,0.31454575061798096,0.4091821312904358,0.31454575061798096,0.05710999667644501,0.31454575061798096,0.004021286964416504,0.04283428192138672,0.004021286964416504,0.04283428192138672,0.15928351879119873,0.1868389993906021
981,565,0.8203364610671997,0.13803783059120178,0.0019058572252594885,0.9525384134550887,0.14548298423488926,0.3304727077484131,0.13090531527996063,0.3304727077484131,0.13090531527996063,0.4446863830089569,0.13170264661312103,0.3304727077484131,0.22774097323417664,0.3304727077484131,0.22774097323417664,0.3303564786911011,0.2270335853099823
982,565,-0.7479617595672607,0.00697384774684906,0.4287443329890568,0.155783473265668,0.3353045115744073,0.23110389709472656,0.2778148055076599,0.23110389709472656,0.2778148055076599,0.3213331699371338,0.051879703998565674,0.2778148055076599,0.34554392099380493,0.2778148055076599,0.34554392099380493,0.3191022276878357,0.27274271845817566
983,565,0.2594509422779083,0.14443013072013855,0.060107832799355276,0.8212479473898809,0.017343098248044364,0.3408247232437134,0.1920316219329834,0.3408247232437134,0.1920316219329834,0.1348331868648529,0.1920316219329834,0.3408247232437134,0.06158807873725891,0.3408247232437134,0.06158807873725891,0.2664281725883484,0.16316011548042297
984,565,-1.6928449869155884,-0.3673800826072693,0.28899887328346585,0.12492661298563079,0.23885333934177932,0.07785284519195557,0.06693559885025024,0.07785284519195557,0.06693559885025024,0.04140859842300415,0.32493695616722107,0.06693559885025024,0.3948599100112915,0.06693559885025024,0.3948599100112915,0.07393088936805725,0.38871029019355774
985,565,0.11597374081611633,-0.3932035565376282,0.25368896404902136,0.6867629065488774,0.08747273401667693,0.08981454372406006,0.3211875557899475,0.08981454372406006,0.3211875557899475,0.7484824061393738,0.3211875557899475,0.08981454372406006,0.0010140538215637207,0.08981454372406006,0.0010140538215637207,0.20550104975700378,0.2529890835285187
986,565,-0.9677177667617798,-0.8278327584266663,0.19641923973492023,0.41594828647406135,0.19660323830010987,1.9382948875427246,0.8851000666618347,1.9382948875427246,0.8851000666618347,1.868962049484253,0.8802517652511597,0.9141059517860413,0.026384353637695312,0.9141059517860413,0.026384353637695312,0.9102764129638672,0.033003807067871094
987,565,-1.1503174304962158,-0.3061959445476532,0.030983145249386668,0.5268023640165727,0.017482036439081028,0.05916157364845276,0.0794372409582138,0.05916157364845276,0.0794372409582138,0.21405428647994995,0.0794372409582138,0.05916157364845276,0.07249066233634949,0.05916157364845276,0.07249066233634949,0.06929940730333328,0.202249214053154
988,565,-0.939738392829895,-0.8162112832069397,0.1468895885689806,0.03539473274877919,0.17296001044878123,0.0038672685623168945,0.815835177898407,0.0038672685623168945,0.815835177898407,0.5097231864929199,0.815835177898407,0.0038672685623168945,0.5531772375106812,0.0038672685623168945,0.5531772375106812,0.1332140862941742,0.68854820728302
989,565,-0.718138575553894,-0.8664835095405579,0.07389915390561039,0.13175378490860257,0.013333026127268915,0.6543267965316772,0.7147427797317505,0.6543267965316772,0.7147427797317505,0.797886312007904,0.7147427797317505,0.5671818852424622,0.10611587762832642,0.5671818852424622,0.10611587762832642,0.6409623622894287,0.21174249053001404
990,565,-1.3863879442214966,-0.8435793519020081,0.05507921128223357,0.03135086120416726,0.043803707237044937,0.1291080117225647,0.1291080117225647,0.1291080117225647,0.1291080117225647,0.37133529782295227,0.8266721963882446,0.1291080117225647,0.5301815271377563,0.1291080117225647,0.5301815271377563,0.22772789001464844,0.5936053395271301
991,565,-1.1584317684173584,-0.842683732509613,0.19445685680955654,0.045316162891686024,0.07327405564486975,0.4240167438983917,0.2867279052734375,0.4240167438983917,0.2867279052734375,0.5152549743652344,0.7616878747940063,0.2867279052734375,0.4054223299026489,0.2867279052734375,0.4054223299026489,0.31301507353782654,0.41927313804626465
992,565,-1.393836498260498,-1.1823514699935913,0.17379054329668453,0.26149235072856153,0.07511764912555591,0.9541612863540649,0.9251789450645447,0.9541612863540649,0.9251789450645447,1.263795018196106,0.9251789450645447,0.699743926525116,0.03292739391326904,0.699743926525116,0.03292739391326904,0.8124614357948303,0.17964574694633484
993,565,0.06739405542612076,-1.0549715757369995,0.20195626088107638,0.10493907403821756,0.02120424720148223,0.30466020107269287,0.26378393173217773,0.30466020107269287,0.26378393173217773,0.8040717840194702,0.7725023031234741,0.26378393173217773,0.13491249084472656,0.26378393173217773,0.13491249084472656,0.5181431174278259,0.38009321689605713
994,565,-2.1751768589019775,-0.988356351852417,0.14836581382900493,0.33195460468530663,0.02204868506640184,1.420912742614746,0.7744559049606323,1.420912742614746,0.7744559049606323,1.4084504842758179,0.7744559049606323,0.7863309383392334,0.06022530794143677,0.7863309383392334,0.06022530794143677,0.7803934216499329,0.052518099546432495
995,565,-1.0615781545639038,-0.5603665709495544,0.3437448301042121,0.5221628084530434,0.01573995263626171,0.03282707929611206,0.272215336561203,0.03282707929611206,0.272215336561203,0.4808039665222168,0.272215336561203,0.03282707929611206,0.037167489528656006,0.03282707929611206,0.037167489528656006,0.15252120792865753,0.28198716044425964
996,565,-1.0081136226654053,-1.3508288860321045,0.14339070081710836,0.6190850260108707,0.16649273596704006,1.8774676322937012,1.2117304801940918,1.8774676322937012,1.2117304801940918,1.8677046298980713,1.2047326564788818,0.9434418678283691,0.2697319984436035,0.9434418678283691,0.2697319984436035,0.9426535964012146,0.2643197774887085
997,565,0.3267970383167267,-1.255250334739685,0.11194263239080704,0.14592664147416737,0.17678649414951592,0.13159382343292236,1.0762062072753906,0.13159382343292236,1.0762062072753906,0.7356811761856079,1.0762062072753906,0.23961997032165527,0.1438068151473999,0.23961997032165527,0.1438068151473999,0.524323582649231,0.4190412759780884
998,565,0.06593170762062073,-0.5325695872306824,0.1366909368832906,0.12494555393854775,0.0010247336824735498,0.05231428146362305,0.05231428146362305,0.05231428146362305,0.05231428146362305,0.8458560109138489,0.3914872705936432,0.05231428146362305,0.14310145378112793,0.05231428146362305,0.14310145378112793,0.22190077602863312,0.3761202096939087
999,565,1.2680972814559937,0.04266858100891113,0.11010900029291704,0.42069141165663804,0.03359692151347793,0.13777479529380798,0.1504492163658142,0.13777479529380798,0.1504492163658142,0.10010561347007751,0.1504492163658142,0.13777479529380798,0.1317538022994995,0.13777479529380798,0.1317538022994995,0.1441120058298111,0.12175841629505157
1000,565,0.6195491552352905,0.2992456257343292,0.36410722313448785,0.3799277657270432,0.1694091189093888,0.6670160293579102,0.3413633108139038,0.6670160293579102,0.3413633108139038,0.30874326825141907,0.3413633108139038,0.03837400674819946,0.05554288625717163,0.03837400674819946,0.05554288625717163,0.18986865878105164,0.181281179189682
1001,565,-0.06342075020074844,0.7074072360992432,0.2575358377893766,0.8712359270950158,0.1251597665001949,0.5732142925262451,0.7194495797157288,0.5732142925262451,0.7194495797157288,0.5665934681892395,0.7194495797157288,0.5732142925262451,0.025380492210388184,0.5732142925262451,0.025380492210388184,0.6463319063186646,0.11705291271209717
1002,565,0.6725828051567078,0.23896312713623047,0.06670857705175881,0.6610936708375812,0.12364767406135785,0.013585954904556274,0.28829485177993774,0.013585954904556274,0.28829485177993774,0.034582093358039856,0.28606492280960083,0.3152026832103729,0.02953702211380005,0.3152026832103729,0.02953702211380005,0.30841028690338135,0.028846822679042816
1003,565,1.3778841495513916,0.07080432772636414,0.2517629248648882,0.22805551785975692,0.16162139479070903,0.1907876431941986,0.1907876431941986,0.1907876431941986,0.1907876431941986,0.18287357687950134,0.16143658757209778,0.1907876431941986,0.04221851006150246,0.1907876431941986,0.04221851006150246,0.1761121153831482,0.02574816718697548
1004,565,1.8100775480270386,0.6080170273780823,0.341816578557094,0.7179831735541423,0.1160426781078181,0.015842199325561523,0.5905694961547852,0.015842199325561523,0.5905694961547852,0.2608731985092163,0.5905694961547852,0.35629183053970337,0.018960237503051758,0.35629183053970337,0.018960237503051758,0.47343066334724426,0.14386475086212158
1005,565,2.2561452388763428,1.2084648609161377,0.613061236242453,1.0494593385855358,0.2735228559623162,0.579996645450592,1.3777472972869873,0.579996645450592,1.3777472972869873,1.1283624172210693,1.3777472972869873,0.8515018820762634,0.20416927337646484,0.8515018820762634,0.20416927337646484,1.1146246194839478,0.4289903938770294
1006,565,1.5442644357681274,2.0176072120666504,0.9312936036909618,1.0661863488207266,0.4009742822373905,0.7214447259902954,1.7919868230819702,0.7214447259902954,1.7919868230819702,1.5856122970581055,1.7919868230819702,0.9687780141830444,0.40841174125671387,0.9687780141830444,0.40841174125671387,1.3803824186325073,0.8237900137901306
1007,565,1.3457361459732056,1.6651068925857544,0.7717839343535404,1.1573061421575643,0.27124591636161033,1.132568359375,1.8395347595214844,1.132568359375,1.8395347595214844,1.5106121301651,1.8395347595214844,1.132568359375,0.3287692070007324,1.132568359375,0.3287692070007324,1.4860515594482422,0.6318112015724182
1008,565,0.17327381670475006,1.3731592893600464,0.5134789734085403,1.2636574747165041,0.18692385738094663,0.49193859100341797,1.5859742164611816,0.49193859100341797,1.5859742164611816,0.7061350345611572,1.5859742164611816,0.9753482341766357,0.24966824054718018,0.9753482341766357,0.24966824054718018,1.2806612253189087,0.4481370449066162
1009,565,0.3714948296546936,0.8148070573806763,0.21244523521512737,0.8313617614656685,0.3583606631681324,0.6065868139266968,0.7456647157669067,0.6065868139266968,0.7456647157669067,0.7699072957038879,0.9134244322776794,0.6954207420349121,0.06422942876815796,0.6954207420349121,0.06422942876815796,0.7818200588226318,0.1538028120994568
1010,565,0.5337589979171753,0.1750156283378601,0.18795009644081206,0.41598125459005436,0.07530631480117633,0.4146614670753479,0.2141033411026001,0.4146614670753479,0.2141033411026001,0.6720011830329895,0.2141033411026001,0.07468783855438232,0.008439779281616211,0.07468783855438232,0.008439779281616211,0.1443955898284912,0.05695304274559021
1011,565,2.2703163623809814,0.32358336448669434,0.2109864459683498,0.47788393159707393,0.153122329240044,0.10337592661380768,0.32879024744033813,0.10337592661380768,0.32879024744033813,0.24842162430286407,0.32879024744033813,0.18568594753742218,0.010871469974517822,0.18568594753742218,0.010871469974517822,0.25723809003829956,0.07854760438203812
1012,565,-0.373052179813385,0.9146623611450195,0.621943165138364,0.6053188222274184,0.21564145553857084,0.5876340866088867,0.5876340866088867,0.5876340866088867,0.5876340866088867,0.055930137634277344,0.8615353107452393,0.5876340866088867,0.09965050220489502,0.5876340866088867,0.09965050220489502,0.724584698677063,0.2338165044784546
1013,565,-0.09668273478746414,0.8326493501663208,0.028666951308647493,1.1937670330454906,0.09977480140825101,0.815754771232605,0.7213115096092224,0.815754771232605,0.7213115096092224,1.0069355964660645,0.7218740582466125,0.815754771232605,0.12762212753295898,0.815754771232605,0.12762212753295898,0.8052587509155273,0.12174177169799805
1014,565,0.9332536458969116,-0.333602637052536,0.022284718602895826,0.017508242726325923,0.16293332420289533,0.09951582551002502,0.3106440603733063,0.09951582551002502,0.3106440603733063,0.6619336605072021,0.3106440603733063,0.09951582551002502,0.16027233004570007,0.09951582551002502,0.16027233004570007,0.11197300255298615,0.17617054283618927
1015,565,1.1995012760162354,0.03845084086060524,0.206494493043671,0.30710951854164403,0.05497198174397144,0.48948538303375244,0.1269894540309906,0.48948538303375244,0.1269894540309906,0.2952190041542053,0.1269894540309906,0.047099512070417404,0.06031825765967369,0.047099512070417404,0.06031825765967369,0.08704448491334915,0.10654474049806595
1016,565,3.73720645904541,0.7051177024841309,0.3033645862092573,0.7606122885396084,0.12351133917768808,0.36314836144447327,0.715164065361023,0.36314836144447327,0.715164065361023,0.566308319568634,0.715164065361023,0.5189265012741089,0.018364429473876953,0.5189265012741089,0.018364429473876953,0.6170452833175659,0.11555500328540802
1017,565,1.7802330255508423,1.6189711093902588,0.9848131324599187,0.9585778831938903,0.3122546448061865,1.182415246963501,1.182415246963501,1.182415246963501,1.182415246963501,0.6599363684654236,1.6934611797332764,1.182415246963501,0.32803940773010254,1.182415246963501,0.32803940773010254,1.4379382133483887,0.6560662984848022
1018,565,1.1969585418701172,2.075706720352173,0.7329720732445517,1.6357550867150232,0.16116103722403397,1.5442469120025635,2.167705774307251,1.5442469120025635,2.167705774307251,1.487370491027832,2.167705774307251,1.5442469120025635,0.1172868013381958,1.5442469120025635,0.1172868013381958,1.8559763431549072,0.4580690860748291
1019,565,3.493774890899658,1.3958779573440552,0.5052710459978942,1.0287882018034966,0.4387883322142685,0.08989489078521729,1.4675365686416626,0.08989489078521729,1.4675365686416626,0.725295901298523,1.4675365686416626,0.9024006128311157,0.559073805809021,0.9024006128311157,0.559073805809021,1.1849685907363892,0.6910796165466309
1020,565,-0.8610787391662598,1.7815357446670532,0.9792644477635621,0.8017116929590704,0.5413524422794578,1.073486328125,1.073486328125,1.073486328125,1.073486328125,0.416748046875,1.7220542430877686,1.073486328125,0.574061393737793,1.073486328125,0.574061393737793,1.3977702856063843,0.8571337461471558
1021,565,0.2991551458835602,1.0162080526351929,0.16177591003477576,1.5903151556849477,0.03620347104966681,1.3193203210830688,1.0352864265441895,1.3193203210830688,1.0352864265441895,0.09489285945892334,1.0352864265441895,1.3193203210830688,0.09397423267364502,1.3193203210830688,0.09397423267364502,1.1773033142089844,0.23325783014297485
1022,565,1.5267112255096436,0.19491180777549744,0.1954679426550865,0.07066600345075136,0.6997215054184199,0.6680682897567749,0.2955538034439087,0.6680682897567749,0.2955538034439087,0.0010257959365844727,0.2955538034439087,0.6680682897567749,0.3616493046283722,0.6680682897567749,0.3616493046283722,0.7061099410057068,0.29248034954071045
1023,565,-2.0040476322174072,0.189329132437706,0.33681751761585466,0.44373424295336017,0.02821022734045986,0.40640634298324585,0.3431627154350281,0.40640634298324585,0.3431627154350281,0.23493649065494537,0.3431627154350281,0.14026354253292084,0.18662311136722565,0.14026354253292084,0.18662311136722565,0.24171313643455505,0.1355748474597931
1024,565,-0.2385379672050476,-0.04149920493364334,0.44357396837323904,0.9300628435984253,0.04491792492568514,0.551826536655426,0.07844705134630203,0.551826536655426,0.07844705134630203,0.7014761567115784,0.07844705134630203,0.551826536655426,0.03929039090871811,0.551826536655426,0.03929039090871811,0.31513679027557373,0.3660871684551239
1025,565,-0.5732630491256714,-0.8119686245918274,0.10296332320819312,0.608557063428064,0.30954908455411556,2.046093702316284,1.0186365842819214,2.046093702316284,1.0186365842819214,1.831796407699585,0.8469263315200806,0.9520028829574585,0.06789255142211914,0.9520028829574585,0.06789255142211914,0.8770831823348999,0.12277626991271973
1026,565,-1.1740838289260864,-0.599684476852417,0.05465602802733571,0.3536115399810178,0.20957101772849773,0.12325239181518555,0.19421535730361938,0.12325239181518555,0.19421535730361938,0.4932546019554138,0.478712260723114,0.12325239181518555,0.07761615514755249,0.12325239181518555,0.07761615514755249,0.2412026822566986,0.22296537458896637
1027,565,-0.17872174084186554,-0.6948184967041016,0.16611867186923832,0.14519258889059228,0.09621713573733989,0.45150184631347656,0.27077239751815796,0.45150184631347656,0.27077239751815796,0.8971259593963623,0.5639028549194336,0.27077239751815796,0.016361892223358154,0.27077239751815796,0.016361892223358154,0.4173376262187958,0.15880519151687622
1028,565,-0.5589035749435425,-0.8608877062797546,0.12263916006932635,0.2713432761033377,0.0791865429158014,1.190431833267212,0.7425969243049622,1.190431833267212,0.7425969243049622,1.218583345413208,0.7425969243049622,0.7120965123176575,0.059089720249176025,0.7120965123176575,0.059089720249176025,0.7273467183113098,0.07919886708259583
1029,565,-0.10624036192893982,-0.38613614439964294,0.034281324930488966,0.4880673898942769,0.0535035095922648,0.09622997045516968,0.16453692317008972,0.09622997045516968,0.16453692317008972,0.3126109540462494,0.4129602611064911,0.09622997045516968,0.07125771045684814,0.09622997045516968,0.07125771045684814,0.1860138177871704,0.19463708996772766
1030,565,-1.0333902835845947,-0.3240549862384796,0.14733364313840872,0.15629021186381584,0.10278908263891928,0.5545005798339844,0.34470707178115845,0.5545005798339844,0.34470707178115845,0.5775570273399353,0.34470707178115845,0.3220880925655365,0.014295786619186401,0.3220880925655365,0.014295786619186401,0.3333975672721863,0.026547536253929138
1031,565,0.12542866170406342,-0.4105933904647827,0.1137822620104999,0.4550541448313744,0.037372923474758735,0.0450059175491333,0.26874762773513794,0.0450059175491333,0.26874762773513794,0.4435938000679016,0.26874762773513794,0.0450059175491333,0.031373560428619385,0.0450059175491333,0.031373560428619385,0.15687677264213562,0.17267358303070068
1032,565,-0.13008813560009003,-0.6277346611022949,0.18742639166613392,0.15774482722083716,0.14482789618273584,0.028192520141601562,0.028192520141601562,0.028192520141601562,0.028192520141601562,1.1808260679244995,0.5815042853355408,0.028192520141601562,0.011976957321166992,0.028192520141601562,0.011976957321166992,0.30484840273857117,0.31255772709846497
1033,565,0.043644342571496964,-0.2288789451122284,0.12201724375287681,0.5216745879004399,0.031800121789177016,0.0648622214794159,0.044318199157714844,0.0648622214794159,0.044318199157714844,0.007290095090866089,0.044318199157714844,0.0648622214794159,0.1842835545539856,0.0648622214794159,0.1842835545539856,0.05459021031856537,0.2013201117515564
1034,565,-0.1983369141817093,-0.09446768462657928,0.1847616344317793,0.27584565091878177,0.11052072912454602,0.22744682431221008,0.06723849475383759,0.22744682431221008,0.06723849475383759,0.23664692044258118,0.06723849475383759,0.077606201171875,0.005472257733345032,0.077606201171875,0.005472257733345032,0.07242234796285629,0.010422836989164352
1035,565,0.25936079025268555,-0.043507903814315796,0.1318093489110469,0.45701821520924574,0.13535501360893243,0.024099767208099365,0.016096293926239014,0.024099767208099365,0.016096293926239014,0.010105744004249573,0.02683117985725403,0.024099767208099365,0.040114402770996094,0.024099767208099365,0.040114402770996094,0.0202488973736763,0.045540452003479004
1036,565,0.23654063045978546,-0.08226601034402847,0.22678442697972045,0.4135255281068385,0.1514157901890577,0.3550485670566559,0.06464730203151703,0.3550485670566559,0.06464730203151703,0.30075129866600037,0.06464730203151703,0.11894554644823074,0.003322303295135498,0.11894554644823074,0.003322303295135498,0.09179642796516418,0.030112382024526596
1037,565,-1.402018427848816,0.23526693880558014,0.24079417930915953,0.6179299362283199,0.11995617245323964,0.14465758204460144,0.1845959722995758,0.14465758204460144,0.1845959722995758,0.1805107295513153,0.1845959722995758,0.14465758204460144,0.025718078017234802,0.14465758204460144,0.025718078017234802,0.16462677717208862,0.023569323122501373
1038,565,0.7750365138053894,-0.30487483739852905,0.12756308394173776,0.6868351419021688,0.168252565016349,0.13494431972503662,0.24371346831321716,0.13494431972503662,0.24371346831321716,0.11930093169212341,0.22339999675750732,0.14969301223754883,0.39994552731513977,0.14969301223754883,0.39994552731513977,0.1420678198337555,0.39117369055747986
1039,565,0.41878214478492737,-0.6216772198677063,0.36813460731257985,0.3191480701106289,0.2148149258208772,0.19303321838378906,0.19303321838378906,0.19303321838378906,0.19303321838378906,1.599961757659912,0.702575147151947,0.19303321838378906,0.08019411563873291,0.19303321838378906,0.08019411563873291,0.44780418276786804,0.44467803835868835
1040,565,0.5788431167602539,0.18315809965133667,0.2062362359836698,0.8524879849888385,0.08224940551444893,0.33804085850715637,0.36638304591178894,0.33804085850715637,0.36638304591178894,0.34188681840896606,0.36638304591178894,0.33804085850715637,0.3488782048225403,0.33804085850715637,0.3488782048225403,0.35221195220947266,0.3103088140487671
1041,565,0.6455010771751404,0.48034560680389404,0.37021663899223023,0.801455696436266,0.3078311478222413,0.03063267469406128,0.36997339129447937,0.03063267469406128,0.36997339129447937,0.1221390962600708,0.36997339129447937,0.22089222073554993,0.10728880763053894,0.22089222073554993,0.10728880763053894,0.29543280601501465,0.1663849949836731
1042,565,1.1164188385009766,0.45983290672302246,0.33462819036096336,0.9068200341984629,0.2728378432244065,0.2841617166996002,0.45783063769340515,0.2841617166996002,0.45783063769340515,0.4167514443397522,0.45783063769340515,0.32409393787384033,0.05742555856704712,0.32409393787384033,0.05742555856704712,0.39096230268478394,0.1075756847858429
1043,565,0.6419715285301208,0.7246716022491455,0.5534612659737466,0.7142541403695941,0.3771776112914087,0.048604488372802734,0.5224952101707458,0.048604488372802734,0.5224952101707458,0.3626725673675537,0.5224952101707458,0.19730132818222046,0.15449482202529907,0.19730132818222046,0.15449482202529907,0.35989826917648315,0.28606200218200684
1044,565,1.5795608758926392,0.834187388420105,0.36096797041594986,1.102330475226044,0.2975352847576145,0.5263751745223999,0.6889549493789673,0.5263751745223999,0.6889549493789673,0.5638254880905151,0.6889549493789673,0.5263751745223999,0.09062814712524414,0.5263751745223999,0.09062814712524414,0.6076650619506836,0.13710808753967285
1045,565,0.34696832299232483,0.7278809547424316,0.5309534572437407,0.690933473780751,0.28296389292925594,0.09412014484405518,0.6391427516937256,0.09412014484405518,0.6391427516937256,0.2442464530467987,0.6391427516937256,0.2344132363796234,0.19192099571228027,0.2344132363796234,0.19192099571228027,0.4367780089378357,0.309015154838562
1046,565,0.73198401927948,0.9012557864189148,0.28147359720120835,1.2710187298121551,0.2656842613654833,0.7532980442047119,0.8376882672309875,0.7532980442047119,0.8376882672309875,0.5843445062637329,0.8376882672309875,0.7532980442047119,0.044147610664367676,0.7532980442047119,0.044147610664367676,0.7954931259155273,0.06559884548187256
1047,565,1.304886817932129,0.524914562702179,0.42146343341562886,0.5974401344615035,0.37051892908988515,0.2791035771369934,0.3589175045490265,0.2791035771369934,0.3589175045490265,0.30248749256134033,0.3589175045490265,0.1383708417415619,0.18244144320487976,0.1383708417415619,0.18244144320487976,0.2486441731452942,0.24461571872234344
1048,565,0.9188135266304016,0.7261195778846741,0.6229771767991283,0.8271420539605124,0.2604326566929618,0.054811954498291016,0.6802331209182739,0.054811954498291016,0.6802331209182739,0.419582724571228,0.6802331209182739,0.29128700494766235,0.10381966829299927,0.29128700494766235,0.10381966829299927,0.48576006293296814,0.26179689168930054
1049,565,2.267047643661499,0.8122463226318359,0.421329181253289,1.1094967978851247,0.3045046625224257,0.5862879753112793,0.7792942523956299,0.5862879753112793,0.7792942523956299,0.6941667795181274,0.7792942523956299,0.5862879753112793,0.09670400619506836,0.5862879753112793,0.09670400619506836,0.6827911138534546,0.13681620359420776
1050,565,0.036178674548864365,0.9960798621177673,0.5543849492942294,0.9840117884924015,0.41527969689418853,0.11738139390945435,0.7523638606071472,0.11738139390945435,0.7523638606071472,0.07676613330841064,0.7523638606071472,0.3235008716583252,0.27449750900268555,0.3235008716583252,0.27449750900268555,0.5379323959350586,0.3104950189590454
1051,565,-0.576346218585968,0.8151732087135315,0.3068156236503272,1.2816685457527637,0.271514966664836,0.6428731679916382,0.6565770506858826,0.6428731679916382,0.6565770506858826,0.16557496786117554,0.6565770506858826,0.6428731679916382,0.05113297700881958,0.6428731679916382,0.05113297700881958,0.649725079536438,0.054841697216033936
1052,565,-0.534328281879425,0.10643768310546875,0.08131999613096297,0.6292231204112371,0.4263413258021076,0.8723825216293335,0.1868373453617096,0.8723825216293335,0.1868373453617096,0.8041459321975708,0.0638917088508606,0.018391162157058716,0.20545712113380432,0.018391162157058716,0.20545712113380432,0.11921931058168411,0.123325876891613
1053,565,-0.9955565333366394,-0.5726567506790161,0.10395718569556878,0.20751824977497252,0.1715771676848333,0.8366682529449463,0.5812045335769653,0.8366682529449463,0.5812045335769653,0.8373419046401978,0.580498456954956,0.4304797053337097,0.14768710732460022,0.4304797053337097,0.14768710732460022,0.43109777569770813,0.1467610001564026
1054,565,-1.4737815856933594,-0.4997178912162781,0.022216055492560005,0.30145237493018306,0.10837396482626613,0.3254215717315674,0.5042732954025269,0.3254215717315674,0.5042732954025269,0.2874166965484619,0.5497931241989136,0.3254215717315674,0.18522310256958008,0.3254215717315674,0.18522310256958008,0.3086390495300293,0.20724794268608093
1055,565,-0.4830869436264038,-0.9541096687316895,0.13340528795340423,0.011581676021062942,0.13231258537077037,0.3854486346244812,0.25553977489471436,0.3854486346244812,0.25553977489471436,0.5062803030014038,0.9909852743148804,0.25553977489471436,0.6433049440383911,0.25553977489471436,0.6433049440383911,0.29567113518714905,0.6316549777984619
1056,565,-1.288079023361206,-1.2363206148147583,0.09074931356745483,0.40147730550107863,0.011804863537350996,1.5806572437286377,1.016245722770691,1.5806572437286377,1.016245722770691,1.6993184089660645,1.016245722770691,0.9294698238372803,0.13127386569976807,0.9294698238372803,0.13127386569976807,0.9728577733039856,0.17398583889007568
1057,565,-1.9605505466461182,-0.7860943675041199,0.07532810078312928,0.22756159218649055,0.049186992881198766,0.2746361494064331,0.4763069152832031,0.2746361494064331,0.4763069152832031,0.5555541515350342,0.4763069152832031,0.2746361494064331,0.12828344106674194,0.2746361494064331,0.12828344106674194,0.3754715323448181,0.3188503086566925
1058,565,-2.238260507583618,-1.2025960683822632,0.23821239276478656,0.200591294715802,0.09936729000260408,0.688057005405426,0.40121161937713623,0.688057005405426,0.40121161937713623,1.765209436416626,1.2169969081878662,0.40121161937713623,0.013711214065551758,0.40121161937713623,0.013711214065551758,0.8091042637825012,0.3711646795272827
1059,565,-2.0462167263031006,-1.7778010368347168,0.24966732499500122,0.6078900837649901,0.007510510434707074,1.5951048135757446,1.6374026536941528,1.5951048135757446,1.6374026536941528,2.097726821899414,1.6374026536941528,1.2673826217651367,0.13218355178833008,1.2673826217651367,0.13218355178833008,1.452392578125,0.3417617082595825
1060,565,-1.0663074254989624,-1.7065998315811157,0.20303268541892383,0.5902424008150897,0.048673450549443276,1.3207533359527588,1.5543746948242188,1.3207533359527588,1.5543746948242188,1.6904219388961792,1.5543746948242188,1.2093980312347412,0.11636638641357422,1.2093980312347412,0.11636638641357422,1.38188636302948,0.32728374004364014
1061,565,-4.625720500946045,-1.7749103307724,0.010113076195120696,0.5711114986613391,0.1973396776616576,1.7601498365402222,1.3671594858169556,1.7601498365402222,1.3671594858169556,1.818336844444275,1.874389886856079,1.2908018827438354,0.10273373126983643,1.2908018827438354,0.10273373126983643,1.4090635776519775,0.378481924533844
1062,565,-2.0675036907196045,-1.8249037265777588,0.6637560935070124,0.056367689097921336,0.0883783494432765,1.1245743036270142,0.6649999618530273,1.1245743036270142,0.6649999618530273,1.851993203163147,1.7944014072418213,0.6649999618530273,0.5546739101409912,0.6649999618530273,0.5546739101409912,0.8377590775489807,0.5968582034111023
1063,565,0.3087117671966553,-3.1185755729675293,0.2330930628130825,1.6447472162048022,0.016580016439159406,3.5845415592193604,2.6973118782043457,3.5845415592193604,2.6973118782043457,3.990119457244873,2.6973118782043457,2.3062760829925537,0.21230125427246094,2.3062760829925537,0.21230125427246094,2.50179386138916,0.46625661849975586
1064,565,-2.4124135971069336,-2.2888271808624268,0.2533019736657538,0.6441364972417549,0.8359829519068203,1.9252243041992188,2.374317169189453,1.9252243041992188,2.374317169189453,3.6467673778533936,2.374317169189453,1.0608036518096924,0.06256318092346191,1.0608036518096924,0.06256318092346191,1.7552961111068726,0.6623931527137756
1065,565,-1.0275222063064575,-0.6994917392730713,0.23018359916905562,0.829761644260337,0.12705265239502006,0.18163245916366577,0.07133013010025024,0.18163245916366577,0.07133013010025024,0.11904793977737427,0.07133013010025024,0.18163245916366577,0.04422450065612793,0.18163245916366577,0.04422450065612793,0.126481294631958,0.4097992777824402
1066,565,-0.622702956199646,-1.515541434288025,0.07813714991013226,0.6554502210269372,0.2485693701853357,1.961236596107483,1.6293877363204956,1.961236596107483,1.6293877363204956,1.9001010656356812,1.5653337240219116,1.2686275243759155,0.2829951047897339,1.2686275243759155,0.2829951047897339,1.251725435256958,0.2561264634132385
1067,565,-2.8605639934539795,-1.1511799097061157,0.06905934430658817,0.05510691944509738,0.22691502034664152,0.6028749346733093,1.146321415901184,0.6028749346733093,1.146321415901184,0.8221712112426758,1.146321415901184,0.34598004817962646,0.5664775967597961,0.34598004817962646,0.5664775967597961,0.4197986125946045,0.586522102355957
1068,565,0.35482579469680786,-1.01313054561615,0.38667373398939736,0.21159413849314035,0.052077532609303756,0.6784933805465698,0.4872280955314636,0.6784933805465698,0.4872280955314636,0.9658401608467102,0.8737986087799072,0.4872280955314636,0.03074502944946289,0.4872280955314636,0.03074502944946289,0.6805133819580078,0.15335774421691895
1069,565,-0.06496739387512207,-1.459202766418457,0.2818307159716883,0.9114525059734783,0.10699833313624085,2.1467807292938232,1.2745949029922485,2.1467807292938232,1.2745949029922485,2.0272204875946045,1.2745949029922485,1.346629023551941,0.16568565368652344,1.346629023551941,0.16568565368652344,1.3106119632720947,0.1136922836303711
1070,565,-1.687511920928955,-0.5896132588386536,0.14472699746799966,0.7840203871050229,0.503955108175675,0.17499256134033203,0.16731995344161987,0.17499256134033203,0.16731995344161987,0.8512901663780212,0.6210960149765015,0.17499256134033203,0.00602036714553833,0.17499256134033203,0.00602036714553833,0.39149656891822815,0.44290950894355774
1071,565,0.29107099771499634,-0.39935222268104553,0.19255788670852791,0.4406877271458509,0.22391375048086032,0.2517801523208618,0.4872387647628784,0.2517801523208618,0.4872387647628784,0.24646496772766113,0.43146753311157227,0.03503197431564331,0.44786280393600464,0.03503197431564331,0.44786280393600464,0.02859783172607422,0.4192739725112915
1072,565,-1.8253943920135498,-0.9484781622886658,0.22311657210191127,0.45405755319322183,0.2033741190594931,1.9373936653137207,0.9754720330238342,1.9373936653137207,0.9754720330238342,1.903724193572998,0.9754720330238342,1.0235410928726196,0.01710456609725952,1.0235410928726196,0.01710456609725952,0.9995065927505493,0.026980161666870117
1073,565,-1.4201716184616089,-0.6844636797904968,0.19701435832927605,0.6504050412525733,0.11438983901093391,0.161807119846344,0.18696239590644836,0.161807119846344,0.18696239590644836,0.5118570327758789,0.18696239590644836,0.161807119846344,0.2744449973106384,0.161807119846344,0.2744449973106384,0.17438475787639618,0.5243845582008362
1074,565,-0.4845314919948578,-1.3921185731887817,0.14676634599765176,0.5032740070422486,0.22059958482782033,2.106076240539551,1.4225085973739624,2.106076240539551,1.4225085973739624,2.0876145362854004,1.3783478736877441,1.0181032419204712,0.3231452703475952,1.0181032419204712,0.3231452703475952,1.0191707611083984,0.28981125354766846
1075,565,0.14581497013568878,-1.2879054546356201,0.042476922261218186,0.3211653379475077,0.17760357183714698,1.2831430435180664,0.8208653926849365,1.2831430435180664,0.8208653926849365,1.7556700706481934,1.3680436611175537,0.790574312210083,0.0318605899810791,0.790574312210083,0.0318605899810791,1.0191903114318848,0.21782198548316956
1076,565,-0.4436807334423065,-0.748841404914856,0.17360394889178402,0.21250462084698188,0.10161042189536001,0.7372943758964539,0.2991776764392853,0.7372943758964539,0.2991776764392853,0.7217763066291809,0.2991776764392853,0.3176833391189575,0.3500765562057495,0.3176833391189575,0.3500765562057495,0.3084304928779602,0.33526358008384705
1077,565,-0.5585610270500183,-0.108078733086586,0.09918763307233669,0.6503360179563362,0.22975110856195302,0.11407704651355743,0.037112221121788025,0.11407704651355743,0.037112221121788025,0.03087666630744934,0.08811269700527191,0.11407704651355743,0.07898713648319244,0.11407704651355743,0.07898713648319244,0.06463605165481567,0.14283522963523865
1078,565,-2.277514696121216,-0.27727606892585754,0.07592431052277493,0.28480288176486895,0.20145192424456276,0.4774177670478821,0.36532700061798096,0.4774177670478821,0.36532700061798096,0.45328789949417114,0.33374178409576416,0.20855143666267395,0.1495073437690735,0.20855143666267395,0.1495073437690735,0.19645285606384277,0.13358139991760254
1079,565,-0.015552733093500137,-0.7601301670074463,0.2736115718384583,0.21299088301757957,0.22385379048685247,0.5713869333267212,0.3907093405723572,0.5713869333267212,0.3907093405723572,0.7531611323356628,0.9064924716949463,0.3907093405723572,0.3510962128639221,0.3907093405723572,0.3510962128639221,0.43141573667526245,0.3237498700618744
1080,565,-1.4918487071990967,-1.3953132629394531,0.1970341466615598,0.7319541240607698,0.08694852477560411,2.1337392330169678,1.3099972009658813,2.1337392330169678,1.3099972009658813,2.1366586685180664,1.3099972009658813,1.3074954748153687,0.14142847061157227,1.3074954748153687,0.14142847061157227,1.308746337890625,0.14313381910324097
1081,565,-1.368201732635498,-0.82784503698349,0.11492504891008137,0.6141778950765728,0.28630685776472065,0.007965087890625,0.1550266146659851,0.007965087890625,0.1550266146659851,0.590629518032074,0.8841555714607239,0.007965087890625,0.14735668897628784,0.007965087890625,0.14735668897628784,0.18877258896827698,0.5110859870910645
1082,565,-0.10431155562400818,-1.237914800643921,0.11528294526040583,0.33262686111032935,0.20108036473393442,1.6435482501983643,1.1962038278579712,1.6435482501983643,1.1962038278579712,1.6431502103805542,1.1979539394378662,0.8940086960792542,0.2651251554489136,0.8940086960792542,0.2651251554489136,0.8939746618270874,0.2666466236114502
1083,565,-0.5767743587493896,-0.933119535446167,0.1604972604972622,0.17740300855288887,0.08823268999035178,1.2043349742889404,0.7101821303367615,1.2043349742889404,0.7101821303367615,1.2077029943466187,0.7101821303367615,0.7046496868133545,0.2727845311164856,0.7046496868133545,0.2727845311164856,0.7074159383773804,0.2835294306278229
1084,565,0.7633087635040283,-0.37077808380126953,0.04700933391849199,0.5442537449548642,0.0031416998555263698,0.059622496366500854,0.14344735443592072,0.059622496366500854,0.14344735443592072,0.20092661678791046,0.14344735443592072,0.059622496366500854,0.20059490203857422,0.059622496366500854,0.20059490203857422,0.10153492540121078,0.26489531993865967
1085,565,0.5039709806442261,-0.2056819349527359,0.41141617568209765,0.11004800511524082,0.21080964896827936,0.16744457185268402,0.16744457185268402,0.16744457185268402,0.16744457185268402,0.010545223951339722,0.21049371361732483,0.16744457185268402,0.35935044288635254,0.16744457185268402,0.35935044288635254,0.15811169147491455,0.37171873450279236
1086,565,-1.8537516593933105,0.33029496669769287,0.33947805812582377,0.8670238164812327,0.05851246194913995,0.3404916524887085,0.4607607126235962,0.3404916524887085,0.4607607126235962,0.39744293689727783,0.4607607126235962,0.3404916524887085,0.17996853590011597,0.3404916524887085,0.17996853590011597,0.40062618255615234,0.10177752375602722
1087,565,1.0642870664596558,-0.2168610841035843,0.27089013893778113,0.7465629479226966,0.2554881638040144,0.10773973166942596,0.3972328007221222,0.10773973166942596,0.3972328007221222,0.9127136468887329,0.3972328007221222,0.2289150208234787,0.023111462593078613,0.2289150208234787,0.023111462593078613,0.31307390332221985,0.3074587881565094
1088,565,0.6705774068832397,-0.6368086338043213,0.40685130179238804,0.4926966032261648,0.32918904206094624,1.7362149953842163,0.7548359036445618,1.7362149953842163,0.7548359036445618,1.6489111185073853,0.7548359036445618,0.9324589371681213,0.1510564684867859,0.9324589371681213,0.1510564684867859,0.8436474204063416,0.279897004365921
1089,141,-1.0890494585037231,-0.07643194496631622,0.20596728975574177,0.4205664191270867,0.6678254977737863,1.135948657989502,0.2758968770503998,1.135948657989502,0.2758968770503998,1.0369389057159424,0.2758968770503998,0.7649968266487122,0.22496525943279266,0.7649968266487122,0.22496525943279266,0.617416501045227,0.47030043601989746
1090,565,0.8364354968070984,0.165312722325325,0.08135174883529506,0.7981307999044653,0.33943843284621833,0.11628098785877228,0.05576100945472717,0.11628098785877228,0.05576100945472717,0.13005667924880981,0.06927920877933502,0.2924589514732361,0.3422088027000427,0.2924589514732361,0.3422088027000427,0.31540584564208984,0.3065679371356964
1091,565,0.5033653974533081,-0.13196490705013275,0.3967660455157359,0.129376047650973,0.4045671614756189,0.15011097490787506,0.1944774091243744,0.15011097490787506,0.1944774091243744,0.3439164161682129,0.1944774091243744,0.19943104684352875,0.5815127491950989,0.19943104684352875,0.5815127491950989,0.2887614667415619,0.4635028541088104
1092,565,0.46031513810157776,0.3269776403903961,0.21653150969184942,0.9185106739960611,0.025291688712313798,0.4222520887851715,0.4892546236515045,0.4222520887851715,0.4892546236515045,0.4449915289878845,0.4892546236515045,0.4222520887851715,0.2720195949077606,0.4222520887851715,0.2720195949077606,0.455753356218338,0.23333850502967834
1093,565,-1.3824951648712158,0.5366824269294739,0.33695385635520014,0.5518198702453325,0.43905428077715136,0.06209540367126465,0.3302047550678253,0.06209540367126465,0.3302047550678253,0.2877877354621887,0.5548455119132996,0.19201183319091797,0.1298031508922577,0.19201183319091797,0.1298031508922577,0.30972930788993835,0.2365536242723465
1094,565,1.0686172246932983,-0.08814999461174011,0.14590802419309812,0.6754597861847531,0.18660225815760567,0.22310376167297363,0.15764454007148743,0.22310376167297363,0.15764454007148743,0.1933446228504181,0.08881127834320068,0.2467440664768219,0.42577752470970154,0.2467440664768219,0.42577752470970154,0.23246440291404724,0.3946782946586609
1095,565,-0.23841169476509094,-0.4120890200138092,0.3219421940110623,0.32829920111224065,0.3253369424492122,1.6705975532531738,0.5901254415512085,1.6705975532531738,0.5901254415512085,1.6984494924545288,0.5448615550994873,0.7345700263977051,0.20878025889396667,0.7345700263977051,0.20878025889396667,0.6908737421035767,0.26222315430641174
1096,565,-1.2179462909698486,0.1253558099269867,0.12296612277626995,1.0313779727369545,0.106158040985465,0.614149808883667,0.5806958675384521,0.614149808883667,0.5806958675384521,0.446634978055954,0.5806958675384521,0.614149808883667,0.37907537817955017,0.614149808883667,0.37907537817955017,0.5974228382110596,0.40355998277664185
1097,565,-0.2985152304172516,-0.22775386273860931,0.1143304235364,0.29127877406155067,0.2558490315762661,0.7444143891334534,0.43565604090690613,0.7444143891334534,0.43565604090690613,0.7986268997192383,0.38088783621788025,0.12000896036624908,0.31124454736709595,0.12000896036624908,0.31124454736709595,0.13872656226158142,0.2681770324707031
1098,565,-0.8221537470817566,-0.863875150680542,0.06673326099912319,0.40398327336957063,0.15049469372878482,1.474456548690796,0.9359496235847473,1.474456548690796,0.9359496235847473,1.5165905952453613,0.977223813533783,0.8861435055732727,0.048908114433288574,0.8861435055732727,0.048908114433288574,0.9051671028137207,0.07409876585006714
1099,565,0.43907421827316284,-0.4626632630825043,0.0007891456286111542,0.24049031098683665,0.10501655305425317,0.17185166478157043,0.23602426052093506,0.17185166478157043,0.23602426052093506,0.4804329574108124,0.5640486478805542,0.17185166478157043,0.0671219527721405,0.17185166478157043,0.0671219527721405,0.29867464303970337,0.22729499638080597
1100,565,-0.7945883274078369,-0.454953670501709,0.23608477115010218,0.0657555485392608,0.10837140768145517,0.08583861589431763,0.08583861589431763,0.08583861589431763,0.08583861589431763,0.13281184434890747,0.5086041688919067,0.08583861589431763,0.5197823643684387,0.08583861589431763,0.5197823643684387,0.05399462580680847,0.5579488277435303
1101,565,-1.1724339723587036,0.04208287596702576,0.019742892452826122,0.6436370743035029,0.042342766669268284,0.214850515127182,0.07734557241201401,0.214850515127182,0.07734557241201401,0.0027359500527381897,0.03946695476770401,0.214850515127182,0.14560112357139587,0.214850515127182,0.14560112357139587,0.17481860518455505,0.20785894989967346
1102,565,-1.4400050640106201,-0.6502960920333862,0.10850827983890957,0.07639536152904222,0.22940111576269062,0.04004359245300293,0.7141293883323669,0.04004359245300293,0.7141293883323669,0.5223466157913208,0.7141293883323669,0.04004359245300293,0.4132225215435028,0.04004359245300293,0.4132225215435028,0.14018578827381134,0.5934767723083496
1103,565,-1.2918694019317627,-0.9702054262161255,0.1661628546565771,0.1741286858543754,0.0010291502997279989,0.8472258448600769,0.8821884393692017,0.8472258448600769,0.8821884393692017,1.1434098482131958,0.8821884393692017,0.6580134034156799,0.09987872838973999,0.6580134034156799,0.09987872838973999,0.7701009511947632,0.2529992461204529
1104,565,-2.079949140548706,-1.3241215944290161,0.161615056792895,0.33624608958760904,0.09777138760934267,0.7512861490249634,0.9737825393676758,0.7512861490249634,0.9737825393676758,1.1169854402542114,0.9737825393676758,0.6380305886268616,0.3224458694458008,0.6380305886268616,0.3224458694458008,0.8059065341949463,0.5032955408096313
1105,565,-1.0199151039123535,-1.4643354415893555,0.27762208147595346,0.3009807293737929,0.12794689098993917,0.8427560925483704,1.1790492534637451,0.8427560925483704,1.1790492534637451,1.246663212776184,1.1790492534637451,0.8427560925483704,0.23118090629577637,0.8427560925483704,0.23118090629577637,1.0109026432037354,0.4790354073047638
1106,565,-0.833262026309967,-1.6836214065551758,0.06526944126933798,0.6639195767603814,0.17485830066725638,1.6699843406677246,1.3360679149627686,1.6699843406677246,1.3360679149627686,1.972781777381897,1.731719732284546,1.1714718341827393,0.20678091049194336,1.1714718341827393,0.20678091049194336,1.3171130418777466,0.3973047137260437
1107,565,-2.159000873565674,-1.0956166982650757,0.0045972388610246995,0.09580752277746762,0.2502687112428248,0.6433722376823425,1.1225749254226685,0.6433722376823425,1.1225749254226685,1.2089937925338745,1.1225749254226685,0.3885422348976135,0.15825200080871582,0.3885422348976135,0.15825200080871582,0.6435034275054932,0.412213534116745
1108,565,1.0175701379776,-1.082828164100647,0.27907172639543804,0.005545848005761356,0.06972944012532611,0.6101416349411011,0.37815964221954346,0.6101416349411011,0.37815964221954346,0.9696708917617798,1.0799851417541504,0.37815964221954346,0.39141374826431274,0.37815964221954346,0.39141374826431274,0.5107175707817078,0.4691237807273865
1109,565,-0.43188825249671936,-1.0725631713867188,0.4093245520442722,0.6967102549970146,0.0005579956620933579,2.113990306854248,0.9349431395530701,2.113990306854248,0.9349431395530701,2.014542579650879,0.9349431395530701,1.111558198928833,0.249769926071167,1.111558198928833,0.249769926071167,1.023250699043274,0.15380728244781494
1110,565,0.644009530544281,0.069708913564682,0.04505379272003984,0.8726725008462866,0.31492381698141514,0.5455453395843506,0.5091394186019897,0.5455453395843506,0.5091394186019897,0.21741047501564026,0.06662793457508087,0.5455453395843506,0.020885035395622253,0.5455453395843506,0.020885035395622253,0.27853724360466003,0.3323356807231903
1111,565,-1.7011358737945557,0.12597006559371948,0.2817672285685938,0.16319364982346696,0.37169278780619297,0.2125832587480545,0.09988972544670105,0.2125832587480545,0.09988972544670105,0.2647390365600586,0.09988972544670105,0.2125832587480545,0.22995275259017944,0.2125832587480545,0.22995275259017944,0.27641502022743225,0.16221705079078674
1112,565,0.12419269233942032,-0.020392142236232758,0.17027408334116143,0.6718812185836335,0.09167415275548907,0.3036600649356842,0.005209282040596008,0.3036600649356842,0.005209282040596008,0.1565929353237152,0.005209282040596008,0.3036600649356842,0.004156388342380524,0.3036600649356842,0.004156388342380524,0.1544346809387207,0.19908621907234192
1113,565,0.49531838297843933,-0.5317549705505371,0.20980899396042024,0.3745807210107645,0.30375973674158263,1.3799080848693848,0.7342977523803711,1.3799080848693848,0.7342977523803711,1.291923999786377,0.5948261022567749,0.7732102870941162,0.038541197776794434,0.7732102870941162,0.038541197776794434,0.7008395195007324,0.13684040307998657
1114,565,-0.6910585165023804,-0.3632051646709442,0.12551136632139476,0.4489932043726245,0.2592193197024364,0.132569819688797,0.05944424867630005,0.132569819688797,0.05944424867630005,0.8919222354888916,0.457382470369339,0.06734305620193481,0.011461257934570312,0.06734305620193481,0.011461257934570312,0.29475221037864685,0.2684724032878876
1115,565,-0.6624276041984558,0.13497212529182434,0.017128858442107875,0.6418932996193568,0.10960480170945319,0.2605366110801697,0.12565496563911438,0.2605366110801697,0.12565496563911438,0.24832406640052795,0.13690707087516785,0.2605366110801697,0.13839128613471985,0.2605366110801697,0.13839128613471985,0.263088196516037,0.1325148046016693
1116,565,-0.4631739854812622,-0.5517076253890991,0.006790822818875331,0.017400150001048942,0.31616972856223574,0.10071343183517456,0.5008803606033325,0.10071343183517456,0.5008803606033325,1.081680178642273,0.5008803606033325,0.10071343183517456,0.14603495597839355,0.10071343183517456,0.14603495597839355,0.23211060464382172,0.3664737939834595
1117,565,-1.9888781309127808,-0.44541946053504944,0.06529023730506507,0.01954759811361631,0.0367340581988296,0.06671041250228882,0.06671041250228882,0.06671041250228882,0.06671041250228882,0.16930100321769714,0.5402798056602478,0.06671041250228882,0.3918353319168091,0.06671041250228882,0.3918353319168091,0.10292202234268188,0.4290369749069214
1118,565,-0.16338957846164703,-0.7407519817352295,0.22305422126936406,0.14665086534883218,0.028337283791818824,0.6069315671920776,0.3962952494621277,0.6069315671920776,0.3962952494621277,0.8316408395767212,0.6674456000328064,0.3962952494621277,0.08346718549728394,0.3962952494621277,0.08346718549728394,0.531870424747467,0.21614935994148254
1119,565,-0.16020089387893677,-1.2426471710205078,0.12098938058440939,0.6217345321426792,0.07910160440330682,1.9858758449554443,1.1339865922927856,1.9858758449554443,1.1339865922927856,2.0060436725616455,1.1339865922927856,1.1072914600372314,0.14893531799316406,1.1072914600372314,0.14893531799316406,1.1206390857696533,0.16541635990142822
1120,565,-1.9976452589035034,-0.5576434135437012,0.1270958327998719,0.3095897861321768,0.2983874105165404,0.08836168050765991,0.09763184189796448,0.08836168050765991,0.09763184189796448,0.9271711111068726,0.658005952835083,0.08667173981666565,0.012473225593566895,0.08667173981666565,0.012473225593566895,0.36004847288131714,0.2866906523704529
1121,565,-0.09807028621435165,-0.5256845951080322,0.2461102284242708,0.33612624793002993,0.11841834916422775,0.08887460827827454,0.49426355957984924,0.08887460827827454,0.49426355957984924,0.7340753078460693,0.49426355957984924,0.08887460827827454,0.013413608074188232,0.08887460827827454,0.013413608074188232,0.2915690839290619,0.2223234474658966
1122,565,0.22810940444469452,-1.2284085750579834,0.16046797779699185,0.7131385654459398,0.16837550145884334,2.125734329223633,1.1950962543487549,2.125734329223633,1.1950962543487549,2.1602377891540527,1.2304763793945312,1.176314353942871,0.02417457103729248,1.176314353942871,0.02417457103729248,1.194042444229126,0.04633784294128418
1123,565,-1.399935007095337,-0.5610696077346802,0.15212553906875337,0.3174460833395522,0.3236663789705682,1.0248836278915405,0.5587257146835327,1.0248836278915405,0.5587257146835327,1.1694990396499634,0.5587257146835327,0.556285560131073,0.017166495323181152,0.556285560131073,0.017166495323181152,0.5779821872711182,0.02309364080429077
1124,565,0.3019837439060211,0.02480851113796234,0.08083423052526395,0.5843276175616,0.20208254988460495,0.14438559114933014,0.03076787292957306,0.14438559114933014,0.03076787292957306,0.14485050737857819,0.04371848702430725,0.14438559114933014,0.17162489891052246,0.14438559114933014,0.17162489891052246,0.1431654691696167,0.17894336581230164
1125,565,0.4988897144794464,-0.6137920618057251,0.16429798061649006,0.3633823925008378,0.19175673427681136,1.5370261669158936,0.7128517031669617,1.5370261669158936,0.7128517031669617,1.5080571174621582,0.6664803624153137,0.7636052370071411,0.05078846216201782,0.7636052370071411,0.05078846216201782,0.7378031611442566,0.07147148251533508
1126,565,-0.874769926071167,-0.1372143030166626,0.1893489089856546,0.44582114287341623,0.18717203277473637,0.03896534442901611,0.17501938343048096,0.03896534442901611,0.17501938343048096,0.10010343790054321,0.17501938343048096,0.11300086975097656,0.43669408559799194,0.11300086975097656,0.43669408559799194,0.14401012659072876,0.3814893066883087
1127,565,1.1279106140136719,0.2526710629463196,0.03466168231020372,0.6210370743771395,0.23562140011539057,0.26613640785217285,0.1083783358335495,0.26613640785217285,0.1083783358335495,0.28545698523521423,0.18095296621322632,0.26613640785217285,0.16066288948059082,0.26613640785217285,0.16066288948059082,0.293999582529068,0.12703737616539001
1128,565,-0.09331807494163513,-0.11524562537670135,0.38929774505396686,0.13555776769916228,0.283229210500916,0.2848634719848633,0.2848634719848633,0.2848634719848633,0.2848634719848633,0.25564342737197876,0.0462355762720108,0.2848634719848633,0.37548303604125977,0.2848634719848633,0.37548303604125977,0.33742406964302063,0.3158280551433563
1129,565,-0.38457897305488586,0.351688414812088,0.12523964299509915,0.8910076678047578,0.051837867883344324,0.6027259826660156,0.6007325649261475,0.6027259826660156,0.6007325649261475,0.5838578939437866,0.6007325649261475,0.6027259826660156,0.31345102190971375,0.6027259826660156,0.31345102190971375,0.6017292737960815,0.31900349259376526
1130,799,0.12084576487541199,-0.00023046135902404785,0.09563684046268472,0.2612313819304109,0.2762319895252585,0.15692846477031708,0.037383466958999634,0.15692846477031708,0.037383466958999634,0.2992258071899414,0.037383466958999634,0.15692846477031708,0.11446043848991394,0.15692846477031708,0.11446043848991394,0.139319509267807,0.13056594133377075
1131,799,-1.309485912322998,-0.23193864524364471,0.17647161742051437,0.18629497160514205,0.11822830726703015,0.3507474660873413,0.13431502878665924,0.3507474660873413,0.13431502878665924,0.3297247290611267,0.13431502878665924,0.15487967431545258,0.012924820184707642,0.15487967431545258,0.012924820184707642,0.1445973515510559,0.010501079261302948
1132,799,0.3977445065975189,-0.3671199381351471,0.1680090948194265,0.450968735422939,0.0892093299515545,0.050321727991104126,0.22862237691879272,0.050321727991104126,0.22862237691879272,0.49253034591674805,0.22862237691879272,0.050321727991104126,0.0421241819858551,0.050321727991104126,0.0421241819858551,0.13947205245494843,0.19710026681423187
1133,799,0.8381040692329407,-0.4905051589012146,0.26941681304015225,0.2725313642714173,0.20498372014611965,1.1466295719146729,0.4249703884124756,1.1466295719146729,0.4249703884124756,1.0553019046783447,0.4249703884124756,0.5025884509086609,0.028576791286468506,0.5025884509086609,0.028576791286468506,0.46377941966056824,0.07142415642738342
1134,799,0.4814305007457733,-0.047931622713804245,0.304853542043517,0.6411014488028981,0.14195755367477714,0.016639336943626404,0.28665757179260254,0.016639336943626404,0.28665757179260254,0.10201095044612885,0.28665757179260254,0.16223600506782532,0.3177030384540558,0.16223600506782532,0.3177030384540558,0.22444678843021393,0.22885540127754211
1135,799,0.6998484134674072,0.4466285705566406,0.2956088028972347,0.7618352406223616,0.2905157603447637,0.4066890478134155,0.514434814453125,0.4066890478134155,0.514434814453125,0.4342128038406372,0.514434814453125,0.4066890478134155,0.05751568078994751,0.4066890478134155,0.05751568078994751,0.46056193113327026,0.11130236089229584
1136,799,0.6613029837608337,0.39435723423957825,0.2769959175524613,0.4762082340878744,0.2646079351877173,0.04983130097389221,0.33326172828674316,0.04983130097389221,0.33326172828674316,0.1710628867149353,0.33326172828674316,0.18695154786109924,0.12284836173057556,0.18695154786109924,0.12284836173057556,0.26010662317276,0.17976753413677216
1137,799,0.02649001218378544,0.4547779858112335,0.28806419747415934,0.45096319617703556,0.1481047507887706,0.22921863198280334,0.392964631319046,0.22921863198280334,0.392964631319046,0.3832991421222687,0.392964631319046,0.22921863198280334,0.06381335854530334,0.22921863198280334,0.06381335854530334,0.3110916316509247,0.13806350529193878
1138,799,2.7568821907043457,0.3214084804058075,0.16837290197610855,0.553178541213274,0.22300045982003203,0.19108548760414124,0.21078762412071228,0.19108548760414124,0.21078762412071228,0.30701255798339844,0.3252590000629425,0.20403063297271729,0.007359921932220459,0.20403063297271729,0.007359921932220459,0.26185721158981323,0.06852968037128448
1139,799,0.6248027086257935,0.7774041295051575,0.7633077585386732,0.32732383166129386,0.27904429188619084,0.6989590525627136,0.6989590525627136,0.6989590525627136,0.6989590525627136,0.22000539302825928,0.7082455158233643,0.6989590525627136,0.17048072814941406,0.6989590525627136,0.17048072814941406,0.7036023139953613,0.17513719201087952
1140,799,0.8182432651519775,1.2266829013824463,0.40149382356554275,1.3191376210376622,0.1663935115933417,1.1116067171096802,1.235016107559204,1.1116067171096802,1.235016107559204,0.8548091650009155,1.235016107559204,1.1116067171096802,0.00619196891784668,1.1116067171096802,0.00619196891784668,1.173311471939087,0.1059565544128418
1141,799,1.6370834112167358,0.8565088510513306,0.4010926586637895,0.5701327995086711,0.5802160992349188,0.5552842020988464,0.9259458780288696,0.5552842020988464,0.9259458780288696,0.06010305881500244,0.9259458780288696,0.5552842020988464,0.34243708848953247,0.5552842020988464,0.34243708848953247,0.6581894159317017,0.4415423572063446
1142,799,0.9414162039756775,0.7823468446731567,0.5623687779282529,0.5606364736830196,0.3458251279344162,0.4108448624610901,0.4108448624610901,0.4108448624610901,0.4108448624610901,0.4106441140174866,0.6884013414382935,0.4108448624610901,0.20650464296340942,0.4108448624610901,0.20650464296340942,0.5496231317520142,0.34580209851264954
1143,799,1.1047511100769043,1.0272371768951416,0.519758198708296,0.9945691546052693,0.410159716233611,0.6679196357727051,0.9528359770774841,0.6679196357727051,0.9528359770774841,0.7416726350784302,0.9528359770774841,0.6679196357727051,0.2990320920944214,0.6679196357727051,0.2990320920944214,0.810377836227417,0.4596628248691559
1144,799,-0.45383408665657043,0.8272386789321899,0.4176683485632142,0.6686370054011543,0.47631051649649947,0.1083071231842041,0.6323873400688171,0.1083071231842041,0.6323873400688171,0.4010753929615021,0.8260082602500916,0.4001089632511139,0.2519634962081909,0.4001089632511139,0.2519634962081909,0.5280303955078125,0.36393511295318604
1145,799,0.38565167784690857,0.44440871477127075,0.05944187681501134,0.7325208412048718,0.2791570397218067,0.3752487599849701,0.26078981161117554,0.3752487599849701,0.26078981161117554,0.4853822886943817,0.4134441316127777,0.3752487599849701,0.1326732039451599,0.3752487599849701,0.1326732039451599,0.4425484538078308,0.09366002678871155
1146,799,1.1421388387680054,0.09182751178741455,0.23730260444184142,0.1778940521304807,0.3196864037339886,0.16073206067085266,0.0793701708316803,0.16073206067085266,0.0793701708316803,0.09099239110946655,0.0793701708316803,0.16073206067085266,0.1745261251926422,0.16073206067085266,0.1745261251926422,0.20215989649295807,0.1245933473110199
1147,799,0.1886029988527298,0.2636454105377197,0.34925768072406455,0.5714438791076342,0.09272637570897735,0.16424715518951416,0.3414980471134186,0.16424715518951416,0.3414980471134186,0.005994081497192383,0.3414980471134186,0.17683805525302887,0.11545348167419434,0.17683805525302887,0.11545348167419434,0.2591680586338043,0.09847719222307205
1148,799,3.0047295093536377,0.4894958734512329,0.2410052252685031,0.851385023755332,0.21082175721724794,0.4843105673789978,0.526534914970398,0.4843105673789978,0.526534914970398,0.3211795687675476,0.526534914970398,0.4843105673789978,0.06314855813980103,0.4843105673789978,0.06314855813980103,0.5054227113723755,0.08527559041976929
1149,799,1.373247504234314,0.8899561166763306,0.7285927140029769,0.4063683060432477,0.4611306174906592,0.6516152620315552,0.6516152620315552,0.6516152620315552,0.6516152620315552,0.5658798813819885,0.8797289133071899,0.6516152620315552,0.07905584573745728,0.6516152620315552,0.07905584573745728,0.7254051566123962,0.26859787106513977
1150,799,1.5849939584732056,1.3185441493988037,0.5929432995555302,1.2299597528701027,0.25136006060366833,1.024733066558838,1.2818862199783325,1.024733066558838,1.2818862199783325,0.9784809350967407,1.2818862199783325,1.024733066558838,0.07853186130523682,1.024733066558838,0.07853186130523682,1.1533095836639404,0.30762481689453125
1151,799,1.53798246383667,1.774629831314087,0.7119328912844263,0.9778242468213043,0.9465565814202028,0.13869214057922363,1.3205888271331787,0.13869214057922363,1.3205888271331787,0.9944793581962585,1.8441816568374634,0.753891110420227,0.7074811458587646,0.753891110420227,0.7074811458587646,1.1587004661560059,1.050997018814087
1152,799,0.9657979607582092,1.3084311485290527,0.6252819817016524,0.9837785365308322,0.5168435466165346,0.7948851585388184,1.1895434856414795,0.7948851585388184,1.1895434856414795,1.1768176555633545,1.1895434856414795,0.7948851585388184,0.44443750381469727,0.7948851585388184,0.44443750381469727,0.9922143220901489,0.5976563692092896
1153,799,1.6382677555084229,1.241337776184082,0.4514835697847108,1.0678393892074625,0.5424198902832964,0.6972850561141968,0.966712474822998,0.6972850561141968,0.966712474822998,1.0238350629806519,1.2312147617340088,0.7172855138778687,0.32496970891952515,0.7172855138778687,0.32496970891952515,0.8800754547119141,0.5004202723503113
1154,799,1.8032400608062744,1.1597918272018433,0.5910920302523301,0.7764877577661535,0.6240866646612994,0.11789214611053467,0.8378481268882751,0.11789214611053467,0.8378481268882751,0.5595251321792603,1.1244518756866455,0.3901172876358032,0.47663772106170654,0.3901172876358032,0.47663772106170654,0.6083122491836548,0.6302247643470764
1155,799,-0.7729170918464661,1.192528247833252,0.6497942955543596,1.041893106823166,0.4198494209845862,0.6417396068572998,1.1305030584335327,0.6417396068572998,1.1305030584335327,1.0723822116851807,1.1305030584335327,0.7058405876159668,0.295801043510437,0.7058405876159668,0.295801043510437,0.9181718230247498,0.4920487403869629
1156,799,2.6414215564727783,0.8109797239303589,0.0008538013945023071,1.1473370375732583,0.5527565629283586,0.7896347045898438,0.5846630334854126,0.7896347045898438,0.5846630334854126,1.006678581237793,0.8640267252922058,0.7896347045898438,0.291789174079895,0.7896347045898438,0.291789174079895,0.9071882963180542,0.21190491318702698
1157,799,0.13639909029006958,0.5756627321243286,0.7362631778543194,0.036279325963308295,0.6423582264346381,0.6323977112770081,0.6323977112770081,0.6323977112770081,0.6323977112770081,0.7886552214622498,0.6005312204360962,0.6323977112770081,0.3129481077194214,0.6323977112770081,0.3129481077194214,0.7864674925804138,0.2597968876361847
1158,799,-0.16158531606197357,0.7194933295249939,0.24081074646363665,1.4347006071607271,0.008847716810802542,0.9869177341461182,1.0089550018310547,0.9869177341461182,1.0089550018310547,0.7195429801940918,1.0089550018310547,0.9869177341461182,0.20104199647903442,0.9869177341461182,0.20104199647903442,0.9979363679885864,0.18360796570777893
1159,799,0.5507100224494934,0.4272427558898926,0.12879114535326774,0.5068987987066311,0.6220487605097391,0.4491267502307892,0.4730110466480255,0.4491267502307892,0.4730110466480255,0.2876462936401367,0.4730110466480255,0.4491267502307892,0.0477270781993866,0.4491267502307892,0.0477270781993866,0.4749029874801636,0.031030893325805664
1160,799,-0.9234944581985474,0.10312619805335999,0.30333118045081703,0.36659542528291544,0.23074582153310386,0.3301164507865906,0.028339937329292297,0.3301164507865906,0.028339937329292297,0.2369242012500763,0.028339937329292297,0.06620195508003235,0.02752888947725296,0.06620195508003235,0.02752888947725296,0.04727094620466232,0.0729343593120575
1161,799,0.11032386124134064,0.0666746199131012,0.0439904677743711,0.7552164713510623,0.12754213247758628,0.20907056331634521,0.03952852636575699,0.20907056331634521,0.03952852636575699,0.15239126980304718,0.019940108060836792,0.20907056331634521,0.1907326877117157,0.20907056331634521,0.1907326877117157,0.2036367654800415,0.2004656046628952
1162,799,1.7103931903839111,-0.2911677658557892,0.2411007266119124,0.025995465815067176,0.4228921504691241,0.1304931640625,0.2571962773799896,0.1304931640625,0.2571962773799896,0.06873571872711182,0.2571962773799896,0.1304931640625,0.38817328214645386,0.1304931640625,0.38817328214645386,0.14122024178504944,0.37586143612861633
1163,799,-0.22287839651107788,0.026592135429382324,0.4486056728412706,0.4725829781343539,0.08170105757812651,0.5029004812240601,0.28190797567367554,0.5029004812240601,0.28190797567367554,0.25133493542671204,0.28190797567367554,0.04162880778312683,0.29968011379241943,0.04162880778312683,0.29968011379241943,0.16176839172840118,0.16875341534614563
1164,799,0.5270349979400635,0.5801255106925964,0.1412840852389734,0.9417461368689932,0.20447773630420363,0.5640272498130798,0.525113046169281,0.5640272498130798,0.525113046169281,0.374742329120636,0.5418910980224609,0.5640272498130798,0.052139461040496826,0.5640272498130798,0.052139461040496826,0.5717856884002686,0.041450560092926025
1165,799,0.5533297061920166,0.3123760521411896,0.33000047952557593,0.2525630319832515,0.5072429292990516,0.33718693256378174,0.3772909641265869,0.33718693256378174,0.3772909641265869,0.20451903343200684,0.3772909641265869,0.33718693256378174,0.08176571130752563,0.33718693256378174,0.08176571130752563,0.3951902985572815,0.07796071469783783
1166,799,-0.936333954334259,0.30116766691207886,0.2226212693502504,0.5926586953209092,0.1326806565963975,0.17994250357151031,0.25858405232429504,0.17994250357151031,0.25858405232429504,0.24854861199855804,0.25858405232429504,0.18985094130039215,0.04922240972518921,0.18985094130039215,0.04922240972518921,0.2242175042629242,0.03746826946735382
1167,799,0.24633899331092834,0.03670690208673477,0.10030201707035324,0.598341242829338,0.2652324616443366,0.213729590177536,0.009964331984519958,0.213729590177536,0.009964331984519958,0.2885129153728485,0.09439421445131302,0.213729590177536,0.23446333408355713,0.213729590177536,0.23446333408355713,0.2532115876674652,0.18391060829162598
1168,799,0.6516828536987305,-0.2755945324897766,0.22713559730599336,0.08666896046449746,0.34464597339431446,0.14909732341766357,0.21399147808551788,0.14909732341766357,0.21399147808551788,0.13639122247695923,0.21399147808551788,0.14909732341766357,0.40772804617881775,0.14909732341766357,0.40772804617881775,0.17572933435440063,0.3774721622467041
1169,799,-2.2721753120422363,-0.09252285957336426,0.185842570203046,0.44554443972806135,0.09259742477287858,0.06432504951953888,0.1623663306236267,0.06432504951953888,0.1623663306236267,0.003161489963531494,0.1623663306236267,0.10063338279724121,0.21856941282749176,0.10063338279724121,0.21856941282749176,0.13149985671043396,0.16252779960632324
1170,799,0.10339286923408508,-0.39843353629112244,0.38511659050049873,0.5332525886253765,0.17342320233893882,0.23095515370368958,0.3562125265598297,0.23095515370368958,0.3562125265598297,0.9090121984481812,0.3562125265598297,0.23095515370368958,0.020595014095306396,0.23095515370368958,0.020595014095306396,0.29358384013175964,0.28187140822410583
1171,799,0.8106112480163574,-0.7890283465385437,0.17542970533172286,0.5702445186053715,0.3331433372075361,1.844754695892334,0.8707742094993591,1.844754695892334,0.8707742094993591,1.6322592496871948,0.7174736857414246,0.897727906703949,0.0266493558883667,0.897727906703949,0.0266493558883667,0.8194688558578491,0.12556979060173035
1172,799,-1.5412734746932983,-0.5780026912689209,0.24322248150904974,0.39093021271129436,0.43951305004457614,1.2783185243606567,0.5004078149795532,1.2783185243606567,0.5004078149795532,1.5531351566314697,0.5004078149795532,0.6993404626846313,0.07451111078262329,0.6993404626846313,0.07451111078262329,0.6808550357818604,0.096700519323349
1173,799,1.1912884712219238,0.03367939591407776,0.1790041174056627,0.6344561675873894,0.16019623899211477,0.3161202073097229,0.0013663247227668762,0.3161202073097229,0.0013663247227668762,0.35837018489837646,0.0013663247227668762,0.3161202073097229,0.016198836266994476,0.3161202073097229,0.016198836266994476,0.1587432622909546,0.15587958693504333
1174,799,1.6916086673736572,-0.20788058638572693,0.3806382340565324,0.35944753833115095,0.3652621328085661,0.24505707621574402,0.24505707621574402,0.24505707621574402,0.24505707621574402,0.3388005197048187,0.18245869874954224,0.24505707621574402,0.5652408599853516,0.24505707621574402,0.5652408599853516,0.3357584476470947,0.46787700057029724
1175,799,0.1316944807767868,0.09909553080797195,0.22542787294213962,0.7981368788770246,0.282958298176915,0.254680335521698,0.5243470072746277,0.254680335521698,0.5243470072746277,1.0974117517471313,0.1464618444442749,0.45295557379722595,0.029953166842460632,0.45295557379722595,0.029953166842460632,0.2518463432788849,0.16892001032829285
1176,799,0.28840458393096924,0.8515473008155823,0.14457132909446968,0.897021799348295,0.375354544892907,0.6499712467193604,0.6803285479545593,0.6499712467193604,0.6803285479545593,0.7704795002937317,0.8926101326942444,0.6499712467193604,0.04150569438934326,0.6499712467193604,0.04150569438934326,0.7608063220977783,0.168524831533432
1177,799,1.4135549068450928,0.4107533097267151,0.17391846872866135,0.35079778291285035,0.49880218788981445,0.3690462112426758,0.46489137411117554,0.3690462112426758,0.46489137411117554,0.10102033615112305,0.46489137411117554,0.3690462112426758,0.06931453943252563,0.3690462112426758,0.06931453943252563,0.3951929807662964,0.09641674160957336
1178,799,-0.3703366816043854,0.308297336101532,0.38427283488214015,0.36643676422536375,0.18467577561736115,0.22609780728816986,0.22609780728816986,0.22609780728816986,0.22609780728816986,0.07522058486938477,0.3395545482635498,0.22609780728816986,0.042609453201293945,0.22609780728816986,0.042609453201293945,0.28282618522644043,0.09522772580385208
1179,799,0.6764838695526123,0.4638907015323639,0.06552115271488823,0.8920038756976523,0.20671656827131912,0.567546546459198,0.5025168061256409,0.567546546459198,0.5025168061256409,0.41894230246543884,0.5681821703910828,0.567546546459198,0.08172622323036194,0.567546546459198,0.08172622323036194,0.5969929695129395,0.04934009909629822
1180,799,2.9229209423065186,0.3736875057220459,0.25061428081244225,0.1641708713397384,0.46092312417924414,0.3524826169013977,0.31603074073791504,0.3524826169013977,0.31603074073791504,0.3425430655479431,0.31603074073791504,0.3524826169013977,0.15691989660263062,0.3524826169013977,0.15691989660263062,0.40898576378822327,0.08373430371284485
1181,799,0.3748304545879364,0.5972572565078735,0.6138790997366113,0.5020785778729866,0.07260112879487379,0.46073678135871887,0.46073678135871887,0.46073678135871887,0.46073678135871887,0.12674292922019958,0.6645102500915527,0.46073678135871887,0.16960734128952026,0.46073678135871887,0.16960734128952026,0.5626235008239746,0.10580107569694519
1182,799,1.7200223207473755,1.3200477361679077,0.2066175353527071,1.3144555062800647,0.3152261646091935,1.0342586040496826,1.1202929019927979,1.0342586040496826,1.1202929019927979,0.7487567663192749,1.2634520530700684,1.0342586040496826,0.1268608570098877,1.0342586040496826,0.1268608570098877,1.1192715167999268,0.22773557901382446
1183,799,2.2218356132507324,0.9423601031303406,0.46418499824901416,0.330691759114464,0.7188858350118001,0.5658637881278992,0.951709508895874,0.5658637881278992,0.951709508895874,0.6416245698928833,0.951709508895874,0.5658637881278992,0.16741788387298584,0.5658637881278992,0.16741788387298584,0.6906076669692993,0.32925841212272644
1184,799,2.351409673690796,1.171966791152954,0.6235195909688869,0.8831438466409842,0.2614947395275036,0.47009140253067017,1.1030274629592896,0.47009140253067017,1.1030274629592896,0.932411789894104,1.1030274629592896,0.6382459998130798,0.1354072093963623,0.6382459998130798,0.1354072093963623,0.8706367015838623,0.3830677270889282
1185,799,2.6893036365509033,1.9484120607376099,0.7185333469572165,1.0452392696092527,0.6875885772767165,0.9661383628845215,1.6485610008239746,0.9661383628845215,1.6485610008239746,1.5976874828338623,1.6485610008239746,1.0220876932144165,0.7827621698379517,1.0220876932144165,0.7827621698379517,1.3353242874145508,1.0388529300689697
1186,799,0.5132431387901306,2.263244867324829,0.8906094163159528,1.1950201240802805,0.762620311068992,0.9754157066345215,1.843308448791504,0.9754157066345215,1.843308448791504,1.7058618068695068,1.843308448791504,1.1415542364120483,0.9344125986099243,1.1415542364120483,0.9344125986099243,1.492431402206421,1.2246452569961548
1187,799,1.9301409721374512,1.8138413429260254,0.3338516802092393,1.394231073272725,0.7086399076258143,1.1996002197265625,1.3343782424926758,1.1996002197265625,1.3343782424926758,1.5842421054840088,1.7435945272445679,1.1996002197265625,0.19598126411437988,1.1996002197265625,0.19598126411437988,1.4293287992477417,0.5035467147827148
1188,799,1.4466484785079956,1.264249563217163,0.5392734936873116,0.4965504883478087,0.7714783594260612,0.7209053635597229,1.1727709770202637,0.7209053635597229,1.1727709770202637,0.8677358031272888,1.1727709770202637,0.7209053635597229,0.24160826206207275,0.7209053635597229,0.24160826206207275,0.8501007556915283,0.4814740717411041
1189,799,0.8980416655540466,1.16950261592865,0.5359746087342498,1.1048862698674204,0.4305355279892684,0.8446426391601562,1.1835018396377563,0.8446426391601562,1.1835018396377563,1.0619715452194214,1.1835018396377563,0.8446426391601562,0.21864235401153564,0.8446426391601562,0.21864235401153564,1.0140721797943115,0.39756709337234497
1190,799,1.8495732545852661,1.4186089038848877,0.41471177441863505,0.9401498377868361,0.6667706682373926,0.46186500787734985,0.974564254283905,0.46186500787734985,0.974564254283905,1.0082019567489624,1.373085379600525,0.6927484273910522,0.32907962799072266,0.6927484273910522,0.32907962799072266,0.9508714079856873,0.5677595138549805
1191,799,2.0077662467956543,1.1291624307632446,0.5132205711863935,0.647583891786635,0.5358491459302602,0.023723125457763672,0.8225362300872803,0.023723125457763672,0.8225362300872803,0.31990236043930054,1.0933887958526611,0.370710551738739,0.4842812418937683,0.370710551738739,0.4842812418937683,0.5808283090591431,0.6373950242996216
1192,799,1.640197992324829,1.4011399745941162,0.5617269038408992,1.0839864384382962,0.5028051649034024,0.708811342716217,1.204369068145752,0.708811342716217,1.204369068145752,1.1393346786499023,1.204369068145752,0.7745755314826965,0.3829772472381592,0.7745755314826965,0.3829772472381592,0.9894722700119019,0.5617459416389465
1193,799,2.492990732192993,1.7796696424484253,0.5989522902170816,1.2044951218987507,0.7159719958032169,0.9928046464920044,1.4840426445007324,0.9928046464920044,1.4840426445007324,1.4793781042099,1.7625232934951782,0.9928046464920044,0.5696171522140503,0.9928046464920044,0.5696171522140503,1.266282081604004,0.7672195434570312
1194,799,1.079671025276184,1.695169448852539,0.7507173263033229,0.8668683874358737,0.7261936580886443,0.30702877044677734,1.3349814414978027,0.30702877044677734,1.3349814414978027,1.0123224258422852,1.3349814414978027,0.6381232738494873,0.7796375155448914,0.6381232738494873,0.7796375155448914,0.986552357673645,0.9848494529724121
1195,799,1.1272509098052979,1.640051245689392,0.5646840739622714,1.1585787794739009,0.6617335009202361,0.9383078813552856,1.2918822765350342,0.9383078813552856,1.2918822765350342,1.162405014038086,1.6636741161346436,0.9383078813552856,0.4864189624786377,0.9383078813552856,0.4864189624786377,1.2024965286254883,0.700897216796875
1196,799,2.070949077606201,1.4072113037109375,0.5194909754271309,0.7761191191120691,0.6896766462145996,0.14407992362976074,0.8818138241767883,0.14407992362976074,0.8818138241767883,0.6163991093635559,1.3566129207611084,0.4712377190589905,0.4557509422302246,0.4712377190589905,0.4557509422302246,0.8003683090209961,0.7123221158981323
1197,799,3.553239583969116,1.2032092809677124,0.6049237580286959,0.7896912455434603,0.5548199338528015,0.0828862190246582,1.1071299314498901,0.0828862190246582,1.1071299314498901,0.6982823610305786,1.1071299314498901,0.5090972185134888,0.4588930010795593,0.5090972185134888,0.4588930010795593,0.8081135749816895,0.6395288705825806
1198,799,3.382296562194824,1.918346643447876,0.792200164621075,1.130823703830441,0.5900220075746374,0.29919886589050293,1.7213350534439087,0.29919886589050293,1.7213350534439087,1.0346778631210327,1.7213350534439087,1.0208464860916138,0.6223570108413696,1.0208464860916138,0.6223570108413696,1.3710907697677612,0.8550077676773071
1199,799,1.666707992553711,2.8373639583587646,1.0106531842766953,1.6590787078781668,0.8740827192987006,1.5846017599105835,2.496389865875244,1.5846017599105835,2.496389865875244,2.4402835369110107,2.496389865875244,1.5846017599105835,1.0033222436904907,1.5846017599105835,1.0033222436904907,2.0404958724975586,1.3290208578109741
1200,799,2.429440975189209,2.690312147140503,0.7963385117364425,1.67205294692268,1.018568417628606,1.5177485942840576,2.1775460243225098,1.5177485942840576,2.1775460243225098,2.3267927169799805,2.748957633972168,1.5989958047866821,0.7961342334747314,1.5989958047866821,0.7961342334747314,2.0003294944763184,1.1445579528808594
1201,799,4.12817907333374,2.2676877975463867,0.9209796300530435,1.0513321613147852,1.1126630174741148,1.2694947719573975,2.3422963619232178,1.2694947719573975,2.3422963619232178,1.2534418106079102,2.3422963619232178,1.2694947719573975,1.008832573890686,1.2694947719573975,1.008832573890686,1.563230037689209,1.3837769031524658
1202,799,3.927957057952881,2.5462076663970947,1.1413404745360216,1.4024623284985624,0.7745684242000181,0.31548213958740234,2.246593475341797,0.31548213958740234,2.246593475341797,1.463454246520996,2.246593475341797,1.1699049472808838,0.8282477855682373,1.1699049472808838,0.8282477855682373,1.7082492113113403,1.1982440948486328
1203,141,3.109757900238037,2.2158730030059814,0.47807939603924776,0.6384262678399679,0.6099539911374451,0.2720898389816284,0.776817798614502,0.2720898389816284,0.776817798614502,0.4346872568130493,2.2561633586883545,0.2720898389816284,0.30090975761413574,0.2720898389816284,0.30090975761413574,0.7517346739768982,0.5359036326408386
1204,141,1.8729445934295654,2.4528005123138428,0.43038753964006915,0.6654908170923589,0.9594215466454624,0.5431153774261475,2.7529733180999756,0.5431153774261475,2.7529733180999756,1.7082865238189697,2.7529733180999756,0.5431153774261475,0.2470848560333252,0.5431153774261475,0.2470848560333252,1.1698919534683228,0.4562326669692993
1205,799,4.834377288818359,2.8066887855529785,0.8186589138023552,1.480142860729247,1.1069131720066072,1.0815863609313965,2.1809067726135254,1.0815863609313965,2.1809067726135254,2.1942808628082275,2.808166265487671,1.542568325996399,0.8776899576187134,1.542568325996399,0.8776899576187134,2.0053257942199707,1.4094512462615967
1206,799,3.1866350173950195,2.874735116958618,1.2151619210280482,1.1127462877705694,1.0866207308880984,1.0899335145950317,1.0899335145950317,1.0899335145950317,1.0899335145950317,0.573864221572876,2.1671767234802246,1.0899335145950317,1.1793384552001953,1.0899335145950317,1.1793384552001953,1.6285550594329834,1.537387728691101
1207,799,1.9382174015045166,2.857750654220581,0.8519488169377047,1.8391052032200002,0.6635769393605488,1.652883768081665,2.446397304534912,1.652883768081665,2.446397304534912,2.052295684814453,2.446397304534912,1.652883768081665,0.6623365879058838,1.652883768081665,0.6623365879058838,2.049640655517578,1.0219249725341797
1208,799,3.196949005126953,3.0020949840545654,0.7793459709485373,1.5223381052662925,1.235329928522309,0.5475482940673828,2.232896327972412,0.5475482940673828,2.232896327972412,1.9472662210464478,2.9745657444000244,1.521697998046875,0.7327656745910645,1.521697998046875,0.7327656745910645,2.0588510036468506,1.334000825881958
1209,799,4.446151256561279,2.5555503368377686,0.9537640106429657,1.209779199933012,1.0732819104691347,0.31975555419921875,2.092444896697998,0.31975555419921875,2.092444896697998,1.6453293561935425,2.6854770183563232,1.0402870178222656,1.0509785413742065,1.0402870178222656,1.0509785413742065,1.5884835720062256,1.5145269632339478
1210,799,3.416471004486084,2.7416398525238037,1.1529545199746885,1.3342375038067504,0.732102942454318,0.6773574352264404,2.328061580657959,0.6773574352264404,2.328061580657959,1.8554848432540894,2.328061580657959,1.26374351978302,0.8019866943359375,1.26374351978302,0.8019866943359375,1.7959024906158447,1.2225229740142822
1211,799,4.178764343261719,3.5191216468811035,1.1184260064984357,1.8036719595889252,0.9451457039887705,1.6337182521820068,2.826475143432617,1.6337182521820068,2.826475143432617,2.406215190887451,2.826475143432617,1.6337182521820068,0.9793484210968018,1.6337182521820068,0.9793484210968018,2.2300968170166016,1.4962983131408691
1212,799,4.008410930633545,3.3557159900665283,1.1990174244592589,1.6128491243223348,1.2110208048919837,0.9022555351257324,2.8244996070861816,0.9022555351257324,2.8244996070861816,2.389436721801758,3.479029893875122,1.4818918704986572,1.116922378540039,1.4818918704986572,1.116922378540039,2.115762233734131,1.7014461755752563
1213,799,3.298550605773926,3.3554563522338867,1.2983361963275817,1.715873804911971,0.9435674982611095,1.636250376701355,3.042285203933716,1.636250376701355,3.042285203933716,2.9789879322052,3.042285203933716,1.636250376701355,1.130082607269287,1.636250376701355,1.130082607269287,2.3392677307128906,1.7649965286254883
1214,799,3.193084239959717,3.5487866401672363,1.1191961914300919,1.7938594405353063,1.2548077332973484,1.3781473636627197,2.9296936988830566,1.3781473636627197,2.9296936988830566,2.9332685470581055,3.603531837463379,1.4823102951049805,1.2904491424560547,1.4823102951049805,1.2904491424560547,2.248871088027954,1.8182417154312134
1215,799,2.918963670730591,3.1124818325042725,0.8550045483807729,1.4293017753089463,1.1964877878005304,0.8765792846679688,2.2240631580352783,0.8765792846679688,2.2240631580352783,2.2257652282714844,3.0844027996063232,1.2515649795532227,0.8625550270080566,1.2515649795532227,0.8625550270080566,1.877471923828125,1.4095888137817383
1216,799,4.66738224029541,3.1939802169799805,0.907708752988837,1.663253664663062,1.128304630066268,1.6261506080627441,2.7067410945892334,1.6261506080627441,2.7067410945892334,2.7657229900360107,3.2681918144226074,1.6974961757659912,1.0732288360595703,1.6974961757659912,1.0732288360595703,2.2563068866729736,1.5590300559997559
1217,799,2.4804935455322266,3.0773704051971436,1.2912154643858473,1.253580671610931,1.0730733669797585,1.6531602144241333,1.6531602144241333,1.6531602144241333,1.6531602144241333,1.947256326675415,2.5441770553588867,1.6531602144241333,1.548924446105957,1.6531602144241333,1.548924446105957,2.0986685752868652,2.011268138885498
1218,799,2.537727117538452,3.22182297706604,0.9351675876323133,1.7539944267272949,0.9343475199397653,1.669524908065796,2.550792932510376,1.669524908065796,2.550792932510376,1.7609282732009888,2.550792932510376,1.669524908065796,1.0221073627471924,1.669524908065796,1.0221073627471924,2.110158920288086,1.3731765747070312
1219,799,3.5329012870788574,3.1580748558044434,0.8041328807920216,1.4414761018007993,1.5030462467670442,1.637370228767395,3.2771239280700684,1.637370228767395,3.2771239280700684,1.761125087738037,3.2771239280700684,1.637370228767395,0.8821446895599365,1.637370228767395,0.8821446895599365,2.182891607284546,1.5657110214233398
1220,799,3.111640453338623,2.679169178009033,1.0110763158649205,1.2833588846772912,0.8224488864839077,0.8199065923690796,2.327728509902954,0.8199065923690796,2.327728509902954,1.8239673376083374,2.327728509902954,1.389767050743103,0.9545758962631226,1.389767050743103,0.9545758962631226,1.8587477207183838,1.3519525527954102
1221,799,3.1906471252441406,2.755014419555664,0.8689110611254973,1.5662017960722245,0.6774184683958691,1.561288595199585,2.395176887512207,1.561288595199585,2.395176887512207,2.2792139053344727,2.395176887512207,1.561288595199585,0.9807779788970947,1.561288595199585,0.9807779788970947,1.978232741355896,1.2821189165115356
1222,799,3.9469521045684814,3.0653960704803467,1.068196086709698,1.298314585381498,1.151940251396348,1.107419729232788,2.5411319732666016,1.107419729232788,2.5411319732666016,2.3749709129333496,3.1428792476654053,1.3305943012237549,1.322500467300415,1.3305943012237549,1.322500467300415,1.929089069366455,1.7719780206680298
1223,799,3.984471082687378,3.335407018661499,1.1412428031737605,1.4665110835308832,0.9480045964072148,0.856163501739502,2.8010220527648926,0.856163501739502,2.8010220527648926,2.393981695175171,2.8010220527648926,1.312804937362671,1.2152085304260254,1.312804937362671,1.2152085304260254,2.056913375854492,1.717381477355957
1224,799,3.604858160018921,3.42655348777771,1.0802403847686946,1.633160725580528,1.0913242043834184,1.4922713041305542,2.825209140777588,1.4922713041305542,2.825209140777588,2.3442134857177734,3.3781492710113525,1.5122861862182617,1.2967119216918945,1.5122861862182617,1.2967119216918945,2.1358766555786133,1.6851781606674194
1225,799,4.979007244110107,3.4564363956451416,1.1105516642456257,1.5961068333437045,1.153166004133721,1.5714044570922852,2.823805570602417,1.5714044570922852,2.823805570602417,2.870795488357544,3.4714174270629883,1.5714044570922852,1.4616241455078125,1.5714044570922852,1.4616241455078125,2.228403091430664,1.8641514778137207
1226,799,4.947045803070068,3.7773845195770264,1.3035076510409511,1.5670378005939223,1.265012992198269,0.707822322845459,2.9640555381774902,0.707822322845459,2.9640555381774902,2.218745708465576,2.9640555381774902,1.387976884841919,1.3811843395233154,1.387976884841919,1.3811843395233154,2.176016330718994,1.9383271932601929
1227,799,3.1282241344451904,3.8180267810821533,1.4481222146873671,1.601031499219437,1.0682108080138768,1.659019947052002,3.3002126216888428,1.659019947052002,3.3002126216888428,3.2854111194610596,3.3002126216888428,1.659019947052002,1.2836413383483887,1.659019947052002,1.2836413383483887,2.479616165161133,2.0163040161132812
1228,799,3.6016793251037598,3.708172559738159,0.9863699522366125,1.839033595447739,1.2332132255037627,1.5946331024169922,2.9587841033935547,1.5946331024169922,2.9587841033935547,3.279172897338867,3.7684288024902344,1.6150312423706055,1.136826753616333,1.6150312423706055,1.136826753616333,2.4546384811401367,1.7157317399978638
1229,799,3.038788318634033,3.6099703311920166,1.3186690817897517,1.4587610736240944,1.1439061947291096,0.344043493270874,3.1103668212890625,0.344043493270874,3.1103668212890625,1.180769443511963,3.1103668212890625,1.3497021198272705,1.6515313386917114,1.3497021198272705,1.6515313386917114,2.230034351348877,2.0976498126983643
1230,799,1.6851794719696045,3.2048258781433105,0.9266875750757757,1.5613062829338011,1.0555667220056055,1.4855433702468872,2.4943323135375977,1.4855433702468872,2.4943323135375977,2.4245550632476807,3.286851644515991,1.4855433702468872,0.829216480255127,1.4855433702468872,0.829216480255127,2.0355820655822754,1.4220094680786133
1231,799,5.906548500061035,2.969388484954834,0.6220667917157212,1.4768825335303943,1.1264791376764576,1.2101075649261475,2.2211785316467285,1.2101075649261475,2.2211785316467285,2.416754722595215,2.9591870307922363,1.573041558265686,0.7275540828704834,1.573041558265686,0.7275540828704834,2.115400552749634,1.2940378189086914
1232,799,1.5441828966140747,2.389648914337158,1.0860311234245694,0.8311293110127251,0.9424553976083796,1.087967038154602,1.087967038154602,1.087967038154602,1.087967038154602,1.1320184469223022,2.558887243270874,1.087967038154602,0.7975292205810547,1.087967038154602,0.7975292205810547,1.4971237182617188,1.219673991203308
1233,799,2.496938705444336,2.838557720184326,0.6829787169396879,1.7452468594908712,0.5630617799609898,1.9910136461257935,2.4556081295013428,1.9910136461257935,2.4556081295013428,1.3286969661712646,2.4556081295013428,1.9910136461257935,0.6394586563110352,1.9910136461257935,0.6394586563110352,2.223310947418213,1.0247455835342407
1234,799,4.861133098602295,3.121260166168213,0.7999368204424777,0.8413676782573265,1.6756071961919465,2.0278096199035645,3.149890422821045,2.0278096199035645,3.149890422821045,0.984208345413208,3.149890422821045,2.0278096199035645,0.8585383892059326,2.0278096199035645,0.8585383892059326,2.333834648132324,1.2875142097473145
1235,799,3.9284305572509766,2.644570827484131,1.1265838013465208,1.21032082075874,0.6323263527328771,0.05054640769958496,2.389270782470703,0.05054640769958496,2.389270782470703,1.2708194255828857,2.389270782470703,1.2720341682434082,0.8331859111785889,1.2720341682434082,0.8331859111785889,1.8306524753570557,1.262873888015747
1236,799,2.8353075981140137,3.413851499557495,1.056560328540703,1.7931608834241826,0.9366319709022841,1.6920411586761475,2.9239768981933594,1.6920411586761475,2.9239768981933594,2.6275434494018555,2.9239768981933594,1.6920411586761475,0.9505214691162109,1.6920411586761475,0.9505214691162109,2.308009147644043,1.519439458847046
1237,799,4.4295573234558105,3.747776985168457,0.9069021341328827,1.5162247649331886,1.4413837038104729,0.8533434867858887,2.35929012298584,0.8533434867858887,2.35929012298584,2.695758819580078,3.631617784500122,1.3075175285339355,0.7755007743835449,1.3075175285339355,0.7755007743835449,2.1637024879455566,1.5800855159759521
1238,799,4.960444927215576,3.473954916000366,1.1415453962857525,1.3152888384709756,1.271789434614281,0.4663112163543701,2.792545795440674,0.4663112163543701,2.792545795440674,1.9779905080795288,3.54862904548645,1.4074134826660156,1.4572484493255615,1.4074134826660156,1.4572484493255615,2.1025242805480957,2.0279531478881836
1239,799,2.6998074054718018,3.4478201866149902,1.2476071694741644,1.460524983430902,0.8952271212885781,1.1803178787231445,2.863352060317993,1.1803178787231445,2.863352060317993,2.6092562675476074,2.863352060317993,1.3945116996765137,0.9406082630157471,1.3945116996765137,0.9406082630157471,2.128931999206543,1.5919899940490723
1240,799,6.028944969177246,3.736414909362793,0.8375101574696608,1.7260161888226861,1.4146345100924371,1.7398635149002075,2.698105573654175,1.7398635149002075,2.698105573654175,3.0518131256103516,3.7737879753112793,1.7398635149002075,0.7878189086914062,1.7398635149002075,0.7878189086914062,2.493011951446533,1.6343679428100586
1241,799,4.148860454559326,3.665421962738037,1.2841278133355085,1.0751517801359296,1.4305312744341787,1.211116075515747,3.6149046421051025,1.211116075515747,3.6149046421051025,2.4352173805236816,3.6149046421051025,1.7081613540649414,0.9346671104431152,1.7081613540649414,0.9346671104431152,2.23449444770813,1.7808928489685059
1242,799,2.974362373352051,3.7749199867248535,1.1020893190801142,1.842092916294932,0.8864174004644161,1.7064611911773682,3.061823844909668,1.7064611911773682,3.061823844909668,2.3308091163635254,3.061823844909668,1.7064611911773682,0.851205587387085,1.7064611911773682,0.851205587387085,2.3841423988342285,1.451804280281067
1243,799,5.5030388832092285,4.040860652923584,0.7529431421433892,1.6013645862167083,1.7419604445745542,1.9632277488708496,4.039236545562744,1.9632277488708496,4.039236545562744,2.814415216445923,4.039236545562744,1.9632277488708496,0.6109259128570557,1.9632277488708496,0.6109259128570557,2.74580454826355,1.6394113302230835
1244,799,3.5893497467041016,3.640756607055664,1.2614710009687886,1.183305650198212,1.297211020834123,0.8957674503326416,3.681786298751831,0.8957674503326416,3.681786298751831,2.256258487701416,3.681786298751831,1.5428440570831299,0.9360175132751465,1.5428440570831299,0.9360175132751465,2.1050219535827637,1.7512043714523315
1245,799,2.677635669708252,3.7737088203430176,1.1353158290684215,1.718383534625173,0.9195993278175596,1.7945067882537842,3.0337367057800293,1.7945067882537842,3.0337367057800293,2.306403160095215,3.0337367057800293,1.7945067882537842,0.8652098178863525,1.7945067882537842,0.8652098178863525,2.414121627807617,1.5096583366394043
1246,799,4.254403591156006,3.528701066970825,0.8396139563092344,1.3956873903920253,1.526754367876177,2.074564218521118,3.6865832805633545,2.074564218521118,3.6865832805633545,2.6532113552093506,3.6865832805633545,2.074564218521118,0.9275059700012207,2.074564218521118,0.9275059700012207,2.6517348289489746,1.7435994148254395
1247,799,2.6831581592559814,3.355921506881714,0.9913982828706507,1.105996664687991,1.2679593599960204,1.161346435546875,3.277534008026123,1.161346435546875,3.277534008026123,1.5766650438308716,3.277534008026123,1.5119667053222656,0.966590166091919,1.5119667053222656,0.966590166091919,1.988116979598999,1.6683703660964966
1248,799,1.8889282941818237,3.45505428314209,0.8237858730306229,1.600348696143677,0.9118085083675878,1.7245155572891235,2.6621177196502686,1.7245155572891235,2.6621177196502686,2.18658185005188,3.3540308475494385,1.7245155572891235,0.9365723133087158,1.7245155572891235,0.9365723133087158,2.2561874389648438,1.5266658067703247
1249,799,3.8224027156829834,3.2178432941436768,0.5621489809950195,1.1742486338814098,1.460338610460361,1.9182765483856201,3.182321310043335,1.9182765483856201,3.182321310043335,2.3059215545654297,3.182321310043335,1.9182765483856201,0.6403934955596924,1.9182765483856201,0.6403934955596924,2.395808696746826,1.357584834098816
1250,799,2.980755090713501,2.3945019245147705,0.8162476763998467,0.8999355687697727,0.8011905684446301,0.02249455451965332,1.8902902603149414,0.02249455451965332,1.8902902603149414,0.9780654907226562,1.8902902603149414,1.0453150272369385,1.1711676120758057,1.0453150272369385,1.1711676120758057,1.46780264377594,1.4859257936477661
1251,565,0.30445408821105957,2.942558526992798,0.7157991738120719,1.5813898222769294,0.7775775254393618,1.6430693864822388,2.1993215084075928,1.6430693864822388,2.1993215084075928,1.624174952507019,2.790224075317383,1.6430693864822388,0.6346845626831055,1.6430693864822388,0.6346845626831055,1.9684736728668213,1.0751793384552002
1252,799,3.8902769088745117,2.534274101257324,0.10676789616545035,1.2130919157092772,1.17258030967166,0.9579744338989258,1.5078314542770386,0.9579744338989258,1.5078314542770386,2.189030408859253,2.4703152179718018,1.4076640605926514,0.11984634399414062,1.4076640605926514,0.11984634399414062,1.9169845581054688,0.875023603439331
1253,799,4.123106479644775,1.9186325073242188,0.8911277787294238,0.15478042829781802,0.9431252169515936,0.8089581727981567,1.9605121612548828,0.8089581727981567,1.9605121612548828,1.6286331415176392,1.9605121612548828,1.126833200454712,0.14027023315429688,1.126833200454712,0.14027023315429688,1.4854811429977417,0.6818804740905762
1254,799,1.4680001735687256,2.266545295715332,0.8632759885489942,1.430559057965875,0.023819051012397008,1.2593107223510742,2.2347519397735596,1.2593107223510742,2.2347519397735596,2.125971794128418,2.2347519397735596,1.3357429504394531,0.14390945434570312,1.3357429504394531,0.14390945434570312,1.7852474451065063,0.5225062966346741
1255,799,4.39506721496582,3.219550132751465,0.43785708770155907,1.6237457039207224,1.3137263917922972,1.9745160341262817,2.428502321243286,1.9745160341262817,2.428502321243286,3.0811612606048584,3.336249589920044,1.9745160341262817,0.5017151832580566,1.9745160341262817,0.5017151832580566,2.559659719467163,1.3059451580047607
1256,799,2.855647087097168,3.209385633468628,0.9257044578095275,0.7108376684909068,1.5165537244205671,1.7733546495437622,3.1473207473754883,1.7733546495437622,3.1473207473754883,2.6204686164855957,3.1473207473754883,1.8905069828033447,0.6404416561126709,1.8905069828033447,0.6404416561126709,2.2992286682128906,1.2211641073226929
1257,565,2.463233709335327,2.557968854904175,0.6912339551374314,1.5539098010212182,0.5568479892238978,1.6928067207336426,2.222504138946533,1.6928067207336426,2.222504138946533,1.9446049928665161,2.222504138946533,1.6928067207336426,0.687240481376648,1.6928067207336426,0.687240481376648,1.957655429840088,1.0101145505905151
1258,799,3.9564568996429443,3.4354493618011475,0.5246389093250037,1.372850586846471,1.5964796467125413,2.2038910388946533,3.4311962127685547,2.2038910388946533,3.4311962127685547,2.6939947605133057,3.4311962127685547,2.2038910388946533,0.6001653671264648,2.2038910388946533,0.6001653671264648,2.6949386596679688,1.374698519706726
1259,799,2.837878704071045,2.6926827430725098,0.7781553370257219,0.9974808964257442,1.0067852688704921,0.8381010293960571,2.7003986835479736,0.8381010293960571,2.7003986835479736,1.238579273223877,2.7003986835479736,1.3301401138305664,0.9097533226013184,1.3301401138305664,0.9097533226013184,1.7801650762557983,1.4384167194366455
1260,799,3.3780763149261475,3.0927462577819824,0.5903129298364127,1.6282226587769886,0.9371482389171915,1.866937518119812,2.5255720615386963,1.866937518119812,2.5255720615386963,2.241590738296509,3.1721792221069336,1.866937518119812,0.6826684474945068,1.866937518119812,0.6826684474945068,2.306579113006592,1.2876380681991577
1261,799,1.922178030014038,3.4152519702911377,0.7710296025127175,1.2118461767584083,1.4329564782977102,1.945557951927185,3.482156276702881,1.945557951927185,3.482156276702881,2.5808095932006836,3.482156276702881,1.945557951927185,0.8482093811035156,1.945557951927185,0.8482093811035156,2.46431303024292,1.6646296977996826
1262,799,2.0726513862609863,3.1602585315704346,0.4911087700352068,1.4984674202837052,1.0362947020493447,1.7388415336608887,2.278925895690918,1.7388415336608887,2.278925895690918,2.6113243103027344,3.1128885746002197,1.7388415336608887,0.5484108924865723,1.7388415336608887,0.5484108924865723,2.2632906436920166,1.2759448289871216
1263,799,3.632828712463379,2.5126326084136963,0.5420483977595967,0.7844109303007523,1.1150198187182347,1.56965970993042,2.5419840812683105,1.56965970993042,2.5419840812683105,1.747671365737915,2.5419840812683105,1.56965970993042,0.6984434127807617,1.56965970993042,0.6984434127807617,1.9180340766906738,1.1562321186065674
1264,799,4.5335259437561035,1.9694420099258423,0.7058489762184521,0.8413901998785633,0.6191755440210303,0.19461798667907715,1.630458950996399,0.19461798667907715,1.630458950996399,1.0062779188156128,1.630458950996399,0.8008694648742676,0.9278085231781006,0.8008694648742676,0.9278085231781006,1.2156641483306885,1.1864911317825317
1265,799,4.344408988952637,3.21058988571167,1.0073601801910748,1.381162885244315,0.8447732705560824,1.0500333309173584,2.653698205947876,1.0500333309173584,2.653698205947876,2.2087180614471436,2.653698205947876,1.5089151859283447,0.980841875076294,1.5089151859283447,0.980841875076294,2.0813066959381104,1.5154446363449097
1266,799,3.9503023624420166,3.6531386375427246,0.9618133061875902,1.6843153997448583,1.0787255128410955,1.5687966346740723,2.8606419563293457,1.5687966346740723,2.8606419563293457,2.5983285903930664,3.678253173828125,1.5687966346740723,0.6536083221435547,1.5687966346740723,0.6536083221435547,2.2297539710998535,1.4852361679077148
1267,799,3.9670445919036865,3.7037830352783203,0.8158598045818515,1.6178868737258014,1.4492272982746357,1.5348007678985596,2.557297468185425,1.5348007678985596,2.557297468185425,3.058894634246826,3.76924467086792,1.6496820449829102,0.6406056880950928,1.6496820449829102,0.6406056880950928,2.390444755554199,1.4989957809448242
1268,799,4.702081680297852,3.911726951599121,0.8376363562916715,1.6124254443993173,1.6160414938752847,1.9038801193237305,3.9299850463867188,1.9038801193237305,3.9299850463867188,3.200298547744751,3.9299850463867188,1.9038801193237305,0.7229535579681396,1.9038801193237305,0.7229535579681396,2.6184167861938477,1.6187797784805298
1269,799,3.7365312576293945,3.780266046524048,1.0405957044412695,1.4649119312067822,1.3557689298441016,0.8311505317687988,2.572094678878784,0.8311505317687988,2.572094678878784,2.234198570251465,3.7792630195617676,1.1350927352905273,0.8528037071228027,1.1350927352905273,0.8528037071228027,1.9902639389038086,1.601773977279663
1270,282,2.701838493347168,3.6250545978546143,0.6400684275726478,1.0797818477700156,1.054664718682567,1.1460504531860352,2.1961071491241455,1.1460504531860352,2.1961071491241455,2.406618118286133,3.7397589683532715,1.1460504531860352,0.569678783416748,1.1460504531860352,0.569678783416748,1.9109275341033936,1.4141950607299805
1271,799,4.5849928855896,3.9830758571624756,0.7909851346661658,1.5130963254471612,1.7538326875617107,2.089688301086426,3.9576261043548584,2.089688301086426,3.9576261043548584,3.1705431938171387,3.9576261043548584,2.089688301086426,0.6774487495422363,2.089688301086426,0.6774487495422363,2.7776947021484375,1.554497241973877
1272,799,1.003260850906372,3.615523338317871,1.033554990701377,1.2120691273361444,1.4615326197817926,1.3821265697479248,3.614409923553467,1.3821265697479248,3.614409923553467,1.7057451009750366,3.614409923553467,1.8286515474319458,0.9469211101531982,1.8286515474319458,0.9469211101531982,2.3047561645507812,1.684224247932434
1273,799,3.1399595737457275,2.9582667350769043,0.2887191283454493,1.8119133037825428,0.9571398998548588,2.1014211177825928,2.3106117248535156,2.1014211177825928,2.3106117248535156,2.3481006622314453,2.9530184268951416,2.1014211177825928,0.33456993103027344,2.1014211177825928,0.33456993103027344,2.4649949073791504,0.9261455535888672
1274,399,2.9595372676849365,2.9424362182617188,0.769567404699822,0.2453743646790585,1.4647290131573876,1.8412818908691406,2.895242691040039,1.8412818908691406,2.895242691040039,2.3151583671569824,2.895242691040039,1.8412818908691406,0.4392547607421875,1.8412818908691406,0.4392547607421875,2.244515895843506,0.9485386610031128
1275,799,1.944021224975586,1.5842220783233643,0.47331508725260685,1.0543403868128856,0.28138128827636466,0.9875206351280212,1.422861099243164,0.9875206351280212,1.422861099243164,1.3947789669036865,1.422861099243164,0.9875206351280212,0.39875054359436035,0.9875206351280212,0.39875054359436035,1.205190896987915,0.5876977443695068
1276,799,4.1734771728515625,3.030482769012451,0.5382977006630973,1.330934765124693,1.3228088643075901,1.4309215545654297,2.1310300827026367,1.4309215545654297,2.1310300827026367,2.7051172256469727,3.024437665939331,1.5346198081970215,0.611222505569458,1.5346198081970215,0.611222505569458,2.149829387664795,1.3751310110092163
1277,799,0.24974046647548676,2.722484588623047,0.8378888188302516,0.9416727955266835,1.122747739814222,0.9204913377761841,2.8122615814208984,0.9204913377761841,2.8122615814208984,0.8128516674041748,2.8122615814208984,1.4476279020309448,0.8119683265686035,1.4476279020309448,0.8119683265686035,1.775571346282959,1.3918640613555908
1278,799,1.0497146844863892,2.2425875663757324,0.1737319940576949,1.6573309865842263,0.6081589120129747,1.7392070293426514,1.7939453125,1.7392070293426514,1.7939453125,1.6474862098693848,2.2771174907684326,1.7392070293426514,0.09764862060546875,1.7392070293426514,0.09764862060546875,1.9926081895828247,0.4764668941497803
1279,799,3.4028210639953613,2.100757122039795,0.38238171804696286,0.2522847317159176,1.5442311202362182,1.7628116607666016,2.035693645477295,1.7628116607666016,2.035693645477295,1.41838538646698,2.035693645477295,1.7628116607666016,0.14133739471435547,1.7628116607666016,0.14133739471435547,1.8573626279830933,0.3513902425765991
1280,799,0.8368338942527771,0.8020639419555664,0.5086750088383754,0.41617104699214297,0.05587248538931222,0.45129790902137756,0.45129790902137756,0.45129790902137756,0.45129790902137756,0.12179982662200928,0.7472023963928223,0.45129790902137756,0.08378911018371582,0.45129790902137756,0.08378911018371582,0.5992501378059387,0.21453796327114105
1281,799,1.8653755187988281,1.7338207960128784,0.2719652264068526,1.2843746023873488,0.30898925739030014,1.3427871465682983,1.4987796545028687,1.3427871465682983,1.4987796545028687,0.8635530471801758,1.7811404466629028,1.3427871465682983,0.23722338676452637,1.3427871465682983,0.23722338676452637,1.5025428533554077,0.4242767095565796
1282,799,3.6443192958831787,1.7698105573654175,0.46505824372327553,0.47298874063572516,1.0292195429063096,1.319575309753418,1.8480956554412842,1.319575309753418,1.8480956554412842,0.8292784690856934,1.8480956554412842,1.319575309753418,0.5320669412612915,1.319575309753418,0.5320669412612915,1.4413986206054688,0.7313554286956787
1283,799,-0.6485059857368469,1.806545615196228,0.8013307270283498,0.6632191427300371,0.32745970933387714,0.8471617698669434,0.8471617698669434,0.8471617698669434,0.8471617698669434,0.8817465305328369,1.5367205142974854,0.8471617698669434,0.49727296829223633,0.8471617698669434,0.49727296829223633,1.1919411420822144,0.8203040957450867
1284,565,1.7624964714050293,1.7662086486816406,0.2024576172108452,1.1370114144061998,0.6513904156287514,1.241325855255127,1.116039752960205,1.241325855255127,1.116039752960205,1.270796775817871,1.726987600326538,1.241325855255127,0.22006750106811523,1.241325855255127,0.22006750106811523,1.5381529331207275,0.47082632780075073
1285,565,2.502981662750244,1.484116792678833,0.31174572008972334,0.36537847322101347,1.3274608314161498,1.3310513496398926,1.4687721729278564,1.3310513496398926,1.4687721729278564,0.33513379096984863,1.4687721729278564,1.3310513496398926,0.38585197925567627,1.3310513496398926,0.38585197925567627,1.2397059202194214,0.2334420084953308
1286,799,0.678400456905365,0.6213396191596985,0.3410699631894626,0.7068505619155867,0.3537227116835614,0.2969242334365845,0.7947693467140198,0.2969242334365845,0.7947693467140198,1.6031389236450195,0.6082873344421387,0.5208202600479126,0.2608969211578369,0.5208202600479126,0.2608969211578369,0.3936806917190552,0.15890485048294067
1287,565,1.5317585468292236,1.7079846858978271,0.12391775819162532,0.767121419335405,0.5873272530237834,0.998733401298523,1.143547773361206,0.998733401298523,1.143547773361206,1.384775161743164,1.7532966136932373,0.998733401298523,0.1992323398590088,0.998733401298523,0.1992323398590088,1.318172812461853,0.6346344947814941
1288,565,1.9187341928482056,1.459018588066101,0.2874447273587183,0.2138059770440064,0.7995626735438903,0.9997820854187012,1.4725321531295776,0.9997820854187012,1.4725321531295776,1.111435890197754,1.4725321531295776,0.9997820854187012,0.28858470916748047,0.9997820854187012,0.28858470916748047,1.1480193138122559,0.4826309382915497
1289,565,0.9154428839683533,1.0430198907852173,0.272228943745916,0.3994407706738761,0.1286512638566395,0.36569279432296753,0.7770529985427856,0.36569279432296753,0.7770529985427856,0.654201865196228,0.7770529985427856,0.4787473678588867,0.26546233892440796,0.4787473678588867,0.26546233892440796,0.6279001832008362,0.4074910581111908
1290,565,0.6478164196014404,1.4901012182235718,0.14526673043767624,0.5274762783447899,0.4723580935100715,0.7050597667694092,0.8946170806884766,0.7050597667694092,0.8946170806884766,1.1209228038787842,1.4082603454589844,0.7050597667694092,0.24119985103607178,0.7050597667694092,0.24119985103607178,0.9802641868591309,0.5773777365684509
1291,565,2.205688238143921,1.2779593467712402,0.07607695687562221,0.20857992257922886,0.6163102393411101,0.8601818084716797,1.2678349018096924,0.8601818084716797,1.2678349018096924,0.8327562808990479,1.2678349018096924,0.8601818084716797,0.17403078079223633,0.8601818084716797,0.17403078079223633,0.996707022190094,0.35407397150993347
1292,565,2.547973155975342,0.879272997379303,0.3748073519455891,0.05320043573776867,0.15949574456239735,0.48524779081344604,0.48524779081344604,0.48524779081344604,0.48524779081344604,0.3490545153617859,0.943263590335846,0.48524779081344604,0.19765478372573853,0.48524779081344604,0.19765478372573853,0.6283621788024902,0.3563242256641388
1293,565,0.013106932863593102,1.4347118139266968,0.42208845876157275,0.603007566574961,0.018744899239391044,0.7044591903686523,1.2183376550674438,0.7044591903686523,1.2183376550674438,1.1211483478546143,1.2183376550674438,0.8080331087112427,0.25772225856781006,0.8080331087112427,0.25772225856781006,1.0131853818893433,0.5008120536804199
1294,799,1.153119444847107,2.078613758087158,0.0561882116397221,1.1446108565231161,0.8552423757811389,1.2586100101470947,1.2624239921569824,1.2586100101470947,1.2624239921569824,1.9074299335479736,2.0051183700561523,1.2586100101470947,0.0046231746673583984,1.2586100101470947,0.0046231746673583984,1.6307415962219238,0.595344066619873
1295,799,2.632500410079956,1.381763219833374,0.3845597954420372,0.0914080560952426,1.1016737402928993,1.1831185817718506,1.4470393657684326,1.1831185817718506,1.4470393657684326,1.1318211555480957,1.4470393657684326,1.1831185817718506,0.00751495361328125,1.1831185817718506,0.00751495361328125,1.31253981590271,0.1838303804397583
1296,799,1.5895774364471436,0.6459320783615112,0.4184362566967804,0.5169298334543903,0.08544088995705024,0.09017759561538696,0.6909497380256653,0.09017759561538696,0.6909497380256653,0.13840055465698242,0.6909497380256653,0.3248753845691681,0.005293607711791992,0.3248753845691681,0.005293607711791992,0.5079125761985779,0.12633827328681946
1297,799,-0.35897296667099,1.5940014123916626,0.38896528042852885,1.0062796038482338,0.3720798749942331,1.0196199417114258,1.345508098602295,1.0196199417114258,1.345508098602295,1.1237777471542358,1.345508098602295,1.0196199417114258,0.545310378074646,1.0196199417114258,0.545310378074646,1.1825640201568604,0.6803227663040161
1298,799,0.5025266408920288,1.4808942079544067,0.05766730275470766,0.8794513886701314,0.9778684596857057,1.0919967889785767,1.5378830432891846,1.0919967889785767,1.5378830432891846,1.251631498336792,1.5378830432891846,1.0919967889785767,0.1329284906387329,1.0919967889785767,0.1329284906387329,1.3489024639129639,0.38387787342071533
1299,799,0.9442237019538879,0.41411450505256653,0.18482489739855135,0.03369692305723826,0.5645425367106994,0.5276807546615601,0.44484013319015503,0.5276807546615601,0.44484013319015503,0.4349382519721985,0.44484013319015503,0.5276807546615601,0.14613541960716248,0.5276807546615601,0.14613541960716248,0.5681545734405518,0.09711553156375885
1300,799,-2.2474441528320312,0.24811702966690063,0.23869367502629757,0.4108554938063026,0.2239010920003056,0.0230293869972229,0.352493017911911,0.0230293869972229,0.352493017911911,0.17120878398418427,0.352493017911911,0.19695232808589935,0.15334713459014893,0.19695232808589935,0.15334713459014893,0.2747226655483246,0.08172298967838287
1301,799,0.014361740089952946,0.039829157292842865,0.34884015594919515,0.580822735937933,0.145676369133095,0.35896366834640503,0.0016898363828659058,0.35896366834640503,0.0016898363828659058,0.403354287147522,0.0016898363828659058,0.35896366834640503,0.08026938140392303,0.35896366834640503,0.08026938140392303,0.18032675981521606,0.15770253539085388
1302,799,0.08781081438064575,-0.6086007356643677,0.047653036545962424,0.9137342527508738,0.29588491013273593,2.0207901000976562,0.9172233939170837,2.0207901000976562,0.9172233939170837,1.6424524784088135,0.6533980369567871,0.9197883605957031,0.0028595924377441406,0.9197883605957031,0.0028595924377441406,0.7874422669410706,0.15250733494758606
1303,799,0.20068605244159698,-0.6157797574996948,0.02713518598427367,0.24538786099602777,0.6945031384254494,1.360771656036377,0.6037111878395081,1.360771656036377,0.6037111878395081,1.383028268814087,0.6037111878395081,0.6208240389823914,0.004751801490783691,0.6208240389823914,0.004751801490783691,0.6182778477668762,0.007829487323760986
1304,799,0.05082356929779053,0.10882999002933502,0.06721111513674258,0.1938080243766308,0.02832776110619309,0.008555471897125244,0.07091210037469864,0.008555471897125244,0.07091210037469864,0.03174591064453125,0.07091210037469864,0.03031766414642334,0.005334928631782532,0.03031766414642334,0.005334928631782532,0.05061488226056099,0.02543332427740097
1305,799,-1.3545491695404053,0.13821899890899658,0.016184067515035483,0.1834194103007515,0.013542564834157611,0.08216586709022522,0.08676192164421082,0.08216586709022522,0.08676192164421082,0.07333129644393921,0.08676192164421082,0.08216586709022522,0.01895761489868164,0.08216586709022522,0.01895761489868164,0.08446389436721802,0.021197646856307983
1306,799,-0.5225478410720825,-0.34539517760276794,0.21645066032807037,0.12954886888464295,0.05597881791492304,0.4735301733016968,0.253288209438324,0.4735301733016968,0.253288209438324,0.5024264454841614,0.23674115538597107,0.253288209438324,0.047335654497146606,0.253288209438324,0.047335654497146606,0.24501468241214752,0.05609004199504852
1307,799,-0.9578544497489929,-0.7229022979736328,0.11487449870755273,0.4453978228320678,0.05573532545318205,1.126737117767334,0.6977369785308838,1.126737117767334,0.6977369785308838,1.285552978515625,0.6977369785308838,0.612450122833252,0.018395423889160156,0.612450122833252,0.018395423889160156,0.6550935506820679,0.04887044429779053
1308,799,-0.6189010739326477,-0.724320650100708,0.14580867956082022,0.12771329777936147,0.40564946683744585,0.6039952635765076,0.7193312644958496,0.6039952635765076,0.7193312644958496,0.8627784848213196,0.7193312644958496,0.365947425365448,0.22784990072250366,0.365947425365448,0.22784990072250366,0.44407081604003906,0.2821402847766876
1309,799,-0.741529107093811,-0.7178794145584106,0.12551267503450314,0.32201056535045314,0.24479819624374305,0.5641463398933411,0.5216747522354126,0.5641463398933411,0.5216747522354126,0.72071772813797,0.6993145942687988,0.4123150706291199,0.11693096160888672,0.4123150706291199,0.11693096160888672,0.49302878975868225,0.21691730618476868
1310,799,-2.31341814994812,-0.7753182649612427,0.1528104974453648,0.2235625250761708,0.44446514782806235,0.39038804173469543,0.746484100818634,0.39038804173469543,0.746484100818634,0.7074256539344788,0.746484100818634,0.2880011796951294,0.10752344131469727,0.2880011796951294,0.10752344131469727,0.45020538568496704,0.26964154839515686
1311,799,1.1500650644302368,-0.8138457536697388,0.4547039033814023,0.21957962788331015,0.19722627743768195,0.6510140895843506,0.3910422623157501,0.6510140895843506,0.3910422623157501,0.951880156993866,0.6948574781417847,0.3910422623157501,0.15993118286132812,0.3910422623157501,0.15993118286132812,0.5429498553276062,0.3106216788291931
1312,799,-1.3030006885528564,-1.089593768119812,0.16019674830759523,1.0161221712765591,0.34303939109047255,1.994564175605774,0.8444071412086487,1.994564175605774,0.8444071412086487,3.4731125831604004,1.0600144863128662,0.9542632102966309,0.18716883659362793,0.9542632102966309,0.18716883659362793,1.0874052047729492,0.1399524211883545
1313,799,-2.2633540630340576,-0.30606719851493835,0.17578829439356936,0.5999244399368764,0.7541088459454477,1.6905720233917236,0.2722320556640625,1.6905720233917236,0.2722320556640625,1.1989097595214844,0.2722320556640625,0.49964576959609985,0.08767315745353699,0.49964576959609985,0.08767315745353699,0.2884168028831482,0.2407330870628357
1314,799,0.4558229148387909,-0.6474437713623047,0.5309386180713771,0.5020295497775078,0.30791045989841204,1.2408027648925781,0.4634442925453186,1.2408027648925781,0.4634442925453186,2.3909430503845215,0.9936486482620239,0.4634442925453186,0.26933950185775757,0.4634442925453186,0.26933950185775757,0.7285465002059937,0.27606508135795593
1315,799,-1.5492160320281982,-1.4856865406036377,0.04267284716168995,1.094899497454365,0.561722734843691,1.9154541492462158,1.0683809518814087,1.9154541492462158,1.0683809518814087,3.092153787612915,1.494110107421875,1.1077117919921875,0.09773421287536621,1.1077117919921875,0.09773421287536621,1.3298864364624023,0.26764369010925293
1316,799,-0.18938876688480377,-0.5369884967803955,0.2238995227776468,0.22195657523348944,0.7639149330928923,1.2320914268493652,0.5347794890403748,1.2320914268493652,0.5347794890403748,2.288490056991577,0.5347794890403748,0.48994073271751404,0.2202795147895813,0.48994073271751404,0.2202795147895813,0.6031271815299988,0.14933037757873535
1317,799,-1.1745202541351318,-0.6179122924804688,0.0756033118317524,0.580414152915279,0.07599306126435579,1.2505263090133667,0.7022271156311035,1.2505263090133667,0.7022271156311035,1.1270294189453125,0.5849464535713196,0.6764461994171143,0.03546440601348877,0.6764461994171143,0.03546440601348877,0.6199417114257812,0.0773838460445404
1318,799,-2.367730140686035,-0.7526630759239197,0.19819125438729923,0.04526350213835617,0.5795643990362687,0.8712658882141113,0.7474024295806885,0.8712658882141113,0.7474024295806885,1.3358542919158936,0.7474024295806885,0.481275737285614,0.0754162073135376,0.481275737285614,0.0754162073135376,0.5834835767745972,0.14427423477172852
1319,799,-0.8294350504875183,-1.0594691038131714,0.5013423879413553,0.47843742077859724,0.10081715291986892,0.8972022533416748,0.43683815002441406,0.8972022533416748,0.43683815002441406,1.6138628721237183,0.9862446188926697,0.43683815002441406,0.06829822063446045,0.43683815002441406,0.06829822063446045,0.7115414142608643,0.36380845308303833
1320,799,0.11457651853561401,-1.8310390710830688,0.22678151934097213,1.099285649365435,0.47819677033151176,1.8490784168243408,1.4039692878723145,1.8490784168243408,1.4039692878723145,2.227600336074829,1.7783619165420532,1.2812174558639526,0.2043159008026123,1.2812174558639526,0.2043159008026123,1.4576821327209473,0.4677239656448364
1321,799,-2.541403293609619,-1.0638025999069214,0.0131525512039663,0.2991633580625057,0.826474237218499,1.528080701828003,1.0621947050094604,1.528080701828003,1.0621947050094604,2.2412333488464355,1.0621947050094604,0.756532609462738,0.010087251663208008,0.756532609462738,0.010087251663208008,0.917171835899353,0.2072005569934845
1322,799,0.4292125403881073,-0.4982314705848694,0.4075660286595424,0.1385430741931002,0.3024870617066821,0.6452123522758484,0.3141626715660095,0.6452123522758484,0.3141626715660095,1.2686916589736938,0.5215041637420654,0.3141626715660095,0.043788254261016846,0.3141626715660095,0.043788254261016846,0.43823081254959106,0.09667925536632538
1323,799,-0.57269686460495,-0.9139775037765503,0.09152708278348054,0.9340345843012136,0.05127297719319668,1.6116694211959839,0.9090882539749146,1.6116694211959839,0.9090882539749146,1.5457346439361572,0.9090882539749146,0.9651697874069214,0.043302178382873535,0.9651697874069214,0.043302178382873535,0.937129020690918,0.08533316850662231
1324,799,-1.6935110092163086,-0.6818711757659912,0.06555151474972576,0.3132111197958389,0.9580392073591548,1.9112823009490967,0.7351783514022827,1.9112823009490967,0.7351783514022827,1.704331636428833,0.7351783514022827,0.80953449010849,0.01178044080734253,0.80953449010849,0.01178044080734253,0.7340826392173767,0.08971387147903442
1325,799,-1.1040809154510498,-0.44396305084228516,0.27709852786113814,0.09784942933668686,0.1361357368777195,0.5969862937927246,0.28196436166763306,0.5969862937927246,0.28196436166763306,0.45037078857421875,0.33407023549079895,0.28196436166763306,0.18105632066726685,0.28196436166763306,0.18105632066726685,0.2177763432264328,0.12837570905685425
1326,799,-0.6027474403381348,-0.9307968616485596,0.16706607817361785,0.57835554442058,0.17210452775160445,1.067512035369873,0.8304164409637451,1.067512035369873,0.8304164409637451,1.1986734867095947,0.9906445145606995,0.7225486636161804,0.14304643869400024,0.7225486636161804,0.14304643869400024,0.7865396738052368,0.24144741892814636
1327,799,-2.2175073623657227,-1.1606556177139282,0.06652797153840473,0.37960894967118886,0.5726980846996108,0.9526515603065491,1.1316646337509155,0.9526515603065491,1.1316646337509155,1.5580053329467773,1.1316646337509155,0.5962914228439331,0.09803390502929688,0.5962914228439331,0.09803390502929688,0.8185961246490479,0.34660354256629944
1328,799,-2.3518776893615723,-0.8784180879592896,0.3597092605382204,0.09350115712732077,0.3147870038822293,0.6319499015808105,0.36056792736053467,0.6319499015808105,0.36056792736053467,1.195474624633789,0.9630627036094666,0.36056792736053467,0.2795308828353882,0.36056792736053467,0.2795308828353882,0.546116292476654,0.4261593222618103
1329,799,0.00017184767057187855,-1.7861772775650024,0.441988786732157,0.8890455027421316,0.16213147861262178,1.6380527019500732,1.5239768028259277,1.6380527019500732,1.5239768028259277,2.2231781482696533,1.5239768028259277,1.1608304977416992,0.23100149631500244,1.1608304977416992,0.23100149631500244,1.3424036502838135,0.46112269163131714
1330,799,-2.1180849075317383,-1.593117117881775,0.029247536876549463,0.8761874449749789,0.6934424147692818,1.7605950832366943,1.066077470779419,1.7605950832366943,1.066077470779419,3.469670057296753,1.618376612663269,1.0660905838012695,2.4080276489257812e-05,1.0660905838012695,2.4080276489257812e-05,1.3422456979751587,0.3788924217224121
1331,799,-1.8177703619003296,-1.0374209880828857,0.3456068986902634,0.13014450182517368,0.8057819877068202,1.4491044282913208,1.1146634817123413,1.4491044282913208,1.1146634817123413,2.5514862537384033,1.1146634817123413,0.7210891246795654,7.033348083496094e-05,0.7210891246795654,7.033348083496094e-05,0.9179105758666992,0.12901318073272705
1332,799,-0.0012991067487746477,-0.9798667430877686,0.31477765830854565,0.7705808447922269,0.018032820758719925,1.4232561588287354,1.078515887260437,1.4232561588287354,1.078515887260437,2.1247172355651855,1.078515887260437,0.7934833765029907,6.157159805297852e-05,0.7934833765029907,6.157159805297852e-05,0.9359996318817139,0.15272778272628784
1333,799,-2.087174654006958,-1.6157618761062622,0.0057242860800277295,0.6981610394579667,0.7454528564059488,1.5167728662490845,1.5481410026550293,1.5167728662490845,1.5481410026550293,3.126404285430908,1.5481410026550293,0.7443650364875793,0.0002703666687011719,0.7443650364875793,0.0002703666687011719,1.146183967590332,0.4516042172908783
1334,565,-2.3699352741241455,-1.0715274810791016,0.40705606438219566,0.1312543730810285,0.8769538645073769,1.1848139762878418,0.9626245498657227,1.1848139762878418,0.9626245498657227,2.062641143798828,0.9626245498657227,0.6457129120826721,0.0004963874816894531,0.6457129120826721,0.0004963874816894531,0.8039589524269104,0.09916594624519348
1335,565,-1.2639706134796143,-1.085791826248169,0.49738831252480553,0.7845572708050409,0.14280988488967217,1.155107021331787,1.0464123487472534,1.155107021331787,1.0464123487472534,2.034348487854004,1.0464123487472534,0.6786044239997864,0.0005278587341308594,0.6786044239997864,0.0005278587341308594,0.8625084161758423,0.16952309012413025
1336,799,-2.8341169357299805,-1.8553060293197632,0.14865510622660372,0.9007343499983348,0.7188347486282386,1.5854148864746094,1.322969675064087,1.5854148864746094,1.322969675064087,2.2993791103363037,1.9494935274124146,1.1910016536712646,0.15943193435668945,1.1910016536712646,0.15943193435668945,1.4719265699386597,0.6081336736679077
1337,799,-1.6528595685958862,-1.7356562614440918,0.37827119340499227,0.37390223381419974,0.8059504253913959,1.3063127994537354,1.8187479972839355,1.3063127994537354,1.8187479972839355,1.9447206258773804,1.8187479972839355,0.9217960238456726,0.7337484359741211,0.9217960238456726,0.7337484359741211,1.1062698364257812,0.8710618019104004
1338,799,-2.5559029579162598,-1.7643793821334839,0.22109662608553937,0.9850049730887018,0.2813337642078597,1.6223437786102295,1.3254854679107666,1.6223437786102295,1.3254854679107666,1.8334466218948364,1.6182167530059814,1.171202301979065,0.231611967086792,1.171202301979065,0.231611967086792,1.2935279607772827,0.4495205283164978
1339,799,-0.4332050085067749,-2.141679048538208,0.3589296432336173,0.5968817144011456,0.92501846284916,1.2509983777999878,2.120638132095337,1.2509983777999878,2.120638132095337,1.9814800024032593,2.120638132095337,0.8951750993728638,0.24556422233581543,0.8951750993728638,0.24556422233581543,1.2761220932006836,0.6974912881851196
1340,799,-0.4193829894065857,-2.1577141284942627,0.07524700738179191,1.0561140326472622,0.528910527747745,2.217742443084717,1.5160993337631226,2.217742443084717,1.5160993337631226,2.9916253089904785,2.0295658111572266,1.4545063972473145,0.08380889892578125,1.4545063972473145,0.08380889892578125,1.7116352319717407,0.46824198961257935
1341,799,-0.998171865940094,-0.9055752754211426,0.04381919799062106,0.03741920632620643,0.7873293539850662,1.4723920822143555,0.9794332981109619,1.4723920822143555,0.9794332981109619,1.5571284294128418,0.9794332981109619,0.7737630009651184,0.17281222343444824,0.7737630009651184,0.17281222343444824,0.8058247566223145,0.18895941972732544
1342,565,-0.7073907256126404,-0.5215851664543152,0.29933953336750474,0.2815035831493635,0.3918629604888458,0.18587803840637207,0.4892290532588959,0.18587803840637207,0.4892290532588959,0.48558107018470764,0.4892290532588959,0.18021711707115173,0.13381949067115784,0.18021711707115173,0.13381949067115784,0.27290117740631104,0.2250499576330185
1343,799,-0.36905425786972046,-0.6636025905609131,0.12405136218294505,0.23707789355888953,0.15544827610254291,0.6704366207122803,0.5247846245765686,0.6704366207122803,0.5247846245765686,0.7848024964332581,0.6572379469871521,0.4435473084449768,0.10055196285247803,0.4435473084449768,0.10055196285247803,0.5059319138526917,0.17705295979976654
1344,565,-0.8177839517593384,-0.6778364181518555,0.14196462964018197,0.40474991103013347,0.5765677187343438,0.6356194615364075,0.6832698583602905,0.6356194615364075,0.6832698583602905,0.9312156438827515,0.6832698583602905,0.40792393684387207,0.049803853034973145,0.40792393684387207,0.049803853034973145,0.5216863751411438,0.18303421139717102
1345,565,1.0806775093078613,-0.5053325891494751,0.2588806188479066,0.21073625240474947,0.46700364515185355,0.3614314794540405,0.48485690355300903,0.3614314794540405,0.48485690355300903,0.5721299648284912,0.48485690355300903,0.25889915227890015,0.11871480941772461,0.25889915227890015,0.11871480941772461,0.32120776176452637,0.17731019854545593
1346,565,0.08115151524543762,-0.24457620084285736,0.10717971288909511,0.3735412598463397,0.2876286269413927,0.7942151427268982,0.07123465836048126,0.7942151427268982,0.07123465836048126,1.5953506231307983,0.19788849353790283,0.24496237933635712,0.18246032297611237,0.24496237933635712,0.18246032297611237,0.30928006768226624,0.11208999156951904
1347,799,-0.5013328790664673,0.10550995171070099,0.00345869024594625,0.4937996698419252,0.332946549852689,0.35165226459503174,0.36133241653442383,0.35165226459503174,0.36133241653442383,0.4747127294540405,0.10876910388469696,0.35165226459503174,0.007825285196304321,0.35165226459503174,0.007825285196304321,0.22463726997375488,0.11381063610315323
1348,799,0.8172378540039062,0.35106638073921204,0.10907058821370208,0.023104034500817383,0.3362780858824651,0.3336918354034424,0.2777128219604492,0.3336918354034424,0.2777128219604492,0.012122511863708496,0.2777128219604492,0.3336918354034424,0.025132566690444946,0.3336918354034424,0.025132566690444946,0.2938779890537262,0.047070831060409546
1349,799,2.556196689605713,-0.10917267203330994,0.10773525451620417,0.18183247853691376,0.0742977465565006,0.6534698009490967,0.0899142250418663,0.6534698009490967,0.0899142250418663,0.5532875061035156,0.0899142250418663,0.19158445298671722,0.028041154146194458,0.19158445298671722,0.028041154146194458,0.14074933528900146,0.08259979635477066
1350,565,-0.5182276964187622,0.5311251282691956,0.3713720143213869,0.14235047291964287,0.30592686176300055,0.4334070086479187,0.4334070086479187,0.4334070086479187,0.4334070086479187,0.92076176404953,0.4722498655319214,0.4334070086479187,0.18885940313339233,0.4334070086479187,0.18885940313339233,0.35314497351646423,0.1045042872428894
1351,799,2.160870313644409,0.9573638439178467,0.0979363657782476,0.8664321409662565,0.21223842052121955,0.8343992829322815,0.7589833736419678,0.8343992829322815,0.7589833736419678,0.5280967950820923,1.0119150876998901,0.8343992829322815,0.08765161037445068,0.8343992829322815,0.08765161037445068,0.9573469161987305,0.15887433290481567
1352,799,2.548959732055664,1.1727631092071533,0.4659399398540456,0.22295565225804825,0.9499326109079024,1.033637285232544,1.2513630390167236,1.033637285232544,1.2513630390167236,1.3637590408325195,1.2513630390167236,1.033637285232544,0.18895721435546875,1.033637285232544,0.18895721435546875,1.2363444566726685,0.21780171990394592
1353,565,-0.223105326294899,0.5705709457397461,0.3073888859339058,0.45532428012229503,0.3244297516439109,0.3971284329891205,0.80385422706604,0.3971284329891205,0.80385422706604,1.0109351873397827,0.6331145763397217,0.4825870096683502,0.2878502607345581,0.4825870096683502,0.2878502607345581,0.39927536249160767,0.2134685516357422
1354,565,0.7350343465805054,1.4732849597930908,0.11599232307324803,0.6975259863336878,0.7424947894488774,0.8101321458816528,1.581856369972229,0.8101321458816528,1.581856369972229,1.4560801982879639,1.581856369972229,0.960364818572998,0.0417790412902832,0.960364818572998,0.0417790412902832,1.2881592512130737,0.3801514506340027
1355,799,0.4979662597179413,0.9432317018508911,0.1754641172693422,0.10304103421668187,0.8969983392612386,0.9173558354377747,0.9614579081535339,0.9173558354377747,0.9614579081535339,0.7630175948143005,0.9614579081535339,0.9173558354377747,0.08022570610046387,0.9173558354377747,0.08022570610046387,0.9748300313949585,0.08012613654136658
1356,799,0.3063361644744873,0.3168746829032898,0.090306759228309,0.2491415051495035,0.16244232612351572,0.2047116905450821,0.2735821008682251,0.2047116905450821,0.2735821008682251,0.1840580701828003,0.20569898188114166,0.2047116905450821,0.06575849652290344,0.2047116905450821,0.06575849652290344,0.16971826553344727,0.033796653151512146
1357,799,-0.1264083832502365,0.6457051634788513,0.08236645862460146,0.29077427100390196,0.24416030768305053,0.09034186601638794,0.21729129552841187,0.09034186601638794,0.21729129552841187,0.3349553346633911,0.4649546444416046,0.17523661255836487,0.039653897285461426,0.17523661255836487,0.039653897285461426,0.3005315661430359,0.15707848966121674
1358,565,-0.8240636587142944,0.15084728598594666,0.10222478009139502,0.003566177369405829,0.03119128408531353,0.13875159621238708,0.023015648126602173,0.13875159621238708,0.023015648126602173,0.020412907004356384,0.21424491703510284,0.023015648126602173,0.08192674815654755,0.023015648126602173,0.08192674815654755,0.07682955265045166,0.1590794324874878
1359,565,-1.0092442035675049,-0.08378486335277557,0.23182032174120348,0.10345594248423973,0.026989383871356687,0.35382330417633057,0.14995039999485016,0.35382330417633057,0.14995039999485016,0.49325019121170044,0.18322642147541046,0.14995039999485016,0.11539721488952637,0.14995039999485016,0.11539721488952637,0.1665884107351303,0.09703925251960754
1360,799,-0.6220866441726685,-0.46915778517723083,0.13388356724133088,0.2866468171526988,0.052450355899830714,0.5911298990249634,0.47431302070617676,0.5911298990249634,0.47431302070617676,0.822045087814331,0.47431302070617676,0.3386896848678589,0.043019652366638184,0.3386896848678589,0.043019652366638184,0.4065013527870178,0.1171407699584961
1361,799,-2.1991193294525146,-0.6829975843429565,0.11709646325558443,0.28146922186017026,0.35456528563052414,0.33898451924324036,0.7739204168319702,0.33898451924324036,0.7739204168319702,0.8747082948684692,0.7739204168319702,0.2712516486644745,0.10346800088882446,0.2712516486644745,0.10346800088882446,0.4686959385871887,0.3024217486381531
1362,565,-2.402974843978882,-0.9213437438011169,0.44494957709064087,0.3202260976781448,0.5149255199854572,0.5681334137916565,0.9353399276733398,0.5681334137916565,0.9353399276733398,1.186970829963684,0.9353399276733398,0.41624677181243896,0.18046748638153076,0.41624677181243896,0.18046748638153076,0.5896366238594055,0.35204017162323
1363,565,-0.27760714292526245,-1.3574105501174927,0.4795589869221053,0.8726138919716079,0.48154860676576683,1.1584302186965942,1.1146385669708252,1.1584302186965942,1.1146385669708252,1.3641626834869385,1.380828857421875,0.7650550603866577,0.26328396797180176,0.7650550603866577,0.26328396797180176,0.8785053491592407,0.42432084679603577
1364,799,-1.663046956062317,-2.087256669998169,0.08859622525672095,1.001089650640885,0.9652610031018656,1.9198427200317383,1.2302865982055664,1.9198427200317383,1.2302865982055664,3.532461166381836,2.068507432937622,1.202638030052185,0.04334402084350586,1.202638030052185,0.04334402084350586,1.6103451251983643,0.552431046962738
1365,565,-2.79038667678833,-1.3320902585983276,0.36110696318248914,0.2983159274111191,1.1264580116669336,1.7869075536727905,1.3360543251037598,1.7869075536727905,1.3360543251037598,2.3314104080200195,1.3360543251037598,0.9688484072685242,0.09271395206451416,0.9688484072685242,0.09271395206451416,1.1092454195022583,0.1655218005180359
1366,799,-0.8407483100891113,-1.1611690521240234,0.44950707456717887,0.5781201440716781,0.09760374339918299,1.0631434917449951,1.066232681274414,1.0631434917449951,1.066232681274414,1.7246003150939941,1.066232681274414,0.65165776014328,0.08746075630187988,0.65165776014328,0.08746075630187988,0.8589452505111694,0.3212830126285553
1367,565,-2.5018017292022705,-1.7493298053741455,0.2845019306242469,1.0292453825473782,0.9499293011426928,1.534942388534546,1.055690050125122,1.534942388534546,1.055690050125122,2.404284954071045,1.7556190490722656,0.8920300006866455,0.0998079776763916,0.8920300006866455,0.0998079776763916,1.2491455078125,0.5168439149856567
1368,799,-1.3044095039367676,-1.6819419860839844,0.42595221990098553,0.2623875762273866,0.8565341267858944,1.491796612739563,1.6964483261108398,1.491796612739563,1.6964483261108398,2.3659963607788086,1.6964483261108398,0.9275275468826294,0.4466416835784912,0.9275275468826294,0.4466416835784912,1.17501699924469,0.6426753997802734
1369,565,-0.8732053637504578,-1.449275255203247,0.3856783457348745,1.036175152423481,0.5791104013348618,1.342301607131958,1.101076602935791,1.342301607131958,1.101076602935791,1.6434834003448486,1.452228307723999,0.8601667881011963,0.19934451580047607,0.8601667881011963,0.19934451580047607,1.0313674211502075,0.40430018305778503
1370,565,-1.4549851417541504,-1.6870653629302979,0.30916169103855906,0.623997217627863,1.361397926962624,1.7631617784500122,1.6651384830474854,1.7631617784500122,1.6651384830474854,2.2592766284942627,1.6651384830474854,1.125566840171814,0.07356750965118408,1.125566840171814,0.07356750965118408,1.3277475833892822,0.32462602853775024
1371,565,-0.11104591190814972,-1.1913503408432007,0.34848862336948505,0.5476365733705463,0.7873046746104956,0.7591210007667542,1.1530488729476929,0.7591210007667542,1.1530488729476929,1.0570365190505981,1.1530488729476929,0.5805346369743347,0.19700366258621216,0.5805346369743347,0.19700366258621216,0.7365999221801758,0.377180814743042
1372,799,-1.4646793603897095,-0.966935396194458,0.009282233354946157,0.5538316122566659,0.35596357626219594,1.097010612487793,0.6507136225700378,1.097010612487793,0.6507136225700378,1.6261975765228271,0.9463921785354614,0.6392992734909058,0.015805363655090332,0.6392992734909058,0.015805363655090332,0.7857702970504761,0.1866958737373352
1373,799,-0.6598483324050903,-0.7599549889564514,0.1636820593848825,0.08548423469066613,0.55794055018574,0.887123703956604,0.6766858696937561,0.887123703956604,0.6766858696937561,1.303138017654419,0.6766858696937561,0.45417898893356323,0.052660584449768066,0.45417898893356323,0.052660584449768066,0.5445313453674316,0.12974846363067627
1374,565,-0.3693540394306183,-0.5884851217269897,0.2397819969058037,0.5991803499311208,0.23227758921682828,0.849826991558075,0.5627209544181824,0.849826991558075,0.5627209544181824,1.0363296270370483,0.5627209544181824,0.46642231941223145,0.0524713397026062,0.46642231941223145,0.0524713397026062,0.5145716667175293,0.1079224944114685
1375,799,-0.861897885799408,-0.9302958846092224,0.05437004150822766,0.24315775156021124,0.5427872893400489,0.9757925271987915,0.8990174531936646,0.9757925271987915,0.8990174531936646,1.3719501495361328,0.8990174531936646,0.5688629150390625,0.04797041416168213,0.5688629150390625,0.04797041416168213,0.706670343875885,0.19864743947982788
1376,565,-1.6406997442245483,-0.5617753267288208,0.23817067419489224,0.20538874243696525,0.485413532157739,0.41644927859306335,0.5447995662689209,0.41644927859306335,0.5447995662689209,0.6220862865447998,0.5447995662689209,0.29511383175849915,0.13816222548484802,0.29511383175849915,0.13816222548484802,0.3606449365615845,0.20087271928787231
1377,799,1.4384392499923706,-0.7504259347915649,0.2584529752408465,0.24696675020580494,0.1456013287914295,0.4078723192214966,0.23255449533462524,0.4078723192214966,0.23255449533462524,0.9185481071472168,0.5681530833244324,0.23255449533462524,0.14049816131591797,0.23255449533462524,0.14049816131591797,0.4003537893295288,0.3030608296394348
1378,799,-2.5744540691375732,-0.6928488612174988,0.22343480352312317,0.5629934104159475,0.33709313549101344,1.4619872570037842,0.4529939889907837,1.4619872570037842,0.4529939889907837,3.164921760559082,0.7601237297058105,0.6146507859230042,0.23812627792358398,0.6146507859230042,0.23812627792358398,0.7906692028045654,0.17261365056037903
1379,799,-2.0747570991516113,-0.5804915428161621,0.4104340922770403,0.5758757626793036,0.556522103178625,0.3606024980545044,0.022633790969848633,0.3606024980545044,0.022633790969848633,0.9396779537200928,0.5458160638809204,0.3606024980545044,0.3604447841644287,0.3606024980545044,0.3604447841644287,0.22551333904266357,0.6375546455383301
1380,565,0.3228425979614258,-0.5704476833343506,0.4952010967954992,0.9431333453208209,0.4215031464770438,1.975447654724121,1.091552972793579,1.975447654724121,1.091552972793579,3.4540743827819824,1.091552972793579,0.7625318169593811,0.571262001991272,0.7625318169593811,0.571262001991272,0.9270423650741577,0.46688932180404663
1381,565,-1.2306275367736816,-1.9539648294448853,0.10937260446449137,0.9441210671824716,1.3358065130872028,2.568337917327881,1.8983606100082397,2.568337917327881,1.8983606100082397,4.377644062042236,1.8983606100082397,1.270171880722046,0.016391277313232422,1.270171880722046,0.016391277313232422,1.6139512062072754,0.3751416802406311
1382,565,-1.7374039888381958,-0.9766502976417542,0.26482613255580245,0.024166964491208587,1.1677578208347161,1.7896349430084229,0.9488464593887329,1.7896349430084229,0.9488464593887329,2.3967456817626953,0.9488464593887329,0.8744012713432312,0.11279410123825073,0.8744012713432312,0.11279410123825073,0.9551974534988403,0.05872759222984314
1383,565,1.4807088375091553,-0.48996320366859436,0.3866032712068409,0.4649293603282422,0.02319211751222605,0.7152737975120544,0.6222230195999146,0.7152737975120544,0.6222230195999146,1.4019463062286377,0.6222230195999146,0.3541186451911926,0.1409803330898285,0.3541186451911926,0.1409803330898285,0.4881708323955536,0.13242699205875397
1384,565,-0.6524602174758911,-0.9080270528793335,0.14706267841160314,0.6822121130302549,0.7608233023807408,1.8196096420288086,0.915442705154419,1.8196096420288086,0.915442705154419,3.668760299682617,0.915442705154419,0.6766382455825806,0.25577402114868164,0.6766382455825806,0.25577402114868164,0.911567211151123,0.31963807344436646
1385,565,-0.29703205823898315,-0.39845770597457886,0.24177561100572365,0.43974771324545137,1.0175336857140063,2.5084075927734375,0.3782876133918762,2.5084075927734375,0.3782876133918762,1.8283774852752686,0.3782876133918762,0.6859015226364136,0.10062956809997559,0.6859015226364136,0.10062956809997559,0.47647982835769653,0.2898196280002594
1386,565,2.325434684753418,0.26914483308792114,0.14218576703220603,0.33774008236825465,0.48228359792381514,0.5752590298652649,0.32389605045318604,0.5752590298652649,0.32389605045318604,0.12408703565597534,0.32389605045318604,0.5752590298652649,0.046041011810302734,0.5752590298652649,0.046041011810302734,0.4692624807357788,0.13661128282546997
1387,565,-0.9551844000816345,-0.06374391913414001,0.21437361103792973,0.15690464424590267,0.574517161945502,1.7598077058792114,0.12002705037593842,1.7598077058792114,0.12002705037593842,1.2818108797073364,0.12002705037593842,0.31415441632270813,0.08462013304233551,0.31415441632270813,0.08462013304233551,0.17661838233470917,0.1296040415763855
1388,565,-0.0576680488884449,0.23624040186405182,0.23799758075426009,0.5189300386359293,0.31364188267538945,0.579312264919281,0.4268230199813843,0.579312264919281,0.4268230199813843,0.5259061455726624,0.29788950085639954,0.579312264919281,0.15422169864177704,0.579312264919281,0.15422169864177704,0.5153316259384155,0.21018949151039124
1389,565,0.5768054723739624,0.4882095456123352,0.08272425075042228,0.38846170302519245,0.678912142664388,0.8072047233581543,0.5701073408126831,0.8072047233581543,0.5701073408126831,0.14686453342437744,0.5701073408126831,0.8072047233581543,0.006813794374465942,0.8072047233581543,0.006813794374465942,0.6918028593063354,0.1262352019548416
1390,565,1.926573395729065,-0.30984926223754883,0.01569101863230271,0.09348392075548573,0.5876007510038712,1.0355656147003174,0.3689320683479309,1.0355656147003174,0.3689320683479309,1.2257139682769775,0.3689320683479309,0.4260760545730591,0.07637223601341248,0.4260760545730591,0.07637223601341248,0.43349534273147583,0.06723183393478394
1391,565,-0.7437803745269775,0.46363916993141174,0.2172625248009959,0.07191051191339898,0.21543364447851981,0.24197418987751007,0.24197418987751007,0.24197418987751007,0.24197418987751007,0.6388086080551147,0.38800740242004395,0.24197418987751007,0.15687993168830872,0.24197418987751007,0.15687993168830872,0.23051409423351288,0.14400853216648102
1392,565,-1.019738793373108,0.5951246023178101,0.21209318843980624,0.4443443262080351,0.026904274945457773,0.44437336921691895,0.3566233217716217,0.44437336921691895,0.3566233217716217,0.08941537141799927,0.3566233217716217,0.44437336921691895,0.21916374564170837,0.44437336921691895,0.21916374564170837,0.40049833059310913,0.16515623033046722
1393,565,0.7979547381401062,0.3891946077346802,0.25592433563278366,0.28100197681536276,0.6116703731209661,0.6709269285202026,0.3478464186191559,0.6709269285202026,0.3478464186191559,0.10131624341011047,0.3478464186191559,0.6709269285202026,0.15158432722091675,0.6709269285202026,0.15158432722091675,0.567908763885498,0.23669326305389404
1394,565,0.7926728129386902,-0.49880802631378174,0.017010348861416058,0.42625781400750073,0.4438475824768344,0.9972163438796997,0.5727705955505371,0.9972163438796997,0.5727705955505371,1.8013768196105957,0.5727705955505371,0.39581960439682007,0.12497055530548096,0.39581960439682007,0.12497055530548096,0.5349395275115967,0.18692193925380707
1395,565,0.7389479875564575,-0.13791102170944214,0.061565022791425394,0.13070189154396453,0.5984976141278942,1.0649702548980713,0.09166587889194489,1.0649702548980713,0.09166587889194489,0.8343596458435059,0.09166587889194489,0.39122843742370605,0.14116427302360535,0.39122843742370605,0.14116427302360535,0.30234119296073914,0.2699558734893799
1396,565,1.4882807731628418,0.6984847784042358,0.0020946882665157096,0.17490039348602304,0.07747688487172119,0.16979831457138062,0.27371686697006226,0.16979831457138062,0.27371686697006226,0.4611049294471741,0.5707446932792664,0.17100131511688232,0.09544152021408081,0.17100131511688232,0.09544152021408081,0.31676918268203735,0.22856339812278748
1397,565,1.2239328622817993,0.6879080533981323,0.1644308660427729,0.06890359143416097,0.18904442722598708,0.03775334358215332,0.670122504234314,0.03775334358215332,0.670122504234314,0.231591135263443,0.670122504234314,0.3091133236885071,0.16779911518096924,0.3091133236885071,0.16779911518096924,0.3965410590171814,0.26699018478393555
1398,565,1.864084243774414,1.0180141925811768,0.11744438908373334,0.37857064619039477,0.028338372272749657,0.49570930004119873,0.7156273722648621,0.49570930004119873,0.7156273722648621,0.671339750289917,0.7156273722648621,0.49570930004119873,0.35392677783966064,0.49570930004119873,0.35392677783966064,0.605668306350708,0.47784823179244995
1399,565,1.0201551914215088,1.4238088130950928,0.25705721638165424,0.2067474385071545,0.5321919615752995,0.5499827861785889,1.3430509567260742,0.5499827861785889,1.3430509567260742,0.9137502312660217,1.3430509567260742,0.700077474117279,0.41471779346466064,0.700077474117279,0.41471779346466064,0.8743088245391846,0.6067177057266235
1400,565,0.845676839351654,1.3126072883605957,0.12148555570282016,0.412510242778808,0.2658180380705744,0.6808918714523315,0.884050190448761,0.6808918714523315,0.884050190448761,0.9423825740814209,1.3594939708709717,0.6808918714523315,0.27110862731933594,0.6808918714523315,0.27110862731933594,0.9421230554580688,0.5663561820983887
1401,565,2.537893295288086,1.2714546918869019,0.06534164628634853,0.20689676078657304,0.5013177797819177,0.884429395198822,1.2264974117279053,0.884429395198822,1.2264974117279053,0.9272007942199707,1.2264974117279053,0.884429395198822,0.18974816799163818,0.884429395198822,0.18974816799163818,1.0072845220565796,0.3592480421066284
1402,565,0.5282844305038452,1.1043415069580078,0.33593126601229106,0.13214986066023504,0.23526044263194013,0.4724162817001343,0.4724162817001343,0.4724162817001343,0.4724162817001343,0.25545603036880493,1.0635082721710205,0.4724162817001343,0.2590126395225525,0.4724162817001343,0.2590126395225525,0.6669256091117859,0.47817903757095337
1403,565,2.3233251571655273,1.1324331760406494,0.003345967630545066,0.5502031390120588,0.17756282654901312,0.6498605012893677,0.7244147062301636,0.6498605012893677,0.7244147062301636,0.3450746536254883,1.0192983150482178,0.6498605012893677,0.11740970611572266,0.6498605012893677,0.11740970611572266,0.8008326292037964,0.3013325333595276
1404,565,1.9366544485092163,1.6804980039596558,0.32395001668483014,0.03512175647541893,0.8677648797444999,1.1925572156906128,1.5840290784835815,1.1925572156906128,1.5840290784835815,1.4284236431121826,1.5840290784835815,1.1925572156906128,0.1749095916748047,1.1925572156906128,0.1749095916748047,1.322547435760498,0.3960613012313843
1405,565,0.27148130536079407,1.1844550371170044,0.2153748189657927,0.593045610785484,0.03914555422961685,0.7199707627296448,0.9899091720581055,0.7199707627296448,0.9899091720581055,0.9407289028167725,0.9899091720581055,0.7199707627296448,0.28636908531188965,0.7199707627296448,0.28636908531188965,0.8549399375915527,0.4576801657676697
1406,565,2.108412504196167,1.5942299365997314,0.028777311419447393,0.42974556165436917,0.8408210157106321,1.1155685186386108,1.5498738288879395,1.1155685186386108,1.5498738288879395,1.434585690498352,1.5498738288879395,1.1155685186386108,0.05673503875732422,1.1155685186386108,0.05673503875732422,1.3188868761062622,0.36715227365493774
1407,565,2.337602376937866,1.1523126363754272,0.26462289440445597,0.03412320465780816,0.5633067114092412,0.7386504411697388,1.1662744283676147,0.7386504411697388,1.1662744283676147,1.039308786392212,1.1662744283676147,0.8011932373046875,0.0767509937286377,0.8011932373046875,0.0767509937286377,0.9513616561889648,0.24837830662727356
1408,565,1.4987844228744507,1.1186227798461914,0.2903496651599804,0.4987854919830957,0.10176295501490418,0.5287705659866333,0.9283491969108582,0.5287705659866333,0.9283491969108582,0.8734468221664429,0.9283491969108582,0.5831878781318665,0.11537373065948486,0.5831878781318665,0.11537373065948486,0.7557685375213623,0.30729183554649353
1409,565,2.601646661758423,1.8567326068878174,0.16241835633913704,0.5613481442506111,0.7168073524410528,0.9650325775146484,1.8094940185546875,0.9650325775146484,1.8094940185546875,1.5092103481292725,1.8094940185546875,1.0522494316101074,0.3199197053909302,1.0522494316101074,0.3199197053909302,1.3266440629959106,0.6476528644561768
1410,799,1.8774070739746094,2.323073387145996,0.5702444159029985,0.6145539385615844,1.116004998004064,1.2359081506729126,2.282626152038574,1.2359081506729126,2.282626152038574,1.3753925561904907,2.282626152038574,1.376277208328247,0.6180672645568848,1.376277208328247,0.6180672645568848,1.6224764585494995,0.9439891576766968
1411,799,0.6260159611701965,1.5804553031921387,0.32751639382292863,0.8933400367324551,0.6290784541269141,0.7990504503250122,1.0554078817367554,0.7990504503250122,1.0554078817367554,0.9793827533721924,1.677781581878662,0.7990504503250122,0.27795684337615967,0.7990504503250122,0.27795684337615967,1.137667179107666,0.599355161190033
1412,565,1.9035900831222534,2.0084784030914307,0.03025591358542412,0.49847657170146675,1.03380959969014,1.4150466918945312,1.9721022844314575,1.4150466918945312,1.9721022844314575,1.7143688201904297,1.9721022844314575,1.4150466918945312,0.12340426445007324,1.4150466918945312,0.12340426445007324,1.6560008525848389,0.4476684331893921
1413,565,0.6173893809318542,1.4276225566864014,0.22086635833606139,0.04150095675140608,0.69146255267784,0.8762792348861694,1.312796711921692,0.8762792348861694,1.312796711921692,1.136993408203125,1.312796711921692,0.8870556354522705,0.21005403995513916,0.8870556354522705,0.21005403995513916,1.0174734592437744,0.3614620864391327
1414,565,0.9706990718841553,0.7603378295898438,0.0030596795802316223,0.3439968258639177,0.03294290414700915,0.48038071393966675,0.5541231632232666,0.48038071393966675,0.5541231632232666,0.25476980209350586,0.7541866302490234,0.48038071393966675,0.1048651933670044,0.48038071393966675,0.1048651933670044,0.5835062265396118,0.22131267189979553
1415,565,2.3861594200134277,1.0063657760620117,0.05658193436761694,0.040595906724532504,0.47051476669808234,0.7304664850234985,0.9749736785888672,0.7304664850234985,0.9749736785888672,0.7349229454994202,0.9749736785888672,0.7304664850234985,0.18658435344696045,0.7304664850234985,0.18658435344696045,0.7860641479492188,0.2696959674358368
1416,565,0.8380185961723328,0.6434635519981384,0.19984295628964893,0.07628637004643668,0.04883205037564031,0.18772441148757935,0.18772441148757935,0.18772441148757935,0.18772441148757935,0.09547722339630127,0.3746255934238434,0.18772441148757935,0.1960940957069397,0.18772441148757935,0.1960940957069397,0.28117501735687256,0.2832876145839691
1417,565,0.7045947909355164,1.375566840171814,0.05160792835056793,0.6135596660897136,0.17908136408776032,0.7937408089637756,0.9331700801849365,0.7937408089637756,0.9331700801849365,0.5884109735488892,1.3256036043167114,0.7937408089637756,0.18545770645141602,0.7937408089637756,0.18545770645141602,1.000914454460144,0.4239603877067566
1418,565,2.5626914501190186,1.698959231376648,0.06782904565334325,0.11804447531700157,0.9632790316641329,1.3354533910751343,1.6356867551803589,1.3354533910751343,1.6356867551803589,1.1477785110473633,1.6356867551803589,1.3354533910751343,0.15923213958740234,1.3354533910751343,0.15923213958740234,1.4371739625930786,0.3386141061782837
1419,565,0.27807119488716125,1.013564109802246,0.32747552571197347,0.0482793867339687,0.0863456009825074,0.39481014013290405,0.39481014013290405,0.39481014013290405,0.39481014013290405,0.0021140575408935547,0.8742097020149231,0.39481014013290405,0.20184606313705444,0.39481014013290405,0.20184606313705444,0.5510121583938599,0.3642400801181793
1420,565,0.8224708437919617,0.9532449841499329,0.028527449661245097,0.5531319657402736,0.019193032818535904,0.6350974440574646,0.6699272394180298,0.6350974440574646,0.6699272394180298,0.35921984910964966,0.6699272394180298,0.6350974440574646,0.3158895969390869,0.6350974440574646,0.3158895969390869,0.6525123119354248,0.33747440576553345
1421,799,2.159287929534912,1.2085778713226318,0.1816609771487614,0.1257746266511579,0.9726578340431054,1.0299403667449951,1.2107244729995728,1.0299403667449951,1.2107244729995728,0.9362674951553345,1.2107244729995728,1.0299403667449951,0.10592985153198242,1.0299403667449951,0.10592985153198242,1.0785603523254395,0.18513450026512146
1422,565,0.3472217917442322,0.5777226686477661,0.23411445319652555,0.08452772188931709,0.15782907862216233,0.2594313621520996,0.2594313621520996,0.2594313621520996,0.2594313621520996,0.4054103493690491,0.5248580574989319,0.2594313621520996,0.1846349537372589,0.2594313621520996,0.1846349537372589,0.3058471381664276,0.23267357051372528
1423,565,2.872591733932495,0.9846816062927246,0.02957092688729346,0.48752782172212994,0.07474219689766559,0.5922030210494995,0.6442286372184753,0.5922030210494995,0.6442286372184753,0.37785983085632324,0.9576929211616516,0.5922030210494995,0.06722843647003174,0.5922030210494995,0.06722843647003174,0.7519184350967407,0.2525635063648224
1424,565,2.209817409515381,1.469048261642456,0.40514562803010157,0.044425739360352434,0.7337575274581709,0.7010241150856018,1.4720263481140137,0.7010241150856018,1.4720263481140137,1.1483509540557861,1.4720263481140137,0.9834561347961426,0.10755670070648193,0.9834561347961426,0.10755670070648193,1.1889761686325073,0.38745614886283875
1425,799,1.7331784963607788,1.4852960109710693,0.3814864065808554,0.9051441558574638,0.047785984830309935,0.9262331128120422,1.2169787883758545,0.9262331128120422,1.2169787883758545,1.1290290355682373,1.2169787883758545,0.9262331128120422,0.17912006378173828,0.9262331128120422,0.17912006378173828,1.071605920791626,0.37001684308052063
1426,565,3.802424907684326,2.6535661220550537,0.2819152482350662,0.6079034211610754,1.2959616980080808,1.8557686805725098,2.611365795135498,1.8557686805725098,2.611365795135498,2.255244731903076,2.611365795135498,1.8557686805725098,0.39257025718688965,1.8557686805725098,0.39257025718688965,2.1272401809692383,0.8454626202583313
1427,565,0.6558998823165894,2.3300087451934814,0.5624811742578943,0.480763447595139,0.8470940210421881,0.4328742027282715,2.3068723678588867,0.4328742027282715,2.3068723678588867,1.0654916763305664,2.3068723678588867,1.3154865503311157,0.6672888994216919,1.3154865503311157,0.6672888994216919,1.5955836772918701,0.992728054523468
1428,565,2.2070775032043457,1.961735486984253,0.012319729005297209,1.0383696203057966,0.6220594628279406,1.177147388458252,1.2702243328094482,1.177147388458252,1.2702243328094482,1.0137660503387451,1.97391676902771,1.177147388458252,0.1256769895553589,1.177147388458252,0.1256769895553589,1.540222406387329,0.5834128260612488
1429,565,3.068943500518799,2.2357914447784424,0.29242035110791553,0.06118329306443537,1.565738211770852,1.8640477657318115,2.217867374420166,1.8640477657318115,2.217867374420166,1.932029128074646,2.217867374420166,1.8640477657318115,0.2586073875427246,1.8640477657318115,0.2586073875427246,1.9806021451950073,0.47715890407562256
1430,565,1.8467912673950195,1.6028622388839722,0.45604893338556063,0.5554069943043095,0.00667331327994658,0.49340319633483887,1.2126851081848145,0.49340319633483887,1.2126851081848145,0.9792086482048035,1.2126851081848145,0.7495548725128174,0.3721863031387329,0.7495548725128174,0.3721863031387329,0.9811199903488159,0.6286379098892212
1431,799,3.467278242111206,2.3464767932891846,0.43241596849014363,0.9871199625109632,0.9650484868635736,1.1842718124389648,1.4986107349395752,1.1842718124389648,1.4986107349395752,1.7529752254486084,2.313093423843384,1.1842718124389648,0.37598228454589844,1.1842718124389648,0.37598228454589844,1.6335411071777344,0.9775757789611816
1432,799,5.52213191986084,2.3244307041168213,0.5338471003000935,0.701304535207649,1.2974973685046036,1.3867915868759155,2.380858898162842,1.3867915868759155,2.380858898162842,1.4496715068817139,2.380858898162842,1.5387418270111084,0.5714561939239502,1.5387418270111084,0.5714561939239502,1.7640302181243896,0.8795784711837769
1433,799,1.8686226606369019,2.411191701889038,0.7403210019816955,1.0610494483759005,0.8588909473021826,0.4349861145019531,1.7567965984344482,0.4349861145019531,1.7567965984344482,0.47531676292419434,2.4713525772094727,1.0215799808502197,0.5583450794219971,1.0215799808502197,0.5583450794219971,1.3596723079681396,1.0150189399719238
1434,565,4.518066883087158,3.912946939468384,0.2252776886026071,1.4431103282670175,1.6241195216278235,0.4734480381011963,3.829941987991333,0.4734480381011963,3.829941987991333,2.3618998527526855,3.829941987991333,1.49772310256958,0.18068766593933105,1.49772310256958,0.18068766593933105,2.510936975479126,0.9272578954696655
1435,799,3.7838263511657715,4.028378486633301,0.5643567002564662,0.7342717269063002,2.7309328809380533,2.8089938163757324,3.9628069400787354,2.8089938163757324,3.9628069400787354,2.131650447845459,3.9628069400787354,2.8089938163757324,0.17185354232788086,2.8089938163757324,0.17185354232788086,3.0578739643096924,0.472515344619751
1436,799,0.5362246036529541,3.256335496902466,0.6479680975526572,1.604767973423004,0.9710390669852496,1.6021735668182373,2.192075490951538,1.6021735668182373,2.192075490951538,1.163740873336792,3.117462396621704,1.6021735668182373,0.4432344436645508,1.6021735668182373,0.4432344436645508,2.051182746887207,0.998950719833374
1437,565,4.1162800788879395,3.671968460083008,0.03651558712124903,0.9839472358673804,2.068928235024214,2.5641655921936035,3.6763038635253906,2.5641655921936035,3.6763038635253906,3.417654514312744,3.6763038635253906,2.5641655921936035,0.05917477607727051,2.5641655921936035,0.05917477607727051,3.081538200378418,0.6434664726257324
1438,799,3.0091497898101807,2.4989473819732666,0.6611480847001077,0.24323874652385724,1.635570046380162,1.7068045139312744,2.476706027984619,1.7068045139312744,2.476706027984619,2.2344486713409424,2.476706027984619,1.8210134506225586,0.19715285301208496,1.8210134506225586,0.19715285301208496,2.076937437057495,0.5256945490837097
1439,799,0.334151953458786,1.6874034404754639,0.4900479073449968,1.2213920202106239,0.13346480261534444,1.077376127243042,1.5383950471878052,1.077376127243042,1.5383950471878052,1.375139594078064,1.5383950471878052,1.077376127243042,0.21287822723388672,1.077376127243042,0.21287822723388672,1.3078856468200684,0.40583497285842896
1440,565,2.536501884460449,3.264246940612793,0.0017682597413650747,0.8686330210044981,1.9562883160263305,2.5053229331970215,3.277148485183716,2.5053229331970215,3.277148485183716,3.0060229301452637,3.277148485183716,2.5053229331970215,0.044428348541259766,2.5053229331970215,0.044428348541259766,2.8734235763549805,0.6240540742874146
1441,565,0.5065911412239075,2.26993465423584,0.30419736298421973,0.08497454387446268,1.3457860604921983,1.832076072692871,2.1263515949249268,1.832076072692871,2.1263515949249268,2.0105834007263184,2.1263515949249268,1.832076072692871,0.14692974090576172,1.832076072692871,0.14692974090576172,1.9415254592895508,0.38612061738967896
1442,565,0.48107782006263733,0.8294440507888794,0.021688586125771292,0.5137158775081239,0.3100466068337362,0.5998270511627197,0.6602482795715332,0.5998270511627197,0.6602482795715332,0.16173243522644043,0.7708950638771057,0.5998270511627197,0.0900794267654419,0.5998270511627197,0.0900794267654419,0.6562930345535278,0.15944641828536987
1443,565,3.307633638381958,1.5187032222747803,0.006158571044603933,0.0030464140946663276,0.9530206029241282,1.2634146213531494,1.4371250867843628,1.2634146213531494,1.4371250867843628,1.0847665071487427,1.4371250867843628,1.2634146213531494,0.16657543182373047,1.2634146213531494,0.16657543182373047,1.2870913743972778,0.203352153301239
1444,565,1.7176645994186401,0.6427730321884155,0.32432941156749917,0.005290616365770356,0.16374652606124682,0.3408307135105133,0.3408307135105133,0.3408307135105133,0.3408307135105133,0.8746997117996216,0.6544950604438782,0.3408307135105133,0.08811777830123901,0.3408307135105133,0.08811777830123901,0.4438324570655823,0.1900824010372162
1445,565,2.2515945434570312,1.3719213008880615,0.1747999120534709,0.7426428232093655,0.13914753541039948,0.8777700662612915,1.1098895072937012,0.8777700662612915,1.1098895072937012,0.8951922655105591,1.1098895072937012,0.8777700662612915,0.24264347553253174,0.8777700662612915,0.24264347553253174,0.9938297867774963,0.37734803557395935
1446,565,4.42669677734375,2.987048625946045,0.32492922124763357,0.40471895699699645,1.555792978232106,2.0927140712738037,2.8523006439208984,2.0927140712738037,2.8523006439208984,2.130751609802246,2.8523006439208984,2.0927140712738037,0.39957237243652344,2.0927140712738037,0.39957237243652344,2.309309959411621,0.776975691318512
1447,565,2.213148832321167,2.283097505569458,0.5320517377462234,0.5373184582823891,0.4741397030791268,0.029723167419433594,1.4288723468780518,0.029723167419433594,1.4288723468780518,0.7503283023834229,1.4288723468780518,0.7961326837539673,1.0600965023040771,0.7961326837539673,1.0600965023040771,1.1125025749206543,1.3596798181533813
1448,565,4.305142402648926,3.1247806549072266,0.23642246227711405,1.202889161780477,1.0228628535196183,1.6212180852890015,1.9620548486709595,1.6212180852890015,1.9620548486709595,1.6746450662612915,3.045337438583374,1.6212180852890015,0.33368444442749023,1.6212180852890015,0.33368444442749023,2.2345728874206543,1.0898056030273438
1449,565,3.731703996658325,3.6767795085906982,0.4338549192373944,0.47631862496336375,2.040837265563508,2.592632293701172,3.5670385360717773,2.592632293701172,3.5670385360717773,2.592514753341675,3.5670385360717773,2.592632293701172,0.36395764350891113,2.592632293701172,0.36395764350891113,2.8690738677978516,0.7521417140960693
1450,565,3.54972767829895,2.9159746170043945,0.4339864726364613,1.1179658425599335,0.7565885392576459,1.398878812789917,1.9979445934295654,1.398878812789917,1.9979445934295654,1.4694308042526245,2.878521203994751,1.398878812789917,0.5649852752685547,1.398878812789917,0.5649852752685547,1.915091872215271,1.2067389488220215
1451,565,4.943553447723389,3.9156556129455566,0.36634955738981523,0.7151206145932278,2.1528236749519905,2.355085611343384,3.9046411514282227,2.355085611343384,3.9046411514282227,3.2548341751098633,3.9046411514282227,2.355085611343384,0.17870521545410156,2.355085611343384,0.17870521545410156,2.865286350250244,0.620517373085022
1452,799,4.718191623687744,3.4327754974365234,0.581576442668835,1.04969546439747,1.5882704957077902,1.1524395942687988,3.350691080093384,1.1524395942687988,3.350691080093384,1.8682982921600342,3.350691080093384,1.7034143209457397,0.24970507621765137,1.7034143209457397,0.24970507621765137,2.207139253616333,0.9691867828369141
1453,799,3.7848546504974365,3.7406558990478516,0.5257485222443941,1.4565195621922618,1.687236769422888,1.0595080852508545,3.7970082759857178,1.0595080852508545,3.7970082759857178,2.5109801292419434,3.7970082759857178,1.8689762353897095,0.2624645233154297,1.8689762353897095,0.2624645233154297,2.533900737762451,1.0804181098937988
1454,799,3.591043472290039,4.12397575378418,0.446176086490353,1.3622705705215523,2.195165852208933,1.9237866401672363,4.1298828125,1.9237866401672363,4.1298828125,3.552727699279785,4.1298828125,1.9237866401672363,0.025783538818359375,1.9237866401672363,0.025783538818359375,2.7691054344177246,0.7197731733322144
1455,799,5.60359525680542,3.9554388523101807,0.44019623580078227,1.1115860661367576,2.2385447733352586,2.232525587081909,3.964669942855835,2.232525587081909,3.964669942855835,3.2196524143218994,3.964669942855835,2.232525587081909,0.18190431594848633,2.232525587081909,0.18190431594848633,2.8628287315368652,0.7567274570465088
1456,799,3.8442323207855225,3.2301766872406006,0.5377069219574326,1.0822841004654769,1.5193553166836502,0.8232033252716064,3.286314010620117,0.8232033252716064,3.286314010620117,1.3572819232940674,3.286314010620117,1.6884839534759521,0.16858506202697754,1.6884839534759521,0.16858506202697754,2.188159465789795,0.9694485664367676
1457,799,5.040799140930176,3.766725778579712,0.5033504081269107,1.5473482994114351,1.474501275842389,1.443739891052246,1.8713312149047852,1.443739891052246,1.8713312149047852,2.3550961017608643,3.6956002712249756,1.443739891052246,0.20319557189941406,1.443739891052246,0.20319557189941406,2.340515375137329,1.098254919052124
1458,799,4.499051570892334,3.840282440185547,0.6086561941355466,1.1241940092295413,2.058443419933319,2.1996865272521973,3.924565553665161,2.1996865272521973,3.924565553665161,2.860809803009033,3.924565553665161,2.1996865272521973,0.3713994026184082,2.1996865272521973,0.3713994026184082,2.7860894203186035,0.957560658454895
1459,799,4.776527404785156,3.841869592666626,0.5273006284919877,1.5443229652879131,1.573938251373669,1.2029800415039062,3.87807559967041,1.2029800415039062,3.87807559967041,3.0970821380615234,3.87807559967041,1.8151330947875977,0.34285449981689453,1.8151330947875977,0.34285449981689453,2.683480739593506,1.265331745147705
1460,565,4.277441501617432,3.9595627784729004,0.44603819992393356,0.8562697313725938,2.017206055931747,2.1140074729919434,3.941779375076294,2.1140074729919434,3.941779375076294,3.299409866333008,3.941779375076294,2.1140074729919434,0.3048064708709717,2.1140074729919434,0.3048064708709717,2.7739124298095703,0.8707488775253296
1461,565,4.455583572387695,4.025551795959473,0.40580043544371946,0.8995051938047007,1.8897976599385342,1.9606359004974365,3.884524345397949,1.9606359004974365,3.884524345397949,3.393345355987549,3.884524345397949,2.0983879566192627,0.3135221004486084,2.0983879566192627,0.3135221004486084,2.798210620880127,0.8411686420440674
1462,799,4.465778827667236,3.9272050857543945,0.48450720071792563,1.323418570607901,2.118701925240457,2.349243402481079,4.0182905197143555,2.349243402481079,4.0182905197143555,3.4365808963775635,4.0182905197143555,2.349243402481079,0.16144394874572754,2.349243402481079,0.16144394874572754,2.9453978538513184,0.976975679397583
1463,565,4.957343578338623,3.9471211433410645,0.508357025360068,0.945303029765685,1.7622137202074128,2.031752109527588,3.871020555496216,2.031752109527588,3.871020555496216,3.3266825675964355,3.871020555496216,2.134336471557617,0.44927215576171875,2.134336471557617,0.44927215576171875,2.7719295024871826,1.1276212930679321
1464,799,3.711876630783081,4.182690143585205,0.5769512908191734,1.4498820649490998,1.9790727469356106,1.8907034397125244,4.176435947418213,1.8907034397125244,4.176435947418213,3.324634075164795,4.176435947418213,2.138979434967041,0.39386534690856934,2.138979434967041,0.39386534690856934,2.8965964317321777,1.1908419132232666
1465,565,2.9414422512054443,3.9680871963500977,0.41869481588403445,0.9631602720047034,1.8312634558106462,1.8432095050811768,3.886768102645874,1.8432095050811768,3.886768102645874,3.1806628704071045,3.886768102645874,2.097416877746582,0.304656982421875,2.097416877746582,0.304656982421875,2.7437744140625,0.891655445098877
1466,565,2.646082878112793,4.080954074859619,0.2992370561510329,0.6469925481081007,2.2963107719272373,2.6363656520843506,3.974828004837036,2.6363656520843506,3.974828004837036,3.2285804748535156,3.974828004837036,2.6363656520843506,0.2485663890838623,2.6363656520843506,0.2485663890838623,3.0821638107299805,0.5652129650115967
1467,565,1.9230436086654663,3.7009501457214355,0.34934474977975105,0.6950976017427943,1.8164348004323734,2.3594117164611816,3.6680331230163574,2.3594117164611816,3.6680331230163574,3.0133216381073,3.6680331230163574,2.3594117164611816,0.3704988956451416,2.3594117164611816,0.3704988956451416,2.7917165756225586,0.8725117444992065
1468,565,2.252399444580078,3.1048269271850586,0.21212469118336807,0.6911213840047523,1.2451524412880337,1.9308106899261475,2.9092440605163574,1.9308106899261475,2.9092440605163574,2.5702624320983887,2.9092440605163574,1.9308106899261475,0.4290752410888672,1.9308106899261475,0.4290752410888672,2.2893829345703125,0.9443633556365967
1469,565,2.0573391914367676,2.3861327171325684,0.29478886548429695,0.3646452626585961,1.023836570642889,1.557054877281189,2.352396011352539,1.557054877281189,2.352396011352539,1.8428128957748413,2.352396011352539,1.557054877281189,0.45801842212677,1.557054877281189,0.45801842212677,1.7816824913024902,0.8207442760467529
1470,565,1.5178759098052979,2.102822780609131,0.25389934267848746,0.4886958130449055,0.5294531174376607,1.0131481885910034,2.0548017024993896,1.0131481885910034,2.0548017024993896,1.5888177156448364,2.0548017024993896,1.1638622283935547,0.4212641716003418,1.1638622283935547,0.4212641716003418,1.4481016397476196,0.7890646457672119
1471,565,1.5558559894561768,2.26328444480896,0.13101486865431045,0.4593355786800384,0.8241040375456217,1.3849945068359375,2.133467435836792,1.3849945068359375,2.133467435836792,1.8822672367095947,2.133467435836792,1.3849945068359375,0.3574768304824829,1.3849945068359375,0.3574768304824829,1.657198429107666,0.7388613224029541
1472,799,1.5991958379745483,1.809672474861145,0.2340162939950825,0.5475087668374179,0.8258864882588387,1.1978189945220947,1.844931960105896,1.1978189945220947,1.844931960105896,1.5266441106796265,1.844931960105896,1.1978189945220947,0.2999851703643799,1.1978189945220947,0.2999851703643799,1.4483003616333008,0.5934287309646606
1473,565,1.7772917747497559,1.1783854961395264,0.13166712315132245,0.17945933969070482,0.1683343665053448,0.3641168475151062,0.6162817478179932,0.3641168475151062,0.6162817478179932,0.9921513795852661,1.262881875038147,0.374980628490448,0.24774718284606934,0.374980628490448,0.24774718284606934,0.7095069885253906,0.5541028380393982
1474,565,0.8990562558174133,1.6043775081634521,0.17478667102754153,0.2542376075685023,0.20141674213111388,0.41299891471862793,0.7466157078742981,0.41299891471862793,0.7466157078742981,1.020944595336914,1.4334049224853516,0.461658239364624,0.29297804832458496,0.461658239364624,0.29297804832458496,0.8113929629325867,0.6504127979278564
1475,799,0.9225521683692932,1.5413923263549805,0.09141184729834384,0.5406800507505733,0.5021389085551105,0.637019157409668,0.7554268836975098,0.637019157409668,0.7554268836975098,1.1717338562011719,1.3323715925216675,0.637019157409668,0.14836549758911133,0.637019157409668,0.14836549758911133,0.9361447095870972,0.5091113448143005
1476,565,0.991084098815918,1.376573085784912,0.025049382050832236,0.02043264853457588,0.4603525113811092,0.9260813593864441,1.2611799240112305,0.9260813593864441,1.2611799240112305,0.9359975457191467,1.2611799240112305,0.9260813593864441,0.32480621337890625,0.9260813593864441,0.32480621337890625,0.9921094179153442,0.4224260151386261
1477,565,0.3148404657840729,0.842017412185669,0.028808891773223988,0.05987736858427545,0.07372314594686052,0.33113759756088257,0.7504400014877319,0.33113759756088257,0.7504400014877319,0.546295702457428,0.7504400014877319,0.3704031705856323,0.14003878831863403,0.3704031705856323,0.14003878831863403,0.48964381217956543,0.24549636244773865
1478,565,1.4566402435302734,0.673956573009491,0.09179909107585785,0.08285548663387714,0.032141921160121725,0.04179573059082031,0.03624522686004639,0.04179573059082031,0.03624522686004639,0.15819919109344482,0.2407759130001068,0.03624522686004639,0.36690470576286316,0.03624522686004639,0.36690470576286316,0.1385105699300766,0.48420029878616333
1479,565,0.6067066788673401,0.8176531195640564,0.05478427186608298,0.18062515914440141,0.05659035198390483,0.21509426832199097,0.3193395733833313,0.21509426832199097,0.3193395733833313,0.030610263347625732,0.6798495054244995,0.07945269346237183,0.2452143430709839,0.07945269346237183,0.2452143430709839,0.28425920009613037,0.42671114206314087
1480,565,0.19630709290504456,0.6250746846199036,0.04842751409858492,0.14528970330953583,0.3712100148573515,0.39004987478256226,0.5350747108459473,0.39004987478256226,0.5350747108459473,0.043138742446899414,0.5350747108459473,0.12330609560012817,0.09293705224990845,0.12330609560012817,0.09293705224990845,0.2922874093055725,0.2586824297904968
1481,565,2.576853036880493,0.8273395895957947,0.09655080683529355,0.03675708316266535,0.15784175947308526,0.5799323320388794,0.750388503074646,0.5799323320388794,0.750388503074646,0.4596156179904938,0.750388503074646,0.5799323320388794,0.12662899494171143,0.5799323320388794,0.12662899494171143,0.5908810496330261,0.1381218135356903
1482,565,-0.8300674557685852,0.5973358154296875,0.18503201094766442,0.1643577875445285,0.10016365560392543,0.27458077669143677,0.27458077669143677,0.27458077669143677,0.27458077669143677,0.20595014095306396,0.3144264221191406,0.27458077669143677,0.24023860692977905,0.27458077669143677,0.24023860692977905,0.2945035994052887,0.2628355026245117
1483,565,1.2392772436141968,0.6769571900367737,0.25421383626448596,0.44930834035699563,0.3932378547793876,0.5812493562698364,0.4686760902404785,0.5812493562698364,0.4686760902404785,0.3568353056907654,0.5509775876998901,0.5812493562698364,0.1273198127746582,0.5812493562698364,0.1273198127746582,0.6219949722290039,0.08814969658851624
1484,565,2.603187322616577,1.3062676191329956,0.05138153318315747,0.4414679987728594,0.8875888236984608,1.3306207656860352,1.2231571674346924,1.3306207656860352,1.2231571674346924,0.2024374008178711,1.2231571674346924,1.3306207656860352,0.22248053550720215,1.3306207656860352,0.22248053550720215,1.2077453136444092,0.11170840263366699
1485,565,-1.0743193626403809,0.27959954738616943,0.1932417112340532,0.10723948524643945,0.7629016560936965,2.3626513481140137,0.18023554980754852,2.3626513481140137,0.18023554980754852,1.9437881708145142,0.18023554980754852,0.34041059017181396,0.30623871088027954,0.34041059017181396,0.30623871088027954,0.21021689474582672,0.4575534760951996
1486,565,1.6350343227386475,1.0640236139297485,0.24129607638344178,0.4023578500375155,0.07747360376641141,0.5307304263114929,0.4073348641395569,0.5307304263114929,0.4073348641395569,0.0453718900680542,0.4073348641395569,0.5307304263114929,0.49894118309020996,0.5307304263114929,0.49894118309020996,0.4690326452255249,0.4399944841861725
1487,565,0.7345112562179565,1.119158148765564,0.10351066128661246,0.5860892898092668,0.7738006425773103,1.071670651435852,1.003328561782837,1.071670651435852,1.003328561782837,0.16375470161437988,1.003328561782837,1.071670651435852,0.2931300401687622,1.071670651435852,0.2931300401687622,0.9613987803459167,0.1770014762878418
1488,565,-0.5885798931121826,0.16054826974868774,0.0007914961874484483,0.27737864613533014,0.9048586262762546,1.9748578071594238,0.04604142904281616,1.9748578071594238,0.04604142904281616,1.431077241897583,0.04604142904281616,0.47980278730392456,0.0813814103603363,0.47980278730392456,0.0813814103603363,0.26091253757476807,0.35652822256088257
1489,565,2.294273853302002,0.8330217599868774,0.2124698262289167,0.016562267579138257,0.296212769895792,0.7177547812461853,0.8538163900375366,0.7177547812461853,0.8538163900375366,0.4096439778804779,0.8538163900375366,0.7177547812461853,0.1959131956100464,0.7177547812461853,0.1959131956100464,0.6898349523544312,0.15110766887664795
1490,565,2.658766746520996,0.5561692118644714,0.21291261450697968,0.3433370851228633,0.03040513223657998,0.8458095192909241,0.18192633986473083,0.8458095192909241,0.18192633986473083,0.5595223307609558,0.18192633986473083,0.12861770391464233,0.36843082308769226,0.12861770391464233,0.36843082308769226,0.15527202188968658,0.5489362478256226
1491,565,1.0313924551010132,0.714629054069519,0.20565139966706453,0.47420037324229874,0.7644649700572096,2.504359245300293,0.6001639366149902,2.504359245300293,0.6001639366149902,1.8328477144241333,0.6001639366149902,0.25836020708084106,0.21765238046646118,0.25836020708084106,0.21765238046646118,0.268211305141449,0.5840542316436768
1492,565,2.620121479034424,2.3813960552215576,0.06506634672482825,0.6078637449194988,0.852133288060625,1.2455847263336182,2.244187116622925,1.2455847263336182,2.244187116622925,1.9410467147827148,2.244187116622925,1.4210567474365234,0.21820974349975586,1.4210567474365234,0.21820974349975586,1.7627214193344116,0.6828670501708984
1493,565,3.082509994506836,1.976790428161621,0.24600426979673384,0.046619639483590936,0.8990031674535324,1.3999378681182861,1.8814584016799927,1.3999378681182861,1.8814584016799927,1.630070686340332,1.8814584016799927,1.3999378681182861,0.29962801933288574,1.3999378681182861,0.29962801933288574,1.5169672966003418,0.49886274337768555
1494,565,2.942209243774414,1.7243766784667969,0.324169434557358,0.5254790261636181,0.06743967267374218,0.5881869792938232,1.1326816082000732,0.5881869792938232,1.1326816082000732,1.0141634941101074,1.1326816082000732,0.7022662162780762,0.5819408893585205,0.7022662162780762,0.5819408893585205,0.9174739122390747,0.7661250829696655
1495,565,0.982927680015564,2.8024778366088867,0.3217027200510101,0.7301150086646282,0.9652180313443143,1.4716992378234863,2.747450351715088,1.4716992378234863,2.747450351715088,2.2331457138061523,2.747450351715088,1.7032827138900757,0.530916690826416,1.7032827138900757,0.530916690826416,2.0651297569274902,1.0635361671447754
1496,565,2.7842276096343994,3.048386335372925,0.037272953093051786,0.699852190464735,1.4090074642002586,1.9987573623657227,2.897965669631958,1.9987573623657227,2.897965669631958,2.708803415298462,2.897965669631958,1.9987573623657227,0.19414305686950684,1.9987573623657227,0.19414305686950684,2.376225709915161,0.6973105669021606
1497,565,1.0313340425491333,2.629749059677124,0.3181360975032054,0.03881494378050232,1.2458943405871585,1.8161848783493042,2.4568018913269043,1.8161848783493042,2.4568018913269043,2.155653715133667,2.4568018913269043,1.8161848783493042,0.337169885635376,1.8161848783493042,0.337169885635376,1.9963123798370361,0.5789952874183655
1498,565,1.2096879482269287,1.134319543838501,0.009010628532463039,0.45457316399396736,0.1416571660378641,0.50456702709198,0.6089291572570801,0.50456702709198,0.6089291572570801,0.1648569107055664,1.0991828441619873,0.50456702709198,0.08570218086242676,0.50456702709198,0.08570218086242676,0.7355128526687622,0.2717640697956085
1499,565,1.9914603233337402,2.048405885696411,0.06270205754786762,0.031190945282578486,1.0512775499001141,1.5935274362564087,1.969594120979309,1.5935274362564087,1.969594120979309,1.561281681060791,1.969594120979309,1.5935274362564087,0.4044231176376343,1.5935274362564087,0.4044231176376343,1.6527658700942993,0.5056193470954895
