end_index,window_len,y_true,y_hat,shap_lag_t-1,shap_lag_t-2,shap_lag_t-3,faithfulness_prtb_p90,faithfulness_sqnc_p90,faithfulness_prtb_p70,faithfulness_sqnc_p70,faithfulness_prtb_p50,faithfulness_sqnc_p50,ablation_mif_p90,ablation_lif_p90,ablation_mif_p70,ablation_lif_p70,ablation_mif_p50,ablation_lif_p50
100,100,1.4278178539879565,-0.39714032,0.007110106505939989,0.0623689345676208,0.0932727035525483,0.03567063808441162,0.4818383753299713,0.03567063808441162,0.4818383753299713,0.290421724319458,0.4818383753299713,0.03567063808441162,0.30825555324554443,0.03567063808441162,0.30825555324554443,0.11624307185411453,0.3811893165111542
101,100,0.9892128346580692,-0.2969708,0.23555305520795872,0.012410993594996422,0.03549924448030101,0.15309832990169525,0.15309832990169525,0.15309832990169525,0.15309832990169525,0.2678186893463135,0.47563332319259644,0.15309832990169525,0.2676626443862915,0.15309832990169525,0.2676626443862915,0.19346803426742554,0.3027894198894501
102,100,-0.31894975263253,0.19010314,0.6958463976665358,0.12078166300514115,0.015276343731331354,0.36554932594299316,0.36554932594299316,0.36554932594299316,0.36554932594299316,0.042029544711112976,0.3007139563560486,0.36554932594299316,0.05864584445953369,0.36554932594299316,0.05864584445953369,0.3331316411495209,0.07648415863513947
103,100,0.5616309824282083,0.55997074,0.6265177246938456,0.46877817255268805,0.06576192823216265,0.12798255681991577,0.2627125382423401,0.12798255681991577,0.2627125382423401,0.41136622428894043,0.5881747603416443,0.2627125382423401,0.01940518617630005,0.2627125382423401,0.01940518617630005,0.4254436492919922,0.10385671257972717
104,100,-0.1563390783310497,0.47793362,0.21917352998866046,0.4835067299095422,0.2732091554955825,0.11761307716369629,0.09578019380569458,0.11761307716369629,0.09578019380569458,0.28717243671417236,0.2674322724342346,0.2269899845123291,0.11555972695350647,0.2269899845123291,0.11555972695350647,0.32024720311164856,0.0689631849527359
105,100,0.1741116763247928,0.24862683,0.4588042525414544,0.11603619701059409,0.26356400297218585,0.037375688552856445,0.1684078872203827,0.037375688552856445,0.1684078872203827,0.1751016527414322,0.23645982146263123,0.1684078872203827,0.06368613243103027,0.1684078872203827,0.06368613243103027,0.24345462024211884,0.062259241938591
106,100,-0.6978419957287816,0.1453646,0.2828995795773271,0.37066328946718646,0.08564558589376536,0.12189817428588867,0.06575937569141388,0.12189817428588867,0.06575937569141388,0.15568093955516815,0.06575937569141388,0.12189817428588867,0.02921941876411438,0.12189817428588867,0.02921941876411438,0.09382877498865128,0.05319463461637497
107,100,-1.7511491254084453,0.18985693,0.37488932972869926,0.19474643568709948,0.19115278604872443,0.04847586154937744,0.043422698974609375,0.04847586154937744,0.043422698974609375,0.17901118099689484,0.013217151165008545,0.043422698974609375,0.054449498653411865,0.043422698974609375,0.054449498653411865,0.02831992506980896,0.03892296552658081
108,100,-1.6620354321662028,-0.2542529,0.03819668590318409,0.2353695246368595,0.09851583985042112,0.042399466037750244,0.2141011357307434,0.042399466037750244,0.2141011357307434,0.02440120279788971,0.23368331789970398,0.042399466037750244,0.25198325514793396,0.042399466037750244,0.25198325514793396,0.031232446432113647,0.26134783029556274
109,100,-2.578122884455294,-0.9186107,0.3761918296096556,0.0021276651814428893,0.12860773375123422,1.3169522285461426,0.6896965503692627,1.3169522285461426,0.6896965503692627,1.2932102680206299,0.8494759798049927,0.6896965503692627,0.18328768014907837,0.6896965503692627,0.18328768014907837,0.6755422353744507,0.16950997710227966
110,100,-1.2412866047253566,-1.2870551,0.3643578239476557,0.257700274323987,0.0002862909021450477,1.1418402194976807,0.7564992308616638,1.1418402194976807,0.7564992308616638,1.7548611164093018,1.2492568492889404,0.7564992308616638,0.10418236255645752,0.7564992308616638,0.10418236255645752,1.0028780698776245,0.362581342458725
111,100,-0.8751254232515715,-1.64235,0.575632410655214,0.23017177958668744,0.1318150979316316,1.2377865314483643,0.8522846698760986,1.2377865314483643,0.8522846698760986,1.6791538000106812,1.3417458534240723,0.8522846698760986,0.21965205669403076,0.8522846698760986,0.21965205669403076,1.0970152616500854,0.4365265369415283
112,100,-0.5464509398366677,-1.4852151,0.16134706197172088,0.4136109218462226,0.1427668990932175,1.0080692768096924,1.1156648397445679,1.0080692768096924,1.1156648397445679,1.4661816358566284,1.1156648397445679,0.6322004795074463,0.26519477367401123,0.6322004795074463,0.26519477367401123,0.8739326596260071,0.5051679015159607
113,100,-0.3910980393096658,-1.092017,0.01794676576129761,0.11408233680343105,0.20093913682931686,0.5856922268867493,0.8975960612297058,0.5856922268867493,0.8975960612297058,0.9896653890609741,0.8975960612297058,0.29731929302215576,0.2768557071685791,0.29731929302215576,0.2768557071685791,0.45273131132125854,0.4128091037273407
114,100,-1.214066902030788,-0.81362295,0.0758201157437362,0.04278989916481718,0.08072937052069662,0.3308839499950409,0.6340236067771912,0.3308839499950409,0.6340236067771912,0.5267980098724365,0.6340236067771912,0.2055898904800415,0.2245413064956665,0.2055898904800415,0.2245413064956665,0.3034527897834778,0.32089701294898987
115,100,-1.0805292813091814,-0.46506047,0.23699411264655923,0.09550322201166972,0.01098301273825053,0.1597694754600525,0.1597694754600525,0.1597694754600525,0.1597694754600525,0.3260769546031952,0.2911902964115143,0.1597694754600525,0.09905654191970825,0.1597694754600525,0.09905654191970825,0.2254798859357834,0.16432614624500275
116,100,-0.5369277008271109,-0.7648604,0.12614769541700063,0.09363962629893181,0.034684873221256476,0.692318856716156,0.42236489057540894,0.692318856716156,0.42236489057540894,0.7921479344367981,0.5324934720993042,0.42236489057540894,0.09466171264648438,0.42236489057540894,0.09466171264648438,0.47742918133735657,0.1501634418964386
117,100,-0.9735991745394924,-0.91860485,0.06861031582879831,0.07012710656292256,0.07536850726276728,0.05815935134887695,0.8213686943054199,0.05815935134887695,0.8213686943054199,0.5879987478256226,0.8213686943054199,0.05815935134887695,0.48602294921875,0.05815935134887695,0.48602294921875,0.2306261658668518,0.6351053714752197
118,100,-1.7255594126196785,-0.7383139,0.16260542424837326,0.045277656238410686,0.03824232103898362,0.23925834894180298,0.23925834894180298,0.23925834894180298,0.23925834894180298,0.6266981363296509,0.5084478259086609,0.23925834894180298,0.1563037633895874,0.23925834894180298,0.1563037633895874,0.37385308742523193,0.2949354648590088
119,100,-0.1916413192127422,-0.7488984,0.035631152157930904,0.08980185876494837,0.02366510179546695,0.1544433832168579,0.5763470530509949,0.1544433832168579,0.5763470530509949,0.7382692098617554,0.5763470530509949,0.1544433832168579,0.14228898286819458,0.1544433832168579,0.14228898286819458,0.3653952181339264,0.3574788272380829
120,100,-1.0380844895725148,-1.1085815,0.3397189811435354,0.044465327180947506,0.02517681059353949,1.1590734720230103,0.7501837015151978,1.1590734720230103,0.7501837015151978,1.4751052856445312,1.0282866954803467,0.7501837015151978,0.0755765438079834,0.7501837015151978,0.0755765438079834,0.8892351984977722,0.2271261215209961
121,100,-2.6631078846814074,-0.7685045,0.2273262652066056,0.1956642679230045,0.016136628982076684,0.07607173919677734,0.07607173919677734,0.07607173919677734,0.07607173919677734,0.8341074585914612,0.5147134065628052,0.07607173919677734,0.15883564949035645,0.07607173919677734,0.15883564949035645,0.29539257287979126,0.3696255385875702
122,100,-2.642580500179669,-0.8534622,0.05033192738788225,0.1553598021211493,0.12950634635037575,0.049883484840393066,0.42867833375930786,0.049883484840393066,0.42867833375930786,0.5319525599479675,0.7168843150138855,0.049883484840393066,0.37992456555366516,0.049883484840393066,0.37992456555366516,0.19615912437438965,0.5252095460891724
123,100,-2.005300039105328,-1.4069725,0.4599137975997527,0.0446629352944421,0.07752588122468651,1.2696541547775269,0.7566189765930176,1.2696541547775269,0.7566189765930176,1.290871024131775,1.0084925889968872,0.7566189765930176,0.2104189395904541,0.7566189765930176,0.2104189395904541,0.7709089517593384,0.22499895095825195
124,100,-2.3833136280244696,-1.7560802,0.4089287885839182,0.32127437318108726,0.044985887085653875,1.1514148712158203,0.6009410619735718,1.1514148712158203,0.6009410619735718,1.9450113773345947,1.253019094467163,0.6009410619735718,0.1413576602935791,0.6009410619735718,0.1413576602935791,0.9269800782203674,0.41976189613342285
125,100,-2.9423945530942257,-1.6826304,0.3106322647728461,0.29831093777598394,0.17172510681283426,0.6113389730453491,0.6113389730453491,0.6113389730453491,0.6113389730453491,1.2902607917785645,1.1601791381835938,0.6113389730453491,0.2900804281234741,0.6113389730453491,0.2900804281234741,0.8857590556144714,0.5605554580688477
126,100,-4.51065572193477,-1.7652063,0.44653241707594526,0.27244816776813113,0.2185658385714715,0.7847952842712402,0.637948751449585,0.7847952842712402,0.637948751449585,1.421075701713562,1.2638739347457886,0.637948751449585,0.29122066497802734,0.637948751449585,0.29122066497802734,0.9509113430976868,0.551678478717804
127,100,-3.050815131828256,-1.8926146,0.5078632429856614,0.26422751164927905,0.13953311933377377,1.080665111541748,0.7529155015945435,1.080665111541748,0.7529155015945435,1.6866360902786255,1.2853835821151733,0.7529155015945435,0.22673773765563965,0.7529155015945435,0.22673773765563965,1.0191495418548584,0.4811588525772095
128,100,-3.548953089177943,-2.1532192,0.6217366320071455,0.28862447750553,0.16791889513122682,1.4546042680740356,0.7436825037002563,1.4546042680740356,0.7436825037002563,2.1282429695129395,1.337285041809082,0.7436825037002563,0.19471454620361328,0.7436825037002563,0.19471454620361328,1.0404837131500244,0.43337661027908325
129,100,-3.863322787556526,-2.129898,0.5580708959309507,0.4935556208759646,0.19615415570764627,0.8245053291320801,0.7825495004653931,0.8245053291320801,0.7825495004653931,2.0743799209594727,1.6739153861999512,0.7825495004653931,0.2618131637573242,0.7825495004653931,0.2618131637573242,1.2282323837280273,0.6308935284614563
130,100,-4.576399848843476,-2.316497,0.60114499363933,0.3168878678002004,0.33649202639755493,0.9441832304000854,0.786369800567627,0.9441832304000854,0.786369800567627,1.7224705219268799,2.0748815536499023,0.786369800567627,0.3510868549346924,0.786369800567627,0.3510868549346924,1.060567021369934,0.6551408767700195
131,100,-3.7578417006842786,-2.053099,0.42337965302143654,0.3499004982693501,0.2638424958048001,0.6793887615203857,0.48030006885528564,0.6793887615203857,0.48030006885528564,1.5329174995422363,1.112302303314209,0.48030006885528564,0.28794991970062256,0.48030006885528564,0.28794991970062256,0.7963011860847473,0.5981076955795288
132,100,-5.438947557322839,-2.4345403,0.5938120727584124,0.3610438350140025,0.24138895327487753,1.0382559299468994,0.753764271736145,1.0382559299468994,0.753764271736145,1.7920804023742676,1.4075263738632202,0.753764271736145,0.27190136909484863,0.753764271736145,0.27190136909484863,1.0806453227996826,0.5768886208534241
133,100,-3.4922407254290846,-2.594917,0.5426864492166084,0.4771715306078441,0.3156161061984164,0.7053251266479492,0.7053251266479492,0.7053251266479492,0.7053251266479492,1.7624282836914062,1.521364450454712,0.7053251266479492,0.33031439781188965,0.7053251266479492,0.33031439781188965,1.1133447885513306,0.7444454431533813
134,100,-4.407793469312257,-2.5908513,0.6848916898503954,0.3117574261456624,0.2680726745437918,1.365402340888977,0.8596377372741699,1.365402340888977,0.8596377372741699,2.0093936920166016,1.471007227897644,0.8596377372741699,0.29161882400512695,0.8596377372741699,0.29161882400512695,1.1653225421905518,0.585573136806488
135,100,-4.979762869798561,-2.4310114,0.4233916805884272,0.389947774023125,0.21767322742140172,0.5982680320739746,0.5982680320739746,0.5982680320739746,0.5982680320739746,1.8113317489624023,1.295088768005371,0.5982680320739746,0.22965097427368164,0.5982680320739746,0.22965097427368164,0.9466784000396729,0.576765775680542
136,100,-3.956953259402587,-2.5957725,0.4821334289342063,0.3193740854071795,0.39526229667960544,0.8078216314315796,0.5841372013092041,0.8078216314315796,0.5841372013092041,1.8696362972259521,2.1442651748657227,0.5841372013092041,0.3561091423034668,0.5841372013092041,0.3561091423034668,0.9550932049751282,0.711972177028656
137,100,-3.242575017031636,-2.637131,0.6554296305499123,0.37109718003223824,0.2225410594153654,1.294762134552002,0.895684003829956,1.294762134552002,0.895684003829956,2.1295278072357178,1.5989805459976196,0.895684003829956,0.26801633834838867,0.895684003829956,0.26801633834838867,1.2473323345184326,0.5955605506896973
138,100,-3.135051988943609,-2.8398652,0.5885414993230418,0.553785409714348,0.29828425478894305,0.8825616836547852,0.8825616836547852,0.8825616836547852,0.8825616836547852,2.152657985687256,1.938654899597168,0.8825616836547852,0.344771146774292,0.8825616836547852,0.344771146774292,1.4106082916259766,0.8299803137779236
139,100,-2.7374266250444315,-2.7583046,0.2557588547877838,0.27286481206974234,0.32731131451441264,0.645172119140625,1.9432859420776367,0.645172119140625,1.9432859420776367,1.6732001304626465,1.9432859420776367,0.3565099239349365,0.356842041015625,0.3565099239349365,0.356842041015625,0.7145912647247314,0.5998963117599487
140,100,-2.786860260340989,-2.5147421,0.44404174269679453,0.3345034791227057,0.25448048980170557,0.928661584854126,0.928661584854126,0.928661584854126,0.928661584854126,1.7123217582702637,1.687028408050537,0.928661584854126,0.44495534896850586,0.928661584854126,0.44495534896850586,1.3078449964523315,0.7981350421905518
141,100,-1.8384596139206573,-2.4420612,0.24721248391567635,0.26626301569627364,0.2401185965619952,0.5203003883361816,1.1378313302993774,0.5203003883361816,1.1378313302993774,1.2624937295913696,1.1378313302993774,0.42484378814697266,0.363025426864624,0.42484378814697266,0.363025426864624,0.781337559223175,0.6956448554992676
142,100,-1.95272173963564,-2.2241576,0.3673079905333798,0.24321581259421088,0.18521494446546327,0.9927771091461182,0.9725477695465088,0.9927771091461182,0.9725477695465088,1.5938029289245605,1.578685998916626,0.9725477695465088,0.4362025260925293,0.9725477695465088,0.4362025260925293,1.2756168842315674,0.7470277547836304
143,100,-1.7890907185252916,-2.1474168,0.10671478924677508,0.2702018733798846,0.1878656892432381,0.9354808330535889,1.2798535823822021,0.9354808330535889,1.2798535823822021,1.430501937866211,1.6907050609588623,0.668691873550415,0.5536842346191406,0.668691873550415,0.5536842346191406,0.9129741787910461,0.8155290484428406
144,100,-2.7806747664218037,-2.4600713,0.07805549442972917,0.0799159538704921,0.16214309361382415,0.5321857929229736,1.1412560939788818,0.5321857929229736,1.1412560939788818,0.9593135118484497,1.1412560939788818,0.3261876106262207,0.23671460151672363,0.3261876106262207,0.23671460151672363,0.5071210265159607,0.3759283423423767
145,100,-2.6217759258541906,-1.8014522,0.04633783710371592,0.08056838917978008,0.051504429160934256,0.3942302465438843,0.7570946216583252,0.3942302465438843,0.7570946216583252,0.7280828952789307,1.0742950439453125,0.36066699028015137,0.3706526756286621,0.36066699028015137,0.3706526756286621,0.5237419009208679,0.5256555080413818
146,100,-2.4552562905656803,-2.4689875,0.20300357166639227,0.09229983727342117,0.11820860944457956,0.7605032920837402,0.4628791809082031,0.7605032920837402,0.4628791809082031,1.3776917457580566,1.5209648609161377,0.4628791809082031,0.2569313049316406,0.4628791809082031,0.2569313049316406,0.7077540755271912,0.5073574781417847
147,100,-2.5120376712928905,-2.417224,0.14789901156605686,0.1576650181586799,0.07392402735772452,0.562767744064331,0.8374109268188477,0.562767744064331,0.8374109268188477,1.4167966842651367,0.8374109268188477,0.3244147300720215,0.22952699661254883,0.3244147300720215,0.22952699661254883,0.5809128284454346,0.46425020694732666
148,100,-1.1510041734767738,-2.3963337,0.12725814828757986,0.13490258961199061,0.14901145207103594,0.35462427139282227,1.4206652641296387,0.35462427139282227,1.4206652641296387,0.9270331859588623,1.4206652641296387,0.30203986167907715,0.37091803550720215,0.30203986167907715,0.37091803550720215,0.5538397431373596,0.5756141543388367
149,100,-1.5406974058463423,-2.397221,0.12370735580978537,0.12294679931348979,0.126532479250144,0.33063459396362305,1.3854494094848633,0.33063459396362305,1.3854494094848633,0.8219873905181885,1.3854494094848633,0.30428624153137207,0.328096866607666,0.30428624153137207,0.328096866607666,0.5384883284568787,0.5722664594650269
150,100,-0.8146915031051172,-2.1277137,0.05988482716157251,0.140758789691728,0.1389699129714182,0.7574785947799683,0.66054368019104,0.7574785947799683,0.66054368019104,1.7452263832092285,1.3685154914855957,0.3899834156036377,0.20637381076812744,0.3899834156036377,0.20637381076812744,0.7105059623718262,0.4338451027870178
151,100,-0.575075131678495,-1.9193735,0.01180988888150658,0.04574534850022226,0.10773859964203601,0.6003519296646118,0.9878078699111938,0.6003519296646118,0.9878078699111938,0.8547016382217407,0.9878078699111938,0.3604494333267212,0.31076228618621826,0.3604494333267212,0.31076228618621826,0.48557180166244507,0.4238283634185791
152,100,-0.2539910896112613,-1.303901,0.23259223234612508,0.038607690956994234,0.08829969679776711,0.22929596900939941,0.22929596900939941,0.22929596900939941,0.22929596900939941,0.4398152232170105,0.6745752692222595,0.22929596900939941,0.33645325899124146,0.22929596900939941,0.33645325899124146,0.31218937039375305,0.4122495949268341
153,100,-1.5449328769456585,-1.5398296,0.20714261830877195,0.12089158359057298,0.006889823836969011,0.15651822090148926,0.15651822090148926,0.15651822090148926,0.15651822090148926,0.46192610263824463,0.3864431381225586,0.15651822090148926,0.3702657222747803,0.15651822090148926,0.3702657222747803,0.2714806795120239,0.49215376377105713
154,100,0.2880562830605471,-1.472188,0.306301630239716,0.18826295901409978,0.1307794352372486,0.0762948989868164,0.0762948989868164,0.0762948989868164,0.0762948989868164,0.3340836763381958,0.2390226125717163,0.0762948989868164,0.20023107528686523,0.0762948989868164,0.20023107528686523,0.15765875577926636,0.2830575704574585
155,100,-1.049794961542373,-1.5237374,0.016416867830089665,0.2543866393185157,0.1761532462749281,0.06586754322052002,0.45413827896118164,0.06586754322052002,0.45413827896118164,0.2944387197494507,0.6119271516799927,0.06586754322052002,0.38244879245758057,0.06586754322052002,0.38244879245758057,0.13884782791137695,0.46014541387557983
156,100,-0.8324864654703167,-1.1974019,0.41987710699592695,0.0029887607724397025,0.22736431781164118,0.07357990741729736,0.07357990741729736,0.07357990741729736,0.07357990741729736,0.0960763692855835,0.3565939664840698,0.07357990741729736,0.3730902671813965,0.07357990741729736,0.3730902671813965,0.04640001058578491,0.39945822954177856
157,100,-2.550934837649097,-1.2619253,0.11561858921257401,0.4283033900052513,0.008411923881069816,0.09485995769500732,0.22994768619537354,0.09485995769500732,0.22994768619537354,0.6945770978927612,0.22994768619537354,0.09485995769500732,0.47875237464904785,0.09485995769500732,0.47875237464904785,0.16240382194519043,0.650046706199646
158,100,-0.5395583499498444,-0.8449352,0.2411036730785554,0.1436180951413012,0.34220152514701796,0.047204017639160156,0.4240162968635559,0.047204017639160156,0.4240162968635559,0.4816107749938965,0.4240162968635559,0.047204017639160156,0.2388068437576294,0.047204017639160156,0.2388068437576294,0.12294930219650269,0.3495306670665741
159,100,-0.817074689797436,-2.1975572,0.1826716611270642,0.06277829787575494,0.0341777854768681,1.246939778327942,0.5807842016220093,1.246939778327942,0.5807842016220093,1.5131123065948486,0.8358767032623291,0.5807842016220093,0.212926983833313,0.5807842016220093,0.212926983833313,0.7083304524421692,0.32482588291168213
160,100,-0.8455932616087911,-1.9602054,0.2026803356777766,0.16878775837495183,0.06515625964120467,0.12468862533569336,0.12468862533569336,0.12468862533569336,0.12468862533569336,1.3985121250152588,0.7105470895767212,0.12468862533569336,0.14355313777923584,0.12468862533569336,0.14355313777923584,0.4176178574562073,0.47257184982299805
161,100,-2.172240547611764,-1.3141222,0.1797098166651744,0.22074645614296293,0.14886653704946418,0.14082086086273193,0.3712437152862549,0.14082086086273193,0.3712437152862549,0.45023173093795776,0.3712437152862549,0.14082086086273193,0.4811909794807434,0.14082086086273193,0.4811909794807434,0.2560322880744934,0.5924601554870605
162,100,-2.5906222844797595,-1.3680813,0.16401553179595038,0.12488429043506033,0.16489976808377577,0.10726654529571533,0.5357736349105835,0.10726654529571533,0.5357736349105835,0.4233074188232422,0.5357736349105835,0.10726654529571533,0.19075441360473633,0.10726654529571533,0.19075441360473633,0.2234845757484436,0.3076127767562866
163,100,-1.603952242539154,-1.3645669,0.13898551574175272,0.12883159469595443,0.12639545508471542,0.8910059928894043,0.5661418437957764,0.8910059928894043,0.5661418437957764,1.0467801094055176,0.7563329339027405,0.5661418437957764,0.14769303798675537,0.5661418437957764,0.14769303798675537,0.661237359046936,0.24329471588134766
164,100,-1.597808278153476,-2.0818758,0.16429337454620507,0.1157890195187018,0.07078028559889615,0.9439975023269653,0.4365180730819702,0.9439975023269653,0.4365180730819702,1.9349651336669922,0.9465827941894531,0.4365180730819702,0.14593827724456787,0.4365180730819702,0.14593827724456787,0.6915504336357117,0.3695089817047119
165,100,-1.2212259229452558,-1.8916932,0.033138990786271916,0.1842115233393069,0.11943455347695264,0.754637598991394,0.9260944128036499,0.754637598991394,0.9260944128036499,1.3974800109863281,1.4708110094070435,0.47236037254333496,0.37228548526763916,0.47236037254333496,0.37228548526763916,0.7365835905075073,0.5931540727615356
166,100,-0.6460505926818421,-1.9182689,0.029163126683317442,0.038493054019626285,0.13071547607375983,0.5187458992004395,1.1012957096099854,0.5187458992004395,1.1012957096099854,0.8748400211334229,1.1012957096099854,0.35441160202026367,0.3539576530456543,0.35441160202026367,0.3539576530456543,0.5339609384536743,0.5234462022781372
167,100,-0.849330810210656,-1.9329128,0.03362961415572678,0.0394457691313885,0.03564252517477336,0.3775639533996582,0.5842138528823853,0.3775639533996582,0.5842138528823853,0.8127915859222412,0.9499378204345703,0.2843761444091797,0.24381756782531738,0.2843761444091797,0.24381756782531738,0.4496304392814636,0.39372992515563965
168,100,-0.8436364076690686,-1.7448599,0.1605593937983626,0.011110340606715896,0.04059865691817499,0.159018874168396,0.159018874168396,0.159018874168396,0.159018874168396,0.7054251432418823,0.8244158029556274,0.159018874168396,0.2567422389984131,0.159018874168396,0.2567422389984131,0.32505953311920166,0.4443901777267456
169,100,-0.5113321874819878,-1.1647038,0.17433430116201182,0.1928733376805314,0.04716822950495886,0.15595221519470215,0.4105108976364136,0.15595221519470215,0.4105108976364136,0.46955323219299316,0.4105108976364136,0.15595221519470215,0.20269763469696045,0.15595221519470215,0.20269763469696045,0.28323155641555786,0.32884687185287476
170,100,-1.35517518838435,-1.4115653,0.1403433595019108,0.09629712036180288,0.1278610687792509,0.3071308135986328,0.24590277671813965,0.3071308135986328,0.24590277671813965,0.4602143168449402,0.6346526741981506,0.24590277671813965,0.22454595565795898,0.24590277671813965,0.22454595565795898,0.32219481468200684,0.3022407293319702
171,100,-1.7682817251449108,-1.39486,0.2192714710006187,0.09440059493907149,0.08174060310694775,0.12948155403137207,0.12948155403137207,0.12948155403137207,0.12948155403137207,0.37892889976501465,0.3066904544830322,0.12948155403137207,0.14319968223571777,0.12948155403137207,0.14319968223571777,0.21808600425720215,0.2337251901626587
172,100,0.0679040881853603,-1.5341663,0.004015832064078073,0.1777668891801047,0.11308761063924772,0.1684194803237915,0.6067873239517212,0.1684194803237915,0.6067873239517212,0.5754899382591248,0.9203851222991943,0.1684194803237915,0.41644036769866943,0.1684194803237915,0.41644036769866943,0.31749802827835083,0.5754909515380859
173,100,0.6810333601718495,-1.5233691,0.05671300019595181,0.02381681556144498,0.14908922722249507,0.08703804016113281,0.8308992981910706,0.08703804016113281,0.8308992981910706,0.8651409149169922,0.8308992981910706,0.08703804016113281,0.31723809242248535,0.08703804016113281,0.31723809242248535,0.31560900807380676,0.5379363894462585
174,100,0.612986179682955,-1.0400188,0.44747272855842246,0.04914083854132101,0.02059119225470074,0.021038174629211426,0.021038174629211426,0.021038174629211426,0.021038174629211426,0.7490554451942444,0.3673973083496094,0.021038174629211426,0.20385748147964478,0.021038174629211426,0.20385748147964478,0.1942177414894104,0.38777533173561096
175,100,-1.2638967686304128,-0.37416953,0.6405385653024275,0.3510870950686973,0.010961302060032208,0.14994364976882935,0.14994364976882935,0.14994364976882935,0.14994364976882935,0.05808791518211365,0.16254562139511108,0.14994364976882935,0.14127597212791443,0.14994364976882935,0.14127597212791443,0.15624463558197021,0.1373157799243927
176,100,-0.5981882451037155,-0.50094676,0.4991025238512312,0.4981652208415093,0.33376091831328525,0.1350719928741455,0.15307080745697021,0.1350719928741455,0.15307080745697021,0.3129238486289978,0.3319452404975891,0.15307080745697021,0.013976335525512695,0.15307080745697021,0.013976335525512695,0.24250802397727966,0.098507821559906
177,100,-0.4781708613594613,-0.66884774,0.0850773383303195,0.4503557777537921,0.2887097274007667,0.08819174766540527,0.17913183569908142,0.08819174766540527,0.17913183569908142,0.15830785036087036,0.1204950213432312,0.1000630259513855,0.2579876780509949,0.1000630259513855,0.2579876780509949,0.1356763243675232,0.23358775675296783
178,100,0.5208917703284881,-1.0027933,0.190424953744174,0.02716371929113026,0.3296710393068303,0.10650992393493652,0.3244295120239258,0.10650992393493652,0.3244295120239258,0.3327256441116333,0.3244295120239258,0.10650992393493652,0.2797855734825134,0.10650992393493652,0.2797855734825134,0.07525491714477539,0.3482944667339325
179,100,1.0614681043013718,-0.88352954,0.285073750309928,0.1962415759301267,0.04423586138335267,0.13967043161392212,0.13967043161392212,0.13967043161392212,0.13967043161392212,0.3049432039260864,0.27804553508758545,0.13967043161392212,0.22802388668060303,0.13967043161392212,0.22802388668060303,0.20885798335075378,0.290585458278656
180,100,1.4447153016811327,-0.21529749,0.6314202475383927,0.29381537100754673,0.22682855003017321,0.12584146857261658,0.12584146857261658,0.12584146857261658,0.12584146857261658,0.09879563748836517,0.039676517248153687,0.12584146857261658,0.0711001306772232,0.12584146857261658,0.0711001306772232,0.08275899291038513,0.10358298569917679
181,100,3.0128213141227898,-0.046127588,0.7241183023170097,0.44649891536106756,0.1421632926104608,0.19021131098270416,0.19021131098270416,0.19021131098270416,0.19021131098270416,0.18746337294578552,0.2715670168399811,0.19021131098270416,0.027138978242874146,0.19021131098270416,0.027138978242874146,0.23088917136192322,0.02599869668483734
182,100,2.160746919023267,0.046473235,0.838360196741176,0.3875706879953338,0.14777306326476158,0.2564566135406494,0.2564566135406494,0.2564566135406494,0.2564566135406494,0.3250449001789093,0.3705936372280121,0.2564566135406494,0.010573714971542358,0.2564566135406494,0.010573714971542358,0.31352514028549194,0.043382272124290466
183,100,0.6374763788176618,0.22395329,0.9259948504903062,0.5229414949046378,0.34021846991019555,0.2576002776622772,0.2576002776622772,0.2576002776622772,0.2576002776622772,0.2455866038799286,0.4784907102584839,0.2576002776622772,0.025072693824768066,0.2576002776622772,0.025072693824768066,0.36804550886154175,0.06359751522541046
184,100,1.0211229964400823,-0.09253056,0.6309059544936897,0.41931758751881476,0.16832092596390824,0.04224856197834015,0.12600122392177582,0.04224856197834015,0.12600122392177582,0.15391148626804352,0.2733801603317261,0.12600122392177582,0.017770245671272278,0.12600122392177582,0.017770245671272278,0.19969069957733154,0.06160648167133331
185,100,0.7043343047308734,0.26928085,0.5603052841633864,0.5675895370773432,0.3235732118800745,0.05137026309967041,0.1812417209148407,0.05137026309967041,0.1812417209148407,0.010329186916351318,0.1812417209148407,0.09616351127624512,0.0413627028465271,0.09616351127624512,0.0413627028465271,0.1387026160955429,0.07323804497718811
186,100,0.8910407011129956,0.2621037,0.6298824929059372,0.5038386929101757,0.8515539634332725,0.28744179010391235,0.8454561233520508,0.28744179010391235,0.8454561233520508,0.2608579695224762,0.8454561233520508,0.28744179010391235,0.08336108922958374,0.28744179010391235,0.08336108922958374,0.4382532238960266,0.1859123259782791
187,100,0.0397158520509385,0.0894402,0.6272533307319244,0.5515872234177752,0.2815484715900882,0.07342979311943054,0.1437309831380844,0.07342979311943054,0.1437309831380844,0.20782287418842316,0.2932509183883667,0.1437309831380844,0.03407832980155945,0.1437309831380844,0.03407832980155945,0.21849095821380615,0.10232508182525635
188,100,-0.2459526747335452,0.08274585,0.6599202042515948,0.4972224688650305,0.4113814220075651,0.1574063003063202,0.1899009346961975,0.1574063003063202,0.1899009346961975,0.23169474303722382,0.33907651901245117,0.1899009346961975,0.10335132479667664,0.1899009346961975,0.10335132479667664,0.26448872685432434,0.17682000994682312
189,100,0.8812217573198161,0.16841154,0.4424570343293942,0.5389629011282446,0.29994640055775024,0.1338796615600586,0.14488303661346436,0.1338796615600586,0.14488303661346436,0.061137035489082336,0.14488303661346436,0.1338796615600586,0.05400819331407547,0.1338796615600586,0.05400819331407547,0.13938134908676147,0.058937422931194305
190,100,1.9215750147766129,0.04914526,0.3795523892102375,0.3498104969071562,0.3295792843698431,0.233809232711792,0.05512961745262146,0.233809232711792,0.05512961745262146,0.2886897623538971,0.04982888698577881,0.05512961745262146,0.07432466745376587,0.05512961745262146,0.07432466745376587,0.052479252219200134,0.07766330987215042
191,100,1.8438629880567137,0.014619321,0.6096744277223277,0.28221179877769476,0.22966332713148452,0.15920138359069824,0.15920138359069824,0.15920138359069824,0.15920138359069824,0.018162012100219727,0.12532362341880798,0.15920138359069824,0.0020291805267333984,0.15920138359069824,0.0020291805267333984,0.1422625035047531,0.011796236038208008
192,100,1.47015080772298,0.31216136,0.9555948054949236,0.5345596094580554,0.17362340385433517,0.35672709345817566,0.35672709345817566,0.35672709345817566,0.35672709345817566,0.3240462839603424,0.5979093313217163,0.35672709345817566,0.01516735553741455,0.35672709345817566,0.01516735553741455,0.4773182272911072,0.050423815846443176
193,100,1.260630304078587,0.52626014,0.722709730177913,0.7087235735582116,0.3990299639730521,0.12398365139961243,0.13698679208755493,0.12398365139961243,0.13698679208755493,0.4101910889148712,0.4327796399593353,0.13698679208755493,0.029030531644821167,0.13698679208755493,0.029030531644821167,0.28488320112228394,0.11810782551765442
194,100,0.8853768276169924,0.6245501,0.773779587058472,0.540169237994451,0.27108390005849503,0.09589093923568726,0.17185235023498535,0.09589093923568726,0.17185235023498535,0.23160630464553833,0.3433617353439331,0.17185235023498535,0.031693875789642334,0.17185235023498535,0.031693875789642334,0.25760704278945923,0.08843877911567688
195,100,0.540379327831666,0.6059977,0.8164794626565735,0.51263182486097,0.28194911638434816,0.09647214412689209,0.22483694553375244,0.09647214412689209,0.22483694553375244,0.18773150444030762,0.3995100259780884,0.22483694553375244,0.040695011615753174,0.22483694553375244,0.040695011615753174,0.3121734857559204,0.09923151135444641
196,100,2.575149127903388,0.38131037,0.5663650305973704,0.5138595792948175,0.23296679799601816,0.010125994682312012,0.05524247884750366,0.010125994682312012,0.05524247884750366,0.044972777366638184,0.12007284164428711,0.05524247884750366,0.0028072595596313477,0.05524247884750366,0.0028072595596313477,0.08765766024589539,0.025020122528076172
197,100,2.0747799505290647,0.41720697,0.5807337099590253,0.5171242059813331,0.3353070100558171,0.017528176307678223,0.079761803150177,0.017528176307678223,0.079761803150177,0.021175146102905273,0.18254470825195312,0.079761803150177,0.04799532890319824,0.079761803150177,0.04799532890319824,0.13115325570106506,0.10074898600578308
198,100,2.1361502228712914,0.5105861,0.8709910874706261,0.3444573292412709,0.2496581489085843,0.17384794354438782,0.17384794354438782,0.17384794354438782,0.17384794354438782,0.07786712050437927,0.2394694685935974,0.17384794354438782,0.008256196975708008,0.17384794354438782,0.008256196975708008,0.20665870606899261,0.012239918112754822
199,100,1.509592415973752,0.90500355,0.7548748273466463,0.7522966350425557,0.2752537623918343,0.03056323528289795,0.008627533912658691,0.03056323528289795,0.008627533912658691,0.23618698120117188,0.326662540435791,0.008627533912658691,0.022107481956481934,0.008627533912658691,0.022107481956481934,0.16764503717422485,0.10315442085266113
200,100,1.9632477325834177,0.7833408,0.7085649376523864,0.6047819921189974,0.4083561287405566,0.004609465599060059,0.04778885841369629,0.004609465599060059,0.04778885841369629,0.11135494709014893,0.22454726696014404,0.04778885841369629,0.07169520854949951,0.04778885841369629,0.07169520854949951,0.13616806268692017,0.12266188859939575
201,100,3.2137163882580646,0.8848606,0.8247036771445544,0.5454263051530135,0.32874615050698686,0.0522313117980957,0.15236681699752808,0.0522313117980957,0.15236681699752808,0.16793322563171387,0.30930066108703613,0.15236681699752808,0.04436028003692627,0.15236681699752808,0.04436028003692627,0.2308337390422821,0.08551731705665588
202,100,2.849750349087395,0.8741743,0.8884498465524608,0.5334864257101954,0.32302639061821914,0.1104973554611206,0.14439040422439575,0.1104973554611206,0.14439040422439575,0.20764011144638062,0.3479693531990051,0.14439040422439575,0.06144815683364868,0.14439040422439575,0.06144815683364868,0.24617987871170044,0.10580223798751831
203,100,3.3437496529298225,0.7229103,0.7900189089099154,0.5548103910285171,0.388040060158243,0.01356494426727295,0.01356494426727295,0.01356494426727295,0.01356494426727295,0.07019549608230591,0.26751816272735596,0.01356494426727295,0.03975391387939453,0.01356494426727295,0.03975391387939453,0.14054155349731445,0.0857759416103363
204,100,4.590755386576429,1.5807127,0.8425133637443851,0.8797568106364548,0.5361154742052467,0.24121832847595215,0.4196023941040039,0.24121832847595215,0.4196023941040039,0.35022854804992676,0.4196023941040039,0.24121832847595215,0.1087876558303833,0.24121832847595215,0.1087876558303833,0.330410361289978,0.1526697278022766
205,100,3.2305043151068324,1.3800023,0.8726166092832269,0.8030879011064047,0.6231494230375056,0.04837644100189209,0.04837644100189209,0.04837644100189209,0.04837644100189209,0.16460740566253662,0.2511509656906128,0.04837644100189209,0.11849009990692139,0.04837644100189209,0.11849009990692139,0.14976370334625244,0.20631420612335205
206,100,2.847743063371634,1.2385172,0.8733365073083195,0.8144351710818218,0.640619114082934,0.04810333251953125,0.04810333251953125,0.04810333251953125,0.04810333251953125,0.07437407970428467,0.2336592674255371,0.04810333251953125,0.07381236553192139,0.04810333251953125,0.07381236553192139,0.14088129997253418,0.14716452360153198
207,100,3.0685699981211187,1.5050786,0.8859958585249292,0.8022339905634572,0.5562523411350049,0.032517433166503906,0.126257061958313,0.032517433166503906,0.126257061958313,0.22187936305999756,0.4450429677963257,0.126257061958313,0.16531717777252197,0.126257061958313,0.16531717777252197,0.28565001487731934,0.28538042306900024
208,100,1.7999132801043802,2.1378555,0.8462069645088768,1.029541019529514,0.9181401732144076,0.15868937969207764,0.3418748378753662,0.15868937969207764,0.3418748378753662,0.47607624530792236,1.3665893077850342,0.31571316719055176,0.10886383056640625,0.31571316719055176,0.10886383056640625,0.5287175178527832,0.2607039213180542
209,100,1.7505765962915456,1.2216629,0.7336834326924122,0.6760371678038357,0.5267009573806192,0.03156137466430664,0.0172499418258667,0.03156137466430664,0.0172499418258667,0.12701189517974854,0.20033156871795654,0.0172499418258667,0.0747532844543457,0.0172499418258667,0.0747532844543457,0.10879075527191162,0.1250172257423401
210,100,2.540488889959188,1.7252653,0.6944474200254045,0.8657573646900991,0.7311946579424785,0.1942451000213623,0.3197813034057617,0.1942451000213623,0.3197813034057617,0.40184998512268066,0.7659292817115784,0.1942451000213623,0.060571908950805664,0.1942451000213623,0.060571908950805664,0.31569814682006836,0.17265474796295166
211,100,1.3396568786498495,2.0270314,0.794787432985617,0.8558080152854886,0.9189059207683167,0.2851598262786865,1.0228044986724854,0.2851598262786865,1.0228044986724854,0.35708189010620117,1.0228044986724854,0.2851598262786865,0.01643061637878418,0.2851598262786865,0.01643061637878418,0.44744110107421875,0.16577601432800293
212,100,2.2207517932520884,2.1057575,0.82189385125676,0.8321635270446432,0.887182076580029,0.09002900123596191,0.9257140159606934,0.09002900123596191,0.9257140159606934,0.2022233009338379,0.9257140159606934,0.18520045280456543,0.04819321632385254,0.18520045280456543,0.04819321632385254,0.32420825958251953,0.1978064775466919
213,100,1.9861428875741924,1.1840848,0.566694789812532,0.6929362289786749,0.5371379058334425,0.07967698574066162,0.18548500537872314,0.07967698574066162,0.18548500537872314,0.08552145957946777,0.18548500537872314,0.07967698574066162,0.0486069917678833,0.07967698574066162,0.0486069917678833,0.13258099555969238,0.09013485908508301
214,100,0.5497954721831924,1.7557476,0.7106489000963592,0.6730068669593625,0.8210947297999948,0.11007213592529297,0.5961482524871826,0.11007213592529297,0.5961482524871826,0.17997431755065918,0.5961482524871826,0.11007213592529297,0.10340690612792969,0.11007213592529297,0.10340690612792969,0.1666281819343567,0.10893064737319946
215,100,1.0453065857899055,1.6809789,0.6817384699673181,0.8615215858028519,0.6616192295174415,0.17248594760894775,0.28430330753326416,0.17248594760894775,0.28430330753326416,0.2549029588699341,0.28430330753326416,0.17248594760894775,0.1094963550567627,0.17248594760894775,0.1094963550567627,0.22839462757110596,0.1556597352027893
216,100,0.4776647828408989,1.7139472,0.5593471838692619,0.8256242322988323,0.6838055691742608,0.17638885974884033,0.26458740234375,0.17638885974884033,0.26458740234375,0.4447859525680542,0.6259984970092773,0.21025562286376953,0.027185678482055664,0.21025562286376953,0.027185678482055664,0.356167733669281,0.13523823022842407
217,100,1.843296838095903,2.0557091,0.6761112489267109,0.5947867723316258,1.0483701880061136,0.3326033353805542,0.7523038387298584,0.3326033353805542,0.7523038387298584,0.34540510177612305,0.7523038387298584,0.3326033353805542,0.08967065811157227,0.3326033353805542,0.08967065811157227,0.43115419149398804,0.12746715545654297
218,100,1.5046444400996069,1.6733751,0.6575759261769732,0.7039957179582303,0.4384745045459455,0.25513362884521484,0.4035351276397705,0.25513362884521484,0.4035351276397705,0.2318100929260254,0.4035351276397705,0.25513362884521484,0.11015760898590088,0.25513362884521484,0.11015760898590088,0.3293343782424927,0.17348629236221313
219,100,0.9629768595292852,1.7042202,0.7266033996549461,0.5300192221922362,0.7291797376093789,0.01641249656677246,0.43512940406799316,0.01641249656677246,0.43512940406799316,0.13593506813049316,0.43512940406799316,0.08359301090240479,0.040500760078430176,0.08359301090240479,0.040500760078430176,0.18899774551391602,0.1118307113647461
220,100,1.3690752289565664,2.0036798,0.6531681319845913,0.9455036541440641,0.5880148255384663,0.27336621284484863,0.4284074306488037,0.27336621284484863,0.4284074306488037,0.37248969078063965,0.4284074306488037,0.27336621284484863,0.06198835372924805,0.27336621284484863,0.06198835372924805,0.35088682174682617,0.10177230834960938
221,100,2.3741942741650863,1.8503119,0.5507328550609731,0.724911626697201,0.7930253232954092,0.1636195182800293,0.5456831455230713,0.1636195182800293,0.5456831455230713,0.32486140727996826,0.5456831455230713,0.1636195182800293,0.02039623260498047,0.1636195182800293,0.02039623260498047,0.27761971950531006,0.11583071947097778
222,100,1.6301629876063048,2.039423,0.6792714552396965,0.6553070504871226,0.8162894871892392,0.20173680782318115,0.8045947551727295,0.20173680782318115,0.8045947551727295,0.4367724657058716,0.8045947551727295,0.20173680782318115,0.15313637256622314,0.20173680782318115,0.15313637256622314,0.3380066156387329,0.2669394612312317
223,100,2.1912273017395925,2.05341,0.8279544522416142,0.7161607632727149,0.6392676332818272,0.20545673370361328,0.20545673370361328,0.20545673370361328,0.20545673370361328,0.2679464817047119,0.5298296213150024,0.20545673370361328,0.16777873039245605,0.20545673370361328,0.16777873039245605,0.36764317750930786,0.2987642288208008
224,100,2.164013045741907,2.0742743,0.667384288697807,0.8355383439600801,0.604937840662769,0.24542689323425293,0.5242279767990112,0.24542689323425293,0.5242279767990112,0.35614073276519775,0.5242279767990112,0.24542689323425293,0.12547314167022705,0.24542689323425293,0.12547314167022705,0.3848274350166321,0.23352134227752686
225,100,0.9404405143717088,2.059023,0.6215745008124931,0.6839863844471903,0.8688557687058686,0.1730499267578125,1.1719412803649902,0.1730499267578125,1.1719412803649902,0.2968897819519043,1.1719412803649902,0.1730499267578125,0.011172294616699219,0.1730499267578125,0.011172294616699219,0.32819318771362305,0.11305952072143555
226,100,0.8092023316818224,2.163621,0.6884157165014457,0.8080084213020466,0.7199393237118458,0.2588779926300049,0.5438873767852783,0.2588779926300049,0.5438873767852783,0.4843010902404785,1.4962122440338135,0.2588779926300049,0.09694862365722656,0.2588779926300049,0.09694862365722656,0.48654985427856445,0.3031606674194336
227,100,-0.0130837888989859,1.9070373,0.4817424463140185,0.8138245887721527,0.7907785465780812,0.3410210609436035,0.52956223487854,0.3410210609436035,0.52956223487854,1.126671552658081,1.5810949802398682,0.3483104705810547,0.09665131568908691,0.3483104705810547,0.09665131568908691,0.7454211711883545,0.3528658151626587
228,100,1.1586054356355444,1.8273286,0.42785455467006606,0.5533937033765097,0.8848634807335343,0.5745002031326294,1.5757479667663574,0.5745002031326294,1.5757479667663574,0.46806323528289795,1.5757479667663574,0.5745002031326294,0.18443167209625244,0.5745002031326294,0.18443167209625244,0.8391516804695129,0.3350895047187805
229,100,0.8725068867192378,1.3550174,0.1077001468435288,0.4685971584087848,0.6641388916893769,0.7770554423332214,1.4836015701293945,0.7770554423332214,1.4836015701293945,1.3744345903396606,1.4836015701293945,0.7770554423332214,0.005244255065917969,0.7770554423332214,0.005244255065917969,1.1342101097106934,0.25222766399383545
230,100,0.4356223830523451,0.90255004,0.3520209538107066,0.014510542960818329,0.45230818343992085,0.45959463715553284,1.417560338973999,0.45959463715553284,1.417560338973999,1.054159164428711,1.417560338973999,0.8354878425598145,0.008670270442962646,0.8354878425598145,0.008670270442962646,1.1312134265899658,0.2675606906414032
231,100,0.0812867734510784,1.5411866,0.41655197285781376,0.6740129589394401,0.211457881263595,0.5163552761077881,0.9400981664657593,0.5163552761077881,0.9400981664657593,0.7844772934913635,0.9400981664657593,0.5163552761077881,0.00533294677734375,0.5163552761077881,0.00533294677734375,0.7282267212867737,0.1341843605041504
232,100,-1.2301027463245866,1.6710783,0.2150015584305185,0.4637759565487758,0.7145158986327371,0.4198049306869507,1.129579782485962,0.4198049306869507,1.129579782485962,0.7169572114944458,1.129579782485962,0.4198049306869507,0.11618959903717041,0.4198049306869507,0.11618959903717041,0.6599644422531128,0.2622399926185608
233,100,0.5111925357802668,1.2586619,0.09557895774591407,0.2903683395012957,0.42924670089049044,0.3527771234512329,0.630856990814209,0.3527771234512329,0.630856990814209,0.3521534204483032,0.630856990814209,0.3527771234512329,0.03259885311126709,0.3527771234512329,0.03259885311126709,0.4700232744216919,0.12150156497955322
234,100,0.2531009816296674,-0.7509729,0.7002884486491738,0.1960754185735769,0.030874570556420178,1.4801486730575562,0.5637683868408203,1.4801486730575562,0.5637683868408203,1.6523282527923584,0.506550133228302,0.5637683868408203,0.22222274541854858,0.5637683868408203,0.22222274541854858,0.5351592302322388,0.24120646715164185
235,100,-3.030917204571532,-0.5608502,0.0005104078101537679,0.7253416688453495,0.12292821606768367,1.8225514888763428,0.5594945549964905,1.8225514888763428,0.5594945549964905,1.9696800708770752,0.4922139644622803,0.8503051996231079,0.24947726726531982,0.8503051996231079,0.24947726726531982,0.8167742490768433,0.2757004201412201
236,100,-1.3730506609523605,-0.9250221,0.16121621456803736,0.09478553545843704,0.8002757702368435,1.7133102416992188,0.1900545358657837,1.7133102416992188,0.1900545358657837,1.7155895233154297,0.1900545358657837,0.5337401628494263,0.152685284614563,0.5337401628494263,0.152685284614563,0.48160845041275024,0.1818990707397461
237,100,-2.2583264227590756,-1.1059246,1.1873175210201043,0.12381908495964877,0.05240346163613685,2.5698599815368652,1.0841162204742432,2.5698599815368652,1.0841162204742432,2.5720934867858887,0.8888323307037354,1.0841162204742432,0.15519046783447266,1.0841162204742432,0.15519046783447266,0.9864742755889893,0.1809777021408081
238,100,-2.4902530230321,-1.4945272,0.6035982852904095,0.9550495426877816,0.0959986673981672,1.8464688062667847,1.0462136268615723,1.8464688062667847,1.0462136268615723,3.0995888710021973,1.0462136268615723,0.5483279228210449,0.031737685203552246,0.5483279228210449,0.031737685203552246,0.7972707748413086,0.0949561595916748
239,100,-1.6755023503312871,-1.4836881,0.5401875987981808,0.5239535321727959,0.7779207195497766,0.6012041568756104,1.0329785346984863,0.6012041568756104,1.0329785346984863,1.7084046602249146,1.0329785346984863,0.22231686115264893,0.1023176908493042,0.22231686115264893,0.1023176908493042,0.32857948541641235,0.13813436031341553
240,100,-3.4455037987213233,-1.584758,0.699614709915267,0.6340636533790642,0.4113632156369611,0.4966559410095215,0.21135616302490234,0.4966559410095215,0.21135616302490234,1.3762545585632324,0.5683919191360474,0.21135616302490234,0.11281919479370117,0.21135616302490234,0.11281919479370117,0.38987404108047485,0.24377906322479248
241,100,-3.883269338591656,-1.6842297,0.6152063386316355,0.7434841931455118,0.5530820378067158,0.5030165910720825,0.6202219724655151,0.5030165910720825,0.6202219724655151,0.9277343153953552,0.6202219724655151,0.3093526363372803,0.22673571109771729,0.3093526363372803,0.22673571109771729,0.4647873044013977,0.3708924651145935
242,100,-3.945280125487085,-1.7819376,0.7039191614823651,0.5991547412120597,0.7694609819869817,0.44500982761383057,1.3265812397003174,0.44500982761383057,1.3265812397003174,1.8782927989959717,1.3265812397003174,0.2709014415740967,0.15938067436218262,0.2709014415740967,0.15938067436218262,0.4179995059967041,0.24038410186767578
243,100,-2.9549920749451286,-1.8420589,0.9138101665271108,0.7469232438253783,0.38738230457113354,1.0955365896224976,0.36988937854766846,1.0955365896224976,0.36988937854766846,2.7174296379089355,0.9495115280151367,0.36988937854766846,0.10812318325042725,0.36988937854766846,0.10812318325042725,0.6597004532814026,0.3065674304962158
244,100,-3.220835333764748,-1.8604051,0.7164085553478947,0.6792202043471877,0.5753953729170502,0.27772557735443115,0.21267247200012207,0.27772557735443115,0.21267247200012207,0.6865301132202148,0.5004518032073975,0.21267247200012207,0.15033531188964844,0.21267247200012207,0.15033531188964844,0.35656213760375977,0.28410792350769043
245,100,-1.058695310712458,-2.1643758,0.7819408110736572,0.8388301803893649,0.6625889364591577,0.44895005226135254,0.7589273452758789,0.44895005226135254,0.7589273452758789,1.0540602207183838,0.7589273452758789,0.30194568634033203,0.21059942245483398,0.30194568634033203,0.21059942245483398,0.5304365158081055,0.42574775218963623
246,100,-1.3427775432011582,-2.151867,0.8288404884591345,0.779844281702107,0.7637398117621943,0.23777198791503906,0.18555212020874023,0.23777198791503906,0.18555212020874023,0.7205133438110352,0.644251823425293,0.18555212020874023,0.27146291732788086,0.18555212020874023,0.27146291732788086,0.4149019718170166,0.5024186372756958
247,100,-3.744128948442119,-1.9417219,0.5126510983480213,0.8488222111298148,0.6677995863277781,0.9736568927764893,0.5274865627288818,0.9736568927764893,0.5274865627288818,2.7106871604919434,1.3466461896896362,0.3121371269226074,0.1282275915145874,0.3121371269226074,0.1282275915145874,0.6234944462776184,0.3105989098548889
248,100,-2.900199938934366,-1.872314,0.6903329894260288,0.5472412666504325,0.9619382125552733,1.6686323881149292,2.0155229568481445,1.6686323881149292,2.0155229568481445,2.5773656368255615,2.0155229568481445,0.7335562705993652,0.28632020950317383,0.7335562705993652,0.28632020950317383,1.052715539932251,0.5345877408981323
249,100,-4.610184155618261,-1.6876148,0.7674885265836394,0.5387125249529621,0.5281194205367079,1.0793299674987793,0.09991514682769775,1.0793299674987793,0.09991514682769775,1.7478457689285278,0.3897123336791992,0.09991514682769775,0.10395276546478271,0.09991514682769775,0.10395276546478271,0.2448137402534485,0.18922066688537598
250,100,-4.2577408558562375,-2.2573776,0.7496096280457842,1.1182830230656156,0.6032048203691174,1.2364063262939453,0.8757486343383789,1.2364063262939453,0.8757486343383789,3.4048116207122803,0.8757486343383789,0.3699069023132324,0.14479541778564453,0.3699069023132324,0.14479541778564453,0.6228277683258057,0.2797524929046631
251,100,-3.2279402874418963,-2.6149406,1.0552339034340634,0.7828989798695976,0.8593561555742195,0.8042623996734619,0.2567484378814697,0.8042623996734619,0.2567484378814697,2.255676746368408,2.3470730781555176,0.2567484378814697,0.2135777473449707,0.2567484378814697,0.2135777473449707,0.6116347908973694,0.5061069130897522
252,100,-3.971711115286391,-2.59987,0.8968977428159817,1.063785755625986,0.771467478363375,0.754622220993042,0.7896629571914673,0.754622220993042,0.7896629571914673,2.6746692657470703,0.7896629571914673,0.3493990898132324,0.21148920059204102,0.3493990898132324,0.21148920059204102,0.5695310235023499,0.40422189235687256
253,100,-3.479026150546369,-2.761786,0.8147186436962426,0.9390750500242322,0.8666848568469804,0.4260549545288086,0.6745510101318359,0.4260549545288086,0.6745510101318359,1.9372928142547607,2.2751567363739014,0.2832057476043701,0.15466094017028809,0.2832057476043701,0.15466094017028809,0.642261803150177,0.4424396753311157
254,100,-1.6228786486875164,-2.8884196,0.9796916623039751,0.8895312004508225,1.0978593538128023,0.5935585498809814,2.8333680629730225,0.5935585498809814,2.8333680629730225,1.8877328634262085,2.8333680629730225,0.38068318367004395,0.17642474174499512,0.38068318367004395,0.17642474174499512,0.7228481769561768,0.4411787986755371
255,100,-2.370110143721988,-2.9954875,1.1619544527989483,1.0360238577696874,0.7877842246513187,0.7213127613067627,0.6346981525421143,0.7213127613067627,0.6346981525421143,2.0710558891296387,1.5530400276184082,0.6346981525421143,0.36021852493286133,0.6346981525421143,0.36021852493286133,1.0938690900802612,0.8577446937561035
256,100,-4.701554106249779,-2.789708,0.6090364436846216,1.0693415630980048,1.2656453865423436,1.5950217247009277,3.3027360439300537,1.5950217247009277,3.3027360439300537,3.9964358806610107,3.3027360439300537,0.7001125812530518,0.25882434844970703,0.7001125812530518,0.25882434844970703,1.547132968902588,0.5969265103340149
257,100,-5.640444870882012,-2.9184408,0.7275787604991928,0.6511542181839651,1.5611285929827337,1.9967052936553955,3.3034753799438477,1.9967052936553955,3.3034753799438477,3.7766988277435303,3.3034753799438477,0.9080190658569336,0.2084214687347412,0.9080190658569336,0.2084214687347412,1.3884645700454712,0.3762627840042114
258,100,-4.6305599424964345,-2.903448,1.394188147947141,0.9413680095750443,0.7314589453214633,2.389605760574341,0.8348002433776855,2.389605760574341,0.8348002433776855,4.072073936462402,2.322023868560791,0.8348002433776855,0.5363960266113281,0.8348002433776855,0.5363960266113281,1.5784120559692383,1.0611636638641357
259,100,-3.9932024430402704,-2.9039674,1.1254612307521894,1.1541544014133538,0.7533075525537392,0.9773291349411011,1.301864504814148,0.9773291349411011,1.301864504814148,4.215235710144043,1.301864504814148,0.3451814651489258,0.2588677406311035,0.3451814651489258,0.2588677406311035,0.8235229849815369,0.5777933597564697
260,100,-4.624834448638092,-2.9165163,0.8497812534423215,1.0270026535103,0.9700927950979512,0.2349867820739746,0.47873926162719727,0.2349867820739746,0.47873926162719727,1.5137344598770142,2.8999946117401123,0.14970684051513672,0.06899499893188477,0.14970684051513672,0.06899499893188477,0.5581229329109192,0.30593597888946533
261,100,-1.8958943053407216,-3.065274,0.9416738082862794,1.0059382439722204,1.112964383572904,0.5790398120880127,3.6301045417785645,0.5790398120880127,3.6301045417785645,2.5285849571228027,3.6301045417785645,0.3232460021972656,0.2241222858428955,0.3232460021972656,0.2241222858428955,0.8882830739021301,0.39682674407958984
262,100,-3.879373592406595,-3.57325,1.1039072569600497,1.1138248400845887,1.3878001587855855,0.854619026184082,4.6016998291015625,0.854619026184082,4.6016998291015625,2.659640073776245,4.6016998291015625,0.6450371742248535,0.33652329444885254,0.6450371742248535,0.33652329444885254,1.4436458349227905,0.6987091302871704
263,100,-3.3871529210681315,-3.4216113,0.6282474573996062,1.4319542432363908,1.3161036260298027,1.920682430267334,1.1503276824951172,1.920682430267334,1.1503276824951172,4.7700910568237305,3.9953553676605225,0.4943501949310303,0.16226577758789062,0.4943501949310303,0.16226577758789062,1.7449315786361694,0.6722382307052612
264,100,-3.099176435944532,-3.647338,1.1710254525913002,0.7306902573869607,1.6976358086459613,2.422333240509033,4.822378635406494,2.422333240509033,4.822378635406494,5.124835968017578,4.822378635406494,1.2712552547454834,0.28110551834106445,1.2712552547454834,0.28110551834106445,2.3228061199188232,0.7256464958190918
265,100,-1.7037019171767775,-3.2671394,0.9238564648515069,1.3136680859662717,0.8985327194313619,1.4499266147613525,1.3809826374053955,1.4499266147613525,1.3809826374053955,4.1642961502075195,1.3809826374053955,0.49817967414855957,0.3464040756225586,0.49817967414855957,0.3464040756225586,0.9395811557769775,0.6644419431686401
266,100,-1.8390670785579364,-3.4561927,0.8441674102520209,1.0506287551264175,1.2442971531724185,1.0117127895355225,4.218262672424316,1.0117127895355225,4.218262672424316,3.32391357421875,4.218262672424316,0.7017068862915039,0.3372783660888672,0.7017068862915039,0.3372783660888672,1.6771326065063477,0.8274117708206177
267,100,-0.9610998731719036,-3.4689822,0.7060841608702928,1.2465292920720126,1.3010790385177866,1.5060640573501587,4.047118186950684,1.5060640573501587,4.047118186950684,4.342459201812744,4.047118186950684,0.813499927520752,0.23760271072387695,0.813499927520752,0.23760271072387695,1.8743194341659546,0.730626106262207
268,100,-0.8565089595210642,-3.2942433,0.6035424487287648,0.7097946803543165,1.8157124044917703,2.691786050796509,4.142104625701904,2.691786050796509,4.142104625701904,4.061018943786621,4.142104625701904,1.3755152225494385,0.2771279811859131,1.3755152225494385,0.2771279811859131,2.176119327545166,0.5042901039123535
269,100,0.0393127215530569,-2.7914639,0.5162008832820093,0.9855575530287324,1.0268157385161656,1.2125000953674316,2.626351833343506,1.2125000953674316,2.626351833343506,3.244206190109253,2.626351833343506,0.695913553237915,0.17579889297485352,0.695913553237915,0.17579889297485352,1.3552573919296265,0.5395379066467285
270,100,0.3422148770373785,-2.6368575,0.49389743415760434,0.6603189183981557,1.210624115624788,2.149272918701172,2.693962574005127,2.149272918701172,2.693962574005127,2.9773926734924316,2.693962574005127,1.3232858180999756,0.26510047912597656,1.3232858180999756,0.26510047912597656,1.7388889789581299,0.5459708571434021
271,100,-0.4179006982911268,-0.5021708,0.10482631943787085,0.22784633084465958,0.22092624579610692,1.3083232641220093,0.7347618341445923,1.3083232641220093,0.7347618341445923,1.9481991529464722,1.4227705001831055,0.757691502571106,0.025876641273498535,0.757691502571106,0.025876641273498535,1.0985212326049805,0.4700327515602112
272,100,-0.2896108856671043,-0.088444665,0.2247000116074005,0.17582807137512466,0.255981106919163,1.5899471044540405,0.8235356211662292,1.5899471044540405,0.8235356211662292,1.5086157321929932,0.8235356211662292,1.0172038078308105,0.04351763427257538,1.0172038078308105,0.04351763427257538,0.9353015422821045,0.16668519377708435
273,100,0.3162868490433334,0.69484025,0.028223536447765873,0.32506305313448314,0.2661285330109375,0.21968364715576172,0.0072803497314453125,0.21968364715576172,0.0072803497314453125,0.0012280941009521484,0.0403406023979187,0.21968364715576172,0.1902390718460083,0.21968364715576172,0.1902390718460083,0.23790651559829712,0.1761111617088318
274,100,0.3449226369976063,0.64440566,0.10375421841171178,0.07428538059348533,0.5155630221660807,0.5337273478507996,0.08354300260543823,0.5337273478507996,0.08354300260543823,0.0018764138221740723,0.08354300260543823,0.5337273478507996,0.36207836866378784,0.5337273478507996,0.36207836866378784,0.44362014532089233,0.4211340546607971
275,100,-0.7055586507893321,0.13851516,0.20554019395530837,0.05696115158882337,0.06846084084707438,0.20932048559188843,0.20932048559188843,0.20932048559188843,0.20932048559188843,0.8000108599662781,0.4907829165458679,0.20932048559188843,0.26807355880737305,0.20932048559188843,0.26807355880737305,0.23529309034347534,0.4621685743331909
276,100,0.1715011276845364,0.68025684,0.2486144263054086,0.38463088357981134,0.2375541023935649,0.24583518505096436,0.4891620874404907,0.24583518505096436,0.4891620874404907,0.4601551294326782,0.4891620874404907,0.27274250984191895,0.2674545645713806,0.27274250984191895,0.2674545645713806,0.38095229864120483,0.18640705943107605
277,100,-1.1951277804540197,0.7111375,0.007893591127086319,0.3579980119665976,0.46455638808329497,0.32074859738349915,0.24711763858795166,0.32074859738349915,0.24711763858795166,0.6507977843284607,0.24711763858795166,0.3568107485771179,0.329322874546051,0.3568107485771179,0.329322874546051,0.5239945650100708,0.2161756455898285
278,100,-0.9193595701640336,-0.19006228,0.09396370774282203,0.35615094361948396,0.28973578328836425,1.5923019647598267,0.728190541267395,1.5923019647598267,0.728190541267395,1.2877262830734253,0.15081126987934113,0.8327187299728394,0.12359711527824402,0.8327187299728394,0.12359711527824402,0.552230954170227,0.4347383379936218
279,100,-1.013876476550919,-1.8758069,0.552790190973335,0.1277066740588224,0.8371974646763497,2.241394519805908,1.6604535579681396,2.241394519805908,1.6604535579681396,3.330744743347168,1.6604535579681396,1.041786789894104,0.1394714117050171,1.041786789894104,0.1394714117050171,1.4511299133300781,0.2889567017555237
280,100,0.7163263243869085,-1.6069863,0.404127875118936,0.801312088492707,0.044234620759270094,2.485445976257324,1.966514229774475,2.485445976257324,1.966514229774475,3.168579578399658,1.966514229774475,1.3142914772033691,0.21196234226226807,1.3142914772033691,0.21196234226226807,1.6404027938842773,0.2705399990081787
281,100,-1.0943454934647674,-2.3400497,0.35934951168219365,0.6212898943144378,1.08650113704944,1.74232816696167,2.9338836669921875,1.74232816696167,2.9338836669921875,2.686715841293335,2.9338836669921875,1.3435161113739014,0.3950202465057373,1.3435161113739014,0.3950202465057373,1.8348432779312134,0.7733360528945923
282,100,-0.6590057787215593,-2.0397668,0.132297388210739,0.7954795395129735,1.0056461803231043,3.1104326248168945,1.8376961946487427,3.1104326248168945,1.8376961946487427,4.043559551239014,1.8376961946487427,1.1858699321746826,0.3141484260559082,1.1858699321746826,0.3141484260559082,1.7616767883300781,0.3591841459274292
283,100,-0.7373971763353171,-1.0047754,0.4547070087128898,0.36892448110934795,0.5085330629446047,2.013753890991211,1.144648790359497,2.013753890991211,1.144648790359497,2.7626450061798096,1.144648790359497,1.038704752922058,0.6159676313400269,1.038704752922058,0.6159676313400269,1.3628276586532593,0.311273455619812
284,100,-0.7778005482202052,0.09775391,0.019751397758415168,0.24898321676960916,0.7843418364441885,0.8844172954559326,0.5824590921401978,0.8844172954559326,0.5824590921401978,1.1982693672180176,0.5824590921401978,0.8844172954559326,0.3831000030040741,0.8844172954559326,0.3831000030040741,0.5526837706565857,0.7448074221611023
285,100,0.2797765662776785,-2.4028914,0.3676304171994791,0.5684039843911977,1.0707171189877174,1.6719903945922852,2.3342158794403076,1.6719903945922852,2.3342158794403076,2.4506287574768066,2.3342158794403076,1.035215139389038,0.28859496116638184,1.035215139389038,0.28859496116638184,1.4054009914398193,0.5265578031539917
286,100,-1.697041129551886,-1.4811422,0.2676105981122996,0.4478929694037872,0.5182873214054149,0.9850723743438721,2.2737395763397217,0.9850723743438721,2.2737395763397217,1.882806420326233,2.2737395763397217,0.9850723743438721,0.48788321018218994,0.9850723743438721,0.48788321018218994,1.396106243133545,0.9202335476875305
287,100,-2.288699759717845,-1.3758621,0.09311058630853153,0.5200884545996427,0.5822944560718697,2.1006886959075928,1.5594186782836914,2.1006886959075928,1.5594186782836914,3.119130849838257,1.5594186782836914,0.9158573746681213,0.15967440605163574,0.9158573746681213,0.15967440605163574,1.3304142951965332,0.3487481474876404
288,100,-1.3156902207829635,-1.4677941,0.6228665039327344,0.12673459601463755,0.5475713767725783,2.2896947860717773,1.0820714235305786,2.2896947860717773,1.0820714235305786,3.2876763343811035,2.004709243774414,1.0820714235305786,0.2615032196044922,1.0820714235305786,0.2615032196044922,1.675952434539795,0.5646796822547913
289,100,-0.0611829577330078,-2.087293,0.7300645440586448,0.8935809549827552,0.0028242356691163817,2.7855868339538574,2.6746726036071777,2.7855868339538574,2.6746726036071777,3.728590965270996,2.6746726036071777,1.2330634593963623,0.16763710975646973,1.2330634593963623,0.16763710975646973,1.95386803150177,0.3952033519744873
290,100,-0.8070502817417416,-2.8917181,0.4074650025987343,1.004350750806303,1.0570817067963145,1.1904562711715698,3.5848491191864014,1.1904562711715698,3.5848491191864014,3.8569374084472656,3.5848491191864014,0.8570916652679443,0.23108720779418945,0.8570916652679443,0.23108720779418945,1.8245412111282349,0.7711499333381653
291,100,-0.7093177047937438,-2.4330926,0.008020509949715926,0.5872778725711139,1.3869334758544194,3.5887391567230225,3.122814655303955,3.5887391567230225,3.122814655303955,4.273633003234863,3.122814655303955,1.8839653730392456,0.018072128295898438,1.8839653730392456,0.018072128295898438,2.4886398315429688,0.2958396077156067
292,100,0.2398661319985453,-1.054568,0.13177236469136078,0.11131389377657908,0.6050904615945423,2.2537403106689453,1.942049503326416,2.2537403106689453,1.942049503326416,2.615807056427002,1.942049503326416,1.4813847541809082,0.05447745323181152,1.4813847541809082,0.05447745323181152,1.6926825046539307,0.31224146485328674
293,100,0.3107104608165464,-0.043320216,0.017685494446467664,0.028363439827338133,0.42554710253663497,0.06463825702667236,0.9770986437797546,0.06463825702667236,0.9770986437797546,1.034868597984314,0.9770986437797546,0.06463825702667236,0.4037611186504364,0.06463825702667236,0.4037611186504364,0.3716494143009186,0.6713513135910034
294,100,-0.5885164583988941,-0.8965191,0.24232964720769024,0.2569043407811945,0.41770997620427747,2.0700771808624268,1.5526976585388184,2.0700771808624268,1.5526976585388184,2.716653347015381,1.5526976585388184,1.0700781345367432,0.14473432302474976,1.0700781345367432,0.14473432302474976,1.3705371618270874,0.3336227834224701
295,100,-0.6565875339989218,0.29600662,0.3992825764074563,0.49908243189485824,0.07210264025300861,0.13709454238414764,0.3756197690963745,0.13709454238414764,0.3756197690963745,0.3120878040790558,0.3756197690963745,0.1973811239004135,0.5607517957687378,0.1973811239004135,0.5607517957687378,0.2865004539489746,0.49948227405548096
296,100,-0.2316939391002526,0.8448604,0.12166869443204398,0.5887383623016658,0.6818854773730755,0.12282943725585938,0.06852161884307861,0.12282943725585938,0.06852161884307861,0.3402528762817383,0.06852161884307861,0.17945325374603271,0.26927751302719116,0.17945325374603271,0.26927751302719116,0.29251790046691895,0.18846240639686584
297,100,-0.3976553481431815,-0.29298824,0.027638589265625124,0.00398853652921749,0.48033326617170047,0.3472962975502014,0.47841835021972656,0.3472962975502014,0.47841835021972656,0.4842652976512909,0.47841835021972656,0.3472962975502014,0.4439006745815277,0.3472962975502014,0.4439006745815277,0.17723867297172546,0.5832355618476868
298,100,-1.5841265910989364,-0.3085289,0.23346241212792399,0.0009788335701035877,0.038554741498530914,0.1363336443901062,0.1363336443901062,0.1363336443901062,0.1363336443901062,0.9496592283248901,1.1027178764343262,0.1363336443901062,0.5402132868766785,0.1363336443901062,0.5402132868766785,0.4122859835624695,0.7762774229049683
299,100,-1.1886662639023409,-0.47936302,0.15875656389442505,0.2087266300116822,0.006285499986197096,0.1710241734981537,0.3898196816444397,0.1710241734981537,0.3898196816444397,0.47527623176574707,0.3898196816444397,0.1710241734981537,0.48864853382110596,0.1710241734981537,0.48864853382110596,0.2804219126701355,0.5865970253944397
300,100,-1.901883656524916,-0.4591145,0.2721898197052404,0.21846764304281502,0.26717518477403,1.2349928617477417,0.8564650416374207,1.2349928617477417,0.8564650416374207,1.2974894046783447,1.1310884952545166,0.8564650416374207,0.2680240273475647,0.8564650416374207,0.2680240273475647,0.909442663192749,0.33622872829437256
301,100,-3.6683424997601937,-1.1466453,0.15490771878728377,0.43069283666786856,0.10767000488604073,1.5760287046432495,1.5969569683074951,1.5760287046432495,1.5969569683074951,2.106698751449585,1.5969569683074951,1.0587959289550781,0.28659164905548096,1.0587959289550781,0.28659164905548096,1.3278764486312866,0.6124147176742554
302,100,-1.572977350910781,-2.5172722,0.4431182955266888,0.4301923159317873,0.7158631947774861,1.321093201637268,2.9330027103424072,1.321093201637268,2.9330027103424072,2.762009382247925,2.9330027103424072,0.9563544988632202,0.47698163986206055,0.9563544988632202,0.47698163986206055,1.4515738487243652,0.8882250189781189
303,100,-2.0424010627414337,-2.7013407,0.9708614258729309,0.5731653718604255,0.34892242547777474,2.3956055641174316,1.1532697677612305,2.3956055641174316,1.1532697677612305,3.5161731243133545,2.4572949409484863,1.1532697677612305,0.5329985618591309,1.1532697677612305,0.5329985618591309,1.8052823543548584,1.0383522510528564
304,100,-1.0518944117043991,-2.8727384,0.3042649607017276,1.0123863781184677,0.4921479687043484,2.5239388942718506,2.0255541801452637,2.5239388942718506,2.0255541801452637,3.2085304260253906,3.215602397918701,1.1589245796203613,0.35057783126831055,1.1589245796203613,0.35057783126831055,1.8749312162399292,0.7505854964256287
305,100,-2.6617871062079588,-2.7685654,0.4699416565628809,0.4065718047346445,1.0337783602351174,2.4017257690429688,3.3397912979125977,2.4017257690429688,3.3397912979125977,3.483504295349121,3.3397912979125977,1.380213975906372,0.5118703842163086,1.380213975906372,0.5118703842163086,1.9127631187438965,0.9485012292861938
306,100,-3.5060883373706693,-2.501046,0.15642295814922613,0.5278024652691179,0.4433219063534206,1.279228687286377,1.100391149520874,1.279228687286377,1.100391149520874,2.5637028217315674,2.2417941093444824,0.6574455499649048,0.2699728012084961,0.6574455499649048,0.2699728012084961,1.1962931156158447,0.6443736553192139
307,100,-1.834404287961223,-2.6584947,0.5231272976179819,0.22197711042086943,0.5922084393754234,1.3520457744598389,2.5979256629943848,1.3520457744598389,2.5979256629943848,3.0670812129974365,2.5979256629943848,0.8093956708908081,0.2662534713745117,0.8093956708908081,0.2662534713745117,1.3566339015960693,0.6669749617576599
308,100,-1.7152818620792127,-2.6130474,0.7041262787001858,0.6004553208466863,0.11505490485130698,1.9410147666931152,0.89569091796875,1.9410147666931152,0.89569091796875,3.2044427394866943,2.2434120178222656,0.89569091796875,0.3106520175933838,0.89569091796875,0.3106520175933838,1.5695514678955078,0.8331244587898254
309,100,-1.6484497657529154,-2.8259637,0.3129261470947069,0.7239826444882096,0.5352227447804099,1.8341023921966553,1.6859302520751953,1.8341023921966553,1.6859302520751953,2.9913489818573,2.9682869911193848,0.805840015411377,0.4603705406188965,0.805840015411377,0.4603705406188965,1.5220561027526855,0.9113491773605347
310,100,-0.118927674229069,-2.4778855,0.26655920986662174,0.3253731649829863,0.6294300403522773,1.508823275566101,2.4094595909118652,1.508823275566101,2.4094595909118652,2.2449755668640137,2.4094595909118652,0.8906137943267822,0.41927075386047363,0.8906137943267822,0.41927075386047363,1.29869544506073,0.7471975684165955
311,100,-0.7445223030312034,-1.9619268,0.23639095634785334,0.29330092141103936,0.32293262700086156,0.8907113075256348,2.200856924057007,0.8907113075256348,2.200856924057007,1.6840903759002686,2.200856924057007,0.8113985061645508,0.5847516059875488,0.8113985061645508,0.5847516059875488,1.2042300701141357,1.0152807235717773
312,100,-1.4063601240925157,-1.2610022,0.40638464783987255,0.1728487064441046,0.1367832836775028,0.058815836906433105,0.058815836906433105,0.058815836906433105,0.058815836906433105,1.1060351133346558,0.7320330142974854,0.058815836906433105,0.5306153297424316,0.058815836906433105,0.5306153297424316,0.39542442560195923,0.7785244584083557
313,100,-1.5510279841329688,-1.0933517,0.10881834272359225,0.31570804989624673,0.24753333955900753,0.06482565402984619,0.4009203314781189,0.06482565402984619,0.4009203314781189,1.2813917398452759,1.1468985080718994,0.06482565402984619,0.3358936309814453,0.06482565402984619,0.3358936309814453,0.46658486127853394,0.7182263731956482
314,100,-2.4801223910345396,-0.792332,0.07412976168633745,0.15402292924904337,0.3273653724451655,0.03944039344787598,0.8580764532089233,0.03944039344787598,0.8580764532089233,0.5496811866760254,0.8580764532089233,0.03944039344787598,0.591082751750946,0.03944039344787598,0.591082751750946,0.18970532715320587,0.712273359298706
315,100,-0.1093730114692848,-1.7438743,0.19613957533747223,0.1949451867990276,0.06676349633363687,0.9539725184440613,0.5825949907302856,0.9539725184440613,0.5825949907302856,1.8739969730377197,1.326413631439209,0.5825949907302856,0.34894120693206787,0.5825949907302856,0.34894120693206787,0.9545043110847473,0.6957607865333557
316,100,-1.715046452729154,-1.7568516,0.391890868979836,0.13562249420434747,0.07127861860384233,1.2463845014572144,0.8894507884979248,1.2463845014572144,0.8894507884979248,1.78956139087677,1.4884289503097534,0.8894507884979248,0.4816321134567261,0.8894507884979248,0.4816321134567261,1.1889398097991943,0.7738021016120911
317,100,-2.2265471297942487,-1.2820103,0.4310342400907652,0.39697121841596167,0.09440403037362094,0.04775261878967285,0.04775261878967285,0.04775261878967285,0.04775261878967285,1.4609218835830688,0.9496141672134399,0.04775261878967285,0.4551095962524414,0.04775261878967285,0.4551095962524414,0.4986833930015564,0.8683379888534546
318,100,-0.9935529294486636,-1.5780749,0.1657949146971462,0.26294224126155646,0.42132804941552426,1.4707139730453491,1.5755696296691895,1.4707139730453491,1.5755696296691895,1.500549554824829,1.5755696296691895,0.9463075995445251,0.5947588682174683,0.9463075995445251,0.5947588682174683,0.9671186208724976,0.6161613464355469
319,100,-2.3375886898708993,-2.0383537,0.30446142536872817,0.21601445245783762,0.22860080561891827,1.4800055027008057,0.69544517993927,1.4800055027008057,0.69544517993927,1.5181516408920288,1.4875317811965942,0.69544517993927,0.6061713695526123,0.69544517993927,0.6061713695526123,0.7181844711303711,0.6274888515472412
320,100,-2.214975939506521,-1.8121078,0.04754757557281952,0.2761602348094343,0.13653356049376242,1.0574440956115723,1.0370646715164185,1.0574440956115723,1.0370646715164185,1.5760035514831543,1.4994990825653076,0.6316546201705933,0.35505211353302,0.6316546201705933,0.35505211353302,0.8815627694129944,0.5756543278694153
321,100,-1.9401490906825791,-2.054464,0.2793434785736591,0.020134304294881056,0.22171759109982508,1.1358933448791504,0.6740710735321045,1.1358933448791504,0.6740710735321045,1.8882436752319336,1.5636236667633057,0.6740710735321045,0.26245570182800293,0.6740710735321045,0.26245570182800293,0.968790590763092,0.5471230745315552
322,100,0.1689695235501274,-2.0176494,0.24116763863648571,0.28655217456730586,0.021834095043876123,1.0434119701385498,1.3789145946502686,1.0434119701385498,1.3789145946502686,2.022533416748047,1.3789145946502686,0.6388034820556641,0.21964967250823975,0.6388034820556641,0.21964967250823975,1.0088590383529663,0.5507691502571106
323,100,-0.3508781895393706,-2.1200817,0.13283160753881007,0.1970237892415512,0.1860398984549383,0.5316002368927002,0.9864647388458252,0.5316002368927002,0.9864647388458252,1.1338196992874146,1.5140575170516968,0.461458683013916,0.4180433750152588,0.461458683013916,0.4180433750152588,0.7233762741088867,0.6600298881530762
324,100,-0.3366018599383398,-1.7735286,0.32816451706017824,0.17761463238265585,0.2522295302138553,0.04199326038360596,0.04199326038360596,0.04199326038360596,0.04199326038360596,1.1576151847839355,1.2419657707214355,0.04199326038360596,0.5177594423294067,0.04199326038360596,0.5177594423294067,0.3089331388473511,0.9046910405158997
325,100,-0.8365376007285066,-0.95497143,0.30596461267405817,0.37638533228041776,0.07666024852454467,0.04492676258087158,0.05761140584945679,0.04492676258087158,0.05761140584945679,0.20269298553466797,0.05761140584945679,0.04492676258087158,0.30723023414611816,0.04492676258087158,0.30723023414611816,0.051269084215164185,0.3489440083503723
326,100,-0.0236854632212547,-0.52502745,0.2995426713191356,0.26737152858032387,0.3769599904411848,0.04199504852294922,0.1554768979549408,0.04199504852294922,0.1554768979549408,0.19982478022575378,0.1554768979549408,0.04199504852294922,0.09776321053504944,0.04199504852294922,0.09776321053504944,0.05064849555492401,0.14538349211215973
327,100,-1.4507985411926334,-1.0555502,0.1471403231940318,0.2564247106153938,0.22686124677510638,0.09175312519073486,0.31203776597976685,0.09175312519073486,0.31203776597976685,0.16904735565185547,0.3801904320716858,0.09175312519073486,0.22751259803771973,0.09175312519073486,0.22751259803771973,0.12894856929779053,0.26377320289611816
328,100,-2.035217773045909,-0.7826296,0.4094404753848039,0.14979715450727626,0.1931047023776472,0.006743729114532471,0.006743729114532471,0.006743729114532471,0.006743729114532471,0.10040050745010376,0.2197231650352478,0.006743729114532471,0.17360645532608032,0.006743729114532471,0.17360645532608032,0.03188517689704895,0.1937924027442932
329,100,-0.3427890534870943,-1.4138545,0.01367407330532655,0.296459990985615,0.10693148546612127,0.006924152374267578,0.4306228756904602,0.006924152374267578,0.4306228756904602,0.4173855781555176,0.6483457088470459,0.006924152374267578,0.4236530065536499,0.006924152374267578,0.4236530065536499,0.11812400817871094,0.5327529311180115
330,100,-1.7542531013673377,-1.6108165,0.16819853215283154,0.05236253091150145,0.2919132536424397,0.006523847579956055,1.1710008382797241,0.006523847579956055,1.1710008382797241,1.3665452003479004,1.1710008382797241,0.006523847579956055,0.46907663345336914,0.006523847579956055,0.46907663345336914,0.33633750677108765,0.8163817524909973
331,100,-0.4126269985629809,-1.510535,0.26226509682501264,0.15693819041514306,0.02204725494499432,0.10272514820098877,0.10272514820098877,0.10272514820098877,0.10272514820098877,1.1251412630081177,0.680413007736206,0.10272514820098877,0.3358091115951538,0.10272514820098877,0.3358091115951538,0.3915690779685974,0.6245225667953491
332,100,0.5691577150994971,-1.343117,0.06025849374913672,0.24702191506464471,0.07466792860596454,0.08601808547973633,0.6145449280738831,0.08601808547973633,0.6145449280738831,0.5978854894638062,0.8935242891311646,0.08601808547973633,0.532319962978363,0.08601808547973633,0.532319962978363,0.24292847514152527,0.6793813705444336
333,100,-0.6606804153892205,-1.1032237,0.3151706347043573,0.07418523155332024,0.19600850487083082,0.16348272562026978,0.13943731784820557,0.16348272562026978,0.13943731784820557,0.23876172304153442,0.6488264203071594,0.13943731784820557,0.45142626762390137,0.13943731784820557,0.45142626762390137,0.1771184504032135,0.4861738383769989
334,100,-0.7030007644685071,-1.2602065,0.582378992714833,0.24625205409895484,0.1125191102937324,0.22217178344726562,0.22217178344726562,0.22217178344726562,0.22217178344726562,0.3218510150909424,0.06473779678344727,0.22217178344726562,0.6072816848754883,0.22217178344726562,0.6072816848754883,0.14345479011535645,0.6754810810089111
335,100,-1.5217031685696665,-0.68292046,0.21134324935088866,0.5052878363025968,0.2595927853047642,0.12675917148590088,0.03375983238220215,0.12675917148590088,0.03375983238220215,0.10005354881286621,0.10578978061676025,0.12675917148590088,0.14578139781951904,0.12675917148590088,0.14578139781951904,0.08609136939048767,0.17595413327217102
336,100,-0.4799247879435974,-0.8267716,0.19122793251501347,0.20013869049417993,0.49080151452641285,0.14324951171875,0.28288447856903076,0.14324951171875,0.28288447856903076,0.4036862850189209,0.28288447856903076,0.14324951171875,0.22038376331329346,0.14324951171875,0.22038376331329346,0.10652622580528259,0.31158846616744995
337,100,-0.9587625673119936,-1.7357842,0.03665801647192868,0.08680704348685431,0.10203139089636816,0.14916598796844482,0.7214316129684448,0.14916598796844482,0.7214316129684448,0.33658480644226074,0.7214316129684448,0.14916598796844482,0.3447462320327759,0.14916598796844482,0.3447462320327759,0.23715484142303467,0.43791961669921875
338,100,-0.230455060874657,-1.4740428,0.2183209168132642,0.057354109598599434,0.1100858378246479,0.15272295475006104,0.15272295475006104,0.15272295475006104,0.15272295475006104,0.35260331630706787,0.7015180587768555,0.15272295475006104,0.4195120334625244,0.15272295475006104,0.4195120334625244,0.22941911220550537,0.4907260835170746
339,100,0.8543957443297328,-1.095273,0.13952038460171112,0.20742653632901423,0.000821774767846839,0.106769859790802,0.37601858377456665,0.106769859790802,0.37601858377456665,0.5025603771209717,0.37601858377456665,0.106769859790802,0.22511398792266846,0.106769859790802,0.22511398792266846,0.24139422178268433,0.3553706109523773
340,100,-1.915000067187647,-0.49595076,0.41428859191354617,0.12498906359742201,0.17549301619894303,0.06999760866165161,0.06999760866165161,0.06999760866165161,0.06999760866165161,0.17017856240272522,0.3325832188129425,0.06999760866165161,0.21470025181770325,0.06999760866165161,0.21470025181770325,0.10419842600822449,0.2443632036447525
341,100,0.9492601768734532,-0.2652709,0.6064217652344622,0.2868089932705118,0.10843860752291701,0.16616517305374146,0.16616517305374146,0.16616517305374146,0.16616517305374146,0.028078705072402954,0.12410280108451843,0.16616517305374146,0.08704203367233276,0.16616517305374146,0.08704203367233276,0.14513398706912994,0.0995057076215744
342,100,1.684154488745147,-0.869703,0.1393884039416753,0.4803327292050279,0.14393352225576472,0.20216888189315796,0.32380008697509766,0.20216888189315796,0.32380008697509766,0.030483484268188477,0.3525214195251465,0.20216888189315796,0.49524447321891785,0.20216888189315796,0.49524447321891785,0.1858198642730713,0.5070515275001526
343,100,0.5890400326852808,-0.35764492,0.7049248332595388,0.15582335502016464,0.4779397486933086,0.32221508026123047,0.32221508026123047,0.32221508026123047,0.32221508026123047,0.5016117095947266,0.047425270080566406,0.32221508026123047,0.41586464643478394,0.32221508026123047,0.41586464643478394,0.42448967695236206,0.3582381308078766
344,100,0.7352089671804726,-0.16179356,0.6690555637337499,0.42835073134641033,0.036772259962313036,0.21015915274620056,0.21015915274620056,0.21015915274620056,0.21015915274620056,0.24376899003982544,0.3799953758716583,0.21015915274620056,0.0876145213842392,0.21015915274620056,0.0876145213842392,0.29507726430892944,0.05756493657827377
345,100,0.0329939008642397,0.24535406,0.5323536133976121,0.6571461796709355,0.3519207127648325,0.1835862100124359,0.332478404045105,0.1835862100124359,0.332478404045105,0.08768415451049805,0.332478404045105,0.1835862100124359,0.05675344169139862,0.1835862100124359,0.05675344169139862,0.25803232192993164,0.1140633225440979
346,100,-0.9786003542003257,0.3341776,0.584829125374146,0.3958114408775908,0.4160258153331853,0.031504422426223755,0.14012739062309265,0.031504422426223755,0.14012739062309265,0.09514029324054718,0.4224071800708771,0.14012739062309265,0.06741577386856079,0.14012739062309265,0.06741577386856079,0.222507506608963,0.1491185873746872
347,100,-1.9667302836872809,-0.10652906,0.35658088687461675,0.37424717928023676,0.22320890733876186,0.054061159491539,0.05923257768154144,0.054061159491539,0.05923257768154144,0.03303942084312439,0.05923257768154144,0.054061159491539,0.021239042282104492,0.054061159491539,0.021239042282104492,0.05664686858654022,0.023585662245750427
348,100,-1.6122332572667246,-0.53344333,0.09966566290744794,0.27444093551525117,0.2335652410984042,0.08286857604980469,0.21453270316123962,0.08286857604980469,0.21453270316123962,0.040239810943603516,0.17282980680465698,0.004626929759979248,0.2181212306022644,0.004626929759979248,0.2181212306022644,0.030664891004562378,0.19746796786785126
349,100,-1.4361803640529234,-0.97812617,0.21646111303639573,0.0697068774182977,0.22420398404508096,0.005213022232055664,0.7412290573120117,0.005213022232055664,0.7412290573120117,0.9601384401321411,0.7412290573120117,0.005213022232055664,0.2230435013771057,0.005213022232055664,0.2230435013771057,0.29000434279441833,0.48377299308776855
350,100,-2.0225600686858947,-1.4025829,0.12092550970690763,0.16627575729771982,0.024359499440365195,0.6264922022819519,0.8248106241226196,0.6264922022819519,0.8248106241226196,1.1274199485778809,0.8248106241226196,0.4221857190132141,0.14842700958251953,0.4221857190132141,0.14842700958251953,0.6234982013702393,0.36108651757240295
351,100,-0.9569236121322714,-1.3536438,0.0650654438230178,0.07678438231502602,0.09771313710311041,0.3373889923095703,0.8701447248458862,0.3373889923095703,0.8701447248458862,0.6416993141174316,0.8701447248458862,0.2729499340057373,0.3492252826690674,0.2729499340057373,0.3492252826690674,0.41539159417152405,0.4957483410835266
352,100,-0.5276561992913241,-1.3022424,0.25205701999238245,0.024271064761168804,0.02809413125629659,0.8045083284378052,0.6549409627914429,0.8045083284378052,0.6549409627914429,0.9803963303565979,1.033553957939148,0.6549409627914429,0.35624945163726807,0.6549409627914429,0.35624945163726807,0.7501236200332642,0.44745102524757385
353,100,-1.2363479259498498,-1.1438308,0.07302293002195771,0.18138847794524549,0.01802400133454131,0.6632109880447388,0.7212406396865845,0.6632109880447388,0.7212406396865845,0.8559033870697021,0.7212406396865845,0.4872387647628784,0.2396048903465271,0.4872387647628784,0.2396048903465271,0.6042397022247314,0.38197821378707886
354,100,-2.415888749256531,-0.8470573,0.18623222833134465,0.03578857923905866,0.08807706855928786,0.15164905786514282,0.15164905786514282,0.15164905786514282,0.15164905786514282,0.4594861567020416,0.49214839935302734,0.15164905786514282,0.1733885407447815,0.15164905786514282,0.1733885407447815,0.2508313059806824,0.2700042128562927
355,100,-3.0905512224634117,-0.7872672,0.020325754900363535,0.13115707782330782,0.04302297391739894,0.09927242994308472,0.3705442249774933,0.09927242994308472,0.3705442249774933,0.24877995252609253,0.45735108852386475,0.09927242994308472,0.28856348991394043,0.09927242994308472,0.28856348991394043,0.15370291471481323,0.3376948833465576
356,100,-1.5304280375250694,-1.2109491,0.28890428941095153,0.052048064800318816,0.0671722171796143,1.0667657852172852,0.544272780418396,1.0667657852172852,0.544272780418396,1.1381043195724487,0.8888964653015137,0.544272780418396,0.2510930299758911,0.544272780418396,0.2510930299758911,0.5892854332923889,0.29391953349113464
357,100,-4.239658385315321,-1.7743692,0.4964300656236738,0.2506263074289068,0.018399275404071602,1.3142002820968628,0.814208447933197,1.3142002820968628,0.814208447933197,1.6978999376296997,1.2640430927276611,0.814208447933197,0.17310357093811035,0.814208447933197,0.17310357093811035,1.0391258001327515,0.4097558259963989
358,100,-2.130288370648559,-1.8039382,0.14753871894988835,0.3985218525547343,0.20099313403527735,1.033080816268921,1.1111408472061157,1.033080816268921,1.1111408472061157,1.3890364170074463,1.4190864562988281,0.6568362712860107,0.43802714347839355,0.6568362712860107,0.43802714347839355,0.8436652421951294,0.6381726264953613
359,100,-1.826724292313621,-1.7169526,0.42240214964880585,0.09367845033349786,0.19212923516420188,1.2513179779052734,0.5593260526657104,1.2513179779052734,0.5593260526657104,1.8238400220870972,1.2852213382720947,0.5593260526657104,0.1706453561782837,0.5593260526657104,0.1706453561782837,0.7577340602874756,0.3437298536300659
360,100,-1.7527358065109735,-1.7341338,0.272138590409174,0.4197958631511406,0.05567002962135381,1.0831749439239502,1.164996862411499,1.0831749439239502,1.164996862411499,1.5909936428070068,1.164996862411499,0.6206544637680054,0.1653357744216919,0.6206544637680054,0.1653357744216919,0.8928256630897522,0.45079582929611206
361,100,-0.6569069087201747,-1.5239276,0.17767430078942364,0.15516900821649726,0.2443761234635749,0.5148247480392456,1.0949716567993164,0.5148247480392456,1.0949716567993164,0.9483307003974915,1.0949716567993164,0.3216656446456909,0.2674391269683838,0.3216656446456909,0.2674391269683838,0.5373259782791138,0.4843534231185913
362,100,-0.9620910291523114,-1.2118886,0.14669638323594392,0.11078074763295387,0.09517785611712859,0.3328503966331482,0.3328503966331482,0.3328503966331482,0.3328503966331482,0.6011508703231812,0.588729739189148,0.3328503966331482,0.179365873336792,0.3328503966331482,0.179365873336792,0.46079006791114807,0.3114926517009735
363,100,-0.5215971212387053,-1.0172669,0.060294030995917874,0.11522877833380327,0.06958639747191131,0.4798038601875305,0.4454861283302307,0.4798038601875305,0.4454861283302307,0.6680200099945068,0.5806643962860107,0.2835599184036255,0.17224621772766113,0.2835599184036255,0.17224621772766113,0.3569609522819519,0.25501930713653564
364,100,-1.67689198872106,-0.9953369,0.002346012395682058,0.05345918437869306,0.08924588207731542,0.35139644145965576,0.5620664358139038,0.35139644145965576,0.5620664358139038,0.4555280804634094,0.5620664358139038,0.2232271432876587,0.26002049446105957,0.2232271432876587,0.26002049446105957,0.28155601024627686,0.3202698826789856
365,100,-0.9904670962340048,-0.84863627,0.07756008970778433,0.00970994908989925,0.0294487022657166,0.11624312400817871,0.11624312400817871,0.11624312400817871,0.11624312400817871,0.20684576034545898,0.33796530961990356,0.11624312400817871,0.1609082818031311,0.11624312400817871,0.1609082818031311,0.15396881103515625,0.19610139727592468
366,100,-2.8887211663131303,-0.9952804,0.159048235984807,0.0700245302208917,0.0002461736349717303,0.6373928785324097,0.3866109848022461,0.6373928785324097,0.3866109848022461,0.7053731679916382,0.47574424743652344,0.3866109848022461,0.11079180240631104,0.3866109848022461,0.11079180240631104,0.43117761611938477,0.15740329027175903
367,100,-1.141582056082748,-0.9651308,0.021597165371134736,0.10811289556042847,0.032175705041672525,0.46783342957496643,0.4697946012020111,0.46783342957496643,0.4697946012020111,0.5253233909606934,0.5314675569534302,0.25408637523651123,0.20945119857788086,0.25408637523651123,0.20945119857788086,0.286583811044693,0.24059948325157166
368,100,-1.7260044765548466,-1.3337293,0.3270306119189641,0.018573453182616995,0.0798164555911755,0.9488327503204346,0.5325528383255005,0.9488327503204346,0.5325528383255005,1.1637870073318481,0.9039648175239563,0.5325528383255005,0.1461622714996338,0.5325528383255005,0.1461622714996338,0.6347815990447998,0.24318483471870422
369,100,-2.576627773912815,-1.1659812,0.03212145372866693,0.2238724102935023,0.008654170762428082,0.6763815879821777,0.5770644545555115,0.6763815879821777,0.5770644545555115,0.8834036588668823,0.5770644545555115,0.37214553356170654,0.10631787776947021,0.37214553356170654,0.10631787776947021,0.474604994058609,0.20481544733047485
370,100,-0.5187225152325114,-1.2595317,0.12062503325775292,0.028219518331727755,0.14327482116181428,0.391376256942749,0.6995242834091187,0.391376256942749,0.6995242834091187,0.8040523529052734,0.6995242834091187,0.2324833869934082,0.1487133502960205,0.2324833869934082,0.1487133502960205,0.38673219084739685,0.3020656704902649
371,100,-1.815114575115515,-1.2982917,0.24288044988955382,0.09243449703166218,0.025181059639171055,0.7352327108383179,0.4264032244682312,0.7352327108383179,0.4264032244682312,1.0466384887695312,0.6731489896774292,0.4264032244682312,0.11085677146911621,0.4264032244682312,0.11085677146911621,0.5497760772705078,0.2274966835975647
372,100,-1.0878181037167427,-1.2052326,0.0659512660859789,0.19072398328289572,0.08613238598882522,0.7592297196388245,0.4597817063331604,0.7592297196388245,0.4597817063331604,0.9978760480880737,0.6983091831207275,0.3506624698638916,0.08919656276702881,0.3506624698638916,0.08919656276702881,0.4698035717010498,0.19591915607452393
373,100,-0.5871122482033935,-1.207474,0.14351763015555336,0.0580345243215562,0.11524449304207102,0.6754076480865479,0.3625526428222656,0.6754076480865479,0.3625526428222656,0.9919881820678711,0.6592162847518921,0.3625526428222656,0.0818101167678833,0.3625526428222656,0.0818101167678833,0.4703437387943268,0.19141268730163574
374,100,0.8531571555313436,-1.1054726,0.013459909208042006,0.07655073625525258,0.02866154079584711,0.366815984249115,0.35422492027282715,0.366815984249115,0.35422492027282715,0.41146332025527954,0.4003714323043823,0.18987524509429932,0.14871740341186523,0.18987524509429932,0.14871740341186523,0.21286320686340332,0.17028343677520752
375,100,0.698490210469464,-1.0249991,0.06370340333771453,0.017375321578733824,0.07321766863778686,0.325035035610199,0.46577852964401245,0.325035035610199,0.46577852964401245,0.4430873394012451,0.46577852964401245,0.1845085620880127,0.15056049823760986,0.1845085620880127,0.15056049823760986,0.2430441677570343,0.2092018723487854
376,100,0.2916844937367895,-0.5013381,0.3774048898279461,0.06549193973803452,0.0006386098224683279,0.16204702854156494,0.16204702854156494,0.16204702854156494,0.16204702854156494,0.12089598178863525,0.07144367694854736,0.16204702854156494,0.09438616037368774,0.16204702854156494,0.09438616037368774,0.11674535274505615,0.12978433072566986
377,100,0.3116563523255349,-0.24890687,0.35318593476031657,0.30215066195788864,0.044838788205456837,0.11380599439144135,0.14705871045589447,0.11380599439144135,0.14705871045589447,0.26645100116729736,0.3016940951347351,0.14705871045589447,0.05695831775665283,0.14705871045589447,0.05695831775665283,0.22437641024589539,0.06718514114618301
378,100,0.2241571171749365,-0.27160904,0.2814779947559859,0.2687570518746818,0.186079693439695,0.04570922255516052,0.053549110889434814,0.04570922255516052,0.053549110889434814,0.015500903129577637,0.1451038420200348,0.053549110889434814,0.06258979439735413,0.053549110889434814,0.06258979439735413,0.0993264764547348,0.11150877177715302
379,100,-0.5460492251329822,-0.29840988,0.30321172998635626,0.2250494946728866,0.1863746297164881,0.012776017189025879,0.05544847249984741,0.012776017189025879,0.05544847249984741,0.024899423122406006,0.09263205528259277,0.05544847249984741,0.04786232113838196,0.05544847249984741,0.04786232113838196,0.07404026389122009,0.06733481585979462
380,100,-0.7184221749986716,-0.4039915,0.19843649317564824,0.19775466757900131,0.16098098267394645,0.025400429964065552,0.041642963886260986,0.025400429964065552,0.041642963886260986,0.07869115471839905,0.0951458215713501,0.041642963886260986,0.03963804244995117,0.041642963886260986,0.03963804244995117,0.06839439272880554,0.0666421502828598
381,100,1.5291498179188967,-0.5077362,0.10415351337071532,0.21229699661129536,0.17773313036898977,0.024661004543304443,0.08551192283630371,0.024661004543304443,0.08551192283630371,0.06775063276290894,0.04455214738845825,0.04056084156036377,0.12363797426223755,0.04056084156036377,0.12363797426223755,0.06228885054588318,0.10376578569412231
382,100,0.9408337179622536,-0.6519881,0.04623391964437634,0.061193557065684315,0.12316124192423011,0.023895740509033203,0.21768403053283691,0.023895740509033203,0.21768403053283691,0.1822218894958496,0.21768403053283691,0.023895740509033203,0.15335166454315186,0.023895740509033203,0.15335166454315186,0.043942272663116455,0.19738200306892395
383,100,0.7061168231668278,-0.25949955,0.5923001859145065,0.053994445917532774,0.06081330169414745,0.3353928327560425,0.3353928327560425,0.3353928327560425,0.3353928327560425,0.05896461009979248,0.1347813606262207,0.3353928327560425,0.09089682996273041,0.3353928327560425,0.09089682996273041,0.2981948256492615,0.11192494630813599
384,100,0.9026347666918118,-0.15928283,0.3759587860803833,0.41246142623709237,0.031275174756537516,0.26205432415008545,0.46476873755455017,0.26205432415008545,0.46476873755455017,0.33601316809654236,0.46476873755455017,0.26205432415008545,0.0836922824382782,0.26205432415008545,0.0836922824382782,0.363411545753479,0.08269655704498291
385,100,1.8575723051847648,0.019850686,0.3926152432420615,0.29213542969980594,0.22747444567555408,0.016459301114082336,0.12341640889644623,0.016459301114082336,0.12341640889644623,0.015129953622817993,0.24517790973186493,0.12341640889644623,0.09261290729045868,0.12341640889644623,0.09261290729045868,0.18429715931415558,0.15592852234840393
386,100,-0.9419418903792413,-0.069051206,0.3669558313524804,0.26843810094283627,0.20331257498499866,0.12917953729629517,0.13574086129665375,0.12917953729629517,0.13574086129665375,0.19207391142845154,0.23368102312088013,0.13574086129665375,0.06680256128311157,0.13574086129665375,0.06680256128311157,0.18471094965934753,0.11389201879501343
387,100,-0.0017872564242924,-0.13306794,0.5386731845176302,0.28719836931765297,0.22369435607516475,0.33181002736091614,0.33181002736091614,0.33181002736091614,0.33181002736091614,0.32180866599082947,0.5182042121887207,0.33181002736091614,0.08327911794185638,0.33181002736091614,0.08327911794185638,0.4250071048736572,0.16000810265541077
388,100,0.815830857768035,-0.13050711,0.0027920265787656495,0.5310421914399899,0.2648390551510546,0.3111087381839752,0.07740408182144165,0.3111087381839752,0.07740408182144165,0.3029896914958954,0.22665482759475708,0.3111087381839752,0.18451347947120667,0.3111087381839752,0.18451347947120667,0.39243167638778687,0.145431786775589
389,100,0.1990010993009538,-0.23398153,0.20697814602840092,0.000486571623389942,0.37517110617748156,0.2342265397310257,0.03025500476360321,0.2342265397310257,0.03025500476360321,0.13830514252185822,0.03025500476360321,0.2342265397310257,0.17431901395320892,0.2342265397310257,0.17431901395320892,0.23400753736495972,0.17449688911437988
390,100,0.3042462817284607,-0.19589481,0.43934409620874026,0.20789550853528316,0.0020017917219969927,0.21164214611053467,0.21164214611053467,0.21164214611053467,0.21164214611053467,0.018537133932113647,0.21117645502090454,0.21164214611053467,0.10651153326034546,0.21164214611053467,0.10651153326034546,0.2114093005657196,0.10665899515151978
391,100,0.165131191525499,-0.3168931,0.22845261308438164,0.2569686897431862,0.09454620977754863,0.0992053747177124,0.13663679361343384,0.0992053747177124,0.13663679361343384,0.025485128164291382,0.13663679361343384,0.0992053747177124,0.0001270771026611328,0.0992053747177124,0.0001270771026611328,0.11792108416557312,0.01646636426448822
392,100,1.7969440063793256,0.044787116,0.307257407476095,0.24029477582636372,0.2706138776276016,0.05028834939002991,0.07726714760065079,0.05028834939002991,0.07726714760065079,0.04672033339738846,0.23601505160331726,0.07726714760065079,0.03662639111280441,0.07726714760065079,0.03662639111280441,0.13259334862232208,0.09222057461738586
393,100,-1.3759673359106712,0.0839656,0.3223741020610448,0.33021739381285464,0.20281769556739082,0.05834174156188965,0.09783613681793213,0.05834174156188965,0.09783613681793213,0.06440888345241547,0.09783613681793213,0.05834174156188965,0.023404985666275024,0.05834174156188965,0.023404985666275024,0.07808893918991089,0.042260512709617615
394,100,-1.374452604629014,0.15460102,0.6047612320026863,0.1889409443469161,0.15532889817217266,0.3095252811908722,0.3095252811908722,0.3095252811908722,0.3095252811908722,0.1032414361834526,0.3408360481262207,0.3095252811908722,0.021419629454612732,0.3095252811908722,0.021419629454612732,0.32518064975738525,0.030359961092472076
395,100,1.587461157362147,-0.2997939,0.09765658263897947,0.525024199365443,0.16342421635166043,0.31744319200515747,0.0013451576232910156,0.31744319200515747,0.0013451576232910156,0.10994577407836914,0.024590790271759033,0.31744319200515747,0.2538723349571228,0.31744319200515747,0.2538723349571228,0.33296453952789307,0.24715308845043182
396,100,-0.3358301726630619,-0.5893793,0.11060559284902116,0.0847397401698472,0.43839364844499185,0.2899065613746643,0.36882397532463074,0.2899065613746643,0.36882397532463074,0.6800386905670166,0.36882397532463074,0.2899065613746643,0.26344937086105347,0.2899065613746643,0.26344937086105347,0.1884446144104004,0.40204501152038574
397,100,0.2693711485859072,-0.25597876,0.7025820544546413,0.08980709114640034,0.07356235961016921,0.517030656337738,0.517030656337738,0.517030656337738,0.517030656337738,0.34610262513160706,0.0991886556148529,0.517030656337738,0.2258589267730713,0.517030656337738,0.2258589267730713,0.3081096410751343,0.3048304617404938
398,100,0.9942609023991218,-0.18325904,0.13764133767138442,0.5129356582447424,0.05634254180663012,0.35037752985954285,0.25164246559143066,0.35037752985954285,0.25164246559143066,0.1834852397441864,0.25164246559143066,0.35037752985954285,0.1463039666414261,0.35037752985954285,0.1463039666414261,0.30101001262664795,0.1804930567741394
399,100,-0.5744683110805822,0.043684468,0.28732281750471333,0.14910163768787965,0.3684425375894787,0.1391945779323578,0.13052329421043396,0.1391945779323578,0.13052329421043396,0.006699606776237488,0.13052329421043396,0.1391945779323578,0.03635132312774658,0.1391945779323578,0.03635132312774658,0.16660386323928833,0.01841236650943756
400,100,0.249645436863126,-0.016161114,0.46216532387018605,0.2135371610048608,0.07665189786388504,0.20356473326683044,0.20356473326683044,0.20356473326683044,0.20356473326683044,0.12366148829460144,0.25729742646217346,0.20356473326683044,0.03238953649997711,0.20356473326683044,0.03238953649997711,0.23043107986450195,0.018098030239343643
401,100,-0.4627465040573901,-0.049093112,0.0818116365455065,0.37627356704260473,0.18671242571419883,0.15003295242786407,0.029001735150814056,0.15003295242786407,0.029001735150814056,0.09330371022224426,0.0628727525472641,0.15003295242786407,0.09333883225917816,0.15003295242786407,0.09333883225917816,0.1702118217945099,0.08231371641159058
402,100,-0.4649837237006964,0.08620185,0.280728453520647,0.10036803328806598,0.3732000912741288,0.12431755661964417,0.06355363130569458,0.12431755661964417,0.06355363130569458,0.04374745488166809,0.06355363130569458,0.12431755661964417,0.07009002566337585,0.12431755661964417,0.07009002566337585,0.14942511916160583,0.055309832096099854
403,100,-0.3307600494779901,-0.2222152,0.10448874868580571,0.311492609468215,0.09269858898012506,0.058968156576156616,0.058215588331222534,0.058968156576156616,0.058215588331222534,0.20511989295482635,0.058215588331222534,0.058968156576156616,0.0959371030330658,0.058968156576156616,0.0959371030330658,0.058591872453689575,0.14525148272514343
404,100,0.9400762198820534,-0.36734688,0.05834155702560209,0.053467949545107,0.16405598103001562,0.042749106884002686,0.1800956130027771,0.042749106884002686,0.1800956130027771,0.2640908360481262,0.1800956130027771,0.042749106884002686,0.09975859522819519,0.042749106884002686,0.09975859522819519,0.06281264126300812,0.15808367729187012
405,100,-0.0339873180712649,-0.3155982,0.12237775709825688,0.09843613576028762,0.09366882177665067,0.08386337757110596,0.08386337757110596,0.08386337757110596,0.08386337757110596,0.21041125059127808,0.18451346457004547,0.08386337757110596,0.09156942367553711,0.08386337757110596,0.09156942367553711,0.13418841361999512,0.1395367980003357
406,100,-0.4229725688894396,-0.021662908,0.36303492292403355,0.09175641532936152,0.06295012104360204,0.17947469651699066,0.17947469651699066,0.17947469651699066,0.17947469651699066,0.07039057463407516,0.11378620564937592,0.17947469651699066,0.06251724809408188,0.17947469651699066,0.06251724809408188,0.1466304510831833,0.08455917239189148
407,100,-0.7406912849791535,0.17404865,0.18510960982120317,0.44181480852701405,0.10604446522149036,0.1747417002916336,0.1659940481185913,0.1747417002916336,0.1659940481185913,0.03580808639526367,0.1659940481185913,0.1747417002916336,0.033978819847106934,0.1747417002916336,0.033978819847106934,0.17036786675453186,0.036760926246643066
408,100,0.7117736950360678,-0.070983045,0.08008207590719268,0.16025616348276223,0.26145763327191585,0.1246885135769844,0.007824577391147614,0.1246885135769844,0.007824577391147614,0.05894159525632858,0.007824577391147614,0.1246885135769844,0.09823133051395416,0.1246885135769844,0.09823133051395416,0.12096784263849258,0.10096358507871628
409,100,-1.8560702545645456,-0.3947148,0.018022884105898668,0.061356801001988814,0.13317845754094945,0.006963014602661133,0.31150591373443604,0.006963014602661133,0.31150591373443604,0.2039462924003601,0.31150591373443604,0.006963014602661133,0.21365845203399658,0.006963014602661133,0.21365845203399658,0.059911876916885376,0.25989633798599243
410,100,-2.714283598590129,-0.079830214,0.3788128888868179,0.01750041371614658,0.08397216987364065,0.181587353348732,0.181587353348732,0.181587353348732,0.181587353348732,0.07683512568473816,0.06673536449670792,0.181587353348732,0.14449307322502136,0.181587353348732,0.14449307322502136,0.1362258493900299,0.17124229669570923
411,100,-3.0835636003958933,-0.6062141,0.3136710972489976,0.29240134973527043,0.012930177203363591,0.8447543978691101,0.5072308778762817,0.8447543978691101,0.5072308778762817,0.7800267934799194,0.34768134355545044,0.5072308778762817,0.128201425075531,0.5072308778762817,0.128201425075531,0.4274561107158661,0.08163946866989136
412,100,-2.877140458807524,-1.142461,0.5516664866562869,0.2944018030187108,0.2846319906900019,1.352914810180664,0.8095793724060059,1.352914810180664,0.8095793724060059,1.4734869003295898,1.1979459524154663,0.8095793724060059,0.1619027853012085,0.8095793724060059,0.1619027853012085,1.0037627220153809,0.2624431550502777
413,100,-2.2526184022975544,-1.9585679,0.6195662098959134,0.4962897884605064,0.2719042183786531,1.2347890138626099,0.7649253606796265,1.2347890138626099,0.7649253606796265,2.067735433578491,1.6078972816467285,0.7649253606796265,0.39107465744018555,0.7649253606796265,0.39107465744018555,1.1864113807678223,0.7790732383728027
414,100,-2.4495091484100424,-2.4391148,0.6480950800209113,0.642151313139401,0.4601637525451958,0.8465323448181152,0.7754514217376709,0.8465323448181152,0.7754514217376709,2.1007237434387207,1.8969576358795166,0.7754514217376709,0.5775178670883179,0.7754514217376709,0.5775178670883179,1.3362045288085938,1.0741620063781738
415,100,-2.2129240271389694,-1.6909788,0.3687671548734927,0.39589224550296953,0.338976280667733,0.5971416234970093,1.0625461339950562,0.5971416234970093,1.0625461339950562,1.232854962348938,1.0625461339950562,0.44391489028930664,0.37261736392974854,0.44391489028930664,0.37261736392974854,0.7532305121421814,0.6654101610183716
416,100,-1.9952208445492028,-2.3265932,0.6079812743332995,0.5013304836151935,0.5540762714068707,0.9567314386367798,0.860061764717102,0.9567314386367798,0.860061764717102,2.0502052307128906,2.3762452602386475,0.860061764717102,0.7969295978546143,0.860061764717102,0.7969295978546143,1.3432786464691162,1.2100143432617188
417,100,-1.5148400764908958,-1.65588,0.39932891448697283,0.4257988916562796,0.29407370968680235,0.7039930820465088,1.3052198886871338,0.7039930820465088,1.3052198886871338,1.3807346820831299,1.3052198886871338,0.6214396953582764,0.44957709312438965,0.6214396953582764,0.44957709312438965,0.9633297920227051,0.781612753868103
418,100,-1.8612682544090144,-1.6038203,0.3762732067103802,0.35367043654008723,0.2853118825153388,0.579155445098877,0.579155445098877,0.579155445098877,0.579155445098877,1.2571972608566284,1.1903297901153564,0.579155445098877,0.436193585395813,0.579155445098877,0.436193585395813,0.8847426176071167,0.7237908244132996
419,100,-2.4245277403424605,-1.4298513,0.24845533421154298,0.3191964932272522,0.2835314660445113,0.7458643317222595,1.0881900787353516,0.7458643317222595,1.0881900787353516,1.1942614316940308,1.3971779346466064,0.5961781144142151,0.5139212608337402,0.5961781144142151,0.5139212608337402,0.8126895427703857,0.7661154866218567
420,100,-2.6388234109396445,-1.729415,0.4220988550111394,0.2894478978083511,0.33672129437071363,0.9426894187927246,0.7773686647415161,0.9426894187927246,0.7773686647415161,1.5962860584259033,1.748734712600708,0.7773686647415161,0.6671887636184692,0.7773686647415161,0.6671887636184692,1.0901687145233154,0.9449793100357056
421,100,-3.466768833522317,-1.6469238,0.5189083934828798,0.3180580143768763,0.17000457125994295,1.1170439720153809,0.7690744996070862,1.1170439720153809,0.7690744996070862,1.685386061668396,1.3291449546813965,0.7690744996070862,0.3371710777282715,0.7690744996070862,0.3371710777282715,1.049109697341919,0.6060138940811157
422,100,-4.862244278669721,-2.1678205,0.6204574929223842,0.5324425072092375,0.3001904003706177,1.2701222896575928,0.8972713947296143,1.2701222896575928,0.8972713947296143,2.211806297302246,1.852590799331665,0.8972713947296143,0.5453314781188965,0.8972713947296143,0.5453314781188965,1.3749310970306396,0.9636379480361938
423,100,-4.334622865457104,-2.2686908,0.7486333923215922,0.4943829455838584,0.36967980532660505,1.3848536014556885,0.9574024677276611,1.3848536014556885,0.9574024677276611,2.1954171657562256,1.8346877098083496,0.9574024677276611,0.5351967811584473,0.9574024677276611,0.5351967811584473,1.3960450887680054,0.9164600372314453
424,100,-4.064217654864764,-2.483717,0.7652485480922506,0.55153840270111,0.383907068623198,1.7217347621917725,0.7920328378677368,1.7217347621917725,0.7920328378677368,2.6573801040649414,1.762253999710083,0.7920328378677368,0.43264317512512207,0.7920328378677368,0.43264317512512207,1.2771434783935547,0.8317812085151672
425,100,-5.746643271579446,-2.9304843,0.8869758087796034,0.8271556987436777,0.492395004660813,1.248270869255066,0.930998682975769,1.248270869255066,0.930998682975769,2.9484333992004395,2.379732370376587,0.930998682975769,0.5076367855072021,0.930998682975769,0.5076367855072021,1.6553654670715332,1.1203659772872925
426,100,-5.680818632887492,-2.4802008,0.5966150870105038,0.536508022701925,0.43594047696012805,0.4909428358078003,0.4909428358078003,0.4909428358078003,0.4909428358078003,1.5745768547058105,1.4405122995376587,0.4909428358078003,0.3127472400665283,0.4909428358078003,0.3127472400665283,0.9657275676727295,0.7601891160011292
427,100,-4.854372957435808,-3.1650534,1.075412215466557,0.6922032302853576,0.5796590157595696,1.7344720363616943,1.0276267528533936,1.7344720363616943,1.0276267528533936,2.970346212387085,2.3726601600646973,1.0276267528533936,0.5247502326965332,1.0276267528533936,0.5247502326965332,1.7001434564590454,1.0439209938049316
428,100,-5.560654850821161,-2.9488683,0.7743897233222359,0.6573867519286902,0.42996731164938784,1.1159305572509766,0.6639089584350586,1.1159305572509766,0.6639089584350586,2.7965283393859863,1.7159260511398315,0.6639089584350586,0.2882871627807617,0.6639089584350586,0.2882871627807617,1.1899175643920898,0.7577855587005615
429,100,-3.0113906044950323,-3.0526943,0.7335956367404808,0.7923783199458394,0.6470851980380175,0.7269461154937744,1.7786089181900024,0.7269461154937744,1.7786089181900024,2.232936382293701,1.7786089181900024,0.49630236625671387,0.4164431095123291,0.49630236625671387,0.4164431095123291,1.137455701828003,0.9304885864257812
430,100,-3.5826182386024854,-3.5364661,1.1845319663203249,0.881251732137093,0.559337605981483,1.5652912855148315,1.2721483707427979,1.5652912855148315,1.2721483707427979,3.189481496810913,2.965423583984375,1.2721483707427979,0.5860838890075684,1.2721483707427979,0.5860838890075684,2.118785858154297,1.2532442808151245
431,100,-2.9024665952684963,-3.0250728,0.5522572928111477,0.813945014292176,0.5492097799861448,1.5995904207229614,1.8934060335159302,1.5995904207229614,1.8934060335159302,2.6533219814300537,1.8934060335159302,0.8496768474578857,0.5329821109771729,0.8496768474578857,0.5329821109771729,1.3715415000915527,1.0067920684814453
432,100,-3.4948829658260663,-3.267522,0.8524425259928929,0.6021144215491216,0.8516644391253646,1.486791968345642,1.1947169303894043,1.486791968345642,1.1947169303894043,3.177969217300415,3.297529458999634,1.1947169303894043,0.9470221996307373,1.1947169303894043,0.9470221996307373,1.9333384037017822,1.5868028402328491
433,100,-2.7762078439913105,-2.9659517,0.565650187432766,0.7034995868494827,0.4889944754156872,1.2335536479949951,2.1366004943847656,1.2335536479949951,2.1366004943847656,2.5028183460235596,2.1366004943847656,0.863781213760376,0.6214048862457275,0.863781213760376,0.6214048862457275,1.5001908540725708,1.173092007637024
434,100,-2.093814152936246,-2.8385468,0.519361500017012,0.4532475721641509,0.5589030044492573,0.7040033340454102,2.693526268005371,0.7040033340454102,2.693526268005371,2.0592753887176514,2.693526268005371,0.5091452598571777,0.3341553211212158,0.5091452598571777,0.3341553211212158,0.972402811050415,0.766892671585083
435,100,-2.188480121196692,-2.6978092,0.6071454790961701,0.7529431894626406,0.3639647441170468,1.574657917022705,2.365877389907837,1.574657917022705,2.365877389907837,2.529754400253296,2.365877389907837,1.309424638748169,0.6773052215576172,1.309424638748169,0.6773052215576172,1.837651014328003,1.2799766063690186
436,100,-1.4608938168573566,-2.642881,0.377729741235574,0.6038326577017806,0.5818310046370087,1.4676430225372314,2.0676560401916504,1.4676430225372314,2.0676560401916504,2.3743464946746826,2.7332403659820557,1.1034560203552246,0.7691280841827393,1.1034560203552246,0.7691280841827393,1.6032572984695435,1.3513323068618774
437,100,-0.0102818756392817,-2.5065615,0.41382653967723826,0.4009299164836351,0.5300348750811672,1.2216145992279053,2.6113243103027344,1.2216145992279053,2.6113243103027344,2.17142915725708,2.6113243103027344,0.9873182773590088,0.846580982208252,0.9873182773590088,0.846580982208252,1.4660232067108154,1.3445696830749512
438,100,-0.0030109682704337,-1.8386376,0.1580916879397798,0.3479492632909025,0.21376261305819205,1.1128956079483032,1.4679056406021118,1.1128956079483032,1.4679056406021118,1.5572404861450195,1.8039426803588867,0.8227930068969727,0.6672585010528564,0.8227930068969727,0.6672585010528564,1.0497584342956543,0.9432245492935181
439,100,1.354025497026301,-0.4208804,0.5823978617070467,0.03851772127897074,0.05304192685077269,0.004000216722488403,0.004000216722488403,0.004000216722488403,0.004000216722488403,0.29073846340179443,0.4376291334629059,0.004000216722488403,0.3359065055847168,0.004000216722488403,0.3359065055847168,0.10376647114753723,0.3856397271156311
440,100,-0.6246205471528499,-0.34951362,0.4613388177308275,0.3977764163044667,0.0009613187913223298,0.00099867582321167,0.00099867582321167,0.00099867582321167,0.00099867582321167,0.00592571496963501,0.003888547420501709,0.00099867582321167,0.19105947017669678,0.00099867582321167,0.19105947017669678,0.0024436116218566895,0.1921014040708542
441,100,-0.0914707593786091,0.11884315,0.6570810734188742,0.36924412846565235,0.3162820048668642,0.21782678365707397,0.21782678365707397,0.21782678365707397,0.21782678365707397,0.0015565603971481323,0.2171250730752945,0.21782678365707397,0.0011370033025741577,0.21782678365707397,0.0011370033025741577,0.21747592091560364,0.0013474822044372559
442,100,0.0705477570973981,-0.2405616,0.15788445831676534,0.7693953773973323,0.30305966468611134,0.29870176315307617,0.11120638251304626,0.29870176315307617,0.11120638251304626,0.06863874197006226,0.11056643724441528,0.29870176315307617,0.12658677995204926,0.29870176315307617,0.12658677995204926,0.29830998182296753,0.126714289188385
443,100,-2.111462831958676,0.04635575,0.4173903554306714,0.21684241321104292,0.4199874423111428,0.12438619136810303,0.026647526770830154,0.12438619136810303,0.026647526770830154,0.21297258138656616,0.026647526770830154,0.12438619136810303,0.10156890749931335,0.12438619136810303,0.10156890749931335,0.11115559935569763,0.11199474334716797
444,100,-1.4746813663990046,-0.33638757,0.47020253236965615,0.371940132296129,0.1644842854310532,0.027217745780944824,0.027217745780944824,0.027217745780944824,0.027217745780944824,0.05839189887046814,0.004487574100494385,0.027217745780944824,0.15534301102161407,0.027217745780944824,0.15534301102161407,0.015852659940719604,0.16868457198143005
445,100,-0.8453362094430401,-1.2464434,0.34716712252022464,0.29035856879453903,0.19894300310318813,1.3817979097366333,0.7580072283744812,1.3817979097366333,0.7580072283744812,1.3711806535720825,0.733341634273529,0.7580072283744812,0.023798346519470215,0.7580072283744812,0.023798346519470215,0.7456744313240051,0.013093113899230957
446,100,0.0449016181780095,-1.5422456,0.1599935344660406,0.34827624868179086,0.34653365773331235,1.333160400390625,1.3455684185028076,1.333160400390625,1.3455684185028076,1.3222321271896362,1.3285717964172363,0.8314427137374878,0.5973873138427734,0.8314427137374878,0.5973873138427734,0.8203873634338379,0.5845282673835754
447,100,0.6925897204652148,-0.8954942,0.2102204115478853,0.006732954320424145,0.1322355646243209,0.331204354763031,0.331204354763031,0.331204354763031,0.331204354763031,0.8868102431297302,1.0005139112472534,0.331204354763031,0.5239647030830383,0.331204354763031,0.5239647030830383,0.5469583868980408,0.6744223237037659
448,100,-0.1235649761922178,-0.48491684,0.41234383719918843,0.1509219925863432,0.01569540253952406,0.01604369282722473,0.01604369282722473,0.01604369282722473,0.01604369282722473,0.48381611704826355,0.2698362171649933,0.01604369282722473,0.3698766827583313,0.01604369282722473,0.3698766827583313,0.142939954996109,0.4581046402454376
449,100,0.6233949613156531,0.13885336,0.6407427696504748,0.3432715179469066,0.09860464530481683,0.17106792330741882,0.17106792330741882,0.17106792330741882,0.17106792330741882,0.06366121768951416,0.1800379753112793,0.17106792330741882,0.07756245136260986,0.17106792330741882,0.07756245136260986,0.17555294930934906,0.07471537590026855
450,100,1.0090562943030412,0.12966038,0.38366840882194825,0.5278546239899093,0.22884135763080882,0.10464465618133545,0.07158644497394562,0.10464465618133545,0.07158644497394562,0.09983201324939728,0.07158644497394562,0.10464465618133545,0.0024846643209457397,0.10464465618133545,0.0024846643209457397,0.08811555057764053,0.014146894216537476
451,100,0.931409197713584,0.21464798,0.5414535970110254,0.33559246760668215,0.3464542896169977,0.07699543237686157,0.08898007869720459,0.07699543237686157,0.08898007869720459,0.1267966330051422,0.1219964325428009,0.08898007869720459,0.010345697402954102,0.08898007869720459,0.010345697402954102,0.11468371748924255,0.017433613538742065
452,100,2.240585612580875,0.34583354,0.6426650877862761,0.43681264039180223,0.21438265526891254,0.15082894265651703,0.15082894265651703,0.15082894265651703,0.15082894265651703,0.18054674565792084,0.2369581013917923,0.15082894265651703,0.006428897380828857,0.15082894265651703,0.006428897380828857,0.19389352202415466,0.026950106024742126
453,100,3.764324974579049,0.47511712,0.6007367968047197,0.5362149859391332,0.3620979297278879,0.08586534857749939,0.0980038046836853,0.08586534857749939,0.0980038046836853,0.21775957942008972,0.23425567150115967,0.0980038046836853,0.04296630620956421,0.0980038046836853,0.04296630620956421,0.16612973809242249,0.09842512011528015
454,100,2.6087304293770734,0.505231,0.6422977151086751,0.394994879704724,0.2801768061836152,0.10809502005577087,0.10809502005577087,0.10809502005577087,0.10809502005577087,0.08295729756355286,0.19610023498535156,0.10809502005577087,0.01984575390815735,0.10809502005577087,0.01984575390815735,0.15209762752056122,0.037595003843307495
455,100,2.6634802734003222,0.40541053,0.6516376949744331,0.32610000917028703,0.15449735197107417,0.06984841823577881,0.06984841823577881,0.06984841823577881,0.06984841823577881,0.08575189113616943,0.1639285534620285,0.06984841823577881,0.018650412559509277,0.06984841823577881,0.018650412559509277,0.11688848584890366,0.02269652485847473
456,100,4.715564639733296,0.34483007,0.5957116177913657,0.47386975702909695,0.2668417421172782,0.03107774257659912,0.055819541215896606,0.03107774257659912,0.055819541215896606,0.05816778540611267,0.19625180959701538,0.055819541215896606,0.028440743684768677,0.055819541215896606,0.028440743684768677,0.126035675406456,0.052975162863731384
457,100,3.747568298822941,0.58614,0.4988251041454548,0.4048103504907019,0.262446632461552,0.0827985405921936,0.07016617059707642,0.0827985405921936,0.07016617059707642,0.04128289222717285,0.04519093036651611,0.07016617059707642,0.030382513999938965,0.07016617059707642,0.030382513999938965,0.057678550481796265,0.050424814224243164
458,100,4.201294891000993,1.349515,0.8960112821553988,0.6316761683762282,0.3951874580938384,0.08764374256134033,0.08764374256134033,0.08764374256134033,0.08764374256134033,0.14834082126617432,0.46837079524993896,0.08764374256134033,0.11958324909210205,0.08764374256134033,0.11958324909210205,0.27800726890563965,0.2124428153038025
459,100,4.175218063773104,0.6898136,0.38729389936141545,0.5419645299718963,0.3326657121277756,0.1535506248474121,0.021013498306274414,0.1535506248474121,0.021013498306274414,0.03976404666900635,0.021013498306274414,0.1535506248474121,0.06207740306854248,0.1535506248474121,0.06207740306854248,0.08728206157684326,0.09634274244308472
460,100,2.763962873739132,1.7672462,0.7028721297268608,0.8657601735845875,0.8252509154661001,0.16293549537658691,0.2825620174407959,0.16293549537658691,0.2825620174407959,0.4250326156616211,1.1066222190856934,0.240830659866333,0.08409357070922852,0.240830659866333,0.08409357070922852,0.3975633382797241,0.19716143608093262
461,100,3.3566190063182297,1.1665127,0.5386439893151478,0.7134456852150127,0.49058689740310424,0.21648764610290527,0.08965373039245605,0.21648764610290527,0.08965373039245605,0.08780348300933838,0.08965373039245605,0.21648764610290527,0.06653761863708496,0.21648764610290527,0.06653761863708496,0.15307068824768066,0.04629528522491455
462,100,2.856628616472686,0.86463624,0.5861802957952023,0.551393047243971,0.3821626205727,0.07455015182495117,0.010588288307189941,0.07455015182495117,0.010588288307189941,0.09604346752166748,0.19271916151046753,0.010588288307189941,0.07694315910339355,0.010588288307189941,0.07694315910339355,0.10165372490882874,0.14220911264419556
463,100,2.884214841744777,2.7501311,1.2627182318428942,1.054728989799817,1.0736055820156214,0.13391995429992676,0.3344590663909912,0.13391995429992676,0.3344590663909912,1.0708853006362915,2.776815891265869,0.3344590663909912,0.44424986839294434,0.3344590663909912,0.44424986839294434,0.8847932815551758,0.8900232911109924
464,100,2.973481556820834,1.545154,0.7287054438259183,0.6475380430977369,0.44655245488759165,0.02819645404815674,0.08683252334594727,0.02819645404815674,0.08683252334594727,0.34514641761779785,0.4471853971481323,0.08683252334594727,0.11763489246368408,0.08683252334594727,0.11763489246368408,0.2670089602470398,0.21970754861831665
465,100,1.888758193383279,1.9754239,0.8910644055949047,0.7746565830461757,0.5901368449336473,0.009630203247070312,0.06979668140411377,0.009630203247070312,0.06979668140411377,0.31817400455474854,0.5484169721603394,0.06979668140411377,0.16002213954925537,0.06979668140411377,0.16002213954925537,0.30910682678222656,0.3119763731956482
466,100,2.4886616599527045,0.7011661,0.5955917717076046,0.5045993841698079,0.37533433379483805,0.08608639240264893,0.08608639240264893,0.08608639240264893,0.08608639240264893,0.2919663190841675,0.3088456988334656,0.08608639240264893,0.03998696804046631,0.08608639240264893,0.03998696804046631,0.19746604561805725,0.11692225933074951
467,100,4.463569932359848,2.3848486,0.9102974385279147,1.0021499220883519,0.7798324442273361,0.5505708456039429,1.1462725400924683,0.5505708456039429,1.1462725400924683,0.7317904233932495,1.1462725400924683,0.5505708456039429,0.4807772636413574,0.5505708456039429,0.4807772636413574,0.8484216928482056,0.7449035048484802
468,100,3.033963088764487,2.444963,0.9752866707780621,0.8481828288088757,1.0427342623126565,0.5792950391769409,2.362560510635376,0.5792950391769409,2.362560510635376,1.1177891492843628,2.362560510635376,0.5792950391769409,0.38036489486694336,0.5792950391769409,0.38036489486694336,0.9588392972946167,0.704235851764679
469,100,2.0594290270793114,2.5144181,1.2765972927161506,0.921950855308382,0.6059481719207929,0.4379093647003174,0.4379093647003174,0.4379093647003174,0.4379093647003174,0.5641642808914185,1.4252116680145264,0.4379093647003174,0.2839393615722656,0.4379093647003174,0.2839393615722656,0.9315605163574219,0.5935230851173401
470,100,3.5709108499585342,1.3672352,0.5139410030928879,0.7575380313130177,0.48627738046533486,0.2679769992828369,0.2807408571243286,0.2679769992828369,0.2807408571243286,0.21430182456970215,0.2807408571243286,0.2679769992828369,0.1069486141204834,0.2679769992828369,0.1069486141204834,0.27435892820358276,0.09033793210983276
471,100,5.15855004944633,2.5616558,0.7790876076111881,1.0278871469071635,1.0097279550821314,0.16865181922912598,0.8264548778533936,0.16865181922912598,0.8264548778533936,0.7748932838439941,2.2849926948547363,0.40959668159484863,0.2236618995666504,0.40959668159484863,0.2236618995666504,0.8645973205566406,0.5818873643875122
472,100,3.8579423920825944,2.457371,1.0024443264423364,0.7794314328952348,0.9260163147680947,0.14176177978515625,0.14176177978515625,0.14176177978515625,0.14176177978515625,0.7994972467422485,2.4134387969970703,0.14176177978515625,0.22223234176635742,0.14176177978515625,0.22223234176635742,0.6121645569801331,0.5637012124061584
473,100,3.953803478347843,3.2148168,1.3782113306864419,1.219022188322856,0.8027901211145414,0.5824313163757324,0.5824313163757324,0.5824313163757324,0.5824313163757324,1.0363376140594482,2.0021862983703613,0.5824313163757324,0.3544754981994629,0.5824313163757324,0.3544754981994629,1.2923088073730469,0.8474159836769104
474,100,4.384724771355228,3.5321946,1.1412550343322179,1.3812982984066426,1.1377590061565437,0.5060782432556152,1.1106886863708496,0.5060782432556152,1.1106886863708496,0.6720337867736816,1.1106886863708496,0.5060782432556152,0.4670867919921875,0.5060782432556152,0.4670867919921875,0.8083834648132324,0.8413610458374023
475,100,3.192936123837046,3.6581173,1.0522299114473905,1.2324515333546393,1.3931747115508393,0.6316254138946533,4.276086807250977,0.6316254138946533,4.276086807250977,1.2909791469573975,4.276086807250977,0.6316254138946533,0.09956860542297363,0.6316254138946533,0.09956860542297363,1.3558757305145264,0.48433613777160645
476,100,3.653382779914647,2.846846,0.7857469992129662,1.0290630449544116,1.2575917445712068,0.21979141235351562,3.112330913543701,0.21979141235351562,3.112330913543701,0.7274260520935059,3.112330913543701,0.3016946315765381,0.0890507698059082,0.3016946315765381,0.0890507698059082,0.7617782354354858,0.23643028736114502
477,100,2.5053056388673705,3.2814322,0.9470678380469684,1.2731820789271404,1.1624738135826345,0.3587310314178467,0.7888782024383545,0.3587310314178467,0.7888782024383545,1.6085411310195923,3.8221797943115234,0.3587310314178467,0.12139773368835449,0.3587310314178467,0.12139773368835449,1.156238079071045,0.5703258514404297
478,100,0.970059441021872,3.114654,0.8297943388371132,0.9674151925389292,1.1976306705745223,0.44849348068237305,3.404313802719116,0.44849348068237305,3.404313802719116,0.9057323932647705,3.404313802719116,0.44849348068237305,0.06063413619995117,0.44849348068237305,0.06063413619995117,0.9751161336898804,0.3172330856323242
479,100,1.8516890375692276,3.37675,0.9120521629133176,1.3117319315710323,1.2145994642230962,0.520742654800415,0.9576535224914551,0.520742654800415,0.9576535224914551,1.7468291521072388,3.989288091659546,0.520742654800415,0.08927154541015625,0.520742654800415,0.08927154541015625,1.3561450242996216,0.6181988716125488
480,100,-0.212321968954855,2.5114338,0.5197807960596279,0.9904742595000362,1.1421961582352207,0.5785804986953735,2.7945175170898438,0.5785804986953735,2.7945175170898438,1.1947574615478516,2.7945175170898438,0.5785804986953735,0.11481356620788574,0.5785804986953735,0.11481356620788574,1.3497920036315918,0.3705039620399475
481,100,0.6774367058672195,2.1751785,0.49804920320082247,0.44229340809637474,1.194056881274836,1.0412194728851318,2.7438671588897705,1.0412194728851318,2.7438671588897705,1.5573348999023438,2.7438671588897705,1.0412194728851318,0.15355992317199707,1.0412194728851318,0.15355992317199707,1.4788036346435547,0.28618741035461426
482,100,-0.6184623279061261,1.9728303,0.10650987193449257,1.15391576558966,0.7238416078778886,1.504930853843689,1.346134901046753,1.504930853843689,1.346134901046753,1.6079871654510498,2.4806249141693115,1.504930853843689,0.10793590545654297,1.504930853843689,0.10793590545654297,2.0702507495880127,0.4132746458053589
483,100,-1.0041694969921535,1.4234684,0.4143373124666281,0.07310367873917856,1.0366979565317789,1.4223980903625488,1.6847493648529053,1.4223980903625488,1.6847493648529053,1.1139707565307617,1.6847493648529053,1.4223980903625488,0.1288233995437622,1.4223980903625488,0.1288233995437622,1.6535491943359375,0.1465783715248108
484,100,-0.320242541313683,-0.059666812,0.2742165526522393,0.3741984679475682,0.11069976812375786,0.6312795281410217,0.21084097027778625,0.6312795281410217,0.21084097027778625,0.6997053027153015,0.21084097027778625,0.6312795281410217,0.2449086606502533,0.6312795281410217,0.2449086606502533,0.4210602641105652,0.46670418977737427
485,100,-0.6493616879681844,-1.109913,0.6936018475910641,0.5423219861187476,0.11754559052154367,2.0698914527893066,0.7842307090759277,2.0698914527893066,0.7842307090759277,3.3779311180114746,1.4149301052093506,0.7842307090759277,0.5019388198852539,0.7842307090759277,0.5019388198852539,1.0995804071426392,0.2807278037071228
486,100,-0.0832299100482397,-1.9076068,0.34300785513012255,0.8135627562442596,0.7516689198507682,1.1059356927871704,0.7211551666259766,1.1059356927871704,0.7211551666259766,2.2855279445648193,1.3399255275726318,0.521085262298584,0.14131450653076172,0.521085262298584,0.14131450653076172,0.8098925352096558,0.32755422592163086
487,100,1.106405010915951,-1.7700464,0.4107028810480209,0.4329221627492572,0.8631032986239979,1.5273525714874268,1.5640977621078491,1.5273525714874268,1.5640977621078491,1.885567307472229,1.5640977621078491,0.7577844858169556,0.35922157764434814,0.7577844858169556,0.35922157764434814,0.9151312708854675,0.47752273082733154
488,100,-0.2977223278309793,-1.2605739,0.1658936091202643,0.5975880577289772,0.4879650818216019,0.9684557318687439,0.5311161279678345,0.9684557318687439,0.5311161279678345,1.522884726524353,0.8127363920211792,0.47324585914611816,0.051807284355163574,0.47324585914611816,0.051807284355163574,0.6128556132316589,0.1659882664680481
489,100,-1.6997376926661272,0.5577687,0.6523345886150381,0.14043704367201143,0.1494900525013093,0.7140676975250244,0.7140676975250244,0.7140676975250244,0.7140676975250244,0.9182251691818237,0.04243004322052002,0.7140676975250244,0.06618916988372803,0.7140676975250244,0.06618916988372803,0.41252076625823975,0.3160627484321594
490,100,0.4339167195758613,0.63099253,0.0006337052025541245,0.7133353273560296,0.19279274672167412,0.9767380952835083,0.7942126989364624,0.9767380952835083,0.7942126989364624,0.24715328216552734,0.6964156627655029,0.9767380952835083,0.1633239984512329,0.9767380952835083,0.1633239984512329,0.9283840656280518,0.1985812783241272
491,100,-0.7897784816768283,-0.21416953,0.6373673081141977,0.16794048903887626,0.6613758307628821,1.3130863904953003,0.13978934288024902,1.3130863904953003,0.13978934288024902,1.2520129680633545,0.13978934288024902,1.3130863904953003,0.31158676743507385,1.3130863904953003,0.31158676743507385,0.8726598620414734,0.852554976940155
492,100,-0.3627063654424662,-1.4514832,0.08073244958194259,1.0755152027170682,0.496606276591414,3.1340537071228027,0.9326815605163574,3.1340537071228027,0.9326815605163574,3.9430415630340576,1.27625572681427,1.2475266456604004,0.23292016983032227,1.2475266456604004,0.23292016983032227,1.4219419956207275,0.14407044649124146
493,100,-0.8319235326090371,-1.8093138,0.4364470341258849,0.10512803766326018,1.2467326152672882,3.547154188156128,1.2191671133041382,3.547154188156128,1.2191671133041382,4.4918212890625,1.2191671133041382,1.114752173423767,0.1632699966430664,1.114752173423767,0.1632699966430664,1.3661242723464966,0.15220260620117188
494,100,-0.284590186174237,-0.9728685,0.24889981465516575,0.6737155252507537,0.035424669855674495,1.9481815099716187,0.9869076013565063,1.9481815099716187,0.9869076013565063,2.722813129425049,0.9869076013565063,0.7139708399772644,0.3428862690925598,0.7139708399772644,0.3428862690925598,0.850439190864563,0.2373039722442627
495,100,0.015325764890055,-1.80229,0.5417100488627486,0.4788279522120751,0.7575814966176384,0.5962886810302734,0.9093437194824219,0.5962886810302734,0.9093437194824219,1.3144817352294922,0.9093437194824219,0.3081899881362915,0.11547839641571045,0.3081899881362915,0.11547839641571045,0.47523510456085205,0.24551182985305786
496,100,0.6468530310320293,-1.6206436,0.26124099508900844,0.6669731801983827,0.6225948825837001,0.8850307464599609,0.6001154184341431,0.8850307464599609,0.6001154184341431,1.418047308921814,0.9602029919624329,0.43976688385009766,0.11476504802703857,0.43976688385009766,0.11476504802703857,0.607234001159668,0.22355639934539795
497,100,1.334971880161182,-0.8649628,0.004106872935884964,0.2631044878633981,0.5996220788543987,1.390344262123108,0.8379209637641907,1.390344262123108,0.8379209637641907,1.9033929109573364,0.8379209637641907,0.6254689693450928,0.008668363094329834,0.6254689693450928,0.008668363094329834,0.736341118812561,0.09583386778831482
498,100,0.5398078281012744,0.31456554,0.4517021791119753,0.007675266629436905,0.2251139513866596,0.5018016695976257,0.5018016695976257,0.5018016695976257,0.5018016695976257,0.5205815434455872,0.28748688101768494,0.5018016695976257,0.012752830982208252,0.5018016695976257,0.012752830982208252,0.3880710005760193,0.1130046546459198
499,100,0.7128101233467529,1.5647839,0.8300691993580652,0.5732268881167948,0.2060307475171752,0.7913239002227783,0.7913239002227783,0.7913239002227783,0.7913239002227783,0.7529513239860535,1.4381086826324463,0.7913239002227783,0.01210641860961914,0.7913239002227783,0.01210641860961914,1.1147162914276123,0.27223020792007446
500,100,1.1506271954508556,1.7474911,0.35787087855572564,0.8853996311573636,0.4694262754517735,1.2275292873382568,1.6082606315612793,1.2275292873382568,1.6082606315612793,1.1808369159698486,2.281853675842285,1.2275292873382568,0.33071279525756836,1.2275292873382568,0.33071279525756836,1.5787709951400757,0.667425274848938
501,100,0.9848683848737156,2.2158306,0.48399117475061915,0.5617668320044005,1.1711359440102609,1.170379638671875,2.2069432735443115,1.170379638671875,2.2069432735443115,0.9397144317626953,2.2069432735443115,1.170379638671875,0.2542588710784912,1.170379638671875,0.2542588710784912,1.4438939094543457,0.43863463401794434
502,100,-1.505621328384492,1.736827,0.6201245102013662,0.5633439064582755,0.5709164330409358,0.5990877151489258,0.5990877151489258,0.5990877151489258,0.5990877151489258,0.5323114395141602,1.8440682888031006,0.5990877151489258,0.5185960531234741,0.5990877151489258,0.5185960531234741,0.8866031169891357,0.8118539452552795
503,100,-1.815543399850388,1.9348398,0.6189574225968922,0.7507386641557683,0.5608637220005401,0.7640410661697388,1.395002007484436,0.7640410661697388,1.395002007484436,1.2833211421966553,1.395002007484436,0.7640410661697388,0.47942209243774414,0.7640410661697388,0.47942209243774414,1.0795215368270874,0.7741354703903198
504,100,-1.8115829860844657,0.09369118,0.7722179248314543,0.45969947005055617,0.48077952731208706,2.1872591972351074,0.9487972855567932,2.1872591972351074,0.9487972855567932,1.4922465085983276,0.8546289801597595,0.9487972855567932,0.7911067605018616,0.9487972855567932,0.7911067605018616,0.4821135401725769,1.1872495412826538
505,100,-2.5352059872247956,-1.3819726,0.8587647153839111,0.854635497321506,0.34277717554397724,2.5577409267425537,1.0044987201690674,2.5577409267425537,1.0044987201690674,3.9743411540985107,2.274806261062622,1.0044987201690674,0.5460432767868042,1.0044987201690674,0.5460432767868042,1.6396524906158447,0.4198532700538635
506,100,-2.935881915879902,-2.660732,0.9305998879897688,0.9449021153574446,0.7604562479753005,0.656090259552002,1.3944252729415894,0.656090259552002,1.3944252729415894,1.8110251426696777,1.3944252729415894,0.5127830505371094,0.3601517677307129,0.5127830505371094,0.3601517677307129,0.9536041617393494,0.7673513889312744
507,100,-0.8131424605236428,-2.6799712,1.0302177604633513,0.8144456297927294,0.7763201682684346,0.9782277345657349,0.6203622817993164,0.9782277345657349,0.6203622817993164,2.018355369567871,1.5604619979858398,0.6203622817993164,0.4604778289794922,0.6203622817993164,0.4604778289794922,1.0904121398925781,0.9165060520172119
508,100,-1.0654373637201056,-2.227493,0.8975790924683877,0.7623057065986076,0.531848677360417,0.664654016494751,0.2937502861022949,0.664654016494751,0.2937502861022949,1.8080271482467651,0.7732183933258057,0.2937502861022949,0.1412961483001709,0.2937502861022949,0.1412961483001709,0.5334843397140503,0.31563258171081543
509,100,0.0235291509787605,-2.5391302,0.4530623313423594,1.0828389369296965,0.8908933537829784,1.5891841650009155,0.8126541376113892,1.5891841650009155,0.8126541376113892,4.461177349090576,2.292752265930176,0.5087485313415527,0.17719793319702148,0.5087485313415527,0.17719793319702148,1.1492012739181519,0.437160849571228
510,100,-0.7909976900220332,-2.2072594,0.588543943868777,0.5140091478824615,1.0252619305452737,2.3884634971618652,2.3551535606384277,2.3884634971618652,2.3551535606384277,3.2966196537017822,2.3551535606384277,0.9382277727127075,0.31810498237609863,0.9382277727127075,0.31810498237609863,1.3003523349761963,0.6190587878227234
511,100,0.706888002932947,-0.9605116,0.06059748246702579,0.5885650042918127,0.37668262477132053,1.3078422546386719,0.5878725051879883,1.3078422546386719,0.5878725051879883,2.179924249649048,1.0043467283248901,0.6031482219696045,0.014513969421386719,0.6031482219696045,0.014513969421386719,0.8115824460983276,0.18585890531539917
512,100,-0.9787136757058544,-1.4979035,0.5096603783033147,0.21945553362574355,0.6457039729733649,1.116949200630188,0.8897736072540283,1.116949200630188,0.8897736072540283,2.0877761840820312,0.8897736072540283,0.4790987968444824,0.009557723999023438,0.4790987968444824,0.009557723999023438,0.6914989948272705,0.18258768320083618
513,100,-1.5643942065877376,-0.8370048,0.05165927734264375,0.623260262662295,0.2750199569638858,1.7442837953567505,0.0482979416847229,1.7442837953567505,0.0482979416847229,2.31563138961792,0.03308051824569702,0.4736129641532898,0.3495514392852783,0.4736129641532898,0.3495514392852783,0.46485427021980286,0.3549208641052246
514,100,-0.0715520801842032,-0.83802116,0.5012184209686374,0.1581019231428703,0.5079436559178883,1.7136818170547485,0.5927364230155945,1.7136818170547485,0.5927364230155945,2.766230344772339,0.5927364230155945,0.5912054181098938,0.38958287239074707,0.5912054181098938,0.38958287239074707,0.8755021095275879,0.1996285617351532
515,100,-0.9222361349157724,-1.1476767,0.7230271519613019,0.6460112530699711,0.16306274775991714,2.1923654079437256,0.8555383682250977,2.1923654079437256,0.8555383682250977,3.52601957321167,1.6897790431976318,0.8555383682250977,0.4761260747909546,0.8555383682250977,0.4761260747909546,1.2726587057113647,0.28499025106430054
516,100,-1.0953528695201036,-1.7032852,0.23424048187640012,0.8908384186903792,0.6869641660018164,1.6419237852096558,0.6234946250915527,1.6419237852096558,0.6234946250915527,3.2621254920959473,1.232912302017212,0.5876621007919312,0.024393081665039062,0.5876621007919312,0.024393081665039062,0.8884003758430481,0.19218897819519043
517,100,-2.492645462489524,-1.6574848,0.46978066585113076,0.29942059378648556,1.024219873639726,2.2529895305633545,1.378809928894043,2.2529895305633545,1.378809928894043,3.209596633911133,1.378809928894043,0.8455703258514404,0.0244903564453125,0.8455703258514404,0.0244903564453125,1.0832008123397827,0.1714746356010437
518,100,-0.7237213906037041,-1.6751891,0.642540069994648,0.6904559529632894,0.37172238248051537,0.8400765657424927,0.8430454134941101,0.8400765657424927,0.8430454134941101,2.174766778945923,0.8430454134941101,0.3474414348602295,0.023714423179626465,0.3474414348602295,0.023714423179626465,0.5952434539794922,0.20817691087722778
519,100,-1.7243149191489315,-2.1712584,1.121796338215688,0.645927841819925,0.479807453212421,1.6094012260437012,0.773945689201355,1.6094012260437012,0.773945689201355,2.3323824405670166,1.3138998746871948,0.773945689201355,0.17989766597747803,0.773945689201355,0.17989766597747803,1.043922781944275,0.38099008798599243
520,100,-0.3206071588342919,-2.0105052,0.49297112556769696,1.1346275889189892,0.5358515834416617,1.9991629123687744,1.20595383644104,1.9991629123687744,1.20595383644104,2.9912590980529785,1.909325122833252,0.8160829544067383,0.2320549488067627,0.8160829544067383,0.2320549488067627,1.137050986289978,0.4054490327835083
521,100,-0.8100017123050385,-1.8898761,0.7094161285925977,0.4563531366871394,0.9441942173693187,1.4065711498260498,1.4517059326171875,1.4065711498260498,1.4517059326171875,3.010611057281494,1.4517059326171875,0.4847078323364258,0.13606500625610352,0.4847078323364258,0.13606500625610352,0.7707127332687378,0.3440709114074707
522,100,1.1679814384153004,-1.3674078,0.2733793071634376,0.8948259296798217,0.4627881432240155,1.8730556964874268,1.052980661392212,1.8730556964874268,1.052980661392212,2.6238181591033936,1.5804362297058105,0.8773520588874817,0.1287456750869751,0.8773520588874817,0.1287456750869751,1.136484146118164,0.3066616952419281
523,100,-1.3190593393871195,-1.4596462,0.5486596260456642,0.39388225656450837,0.7110525750782328,0.8146453499794006,0.6800539493560791,0.8146453499794006,0.6800539493560791,1.5576727390289307,0.6800539493560791,0.25318586826324463,0.05392348766326904,0.25318586826324463,0.05392348766326904,0.3972282111644745,0.15639495849609375
524,100,0.2024413837209728,-0.5299235,0.15473551706401356,0.6146909916370185,0.38100147120577776,1.4741764068603516,0.25517207384109497,1.4741764068603516,0.25517207384109497,2.556547164916992,0.1770375370979309,0.2844226360321045,0.4513956904411316,0.2844226360321045,0.4513956904411316,0.34012138843536377,0.425880491733551
525,100,-0.7572847801959722,-0.531199,0.6136383715428131,0.3426256230440232,0.5204258652410351,1.8429899215698242,0.6664555072784424,1.8429899215698242,0.6664555072784424,2.878431558609009,0.4337594211101532,0.6664555072784424,0.571550726890564,0.6664555072784424,0.571550726890564,0.9616138339042664,0.3809513449668884
526,100,-0.4510257048847862,-0.6632271,0.257726936476286,0.8808655784340556,0.01720578964684427,2.5762839317321777,0.6254338622093201,2.5762839317321777,0.6254338622093201,2.936230182647705,0.6254338622093201,0.7428478598594666,0.21988606452941895,0.7428478598594666,0.21988606452941895,0.6841408610343933,0.24034738540649414
527,100,-1.6196981787300977,-0.83563304,0.4292670040042539,0.2908218607908162,0.616802093454499,0.5199843645095825,0.11926537752151489,0.5199843645095825,0.11926537752151489,1.2260301113128662,0.11926537752151489,0.0672069787979126,0.010084748268127441,0.0672069787979126,0.010084748268127441,0.10979956388473511,0.01508408784866333
528,100,-1.6690925063301836,-0.88652426,0.46606980760892225,0.5604044455471625,0.2642929989818956,0.5422530174255371,0.27183955907821655,0.5422530174255371,0.27183955907821655,1.1699230670928955,0.27183955907821655,0.1490686535835266,0.02265322208404541,0.1490686535835266,0.02265322208404541,0.21045410633087158,0.03181415796279907
529,100,-0.4968435800982858,-0.86628574,0.5076891922382348,0.3623723795003806,0.5156860159729252,0.030868828296661377,0.17687654495239258,0.030868828296661377,0.17687654495239258,0.4639813303947449,0.17687654495239258,0.019395828247070312,0.017725348472595215,0.019395828247070312,0.017725348472595215,0.06055933237075806,0.046958863735198975
530,100,-1.5396998171089316,-1.0368102,0.5732343913251181,0.6098222886676232,0.36070413600743034,0.21498757600784302,0.2283352017402649,0.21498757600784302,0.2283352017402649,1.1641616821289062,0.2283352017402649,0.06853228807449341,0.013471841812133789,0.06853228807449341,0.013471841812133789,0.14843374490737915,0.048798590898513794
531,100,-1.6418940360154042,-0.7918089,0.4309970415821396,0.540352741256356,0.35919223712353987,0.15801012516021729,0.08181041479110718,0.15801012516021729,0.08181041479110718,0.2309800386428833,0.08181041479110718,0.05156034231185913,0.02545863389968872,0.05156034231185913,0.02545863389968872,0.06668537855148315,0.037870317697525024
532,100,-0.7423912571235425,-0.8895699,0.4539301696255854,0.3597887135094793,0.588573847746931,0.2141571044921875,0.22437238693237305,0.2141571044921875,0.22437238693237305,0.8462966680526733,0.22437238693237305,0.08293962478637695,0.04529714584350586,0.08293962478637695,0.04529714584350586,0.10479861497879028,0.02944958209991455
533,100,-0.3880092859865514,-0.7204869,0.5166626853541921,0.4844724970687295,0.28870856134009726,0.23798692226409912,0.02961510419845581,0.23798692226409912,0.02961510419845581,0.7614759206771851,0.14137279987335205,0.02961510419845581,0.01080995798110962,0.02961510419845581,0.01080995798110962,0.08549395203590393,0.03242853283882141
534,100,-3.2704993143471865,-0.786975,0.4205095950270846,0.5177935375944036,0.46074588215330625,0.0738365650177002,0.05777478218078613,0.0738365650177002,0.05777478218078613,0.37807345390319824,0.13198769092559814,0.03088611364364624,0.012480616569519043,0.03088611364364624,0.012480616569519043,0.05434530973434448,0.029146462678909302
535,100,-1.2237749997851255,-0.8778678,0.4256490247893785,0.4867647472781822,0.44671977258885853,0.07869160175323486,0.09369027614593506,0.07869160175323486,0.09369027614593506,0.4563717544078827,0.1681649088859558,0.04610633850097656,0.037747740745544434,0.04610633850097656,0.037747740745544434,0.07494592666625977,0.059778034687042236
536,100,-0.3903464464601576,-0.6732616,0.4274431573054226,0.2884998681004515,0.519600106422434,0.016273915767669678,0.07935935258865356,0.016273915767669678,0.07935935258865356,0.9630613327026367,0.07935935258865356,0.01296079158782959,0.015869855880737305,0.01296079158782959,0.015869855880737305,0.07351776957511902,0.09142926335334778
537,100,-2.004739806120961,-1.0803223,0.39038546580526834,0.7203081692360933,0.29695269547377245,1.0837243795394897,0.31089770793914795,1.0837243795394897,0.31089770793914795,2.1367502212524414,0.31089770793914795,0.20671957731246948,0.023267269134521484,0.20671957731246948,0.023267269134521484,0.2588086426258087,0.04187166690826416
538,100,1.0817196532359068,-1.0456643,0.328703619565341,0.43390497108889403,0.6900171732843638,0.8448739647865295,0.19158607721328735,0.8448739647865295,0.19158607721328735,2.5758137702941895,0.19158607721328735,0.07244938611984253,0.003880739212036133,0.07244938611984253,0.003880739212036133,0.11147314310073853,0.024760782718658447
539,100,-2.4666263122873824,-0.9173288,0.5829089140308272,0.3481124875702195,0.4451816914622315,0.4048474431037903,0.037009358406066895,0.4048474431037903,0.037009358406066895,0.8830353617668152,0.19169676303863525,0.037009358406066895,0.0116729736328125,0.037009358406066895,0.0116729736328125,0.08235618472099304,0.02248913049697876
540,100,-1.0110158903624904,-0.7487547,0.11383641996385707,0.7145088742586347,0.3941933945256615,1.583028793334961,0.02141362428665161,1.583028793334961,0.02141362428665161,3.1805472373962402,0.0032647252082824707,0.16071873903274536,0.12315189838409424,0.16071873903274536,0.12315189838409424,0.18777704238891602,0.11655953526496887
541,100,-3.28248583985177,-0.84419954,0.5435546009042829,0.06429547255801182,0.682233365617462,1.6003888845443726,0.018242597579956055,1.6003888845443726,0.018242597579956055,4.132605075836182,0.018242597579956055,0.008072614669799805,0.02281475067138672,0.008072614669799805,0.02281475067138672,0.17031186819076538,0.06726372241973877
542,100,-2.166110866301561,-0.9451352,0.3907726853957906,0.9549204110203124,0.09589743808782392,2.9314591884613037,0.6789330244064331,2.9314591884613037,0.6789330244064331,3.9099531173706055,0.6789330244064331,0.37156856060028076,0.029600858688354492,0.37156856060028076,0.029600858688354492,0.5252507925033569,0.03627026081085205
543,100,-1.6064655957201244,-0.7418256,0.2703373060654529,0.3303191398632076,0.5050310767751789,0.15743601322174072,0.06049478054046631,0.15743601322174072,0.06049478054046631,0.2835873067378998,0.06049478054046631,0.0463637113571167,0.333060622215271,0.0463637113571167,0.333060622215271,0.06349921226501465,0.2986713647842407
544,100,-2.4676645165864253,-1.0479677,0.5444767953911192,0.5715654574437032,0.3216132009177888,0.21315127611160278,0.16256368160247803,0.21315127611160278,0.16256368160247803,1.434563159942627,0.16256368160247803,0.09521692991256714,0.03983712196350098,0.09521692991256714,0.03983712196350098,0.12889030575752258,0.04545667767524719
545,100,-2.5793200983662676,-1.2950269,0.3893654200526857,0.6520523614797396,0.6389058078687215,0.25037717819213867,0.1044238805770874,0.25037717819213867,0.1044238805770874,1.1776340007781982,0.37488532066345215,0.20473039150238037,0.12624311447143555,0.20473039150238037,0.12624311447143555,0.24481302499771118,0.08666813373565674
546,100,-2.7847451912732004,-1.147892,0.4015598525117148,0.4756259178787572,0.6306064720185558,0.09050726890563965,0.21516817808151245,0.09050726890563965,0.21516817808151245,0.18955475091934204,0.21516817808151245,0.06239151954650879,0.18064498901367188,0.06239151954650879,0.18064498901367188,0.09805178642272949,0.12122678756713867
547,100,-4.30150580530441,-1.4061304,0.46547338701912633,0.6136198360792962,0.549747156856191,0.23805713653564453,0.11939668655395508,0.23805713653564453,0.11939668655395508,0.35945677757263184,0.3606836795806885,0.1836162805557251,0.08450973033905029,0.1836162805557251,0.08450973033905029,0.23048818111419678,0.07899206876754761
548,100,-3.22343873849999,-1.3880029,0.47619215972542395,0.6362880916683533,0.5749593128760654,0.159140944480896,0.09389209747314453,0.159140944480896,0.09389209747314453,0.17967772483825684,0.3824138641357422,0.15378642082214355,0.10178077220916748,0.15378642082214355,0.10178077220916748,0.1636795997619629,0.06403905153274536
549,100,-2.469050585604249,-1.5369036,0.5541588979488385,0.6038513041239015,0.5763871576573021,0.16887497901916504,0.18165802955627441,0.16887497901916504,0.18165802955627441,0.28900909423828125,0.8366211652755737,0.15986251831054688,0.12269425392150879,0.15986251831054688,0.12269425392150879,0.21345245838165283,0.12333834171295166
550,100,-4.027520355479644,-1.7710022,0.5799815806198569,0.7238140706600193,0.5044709491028203,0.44895100593566895,0.37351858615875244,0.44895100593566895,0.37351858615875244,0.8682504892349243,0.37351858615875244,0.33593547344207764,0.1199876070022583,0.33593547344207764,0.1199876070022583,0.35472702980041504,0.18240517377853394
551,100,-2.357580615536481,-1.6474968,0.4800340241634151,0.6862247491261801,0.5458176919735993,0.3163316249847412,0.23532605171203613,0.3163316249847412,0.23532605171203613,0.9806369543075562,0.49906086921691895,0.26744747161865234,0.05045902729034424,0.26744747161865234,0.05045902729034424,0.31947624683380127,0.10616207122802734
552,100,-2.88221229921107,-1.5823026,0.4366977621906809,0.5255662376425931,0.5468275485579501,0.15410733222961426,0.32610535621643066,0.15410733222961426,0.32610535621643066,0.24225354194641113,0.32610535621643066,0.10139703750610352,0.09116721153259277,0.10139703750610352,0.09116721153259277,0.1537015438079834,0.09459006786346436
553,100,-3.0376076547798303,-1.7451336,0.34041295998771415,0.7275767859545152,0.5431093210962527,0.35711610317230225,0.13884353637695312,0.35711610317230225,0.13884353637695312,0.5493223667144775,0.35248661041259766,0.2843371629714966,0.1397155523300171,0.2843371629714966,0.1397155523300171,0.3159753680229187,0.07451879978179932
554,100,-3.638222818221157,-1.709291,0.40531050556265713,0.5246834884016838,0.6183354147482674,0.22575151920318604,0.5501595735549927,0.22575151920318604,0.5501595735549927,0.6697732210159302,0.5501595735549927,0.10648858547210693,0.08421981334686279,0.10648858547210693,0.08421981334686279,0.17879372835159302,0.09110653400421143
555,100,-0.1273744695353071,-1.9962845,0.7437097770241934,0.6755336570422266,0.492922561351991,0.7229388952255249,0.4449441432952881,0.7229388952255249,0.4449441432952881,1.4832223653793335,0.9369287490844727,0.4449441432952881,0.2168792486190796,0.4449441432952881,0.2168792486190796,0.6909364461898804,0.4237924814224243
556,100,-4.1062622330563405,-1.7920665,0.4398915410886719,0.5468723893011969,0.4841698626651594,0.2004222869873047,0.2482621669769287,0.2004222869873047,0.2482621669769287,0.3628077507019043,0.7343811988830566,0.1897594928741455,0.016792654991149902,0.1897594928741455,0.016792654991149902,0.26756811141967773,0.11672502756118774
557,100,-1.0375520572809729,-1.9149934,0.18942267858644124,0.9267242845992764,0.673837228111692,2.4896130561828613,0.6294976472854614,2.4896130561828613,0.6294976472854614,4.577333450317383,1.7018629312515259,0.5896185636520386,0.02799248695373535,0.5896185636520386,0.02799248695373535,1.1105730533599854,0.25952625274658203
558,100,-2.6836449932413045,-1.5709463,0.5438124394473138,0.0897029190359453,0.6095169597014116,1.3186253309249878,0.9251017570495605,1.3186253309249878,0.9251017570495605,4.23669958114624,0.9251017570495605,0.1882309913635254,0.00876009464263916,0.1882309913635254,0.00876009464263916,0.5211768746376038,0.04232662916183472
559,100,-1.6226588833128317,-1.5992898,0.3339615304957553,0.9734091799181348,0.04495849734319446,2.8215384483337402,1.5570279359817505,2.8215384483337402,1.5570279359817505,3.494417667388916,1.5570279359817505,1.0273849964141846,0.02150702476501465,1.0273849964141846,0.02150702476501465,1.2922065258026123,0.15631985664367676
560,100,-1.7366664978510251,-1.8499576,0.5089023630694836,0.2929995591236967,0.7726992366905882,1.8854345083236694,1.6790658235549927,1.8854345083236694,1.6790658235549927,3.933088779449463,1.6790658235549927,0.3643869161605835,0.08053004741668701,0.3643869161605835,0.08053004741668701,0.7147287726402283,0.2214573621749878
561,100,-1.0677010796236632,-1.7263527,0.4047990942124241,0.6419653911719616,0.29343619742958826,1.2431185245513916,1.0699607133865356,1.2431185245513916,1.0699607133865356,2.3607912063598633,1.0699607133865356,0.5103408098220825,0.18184852600097656,0.5103408098220825,0.18184852600097656,0.7901507616043091,0.38133758306503296
562,100,-3.2214746160790297,-1.7351782,0.42272698636009903,0.4043783389825595,0.5123974463015897,0.5136487483978271,1.3957324028015137,0.5136487483978271,1.3957324028015137,1.155348300933838,1.3957324028015137,0.2728297710418701,0.22458171844482422,0.2728297710418701,0.22458171844482422,0.4899078607559204,0.428605318069458
563,100,-2.791808324124448,-1.6013427,0.2837218913054447,0.4671805311135204,0.45225278807234304,0.5379854440689087,0.6243979334831238,0.5379854440689087,0.6243979334831238,1.5542256832122803,1.30531907081604,0.332710862159729,0.1871051788330078,0.332710862159729,0.1871051788330078,0.5829774141311646,0.3770245909690857
564,100,-2.6238431291866298,-1.894854,0.5232042223151094,0.2201744875969862,0.3752870554827739,1.3039237260818481,0.4597591161727905,1.3039237260818481,0.4597591161727905,2.3243186473846436,1.4875415563583374,0.4597591161727905,0.15449905395507812,0.4597591161727905,0.15449905395507812,0.6961257457733154,0.33906006813049316
565,100,-3.0305211607575173,-1.8155168,0.494017547335719,0.6190003103791029,0.20873033690595943,1.2203888893127441,1.2511918544769287,1.2203888893127441,1.2511918544769287,3.1862196922302246,1.2511918544769287,0.4821981191635132,0.10692393779754639,0.4821981191635132,0.10692393779754639,0.866694986820221,0.3202667832374573
566,100,-1.4475213923413646,-2.0488732,0.5374852801413883,0.5318402980559881,0.44711192574390424,0.45187628269195557,0.45187628269195557,0.45187628269195557,0.45187628269195557,1.3004059791564941,1.2205817699432373,0.45187628269195557,0.37004005908966064,0.45187628269195557,0.37004005908966064,0.8362290263175964,0.7302948832511902
567,100,-1.099212670925824,-1.9256017,0.4545534349133056,0.4161188436153626,0.3648958181981572,0.45963871479034424,0.3432338237762451,0.45963871479034424,0.3432338237762451,1.1174571514129639,0.9647873044013977,0.3432338237762451,0.30244553089141846,0.3432338237762451,0.30244553089141846,0.654010534286499,0.5800434947013855
568,100,-1.1463975880496435,-1.6804956,0.22416619692138617,0.3680138577838327,0.2721517498947398,0.8428288698196411,0.7732956409454346,0.8428288698196411,0.7732956409454346,1.7708991765975952,1.3763822317123413,0.3894476890563965,0.2877371311187744,0.3894476890563965,0.2877371311187744,0.6360892653465271,0.462993860244751
569,100,-0.9479157139654988,-1.5180011,0.12804556907477904,0.1796432870897845,0.3175114529252151,0.8327093720436096,1.087083101272583,0.8327093720436096,1.087083101272583,1.4065070152282715,1.087083101272583,0.382565975189209,0.21880221366882324,0.382565975189209,0.21880221366882324,0.5654758214950562,0.358823299407959
570,100,-0.3342435114369865,-1.7667041,0.10150773933355778,0.11765811571857787,0.15891176626035003,0.319919228553772,0.8054189085960388,0.319919228553772,0.8054189085960388,0.6087324619293213,0.8054189085960388,0.24065279960632324,0.18925952911376953,0.24065279960632324,0.18925952911376953,0.37365829944610596,0.3011009693145752
571,100,-0.2328480411706268,-1.0074552,0.05100762632857911,0.0840914000555413,0.0631059480773416,0.3681180477142334,0.6135033369064331,0.3681180477142334,0.6135033369064331,0.6525992155075073,0.8751435279846191,0.312505304813385,0.28057754039764404,0.312505304813385,0.28057754039764404,0.436474472284317,0.40330496430397034
572,100,-0.9866570784239288,-0.75846726,0.22370613816984752,0.009617730155843357,0.05809559575778098,0.12152355909347534,0.12152355909347534,0.12152355909347534,0.12152355909347534,0.580631673336029,0.7375907897949219,0.12152355909347534,0.3925854563713074,0.12152355909347534,0.3925854563713074,0.2574235796928406,0.5149211883544922
573,100,-0.139977891918377,-0.68306595,0.1746653764287836,0.14052212459140823,0.0008296941781474332,0.06778180599212646,0.06778180599212646,0.06778180599212646,0.06778180599212646,0.19810184836387634,0.16790902614593506,0.06778180599212646,0.22305402159690857,0.06778180599212646,0.22305402159690857,0.11784541606903076,0.27015745639801025
574,100,1.1214796345314766,-0.7699684,0.003645705270398536,0.17237027208368794,0.1145228341452239,0.053845107555389404,0.2914891839027405,0.053845107555389404,0.2914891839027405,0.1188122034072876,0.33793291449546814,0.053845107555389404,0.2415471076965332,0.053845107555389404,0.2415471076965332,0.07911452651023865,0.26607564091682434
575,100,1.028127118787569,-0.6943205,0.22484526092577,0.00455703853895173,0.15528037434258218,0.04307979345321655,0.04307979345321655,0.04307979345321655,0.04307979345321655,0.11082738637924194,0.34628021717071533,0.04307979345321655,0.2637104392051697,0.04307979345321655,0.2637104392051697,0.06748420000076294,0.28511500358581543
576,100,1.6547384484196117,-0.1849673,0.5298464981634234,0.20406291149620648,0.02643598906721445,0.2512897253036499,0.2512897253036499,0.2512897253036499,0.2512897253036499,0.021829113364219666,0.21940000355243683,0.2512897253036499,0.12436265498399734,0.2512897253036499,0.12436265498399734,0.23534485697746277,0.13470393419265747
577,100,1.6008131151891545,0.011216834,0.4917476016746454,0.4551460850740626,0.11437021069791953,0.1501333862543106,0.16889379918575287,0.1501333862543106,0.16889379918575287,0.3672667145729065,0.39141589403152466,0.16889379918575287,0.008747339248657227,0.16889379918575287,0.008747339248657227,0.28015485405921936,0.07587897777557373
578,100,-0.4403589151180387,-0.0027873218,0.46187659568086115,0.31476732305030225,0.2139438363848275,0.06118527054786682,0.06118527054786682,0.06118527054786682,0.06118527054786682,0.08297306299209595,0.13176509737968445,0.06118527054786682,0.03028041124343872,0.06118527054786682,0.03028041124343872,0.09647518396377563,0.052246496081352234
579,100,2.05776973755248,0.07189235,0.5440005357425237,0.3763663615148091,0.19028310400923498,0.13020449876785278,0.1376006156206131,0.13020449876785278,0.1376006156206131,0.22922256588935852,0.23898862302303314,0.1376006156206131,0.013822823762893677,0.1376006156206131,0.013822823762893677,0.18829461932182312,0.04163365066051483
580,100,0.3445031613824582,0.2649923,0.2045524789346862,0.5865781557621413,0.4138953927712341,0.148577019572258,0.06330190598964691,0.148577019572258,0.06330190598964691,0.32861393690109253,0.22524453699588776,0.15634308755397797,0.06982606649398804,0.15634308755397797,0.06982606649398804,0.24840930104255676,0.04115667939186096
581,100,0.4871152147606005,0.42149624,0.7593432936202927,0.1397512313746605,0.38221831423873764,0.3389727473258972,0.3389727473258972,0.3389727473258972,0.3389727473258972,0.4716516137123108,0.44935470819473267,0.3389727473258972,0.037129491567611694,0.3389727473258972,0.037129491567611694,0.442034512758255,0.049748942255973816
582,100,0.8528656849472699,0.15671021,0.3688264956307369,0.6086312678108101,0.11828946795865025,0.21123084425926208,0.2879987955093384,0.21123084425926208,0.2879987955093384,0.016663238406181335,0.2879987955093384,0.21123084425926208,0.02063131332397461,0.21123084425926208,0.02063131332397461,0.24961481988430023,0.024299710988998413
583,100,0.320549720136112,0.045355618,0.37435505313869183,0.28348675628810405,0.29845873033467857,0.049173444509506226,0.04997909069061279,0.049173444509506226,0.04997909069061279,0.009373575448989868,0.15569934248924255,0.04997909069061279,0.019760966300964355,0.04997909069061279,0.019760966300964355,0.08457492291927338,0.05371201038360596
584,100,1.9173437403833509,0.0384594,0.42079287520977837,0.31570178790088377,0.20141879337938995,0.12984934449195862,0.12984934449195862,0.12984934449195862,0.12984934449195862,0.1489601582288742,0.21140938997268677,0.12984934449195862,0.029187478125095367,0.12984934449195862,0.029187478125095367,0.1706293672323227,0.06360223889350891
585,100,0.5553713928023047,0.027139395,0.37457841770448214,0.4150615969474373,0.21261062846867929,0.10434778779745102,0.1752888560295105,0.10434778779745102,0.1752888560295105,0.062249064445495605,0.1752888560295105,0.10434778779745102,0.029240772128105164,0.10434778779745102,0.029240772128105164,0.13981832563877106,0.06002173572778702
586,100,1.0719769880805776,0.47296494,0.7169923654859855,0.3199741850003819,0.35032254664300955,0.3368174433708191,0.3368174433708191,0.3368174433708191,0.3368174433708191,0.31417256593704224,0.5473463535308838,0.3368174433708191,0.03398093581199646,0.3368174433708191,0.03398093581199646,0.4005025029182434,0.07654286921024323
587,100,-0.0724012140715829,0.29482478,0.4331173351693808,0.6006499880931222,0.17257687014197964,0.1404181718826294,0.23788908123970032,0.1404181718826294,0.23788908123970032,0.059331417083740234,0.23788908123970032,0.1404181718826294,0.0094757080078125,0.1404181718826294,0.0094757080078125,0.18915362656116486,0.03483131527900696
588,100,-0.5570718395625769,0.5064999,0.5306234148001345,0.3521793430024611,0.40501174413922314,0.0237615704536438,0.14848369359970093,0.0237615704536438,0.14848369359970093,0.14824911952018738,0.4219055473804474,0.14848369359970093,0.04934728145599365,0.14848369359970093,0.04934728145599365,0.23135390877723694,0.117701455950737
589,100,-1.6489664178874357,0.29390603,0.30171949340869064,0.5019233499964078,0.297554631298248,0.12848681211471558,0.11367040872573853,0.12848681211471558,0.11367040872573853,0.05162620544433594,0.11367040872573853,0.12848681211471558,0.041427671909332275,0.12848681211471558,0.041427671909332275,0.12107861042022705,0.03503581881523132
590,100,0.0677677825112845,-0.28723052,0.09968737210707157,0.24702008523021346,0.4884816376793222,0.25429102778434753,0.058300405740737915,0.25429102778434753,0.058300405740737915,0.10035249590873718,0.058300405740737915,0.25429102778434753,0.15348118543624878,0.25429102778434753,0.15348118543624878,0.24207666516304016,0.16261757910251617
591,100,-0.7541094890287801,-0.7413791,0.21445308963662577,0.14008230812002712,0.23138551510025546,0.018700480461120605,0.7433220148086548,0.018700480461120605,0.7433220148086548,0.9767300486564636,0.7433220148086548,0.018700480461120605,0.193587064743042,0.018700480461120605,0.193587064743042,0.30559873580932617,0.4624975025653839
592,100,0.0370658508891239,-0.5937015,0.2910109431150007,0.18265815048648154,0.09768924877348373,0.022421181201934814,0.022421181201934814,0.022421181201934814,0.022421181201934814,0.8398397564888,0.4755384624004364,0.022421181201934814,0.141717791557312,0.022421181201934814,0.141717791557312,0.2489798218011856,0.37480321526527405
593,100,-0.2631502081520629,-0.62735265,0.060190351186656305,0.2732539260033852,0.11004602585585552,0.02098870277404785,0.23616164922714233,0.02098870277404785,0.23616164922714233,0.5234838128089905,0.5498875379562378,0.02098870277404785,0.256511926651001,0.02098870277404785,0.256511926651001,0.17154085636138916,0.41063612699508667
594,100,-0.595115969198494,-0.19604358,0.3072446508499509,0.07663192243164862,0.2460969034134317,0.002065032720565796,0.012049615383148193,0.002065032720565796,0.012049615383148193,0.016071096062660217,0.16695286333560944,0.012049615383148193,0.1888951063156128,0.012049615383148193,0.1888951063156128,0.019089363515377045,0.18328937888145447
595,100,0.0939225820219457,-0.27690044,0.21336444529394316,0.3153953655235646,0.08507148428624867,0.011105269193649292,0.07135665416717529,0.011105269193649292,0.07135665416717529,0.16069373488426208,0.07135665416717529,0.011105269193649292,0.1515892893075943,0.011105269193649292,0.1515892893075943,0.04123096168041229,0.1886904537677765
596,100,1.44269921053596,-0.37556368,0.14371261866027152,0.22567010568486867,0.26487491331047197,0.007069766521453857,0.19552387297153473,0.007069766521453857,0.19552387297153473,0.11503791809082031,0.19552387297153473,0.007069766521453857,0.15027959644794464,0.007069766521453857,0.15027959644794464,0.030153676867485046,0.17564496397972107
597,100,-1.0555071519915726,-0.5428828,0.3347660096112599,0.10793544217636886,0.17453144544485932,0.03612858057022095,0.03612858057022095,0.03612858057022095,0.03612858057022095,0.12426722049713135,0.2324131727218628,0.03612858057022095,0.20362001657485962,0.03612858057022095,0.20362001657485962,0.036069124937057495,0.23408550024032593
598,100,0.6943343936557937,0.075365424,0.635371446084628,0.2674219009988138,0.08477394434837826,0.333448588848114,0.333448588848114,0.333448588848114,0.333448588848114,0.07380653917789459,0.35740935802459717,0.333448588848114,0.07629694044589996,0.333448588848114,0.07629694044589996,0.3454289734363556,0.06868100166320801
599,100,0.2737436858122961,-0.15507331,0.012202032064039692,0.5997289544758724,0.1949711098268474,0.2533574402332306,0.0352005660533905,0.2533574402332306,0.0352005660533905,0.11547675728797913,0.02355647087097168,0.2533574402332306,0.22781363129615784,0.2533574402332306,0.22781363129615784,0.2604888081550598,0.22473138570785522
600,100,-0.9265990235073844,0.075542495,0.47865702874984123,0.055613097251485666,0.43872280720992596,0.0074399858713150024,0.1196633130311966,0.0074399858713150024,0.1196633130311966,0.13668528199195862,0.07330365478992462,0.1196633130311966,0.1163950264453888,0.1196633130311966,0.1163950264453888,0.21303516626358032,0.07582461088895798
601,100,0.7381512780218482,-0.03505287,0.40939990371542495,0.5328249563991101,0.009479918123520559,0.1809895783662796,0.2642439901828766,0.1809895783662796,0.2642439901828766,0.13990092277526855,0.2642439901828766,0.1809895783662796,0.06937304884195328,0.1809895783662796,0.06937304884195328,0.2226167917251587,0.04001307860016823
602,100,-0.1933986878822927,-0.12328096,0.08133083668975893,0.39096256985594746,0.35246221631560515,0.020078197121620178,0.15166492760181427,0.020078197121620178,0.15166492760181427,0.04204566776752472,0.09226056933403015,0.0434010773897171,0.1838289052248001,0.0434010773897171,0.1838289052248001,0.08150961995124817,0.15787801146507263
603,100,1.3660186818768782,-0.007928565,0.4545453369515048,0.07439413810104045,0.31600036239091467,0.13814471662044525,0.13814471662044525,0.13814471662044525,0.13814471662044525,0.10637558996677399,0.012242496013641357,0.13814471662044525,0.14180946350097656,0.13814471662044525,0.14180946350097656,0.16375483572483063,0.12846742570400238
604,100,1.2431839586151214,0.04088515,0.24746287109720755,0.5190187787182655,0.07179758333540232,0.16301769018173218,0.1164427176117897,0.16301769018173218,0.1164427176117897,0.061266690492630005,0.1164427176117897,0.16301769018173218,0.10327641665935516,0.16301769018173218,0.10327641665935516,0.13973020017147064,0.11882691085338593
605,100,0.396156836572573,0.366108,0.5947330407414242,0.2334329547341334,0.41355575859239413,0.212990865111351,0.212990865111351,0.212990865111351,0.212990865111351,0.22629694640636444,0.28204649686813354,0.212990865111351,0.017103731632232666,0.212990865111351,0.017103731632232666,0.26746803522109985,0.029820352792739868
606,100,3.1002335843044664,0.4435443,0.5133718001268983,0.49719108175166293,0.18925092479412498,0.08038520812988281,0.09663796424865723,0.08038520812988281,0.09663796424865723,0.25477898120880127,0.2797197103500366,0.09663796424865723,0.012748479843139648,0.09663796424865723,0.012748479843139648,0.18817883729934692,0.05078801512718201
607,100,2.184502047866834,0.49840343,0.35884632407031547,0.496349601043049,0.3599332988748639,0.07588297128677368,0.14856964349746704,0.07588297128677368,0.14856964349746704,0.16444265842437744,0.2567812502384186,0.08855646848678589,0.04440748691558838,0.08855646848678589,0.04440748691558838,0.13595502078533173,0.07368889451026917
608,100,0.6885556578001057,0.5089486,0.6224211130380835,0.27045050247402735,0.35464299794068865,0.06336209177970886,0.06336209177970886,0.06336209177970886,0.06336209177970886,0.030602246522903442,0.2624379098415375,0.06336209177970886,0.010954171419143677,0.06336209177970886,0.010954171419143677,0.12602084875106812,0.029708176851272583
609,100,1.5672195823149369,0.77118385,0.5791683103313151,0.6770160711303201,0.2863568549918143,0.09864068031311035,0.3050840497016907,0.09864068031311035,0.3050840497016907,0.17182785272598267,0.3050840497016907,0.09864068031311035,0.009848356246948242,0.09864068031311035,0.009848356246948242,0.2018623650074005,0.038937151432037354
610,100,-1.088756002673417,0.58686996,0.4109528630818289,0.5485752774882563,0.3689234784813885,0.03504347801208496,0.1801307201385498,0.03504347801208496,0.1801307201385498,0.011359095573425293,0.1801307201385498,0.08729121088981628,0.04010772705078125,0.08729121088981628,0.04010772705078125,0.13371096551418304,0.07452608644962311
611,100,0.4052950510647327,0.53170705,0.5199496851293083,0.34200134972283214,0.3767487933359963,0.03523591160774231,0.10036012530326843,0.03523591160774231,0.10036012530326843,0.13179239630699158,0.3442540466785431,0.10036012530326843,0.02730274200439453,0.10036012530326843,0.02730274200439453,0.16249489784240723,0.07203897833824158
612,100,-3.4284887478095984,0.34189022,0.03344169172019895,0.7155130383177721,0.3274425425377908,0.2209574282169342,0.006297945976257324,0.2209574282169342,0.006297945976257324,0.1978219747543335,0.06807827949523926,0.2209574282169342,0.15905910730361938,0.2209574282169342,0.15905910730361938,0.27711835503578186,0.14373314380645752
613,100,0.1626812703217239,0.29750806,0.4293424350904024,0.03371533353355327,0.5507432822381304,0.1927657574415207,0.013948380947113037,0.1927657574415207,0.013948380947113037,0.059495970606803894,0.013948380947113037,0.1927657574415207,0.14757663011550903,0.1927657574415207,0.14757663011550903,0.2456149458885193,0.1286674439907074
614,100,-1.9260740137795185,-0.98102844,0.6771760008000219,0.3818027217747624,0.006424722367340929,1.2429677248001099,1.0226153135299683,1.2429677248001099,1.0226153135299683,1.2181525230407715,0.928183913230896,1.0226153135299683,0.31145352125167847,1.0226153135299683,0.31145352125167847,0.9753996133804321,0.26027682423591614
615,100,-0.9905758574472292,-0.89762735,0.2655451408430576,0.7009520251623955,0.3129458269072358,1.2454859018325806,1.0070958137512207,1.2454859018325806,1.0070958137512207,1.2382867336273193,0.9529419541358948,1.0414729118347168,0.05785214900970459,1.0414729118347168,0.05785214900970459,1.0156477689743042,0.11295539140701294
616,100,-0.7294153895451132,-1.221777,0.3618734784526719,0.37292719003824426,0.6411361658491219,1.443906307220459,1.5710525512695312,1.443906307220459,1.5710525512695312,1.4179613590240479,1.5710525512695312,1.1069684028625488,0.863000750541687,1.1069684028625488,0.863000750541687,1.0820924043655396,0.8220603466033936
617,100,0.8020211901765704,-0.66558444,0.008454051649652516,0.2732270020236263,0.3448742533877133,0.04960036277770996,0.8045763969421387,0.04960036277770996,0.8045763969421387,0.8026909828186035,0.8045763969421387,0.04960036277770996,0.35522258281707764,0.04960036277770996,0.35522258281707764,0.3182522654533386,0.5877237915992737
618,100,-0.4361852777709417,-1.1418266,0.009341436492669664,0.08122671036132956,0.312446660925458,0.9852876663208008,1.2792643308639526,0.9852876663208008,1.2792643308639526,1.2981294393539429,1.2792643308639526,0.7049691677093506,0.29846853017807007,0.7049691677093506,0.29846853017807007,0.8813619017601013,0.5233254432678223
619,100,-0.4337113505267063,-0.2210524,0.5108243356109996,0.041894667778689,0.014764762371522355,0.30151474475860596,0.30151474475860596,0.30151474475860596,0.30151474475860596,0.47056183218955994,0.013296008110046387,0.30151474475860596,0.3283366560935974,0.30151474475860596,0.3283366560935974,0.15740537643432617,0.42516106367111206
620,100,-0.2329200006364541,0.08756361,0.13847506622370975,0.5086781332250109,0.07922074594294914,0.23898419737815857,0.09666649252176285,0.23898419737815857,0.09666649252176285,0.2252708375453949,0.09666649252176285,0.23898419737815857,0.15448370575904846,0.23898419737815857,0.15448370575904846,0.1678253412246704,0.20793062448501587
621,100,-1.1180653885085503,0.19725795,0.2074677208982587,0.21916545081333194,0.4631115209912926,0.13101908564567566,0.0895521491765976,0.13101908564567566,0.0895521491765976,0.1973808854818344,0.0895521491765976,0.13101908564567566,0.09982167184352875,0.13101908564567566,0.09982167184352875,0.07183557748794556,0.13787372410297394
622,100,-1.5327597530427852,0.049645543,0.27459474043645404,0.24941847601399791,0.2349169360812996,0.06631931662559509,0.06631931662559509,0.06631931662559509,0.06631931662559509,0.23208943009376526,0.18694138526916504,0.06631931662559509,0.09061959385871887,0.06631931662559509,0.09061959385871887,0.12663035094738007,0.1450038105249405
623,100,-1.729725697117498,-0.37187508,0.08615779922474992,0.2485838780912517,0.15970663223063536,0.10179251432418823,0.5161416530609131,0.10179251432418823,0.5161416530609131,0.27775871753692627,0.6134863495826721,0.10179251432418823,0.4347052574157715,0.10179251432418823,0.4347052574157715,0.1648281216621399,0.4891778230667114
624,100,-2.7490816447203503,-0.75440055,0.21776426941655652,0.07713575108149634,0.19435133079316513,0.9237986207008362,0.5529012680053711,0.9237986207008362,0.5529012680053711,0.9653422832489014,0.9578100442886353,0.5529012680053711,0.45839911699295044,0.5529012680053711,0.45839911699295044,0.583776593208313,0.485700398683548
625,100,-2.3891778105859904,-1.3975505,0.31827982453008496,0.2759687984394248,0.10663639292556204,0.8495301008224487,0.5986852645874023,0.8495301008224487,0.5986852645874023,1.6062309741973877,1.2660584449768066,0.5986852645874023,0.3951965570449829,0.5986852645874023,0.3951965570449829,0.9323718547821045,0.7000700235366821
626,100,-2.057843055460241,-1.8117671,0.5100563830052766,0.3146248976555984,0.22549401899588473,1.1237430572509766,0.6713759899139404,1.1237430572509766,0.6713759899139404,1.9139020442962646,1.4280446767807007,0.6713759899139404,0.4529259204864502,0.6713759899139404,0.4529259204864502,1.0497102737426758,0.7726699113845825
627,100,-1.156770504259349,-2.0513358,0.4431808224984819,0.594677221068402,0.23798209579527074,1.3037548065185547,1.7205710411071777,1.3037548065185547,1.7205710411071777,2.3089284896850586,1.7205710411071777,0.8437563180923462,0.41852056980133057,0.8437563180923462,0.41852056980133057,1.2821636199951172,0.7839847803115845
628,100,-2.7518831534377695,-2.1646166,0.3871342063820651,0.513904119300883,0.5539312425143121,0.9851325750350952,2.5168092250823975,0.9851325750350952,2.5168092250823975,2.1101980209350586,2.5168092250823975,0.753912091255188,0.5142772197723389,0.753912091255188,0.5142772197723389,1.2963223457336426,1.0146703720092773
629,100,-1.9498040208926837,-1.9091886,0.1557035052387168,0.5011539341965077,0.5510105791268072,1.4210995435714722,2.329512119293213,1.4210995435714722,2.329512119293213,2.4084532260894775,2.329512119293213,0.9841282367706299,0.4473775625228882,0.9841282367706299,0.4473775625228882,1.4720063209533691,0.9661449790000916
630,100,-1.654885532319888,-2.1889925,0.45298352322294755,0.16514702561180195,0.39681091124377516,1.087141990661621,0.5340338945388794,1.087141990661621,0.5340338945388794,2.2282183170318604,1.8910712003707886,0.5340338945388794,0.2374793291091919,0.5340338945388794,0.2374793291091919,0.9527367353439331,0.6123961806297302
631,100,-0.8102295717953676,-1.9247566,0.3546416920408144,0.586374985803034,0.13868471215834344,1.5133531093597412,1.675382137298584,1.5133531093597412,1.675382137298584,2.3133199214935303,1.675382137298584,0.8997676372528076,0.3405780792236328,0.8997676372528076,0.3405780792236328,1.2875748872756958,0.6761958599090576
632,100,-2.4608536855729355,-1.8850276,0.264611052598843,0.38530448440116694,0.5367425656733439,1.2056413888931274,2.186589241027832,1.2056413888931274,2.186589241027832,1.94503915309906,2.186589241027832,0.902503252029419,0.5195618867874146,0.902503252029419,0.5195618867874146,1.291929841041565,0.9501660466194153
633,100,-1.8605958210418172,-1.753797,0.06645198637472427,0.3310416836125126,0.413545579550295,1.2144581079483032,1.7730706930160522,1.2144581079483032,1.7730706930160522,2.058197498321533,1.7730706930160522,0.7343020439147949,0.22775936126708984,0.7343020439147949,0.22775936126708984,1.113498568534851,0.558997392654419
634,100,-2.0804792193411674,-1.454827,0.5076548659668347,0.020750716661464885,0.24803879570305554,1.4138047695159912,0.9312241077423096,1.4138047695159912,0.9312241077423096,1.9600098133087158,1.7781338691711426,0.9312241077423096,0.3556382656097412,0.9312241077423096,0.3556382656097412,1.248523235321045,0.683923602104187
635,100,-2.599573364824181,-1.8996767,0.37698362501421323,0.5278432256769372,0.03848115647294925,1.51912260055542,1.679938554763794,1.51912260055542,1.679938554763794,2.354109764099121,1.679938554763794,0.8737902641296387,0.2297419309616089,0.8737902641296387,0.2297419309616089,1.2768644094467163,0.5652397871017456
636,100,-0.808060124375523,-2.1000834,0.45086776134894035,0.4304154582091215,0.46205274614783903,1.1270341873168945,2.4830479621887207,1.1270341873168945,2.4830479621887207,2.0781500339508057,2.4830479621887207,0.8787214756011963,0.877409815788269,0.8787214756011963,0.877409815788269,1.3405768871307373,1.3822071552276611
637,100,-0.8333624093750653,-1.9090288,0.4967447163543546,0.37385536391044794,0.2678074346938496,1.080047369003296,0.7483853101730347,1.080047369003296,0.7483853101730347,1.984080195426941,1.6419872045516968,0.7483853101730347,0.5608940124511719,0.7483853101730347,0.5608940124511719,1.1951862573623657,0.9317958354949951
638,100,-1.1433549192190078,-1.7444718,0.011470499278855906,0.5070923759739627,0.3230927686920692,1.6209512948989868,1.2316206693649292,1.6209512948989868,1.2316206693649292,2.0058720111846924,1.819168210029602,0.9139899015426636,0.2605849504470825,0.9139899015426636,0.2605849504470825,1.2606769800186157,0.6077041029930115
639,100,-1.5983027309667674,-1.1503357,0.047442652592339485,0.048051967679225205,0.481270050725986,1.3240975141525269,1.494210124015808,1.3240975141525269,1.494210124015808,1.4642928838729858,1.494210124015808,1.0539112091064453,0.3810906410217285,1.0539112091064453,0.3810906410217285,1.1800123453140259,0.611939013004303
640,100,-1.3776003614618926,-0.5431216,0.027235876295165107,0.09565662851243506,0.11960518134828278,0.28196981549263,0.826134443283081,0.28196981549263,0.826134443283081,0.5573796629905701,0.826134443283081,0.28196981549263,0.4336772859096527,0.28196981549263,0.4336772859096527,0.41635358333587646,0.5649515390396118
641,100,-2.3048818289875546,-1.1158229,0.24718479015560374,0.07358438780697713,0.05985146973288491,0.9807794690132141,0.6933982968330383,0.9807794690132141,0.6933982968330383,1.3805861473083496,1.1430619955062866,0.6933982968330383,0.2619873881340027,0.6933982968330383,0.2619873881340027,0.9182301759719849,0.5014817714691162
642,100,-1.8038457291568195,-1.6082634,0.21341154157884934,0.2910569840466086,0.12248576335493766,0.8056698441505432,1.1445529460906982,0.8056698441505432,1.1445529460906982,1.44004225730896,1.1445529460906982,0.5942530632019043,0.39063966274261475,0.5942530632019043,0.39063966274261475,0.8694030046463013,0.6462967395782471
643,100,-3.3437603177545068,-1.7399698,0.47436090104307543,0.19925455728552194,0.19057799052587854,1.2198405265808105,0.8198674917221069,1.2198405265808105,0.8198674917221069,1.7398414611816406,1.4268243312835693,0.8198674917221069,0.4918670654296875,0.8198674917221069,0.4918670654296875,1.1233458518981934,0.7581787109375
644,100,-2.313070976704626,-1.719998,0.31205677778757723,0.4895206534678172,0.12313194150469986,1.3728379011154175,1.6753122806549072,1.3728379011154175,1.6753122806549072,1.9744831323623657,1.6753122806549072,1.022548794746399,0.5443553924560547,1.022548794746399,0.5443553924560547,1.3489305973052979,0.9078810811042786
645,100,-2.857276599024674,-1.9804627,0.6953527303188525,0.30385059024818606,0.3059130588168746,1.6516680717468262,0.9639034271240234,1.6516680717468262,0.9639034271240234,2.264829158782959,2.244121789932251,0.9639034271240234,0.5230779647827148,0.9639034271240234,0.5230779647827148,1.3011116981506348,0.8432433009147644
646,100,-2.8383197562273543,-2.1799035,0.3165637060641425,0.48982792668991876,0.24912174175336577,1.1122703552246094,1.1904566287994385,1.1122703552246094,1.1904566287994385,2.038043737411499,1.1904566287994385,0.5114758014678955,0.28872013092041016,0.5114758014678955,0.28872013092041016,0.850966215133667,0.5337137579917908
647,100,-2.396487598211683,-2.3169196,0.5222123537942303,0.4151406391072523,0.5467140553999192,1.0261720418930054,2.4646806716918945,1.0261720418930054,2.4646806716918945,2.1980645656585693,2.4646806716918945,0.7460583448410034,0.540647029876709,0.7460583448410034,0.540647029876709,1.2497926950454712,1.0657014846801758
648,100,-2.7777701114016056,-2.074764,0.5084120387985944,0.5300028971124351,0.3504122215934431,0.8168253898620605,1.569478988647461,0.8168253898620605,1.569478988647461,2.0352158546447754,1.569478988647461,0.6223149299621582,0.4453456401824951,0.6223149299621582,0.4453456401824951,1.0958969593048096,0.8514924645423889
649,100,-2.8316561310824,-2.1464748,0.4432270061672753,0.5022990415992915,0.3984086846939172,0.8340272903442383,1.5747747421264648,0.8340272903442383,1.5747747421264648,1.7793549299240112,1.5747747421264648,0.6492171287536621,0.5415773391723633,0.6492171287536621,0.5415773391723633,1.1119959354400635,0.9478033781051636
650,100,-1.6884691387714943,-2.0626252,0.4698309655224461,0.374903750423458,0.380226471110909,0.737607479095459,0.6192803382873535,0.737607479095459,0.6192803382873535,1.5668878555297852,2.009970188140869,0.6192803382873535,0.5138498544692993,0.6192803382873535,0.5138498544692993,0.9698832631111145,0.8753564953804016
651,100,-3.662315150502854,-2.1008844,0.5474399140235071,0.481262286198069,0.3099066471141727,0.8733758926391602,0.6912992000579834,0.8733758926391602,0.6912992000579834,2.006176710128784,1.6660597324371338,0.6912992000579834,0.456457257270813,0.6912992000579834,0.456457257270813,1.1786794662475586,0.8813119530677795
652,100,-1.1841084117314602,-2.0403385,0.3037718846062616,0.6221045920580524,0.4997971278080824,1.4939541816711426,1.620634913444519,1.4939541816711426,1.620634913444519,2.497854232788086,2.4852964878082275,0.857844352722168,0.44972991943359375,0.857844352722168,0.44972991943359375,1.389795184135437,0.9246845245361328
653,100,-2.787506808967642,-1.9327402,0.5834830514702602,0.22074929336757976,0.3680376723485511,1.3777345418930054,0.7287126779556274,1.3777345418930054,0.7287126779556274,2.162297487258911,1.8945889472961426,0.7287126779556274,0.3613615036010742,0.7287126779556274,0.3613615036010742,1.0795722007751465,0.6703982353210449
654,100,-2.6983312798228503,-1.8673093,0.14848455133819127,0.7281414912149462,0.19794447654762204,1.89273202419281,1.6329867839813232,1.89273202419281,1.6329867839813232,2.1858720779418945,2.029453754425049,1.104494571685791,0.395383358001709,1.104494571685791,0.395383358001709,1.3603006601333618,0.6100726127624512
655,100,-1.622814084147639,-1.9547762,0.44148485197388004,0.14546350896665783,0.5210876807032783,1.1768814325332642,1.9297692775726318,1.1768814325332642,1.9297692775726318,2.3003978729248047,1.9297692775726318,0.7184007167816162,0.2433469295501709,0.7184007167816162,0.2433469295501709,1.1167080402374268,0.5903586745262146
656,100,-2.151105216379326,-1.8497694,0.5227806919295969,0.5235913298076782,0.10568783694679773,1.364677906036377,1.7538480758666992,1.364677906036377,1.7538480758666992,2.381134510040283,1.7538480758666992,0.761052131652832,0.26529359817504883,0.761052131652832,0.26529359817504883,1.2574501037597656,0.6968529224395752
657,100,-1.3164235713959302,-1.9089727,0.2442374679730419,0.4883059888463661,0.48365698875763335,1.1362749338150024,1.271339774131775,1.1362749338150024,1.271339774131775,2.1843056678771973,2.170379161834717,0.669098973274231,0.4103507995605469,0.669098973274231,0.4103507995605469,1.1778411865234375,0.8424736261367798
658,100,-3.727078006561262,-1.9752961,0.4135614724100096,0.29384727359355756,0.534142881487832,1.2395176887512207,2.2624268531799316,1.2395176887512207,2.2624268531799316,2.2166428565979004,2.2624268531799316,0.8586440086364746,0.5440236330032349,0.8586440086364746,0.5440236330032349,1.2669634819030762,0.9349405169487
659,100,-3.780500874768181,-1.7021526,0.18924778105876705,0.4795374704902526,0.2494950889516941,1.3597068786621094,1.495566487312317,1.3597068786621094,1.495566487312317,1.8423168659210205,1.9692813158035278,0.952817440032959,0.4919400215148926,0.952817440032959,0.4919400215148926,1.260822057723999,0.8406097292900085
660,100,-3.1906771543381263,-2.2290373,0.9126812269546318,0.1816800129935916,0.3199303827642166,2.3060998916625977,1.3904337882995605,2.3060998916625977,1.3904337882995605,2.639688491821289,2.478361129760742,1.3904337882995605,0.515434741973877,1.3904337882995605,0.515434741973877,1.7410452365875244,0.8800166845321655
661,100,-2.6069528405536095,-2.219941,0.6689286985757839,0.6781266601532188,0.13028535764037086,1.6782928705215454,2.1347732543945312,1.6782928705215454,2.1347732543945312,2.8104257583618164,2.1347732543945312,0.9050537347793579,0.293851375579834,0.9050537347793579,0.293851375579834,1.5199134349822998,0.798754870891571
662,100,-2.9582875285430017,-2.2742941,0.5146844791843719,0.5270642017580801,0.506525580800071,0.5945254564285278,1.2885079383850098,0.5945254564285278,1.2885079383850098,1.5190272331237793,1.2885079383850098,0.44764506816864014,0.4525158405303955,0.44764506816864014,0.4525158405303955,0.868076503276825,0.8643733263015747
663,100,-3.984482450887224,-2.1725225,0.473439100624104,0.5162247614582995,0.474936380438327,0.6471447944641113,1.3285908699035645,0.6471447944641113,1.3285908699035645,1.9610940217971802,2.420123338699341,0.4783400297164917,0.542412281036377,0.4783400297164917,0.542412281036377,0.974454939365387,0.8872686624526978
664,100,-2.1765609579156378,-2.3817668,0.6049375093039571,0.5059015611346647,0.47097401119947846,0.9421793222427368,0.80467689037323,0.9421793222427368,0.80467689037323,1.980252981185913,1.8406555652618408,0.80467689037323,0.6454097032546997,0.80467689037323,0.6454097032546997,1.3226661682128906,1.1327013969421387
665,100,-1.407096794865213,-2.5537071,0.7109340056264933,0.5960271096055447,0.45917513485217043,1.4307105541229248,0.8165855407714844,1.4307105541229248,0.8165855407714844,2.74837327003479,2.129473924636841,0.8165855407714844,0.6969876289367676,0.8165855407714844,0.6969876289367676,1.4730297327041626,1.1981468200683594
666,100,-3.2884984657116663,-2.5161433,0.3449027141703358,0.7895584777509635,0.569193688454907,1.7710243463516235,1.6787307262420654,1.7710243463516235,1.6787307262420654,2.893718957901001,2.950360059738159,0.7831183671951294,0.3526577949523926,0.7831183671951294,0.3526577949523926,1.5395588874816895,0.8189922571182251
667,100,-4.026491126825689,-2.0858939,0.19222200097343345,0.42377204751384645,0.7257492646728594,1.7059189081192017,2.4235076904296875,1.7059189081192017,2.4235076904296875,2.4501285552978516,2.4235076904296875,1.0428862571716309,0.3576385974884033,1.0428862571716309,0.3576385974884033,1.5101861953735352,0.768035888671875
668,100,-3.902327240972724,-2.1408434,0.6997733907678076,0.19686908555245952,0.33323756336551313,1.82178795337677,1.0637587308883667,1.82178795337677,1.0637587308883667,2.4644124507904053,2.269618511199951,1.0637587308883667,0.5005588531494141,1.0637587308883667,0.5005588531494141,1.4494857788085938,0.8447549343109131
669,100,-3.3007808464188444,-2.4829025,0.7615674880310843,0.6892779351074463,0.1422465543336271,2.11828875541687,0.9594403505325317,2.11828875541687,0.9594403505325317,2.9976773262023926,2.518725872039795,0.9594403505325317,0.3612804412841797,0.9594403505325317,0.3612804412841797,1.7390830516815186,0.9583544731140137
670,100,-3.7364154391142,-2.6163719,0.579891405974057,0.6406126499073614,0.5217813590343054,0.8324919939041138,1.6677956581115723,0.8324919939041138,1.6677956581115723,2.2855372428894043,1.6677956581115723,0.5945949554443359,0.5219540596008301,0.5945949554443359,0.5219540596008301,1.131195306777954,0.9866047501564026
671,100,-5.05076401298259,-2.6198168,0.48054807037883174,0.5246457006667073,0.46092686951928585,0.5385074615478516,1.2348132133483887,0.5385074615478516,1.2348132133483887,1.5148872137069702,1.2348132133483887,0.384105920791626,0.36877989768981934,0.384105920791626,0.36877989768981934,0.8094595670700073,0.7397489547729492
672,100,-2.0292164389216936,-2.636693,0.5869542747620757,0.51488307172183,0.5590558147115497,0.7320717573165894,0.6074044704437256,0.7320717573165894,0.6074044704437256,1.9793334007263184,2.8260550498962402,0.6074044704437256,0.4994821548461914,0.6074044704437256,0.4994821548461914,1.106608271598816,1.0580824613571167
673,100,-3.950751614096566,-2.9427316,0.6670463318421259,0.5535839495482722,0.4765245651512624,1.1708810329437256,0.5444080829620361,1.1708810329437256,0.5444080829620361,2.7677483558654785,1.6919633150100708,0.5444080829620361,0.42122578620910645,0.5444080829620361,0.42122578620910645,1.1181857585906982,0.9776780605316162
674,100,-2.090931693187215,-2.8314714,0.2718667844854472,0.6724492552149335,0.5248219137979335,1.9678415060043335,1.4110249280929565,1.9678415060043335,1.4110249280929565,2.693903923034668,2.828984498977661,0.639162540435791,0.34337329864501953,0.639162540435791,0.34337329864501953,1.3838331699371338,0.7323984503746033
675,100,-2.8980202273040674,-2.890664,0.6166732486119793,0.2881209795520072,0.6186267139575735,1.4781211614608765,2.8653385639190674,1.4781211614608765,2.8653385639190674,3.1015045642852783,2.8653385639190674,0.7254343032836914,0.28559231758117676,0.7254343032836914,0.28559231758117676,1.3207013607025146,0.8171195387840271
676,100,-2.323335964514873,-2.6378715,0.2581691419692951,0.5602509353623503,0.3236290359760789,1.6574329137802124,1.267643928527832,1.6574329137802124,1.267643928527832,2.3106796741485596,2.4123523235321045,0.6371734142303467,0.2588005065917969,0.6371734142303467,0.2588005065917969,1.1212621927261353,0.572658121585846
677,100,-1.7182382331554007,-2.623839,0.38418461521927383,0.271581314747379,0.5389280767912924,1.2150620222091675,2.471181631088257,1.2150620222091675,2.471181631088257,2.38045597076416,2.471181631088257,0.71149742603302,0.3394961357116699,0.71149742603302,0.3394961357116699,1.1540839672088623,0.744743824005127
678,100,-3.3283592196693306,-2.4613497,0.31795958165860316,0.41816302555328355,0.2540115251420285,0.9277639389038086,1.4453198909759521,0.9277639389038086,1.4453198909759521,1.9385871887207031,1.4453198909759521,0.5960812568664551,0.39845824241638184,0.5960812568664551,0.39845824241638184,1.0207005739212036,0.7708008289337158
679,100,-0.2780459931530195,-2.421661,0.1892562523689063,0.3272848585268475,0.3828838392068017,0.9222180843353271,2.152815103530884,0.9222180843353271,2.152815103530884,2.0169098377227783,2.152815103530884,0.5873491764068604,0.3571279048919678,0.5873491764068604,0.3571279048919678,1.0433846712112427,0.7279963493347168
680,100,-3.838227552296692,-2.171724,0.474849216806418,0.13659205308177624,0.23953286260110362,1.3611844778060913,0.8292394876480103,1.3611844778060913,0.8292394876480103,2.054828405380249,1.9843297004699707,0.8292394876480103,0.41366279125213623,0.8292394876480103,0.41366279125213623,1.1793532371520996,0.7200464010238647
681,100,-0.9248061526802528,-1.9437336,0.21442406698805394,0.5064604170492426,0.14681812770075853,1.8874092102050781,1.2094433307647705,1.8874092102050781,1.2094433307647705,1.948785424232483,1.2094433307647705,1.0917084217071533,0.49959492683410645,1.0917084217071533,0.49959492683410645,1.150575876235962,0.5582526922225952
682,100,-2.8623339572229547,-2.1061041,0.4810918464206954,0.17407504120950468,0.41611985876336965,1.8316594362258911,0.8410941362380981,1.8316594362258911,0.8410941362380981,2.362056255340576,1.954703450202942,0.8410941362380981,0.06445527076721191,0.8410941362380981,0.06445527076721191,1.3581653833389282,0.48108619451522827
683,100,-1.6894353069916015,-1.8773128,0.046345039638866825,0.5645171091523775,0.2110820718852101,1.8252216577529907,1.565308928489685,1.8252216577529907,1.565308928489685,1.844618320465088,1.6399964094161987,1.2152750492095947,0.3084205389022827,1.2152750492095947,0.3084205389022827,1.2609602212905884,0.3555414080619812
684,100,-2.550829733099783,-2.4865828,0.2808792628603909,0.02020777318997946,0.4487416174941246,1.3477219343185425,2.0452258586883545,1.3477219343185425,2.0452258586883545,2.636380910873413,2.0452258586883545,0.7352184057235718,0.12653207778930664,0.7352184057235718,0.12653207778930664,1.1700012683868408,0.3952122926712036
685,100,-2.917036385344343,-2.2234733,0.10087440468857362,0.31692925428401986,0.007201750189885059,1.3495118618011475,1.0967001914978027,1.3495118618011475,1.0967001914978027,2.0931224822998047,1.0967001914978027,0.6112794876098633,0.20018792152404785,0.6112794876098633,0.20018792152404785,0.853989839553833,0.3743528127670288
686,100,-2.9256449396634423,-2.6148067,0.22471385500057783,0.1485096449512493,0.31952419390268183,0.9186770915985107,2.0231685638427734,0.9186770915985107,2.0231685638427734,2.1059112548828125,2.0231685638427734,0.5132296085357666,0.24188876152038574,0.5132296085357666,0.24188876152038574,0.8316537141799927,0.508003830909729
687,100,-2.198752238825547,-2.3129723,0.24339963897064176,0.2134576051390359,0.0959861539880329,0.7592861652374268,0.42324554920196533,0.7592861652374268,0.42324554920196533,1.7706087827682495,1.0537654161453247,0.42324554920196533,0.2510950565338135,0.42324554920196533,0.2510950565338135,0.738505482673645,0.5421375632286072
688,100,-2.6966622133894624,-2.400441,0.24283061541386508,0.29140290349107434,0.2581565020241072,0.5854554176330566,1.1030902862548828,0.5854554176330566,1.1030902862548828,1.4656076431274414,2.2117738723754883,0.46534669399261475,0.34546852111816406,0.46534669399261475,0.34546852111816406,0.8895322680473328,0.7055760622024536
689,100,-4.221319154461526,-2.2233741,0.16115055601928674,0.28062779871151633,0.2296004126366878,0.851852297782898,1.2222565412521362,0.851852297782898,1.2222565412521362,1.5682088136672974,1.8311744928359985,0.6057161092758179,0.43757879734039307,0.6057161092758179,0.43757879734039307,0.9368441700935364,0.754691481590271
690,100,-2.507979330765666,-2.643375,0.2236259095242752,0.17665501686510754,0.2449470905401454,0.6249387264251709,1.9543694257736206,0.6249387264251709,1.9543694257736206,1.5676499605178833,1.9543694257736206,0.4231560230255127,0.31140780448913574,0.4231560230255127,0.31140780448913574,0.753620445728302,0.6438735127449036
691,100,-5.355287550114559,-2.5213327,0.3854651757839212,0.19055476257276693,0.11351752767652967,1.2100869417190552,0.6120258569717407,1.2100869417190552,0.6120258569717407,1.9824855327606201,1.2591338157653809,0.6120258569717407,0.2314910888671875,0.6120258569717407,0.2314910888671875,0.9355798363685608,0.49501973390579224
692,100,-2.2262738476106065,-2.5523527,0.18615670835029663,0.3383389655564659,0.22612961921904895,1.0103769302368164,1.1263957023620605,1.0103769302368164,1.1263957023620605,1.9072363376617432,2.2248098850250244,0.4869539737701416,0.354494571685791,0.4869539737701416,0.354494571685791,0.944377064704895,0.6334966421127319
693,100,-5.257393613201602,-2.6664493,0.48528028553499053,0.1788923089549299,0.3122694340768137,1.5608899593353271,0.6368379592895508,1.5608899593353271,0.6368379592895508,2.697916269302368,2.4748873710632324,0.6368379592895508,0.2814178466796875,0.6368379592895508,0.2814178466796875,1.0933350324630737,0.6741822957992554
694,100,-5.810940335101499,-2.8930802,0.09704323553342609,0.22628427744935897,0.13619367143337646,1.0437519550323486,0.5750401020050049,1.0437519550323486,0.5750401020050049,1.7357414960861206,1.2341941595077515,0.27986717224121094,0.17177200317382812,0.27986717224121094,0.17177200317382812,0.5294044017791748,0.3054732084274292
695,100,-3.043008281008949,-2.9360003,0.30668163768742324,0.12422249447618317,0.36178360703398116,1.0310009717941284,2.269472122192383,1.0310009717941284,2.269472122192383,3.14221453666687,2.269472122192383,0.453279972076416,0.10780572891235352,0.453279972076416,0.10780572891235352,0.8599018454551697,0.332228422164917
696,100,-4.013394989778971,-2.822717,0.42638764018352987,0.2815614479667538,0.11666910299115973,1.6419951915740967,0.614675760269165,1.6419951915740967,0.614675760269165,2.8326926231384277,1.365617036819458,0.614675760269165,0.21117496490478516,0.614675760269165,0.21117496490478516,0.9901463985443115,0.5728877186775208
697,100,-4.334765549522148,-2.8993826,0.16512024255398983,0.2458836393898099,0.28883074952411075,0.7341554164886475,2.122788906097412,0.7341554164886475,2.122788906097412,2.4795546531677246,2.122788906097412,0.3190181255340576,0.24243593215942383,0.3190181255340576,0.24243593215942383,0.7631256580352783,0.42867302894592285
698,100,-5.348548349935643,-2.923585,0.2432947874683694,0.15737628706337337,0.2861261722660544,0.8412485122680664,2.147817611694336,0.8412485122680664,2.147817611694336,2.153985023498535,2.147817611694336,0.39731717109680176,0.18776345252990723,0.39731717109680176,0.18776345252990723,0.7527883052825928,0.4770890474319458
699,100,-6.53875954229412,-3.1025374,0.2017490151002236,0.17268775234517325,0.182568915265123,0.44907712936401367,0.26717448234558105,0.44907712936401367,0.26717448234558105,1.025094985961914,1.7633546590805054,0.26717448234558105,0.17108869552612305,0.26717448234558105,0.17108869552612305,0.473363995552063,0.5036112070083618
700,100,-4.653278155751581,-3.213748,0.17815846814117864,0.1512848574578553,0.18383289730221225,0.21065545082092285,1.4815430641174316,0.21065545082092285,1.4815430641174316,0.8017451763153076,1.4815430641174316,0.21065545082092285,0.12941217422485352,0.21065545082092285,0.12941217422485352,0.39387524127960205,0.29595863819122314
701,100,-4.709081903897028,-3.335934,0.2162876765650173,0.17971028899613894,0.19530790711391396,0.49608683586120605,0.23436713218688965,0.49608683586120605,0.23436713218688965,1.1196303367614746,1.6565390825271606,0.23436713218688965,0.14191293716430664,0.23436713218688965,0.14191293716430664,0.41525447368621826,0.4243967533111572
702,100,-6.093134648597973,-3.2338216,0.18887181626152777,0.2230290635344908,0.2222638093319132,0.4409458637237549,0.6352193355560303,0.4409458637237549,0.6352193355560303,1.898710012435913,1.9199005365371704,0.20539522171020508,0.2527120113372803,0.20539522171020508,0.2527120113372803,0.586251974105835,0.4526176452636719
703,100,-2.891960289533269,-3.3176317,0.1758891840775802,0.13775667753006665,0.20722884851223033,0.4584164619445801,1.810240626335144,0.4584164619445801,1.810240626335144,1.1061439514160156,1.810240626335144,0.22066974639892578,0.09520101547241211,0.22066974639892578,0.09520101547241211,0.4339919090270996,0.2643580436706543
704,100,-4.696034060634402,-3.3407435,0.28788335063203485,0.171494198316561,0.20172262601426416,0.6724302768707275,0.41648197174072266,0.6724302768707275,0.41648197174072266,1.402065634727478,2.3228890895843506,0.41648197174072266,0.18096613883972168,0.41648197174072266,0.18096613883972168,0.6861083507537842,0.5647104978561401
705,100,-3.630536874858038,-3.3390207,0.08706019572990475,0.2043535081074406,0.1890975972733554,1.0687329769134521,0.7212076187133789,1.0687329769134521,0.7212076187133789,2.2890686988830566,1.766219139099121,0.2963385581970215,0.2573838233947754,0.2963385581970215,0.2573838233947754,0.6822178363800049,0.4730973243713379
706,100,-1.2770070846291768,-3.3511174,0.16829544630964194,0.07212166460006869,0.22232705925645746,0.8192415237426758,1.7355008125305176,0.8192415237426758,1.7355008125305176,2.3115415573120117,1.7355008125305176,0.36873960494995117,0.13646602630615234,0.36873960494995117,0.13646602630615234,0.653946042060852,0.35589516162872314
707,100,-1.6568385588813483,-3.371181,0.08430684872509225,0.11194311005553045,0.07944188197863519,0.420947790145874,0.5229916572570801,0.420947790145874,0.5229916572570801,0.9912490844726562,0.5229916572570801,0.20337677001953125,0.2035226821899414,0.20337677001953125,0.2035226821899414,0.36318421363830566,0.3578968048095703
708,100,-2.458015037126812,-2.7431293,0.1291797769438362,0.1016994610275182,0.15228025323336988,0.9144703149795532,1.177604079246521,0.9144703149795532,1.177604079246521,1.1933876276016235,1.177604079246521,0.36795687675476074,0.3134942054748535,0.36795687675476074,0.3134942054748535,0.4824014902114868,0.42566561698913574
709,100,-2.369904170659146,-3.0179148,0.04319725843639302,0.04695840246488917,0.13959515627307156,1.3333998918533325,1.385535717010498,1.3333998918533325,1.385535717010498,1.8406533002853394,1.385535717010498,0.5642404556274414,0.18425345420837402,0.5642404556274414,0.18425345420837402,0.7472628355026245,0.25474226474761963
710,100,-2.0257399574520485,-2.7663765,0.022285258442265837,0.04677967332892413,0.10603791864467235,0.30060338973999023,1.434823751449585,0.30060338973999023,1.434823751449585,0.9019080400466919,1.434823751449585,0.30060338973999023,0.402097225189209,0.30060338973999023,0.402097225189209,0.5330355167388916,0.6301280856132507
711,100,-3.659192974543005,-3.004612,0.01948351917397958,0.032176555636821494,0.034127964596567674,0.2529001235961914,1.5614677667617798,0.2529001235961914,1.5614677667617798,1.0960761308670044,1.5614677667617798,0.2529001235961914,0.3567016124725342,0.2529001235961914,0.3567016124725342,0.5384329557418823,0.614527702331543
712,100,-2.312594429152172,-3.1351147,0.011578896201352995,0.013636652136995053,0.028829936309369367,0.35256338119506836,0.996922492980957,0.35256338119506836,0.996922492980957,0.9268913269042969,0.996922492980957,0.2659173011779785,0.13515400886535645,0.2659173011779785,0.13515400886535645,0.45555901527404785,0.22349929809570312
713,100,-2.9063492211450863,-2.970641,0.13146531131259312,0.00504969649298409,0.032353689170784655,0.9270153045654297,0.49410319328308105,0.9270153045654297,0.49410319328308105,1.738443374633789,1.7134220600128174,0.49410319328308105,0.21046042442321777,0.49410319328308105,0.21046042442321777,0.7591612339019775,0.4949374198913574
714,100,-2.359151215670139,-3.0202968,0.0034288184339657524,0.07932252818366528,0.00463731919776874,0.6454529762268066,0.7232396602630615,0.6454529762268066,0.7232396602630615,1.260809063911438,1.348715901374817,0.3078804016113281,0.2942545413970947,0.3078804016113281,0.2942545413970947,0.5353884696960449,0.43035709857940674
715,100,-2.1087171165707463,-3.416898,0.03075836696165979,0.011030806298927498,0.08774995025490595,0.6775789260864258,1.3841845989227295,0.6775789260864258,1.3841845989227295,1.342421293258667,1.3841845989227295,0.3603839874267578,0.10079693794250488,0.3603839874267578,0.10079693794250488,0.5297062397003174,0.2148665189743042
716,100,-2.533660896020118,-3.2425098,0.0008279359627418117,0.03206357677368048,0.017011629347129333,0.27052783966064453,0.46309542655944824,0.27052783966064453,0.46309542655944824,0.8869607448577881,1.1989502906799316,0.1880030632019043,0.18178176879882812,0.1880030632019043,0.18178176879882812,0.4433870315551758,0.34139275550842285
717,100,-0.4779855477526282,-3.0086114,0.025726095097990433,0.006684154784146822,0.06175542512710115,0.6095287799835205,1.485052227973938,0.6095287799835205,1.485052227973938,1.0250669717788696,1.485052227973938,0.41716599464416504,0.24320769309997559,0.41716599464416504,0.24320769309997559,0.59576416015625,0.39548492431640625
718,100,-1.4815341825799084,-3.2766798,0.004491254636102374,0.005400652328307071,0.003990861968076113,0.09273028373718262,0.2721428871154785,0.09273028373718262,0.2721428871154785,0.31926846504211426,0.2721428871154785,0.09273028373718262,0.20307302474975586,0.09273028373718262,0.20307302474975586,0.18243658542633057,0.3056602478027344
719,100,-2.6811372567654796,-3.0882015,0.11782999137013186,0.007268857710139909,0.006505156300731368,0.04387021064758301,0.04387021064758301,0.04387021064758301,0.04387021064758301,0.7454643249511719,0.2414836883544922,0.04387021064758301,0.2860701084136963,0.04387021064758301,0.2860701084136963,0.1426769495010376,0.5614725351333618
720,100,-0.8306396647180502,-3.0167446,0.066882382553467,0.12720627473392088,0.025672476725889126,0.056385040283203125,0.24069595336914062,0.056385040283203125,0.24069595336914062,0.42992353439331055,0.24069595336914062,0.056385040283203125,0.7378716468811035,0.056385040283203125,0.7378716468811035,0.14854049682617188,0.9349295496940613
721,100,-1.606098173224354,-2.9446223,0.010234390337442889,0.06441418780493957,0.20786651999680106,0.10842728614807129,0.9534335136413574,0.10842728614807129,0.9534335136413574,0.7558236122131348,0.9534335136413574,0.10842728614807129,0.32985424995422363,0.10842728614807129,0.32985424995422363,0.2637838125228882,0.5186715126037598
722,100,-0.0228606865522589,-3.0456374,0.12538902866062046,0.010154692577742569,0.05268353735868084,0.08783626556396484,0.08783626556396484,0.08783626556396484,0.08783626556396484,0.514796257019043,0.8801655769348145,0.08783626556396484,0.23775601387023926,0.08783626556396484,0.23775601387023926,0.20799994468688965,0.4636673927307129
723,100,-1.522832568835133,-3.1881726,0.04286781537164233,0.07302191822799134,0.023384113901669557,0.061686038970947266,0.19180035591125488,0.061686038970947266,0.19180035591125488,0.28028416633605957,0.19180035591125488,0.061686038970947266,0.4932103157043457,0.061686038970947266,0.4932103157043457,0.12674319744110107,0.6101518869400024
724,100,0.7812236224104785,-2.7801998,0.1864546246545012,0.049208378464085656,0.16069663472192014,0.0029387474060058594,0.0029387474060058594,0.0029387474060058594,0.0029387474060058594,0.47739362716674805,0.5902154445648193,0.0029387474060058594,0.25434279441833496,0.0029387474060058594,0.25434279441833496,0.10413038730621338,0.4196655750274658
725,100,-2.0652705029454195,-2.331158,0.07913556520881493,0.24429073386995256,0.10547176013697485,0.004493236541748047,0.2319028377532959,0.004493236541748047,0.2319028377532959,1.2686208486557007,0.9718614816665649,0.004493236541748047,0.22620844841003418,0.004493236541748047,0.22620844841003418,0.2953728437423706,0.5939348340034485
726,100,0.2488309345807322,-2.0684714,0.45036718525837394,0.114553236469781,0.42609479378179055,0.19818902015686035,0.19818902015686035,0.19818902015686035,0.19818902015686035,0.1423940658569336,0.3636291027069092,0.19818902015686035,0.6189513206481934,0.19818902015686035,0.6189513206481934,0.19391882419586182,0.6257656812667847
727,100,-0.7627615184098172,-2.4330385,0.0295113599587139,0.34835224954532995,0.11010929890924348,0.1479196548461914,0.15874719619750977,0.1479196548461914,0.15874719619750977,0.9454994201660156,0.6941769123077393,0.1479196548461914,0.3618185520172119,0.1479196548461914,0.3618185520172119,0.19970238208770752,0.6710034608840942
728,100,-0.2284343395614223,-1.4539562,0.45117666190842187,0.04902361881282302,0.6809765365730032,0.26355886459350586,0.29158782958984375,0.26355886459350586,0.29158782958984375,0.18770718574523926,0.29158782958984375,0.26355886459350586,0.6720675230026245,0.26355886459350586,0.6720675230026245,0.29493606090545654,0.6345212459564209
729,100,0.6100590833728203,-2.8493023,0.14407447912439086,0.19089821851540312,0.014819357608191197,0.032399654388427734,0.07478475570678711,0.032399654388427734,0.07478475570678711,0.25638437271118164,0.07478475570678711,0.032399654388427734,0.5086731910705566,0.032399654388427734,0.5086731910705566,0.05359220504760742,0.5968775749206543
730,100,-0.5675387847859628,-1.6639556,0.3341089464544843,0.2771044314112453,0.6053390345212928,0.12304461002349854,0.2577979564666748,0.12304461002349854,0.2577979564666748,0.08372151851654053,0.2577979564666748,0.12304461002349854,0.32461869716644287,0.12304461002349854,0.32461869716644287,0.09131574630737305,0.36173367500305176
731,100,-0.3360653582892248,-2.0647678,0.3381030313747444,0.3211601118451547,0.31027088030097405,0.14070868492126465,0.14070868492126465,0.14070868492126465,0.14070868492126465,0.3165626525878906,0.059386253356933594,0.14070868492126465,0.47455060482025146,0.14070868492126465,0.47455060482025146,0.10004746913909912,0.5349571704864502
732,100,0.6757434869204176,-1.5850464,0.2951221943311264,0.5990199844042451,0.4528290639628255,0.24292373657226562,0.062116384506225586,0.24292373657226562,0.062116384506225586,0.16656208038330078,0.032068848609924316,0.24292373657226562,0.18950557708740234,0.24292373657226562,0.18950557708740234,0.19765901565551758,0.23538720607757568
733,100,0.7453205909656827,-1.4683787,0.364764918371574,0.35325969248702904,0.7029391226080275,0.2508273124694824,0.11379468441009521,0.2508273124694824,0.11379468441009521,0.2565317153930664,0.11379468441009521,0.2508273124694824,0.23425209522247314,0.2508273124694824,0.23425209522247314,0.18988364934921265,0.2964089512825012
734,100,0.6011634066109977,-1.9003134,0.4365607567669184,0.3224739917774795,0.32245974626737783,0.1896965503692627,0.1896965503692627,0.1896965503692627,0.1896965503692627,0.3365362882614136,0.06760525703430176,0.1896965503692627,0.22368788719177246,0.1896965503692627,0.22368788719177246,0.12865090370178223,0.2896765470504761
735,100,-0.6363817357081055,-1.1566702,0.6827436662007038,0.7033825969368315,0.5335249281216328,0.35286450386047363,0.6902356147766113,0.35286450386047363,0.6902356147766113,0.6560776233673096,0.6902356147766113,0.3903932571411133,0.22031641006469727,0.3903932571411133,0.22031641006469727,0.5403144359588623,0.16130810976028442
736,100,-0.103991172560571,-0.48992625,0.607333307362504,0.8763878698303935,1.097037469398525,0.36414024233818054,1.0860062837600708,0.36414024233818054,1.0860062837600708,0.807209849357605,1.0860062837600708,0.41172847151756287,0.2354026734828949,0.41172847151756287,0.2354026734828949,0.6340667605400085,0.43903398513793945
737,100,0.1654246084409408,-1.1139896,0.2778071683297043,0.7165047215022582,0.9191384133194727,0.3771955966949463,0.44229865074157715,0.3771955966949463,0.44229865074157715,0.597307562828064,0.44229865074157715,0.3771955966949463,0.22983741760253906,0.3771955966949463,0.22983741760253906,0.5210087299346924,0.13438111543655396
738,100,-0.7443339757978251,-1.0893265,0.4371464105892635,0.39266490791620257,0.9826887300385226,0.42180562019348145,0.012097358703613281,0.42180562019348145,0.012097358703613281,0.04438328742980957,0.012097358703613281,0.42180562019348145,0.36511003971099854,0.42180562019348145,0.36511003971099854,0.3993492126464844,0.3877338469028473
739,100,-0.2150198459605552,-1.7232618,0.4512952903087202,0.4501307562659287,0.3958353746387959,0.06173217296600342,0.06173217296600342,0.06173217296600342,0.06173217296600342,0.12085568904876709,0.011548757553100586,0.06173217296600342,0.3449794054031372,0.06173217296600342,0.3449794054031372,0.036640465259552,0.3703073263168335
740,100,-0.651351360407427,-1.7237911,0.2539033166731346,0.4792235987292947,0.4913062854730792,0.1743098497390747,0.23358047008514404,0.1743098497390747,0.23358047008514404,0.10200309753417969,0.23358047008514404,0.04870033264160156,0.25747954845428467,0.04870033264160156,0.25747954845428467,0.035576462745666504,0.22019559144973755
741,100,0.3265583682673769,-1.0964439,0.43570010128504677,0.37736281394139204,0.8146211545901603,0.09093284606933594,0.3611178398132324,0.09093284606933594,0.3611178398132324,0.1485733985900879,0.3611178398132324,0.09093284606933594,0.3595128059387207,0.09093284606933594,0.3595128059387207,0.04759204387664795,0.39918872714042664
742,100,-1.5144640545302908,-1.2912015,0.3482112574208647,0.5416269518972674,0.3815607099803449,0.1009211540222168,0.35363197326660156,0.1009211540222168,0.35363197326660156,0.5564537048339844,0.6304595470428467,0.1009211540222168,0.255285382270813,0.1009211540222168,0.255285382270813,0.24757355451583862,0.4006959795951843
743,100,0.1990558623538642,-1.084421,0.6376590494232892,0.35249866350614756,0.4746594408021352,0.12571179866790771,0.12571179866790771,0.12571179866790771,0.12571179866790771,0.15254878997802734,0.22121661901474,0.12571179866790771,0.2634456157684326,0.12571179866790771,0.2634456157684326,0.0843508243560791,0.29974910616874695
744,100,-0.6056864621124834,-1.1424696,0.08853936065436452,0.7416309449962528,0.4724535884534061,0.1561030149459839,0.43049293756484985,0.1561030149459839,0.43049293756484985,0.466410756111145,0.7178370952606201,0.1561030149459839,0.5817475318908691,0.1561030149459839,0.5817475318908691,0.15062400698661804,0.7108298540115356
745,100,0.412113650493211,-1.1943715,0.5534103117447949,0.12736101981086034,0.6340625860129842,0.10764110088348389,0.35518884658813477,0.10764110088348389,0.35518884658813477,0.13202118873596191,0.35518884658813477,0.10764110088348389,0.4959300756454468,0.10764110088348389,0.4959300756454468,0.14164620637893677,0.4687451124191284
746,100,-0.279487013353856,-1.6493186,0.2815671519110703,0.5967547969310145,0.07977910575383329,0.10942912101745605,0.15466201305389404,0.10942912101745605,0.15466201305389404,0.5428547859191895,0.15466201305389404,0.10942912101745605,0.8283704519271851,0.10942912101745605,0.8283704519271851,0.13204556703567505,0.9537609815597534
747,100,1.5179556485500298,-1.0788746,0.6087334591293663,0.3405506514601693,0.6085262991923234,0.1652212142944336,0.1652212142944336,0.1652212142944336,0.1652212142944336,0.15935289859771729,0.02221381664276123,0.1652212142944336,0.2621764540672302,0.1652212142944336,0.2621764540672302,0.20744329690933228,0.22316107153892517
748,100,-0.7474773142596063,-0.93267703,0.43290447410439314,0.7338299996049952,0.42092119654019666,0.17940068244934082,0.0702904462814331,0.17940068244934082,0.0702904462814331,0.18105781078338623,0.0702904462814331,0.17940068244934082,0.20671653747558594,0.17940068244934082,0.20671653747558594,0.12484556436538696,0.25077658891677856
749,100,0.3351304456079237,-0.49702364,0.9979700428718552,0.3803878123407922,0.45547927511516684,0.3334851861000061,0.3334851861000061,0.3334851861000061,0.3334851861000061,0.22524434328079224,0.3383370041847229,0.3334851861000061,0.04664602875709534,0.3334851861000061,0.04664602875709534,0.3729759454727173,0.026569262146949768
750,100,0.6142566981034538,-0.0022740364,0.4160366363029713,1.1851257236091952,0.5094475948677436,0.3124523162841797,0.11371071636676788,0.3124523162841797,0.11371071636676788,0.004089444875717163,0.06125985085964203,0.3124523162841797,0.12430581450462341,0.3124523162841797,0.12430581450462341,0.27933943271636963,0.13672076165676117
751,100,2.185384753323454,-0.17234156,0.6367500773615031,0.34150349557451,1.1522337759867363,0.3674890100955963,0.2097434401512146,0.3674890100955963,0.2097434401512146,0.09141772985458374,0.2097434401512146,0.3674890100955963,0.1429550051689148,0.3674890100955963,0.1429550051689148,0.4307306706905365,0.10702871531248093
752,100,-0.6534633691418915,-0.6523163,0.6410560550174549,0.758698309998947,0.4186966987486762,0.029152750968933105,0.42490464448928833,0.029152750968933105,0.42490464448928833,0.261269211769104,0.42490464448928833,0.18149715662002563,0.35734549164772034,0.18149715662002563,0.35734549164772034,0.303200900554657,0.26400160789489746
753,100,1.7716921241217445,0.30154496,1.2124813062705329,0.7332580335745489,0.6051093502181397,0.4085163474082947,0.4085163474082947,0.4085163474082947,0.4085163474082947,0.22148507833480835,0.5868581533432007,0.4085163474082947,0.03278309106826782,0.4085163474082947,0.03278309106826782,0.4976872503757477,0.0796269029378891
754,100,-0.6445449306191764,-0.08864039,0.369854708691848,1.161750483835481,0.5196706852347579,0.24293765425682068,0.0770711600780487,0.24293765425682068,0.0770711600780487,0.1639978587627411,0.14202821254730225,0.24293765425682068,0.10211342573165894,0.24293765425682068,0.10211342573165894,0.28487685322761536,0.0920855700969696
755,100,-0.8251662158063665,0.012801558,1.0272712706495395,0.322276421249732,0.8080878306653902,0.11454695463180542,0.18856391310691833,0.11454695463180542,0.18856391310691833,0.29095175862312317,0.25220608711242676,0.18856391310691833,0.03297305107116699,0.18856391310691833,0.03297305107116699,0.29524487257003784,0.028890132904052734
756,100,-0.5209165964170515,-0.11070302,0.36610111409855894,1.1226307761269743,0.31306247290262257,0.4104631245136261,0.2038078010082245,0.4104631245136261,0.2038078010082245,0.24438481032848358,0.2038078010082245,0.4104631245136261,0.06166762113571167,0.4104631245136261,0.06166762113571167,0.3071354627609253,0.12000305205583572
757,100,-0.6231653279760131,-0.7041923,0.3249799655526364,0.3786618598445588,0.7427242364721605,0.2603328227996826,0.22676485776901245,0.2603328227996826,0.22676485776901245,0.3542829155921936,0.22676485776901245,0.2603328227996826,0.265970379114151,0.2603328227996826,0.265970379114151,0.15427500009536743,0.32868656516075134
758,100,-2.524470174230007,-0.5184288,0.4855488959917497,0.42731416035968417,0.49344530166526845,0.1869467794895172,0.49355262517929077,0.1869467794895172,0.49355262517929077,0.34097322821617126,0.49355262517929077,0.16301071643829346,0.2745809853076935,0.16301071643829346,0.2745809853076935,0.24216778576374054,0.34306567907333374
759,100,0.3859494189929018,-0.8600819,0.3227337063178164,0.4570432070425081,0.4095014707918227,0.26976442337036133,0.5254873037338257,0.26976442337036133,0.5254873037338257,0.6744716763496399,0.8079668283462524,0.26976442337036133,0.27890098094940186,0.26976442337036133,0.27890098094940186,0.4312157928943634,0.45465144515037537
760,100,-2.084381250410369,-1.9745377,0.3411270784041316,0.25415580013056427,0.36088845387254753,0.2686659097671509,1.635228157043457,0.2686659097671509,1.635228157043457,2.037142276763916,1.635228157043457,0.2686659097671509,0.34457480907440186,0.2686659097671509,0.34457480907440186,0.7958858013153076,0.8844311833381653
761,100,0.0581513767479945,-0.95953876,0.7902753584317326,0.19134609954258863,0.29516725142284783,0.1612284779548645,0.1612284779548645,0.1612284779548645,0.1612284779548645,0.2111046314239502,0.6352110505104065,0.1612284779548645,0.6567862033843994,0.1612284779548645,0.6567862033843994,0.0819966197013855,0.6893903613090515
762,100,-0.4199508441862069,-1.0496922,0.11379199349593483,0.882955354769615,0.13850311509932012,0.19126296043395996,0.6539468169212341,0.19126296043395996,0.6539468169212341,0.6719985008239746,1.1052974462509155,0.19126296043395996,0.7933399081230164,0.19126296043395996,0.7933399081230164,0.3436439037322998,0.9767284393310547
763,100,0.7503974133709603,-0.80951166,0.5554652523082968,0.1479446729869165,0.7381755767895799,0.14872336387634277,0.6652851700782776,0.14872336387634277,0.6652851700782776,0.035244762897491455,0.6652851700782776,0.14872336387634277,0.7403724789619446,0.14872336387634277,0.7403724789619446,0.1612159013748169,0.7336497902870178
764,100,-1.0976745283460478,-1.1100348,0.3872139827057055,0.5732619720815179,0.19512408577494622,0.03125405311584473,0.15468370914459229,0.03125405311584473,0.15468370914459229,0.3563057780265808,0.15468370914459229,0.03125405311584473,0.9595548510551453,0.03125405311584473,0.9595548510551453,0.0929688811302185,1.0243545770645142
765,100,0.3952875434851265,0.040724456,0.7276063637993593,0.4072655611175442,0.4826922102277629,0.12748700380325317,0.12748700380325317,0.12748700380325317,0.12748700380325317,0.08097052574157715,0.07498486340045929,0.12748700380325317,0.03865748643875122,0.12748700380325317,0.03865748643875122,0.1301499605178833,0.03721855580806732
766,100,0.7261206358196348,-0.40534446,0.14188316268558365,0.9159227701038428,0.3841652760723816,0.32422617077827454,0.11551693081855774,0.32422617077827454,0.11551693081855774,0.0850439965724945,0.23568885028362274,0.32422617077827454,0.3724583387374878,0.32422617077827454,0.3724583387374878,0.25134703516960144,0.4122674763202667
767,100,0.4723034159800658,-0.3589949,0.6640949488531068,0.15322322817039247,0.678651405748018,0.18331164121627808,0.09694379568099976,0.18331164121627808,0.09694379568099976,0.20066982507705688,0.09694379568099976,0.18331164121627808,0.3206869661808014,0.18331164121627808,0.3206869661808014,0.27182477712631226,0.2605774700641632
768,100,0.788484757316851,0.13188456,0.6834308544615495,0.6370879034175698,0.20218607929256782,0.09912098944187164,0.09912098944187164,0.09912098944187164,0.09912098944187164,0.10789787769317627,0.15939976274967194,0.09912098944187164,0.05521810054779053,0.09912098944187164,0.05521810054779053,0.1292603760957718,0.04208187758922577
769,100,0.1267522148676784,0.14619839,0.5962528727718236,0.6418052365638544,0.43736346887866273,0.04946199059486389,0.10739940404891968,0.04946199059486389,0.10739940404891968,0.0733453631401062,0.10739940404891968,0.04946199059486389,0.016521930694580078,0.04946199059486389,0.016521930694580078,0.07843069732189178,0.039400920271873474
770,100,-0.2925952059998719,0.33680633,0.7832650736588791,0.5607894520976187,0.428980081274952,0.14338359236717224,0.14338359236717224,0.14338359236717224,0.14338359236717224,0.16397379338741302,0.21166260540485382,0.14338359236717224,0.034443199634552,0.14338359236717224,0.034443199634552,0.17752310633659363,0.06163809448480606
771,100,1.3913012731172167,0.09466192,0.4512211098703731,0.7270040370498327,0.6576565935490877,0.12049014866352081,0.15082642436027527,0.12049014866352081,0.15082642436027527,0.14789870381355286,0.25288233160972595,0.12049014866352081,0.02249029278755188,0.12049014866352081,0.02249029278755188,0.1688184142112732,0.051285937428474426
772,100,0.1097239009440554,0.10987018,0.37349375606197666,0.5618579572009055,0.5682641018527684,0.07349318265914917,0.04735153913497925,0.07349318265914917,0.04735153913497925,0.009466990828514099,0.04735153913497925,0.07349318265914917,0.04028098285198212,0.07349318265914917,0.04028098285198212,0.0856446623802185,0.032571010291576385
773,100,1.505409576403192,0.19121644,0.7478387008622749,0.38460384094223543,0.5524784108412635,0.15038934350013733,0.15038934350013733,0.15038934350013733,0.15038934350013733,0.04183149337768555,0.11866217851638794,0.15038934350013733,0.019637227058410645,0.15038934350013733,0.019637227058410645,0.16014911234378815,0.016217947006225586
774,100,1.3255541001145694,0.17304075,0.48383038526215305,0.8865480011431469,0.25964984080443765,0.24759039282798767,0.2795771360397339,0.24759039282798767,0.2795771360397339,0.0053144097328186035,0.2795771360397339,0.24759039282798767,0.015669867396354675,0.24759039282798767,0.015669867396354675,0.263583779335022,0.009744197130203247
775,100,1.6457314652166486,0.4016396,0.776810056795574,0.4020181522413424,0.5650096145359308,0.12626776099205017,0.12626776099205017,0.12626776099205017,0.12626776099205017,0.2450243979692459,0.28325796127319336,0.12626776099205017,0.005340844392776489,0.12626776099205017,0.005340844392776489,0.19361262023448944,0.03870363533496857
776,100,1.8363096383087063,0.26415735,0.676089910067029,0.4782543761777305,0.21993192026705266,0.06577417254447937,0.08537578582763672,0.06577417254447937,0.08537578582763672,0.1042717695236206,0.1308060586452484,0.08537578582763672,0.0007796287536621094,0.08537578582763672,0.0007796287536621094,0.10809092223644257,0.002594172954559326
777,100,0.1283736653793445,0.2936955,0.635769814636904,0.5206347385939865,0.33949220418622805,0.010910451412200928,0.010910451412200928,0.010910451412200928,0.010910451412200928,0.07446479797363281,0.09860032796859741,0.010910451412200928,0.016081571578979492,0.010910451412200928,0.016081571578979492,0.05475538969039917,0.03365892171859741
778,100,0.4688885013336321,0.2711205,0.5748182281442112,0.5083927200831908,0.3397527895995842,0.015995264053344727,0.015995264053344727,0.015995264053344727,0.015995264053344727,0.013265848159790039,0.022388696670532227,0.015995264053344727,0.02839750051498413,0.015995264053344727,0.02839750051498413,0.019191980361938477,0.03324177861213684
779,100,1.822033586374352,0.33218503,0.4642777634445332,0.8328802783835896,0.3748919617103037,0.15716008841991425,0.18873238563537598,0.15716008841991425,0.18873238563537598,0.06559628248214722,0.18873238563537598,0.15716008841991425,0.012492567300796509,0.15716008841991425,0.012492567300796509,0.1729462444782257,0.024013608694076538
780,100,0.6296568592700329,0.39694273,0.5595210037190992,0.42854210020673444,0.5731713637274358,0.10016524791717529,0.19429060816764832,0.10016524791717529,0.19429060816764832,0.043482452630996704,0.19429060816764832,0.10016524791717529,0.010531097650527954,0.10016524791717529,0.010531097650527954,0.13619928061962128,0.03693598508834839
781,100,1.7377302340172425,0.36424756,0.7272187259265854,0.49431974746773344,0.49538482006165585,0.12759354710578918,0.12759354710578918,0.12759354710578918,0.12759354710578918,0.010943233966827393,0.25509756803512573,0.12759354710578918,0.026220977306365967,0.12759354710578918,0.026220977306365967,0.1382097452878952,0.0304727703332901
782,100,1.072362772105541,0.5037277,0.5638966446812825,0.576082359916207,0.28712699385007867,0.06938815116882324,0.1385723352432251,0.06938815116882324,0.1385723352432251,0.04280805587768555,0.1385723352432251,0.06938815116882324,0.012553572654724121,0.06938815116882324,0.012553572654724121,0.10398024320602417,0.03814345598220825
783,100,0.8921346751527423,0.56848073,0.5813863932753552,0.4731830210773804,0.5427089525303479,0.03471970558166504,0.042466938495635986,0.03471970558166504,0.042466938495635986,0.09089687466621399,0.1633864939212799,0.042466938495635986,0.017117977142333984,0.042466938495635986,0.017117977142333984,0.0716959685087204,0.030679941177368164
784,100,0.2204375638643749,0.65357393,0.5597820476568033,0.5765053466141632,0.29998653557446,0.052688002586364746,0.10168421268463135,0.052688002586364746,0.10168421268463135,0.0584145188331604,0.10168421268463135,0.052688002586364746,0.020660102367401123,0.052688002586364746,0.020660102367401123,0.07718610763549805,0.02595946192741394
785,100,0.0969222846741563,0.49758422,0.45718300556347957,0.5227342850410239,0.5199048781697079,0.007010042667388916,0.011471033096313477,0.007010042667388916,0.011471033096313477,0.04497295618057251,0.09342819452285767,0.024315357208251953,0.027299225330352783,0.024315357208251953,0.027299225330352783,0.047972172498703,0.023334503173828125
786,100,0.2527716611050288,0.52287304,0.38560667920768066,0.564570808482334,0.5001058949740071,0.022597193717956543,0.03484418988227844,0.022597193717956543,0.03484418988227844,0.04188451170921326,0.06029263138771057,0.029934734106063843,0.0020636320114135742,0.029934734106063843,0.0020636320114135742,0.04077109694480896,0.010077953338623047
787,100,-1.5465859388415126,0.45383984,0.4047770708850571,0.47910517321009805,0.4154013926579369,0.016402125358581543,0.02126944065093994,0.016402125358581543,0.02126944065093994,0.008189797401428223,0.03809088468551636,0.011188328266143799,0.009306669235229492,0.011188328266143799,0.009306669235229492,0.0193156898021698,0.01578584313392639
788,100,0.7798199937684754,0.30769187,0.4448916064191263,0.40543530093141134,0.420224754504629,0.057426780462265015,0.057426780462265015,0.057426780462265015,0.057426780462265015,0.08360360562801361,0.1102852076292038,0.057426780462265015,0.017291218042373657,0.057426780462265015,0.017291218042373657,0.07295737415552139,0.03173927962779999
789,100,-0.1112527115103637,-0.13498169,0.10892693592152214,0.522228352309451,0.38595886321744755,0.06776830554008484,0.36875808238983154,0.06776830554008484,0.36875808238983154,0.05879303812980652,0.36036205291748047,0.06776830554008484,0.4042515158653259,0.06776830554008484,0.4042515158653259,0.07566426694393158,0.40094873309135437
790,100,-0.5712557154362901,0.23631126,0.584925571603771,0.0579818850351157,0.42329841649921485,0.23779204487800598,0.23779204487800598,0.23779204487800598,0.23779204487800598,0.18407747149467468,0.1317966878414154,0.23779204487800598,0.28626900911331177,0.23779204487800598,0.28626900911331177,0.2674114406108856,0.27824145555496216
791,100,-0.8898663583096962,0.42017382,0.33011043932020057,0.5820765407736768,0.08641302140103169,0.12132829427719116,0.09843307733535767,0.12132829427719116,0.09843307733535767,0.033350467681884766,0.09843307733535767,0.12132829427719116,0.07689023017883301,0.12132829427719116,0.07689023017883301,0.10988068580627441,0.08259975910186768
792,100,-1.5623276776855004,0.27886108,0.2199205628106582,0.3082138785189882,0.2903468015882157,0.08850517868995667,0.1147983968257904,0.08850517868995667,0.1147983968257904,0.06038793921470642,0.08625063300132751,0.01244845986366272,0.10584884881973267,0.01244845986366272,0.10584884881973267,0.019212111830711365,0.09086714684963226
793,100,-0.2598074573369004,-0.09013861,0.019855162269624693,0.17087175378966368,0.3179121555766904,0.025046542286872864,0.4613620340824127,0.025046542286872864,0.4613620340824127,0.29661619663238525,0.4613620340824127,0.025046542286872864,0.3236137330532074,0.025046542286872864,0.3236137330532074,0.11008701473474503,0.3861487805843353
794,100,-1.6850244635520557,-0.22991471,0.08658344587919231,0.16072210764249983,0.23294409712667719,0.09675896167755127,0.5716072916984558,0.09675896167755127,0.5716072916984558,0.33156007528305054,0.5716072916984558,0.09675896167755127,0.4306790232658386,0.09675896167755127,0.4306790232658386,0.19099470973014832,0.4878271222114563
795,100,0.5109045218237986,-0.5061719,0.18543886213124913,0.2189221292145268,0.06000211270673286,0.8404701352119446,0.6721715331077576,0.8404701352119446,0.6721715331077576,0.8963176608085632,0.6721715331077576,0.5902465581893921,0.2815124988555908,0.5902465581893921,0.2815124988555908,0.6312090158462524,0.33427923917770386
796,100,-0.8313623316348147,-0.47963157,0.28222974131037426,0.2745961926723878,0.0651207629965676,0.9022880792617798,0.63518887758255,0.9022880792617798,0.63518887758255,0.9356722831726074,0.7039154767990112,0.63518887758255,0.31684327125549316,0.63518887758255,0.31684327125549316,0.669552206993103,0.35179805755615234
797,100,-1.0389405986479676,0.024879832,0.4311686190760523,0.20174258074297519,0.204060490707198,0.17793983221054077,0.17793983221054077,0.17793983221054077,0.17793983221054077,0.054603349417448044,0.32656556367874146,0.17793983221054077,0.38667938113212585,0.17793983221054077,0.38667938113212585,0.1427699476480484,0.3962944746017456
798,100,-1.7979278467664566,-0.13214958,0.0017782878834768368,0.4312982532576597,0.18106466936286772,0.18932130932807922,0.08527906239032745,0.18932130932807922,0.08527906239032745,0.5278748273849487,0.4835743010044098,0.18932130932807922,0.2373940646648407,0.18932130932807922,0.2373940646648407,0.24510303139686584,0.3976980447769165
799,100,-1.033548433925504,-0.22011945,0.13462678816399942,0.03820620483920428,0.39902892630048026,0.15937522053718567,0.45598021149635315,0.15937522053718567,0.45598021149635315,0.5718047618865967,0.45598021149635315,0.15937522053718567,0.25867021083831787,0.15937522053718567,0.25867021083831787,0.19163523614406586,0.39592909812927246
800,100,0.190025927577921,-1.0600904,0.4351825917082043,0.1914126515849346,0.04778500625230009,1.0476938486099243,0.7031897306442261,1.0476938486099243,0.7031897306442261,1.4121553897857666,1.1308939456939697,0.7031897306442261,0.32943224906921387,0.7031897306442261,0.32943224906921387,0.9170418381690979,0.5408800840377808
801,100,0.2107413004090984,-0.9674231,0.1774409027878977,0.4266668729727312,0.09967666299200761,1.0205098390579224,1.1012600660324097,1.0205098390579224,1.1012600660324097,1.2743209600448608,1.1012600660324097,0.7843945026397705,0.42612224817276,0.7843945026397705,0.42612224817276,0.9428272843360901,0.6166181564331055
802,100,-0.5209095955467588,-0.59113955,0.2128182636682724,0.1479945504506634,0.29398364691492607,0.7943143844604492,0.7219794988632202,0.7943143844604492,0.7219794988632202,0.7553752660751343,0.7219794988632202,0.5216248035430908,0.38544780015945435,0.5216248035430908,0.38544780015945435,0.4947406053543091,0.3553556203842163
803,100,-0.1814936888691651,0.03906654,0.17792987598176674,0.24680036768522048,0.0705949642481058,0.05489300191402435,0.11888974159955978,0.05489300191402435,0.11888974159955978,0.11152850091457367,0.11888974159955978,0.06192009150981903,0.23323698341846466,0.06192009150981903,0.23323698341846466,0.09040491282939911,0.21328964829444885
804,100,1.2173430483008891,0.3271329,0.029339500859738243,0.26824832509217394,0.24707357897791254,0.049730151891708374,0.06052756309509277,0.049730151891708374,0.06052756309509277,0.08263054490089417,0.02880162000656128,0.049730151891708374,0.10282796621322632,0.049730151891708374,0.10282796621322632,0.0683279037475586,0.08894172310829163
805,100,-1.019032891003435,0.1349586,0.09989927266164333,0.026612382522972933,0.21994504204525575,0.044016167521476746,0.13889101147651672,0.044016167521476746,0.13889101147651672,0.10296761989593506,0.13889101147651672,0.044016167521476746,0.12916907668113708,0.044016167521476746,0.12916907668113708,0.025043077766895294,0.14942501485347748
806,100,1.0128128617212615,0.25518626,0.38969768471119737,0.10473015857060336,0.03498036912370389,0.2573108375072479,0.2573108375072479,0.2573108375072479,0.2573108375072479,0.0945441722869873,0.20084857940673828,0.2573108375072479,0.07969772815704346,0.2573108375072479,0.07969772815704346,0.2290797084569931,0.09487265348434448
807,100,1.2083127387840489,0.15097433,0.15301048212854312,0.4803135812064933,0.09244994092668662,0.3549440801143646,0.04579714685678482,0.3549440801143646,0.04579714685678482,0.32901543378829956,0.04579714685678482,0.3549440801143646,0.032234519720077515,0.3549440801143646,0.032234519720077515,0.20037060976028442,0.14216174185276031
808,100,0.7281724584697131,0.3747379,0.30163740184593335,0.10701810668104184,0.33784745917159464,0.1869836449623108,0.15725308656692505,0.1869836449623108,0.15725308656692505,0.3809604346752167,0.15725308656692505,0.1869836449623108,0.11928600072860718,0.1869836449623108,0.11928600072860718,0.31281620264053345,0.06327462196350098
809,100,4.182801706529977,0.34497043,0.2982318280104714,0.3573419942178113,0.13313226441811143,0.19864414632320404,0.5412286520004272,0.19864414632320404,0.5412286520004272,0.47148942947387695,0.5412286520004272,0.2563273310661316,0.17514249682426453,0.2563273310661316,0.17514249682426453,0.3987779915332794,0.08910514414310455
810,100,0.4373978959453235,0.830063,0.23028421934847665,0.3489399297719764,0.29769228276863857,0.17646920680999756,0.3215705156326294,0.17646920680999756,0.3215705156326294,0.3363540470600128,0.5714073181152344,0.17646920680999756,0.10494792461395264,0.17646920680999756,0.10494792461395264,0.28166985511779785,0.18775421380996704
811,100,3.5963340377253927,1.0983365,0.591382557935885,0.2144781789547182,0.32314220551542183,0.3946128487586975,0.3946128487586975,0.3946128487586975,0.3946128487586975,0.13824313879013062,0.9696356058120728,0.3946128487586975,0.09089374542236328,0.3946128487586975,0.09089374542236328,0.555891752243042,0.19611099362373352
812,100,0.4465816057142293,1.370936,0.14870125846457216,0.9859402829915593,0.2503522346852367,0.8775011301040649,1.0143293142318726,0.8775011301040649,1.0143293142318726,0.16182279586791992,1.3293421268463135,0.8775011301040649,0.06454908847808838,0.8775011301040649,0.06454908847808838,1.0324350595474243,0.1509433388710022
813,100,1.6600907431808016,1.427902,0.4830175580719289,0.13570386883114627,0.8750395064475813,0.6494240164756775,1.5408414602279663,0.6494240164756775,1.5408414602279663,1.1751060485839844,1.5408414602279663,0.6494240164756775,0.053685665130615234,0.6494240164756775,0.053685665130615234,1.002394199371338,0.17425131797790527
814,100,-0.0238435457228192,1.1666617,0.09177633031844312,0.9424403314878746,0.10930505247716216,1.0071661472320557,1.120975375175476,1.0071661472320557,1.120975375175476,0.13740336894989014,1.2637529373168945,1.0071661472320557,0.07478487491607666,1.0071661472320557,0.07478487491607666,1.081737995147705,0.12885475158691406
815,100,0.5059348391085852,1.279659,0.27935652727984484,0.13502578607590765,0.7654908111005303,0.6274990439414978,1.2338929176330566,0.6274990439414978,1.2338929176330566,0.5828234553337097,1.2338929176330566,0.6274990439414978,0.07246315479278564,0.6274990439414978,0.07246315479278564,0.8305709362030029,0.15342611074447632
816,100,0.26042666598192,0.690902,0.0018601336938895985,0.508442541238727,0.13291220171569101,0.6017399430274963,0.5955123901367188,0.6017399430274963,0.5955123901367188,0.28911349177360535,0.766632080078125,0.6017399430274963,0.00520479679107666,0.6017399430274963,0.00520479679107666,0.6870949268341064,0.07735908031463623
817,100,1.1805336777899187,0.7075968,0.09261288660933686,0.013498759626881407,0.4817067034849801,0.5713692903518677,0.6867347359657288,0.5713692903518677,0.6867347359657288,0.40951308608055115,0.6867347359657288,0.5713692903518677,0.007442831993103027,0.5713692903518677,0.007442831993103027,0.6330090165138245,0.06052705645561218
818,100,0.8750096837052743,0.20748192,0.017849647392009962,0.14233130562243998,0.032740748842659664,0.20434503257274628,0.2675629258155823,0.20434503257274628,0.2675629258155823,0.0028228312730789185,0.2593857944011688,0.20434503257274628,0.0677439272403717,0.20434503257274628,0.0677439272403717,0.2001192718744278,0.063383087515831
819,100,1.021342040730102,0.43746895,0.1932884840569955,0.028686227398537323,0.09273068321375913,0.24682298302650452,0.24682298302650452,0.24682298302650452,0.24682298302650452,0.19456082582473755,0.4620136618614197,0.24682298302650452,0.07426342368125916,0.24682298302650452,0.07426342368125916,0.32088279724121094,0.14947456121444702
820,100,0.3671209161665303,0.7726993,0.18057744862364528,0.41615286042363325,0.04225156883648329,0.5484670400619507,0.7972320318222046,0.5484670400619507,0.7972320318222046,0.713284432888031,0.7972320318222046,0.5484670400619507,0.11856889724731445,0.5484670400619507,0.11856889724731445,0.6728495359420776,0.2419203221797943
821,100,-0.0791189134708827,0.7950344,0.20675703108029053,0.21224856185262764,0.30921802077045557,0.4024014472961426,0.9472321271896362,0.4024014472961426,0.9472321271896362,0.5905495882034302,0.9472321271896362,0.4024014472961426,0.22989845275878906,0.4024014472961426,0.22989845275878906,0.5455543398857117,0.38402438163757324
822,100,0.8024658204102608,0.89755553,0.05867800208391083,0.3778909457162586,0.2722801321835811,0.49084892868995667,0.5956823229789734,0.49084892868995667,0.5956823229789734,0.829357385635376,0.9771755933761597,0.49084892868995667,0.08762973546981812,0.49084892868995667,0.08762973546981812,0.6895475387573242,0.28409284353256226
823,100,-0.3782007436092114,0.5201287,0.04330217002337322,0.06054730335717762,0.2620637321851097,0.38781970739364624,0.5053992867469788,0.38781970739364624,0.5053992867469788,0.2737346291542053,0.5053992867469788,0.38781970739364624,0.019176125526428223,0.38781970739364624,0.019176125526428223,0.45563405752182007,0.07775747776031494
824,100,-0.5215016784922586,0.22846046,0.15289577158148754,0.09796694166881523,0.029081926825120313,0.22983640432357788,0.22983640432357788,0.22983640432357788,0.22983640432357788,0.17118260264396667,0.19778159260749817,0.22983640432357788,0.13312223553657532,0.22983640432357788,0.13312223553657532,0.21380899846553802,0.11792206764221191
825,100,0.5394175323456123,-0.0010030735,0.15214248954660903,0.17317071437349218,0.145389784729153,0.2972528040409088,0.20887227356433868,0.2972528040409088,0.20887227356433868,0.11880086362361908,0.20887227356433868,0.2972528040409088,0.03364533185958862,0.2972528040409088,0.03364533185958862,0.25306254625320435,0.09148333966732025
826,100,-1.9041675845147903,-0.08466022,0.18285765389422162,0.20991289198936264,0.14486238563951762,0.6098006367683411,0.29604947566986084,0.6098006367683411,0.29604947566986084,1.0103936195373535,0.29604947566986084,0.14238378405570984,0.24106265604496002,0.14238378405570984,0.24106265604496002,0.21921662986278534,0.1857081651687622
827,100,-1.8949094213519455,-0.23165776,0.05601784295188039,0.26663305306378304,0.23728732607580239,0.6014150977134705,0.022906646132469177,0.6014150977134705,0.022906646132469177,1.1437790393829346,0.15609979629516602,0.16187259554862976,0.11938713490962982,0.16187259554862976,0.11938713490962982,0.23387682437896729,0.06773175299167633
828,100,-3.2605436025204253,-0.45776495,0.41987246610992346,0.04566027103087955,0.2689331486513935,1.0269759893417358,0.33579617738723755,1.0269759893417358,0.33579617738723755,1.5762474536895752,0.3194877505302429,0.33579617738723755,0.09501263499259949,0.33579617738723755,0.09501263499259949,0.4371291399002075,0.050051942467689514
829,100,-1.45912709792941,-0.80420595,0.45672493997026753,0.5737798684868718,0.0535461333199464,1.3497052192687988,0.9750781655311584,1.3497052192687988,0.9750781655311584,2.0832207202911377,0.9750781655311584,0.41304343938827515,0.07034140825271606,0.41304343938827515,0.07034140825271606,0.6940608024597168,0.1356770396232605
830,100,-0.914720453830138,-1.1923505,0.6659209946125639,0.3468146175658171,0.31079842639235733,0.8312633037567139,0.5125727653503418,0.8312633037567139,0.5125727653503418,1.1628332138061523,0.8125031590461731,0.5125727653503418,0.16517341136932373,0.5125727653503418,0.16517341136932373,0.6625379323959351,0.3059340715408325
831,100,-1.80961232602782,-1.0064249,0.2970162936057449,0.4760927663903198,0.33573452069878534,0.5296169519424438,0.380653977394104,0.5296169519424438,0.380653977394104,1.3257956504821777,0.8473418951034546,0.15087145566940308,0.11702471971511841,0.15087145566940308,0.11702471971511841,0.2994394600391388,0.18174448609352112
832,100,-0.7699761577982465,-1.0503464,0.22211541870410512,0.36430708919347776,0.5221461614664271,0.8301669955253601,0.9286695718765259,0.8301669955253601,0.9286695718765259,1.6923352479934692,0.9286695718765259,0.26321935653686523,0.10900270938873291,0.26321935653686523,0.10900270938873291,0.4613575339317322,0.19215986132621765
833,100,-1.799870695922305,-1.109114,0.41231800804612384,0.3180706023504233,0.4446911183777953,0.37186574935913086,0.977619469165802,0.37186574935913086,0.977619469165802,1.126987099647522,0.977619469165802,0.22392940521240234,0.12024319171905518,0.22392940521240234,0.12024319171905518,0.4033966362476349,0.28423556685447693
834,100,-0.7461617918473673,-1.1006252,0.23569118722479576,0.5917618480667831,0.3066452227315234,0.8021755814552307,0.5642513632774353,0.8021755814552307,0.5642513632774353,1.3092995882034302,0.9739435911178589,0.3581013083457947,0.10446721315383911,0.3581013083457947,0.10446721315383911,0.5248384475708008,0.18759191036224365
835,100,-0.9848499122740076,-1.0179455,0.43944493482766284,0.2521697341678888,0.4062743106428085,0.57930588722229,0.28594064712524414,0.57930588722229,0.28594064712524414,1.3796489238739014,0.9403390884399414,0.28594064712524414,0.09366118907928467,0.28594064712524414,0.09366118907928467,0.4640931487083435,0.2518148422241211
836,100,-1.4616008203692754,-0.9746984,0.23370104344542486,0.5304054491529143,0.22056406755576452,0.7640781998634338,0.5721043348312378,0.7640781998634338,0.5721043348312378,1.0284178256988525,0.5721043348312378,0.3507046699523926,0.07706916332244873,0.3507046699523926,0.07706916332244873,0.4614045023918152,0.15972882509231567
837,100,-1.6678932587343132,-1.2132987,0.27592998886436115,0.3006543228818791,0.6696434637525236,1.072253704071045,1.2105481624603271,1.072253704071045,1.2105481624603271,1.4435956478118896,1.2105481624603271,0.5312331914901733,0.17007815837860107,0.5312331914901733,0.17007815837860107,0.6948350667953491,0.27645841240882874
838,100,-1.3575527912270988,-0.9340379,0.3736333272634299,0.3521109483496019,0.22118758234832303,0.5031405687332153,0.29172414541244507,0.5031405687332153,0.29172414541244507,0.9552013874053955,0.6227535009384155,0.29172414541244507,0.15370094776153564,0.29172414541244507,0.15370094776153564,0.4572388231754303,0.31136101484298706
839,100,-3.040252398728428,-1.1219308,0.40493732953245687,0.435124519841163,0.3019296685649768,0.4344470500946045,0.7209386825561523,0.4344470500946045,0.7209386825561523,1.1448354721069336,0.7209386825561523,0.2844451665878296,0.18501853942871094,0.2844451665878296,0.18501853942871094,0.502691924571991,0.3709629774093628
840,100,-1.226597465030883,-1.1862253,0.33762208018067896,0.42880733488319606,0.3553700092075796,0.3470458984375,0.5896276831626892,0.3470458984375,0.5896276831626892,0.8058425188064575,1.077799677848816,0.2680257558822632,0.22610318660736084,0.2680257558822632,0.22610318660736084,0.46209070086479187,0.3737545609474182
841,100,-1.7407972600681436,-1.3961334,0.6521405032435849,0.35203550615159096,0.362747967025566,0.9386378526687622,0.4349278211593628,0.9386378526687622,0.4349278211593628,1.4973766803741455,1.37272047996521,0.4349278211593628,0.16343927383422852,0.4349278211593628,0.16343927383422852,0.6143050789833069,0.3154965043067932
842,100,-1.1838568505221252,-1.243276,0.3179659419004961,0.6130611696936625,0.3124747946410349,0.9904562830924988,0.7527271509170532,0.9904562830924988,0.7527271509170532,1.412352442741394,0.7527271509170532,0.39619553089141846,0.13875925540924072,0.39619553089141846,0.13875925540924072,0.5744613409042358,0.2789531946182251
843,100,-2.2930627690432095,-1.2551274,0.3916008459384907,0.31623432716143496,0.5200454633798184,0.8335676193237305,1.2102826833724976,0.8335676193237305,1.2102826833724976,1.5815707445144653,1.2102826833724976,0.3311091661453247,0.1680774688720703,0.3311091661453247,0.1680774688720703,0.5391010642051697,0.3328286111354828
844,100,-2.3569755073516983,-1.3187827,0.30695266648806996,0.5024259220104651,0.3720422703452738,0.5463135838508606,0.6923404335975647,0.5463135838508606,0.6923404335975647,1.0551329851150513,1.196633219718933,0.358977735042572,0.22579514980316162,0.358977735042572,0.22579514980316162,0.5787676572799683,0.3853350579738617
845,100,-2.6469700809340786,-1.5686309,0.6164150175692904,0.4132704690124367,0.582892466246877,0.9848076105117798,0.5262517929077148,0.9848076105117798,0.5262517929077148,2.0122151374816895,1.8994014263153076,0.5262517929077148,0.3167119026184082,0.5262517929077148,0.3167119026184082,0.9131980538368225,0.6906425356864929
846,100,-1.3616558907082663,-1.6621467,0.606932572297163,0.6386489487249927,0.32140525383074703,0.8329638838768005,1.1725249290466309,0.8329638838768005,1.1725249290466309,2.1114914417266846,1.1725249290466309,0.4300816059112549,0.18574702739715576,0.4300816059112549,0.18574702739715576,0.8013032674789429,0.47194793820381165
847,100,-1.732264753040501,-1.684605,0.6109357546643702,0.49257579239731797,0.38118377728611774,0.5547604560852051,0.4510599374771118,0.5547604560852051,0.4510599374771118,1.119032859802246,0.9575062990188599,0.4510599374771118,0.23921799659729004,0.4510599374771118,0.23921799659729004,0.7042831182479858,0.4897163510322571
848,100,0.6212385884870124,-1.5696136,0.3007869103417775,0.5758064475192133,0.5033779611996667,0.6453056931495667,0.581938624382019,0.6453056931495667,0.581938624382019,1.942627191543579,1.5323224067687988,0.2940196990966797,0.15341734886169434,0.2940196990966797,0.15341734886169434,0.6459537744522095,0.338898241519928
849,100,-1.991220910251676,-1.6157709,0.3335750348149089,0.3615814187336729,0.7822728722685902,1.1720857620239258,1.7172729969024658,1.1720857620239258,1.7172729969024658,1.9051916599273682,1.7172729969024658,0.480387806892395,0.17393457889556885,0.480387806892395,0.17393457889556885,0.7629875540733337,0.2905272841453552
850,100,-0.21355609639471,-1.0913205,0.20272003065257016,0.6166335013070978,0.5070874661341616,1.7749080657958984,0.39014267921447754,1.7749080657958984,0.39014267921447754,2.3591156005859375,1.1745707988739014,0.6515485644340515,0.18273568153381348,0.6515485644340515,0.18273568153381348,1.040163278579712,0.2263946533203125
851,100,-2.311957161528815,-0.945295,0.427478709523774,0.12893719509679225,0.440717547312635,1.266404390335083,0.7098170518875122,1.266404390335083,0.7098170518875122,2.165497303009033,0.7098170518875122,0.408435583114624,0.11627399921417236,0.408435583114624,0.11627399921417236,0.709187388420105,0.1650082767009735
852,100,-0.2884954269884471,-0.7573333,0.048705792470588816,0.6216721613587382,0.1857900863634966,1.6266440153121948,0.8579111099243164,1.6266440153121948,0.8579111099243164,1.4597439765930176,0.5598050355911255,0.7785990238189697,0.06611192226409912,0.7785990238189697,0.06611192226409912,0.6300259232521057,0.09546363353729248
853,100,-1.0685006885436137,-1.3195567,0.5147207322501641,0.0840104396656618,0.48715717122726854,1.088409662246704,0.42726027965545654,1.088409662246704,0.42726027965545654,2.4300193786621094,1.1331455707550049,0.42726027965545654,0.027919530868530273,0.42726027965545654,0.027919530868530273,0.7294192910194397,0.2146570086479187
854,100,-1.8441573790595407,-1.1148324,0.06992214512323192,0.7993185822931965,0.05210579737150389,1.8895765542984009,1.0924863815307617,1.8895765542984009,1.0924863815307617,1.9971981048583984,1.0924863815307617,0.9638152122497559,0.06667208671569824,0.9638152122497559,0.06667208671569824,1.0281507968902588,0.11099517345428467
855,100,-0.7952658032884157,-1.4481838,0.25795094885213665,0.13716848649058977,0.756752133727893,1.9558305740356445,1.2992841005325317,1.9558305740356445,1.2992841005325317,2.520256757736206,1.2992841005325317,0.667517364025116,0.04892444610595703,0.667517364025116,0.04892444610595703,0.877008318901062,0.13833069801330566
856,100,-2.1376558215338095,-1.0730176,0.4128421322535405,0.2962299002993761,0.08803353311423578,0.9044985175132751,0.36305081844329834,0.9044985175132751,0.36305081844329834,1.6427173614501953,0.757860004901886,0.36305081844329834,0.057539939880371094,0.36305081844329834,0.057539939880371094,0.5604554414749146,0.19608551263809204
857,100,-1.049762059432125,-1.2715129,0.20717608277714739,0.5008151110492111,0.2991943542567109,0.8639999628067017,0.6624401211738586,0.8639999628067017,0.6624401211738586,1.5304913520812988,1.1762727499008179,0.3942451477050781,0.16375517845153809,0.3942451477050781,0.16375517845153809,0.6197820901870728,0.29244834184646606
858,100,-1.8276718091134776,-1.5213174,0.4409036538803697,0.2400616770322177,0.6930215068775971,1.3454700708389282,1.8589321374893188,1.3454700708389282,1.8589321374893188,2.4174795150756836,1.8589321374893188,0.6157289743423462,0.14551925659179688,0.6157289743423462,0.14551925659179688,0.9816170334815979,0.37467509508132935
859,100,-1.8353636450026352,-1.1980467,0.24849874933355864,0.47315543970650026,0.20286853845740072,0.8701893091201782,0.7000064849853516,0.8701893091201782,0.7000064849853516,1.3449811935424805,0.7000064849853516,0.3847065567970276,0.11712789535522461,0.3847065567970276,0.11712789535522461,0.5423564910888672,0.23473969101905823
860,100,-1.479935583529017,-1.5157619,0.3941119391794389,0.2955168408895379,0.6485320495687988,1.0484299659729004,1.7559980154037476,1.0484299659729004,1.7559980154037476,2.123399019241333,1.7559980154037476,0.4624807834625244,0.14107871055603027,0.4624807834625244,0.14107871055603027,0.7562196254730225,0.3270769715309143
861,100,-2.017261061589799,-1.6243273,0.4557035772639557,0.6067924040243275,0.3412902045141286,1.054079532623291,1.3492918014526367,1.054079532623291,1.3492918014526367,2.1038525104522705,1.3492918014526367,0.6192257404327393,0.35939598083496094,0.6192257404327393,0.35939598083496094,0.984258770942688,0.657139778137207
862,100,-1.2311332318009818,-1.8066423,0.32289174653564157,0.5376799788415636,0.6532841006940375,0.6743016242980957,2.1487765312194824,0.6743016242980957,2.1487765312194824,1.9442310333251953,2.1487765312194824,0.5013552904129028,0.19346439838409424,0.5013552904129028,0.19346439838409424,0.9867404699325562,0.46170729398727417
863,100,-2.040214082092353,-1.5192986,0.43565382043386175,0.3692664285782481,0.4399239616292528,0.4252713918685913,1.5667716264724731,0.4252713918685913,1.5667716264724731,1.2175929546356201,1.5667716264724731,0.32270848751068115,0.23456501960754395,0.32270848751068115,0.23456501960754395,0.5784457325935364,0.48561447858810425
864,100,-0.0205759029398433,-1.4501228,0.2924387189287604,0.4959690694751606,0.3851238648019911,0.7060468196868896,0.7725176811218262,0.7060468196868896,0.7725176811218262,1.504947543144226,1.4838656187057495,0.39197731018066406,0.2388395071029663,0.39197731018066406,0.2388395071029663,0.6932865977287292,0.4419114589691162
865,100,-1.456443933156574,-1.7147849,0.46052469925065165,0.35094349417848303,0.6389304159202733,1.0979068279266357,2.083510398864746,1.0979068279266357,2.083510398864746,2.146027088165283,2.083510398864746,0.6888099908828735,0.32943105697631836,0.6888099908828735,0.32943105697631836,1.0514311790466309,0.649330735206604
866,100,-2.824868648820407,-1.3710524,0.030943418337717188,0.5552533558246606,0.4041764126047235,1.648730754852295,0.46053314208984375,1.648730754852295,0.46053314208984375,2.507625102996826,1.2654988765716553,0.45383167266845703,0.0029670000076293945,0.45383167266845703,0.0029670000076293945,0.8547899127006531,0.14971011877059937
867,100,-1.0904141275011885,-1.2395982,0.29998383799062156,0.0015575156716751692,0.6241104878690028,1.8234095573425293,1.2684309482574463,1.8234095573425293,1.2684309482574463,2.4277172088623047,1.2684309482574463,0.6782581210136414,0.004259705543518066,0.6782581210136414,0.004259705543518066,0.967170000076294,0.1576811671257019
868,100,-1.5857003240998648,-1.198745,0.5733367758210991,0.3886972197373093,0.05883134354891639,1.6135849952697754,0.6473196744918823,1.6135849952697754,0.6473196744918823,2.2748923301696777,1.4240349531173706,0.6473196744918823,0.006784796714782715,0.6473196744918823,0.006784796714782715,1.0356773138046265,0.2428382933139801
869,100,-2.3697976446760665,-1.6902761,0.18969534834866053,0.6714207294214634,0.30405739662189446,1.6208326816558838,1.1128926277160645,1.6208326816558838,1.1128926277160645,2.1594676971435547,1.8937911987304688,0.6628736257553101,0.19882667064666748,0.6628736257553101,0.19882667064666748,1.0710620880126953,0.3879786729812622
870,100,-1.119046573357312,-1.4777769,0.29946191813732737,0.23261003508600586,0.5944553912198011,1.3348265886306763,1.6635618209838867,1.3348265886306763,1.6635618209838867,2.078097343444824,1.6635618209838867,0.5712207555770874,0.15981626510620117,0.5712207555770874,0.15981626510620117,0.8317111730575562,0.3404046297073364
871,100,-2.8631245390133455,-1.6149207,0.442828401029862,0.369732079168948,0.30404967308177255,0.8410557508468628,0.41076552867889404,0.8410557508468628,0.41076552867889404,1.7692065238952637,0.9536263942718506,0.41076552867889404,0.25940966606140137,0.41076552867889404,0.25940966606140137,0.6821959614753723,0.5315446853637695
872,100,-1.1466564510986494,-1.564066,0.20323475093110321,0.4975449702097584,0.337540844512969,0.9710094928741455,0.7950949668884277,0.9710094928741455,0.7950949668884277,1.8898504972457886,1.5307958126068115,0.44748544692993164,0.2087918519973755,0.44748544692993164,0.2087918519973755,0.7688760757446289,0.3934752345085144
873,100,-2.3334580630166655,-1.6156839,0.4465525731559573,0.1873413795970147,0.44717021618691344,0.8914792537689209,1.671828269958496,0.8914792537689209,1.671828269958496,2.168321132659912,1.671828269958496,0.45632076263427734,0.15923428535461426,0.45632076263427734,0.15923428535461426,0.8125169277191162,0.43645596504211426
874,100,-0.3888724596331601,-1.4571393,0.17418604925326076,0.5379299744707612,0.22887537226439336,1.2438483238220215,0.9022610783576965,1.2438483238220215,0.9022610783576965,1.7991900444030762,1.5384870767593384,0.5180529356002808,0.18998336791992188,0.5180529356002808,0.18998336791992188,0.802082359790802,0.31734079122543335
875,100,-1.0428088686048127,-1.6257412,0.29933429428750713,0.20067005975114327,0.584233050973913,1.334954023361206,1.8148632049560547,1.334954023361206,1.8148632049560547,2.432462215423584,1.8148632049560547,0.5136010646820068,0.12315130233764648,0.5136010646820068,0.12315130233764648,0.8191424608230591,0.27083396911621094
876,100,0.1384553817156534,-1.2711265,0.01521967177973782,0.48652139237579395,0.18467565805129588,1.4564924240112305,0.8381264805793762,1.4564924240112305,0.8381264805793762,1.8217110633850098,1.388166069984436,0.7098758816719055,0.07630372047424316,0.7098758816719055,0.07630372047424316,0.9910191297531128,0.25246599316596985
877,100,-1.9405527721688511,-1.3005924,0.14050451842139877,0.0017520949065278346,0.4979989207525739,1.520607590675354,1.2956185340881348,1.520607590675354,1.2956185340881348,1.9184215068817139,1.2956185340881348,0.7746691703796387,0.11475491523742676,0.7746691703796387,0.11475491523742676,0.9482429027557373,0.24601027369499207
878,100,-2.160168098166541,-0.45778966,0.24363883879176512,0.14729529647380626,0.05706318270709529,0.05583298206329346,0.05583298206329346,0.05583298206329346,0.05583298206329346,0.8423693776130676,0.4214306175708771,0.05583298206329346,0.17512941360473633,0.05583298206329346,0.17512941360473633,0.23863179981708527,0.3980611562728882
879,100,-2.652500563871625,-1.0188451,0.3588367486596621,0.1475310973003764,0.25114385640933545,1.3618513345718384,0.6261463165283203,1.3618513345718384,0.6261463165283203,2.052537679672241,1.1897001266479492,0.6261463165283203,0.04275202751159668,0.6261463165283203,0.04275202751159668,0.9451154470443726,0.23634102940559387
880,100,-2.816599850622807,-1.2333044,0.3116936741262366,0.3441542362813482,0.17000136244081943,1.2220265865325928,1.174088716506958,1.2220265865325928,1.174088716506958,2.036520481109619,1.174088716506958,0.5368826985359192,0.036330223083496094,0.5368826985359192,0.036330223083496094,0.8554856777191162,0.2141263782978058
881,100,-3.63602406776164,-1.7325522,0.3430842707682513,0.3207257093919309,0.27499571396517997,0.5329854488372803,0.3584352731704712,0.5329854488372803,0.3584352731704712,1.2713288068771362,0.9472652673721313,0.3584352731704712,0.3070560693740845,0.3584352731704712,0.3070560693740845,0.6528502702713013,0.5964222550392151
882,100,-3.8516747806944673,-1.6811934,0.26894051200130975,0.3367052845452046,0.3167880527623943,0.3649766445159912,0.7075652480125427,0.3649766445159912,0.7075652480125427,1.0814824104309082,1.7212231159210205,0.25773727893829346,0.19814324378967285,0.25773727893829346,0.19814324378967285,0.5737004280090332,0.43612372875213623
883,100,-3.3775828746303684,-1.7424451,0.40678355189942816,0.26575715033356684,0.24955763314495394,0.601499080657959,0.4052548408508301,0.601499080657959,0.4052548408508301,1.1250872611999512,0.7854669690132141,0.4052548408508301,0.2017216682434082,0.4052548408508301,0.2017216682434082,0.5953608751296997,0.44158267974853516
884,100,-3.0919149560185204,-2.0711174,0.5091108506180576,0.40037589220656544,0.24332209269410565,0.9454169273376465,0.6047124862670898,0.9454169273376465,0.6047124862670898,1.9108622074127197,1.326408863067627,0.6047124862670898,0.25470709800720215,0.6047124862670898,0.25470709800720215,0.9655606746673584,0.6060561537742615
885,100,-2.869177497381993,-2.0282125,0.4279439811213934,0.39732611595406525,0.33091049427582675,0.48250889778137207,0.48250889778137207,0.48250889778137207,0.48250889778137207,1.2662625312805176,1.1024036407470703,0.48250889778137207,0.3380293846130371,0.48250889778137207,0.3380293846130371,0.7924562692642212,0.6820839643478394
886,100,-3.448099443033949,-2.31839,0.46611646588418126,0.42895933834650235,0.462914506133479,0.5168030261993408,0.5168030261993408,0.5168030261993408,0.5168030261993408,1.409252643585205,2.379910707473755,0.5168030261993408,0.35346555709838867,0.5168030261993408,0.35346555709838867,0.8513878583908081,0.8469791412353516
887,100,-0.4204893125638747,-1.9907178,0.31899340629987305,0.3534869876821428,0.3956083571890372,0.49684739112854004,1.9927326440811157,0.49684739112854004,1.9927326440811157,1.3978668451309204,1.9927326440811157,0.39983296394348145,0.34944188594818115,0.39983296394348145,0.34944188594818115,0.7840142250061035,0.6118895411491394
888,100,-3.5664583708975384,-2.0756145,0.49823056635706076,0.35986254110778765,0.33261684752693466,0.7314674854278564,0.5776917934417725,0.7314674854278564,0.5776917934417725,1.4166667461395264,1.208244800567627,0.5776917934417725,0.31730329990386963,0.5776917934417725,0.31730329990386963,0.8929682970046997,0.678783118724823
889,100,-2.2559774568358835,-1.6258298,0.07457474393840513,0.41716777401435423,0.3260448983521601,1.7973672151565552,0.6547741889953613,1.7973672151565552,0.6547741889953613,2.4361977577209473,1.6371877193450928,0.5124291181564331,0.08565127849578857,0.5124291181564331,0.08565127849578857,0.9924200773239136,0.3086118698120117
890,100,-1.3364082028038395,-1.8376894,0.5245545783921877,0.06552829200088273,0.43587248192146333,1.6686809062957764,0.726905345916748,1.6686809062957764,0.726905345916748,2.4891364574432373,1.8657119274139404,0.726905345916748,0.07407903671264648,0.726905345916748,0.07407903671264648,1.2143394947052002,0.4387490153312683
891,100,-1.7373468950103392,-1.6875795,0.2675190265978533,0.4836995111477539,0.08261922675207323,1.54844069480896,1.4923392534255981,1.54844069480896,1.4923392534255981,2.0728602409362793,1.4923392534255981,0.7851456999778748,0.07240009307861328,0.7851456999778748,0.07240009307861328,1.138742446899414,0.30866730213165283
892,100,-0.9217073848483,-1.7041938,0.11118401719506865,0.2572926400162123,0.3903631252409489,1.1633028984069824,1.674099326133728,1.1633028984069824,1.674099326133728,2.056410789489746,1.674099326133728,0.5086044073104858,0.21379876136779785,0.5086044073104858,0.21379876136779785,0.8664858937263489,0.4207403063774109
893,100,-1.8279271130450223,-1.7088146,0.1819748147246763,0.12168407916408214,0.26737120179171436,0.6795433759689331,1.3506758213043213,0.6795433759689331,1.3506758213043213,1.348022222518921,1.3506758213043213,0.40834951400756836,0.18794453144073486,0.40834951400756836,0.18794453144073486,0.6302158832550049,0.37356579303741455
894,100,-0.4561882526120985,-1.3732736,0.006046498226341068,0.20686085750044816,0.10002183888581212,0.7794098854064941,0.7884095907211304,0.7794098854064941,0.7884095907211304,1.268545389175415,1.2049014568328857,0.49605244398117065,0.24079692363739014,0.49605244398117065,0.24079692363739014,0.7115085124969482,0.4330359399318695
895,100,-0.3814647140243179,-1.8032428,0.195887336718667,0.073245610696139,0.25447275182328283,0.8517154455184937,1.544035792350769,0.8517154455184937,1.544035792350769,1.7963347434997559,1.544035792350769,0.4864380359649658,0.18696069717407227,0.4864380359649658,0.18696069717407227,0.7733257412910461,0.41074198484420776
896,100,-2.1651455900112584,-1.2234126,0.07817790593273469,0.26333434561657965,0.013154430916577892,1.2387425899505615,0.836302638053894,1.2387425899505615,0.836302638053894,1.3916503190994263,0.836302638053894,0.6591449975967407,0.2966179847717285,0.6591449975967407,0.2966179847717285,0.7477238178253174,0.37469691038131714
897,100,-0.2748518917593801,-0.96597165,0.16116525102214702,0.13608411177224727,0.2732559291972326,1.2568693161010742,1.1318321228027344,1.2568693161010742,1.1318321228027344,1.3449642658233643,1.1318321228027344,0.8213474750518799,0.2151165008544922,0.8213474750518799,0.2151165008544922,0.8893429040908813,0.2934686839580536
898,100,-1.9154408641867056,-0.93169034,0.32817054972615833,0.19929208703774315,0.18575568678964893,1.2385327816009521,0.7867158651351929,1.2385327816009521,0.7867158651351929,1.312705159187317,0.9358398914337158,0.7867158651351929,0.18713712692260742,0.7867158651351929,0.18713712692260742,0.8612778782844543,0.26512444019317627
899,100,-1.3009919908771326,-0.9879273,0.18877201586244852,0.33670075125096166,0.15961599293648165,1.3103675842285156,0.8854826092720032,1.3103675842285156,0.8854826092720032,1.3575149774551392,0.8854826092720032,0.8038479685783386,0.14365613460540771,0.8038479685783386,0.14365613460540771,0.8446652889251709,0.19069421291351318
900,100,-1.363566965928138,-1.4397564,0.20960267309317038,0.10705578401428728,0.3163629266276601,1.270263433456421,1.398146390914917,1.270263433456421,1.398146390914917,2.0019032955169678,1.398146390914917,0.6712005734443665,0.06096982955932617,0.6712005734443665,0.06096982955932617,0.9827053546905518,0.2960006892681122
901,100,-0.3578041613827319,-1.2592173,0.10633606306210008,0.27325752742358084,0.16874017266883073,1.2334951162338257,1.1805535554885864,1.2334951162338257,1.1805535554885864,1.3127104043960571,1.2877379655838013,0.7007224559783936,0.4076007008552551,0.7007224559783936,0.4076007008552551,0.7581992149353027,0.46246638894081116
902,100,-0.3974870234986328,-1.395654,0.09302374530468416,0.09861935181639267,0.19907983069874552,0.6092447638511658,1.2075804471969604,0.6092447638511658,1.2075804471969604,1.021065354347229,1.2075804471969604,0.42769891023635864,0.24510657787322998,0.42769891023635864,0.24510657787322998,0.629473865032196,0.42352232336997986
903,100,-0.3277531354454684,-1.2437241,0.141141496381092,0.12546445650794252,0.09787255535830361,0.10509133338928223,0.10509133338928223,0.10509133338928223,0.10509133338928223,1.0239453315734863,0.6048616766929626,0.10509133338928223,0.42887061834335327,0.10509133338928223,0.42887061834335327,0.35497650504112244,0.7001146078109741
904,100,0.2805410056120011,-1.0733638,0.11646566924053373,0.11969125113382781,0.10470245828487224,0.12232476472854614,0.24915790557861328,0.12232476472854614,0.24915790557861328,0.26243042945861816,0.24915790557861328,0.12232476472854614,0.4567641019821167,0.12232476472854614,0.4567641019821167,0.1857413351535797,0.5225355625152588
905,100,0.8175850729734372,-0.5576832,0.1776628593987823,0.1560376100498173,0.1671277432353633,0.10078510642051697,0.10078510642051697,0.10078510642051697,0.10078510642051697,0.2317579984664917,0.3522179424762726,0.10078510642051697,0.13600686192512512,0.10078510642051697,0.13600686192512512,0.1612701416015625,0.19598451256752014
906,100,-0.1189213498594749,-0.6147598,0.3127940966014805,0.15443073507539168,0.15561352108198773,0.08651208877563477,0.08651208877563477,0.08651208877563477,0.08651208877563477,0.2814338505268097,0.17004859447479248,0.08651208877563477,0.1140674352645874,0.08651208877563477,0.1140674352645874,0.0712553858757019,0.18448631465435028
907,100,2.1584689322568944,-0.17355797,0.4377207658909694,0.3424236540397777,0.18517211249859888,0.2191656231880188,0.2191656231880188,0.2191656231880188,0.2191656231880188,0.1370369791984558,0.31197506189346313,0.2191656231880188,0.0875435620546341,0.2191656231880188,0.0875435620546341,0.26557034254074097,0.047662653028964996
908,100,0.6432461748796937,0.025988378,0.24882776298179332,0.5104094839389228,0.35392608105035384,0.24099913239479065,0.20763885974884033,0.24099913239479065,0.20763885974884033,0.16473695635795593,0.29603928327560425,0.24099913239479065,0.028707832098007202,0.24099913239479065,0.028707832098007202,0.2857048511505127,0.03533606231212616
909,100,1.125229937384086,0.18740763,0.7382602881243345,0.21203865132637034,0.3078776015243989,0.34536856412887573,0.34536856412887573,0.34536856412887573,0.34536856412887573,0.2813965082168579,0.4533390998840332,0.34536856412887573,0.01298251748085022,0.34536856412887573,0.01298251748085022,0.414986789226532,0.03676486015319824
910,100,-0.4410974013142017,0.19926411,0.4100814592669305,0.7160069418533408,0.16483082377457436,0.3427959382534027,0.5003098845481873,0.3427959382534027,0.5003098845481873,0.17197540402412415,0.5003098845481873,0.3427959382534027,0.010091900825500488,0.3427959382534027,0.010091900825500488,0.4215528964996338,0.05061976611614227
911,100,0.9313933578645468,0.043483257,0.4486919534728697,0.3859460292403232,0.5074466100519466,0.1261437088251114,0.43264180421829224,0.1261437088251114,0.43264180421829224,0.1323314756155014,0.43264180421829224,0.1261437088251114,0.045198142528533936,0.1261437088251114,0.045198142528533936,0.1976911723613739,0.09776890277862549
912,100,-0.239730865913508,-0.0920489,0.1346889084646694,0.6145288175951265,0.4748813957744036,0.30041342973709106,0.17208068072795868,0.30041342973709106,0.17208068072795868,0.34664076566696167,0.37736666202545166,0.30041342973709106,0.10792403668165207,0.30041342973709106,0.10792403668165207,0.4053463637828827,0.06290431320667267
913,100,0.3524279942262318,-0.12931621,0.4667023767451546,0.14408400537017285,0.38974356491285106,0.17509523034095764,0.22349435091018677,0.17509523034095764,0.22349435091018677,0.3687935173511505,0.3124670684337616,0.22349435091018677,0.08137531578540802,0.22349435091018677,0.08137531578540802,0.3213827610015869,0.0814177617430687
914,100,-0.0769653610945916,-0.21766348,0.2447397202298146,0.5029934100371456,0.14264811363864915,0.2275153547525406,0.1582479327917099,0.2275153547525406,0.1582479327917099,0.12074730545282364,0.1582479327917099,0.2275153547525406,0.07430626451969147,0.2275153547525406,0.07430626451969147,0.19288164377212524,0.10244788974523544
915,100,-2.49635023267362,-0.22351085,0.36145221626328433,0.20501771469398877,0.39176074715004755,0.1437014490365982,0.17550687491893768,0.1437014490365982,0.17550687491893768,0.09062863886356354,0.17550687491893768,0.1437014490365982,0.04099974036216736,0.1437014490365982,0.04099974036216736,0.18821445107460022,0.03651735931634903
916,100,-0.220456200708803,-0.38277718,0.23048211720570455,0.41542808772976875,0.2534174208442883,0.130886048078537,0.1080176830291748,0.130886048078537,0.1080176830291748,0.1468176245689392,0.018634110689163208,0.130886048078537,0.021868258714675903,0.130886048078537,0.021868258714675903,0.08590598404407501,0.06262224912643433
917,100,-1.751531871087062,-0.9433725,0.28335321382251377,0.2490494817085691,0.32015955092263815,0.07929718494415283,0.5717698335647583,0.07929718494415283,0.5717698335647583,1.0216999053955078,0.5717698335647583,0.07929718494415283,0.01944446563720703,0.07929718494415283,0.01944446563720703,0.3161002993583679,0.3319089412689209
918,100,-0.8846072428424518,-1.0569363,0.1593274819789472,0.2191511517025757,0.16030579974356354,0.9088874459266663,0.5616727471351624,0.9088874459266663,0.5616727471351624,0.9163039922714233,0.5772888660430908,0.5129187107086182,0.04602396488189697,0.5129187107086182,0.04602396488189697,0.5208390951156616,0.05317172408103943
919,100,-0.0330875015108595,-1.2779019,0.10735418236593619,0.1323987155691863,0.181660194026748,0.7224746942520142,0.8369920253753662,0.7224746942520142,0.8369920253753662,0.7663390040397644,0.8369920253753662,0.3870793581008911,0.3313756585121155,0.3870793581008911,0.3313756585121155,0.4105469882488251,0.3552164137363434
920,100,-1.6180380159414378,-1.0219747,0.0508562166218188,0.09814895993527492,0.14710240447541711,0.04055255651473999,0.5702900886535645,0.04055255651473999,0.5702900886535645,0.7016631364822388,0.5702900886535645,0.04055255651473999,0.1782141923904419,0.04055255651473999,0.1782141923904419,0.21095913648605347,0.35224074125289917
921,100,0.5582134138369887,-1.3819088,0.14379853537607,0.012900843192212352,0.10040825308393381,0.0051386356353759766,0.0051386356353759766,0.0051386356353759766,0.0051386356353759766,0.6917781829833984,0.5341300964355469,0.0051386356353759766,0.14257562160491943,0.0051386356353759766,0.14257562160491943,0.16460734605789185,0.3343976140022278
922,100,-0.2841657112007674,-1.0135759,0.07824816315393215,0.2041287442662869,0.04137253416926159,0.007202625274658203,0.37113767862319946,0.007202625274658203,0.37113767862319946,0.7135362029075623,0.37113767862319946,0.007202625274658203,0.15110456943511963,0.007202625274658203,0.15110456943511963,0.18917015194892883,0.332693487405777
923,100,0.4042197224032195,-0.7752066,0.3393805701912881,0.07006721170395092,0.18642676910993566,0.12505054473876953,0.12505054473876953,0.12505054473876953,0.12505054473876953,0.00992649793624878,0.2144264578819275,0.12505054473876953,0.33125197887420654,0.12505054473876953,0.33125197887420654,0.12198606133460999,0.33428192138671875
924,100,0.2799204188995688,-0.64807624,0.2084461644714335,0.39246386740855943,0.06052740682492552,0.1476660966873169,0.06933712959289551,0.1476660966873169,0.06933712959289551,0.17033040523529053,0.06933712959289551,0.1476660966873169,0.27659136056900024,0.1476660966873169,0.27659136056900024,0.1085016131401062,0.313689649105072
925,100,0.8228117369208188,-0.23515524,0.3923107406054063,0.21107168759369743,0.2936593373322099,0.058977171778678894,0.09697525203227997,0.058977171778678894,0.09697525203227997,0.14100931584835052,0.11710162460803986,0.09697525203227997,0.055658385157585144,0.09697525203227997,0.055658385157585144,0.13862518966197968,0.03758522868156433
926,100,-0.0250553914422926,-0.27467334,0.33197703783454746,0.330048134595258,0.15955314741716364,0.03495931625366211,0.0633263885974884,0.03495931625366211,0.0633263885974884,0.11785045266151428,0.14746630191802979,0.0633263885974884,0.04216831922531128,0.0633263885974884,0.04216831922531128,0.1053963452577591,0.03860330581665039
927,100,-0.693233026105459,-0.078206375,0.5055019248699404,0.3360611721489231,0.30301218629651494,0.1720692366361618,0.1720692366361618,0.1720692366361618,0.1720692366361618,0.1247209906578064,0.22657595574855804,0.1720692366361618,0.049561381340026855,0.1720692366361618,0.049561381340026855,0.19932259619235992,0.07413888722658157
928,100,0.8685388358050646,-0.26866785,0.2333320113030164,0.49008081458937824,0.36887595662047024,0.23603937029838562,0.22927206754684448,0.23603937029838562,0.22927206754684448,0.16110730171203613,0.31748083233833313,0.23603937029838562,0.0060849785804748535,0.23603937029838562,0.0060849785804748535,0.2801850140094757,0.03676317632198334
929,100,-1.13404496121252,-0.25943023,0.12700986375718593,0.28284305911447166,0.3803277987461934,0.129551500082016,0.04078592360019684,0.129551500082016,0.04078592360019684,0.06007423996925354,0.04078592360019684,0.129551500082016,0.1479676365852356,0.129551500082016,0.1479676365852356,0.12640127539634705,0.1502057909965515
930,100,-0.0465109575245,-0.43857497,0.41558527892705077,0.09021241409876912,0.22134284621354228,0.19924801588058472,0.19924801588058472,0.19924801588058472,0.19924801588058472,0.016281485557556152,0.023827195167541504,0.19924801588058472,0.1565445065498352,0.19924801588058472,0.1565445065498352,0.19650259613990784,0.15891413390636444
931,100,-1.8119221748053729,-0.49863648,0.007158083412348359,0.45617312716505776,0.09120529756922885,0.19378679990768433,0.07714956998825073,0.19378679990768433,0.07714956998825073,0.1203528642654419,0.18422776460647583,0.19378679990768433,0.2463642954826355,0.19378679990768433,0.2463642954826355,0.13301530480384827,0.287076473236084
932,100,0.9246105864950732,-0.30689865,0.2590233027371753,0.030418260631077998,0.4193633849063689,0.14376094937324524,0.11563074588775635,0.14376094937324524,0.11563074588775635,0.061839208006858826,0.11563074588775635,0.14376094937324524,0.19933989644050598,0.14376094937324524,0.19933989644050598,0.1381584256887436,0.20317335426807404
933,100,0.1988200586391122,-1.156896,0.15595017543184173,0.19378003554220213,0.028410604460439776,0.011849761009216309,0.4363461136817932,0.011849761009216309,0.4363461136817932,0.89043128490448,0.4363461136817932,0.011849761009216309,0.300597608089447,0.011849761009216309,0.300597608089447,0.22409793734550476,0.5281925201416016
934,100,-0.1397430303414853,-0.7274239,0.4645859993149326,0.1483085669346691,0.17135440611962172,0.24750006198883057,0.24750006198883057,0.24750006198883057,0.24750006198883057,0.04095727205276489,0.21351516246795654,0.24750006198883057,0.4130074977874756,0.24750006198883057,0.4130074977874756,0.24271607398986816,0.41682952642440796
935,100,-0.2543567670345407,-0.3711878,0.3113691110509571,0.4615193372304292,0.08789934156481727,0.21327543258666992,0.2645348310470581,0.21327543258666992,0.2645348310470581,0.08576750755310059,0.2645348310470581,0.21327543258666992,0.21141348779201508,0.21327543258666992,0.21141348779201508,0.238905131816864,0.19523349404335022
936,100,-0.8654637705601116,-0.0088244155,0.20392385490648302,0.31667809528890756,0.420463174165473,0.16096210479736328,0.17647957801818848,0.16096210479736328,0.17647957801818848,0.03921864926815033,0.17647957801818848,0.16096210479736328,0.030419155955314636,0.16096210479736328,0.030419155955314636,0.18608427047729492,0.019893784075975418
937,100,1.403170727390497,-0.33724505,0.2108156165152889,0.23706457397782127,0.2472678109798643,0.025999993085861206,0.05525386333465576,0.025999993085861206,0.05525386333465576,0.05738621950149536,0.05525386333465576,0.025999993085861206,0.055137693881988525,0.025999993085861206,0.055137693881988525,0.01313839852809906,0.06654877960681915
938,100,-1.1070395395123067,-0.5192393,0.05632773233750432,0.20560542110008068,0.17615902370091557,0.08042806386947632,0.24699538946151733,0.08042806386947632,0.24699538946151733,0.09953328967094421,0.26408639550209045,0.05620107054710388,0.1975468099117279,0.05620107054710388,0.1975468099117279,0.06609821319580078,0.2068483680486679
939,100,0.7994377926608975,-0.114474684,0.6081721439723188,0.048081493382806095,0.17741269474933918,0.3481096029281616,0.3481096029281616,0.3481096029281616,0.3481096029281616,0.03601446747779846,0.07708907127380371,0.3481096029281616,0.15643802285194397,0.3481096029281616,0.15643802285194397,0.3191159963607788,0.17232194542884827
940,100,-0.9035516819709264,-0.27220824,0.021344802191935686,0.6443834451388863,0.05645760110998688,0.36882439255714417,0.04436871409416199,0.36882439255714417,0.04436871409416199,0.12840506434440613,0.1334797739982605,0.36882439255714417,0.2782679498195648,0.36882439255714417,0.2782679498195648,0.26915451884269714,0.3312734365463257
941,100,0.3706310167771622,-0.153771,0.4419173544266379,0.004373074128353305,0.3452060394040293,0.037034645676612854,0.16683252155780792,0.037034645676612854,0.16683252155780792,0.18401269614696503,0.12364701926708221,0.16683252155780792,0.12519319355487823,0.16683252155780792,0.12519319355487823,0.251620888710022,0.0790289118885994
942,100,-1.3146382794009752,-0.30500492,0.023787647972197123,0.5401412709344084,0.010542907652883904,0.2461009919643402,0.007901817560195923,0.2461009919643402,0.007901817560195923,0.3499503433704376,0.007901817560195923,0.2461009919643402,0.1904933601617813,0.2461009919643402,0.1904933601617813,0.12700140476226807,0.2815898656845093
943,100,0.2442243071629034,-0.15857744,0.3260360871444862,0.04967885607808731,0.35764052332266916,0.10940596461296082,0.02029356360435486,0.10940596461296082,0.02029356360435486,0.09696996212005615,0.02029356360435486,0.10940596461296082,0.12162628769874573,0.10940596461296082,0.12162628769874573,0.15114213526248932,0.09287449717521667
944,100,-0.2815515064820462,-0.5687362,0.08615295036577489,0.3422305736549942,0.031233920066063736,0.1045459508895874,0.22562777996063232,0.1045459508895874,0.22562777996063232,0.5701286196708679,0.22562777996063232,0.1045459508895874,0.15602439641952515,0.1045459508895874,0.15602439641952515,0.16508686542510986,0.30000564455986023
945,100,1.121060376186975,-0.36974114,0.34370514205128866,0.037944568340311235,0.28958826696442574,0.027565091848373413,0.058042287826538086,0.027565091848373413,0.058042287826538086,0.07815909385681152,0.14182469248771667,0.058042287826538086,0.20845383405685425,0.058042287826538086,0.20845383405685425,0.08427654206752777,0.19677041471004486
946,100,0.7519754538275606,-0.3600278,0.16162270402913437,0.3244529404258196,0.04708750189451627,0.06879311800003052,0.00957345962524414,0.06879311800003052,0.00957345962524414,0.15234796702861786,0.00957345962524414,0.06879311800003052,0.22481559216976166,0.06879311800003052,0.22481559216976166,0.03918328881263733,0.2591708302497864
947,100,2.0850570265182693,0.19001462,0.5378385191444065,0.18207347259258277,0.25683053003630474,0.22638367116451263,0.22638367116451263,0.22638367116451263,0.22638367116451263,0.14496465027332306,0.20485521852970123,0.22638367116451263,0.036849960684776306,0.22638367116451263,0.036849960684776306,0.24541577696800232,0.02483612298965454
948,100,1.0943616440181314,0.23812458,0.4253832037237398,0.47556185536406603,0.12633589793739142,0.16187404096126556,0.3368789553642273,0.16187404096126556,0.3368789553642273,0.24475137889385223,0.3368789553642273,0.16187404096126556,0.019983410835266113,0.16187404096126556,0.019983410835266113,0.24937650561332703,0.05585543066263199
949,100,2.135539352951099,0.10457021,0.49395370194080346,0.3138005644646298,0.2205060928087056,0.06310561299324036,0.06310561299324036,0.06310561299324036,0.06310561299324036,0.032379746437072754,0.12583181262016296,0.06310561299324036,0.010024398565292358,0.06310561299324036,0.010024398565292358,0.09446871280670166,0.018115967512130737
950,100,0.7046177083205096,0.4794628,0.40581906111142835,0.49752225074437,0.2510141683070316,0.13302373886108398,0.290108323097229,0.13302373886108398,0.290108323097229,0.14418286085128784,0.290108323097229,0.13302373886108398,0.03296518325805664,0.13302373886108398,0.03296518325805664,0.2115660309791565,0.08415807783603668
951,100,1.0916439701264793,0.2955199,0.44931112147893293,0.34580486746588107,0.24774391652177696,0.004086673259735107,0.004086673259735107,0.004086673259735107,0.004086673259735107,0.006441891193389893,0.07628194987773895,0.004086673259735107,0.00752103328704834,0.004086673259735107,0.00752103328704834,0.04018431156873703,0.022952139377593994
952,100,0.6034262293910609,0.49226534,0.4201782384304861,0.5410404886755951,0.3108345439651169,0.11407649517059326,0.22355026006698608,0.11407649517059326,0.22355026006698608,0.05451071262359619,0.22355026006698608,0.11407649517059326,0.04257309436798096,0.11407649517059326,0.04257309436798096,0.16881337761878967,0.08068716526031494
953,100,-0.3839342141855663,0.4009745,0.3526829384088107,0.3113816936349951,0.3595873273115387,0.04600036144256592,0.2145860195159912,0.04600036144256592,0.2145860195159912,0.04850006103515625,0.2145860195159912,0.04600036144256592,0.025656461715698242,0.04600036144256592,0.025656461715698242,0.09056895971298218,0.06277555227279663
954,100,0.8847327345581493,0.1637238,0.34963438401312347,0.36428785518682283,0.20813097054606045,0.061121195554733276,0.13835057616233826,0.061121195554733276,0.13835057616233826,0.07307812571525574,0.13835057616233826,0.061121195554733276,0.01939329504966736,0.061121195554733276,0.01939329504966736,0.09973588585853577,0.0485721230506897
955,100,0.0516198474598007,0.18925278,0.11634042178027826,0.34646504805055256,0.3174528555106051,0.014534369111061096,0.007201641798019409,0.014534369111061096,0.007201641798019409,0.11326713860034943,0.1201595664024353,0.08683256804943085,0.0699089914560318,0.08683256804943085,0.0699089914560318,0.1490933895111084,0.042063988745212555
956,100,1.2267032167152103,0.3202755,0.3811074186794946,0.18758810967002137,0.29942128794504597,0.0695832371711731,0.0695832371711731,0.0695832371711731,0.0695832371711731,0.08598881959915161,0.051930129528045654,0.0695832371711731,0.023321807384490967,0.0695832371711731,0.023321807384490967,0.08709526062011719,0.01812291145324707
957,100,0.7632091471288193,0.35277343,0.3064146538191439,0.5324309077049859,0.1770070077038507,0.12305431067943573,0.13502506911754608,0.12305431067943573,0.13502506911754608,0.014927864074707031,0.13502506911754608,0.12305431067943573,0.026617109775543213,0.12305431067943573,0.026617109775543213,0.1290396898984909,0.022464275360107422
958,100,1.414737502040443,0.5405619,0.4441256245079729,0.261808429527836,0.34455228370335894,0.11451682448387146,0.11451682448387146,0.11451682448387146,0.11451682448387146,0.14945557713508606,0.18660828471183777,0.11451682448387146,0.0032808780670166016,0.11451682448387146,0.0032808780670166016,0.14672154188156128,0.02219347655773163
959,100,-0.0736729387586124,0.5117252,0.3448689886980091,0.4169248030632991,0.20033706880824265,0.09635531902313232,0.21004381775856018,0.09635531902313232,0.21004381775856018,0.13437911868095398,0.21004381775856018,0.09635531902313232,0.0023859739303588867,0.09635531902313232,0.0023859739303588867,0.15319956839084625,0.036731600761413574
960,100,0.5769091794077756,0.43592978,0.41229386154651837,0.36280419833356464,0.28207334398237593,0.09250712394714355,0.09250712394714355,0.09250712394714355,0.09250712394714355,0.10269349813461304,0.17924988269805908,0.09250712394714355,0.010316967964172363,0.09250712394714355,0.010316967964172363,0.13587850332260132,0.04560503363609314
961,100,0.3295893184891879,0.48550826,0.18412035813753547,0.46645858417876407,0.2644775979400089,0.1703912615776062,0.15396857261657715,0.1703912615776062,0.15396857261657715,0.18240618705749512,0.2518681585788727,0.1703912615776062,0.011610597372055054,0.1703912615776062,0.011610597372055054,0.22051870822906494,0.02401582896709442
962,100,0.5244090527988499,0.47106266,0.3183956584185874,0.22076372223621388,0.41438354944803857,0.09478282928466797,0.13956987857818604,0.09478282928466797,0.13956987857818604,0.08085930347442627,0.13956987857818604,0.09478282928466797,0.006063699722290039,0.09478282928466797,0.006063699722290039,0.12315666675567627,0.013516902923583984
963,100,0.7681851546979188,0.47085887,0.2962710569097413,0.39051288141008106,0.23407838030164585,0.06525576114654541,0.11033523082733154,0.06525576114654541,0.11033523082733154,0.07533317804336548,0.11033523082733154,0.06525576114654541,0.0044026970863342285,0.06525576114654541,0.0044026970863342285,0.08779549598693848,0.015428006649017334
964,100,0.3953383734264656,0.5099563,0.3485666851343464,0.2917873812103293,0.27812225699322335,0.07485014200210571,0.08472549915313721,0.07485014200210571,0.08472549915313721,0.08496499061584473,0.12969356775283813,0.08472549915313721,0.044782280921936035,0.08472549915313721,0.044782280921936035,0.10720953345298767,0.06649252772331238
965,100,1.1295660601121231,0.5273078,0.3672076161835611,0.34661546291917866,0.2467704881942765,0.08229446411132812,0.08229446411132812,0.08229446411132812,0.08229446411132812,0.11379057168960571,0.1462453007698059,0.08229446411132812,0.01219022274017334,0.08229446411132812,0.01219022274017334,0.11426988244056702,0.03645682334899902
966,100,-0.3122141306292676,0.5563394,0.3104701022204664,0.41018292745671325,0.2860692128078226,0.0879310667514801,0.15964701771736145,0.0879310667514801,0.15964701771736145,0.09159454703330994,0.15964701771736145,0.0879310667514801,0.0314139723777771,0.0879310667514801,0.0314139723777771,0.12378904223442078,0.062071964144706726
967,100,-0.2942072540082567,0.60645324,0.44956106847452953,0.2661680420700627,0.2265294642152451,0.1640714406967163,0.1640714406967163,0.1640714406967163,0.1640714406967163,0.12733596563339233,0.2188001275062561,0.1640714406967163,0.03668344020843506,0.1640714406967163,0.03668344020843506,0.1914357841014862,0.05773010849952698
968,100,-0.689429233663837,0.3894252,0.13372175999728264,0.43399774027136995,0.26589501961502426,0.14973390102386475,0.0936574935913086,0.14973390102386475,0.0936574935913086,0.10880780220031738,0.15005040168762207,0.14973390102386475,0.04298222064971924,0.14973390102386475,0.04298222064971924,0.18044087290763855,0.024296939373016357
969,100,-0.008589738463464,0.41492817,0.14794556479108972,0.16447311523010394,0.33413867053777446,0.10801807045936584,0.022858411073684692,0.10801807045936584,0.022858411073684692,0.13190534710884094,0.022858411073684692,0.10801807045936584,0.053949207067489624,0.10801807045936584,0.053949207067489624,0.07254751026630402,0.07610216736793518
970,100,-0.5964531852940332,0.073282436,0.02780682582062549,0.1833137253433773,0.17550239558379666,0.07683581113815308,0.23054884374141693,0.07683581113815308,0.23054884374141693,0.12783867120742798,0.2668338418006897,0.07683581113815308,0.17061346769332886,0.07683581113815308,0.17061346769332886,0.10108239948749542,0.1927015483379364
971,100,-0.9440459617577278,0.24409115,0.20254945075875497,0.06543091059217548,0.16434951033123163,0.002023458480834961,0.002023458480834961,0.002023458480834961,0.002023458480834961,0.0772600769996643,0.18332332372665405,0.002023458480834961,0.15887147188186646,0.002023458480834961,0.15887147188186646,0.02322341501712799,0.17044714093208313
972,100,-1.1071718705181204,0.015539397,0.012273267522787124,0.21898724746176668,0.05253348990801171,0.0023848190903663635,0.18791666626930237,0.0023848190903663635,0.18791666626930237,0.17358943819999695,0.26998835802078247,0.0023848190903663635,0.18601053953170776,0.0023848190903663635,0.18601053953170776,0.054567139595746994,0.2272898256778717
973,100,-2.3195311908148977,-0.048562255,0.05743235470631075,0.0627057465926274,0.20681736773820875,0.0016358457505702972,0.4129630923271179,0.0016358457505702972,0.4129630923271179,0.32283294200897217,0.4129630923271179,0.0016358457505702972,0.28493306040763855,0.0016358457505702972,0.28493306040763855,0.09726597368717194,0.34870094060897827
974,100,-0.0184752858250765,-0.6836216,0.19340530146694263,0.12345012943052333,0.046160287066935535,0.622999906539917,0.4538794755935669,0.622999906539917,0.4538794755935669,0.9493752717971802,0.7630140781402588,0.4538794755935669,0.18672287464141846,0.4538794755935669,0.18672287464141846,0.6084467768669128,0.3526497781276703
975,100,-0.4636639478151914,-1.3457379,0.6469925968584529,0.2275666479802213,0.07739445606816286,1.3936173915863037,0.9589691758155823,1.3936173915863037,0.9589691758155823,1.722761869430542,1.4155936241149902,0.9589691758155823,0.3979456424713135,0.9589691758155823,0.3979456424713135,1.1872813701629639,0.6212742328643799
976,100,-0.1654182674318101,-1.006071,0.15704694871640287,0.590068662315095,0.10479230244237536,1.215598702430725,0.9136157631874084,1.215598702430725,0.9136157631874084,1.218295931816101,0.9136157631874084,0.9088374972343445,0.41850006580352783,0.9088374972343445,0.41850006580352783,0.9112266302108765,0.42191311717033386
977,100,0.2638378710887583,-0.2575345,0.07379188133192435,0.27105725779361334,0.404849174922121,0.6935548186302185,0.6559532880783081,0.6935548186302185,0.6559532880783081,0.6951860785484314,0.6559532880783081,0.5884314775466919,0.17004209756851196,0.5884314775466919,0.17004209756851196,0.5898641347885132,0.17471101880073547
978,100,0.0092747853725149,0.25323606,0.13076684444733094,0.10174404754210581,0.22364349449469464,0.0028545260429382324,0.13873934745788574,0.0028545260429382324,0.13873934745788574,0.07734799385070801,0.13873934745788574,0.0028545260429382324,0.10197502374649048,0.0028545260429382324,0.10197502374649048,0.02325814962387085,0.11942604184150696
979,100,0.957677629602607,0.2283692,0.21748161963683216,0.1499612835520731,0.10560547332583431,0.055563896894454956,0.055563896894454956,0.055563896894454956,0.055563896894454956,0.07431912422180176,0.014481037855148315,0.055563896894454956,0.07867515087127686,0.055563896894454956,0.07867515087127686,0.035022467374801636,0.09355080127716064
980,100,-0.751655453050055,0.37428176,0.13898057368971234,0.249573939559898,0.1311177110293067,0.05367395281791687,0.05555081367492676,0.05367395281791687,0.05555081367492676,0.007274210453033447,0.05555081367492676,0.05367395281791687,0.018260836601257324,0.05367395281791687,0.018260836601257324,0.054612383246421814,0.017446279525756836
981,100,0.8203364489686058,0.34677097,0.24834557047875477,0.11629112077640091,0.15933061738040846,0.12045171856880188,0.12045171856880188,0.12045171856880188,0.12045171856880188,0.07852983474731445,0.15349221229553223,0.12045171856880188,0.0010012388229370117,0.12045171856880188,0.0010012388229370117,0.13621167838573456,0.012217849493026733
982,100,-0.7479617592719856,0.2851439,0.08488936135321345,0.335046077524776,0.1351487953343854,0.19238151609897614,0.005538582801818848,0.19238151609897614,0.005538582801818848,0.04625937342643738,0.004012346267700195,0.19238151609897614,0.15410012006759644,0.19238151609897614,0.15410012006759644,0.19335228204727173,0.15367567539215088
983,100,0.2594509565579109,0.3234641,0.24100388787267568,0.04645196274178953,0.2897492252135029,0.14373061060905457,0.1365901380777359,0.14373061060905457,0.1365901380777359,0.3011325001716614,0.1365901380777359,0.14373061060905457,0.10680481791496277,0.14373061060905457,0.10680481791496277,0.24028873443603516,0.06180916726589203
984,100,-1.6928450452099573,-0.06338148,0.11329862264167395,0.2671475306383727,0.07207874953746796,0.22523285448551178,0.026437729597091675,0.22523285448551178,0.026437729597091675,0.27568191289901733,0.026437729597091675,0.22523285448551178,0.1499941647052765,0.22523285448551178,0.1499941647052765,0.12583529949188232,0.23189689218997955
985,100,0.1159737410684615,0.15208387,0.11561418480249414,0.10603906728864942,0.2452272886659988,0.15666785836219788,0.0032995790243148804,0.15666785836219788,0.0032995790243148804,0.08899995684623718,0.0032995790243148804,0.15666785836219788,0.16751205921173096,0.15666785836219788,0.16751205921173096,0.18801021575927734,0.14546149969100952
986,100,-0.9677177941550807,-0.70328224,0.4011879547969581,0.08437102303369753,0.17304779289616756,0.9184591770172119,0.46108710765838623,0.9184591770172119,0.46108710765838623,1.2923418283462524,0.6225556135177612,0.46108710765838623,0.06836807727813721,0.46108710765838623,0.06836807727813721,0.5870202779769897,0.10253649950027466
987,100,-1.1503173984637498,-0.32353464,0.04227802086992771,0.35722433106775336,0.0871878710745024,0.7814628481864929,0.39108139276504517,0.7814628481864929,0.39108139276504517,0.7510842084884644,0.33868473768234253,0.4174516201019287,0.027175188064575195,0.4174516201019287,0.027175188064575195,0.3914860486984253,0.05600069463253021
988,100,-0.9397384070024722,-0.4989236,0.18717668353999195,0.05673923352381205,0.2944257266153789,0.6135342121124268,0.523380696773529,0.6135342121124268,0.523380696773529,1.0443341732025146,0.523380696773529,0.34295618534088135,0.0316312313079834,0.34295618534088135,0.0316312313079834,0.4533158540725708,0.09956763684749603
989,100,-0.7181385614865939,-0.5126673,0.20958779379725453,0.219970772023668,0.025348016934603756,0.5011480450630188,0.45954498648643494,0.5011480450630188,0.45954498648643494,1.0286569595336914,0.45954498648643494,0.21924418210983276,0.01770639419555664,0.21924418210983276,0.01770639419555664,0.33939456939697266,0.09632591903209686
990,100,-1.386387908418488,-0.73115367,0.16868017885923595,0.2671411381394337,0.16077482781318553,0.33711469173431396,0.46466225385665894,0.33711469173431396,0.46466225385665894,0.527810275554657,0.46466225385665894,0.27974599599838257,0.18333983421325684,0.27974599599838257,0.18333983421325684,0.37220412492752075,0.26600438356399536
991,100,-1.1584318228147603,-0.6122573,0.12821829459498735,0.2194541055625913,0.18172841996620204,0.28934648633003235,0.36214348673820496,0.28934648633003235,0.36214348673820496,0.5824756026268005,0.5910691022872925,0.23086383938789368,0.11094951629638672,0.23086383938789368,0.11094951629638672,0.3404732346534729,0.21589912474155426
992,100,-1.3938365097210057,-0.72723424,0.27959816374166313,0.17542818646967612,0.14880739468633114,0.4042014479637146,0.24235284328460693,0.4042014479637146,0.24235284328460693,0.6189181804656982,0.4436979591846466,0.24235284328460693,0.13975602388381958,0.24235284328460693,0.13975602388381958,0.3430253863334656,0.22992566227912903
993,100,0.0673940554823904,-0.79266155,0.21795670990272065,0.3658813341133478,0.1240179310280739,0.5811395645141602,0.6094561219215393,0.5811395645141602,0.6094561219215393,0.9480286240577698,0.6094561219215393,0.36275702714920044,0.13050079345703125,0.36275702714920044,0.13050079345703125,0.4861065745353699,0.23211851716041565
994,100,-2.1751768335226997,-0.9181015,0.29041731075937394,0.30148951581253625,0.29020676234436205,0.262997567653656,0.5935989618301392,0.262997567653656,0.5935989618301392,0.6615989208221436,0.5935989618301392,0.262997567653656,0.267986536026001,0.262997567653656,0.267986536026001,0.4282982647418976,0.42573490738868713
995,100,-1.0615781877020711,-0.67255265,0.01110096915570613,0.3837301127638194,0.21647986308495493,0.8838081359863281,0.4048996865749359,0.8838081359863281,0.4048996865749359,1.2364611625671387,0.6759191751480103,0.42168086767196655,0.013588309288024902,0.42168086767196655,0.013588309288024902,0.5572265386581421,0.1197257936000824
996,100,-1.0081135883164145,-0.7089504,0.38905647819496925,0.01835223283503451,0.2340203968750445,0.903900146484375,0.37166979908943176,0.903900146484375,0.37166979908943176,1.3731410503387451,0.6657890677452087,0.37166979908943176,0.012163817882537842,0.37166979908943176,0.012163817882537842,0.5283161997795105,0.11323098838329315
997,100,0.3267970531982598,-0.73013246,0.2037923565051195,0.47591907785776544,0.018560036812041547,1.018209457397461,0.7280633449554443,1.018209457397461,0.7280633449554443,1.4971668720245361,0.7280633449554443,0.47415396571159363,0.007739663124084473,0.47415396571159363,0.007739663124084473,0.6011086702346802,0.07975614070892334
998,100,0.0659317076491267,-0.866212,0.19363232127221175,0.23842622563754984,0.37381943374155313,0.6077994108200073,0.8773361444473267,0.6077994108200073,0.8773361444473267,0.87908935546875,0.8773361444473267,0.3719058930873871,0.145302414894104,0.3719058930873871,0.145302414894104,0.5056763887405396,0.27668237686157227
999,100,1.268097306680878,-0.50550115,0.05703549979325012,0.28419722635554995,0.17810668809422617,0.7401624321937561,0.22204908728599548,0.7401624321937561,0.22204908728599548,1.1551072597503662,0.43387046456336975,0.2940857410430908,0.06206387281417847,0.2940857410430908,0.06206387281417847,0.4018242359161377,0.08933673799037933
1000,100,0.6195491817236971,-0.033017293,0.02604902818594189,0.11558353519419212,0.1511833134820985,0.3829813003540039,0.054130978882312775,0.3829813003540039,0.054130978882312775,0.29596811532974243,0.054130978882312775,0.17748048901557922,0.01698055863380432,0.17748048901557922,0.01698055863380432,0.12406153976917267,0.07323215901851654
1001,100,-0.0634207470338575,0.3213781,0.2832157880586294,0.04275654749848795,0.06774971615907144,0.291352778673172,0.291352778673172,0.291352778673172,0.291352778673172,0.19692489504814148,0.3696597218513489,0.291352778673172,0.022222697734832764,0.291352778673172,0.022222697734832764,0.3188595771789551,0.050287507474422455
1002,100,0.6725828217883771,0.41358924,0.14234720865309342,0.3494033852905752,0.021408269255457246,0.3579685688018799,0.5121462941169739,0.3579685688018799,0.5121462941169739,0.3505009412765503,0.5121462941169739,0.3579685688018799,0.008632391691207886,0.3579685688018799,0.008632391691207886,0.4350574314594269,0.0844096690416336
1003,100,1.3778841071094123,0.32331938,0.006926932874618985,0.17435491606081066,0.2528036310372689,0.22763898968696594,0.3935953378677368,0.22763898968696594,0.3935953378677368,0.21950411796569824,0.3935953378677368,0.22763898968696594,0.015242725610733032,0.22763898968696594,0.015242725610733032,0.31921178102493286,0.07315345853567123
1004,100,1.8100775646089264,0.19035687,0.1297472177435007,0.0013004881537861668,0.10174376591143947,0.12930813431739807,0.12930813431739807,0.12930813431739807,0.12930813431739807,0.21922090649604797,0.20518037676811218,0.12930813431739807,0.022256240248680115,0.12930813431739807,0.022256240248680115,0.17861531674861908,0.04879556596279144
1005,100,2.2561452133286606,0.5362494,0.37590787729730085,0.21767288691898679,0.00387298482385412,0.3879179060459137,0.3879179060459137,0.3879179060459137,0.3879179060459137,0.37810519337654114,0.6028310060501099,0.3879179060459137,0.01178520917892456,0.3879179060459137,0.01178520917892456,0.4953744411468506,0.10031697154045105
1006,100,1.5442644200607272,0.88224673,0.44925679800283047,0.36007427927298624,0.09503657539788013,0.40151312947273254,0.40151312947273254,0.40151312947273254,0.40151312947273254,0.6459106206893921,0.7818557024002075,0.40151312947273254,0.06654214859008789,0.40151312947273254,0.06654214859008789,0.5916844010353088,0.23188172280788422
1007,100,1.345736092004712,1.3053613,0.6437562769118862,0.5818584280735029,0.15318151445630512,0.6796104311943054,0.6796104311943054,0.6796104311943054,0.6796104311943054,1.1729609966278076,1.3490948677062988,0.6796104311943054,0.19421935081481934,0.6796104311943054,0.19421935081481934,1.0143526792526245,0.4900818169116974
1008,100,0.1732738193350467,1.1444771,0.4045315813977284,0.5906402465352897,0.22638656711045824,0.41192156076431274,0.8836401700973511,0.41192156076431274,0.8836401700973511,0.6484768390655518,0.8836401700973511,0.41192156076431274,0.11726939678192139,0.41192156076431274,0.11726939678192139,0.6477808952331543,0.2896275222301483
1009,100,0.3714948300750195,1.0666394,0.37078387151981124,0.39990377979180247,0.23615960753762866,0.14752548933029175,0.7540990114212036,0.14752548933029175,0.7540990114212036,0.2696302533149719,0.7540990114212036,0.3232194781303406,0.1842765212059021,0.3232194781303406,0.1842765212059021,0.5386592149734497,0.3715108633041382
1010,100,0.5337589919930176,0.74561834,0.03696722226198201,0.4350817631354036,0.25515046320164325,0.41350841522216797,0.5611531138420105,0.41350841522216797,0.5611531138420105,0.701158881187439,0.8279297351837158,0.49450188875198364,0.06844782829284668,0.49450188875198364,0.06844782829284668,0.6325771808624268,0.21650296449661255
1011,100,2.270316260336529,0.4024267,0.09736895802530021,0.0460116938268606,0.25282490368023564,0.31076037883758545,0.4956122040748596,0.31076037883758545,0.4956122040748596,0.10456901788711548,0.4956122040748596,0.31076037883758545,0.06731215119361877,0.31076037883758545,0.06731215119361877,0.37331467866897583,0.1350395381450653
1012,100,-0.373052166575477,0.30640602,0.1291278020264357,0.10552908766925131,0.03525119308139038,0.15656359493732452,0.15656359493732452,0.15656359493732452,0.15656359493732452,0.22405335307121277,0.2764046788215637,0.15656359493732452,0.04192519187927246,0.15656359493732452,0.04192519187927246,0.21648412942886353,0.1020875945687294
1013,100,-0.0966827375346837,0.7463724,0.5282194685331734,0.12202151661860372,0.053628716144160316,0.5353203415870667,0.5353203415870667,0.5353203415870667,0.5353203415870667,0.2877557873725891,0.6671507954597473,0.5353203415870667,0.04207205772399902,0.5353203415870667,0.04207205772399902,0.601235568523407,0.09923234581947327
1014,100,0.9332536212461152,0.5151379,0.13609486093738232,0.4894458033861368,0.08109183915445894,0.5154794454574585,0.39792004227638245,0.5154794454574585,0.39792004227638245,0.3243523836135864,0.39792004227638245,0.5154794454574585,0.07708212733268738,0.5154794454574585,0.07708212733268738,0.4566997289657593,0.06344582140445709
1015,100,1.1995012394039697,0.19853303,0.07186726763799689,0.13078733382900992,0.33177211104401727,0.37055057287216187,0.22312921285629272,0.37055057287216187,0.22312921285629272,0.4310494363307953,0.22312921285629272,0.37055057287216187,0.032422155141830444,0.37055057287216187,0.032422155141830444,0.31231749057769775,0.09427697956562042
1016,100,3.7372063936960016,0.21254627,0.23990175301125882,0.04595185097793429,0.07190457015871185,0.29223501682281494,0.29223501682281494,0.29223501682281494,0.29223501682281494,0.029078900814056396,0.19402578473091125,0.29223501682281494,0.03164765238761902,0.29223501682281494,0.03164765238761902,0.2584119141101837,0.06962033361196518
1017,100,1.780233016885073,0.7108526,0.3198759811082248,0.23190601514428333,0.002335728149336247,0.355895072221756,0.355895072221756,0.355895072221756,0.355895072221756,0.5381996035575867,0.6161677241325378,0.355895072221756,0.010713934898376465,0.355895072221756,0.010713934898376465,0.4860314130783081,0.120380699634552
1018,100,1.196958514582374,1.537317,0.962326073020543,0.2740649525076151,0.09937500577304781,0.9956865310668945,0.9956865310668945,0.9956865310668945,0.9956865310668945,0.7166438102722168,1.363373875617981,0.9956865310668945,0.1137467622756958,0.9956865310668945,0.1137467622756958,1.179530143737793,0.2469959855079651
1019,100,3.493774798409089,1.5809579,0.4834855509044994,0.7707441778264659,0.16154380804855872,0.7281927466392517,1.3839924335479736,0.7281927466392517,1.3839924335479736,0.6757869720458984,1.3839924335479736,0.7281927466392517,0.15010786056518555,0.7281927466392517,0.15010786056518555,1.056092619895935,0.39119619131088257
1020,100,-0.8610787139699394,1.6695958,0.3329003263421717,0.5111846707927706,0.6111117775545575,0.5956406593322754,1.7209089994430542,0.5956406593322754,1.7209089994430542,0.5455865859985352,1.7209089994430542,0.5956406593322754,0.2920013666152954,0.5956406593322754,0.2920013666152954,0.9325835704803467,0.6046572923660278
1021,100,0.2991551311092979,1.2492108,0.6052903879779519,0.2326365252284659,0.22480157566900094,0.5423434972763062,0.5423434972763062,0.5423434972763062,0.5423434972763062,0.33378708362579346,0.8973726034164429,0.5423434972763062,0.2038179636001587,0.5423434972763062,0.2038179636001587,0.7198580503463745,0.3178759813308716
1022,100,1.526711239091448,0.80661184,0.3490931846047799,0.7719475207946351,0.20460048356314275,0.9085221886634827,0.5919211506843567,0.9085221886634827,0.5919211506843567,0.4339882731437683,0.5919211506843567,0.9085221886634827,0.2749099135398865,0.9085221886634827,0.2749099135398865,0.7502216696739197,0.17140433192253113
1023,100,-2.004047561872708,0.3334542,0.023483120397859963,0.3820621444686888,0.5249084970974633,0.5965956449508667,0.4273633062839508,0.5965956449508667,0.4273633062839508,0.7203509211540222,0.4273633062839508,0.5965956449508667,0.11856752634048462,0.5965956449508667,0.11856752634048462,0.46199357509613037,0.1963564157485962
1024,100,-0.2385379621264411,0.23220186,0.364412289649677,0.016386638673124843,0.3304109473687139,0.4575103521347046,0.4575103521347046,0.4575103521347046,0.4575103521347046,0.5719658136367798,0.3166479766368866,0.4575103521347046,0.10157448053359985,0.4575103521347046,0.10157448053359985,0.33147549629211426,0.13586747646331787
1025,100,-0.5732630325802466,0.13593149,0.646310754965261,0.44937008603946454,0.033289046631645836,1.1510751247406006,0.6904483437538147,1.1510751247406006,0.6904483437538147,0.878288984298706,0.07118687033653259,0.6904483437538147,0.0919773280620575,0.6904483437538147,0.0919773280620575,0.38081759214401245,0.34862327575683594
1026,100,-1.1740838089732797,-0.44160888,0.15927741594958256,0.6182585575224198,0.19586785789579164,1.605209231376648,0.7280781269073486,1.605209231376648,0.7280781269073486,1.2659687995910645,0.2712406516075134,0.6310225129127502,0.051393985748291016,0.6310225129127502,0.051393985748291016,0.4154335558414459,0.07473306357860565
1027,100,-0.1787217440357262,-0.6187256,0.21131481075518577,0.15311594758522007,0.47423632700585117,0.915461540222168,0.5610135197639465,0.915461540222168,0.5610135197639465,1.245653748512268,0.5610135197639465,0.3087479770183563,0.03983432054519653,0.3087479770183563,0.03983432054519653,0.3888017535209656,0.09432132542133331
1028,100,-0.5589035466507194,-0.5377524,0.3963529260003382,0.25008105477510195,0.11427337478500665,0.5985783934593201,0.289400190114975,0.5985783934593201,0.289400190114975,0.9456347823143005,0.4945569932460785,0.289400190114975,0.039964377880096436,0.289400190114975,0.039964377880096436,0.39197859168052673,0.12424351274967194
1029,100,-0.1062403651120741,-0.6076846,0.1337302473991393,0.39313838931754286,0.1845575906080273,0.5807206630706787,0.2987654209136963,0.5807206630706787,0.2987654209136963,0.9223471879959106,0.4509690999984741,0.24912595748901367,0.03223240375518799,0.24912595748901367,0.03223240375518799,0.3208215832710266,0.0709836483001709
1030,100,-1.0333903247816898,-0.40305153,0.23150630295596686,0.1163010183782589,0.27852384091108473,0.4404916763305664,0.45658403635025024,0.4404916763305664,0.45658403635025024,0.7700090408325195,0.45658403635025024,0.21581052243709564,0.04574984312057495,0.21581052243709564,0.04574984312057495,0.3059922754764557,0.1261899173259735
1031,100,0.1254286651271001,-0.23052853,0.08837127273332623,0.2145033171176398,0.0766514806313715,0.3278709053993225,0.2128201723098755,0.3278709053993225,0.2128201723098755,0.3622426390647888,0.2128201723098755,0.17938971519470215,0.04704943299293518,0.17938971519470215,0.04704943299293518,0.19610494375228882,0.06300957500934601
1032,100,-0.1300881284802598,-0.5579554,0.3896265996050385,0.10973751608960824,0.20970792483371958,0.6578695774078369,0.31556588411331177,0.6578695774078369,0.31556588411331177,0.9858936071395874,0.5358786582946777,0.31556588411331177,0.032356202602386475,0.31556588411331177,0.032356202602386475,0.40369683504104614,0.10890540480613708
1033,100,0.0436443427505498,-0.5013589,0.05912483507876137,0.39406724619163885,0.10248625250949273,0.7605481147766113,0.2510470449924469,0.7605481147766113,0.2510470449924469,0.8812974691390991,0.2791152894496918,0.2888927459716797,0.025433599948883057,0.2888927459716797,0.025433599948883057,0.303491473197937,0.018479257822036743
1034,100,-0.1983369078057968,-0.22726165,0.0943734252479734,0.028950677368521083,0.3206375702524308,0.6440103054046631,0.2770341634750366,0.6440103054046631,0.2770341634750366,0.7720681428909302,0.2770341634750366,0.27845925092697144,0.034814491868019104,0.27845925092697144,0.034814491868019104,0.3001602292060852,0.018552646040916443
1035,100,0.259360787802109,-0.05779477,0.04902643255915021,0.10455135124194662,0.02467578045281349,0.13649946451187134,0.0312553346157074,0.13649946451187134,0.0312553346157074,0.1491037905216217,0.0312553346157074,0.04541230946779251,0.03218962624669075,0.04541230946779251,0.03218962624669075,0.038333822041749954,0.03909030556678772
1036,100,0.2365406245510492,-0.079441674,0.11386744400223917,0.05787031280190469,0.10905645515680108,0.1418054699897766,0.06315101683139801,0.1418054699897766,0.06315101683139801,0.23680821061134338,0.08690628409385681,0.06315101683139801,0.01489509642124176,0.06315101683139801,0.01489509642124176,0.08278113603591919,0.01905631273984909
1037,100,-1.4020184037870098,-0.09465637,0.004465445351252484,0.16926122384459497,0.08627867584094356,0.29790839552879333,0.01154247671365738,0.29790839552879333,0.01154247671365738,0.365318238735199,0.02600591629743576,0.08624063432216644,0.09400910884141922,0.08624063432216644,0.09400910884141922,0.07862117886543274,0.10071151703596115
1038,100,0.7750365112773833,0.20001367,0.048425098964336354,0.0495424846193635,0.06685522376620481,0.16222792863845825,0.1233786940574646,0.16222792863845825,0.1233786940574646,0.07493957877159119,0.1233786940574646,0.05011758208274841,0.08312831819057465,0.05011758208274841,0.08312831819057465,0.04526074230670929,0.1288764923810959
1039,100,0.4187821558499313,-0.29459158,0.49626841521949944,0.010493727306486567,0.0013266729144540412,0.9945424795150757,0.4805227220058441,0.9945424795150757,0.4805227220058441,0.9217145442962646,0.386254221200943,0.4805227220058441,0.06819012761116028,0.4805227220058441,0.06819012761116028,0.43338847160339355,0.10223637521266937
1040,100,0.5788431128309803,-0.112405196,0.1637980695109801,0.4163692944340689,0.004906139698173995,0.9568099975585938,0.16041092574596405,0.9568099975585938,0.16041092574596405,0.7650188207626343,0.16041092574596405,0.40569227933883667,0.05302819609642029,0.40569227933883667,0.05302819609642029,0.28305160999298096,0.16578511893749237
1041,100,0.6455011027941763,0.14443855,0.08989755966767823,0.21501903689091972,0.38527453095488945,0.8003778457641602,0.011519744992256165,0.8003778457641602,0.011519744992256165,0.6441198587417603,0.011519744992256165,0.3974953293800354,0.1481572836637497,0.3974953293800354,0.1481572836637497,0.26683753728866577,0.2947065830230713
1042,100,1.1164188728639617,0.6570157,0.13751399382641646,0.10825848183834658,0.18945910359166337,0.2274342179298401,0.5728878974914551,0.2274342179298401,0.5728878974914551,0.3507594168186188,0.5728878974914551,0.2274342179298401,0.1365017294883728,0.2274342179298401,0.1365017294883728,0.3220439553260803,0.22951136529445648
1043,100,0.6419715135843485,0.6326748,0.16768256851385538,0.15434961362751487,0.08685288044441619,0.20182090997695923,0.20182090997695923,0.20182090997695923,0.20182090997695923,0.3770778179168701,0.4012819528579712,0.20182090997695923,0.1107931137084961,0.20182090997695923,0.1107931137084961,0.3015514314174652,0.20851552486419678
1044,100,1.5795608480348202,0.84938186,0.30309079120838145,0.19506497596649786,0.14313912151631003,0.34844911098480225,0.34844911098480225,0.34844911098480225,0.34844911098480225,0.4241710901260376,0.6477140188217163,0.34844911098480225,0.21409213542938232,0.34844911098480225,0.21409213542938232,0.4980815649032593,0.34919148683547974
1045,100,0.3469683273076582,0.89399487,0.16245288472251385,0.3430388858381823,0.16491209901229226,0.387670636177063,0.6141347885131836,0.387670636177063,0.6141347885131836,0.45474523305892944,0.8774915337562561,0.387670636177063,0.1851048469543457,0.387670636177063,0.1851048469543457,0.5153886079788208,0.2964152991771698
1046,100,0.7319839900077071,1.0040276,0.38797254631250977,0.16941272518581552,0.2759367274536505,0.3892818093299866,0.3892818093299866,0.3892818093299866,0.3892818093299866,0.6153622269630432,1.0595993995666504,0.3892818093299866,0.18474698066711426,0.3892818093299866,0.18474698066711426,0.5917946100234985,0.36553066968917847
1047,100,1.3048868689957138,0.78087395,0.08337175273864555,0.3676451426959529,0.0903673110164932,0.37293145060539246,0.47130557894706726,0.37293145060539246,0.47130557894706726,0.3134007453918457,0.6152637600898743,0.37293145060539246,0.07348978519439697,0.37293145060539246,0.07348978519439697,0.4429118037223816,0.1211077868938446
1048,100,0.9188135447898363,0.82536864,0.18805150246036412,0.09211030410429877,0.39282377751678543,0.46253442764282227,0.8379904627799988,0.46253442764282227,0.8379904627799988,0.42824697494506836,0.8379904627799988,0.46253442764282227,0.11448794603347778,0.46253442764282227,0.11448794603347778,0.5811638236045837,0.2239827662706375
1049,100,2.267047575462527,0.6984266,0.32676403877994253,0.19047310968214493,0.04164626563281537,0.40655678510665894,0.40655678510665894,0.40655678510665894,0.40655678510665894,0.47197872400283813,0.7120214104652405,0.40655678510665894,0.1322910189628601,0.40655678510665894,0.1322910189628601,0.5592890977859497,0.2733985185623169
1050,100,0.0361786750610422,0.9522534,0.22678038413889223,0.32460095341032524,0.160670622139913,0.3306928277015686,0.6213669776916504,0.3306928277015686,0.6213669776916504,0.4926304519176483,0.6213669776916504,0.3306928277015686,0.17101681232452393,0.3306928277015686,0.17101681232452393,0.4760299026966095,0.30145150423049927
1051,100,-0.576346209109819,1.2064695,0.4427729425263749,0.23991008978369055,0.33947129140822435,0.37021881341934204,0.37021881341934204,0.37021881341934204,0.37021881341934204,0.4719043970108032,1.2393457889556885,0.37021881341934204,0.20068907737731934,0.37021881341934204,0.20068907737731934,0.6107344627380371,0.4047447741031647
1052,100,-0.5343282819951329,1.0693883,0.02085989138873179,0.6547615358612381,0.23707359743743028,0.7636996507644653,0.7780763506889343,0.7636996507644653,0.7780763506889343,0.589625358581543,1.155632495880127,0.7636996507644653,0.011069059371948242,0.7636996507644653,0.011069059371948242,0.9531036615371704,0.16138198971748352
1053,100,-0.995556531213682,0.5179121,0.23311791516507627,0.025855224438754043,0.5702420498318075,0.7215718030929565,0.5118334889411926,0.7215718030929565,0.5118334889411926,0.2673245072364807,0.5118334889411926,0.7215718030929565,0.014662027359008789,0.7215718030929565,0.014662027359008789,0.6093733310699463,0.11209923028945923
1054,100,-1.4737815436635004,-0.3372324,0.22400751714418637,0.24900633394974203,0.053841276158325846,0.4217659533023834,0.38279521465301514,0.4217659533023834,0.38279521465301514,0.80460524559021,0.38279521465301514,0.19698593020439148,0.01020878553390503,0.19698593020439148,0.01020878553390503,0.2898905873298645,0.08527675271034241
1055,100,-0.4830869350924791,-0.51858246,0.3259767763367837,0.2103497475974544,0.17532911755887093,0.4168919622898102,0.2710626423358917,0.4168919622898102,0.2710626423358917,0.5907568335533142,0.4426172077655792,0.2710626423358917,0.12862828373908997,0.2710626423358917,0.12862828373908997,0.3568399250507355,0.2104233205318451
1056,100,-1.2880790070751091,-0.78102434,0.4282556995621454,0.31358191012516884,0.18446272433674638,0.5614758133888245,0.28432056307792664,0.5614758133888245,0.28432056307792664,1.051900029182434,0.562808632850647,0.28432056307792664,0.06635987758636475,0.28432056307792664,0.06635987758636475,0.423564612865448,0.17342954874038696
1057,100,-1.9605504984171789,-0.7736164,0.18777087510041757,0.39594626640484915,0.2837750439202458,0.476036936044693,0.31484127044677734,0.476036936044693,0.31484127044677734,1.0693352222442627,0.6200823783874512,0.19916611909866333,0.06650412082672119,0.19916611909866333,0.06650412082672119,0.3279072642326355,0.13417872786521912
1058,100,-2.2382606013677653,-0.9405057,0.38279772661242273,0.19288973475700832,0.41194703245593095,0.5843634009361267,0.8545942306518555,0.5843634009361267,0.8545942306518555,1.3317339420318604,0.8545942306518555,0.27098792791366577,0.08541297912597656,0.27098792791366577,0.08541297912597656,0.4639052450656891,0.24102428555488586
1059,100,-2.0462167313136224,-1.1784276,0.6100454924762554,0.49445179375560644,0.22529116457270604,1.140940546989441,0.51482754945755,1.140940546989441,0.51482754945755,1.974801778793335,1.1062145233154297,0.51482754945755,0.1498093605041504,0.51482754945755,0.1498093605041504,0.8105210065841675,0.38645005226135254
1060,100,-1.0663074038979532,-1.4867952,0.6024240857867132,0.572347592248796,0.3307818179866906,0.6994656920433044,0.3781890869140625,0.6994656920433044,0.3781890869140625,1.7010843753814697,1.0097391605377197,0.3781890869140625,0.18904614448547363,0.3781890869140625,0.18904614448547363,0.6939641237258911,0.4496825039386749
1061,100,-4.625720466630562,-1.4174427,0.5020077891417385,0.5044786707910989,0.4019726369069101,0.3727520704269409,0.8188737630844116,0.3727520704269409,0.8188737630844116,0.9422396421432495,0.8188737630844116,0.31075966358184814,0.24322867393493652,0.31075966358184814,0.24322867393493652,0.5648167133331299,0.47305309772491455
1062,100,-2.0675036834376286,-1.4960526,0.2920966807023151,0.5778145147967585,0.6220798741680444,0.873807430267334,1.625064492225647,0.873807430267334,1.625064492225647,1.937391996383667,1.625064492225647,0.4927713871002197,0.19759619235992432,0.4927713871002197,0.19759619235992432,0.8670415878295898,0.46987202763557434
1063,100,0.3087117544471933,-1.9300368,0.954467727441046,0.34246502825638303,0.6314114222488656,2.1691009998321533,0.6909499168395996,2.1691009998321533,0.6909499168395996,2.846215009689331,2.205099582672119,0.6909499168395996,0.2344520092010498,0.6909499168395996,0.2344520092010498,1.1862818002700806,0.5551040172576904
1064,100,-2.412413684762946,-1.4562719,0.4630012458952021,0.7122229961902418,0.19561512696579153,1.272164225578308,1.1326522827148438,1.272164225578308,1.1326522827148438,2.197244644165039,1.1326522827148438,0.5198696851730347,0.09777581691741943,0.5198696851730347,0.09777581691741943,0.8262609839439392,0.2775977849960327
1065,100,-1.0275221978243176,-1.4288088,0.10212776203771057,0.6293003754914321,0.928715722168127,1.8594982624053955,1.7214341163635254,1.8594982624053955,1.7214341163635254,2.6125240325927734,1.7214341163635254,0.9680050611495972,0.08508920669555664,0.9680050611495972,0.08508920669555664,1.4008457660675049,0.26484939455986023
1066,100,-0.6227029580699801,-1.2460409,0.6531722522836778,0.11105375396426975,0.6016352400439711,1.482666015625,0.6359788179397583,1.482666015625,0.6359788179397583,2.3445746898651123,1.385172724723816,0.6359788179397583,0.07590854167938232,0.6359788179397583,0.07590854167938232,1.0668938159942627,0.3050183355808258
1067,100,-2.8605639161056686,-1.0392932,0.29933634548867283,0.7666140301697133,0.15403885048049193,1.532520055770874,1.2909908294677734,1.532520055770874,1.2909908294677734,2.0457847118377686,1.2909908294677734,0.9107985496520996,0.0965508222579956,0.9107985496520996,0.0965508222579956,1.1008946895599365,0.14360779523849487
1068,100,0.3548257903717229,-1.6741705,0.20843767631427745,0.40509096023553015,0.960157424896392,1.887300729751587,2.0059807300567627,1.887300729751587,2.0059807300567627,2.317859649658203,2.0059807300567627,1.1705682277679443,0.16798794269561768,1.1705682277679443,0.16798794269561768,1.455052375793457,0.42232978343963623
1069,100,-0.0649673960297163,-1.2477853,0.7210688598492404,0.17794845241707624,0.2981289992512194,1.5634528398513794,0.6984222531318665,1.5634528398513794,0.6984222531318665,2.061455011367798,1.5050580501556396,0.6984222531318665,0.19717717170715332,0.6984222531318665,0.19717717170715332,0.9553710222244263,0.37824928760528564
1070,100,-1.687511974664117,-1.098526,0.13253666603252867,0.9880247792241859,0.19414065872667896,2.0733304023742676,1.0936881303787231,2.0733304023742676,1.0936881303787231,2.2619142532348633,1.4841172695159912,1.2353298664093018,0.0934988260269165,1.2353298664093018,0.0934988260269165,1.4158236980438232,0.1096479594707489
1071,100,0.2910710021464952,-0.858476,0.008776572280118744,0.1885717966148942,1.0622080364536584,1.8253672122955322,1.3074848651885986,1.8253672122955322,1.3074848651885986,1.7753674983978271,1.3074848651885986,1.4152404069900513,0.024849295616149902,1.4152404069900513,0.024849295616149902,1.3496086597442627,0.09326532483100891
1072,100,-1.8253944218089404,-0.060022503,0.43932671746386287,0.10845898731877306,0.3325494092943537,0.897442102432251,0.5825841426849365,0.897442102432251,0.5825841426849365,0.8410286903381348,0.4763745069503784,0.5825841426849365,0.028152137994766235,0.5825841426849365,0.028152137994766235,0.5159524083137512,0.08284391462802887
1073,100,-1.420171662142513,-0.437279,0.1517018545354969,0.6616107399841047,0.09890466998891323,1.3976316452026367,0.8153448104858398,1.3976316452026367,0.8153448104858398,1.3358137607574463,0.8153448104858398,0.9235304594039917,0.04161176085472107,0.9235304594039917,0.04161176085472107,0.8694376349449158,0.06607963144779205
1074,100,-0.4845314848989801,-1.2643425,0.5408388292896995,0.13243607435490667,0.7216774277849909,1.645459532737732,1.4863901138305664,1.645459532737732,1.4863901138305664,2.408618211746216,1.4863901138305664,0.9047459363937378,0.1100776195526123,0.9047459363937378,0.1100776195526123,1.2679660320281982,0.2646670341491699
1075,100,0.1458149771382153,-0.90067995,0.43563102891099004,0.6959961198872,0.2764007993285702,1.5191627740859985,1.491162657737732,1.5191627740859985,1.491162657737732,1.9845807552337646,1.491162657737732,0.9852725863456726,0.1736156940460205,0.9852725863456726,0.1736156940460205,1.2382175922393799,0.2734769582748413
1076,100,-0.4436807296211271,-1.473674,0.14804943455095132,0.5294277495944624,0.7404087772304864,1.5258737802505493,1.8704502582550049,1.5258737802505493,1.8704502582550049,2.262681007385254,1.8704502582550049,0.9179105162620544,0.12994790077209473,0.9179105162620544,0.12994790077209473,1.2968538999557495,0.45727044343948364
1077,100,-0.558561048488491,-0.860888,0.0722360207292787,0.16976507577750688,0.6937513444412667,1.6960270404815674,1.2445838451385498,1.6960270404815674,1.2445838451385498,1.914062261581421,1.2445838451385498,1.0153368711471558,0.04988300800323486,1.0153368711471558,0.04988300800323486,1.1554012298583984,0.12445834279060364
1078,100,-2.27751465956144,0.071871065,0.04969216225175922,0.2214089908678712,0.052005941016260326,0.08919424563646317,0.09812501817941666,0.08919424563646317,0.09812501817941666,0.4856051504611969,0.3667210638523102,0.08919424563646317,0.1817912757396698,0.08919424563646317,0.1817912757396698,0.14553816616535187,0.3079792559146881
1079,100,-0.0155527331976585,0.0464925,0.10797143728821137,0.04571922883212155,0.23407701031013656,0.08059945702552795,0.33942288160324097,0.08059945702552795,0.33942288160324097,0.3814718723297119,0.33942288160324097,0.08059945702552795,0.20700572431087494,0.08059945702552795,0.20700572431087494,0.10800358653068542,0.3061176836490631
1080,100,-1.491848750808058,-0.90520334,0.628509455146044,0.15314264379160097,0.11551024517703712,1.3985559940338135,0.7166317105293274,1.3985559940338135,0.7166317105293274,1.6584162712097168,1.00529146194458,0.7166317105293274,0.18657028675079346,0.7166317105293274,0.18657028675079346,0.8609615564346313,0.29831069707870483
1081,100,-1.368201690368823,-1.111755,0.022032594057023847,0.8116289361818496,0.16256441782897535,1.8463780879974365,1.0756263732910156,1.8463780879974365,1.0756263732910156,2.0510268211364746,1.4024529457092285,1.069158911705017,0.004813432693481445,1.069158911705017,0.004813432693481445,1.2329416275024414,0.1415250599384308
1082,100,-0.1043115561690022,-1.325139,0.35849340783617745,0.03044616398993627,0.8021998728571069,1.6583662033081055,1.5707001686096191,1.6583662033081055,1.5707001686096191,2.251768112182617,1.5707001686096191,1.0118364095687866,0.0045316219329833984,1.0118364095687866,0.0045316219329833984,1.2881553173065186,0.1733800768852234
1083,100,-0.5767743787610015,-0.97156686,0.37920075916137885,0.5233639585833574,0.06794504725287864,1.357362985610962,1.2800580263137817,1.357362985610962,1.2800580263137817,2.0031661987304688,1.2800580263137817,0.7384576201438904,0.007969081401824951,0.7384576201438904,0.007969081401824951,1.0092577934265137,0.23998388648033142
1084,100,0.7633087474723801,-1.0892311,0.010127858518017896,0.43140811062197093,0.5350038506013832,1.368746042251587,1.3863128423690796,1.368746042251587,1.3863128423690796,2.0032646656036377,1.3863128423690796,0.6991121172904968,0.028914451599121094,0.6991121172904968,0.028914451599121094,1.0246825218200684,0.3015058934688568
1085,100,0.5039709916402331,-0.7891043,0.13931331612630582,0.050021731765153454,0.5632840711815458,1.433323621749878,1.2284547090530396,1.433323621749878,1.2284547090530396,1.661414623260498,1.2284547090530396,0.9586055874824524,0.06326168775558472,0.9586055874824524,0.06326168775558472,1.0694693326950073,0.18544431030750275
1086,100,-1.8537516281687283,0.35956743,0.3275707566508978,0.042532277011866126,0.19032134718015226,0.26480013132095337,0.26480013132095337,0.26480013132095337,0.26480013132095337,0.12726420164108276,0.03659948706626892,0.26480013132095337,0.21161487698554993,0.26480013132095337,0.21161487698554993,0.23698332905769348,0.22882309556007385
1087,100,1.0642870556524269,0.60774857,0.2550151219265056,0.46459897296483976,0.04283105791306374,0.3382664620876312,0.5256882309913635,0.3382664620876312,0.5256882309913635,0.426155686378479,0.5256882309913635,0.3382664620876312,0.21201032400131226,0.3382664620876312,0.21201032400131226,0.4319773316383362,0.1549759805202484
1088,100,0.670577425404369,0.3163285,0.42192765714479047,0.2944093865320036,0.4354895050173361,0.2729507386684418,0.1631944477558136,0.2729507386684418,0.1631944477558136,0.659822940826416,0.1631944477558136,0.2729507386684418,0.1577673852443695,0.2729507386684418,0.1577673852443695,0.3018699884414673,0.2843148708343506
1089,100,-1.0890494477248231,0.0028016418,0.35311297206944214,0.5420620658937394,0.2934243083640267,1.1307013034820557,0.41472572088241577,1.1307013034820557,0.41472572088241577,0.9989731311798096,0.41472572088241577,0.6768049597740173,0.2330862581729889,0.6768049597740173,0.2330862581729889,0.5457653403282166,0.4115334749221802
1090,100,0.8364355173680855,-0.08281958,0.23691452073118932,0.45149124568629095,0.6673850519550624,1.2136062383651733,0.3140496611595154,1.2136062383651733,0.3140496611595154,1.1225606203079224,0.3140496611595154,0.859679639339447,0.2607080340385437,0.859679639339447,0.2607080340385437,0.6983175277709961,0.5105836987495422
1091,100,0.5033654020341416,0.7763465,0.18998366221785534,0.3380155360575804,0.5389651250977491,0.33531680703163147,0.24141359329223633,0.33531680703163147,0.24141359329223633,0.44824910163879395,0.24141359329223633,0.33531680703163147,0.23041337728500366,0.33531680703163147,0.23041337728500366,0.4849545359611511,0.16913729906082153
1092,100,0.4603151418849501,0.6629776,0.31830423480200587,0.20973918251565227,0.5108452228208383,0.23824578523635864,0.10711807012557983,0.23824578523635864,0.10711807012557983,0.5712792873382568,0.10711807012557983,0.3436456322669983,0.28001856803894043,0.3436456322669983,0.28001856803894043,0.5188971757888794,0.2065035104751587
1093,100,-1.3824952001930384,0.3198468,0.21569307217585665,0.4500471365052399,0.29364570698787246,0.4508187174797058,0.6576149463653564,0.4508187174797058,0.6576149463653564,0.5786636471748352,0.05251610279083252,0.4508187174797058,0.18365423381328583,0.4508187174797058,0.18365423381328583,0.3299102783203125,0.2533845603466034
1094,100,1.0686172415231134,0.781076,0.16261667707019667,0.23677353513558297,0.3972683942835149,0.2415899634361267,0.5540348291397095,0.2415899634361267,0.5540348291397095,0.2967469096183777,0.5540348291397095,0.2415899634361267,0.09185898303985596,0.2415899634361267,0.09185898303985596,0.3295654058456421,0.16044119000434875
1095,100,-0.2384117015694378,0.40237707,0.3334341164793549,0.29180926675956276,0.39311883517915425,0.22178639471530914,0.0774378776550293,0.22178639471530914,0.0774378776550293,0.5725207328796387,0.0774378776550293,0.22178639471530914,0.1768871247768402,0.22178639471530914,0.1768871247768402,0.2372467815876007,0.2295592874288559
1096,100,-1.217946308075459,0.06096591,0.342522315424947,0.44960560256621673,0.27846783784912615,0.9533720016479492,0.29183727502822876,0.9533720016479492,0.29183727502822876,0.8292157053947449,0.29183727502822876,0.5556666254997253,0.24628975987434387,0.5556666254997253,0.24628975987434387,0.42375195026397705,0.44377225637435913
1097,100,-0.2985152333802919,-0.31654328,0.05256369229905383,0.4366925642969682,0.6581532771977567,1.4187273979187012,0.5152505040168762,1.4187273979187012,0.5152505040168762,1.2909929752349854,0.5152505040168762,0.8770596385002136,0.09009818732738495,0.8770596385002136,0.09009818732738495,0.6548116207122803,0.280712366104126
1098,100,-0.8221537654799723,0.1671386,0.3161306214995707,0.007606167531863606,0.5103845690725901,0.4902852475643158,0.08616459369659424,0.4902852475643158,0.08616459369659424,0.5658843517303467,0.08616459369659424,0.4902852475643158,0.08726656436920166,0.4902852475643158,0.08726656436920166,0.2610410451889038,0.28228533267974854
1099,100,0.4390742092297093,-0.53268397,0.059070262353854486,0.45332991948856927,0.04503676528271128,1.1036736965179443,0.7723184823989868,1.1036736965179443,0.7723184823989868,1.2017245292663574,0.7723184823989868,0.6637396216392517,0.1641015112400055,0.6637396216392517,0.1641015112400055,0.7180290222167969,0.21820271015167236
1100,100,-0.7945883555365755,-0.83051723,0.19077407927140355,0.07917019472652675,0.4862262650530567,1.0321400165557861,0.9710559844970703,1.0321400165557861,0.9710559844970703,1.3759386539459229,0.9710559844970703,0.6009612083435059,0.10320854187011719,0.6009612083435059,0.10320854187011719,0.7268362045288086,0.21522650122642517
1101,100,-1.1724339232881695,-0.27470508,0.1821785069077157,0.30627013251179014,0.08312696358028968,1.0603792667388916,0.32459643483161926,1.0603792667388916,0.32459643483161926,0.946312665939331,0.32459643483161926,0.5027034878730774,0.2396373152732849,0.5027034878730774,0.2396373152732849,0.4136499762535095,0.1458400934934616
1102,100,-1.4400050153415287,-0.28162864,0.18246314832076574,0.2478069530550352,0.28043028113153795,0.9494733810424805,0.5901001691818237,0.9494733810424805,0.5901001691818237,0.8427169322967529,0.5901001691818237,0.5146794319152832,0.2962537407875061,0.5146794319152832,0.2962537407875061,0.4132264256477356,0.17373378574848175
1103,100,-1.2918694109174562,-0.14415866,0.28077308205036355,0.18293137521294178,0.37128797496742594,0.26620712876319885,0.53379225730896,0.26620712876319885,0.53379225730896,0.6494641900062561,0.53379225730896,0.26620712876319885,0.35850292444229126,0.26620712876319885,0.35850292444229126,0.20785686373710632,0.5359171032905579
1104,100,-2.0799492173450913,-1.2500589,0.3365706119020677,0.405013799481734,0.333049017423924,0.7052338123321533,0.9924412369728088,0.7052338123321533,0.9924412369728088,1.432045578956604,0.9924412369728088,0.5095040202140808,0.47181975841522217,0.5095040202140808,0.47181975841522217,0.7509726285934448,0.7072413563728333
1105,100,-1.0199150880875725,-1.3253449,0.27739956731751203,0.4134023925833583,0.422785972126622,0.4762054681777954,1.4992738962173462,0.4762054681777954,1.4992738962173462,1.1815825700759888,1.4992738962173462,0.4762054681777954,0.24733519554138184,0.4762054681777954,0.24733519554138184,0.7735028862953186,0.5340319871902466
1106,100,-0.8332620255092928,-1.579966,0.4227954587223858,0.38453271289602486,0.5292843796722464,0.6220893263816833,1.7881581783294678,0.6220893263816833,1.7881581783294678,1.5307862758636475,1.7881581783294678,0.5522511005401611,0.3510551452636719,0.5522511005401611,0.3510551452636719,0.8375639915466309,0.6137408018112183
1107,100,-2.1590009522368656,-1.6321826,0.23808792484380126,0.6506598062326816,0.4939229603331934,1.295857548713684,1.0304720401763916,1.295857548713684,1.0304720401763916,2.070017099380493,1.8836479187011719,0.6727627515792847,0.1998540163040161,0.6727627515792847,0.1998540163040161,1.0840116739273071,0.5312168002128601
1108,100,1.017570128021862,-1.368694,0.18638902380294398,0.29569374259138836,0.68968635002516,1.3903911113739014,1.6240447759628296,1.3903911113739014,1.6240447759628296,1.833720326423645,1.6240447759628296,0.8288000226020813,0.17242002487182617,0.8288000226020813,0.17242002487182617,1.0731292963027954,0.3704386353492737
1109,100,-0.4318882412174795,-1.1933581,0.43317503123656176,0.21069925058236239,0.32974115377644075,0.9126169085502625,0.4631537199020386,0.9126169085502625,0.4631537199020386,1.5412466526031494,1.4457075595855713,0.4631537199020386,0.2737841010093689,0.4631537199020386,0.2737841010093689,0.7635173201560974,0.5309377908706665
1110,100,0.6440095402007875,-0.7182289,0.35294610192147935,0.6374902991622788,0.22037221991242617,1.568073034286499,0.5747810006141663,1.568073034286499,0.5747810006141663,1.4654109477996826,0.5747810006141663,0.9048426151275635,0.4130983352661133,0.9048426151275635,0.4130983352661133,0.7398117780685425,0.23920363187789917
1111,100,-1.7011358630486364,-0.64485574,0.05356405677971554,0.4526283343633013,0.6994122916838965,1.4727520942687988,0.7097982168197632,1.4727520942687988,0.7097982168197632,1.3620097637176514,0.7097982168197632,0.9563665986061096,0.12944555282592773,0.9563665986061096,0.12944555282592773,0.7689391374588013,0.23067277669906616
1112,100,0.124192694861724,0.70740235,0.26293823850113907,0.021558623351284778,0.6046924244010776,0.41724497079849243,0.4068848788738251,0.41724497079849243,0.4068848788738251,0.49948573112487793,0.4068848788738251,0.41724497079849243,0.10603940486907959,0.41724497079849243,0.10603940486907959,0.5196999311447144,0.056784629821777344
1113,100,0.4953183891421114,-0.30639765,0.36936573001885753,0.35823513740910495,0.0011796367857156431,1.004384160041809,0.5415745973587036,1.004384160041809,0.5415745973587036,0.8901782035827637,0.2586716413497925,0.5415745973587036,0.17882047593593597,0.5415745973587036,0.17882047593593597,0.40012311935424805,0.13124966621398926
1114,100,-0.6910585436520176,-0.22311425,0.10351585564475613,0.45370184407086206,0.4655294115447095,0.3553889989852905,0.3694775700569153,0.3553889989852905,0.3694775700569153,0.9140725135803223,0.3694775700569153,0.3553889989852905,0.03716498613357544,0.3553889989852905,0.03716498613357544,0.37872061133384705,0.341068834066391
1115,100,-0.662427629988176,-0.48546225,0.19526218817508498,0.1283512412221572,0.44858813045155965,1.1538394689559937,0.4722632169723511,1.1538394689559937,0.4722632169723511,1.0886754989624023,0.4722632169723511,0.6267388463020325,0.04373806715011597,0.6267388463020325,0.04373806715011597,0.5690418481826782,0.11096107959747314
1116,100,-0.463173999695214,0.122463785,0.03528997238046927,0.3020445125952005,0.2903201832624848,0.1435161828994751,0.0008464157581329346,0.1435161828994751,0.0008464157581329346,0.0493382066488266,0.046341672539711,0.1435161828994751,0.12497050315141678,0.1435161828994751,0.12497050315141678,0.17010246217250824,0.10630231350660324
1117,100,-1.9888781423360444,-0.2003931,0.05224789466542468,0.06261757494964956,0.35645988511875315,0.19546781480312347,0.19755896925926208,0.19546781480312347,0.19755896925926208,0.3495054244995117,0.19755896925926208,0.19546781480312347,0.1594296544790268,0.19546781480312347,0.1594296544790268,0.119273342192173,0.2493608593940735
1118,100,-0.1633895855160905,-0.5824367,0.00033842934826819326,0.07427409112043803,0.08483680139241337,0.49752628803253174,0.7168959379196167,0.49752628803253174,0.7168959379196167,0.7456088066101074,0.7168959379196167,0.3944607377052307,0.13780754804611206,0.3944607377052307,0.13780754804611206,0.5105962753295898,0.28817033767700195
1119,100,-0.1602008940086853,-0.79836553,0.2180367202411609,0.013260424060305365,0.08203763357296423,0.6206979751586914,0.31972622871398926,0.6206979751586914,0.31972622871398926,0.9368796944618225,0.8028061985969543,0.31972622871398926,0.18621331453323364,0.31972622871398926,0.18621331453323364,0.488150954246521,0.34220924973487854
1120,100,-1.9976452146096977,-0.8281235,0.060205804971382754,0.43901923874911564,0.03512250105898396,0.977677047252655,0.712119460105896,0.977677047252655,0.712119460105896,0.9939081072807312,0.712119460105896,0.6781237125396729,0.2048359513282776,0.6781237125396729,0.2048359513282776,0.6951215863227844,0.22677892446517944
1121,100,-0.0980702839402452,-0.8095162,0.06337173681872599,0.07888155416473483,0.5238911480774071,1.1101973056793213,0.8893834352493286,1.1101973056793213,0.8893834352493286,1.1309049129486084,0.8893834352493286,0.8049381375312805,0.04556870460510254,0.8049381375312805,0.04556870460510254,0.8287657499313354,0.07967481017112732
1122,100,0.2281093979072777,-0.5824576,0.34546582480809335,0.10749961876172803,0.12083189320651316,0.8101521730422974,0.5034781694412231,0.8101521730422974,0.5034781694412231,0.834553599357605,0.5872790813446045,0.5034781694412231,0.04993051290512085,0.5034781694412231,0.04993051290512085,0.5249749422073364,0.07481278479099274
1123,100,-1.399935021047907,-0.7798638,0.08457937426993112,0.5043602222160682,0.18275150533163873,1.1159698963165283,0.7943106889724731,1.1159698963165283,0.7943106889724731,1.1395554542541504,0.848708987236023,0.7696977853775024,0.0308377742767334,0.7696977853775024,0.0308377742767334,0.7976539134979248,0.07546138763427734
1124,100,0.3019837458831012,-0.8518459,0.14982839463169853,0.1157194441728473,0.5967349861060427,1.214113473892212,0.8755425810813904,1.214113473892212,0.8755425810813904,1.1825555562973022,0.8755425810813904,0.9041565656661987,0.04567861557006836,0.9041565656661987,0.04567861557006836,0.8759545087814331,0.03391626477241516
1125,100,0.4988897030208977,-0.19834468,0.1921065935026534,0.2520025438689899,0.23201451125423517,0.07595184445381165,0.24983468651771545,0.07595184445381165,0.24983468651771545,0.08048585057258606,0.2826206684112549,0.07595184445381165,0.31255918741226196,0.07595184445381165,0.31255918741226196,0.05600033700466156,0.32694298028945923
1126,100,-0.8747699508902297,-0.20034415,0.19383332896273575,0.2697040280167182,0.3986451318839573,0.08069461584091187,0.279412180185318,0.08069461584091187,0.279412180185318,0.6016244292259216,0.279412180185318,0.12202635407447815,0.09757822751998901,0.12202635407447815,0.09757822751998901,0.23628468811511993,0.22171595692634583
1127,100,1.127910614029621,-0.32273033,0.22063406524200424,0.2928431941983626,0.3203645023066052,0.7135486602783203,0.358456552028656,0.7135486602783203,0.358456552028656,0.7064634561538696,0.358456552028656,0.5295437574386597,0.1478056013584137,0.5295437574386597,0.1478056013584137,0.4961966276168823,0.21966153383255005
1128,100,-0.0933180776217998,0.1930928,0.05687538874927678,0.3273992132062662,0.35712775529787927,0.023753196001052856,0.024342238903045654,0.023753196001052856,0.024342238903045654,0.15172317624092102,0.024342238903045654,0.0753215029835701,0.140333354473114,0.0753215029835701,0.140333354473114,0.14872053265571594,0.0971912145614624
1129,100,-0.3845789803675691,0.12981561,0.3218850816353591,0.07292268408584013,0.28710177547820037,0.23380574584007263,0.23380574584007263,0.23380574584007263,0.23380574584007263,0.1995793581008911,0.11695176362991333,0.23380574584007263,0.16614419221878052,0.23380574584007263,0.16614419221878052,0.3117995858192444,0.12391719222068787
1130,100,0.1208457634376349,0.13243812,0.07607144020862638,0.5667221970981005,0.06317511761618633,0.44078609347343445,0.4132954478263855,0.44078609347343445,0.4132954478263855,0.06302917003631592,0.4132954478263855,0.44078609347343445,0.19891327619552612,0.44078609347343445,0.19891327619552612,0.4270407557487488,0.2062772512435913
1131,100,-1.3094859441935778,0.20674591,0.009306656446346429,0.1077859735442806,0.5115429580826119,0.2460915595293045,0.15121862292289734,0.2460915595293045,0.15121862292289734,0.004777878522872925,0.15121862292289734,0.2460915595293045,0.05190117657184601,0.2460915595293045,0.05190117657184601,0.23405620455741882,0.05716992914676666
1132,100,0.3977445059023282,0.038948514,0.12445557181470573,0.06419841193072373,0.24228259879468445,0.10087453573942184,0.11200680583715439,0.10087453573942184,0.11200680583715439,0.07741668820381165,0.11200680583715439,0.03326667845249176,0.10712363570928574,0.03326667845249176,0.10712363570928574,0.02064274251461029,0.09551173448562622
1133,100,0.8381040764859389,-0.44395322,0.17754618725595395,0.129603745242984,0.02817819638120142,0.5476198196411133,0.2913920283317566,0.5476198196411133,0.2913920283317566,0.5292000770568848,0.2634499669075012,0.2913920283317566,0.08488646149635315,0.2913920283317566,0.08488646149635315,0.2774209976196289,0.07065650820732117
1134,100,0.4814305081561216,-0.19405633,0.20918801787895008,0.263124622980651,0.34469883332086587,0.08572761714458466,0.3530479669570923,0.08572761714458466,0.3530479669570923,0.684276282787323,0.3530479669570923,0.07261237502098083,0.112515389919281,0.07261237502098083,0.112515389919281,0.24454528093338013,0.2538912296295166
1135,100,0.6998484411865855,-0.06360997,0.29224039244231903,0.2904648360447427,0.20480727231853307,0.2120920866727829,0.2120920866727829,0.2120920866727829,0.2120920866727829,0.19493313133716583,0.379916787147522,0.2120920866727829,0.3112197518348694,0.2120920866727829,0.3112197518348694,0.29600444436073303,0.2810251712799072
1136,100,0.661303012775422,0.42051312,0.1842549932013262,0.3520809644225127,0.33246941863210344,0.1072133481502533,0.17795398831367493,0.1072133481502533,0.17795398831367493,0.09944581985473633,0.2885604798793793,0.1072133481502533,0.04496711492538452,0.1072133481502533,0.04496711492538452,0.15297649800777435,0.07611636817455292
1137,100,0.0264900113588699,0.4279256,0.2056112205577676,0.22349347700956962,0.35496442043622545,0.0986400842666626,0.3046038746833801,0.0986400842666626,0.3046038746833801,0.11720716953277588,0.3046038746833801,0.0986400842666626,0.08195722103118896,0.0986400842666626,0.08195722103118896,0.13921499252319336,0.11262905597686768
1138,100,2.756882202968396,0.42002982,0.21449383099233776,0.29269762284080797,0.29393051686309457,0.03733915090560913,0.3422555923461914,0.03733915090560913,0.3422555923461914,0.1570964753627777,0.3422555923461914,0.07467898726463318,0.0873909592628479,0.07467898726463318,0.0873909592628479,0.14292234182357788,0.15067656338214874
1139,100,0.6248026913585069,0.44626662,0.10679744648718348,0.3072550736521323,0.40056599761100165,0.11690977215766907,0.2849419414997101,0.11690977215766907,0.2849419414997101,0.2673850655555725,0.2849419414997101,0.11690977215766907,0.003787219524383545,0.11690977215766907,0.003787219524383545,0.197867751121521,0.053087204694747925
1140,100,0.8182432499616172,0.583351,0.5040589063988415,0.12593247360610682,0.3049126863607631,0.22084030508995056,0.22084030508995056,0.22084030508995056,0.22084030508995056,0.09500154852867126,0.38727784156799316,0.22084030508995056,0.0012296438217163086,0.22084030508995056,0.0012296438217163086,0.2999837398529053,0.02559351921081543
1141,100,1.6370833936579274,0.47767884,0.19777702840998823,0.5957700266683621,0.10141600818770113,0.3340796232223511,0.4760720431804657,0.3340796232223511,0.4760720431804657,0.12809789180755615,0.4760720431804657,0.3340796232223511,0.001188516616821289,0.3340796232223511,0.001188516616821289,0.4050758481025696,0.028449147939682007
1142,100,0.9414161770994672,0.6751447,0.2077931497642882,0.2348658882747195,0.6216484620603908,0.19044575095176697,0.45525333285331726,0.19044575095176697,0.45525333285331726,0.060536980628967285,0.45525333285331726,0.19044575095176697,0.043588995933532715,0.19044575095176697,0.043588995933532715,0.24778267741203308,0.06062239408493042
1143,100,1.104751143079092,0.685377,0.3840442680500934,0.33566526641038696,0.3948151477359722,0.026617467403411865,0.5368302464485168,0.026617467403411865,0.5368302464485168,0.11051392555236816,0.5368302464485168,0.06811225414276123,0.07171779870986938,0.06811225414276123,0.07171779870986938,0.1812649816274643,0.19088442623615265
1144,100,-0.4538340738199506,0.7207964,0.2593909821175424,0.4803054182569392,0.4252065599886411,0.1506856083869934,0.31081509590148926,0.1506856083869934,0.31081509590148926,0.15058356523513794,0.5832849144935608,0.1506856083869934,0.10137581825256348,0.1506856083869934,0.10137581825256348,0.25415530800819397,0.15799057483673096
1145,100,0.3856516636903266,0.51410884,0.2065742331784205,0.2659628100027538,0.45678665238045346,0.08037883043289185,0.32544201612472534,0.08037883043289185,0.32544201612472534,0.09851878881454468,0.32544201612472534,0.08037883043289185,0.03618079423904419,0.08037883043289185,0.03618079423904419,0.12920823693275452,0.06191769242286682
1146,100,1.1421387832762455,0.40562862,0.011089012090795158,0.3758649137511184,0.41639653851255726,0.09589582681655884,0.28489232063293457,0.09589582681655884,0.28489232063293457,0.33161064982414246,0.28489232063293457,0.12593874335289001,0.055721282958984375,0.12593874335289001,0.055721282958984375,0.2578280568122864,0.060192421078681946
1147,100,0.1886029928065031,0.21098556,0.16716321113541777,0.028104445381774923,0.46683651797755066,0.2744913697242737,0.22803765535354614,0.2744913697242737,0.22803765535354614,0.1974218338727951,0.22803765535354614,0.2744913697242737,0.08049993216991425,0.2744913697242737,0.08049993216991425,0.32148993015289307,0.04928334802389145
1148,100,3.004729500736049,0.22848558,0.3571409838581362,0.2646464736575318,0.06870818530814249,0.21927320957183838,0.21927320957183838,0.21927320957183838,0.21927320957183838,0.12415403872728348,0.3404220640659332,0.21927320957183838,0.07322651147842407,0.21927320957183838,0.07322651147842407,0.2798476219177246,0.04417860507965088
1149,100,1.3732475061239524,0.58630145,0.13100260006795128,0.47753889456749776,0.3839459734395966,0.1928987205028534,0.22335508465766907,0.1928987205028534,0.22335508465766907,0.09841945767402649,0.3717538118362427,0.1928987205028534,0.016255557537078857,0.1928987205028534,0.016255557537078857,0.2628205418586731,0.05340941250324249
1150,100,1.5849939660149817,0.6090098,0.4604516969257614,0.14184344613034905,0.3930477755291459,0.11782419681549072,0.11782419681549072,0.11782419681549072,0.11782419681549072,0.06355416774749756,0.36956530809402466,0.11782419681549072,0.0045623779296875,0.11782419681549072,0.0045623779296875,0.21876055002212524,0.03097662329673767
1151,100,1.5379824061971488,0.74459136,0.28636181933798954,0.565443364128829,0.22168997663018808,0.14468836784362793,0.368541955947876,0.14468836784362793,0.368541955947876,0.11848968267440796,0.368541955947876,0.14468836784362793,0.005397021770477295,0.14468836784362793,0.005397021770477295,0.25661516189575195,0.04666814208030701
1152,100,0.9657979330134714,0.9170401,0.29295734450848376,0.38431154532658873,0.5900287245307436,0.12194269895553589,0.5991671085357666,0.12194269895553589,0.5991671085357666,0.1047898530960083,0.5991671085357666,0.12194269895553589,0.035197436809539795,0.12194269895553589,0.035197436809539795,0.21548444032669067,0.07896122336387634
1153,100,1.6382677202234768,1.0724242,0.29243684135684644,0.47216283885243615,0.5223345335995414,0.10953617095947266,0.6483287811279297,0.10953617095947266,0.6483287811279297,0.31753861904144287,0.6483287811279297,0.13837075233459473,0.050130486488342285,0.13837075233459473,0.050130486488342285,0.2590135931968689,0.14232996106147766
1154,100,1.8032400369038903,0.9524825,0.24377967587502547,0.4417941211514762,0.6316814550432247,0.16392379999160767,0.7894508838653564,0.16392379999160767,0.7894508838653564,0.49816542863845825,0.7894508838653564,0.16392379999160767,0.10431581735610962,0.16392379999160767,0.10431581735610962,0.3395681083202362,0.17521056532859802
1155,100,-0.7729171007729698,1.2192485,0.43937348660171227,0.3914050993820033,0.6478660228530975,0.20454514026641846,0.9009564518928528,0.20454514026641846,0.9009564518928528,0.49411308765411377,0.9009564518928528,0.22789084911346436,0.10100877285003662,0.22789084911346436,0.10100877285003662,0.3789847493171692,0.22761541604995728
1156,100,2.6414215287182117,1.0724475,0.3848360697914851,0.46592913457925367,0.4014069494948149,0.09960883855819702,0.37812358140945435,0.09960883855819702,0.37812358140945435,0.11246353387832642,0.7152919769287109,0.11727970838546753,0.14476537704467773,0.11727970838546753,0.14476537704467773,0.20440775156021118,0.20320329070091248
1157,100,0.1363990831746535,1.079361,0.07190496369530663,0.5720271223266307,0.7031189177274908,0.3173837661743164,0.8118520379066467,0.3173837661743164,0.8118520379066467,0.9470006227493286,0.8118520379066467,0.37361204624176025,0.08767569065093994,0.37361204624176025,0.08767569065093994,0.715103805065155,0.11576086282730103
1158,100,-0.1615853166503162,0.8621914,0.41976147844004863,0.06549603632199985,0.676298238375445,0.07859498262405396,0.4768920838832855,0.07859498262405396,0.4768920838832855,0.38218340277671814,0.4768920838832855,0.24924594163894653,0.04738569259643555,0.24924594163894653,0.04738569259643555,0.5341103076934814,0.05359148979187012
1159,100,0.550709996602669,0.5726149,0.07123091276671067,0.9667176938906977,0.27391138160761286,1.1456084251403809,1.1773135662078857,1.1456084251403809,1.1773135662078857,0.7811059951782227,0.7116838097572327,1.1456084251403809,0.03154945373535156,1.1456084251403809,0.03154945373535156,0.9082818031311035,0.1796512007713318
1160,100,-0.9234944696595468,1.0555344,0.010832480426967273,0.12289832028659564,0.946998158924256,0.7970812320709229,0.8243966698646545,0.7970812320709229,0.8243966698646545,0.06499230861663818,0.8243966698646545,0.7970812320709229,0.022117257118225098,0.7970812320709229,0.022117257118225098,0.8333961963653564,0.011806905269622803
1161,100,0.1103238588868303,0.2554404,0.11956545199776436,0.023624797361259553,0.2277338347906612,0.21178728342056274,0.18005989491939545,0.21178728342056274,0.18005989491939545,0.062050700187683105,0.18005989491939545,0.11568032205104828,0.08920276165008545,0.11568032205104828,0.08920276165008545,0.19555330276489258,0.07764523476362228
1162,100,1.7103931493102698,-0.11698859,0.12267126927721951,0.1469631567469373,0.05552956666733397,0.16424912214279175,0.04116068035364151,0.16424912214279175,0.04116068035364151,0.22213318943977356,0.04116068035364151,0.16424912214279175,0.07109073549509048,0.16424912214279175,0.07109073549509048,0.10270489752292633,0.14157003164291382
1163,100,-0.222878397047708,-0.033050463,0.029023284364581375,0.3212039681964417,0.33943637435826957,0.3435785174369812,0.07781308889389038,0.3435785174369812,0.07781308889389038,0.7617040276527405,0.07781308889389038,0.3435785174369812,0.03159673511981964,0.3435785174369812,0.03159673511981964,0.22639140486717224,0.22987207770347595
1164,100,0.5270350065314355,-0.15030408,0.2991437923796859,0.032580007654950754,0.36562766281638254,1.2408807277679443,0.06770238280296326,1.2408807277679443,0.06770238280296326,1.054087519645691,0.06770238280296326,0.49003762006759644,0.04020598530769348,0.49003762006759644,0.04020598530769348,0.2995373606681824,0.2119780033826828
1165,100,0.5533296877758282,0.5677155,0.024533275310014035,0.5756831390853598,0.08820955034127759,0.6833492517471313,0.6298465728759766,0.6833492517471313,0.6298465728759766,0.17878639698028564,0.6962948441505432,0.6833492517471313,0.04769599437713623,0.6833492517471313,0.04769599437713623,0.715707004070282,0.02947208285331726
1166,100,-0.936333972679194,0.97851324,0.135039089017154,0.016081105197597312,0.9508237447301597,1.0580577850341797,1.1071285009384155,1.0580577850341797,1.1071285009384155,0.8433424830436707,1.1071285009384155,1.0580577850341797,0.061978816986083984,1.0580577850341797,0.061978816986083984,1.144382119178772,0.04071855545043945
1167,100,0.2463389973062291,0.034955107,0.10046851430472331,0.1705350895633095,0.11253252472805295,0.23161277174949646,0.37856703996658325,0.23161277174949646,0.37856703996658325,0.41545119881629944,0.2438942790031433,0.24295109510421753,0.14859014749526978,0.24295109510421753,0.14859014749526978,0.1716402769088745,0.07601192593574524
1168,100,0.6516828468043422,0.19878048,0.13805930415981307,0.1550745956113248,0.2216081409411076,0.23000803589820862,0.2812656760215759,0.23000803589820862,0.2812656760215759,0.40665051341056824,0.2812656760215759,0.24213410913944244,0.15722724795341492,0.24213410913944244,0.15722724795341492,0.3301198482513428,0.09149124473333359
1169,100,-2.2721752534581445,-0.044765368,0.04563813214910395,0.328926207939374,0.2852837519777804,0.9195859432220459,0.3884580731391907,0.9195859432220459,0.3884580731391907,0.706998348236084,0.014628037810325623,0.451873779296875,0.06616409122943878,0.451873779296875,0.06616409122943878,0.2529420256614685,0.23828959465026855
1170,100,0.1033928722693921,-0.39485797,0.07782016259288455,0.02337835869940691,0.47720463056744566,1.4043070077896118,0.23574456572532654,1.4043070077896118,0.23574456572532654,1.3101133108139038,0.23574456572532654,0.5161095857620239,0.08055657148361206,0.5161095857620239,0.08055657148361206,0.43245476484298706,0.1388857215642929
1171,100,0.8106112309846096,-0.322919,0.4359614253684213,0.15502888480156563,0.0006274205866138582,1.2427921295166016,0.5860550403594971,1.2427921295166016,0.5860550403594971,0.9961777925491333,0.21201978623867035,0.5860550403594971,0.12485858798027039,0.5860550403594971,0.12485858798027039,0.3990374207496643,0.2008301466703415
1172,100,-1.541273442030967,-0.3755359,0.006965974294596444,0.5712907656361557,0.2162384353898132,1.4522831439971924,0.6601240038871765,1.4522831439971924,0.6601240038871765,1.2753854990005493,0.2675555348396301,0.680418074131012,0.014615237712860107,0.680418074131012,0.014615237712860107,0.48382267355918884,0.12521418929100037
1173,100,1.191288486555325,-0.6980894,0.048612673949335106,0.01924424023204241,0.7270851079566578,1.8918259143829346,0.5928271412849426,1.8918259143829346,0.5928271412849426,1.8423078060150146,0.5928271412849426,0.7646468877792358,0.01593625545501709,0.7646468877792358,0.01593625545501709,0.698146641254425,0.045105695724487305
1174,100,1.6916087233660702,0.14640948,0.1746800479149491,0.2297723190890964,0.05076207532915468,0.2755756676197052,0.09609805792570114,0.2755756676197052,0.09609805792570114,0.28975456953048706,0.09609805792570114,0.2755756676197052,0.05860547721385956,0.2755756676197052,0.05860547721385956,0.18583686649799347,0.11017853766679764
1175,100,0.1316944754987106,0.11518185,0.13227627993500515,0.357488142780934,0.3519047015055349,0.8170729279518127,0.24133886396884918,0.8170729279518127,0.24133886396884918,0.7554948925971985,0.17829084396362305,0.42309635877609253,0.20083792507648468,0.42309635877609253,0.20083792507648468,0.2215893566608429,0.3823704719543457
1176,100,0.2884045942728394,0.18943614,0.34665950427401493,0.4302770757465222,0.6942290838334155,1.1781635284423828,0.04903914034366608,1.1781635284423828,0.04903914034366608,1.1317799091339111,0.04903914034366608,0.741005003452301,0.47057026624679565,0.741005003452301,0.47057026624679565,0.5547291040420532,0.7166494131088257
1177,100,1.4135548948698275,1.0129745,0.0118837369113034,0.4153441109556921,0.48067447845264005,0.12913334369659424,0.9300388693809509,0.12913334369659424,0.9300388693809509,0.5747878551483154,0.9300388693809509,0.27436691522598267,0.0071669816970825195,0.27436691522598267,0.0071669816970825195,0.589216411113739,0.14097446203231812
1178,100,-0.3703366950787898,0.8272384,0.01745547367023037,0.04002785357515415,0.6761969839994031,0.6715325117111206,0.7540859580039978,0.6715325117111206,0.7540859580039978,0.2606087327003479,0.7540859580039978,0.6715325117111206,0.008229732513427734,0.6715325117111206,0.008229732513427734,0.6944610476493835,0.016852229833602905
1179,100,0.6764838443217108,0.44899505,0.19887601909358887,0.0757150020437552,0.06371901332819996,0.2525100111961365,0.2525100111961365,0.2525100111961365,0.2525100111961365,0.061408042907714844,0.3655408024787903,0.2525100111961365,0.06954333186149597,0.2525100111961365,0.06954333186149597,0.3090254068374634,0.12210609018802643
1180,100,2.922921020307224,0.5887559,0.0568170923854886,0.4564693772915711,0.13264380364688394,0.5901897549629211,0.5093955397605896,0.5901897549629211,0.5093955397605896,0.010910570621490479,0.7103654742240906,0.5901897549629211,0.06042248010635376,0.5901897549629211,0.06042248010635376,0.6880168318748474,0.08267080783843994
1181,100,0.3748304484708585,0.842842,0.09283638351254453,0.09896219466713685,0.7591746711521008,0.9161680936813354,0.898910403251648,0.9161680936813354,0.898910403251648,0.010334491729736328,0.898910403251648,0.9161680936813354,0.0897136926651001,0.9161680936813354,0.0897136926651001,0.8217920064926147,0.05376780033111572
1182,100,1.720022367099884,0.6279187,0.5148192853298794,0.21566999337517512,0.19867273248552864,0.6296700239181519,0.6296700239181519,0.6296700239181519,0.6296700239181519,0.1189773678779602,1.0185011625289917,0.6296700239181519,0.16667670011520386,0.6296700239181519,0.16667670011520386,0.8240855932235718,0.09833315014839172
1183,100,2.221835712725638,1.234897,0.045679299768917936,0.7472751213308054,0.29734171709346613,0.67597895860672,0.7545470595359802,0.67597895860672,0.7545470595359802,0.02441263198852539,1.3566912412643433,0.67597895860672,0.012704849243164062,0.67597895860672,0.012704849243164062,0.9713116884231567,0.11761415004730225
1184,100,2.35140976147064,1.3968041,0.12523911804396093,0.06637547156834311,0.9697441610914118,0.9461663961410522,1.3755797147750854,0.9461663961410522,1.3755797147750854,1.0211567878723145,1.3755797147750854,0.9461663961410522,0.029469966888427734,0.9461663961410522,0.029469966888427734,1.0776681900024414,0.062395691871643066
1185,100,2.689303593304912,1.1387062,0.3273821553280192,0.49113416480567773,0.13783522241403234,0.315535306930542,0.9967283010482788,0.315535306930542,0.9967283010482788,0.7641333341598511,0.9967283010482788,0.4868168234825134,0.13386595249176025,0.4868168234825134,0.13386595249176025,0.7417725324630737,0.3094547390937805
1186,100,0.5132431415308261,1.8719044,0.3956842747776166,0.5911369544943582,0.6930683611594526,0.27777087688446045,2.107468843460083,0.27777087688446045,2.107468843460083,0.9124025702476501,2.107468843460083,0.5190187692642212,0.24685752391815186,0.5190187692642212,0.24685752391815186,0.9524865746498108,0.5518139600753784
1187,100,1.9301410183132377,1.535283,0.2778842062449334,0.39597068269996305,0.5645354855613608,0.19428014755249023,1.5113483667373657,0.19428014755249023,1.5113483667373657,0.5147173404693604,1.5113483667373657,0.28296661376953125,0.08986282348632812,0.28296661376953125,0.08986282348632812,0.5532339215278625,0.21342265605926514
1188,100,1.4466485281867247,1.7725421,0.06604237945372704,0.6235406140563209,0.860112000973671,0.5530329942703247,1.9664746522903442,0.5530329942703247,1.9664746522903442,1.6092393398284912,1.9664746522903442,0.7089327573776245,0.04768085479736328,0.7089327573776245,0.04768085479736328,1.2710645198822021,0.28033149242401123
1189,100,0.8980416578448648,1.5177629,0.2757159756093295,0.0855931919644175,0.8852363173494633,0.8352302312850952,1.6083887815475464,0.8352302312850952,1.6083887815475464,1.158172607421875,1.6083887815475464,0.8352302312850952,0.05843758583068848,0.8352302312850952,0.05843758583068848,1.103205919265747,0.1725108027458191
1190,100,1.8495732398079707,1.081536,0.18726107443577256,0.48901474633321285,0.15441612645830094,0.5293302536010742,0.8525130748748779,0.5293302536010742,0.8525130748748779,0.7416441440582275,0.8525130748748779,0.5293302536010742,0.17371702194213867,0.5293302536010742,0.17371702194213867,0.6909216642379761,0.28651827573776245
1191,100,2.0077661365636468,1.6464432,0.1436186332537237,0.3707856794505596,0.8068770039954647,0.7144498229026794,1.822877049446106,0.7144498229026794,1.822877049446106,1.2449872493743896,1.822877049446106,0.7144498229026794,0.11843228340148926,0.7144498229026794,0.11843228340148926,1.1276882886886597,0.2716017961502075
1192,100,1.6401980397843166,1.4147016,0.3109180387685595,0.25185936192031366,0.624825306351959,0.43771570920944214,1.6612107753753662,0.43771570920944214,1.6612107753753662,0.8983794450759888,1.6612107753753662,0.6863874793052673,0.2346956729888916,0.6863874793052673,0.2346956729888916,0.9488599300384521,0.43052494525909424
1193,100,2.4929906652538905,1.4795891,0.3481643972758368,0.5436766951175286,0.333943200224044,0.480779230594635,1.1042594909667969,0.480779230594635,1.1042594909667969,1.0098938941955566,1.1042594909667969,0.5476070046424866,0.3570312261581421,0.5476070046424866,0.3570312261581421,0.8259332180023193,0.5781254172325134
1194,100,1.0796710139386103,1.622297,0.22692564854404784,0.4224457747568583,0.5840158661334579,0.35784614086151123,1.6825803518295288,0.35784614086151123,1.6825803518295288,1.0803207159042358,1.6825803518295288,0.41558003425598145,0.13686251640319824,0.41558003425598145,0.13686251640319824,0.8028382062911987,0.3283292055130005
1195,100,1.1272509265340214,1.8324769,0.3332203115973482,0.3933888205368694,0.7799527504292554,0.4867401123046875,2.150331735610962,0.4867401123046875,2.150331735610962,0.7531920671463013,2.150331735610962,0.7514879703521729,0.19980692863464355,0.7514879703521729,0.19980692863464355,1.1172266006469727,0.45797502994537354
1196,100,2.070949180223553,1.5883257,0.15072963994854094,0.5902039970005654,0.5537952787956524,0.508818507194519,0.7684553265571594,0.508818507194519,0.7684553265571594,0.9317112565040588,1.847251534461975,0.508818507194519,0.11431670188903809,0.508818507194519,0.11431670188903809,1.024033784866333,0.42142653465270996
1197,100,3.5532395355778235,1.4697297,0.1333412938588061,0.19445879772766328,0.7827826617381621,0.7854608297348022,1.5990411043167114,0.7854608297348022,1.5990411043167114,0.6571352481842041,1.5990411043167114,0.7854608297348022,0.11674273014068604,0.7854608297348022,0.11674273014068604,1.0328235626220703,0.20347172021865845
1198,100,3.3822965329835117,1.4271581,0.3302616781756743,0.28409490114097113,0.4287977483622807,0.03176295757293701,1.6706632375717163,0.03176295757293701,1.6706632375717163,0.3723013401031494,1.6706632375717163,0.5286099314689636,0.32626867294311523,0.5286099314689636,0.32626867294311523,0.805098295211792,0.5759179592132568
1199,100,1.6667079409747785,1.6466336,0.5037102330847294,0.4414396965268142,0.274869587182794,0.40012311935424805,0.40012311935424805,0.40012311935424805,0.40012311935424805,0.532153844833374,1.1216320991516113,0.40012311935424805,0.27603578567504883,0.40012311935424805,0.27603578567504883,0.7608776092529297,0.5705743432044983
1200,100,2.429441019486404,2.0384226,0.4776289706595269,0.6023824803748794,0.525083052615325,0.33392179012298584,0.9781752824783325,0.33392179012298584,0.9781752824783325,0.515460729598999,2.350245237350464,0.33392179012298584,0.35988080501556396,0.33392179012298584,0.35988080501556396,0.8366084694862366,0.6116206049919128
1201,100,4.128179131193182,1.9942282,0.1934693125796687,0.5546264096940913,0.8281864935973873,0.6007459163665771,2.339271068572998,0.6007459163665771,2.339271068572998,1.8361709117889404,2.339271068572998,0.6007459163665771,0.1656343936920166,0.6007459163665771,0.1656343936920166,1.2591757774353027,0.37357908487319946
1202,100,3.927956952922244,1.9963237,0.3332832037019968,0.28291696936045785,0.8439982665952336,0.9362583160400391,2.106842279434204,0.9362583160400391,2.106842279434204,1.2946996688842773,2.106842279434204,0.9362583160400391,0.26977479457855225,0.9362583160400391,0.26977479457855225,1.252567172050476,0.48936915397644043
1203,100,3.109757937137967,1.9767095,0.5760799320510674,0.4531771761854899,0.33314123283111563,0.5337047576904297,0.5337047576904297,0.5337047576904297,0.5337047576904297,0.6934323310852051,1.3553826808929443,0.5337047576904297,0.3682835102081299,0.5337047576904297,0.3682835102081299,0.944543719291687,0.7105064392089844
1204,100,1.8729446294208865,2.3870854,0.5097244255936029,0.7312380203343541,0.5835891067597667,0.5073494911193848,1.3806233406066895,0.5073494911193848,1.3806233406066895,0.7812656164169312,2.6675052642822266,0.5073494911193848,0.3645923137664795,0.5073494911193848,0.3645923137664795,1.0954657793045044,0.7390248775482178
1205,100,4.834377104282333,2.2378705,0.39299289009108196,0.5360965003928368,0.6208792703923898,0.48687446117401123,2.2314231395721436,0.48687446117401123,2.2314231395721436,1.3875943422317505,2.2314231395721436,0.48687446117401123,0.3220442533493042,0.48687446117401123,0.3220442533493042,0.9707332253456116,0.6351584196090698
1206,100,3.186635119622946,2.6068425,0.22408726450401506,0.6245201535753365,1.0678360879267617,1.0813944339752197,2.787518262863159,1.0813944339752197,2.787518262863159,2.1722288131713867,2.787518262863159,1.0813944339752197,0.21072959899902344,1.0813944339752197,0.21072959899902344,1.7754977941513062,0.5833756923675537
1207,100,1.9382174487089128,2.3061216,0.6483663362018839,0.28907207115409284,0.5871608948584688,0.5594382286071777,0.5594382286071777,0.5594382286071777,0.5594382286071777,0.8646986484527588,2.358452320098877,0.5594382286071777,0.23357820510864258,0.5594382286071777,0.23357820510864258,1.0831923484802246,0.6673465967178345
1208,100,3.1969490895321826,2.3030298,0.5250978207478105,0.7892879739570147,0.27985017611629126,0.8226578235626221,1.7692301273345947,0.8226578235626221,1.7692301273345947,1.2162243127822876,1.7692301273345947,0.8226578235626221,0.3042116165161133,0.8226578235626221,0.3042116165161133,1.2959439754486084,0.6662811040878296
1209,100,4.446151203631824,2.61291,0.22645365731003286,0.5539293589128054,0.9803156177945359,1.0038913488388062,2.695784091949463,1.0038913488388062,2.695784091949463,1.5684502124786377,2.695784091949463,1.0038913488388062,0.2384653091430664,1.0038913488388062,0.2384653091430664,1.644632339477539,0.5648854374885559
1210,100,3.4164708996759394,2.1773584,0.45699272758593057,0.2988958171411993,0.6726135719132277,0.8369573354721069,2.266564130783081,0.8369573354721069,2.266564130783081,1.6763418912887573,2.266564130783081,0.8409539461135864,0.3708451986312866,0.8409539461135864,0.3708451986312866,1.260918140411377,0.7286895513534546
1211,100,4.178764363860864,2.7564895,0.7174492556204906,0.7208488190553032,0.44970568755955287,0.423842191696167,2.161165475845337,0.423842191696167,2.161165475845337,1.5064418315887451,2.161165475845337,0.8812518119812012,0.6416876316070557,0.8812518119812012,0.6416876316070557,1.521208643913269,1.2381105422973633
1212,100,4.0084108572092445,2.5050883,0.4237325306456937,0.5827776760221344,0.4223207651391061,0.5013082027435303,1.2957954406738281,0.5013082027435303,1.2957954406738281,0.9769748449325562,1.2957954406738281,0.5013082027435303,0.3523716926574707,0.5013082027435303,0.3523716926574707,0.8985518217086792,0.678085207939148
1213,100,3.2985506536313944,2.9523005,0.5472658463974591,0.5779379131560473,0.9163015881150038,0.8238792419433594,3.1307477951049805,0.8238792419433594,3.1307477951049805,1.6545557975769043,3.1307477951049805,0.8238792419433594,0.4170706272125244,0.8238792419433594,0.4170706272125244,1.4361639022827148,0.8528415560722351
1214,100,3.193084126461603,2.5250316,0.44085366058697784,0.4691421798465587,0.41211518064090125,0.3818075656890869,1.1350376605987549,0.3818075656890869,1.1350376605987549,1.081634759902954,1.1350376605987549,0.3818075656890869,0.3479118347167969,0.3818075656890869,0.3479118347167969,0.7584226131439209,0.6866282820701599
1215,100,2.918963639443968,2.5801518,0.42169646944377015,0.4836154722471009,0.5059199073060683,0.44054245948791504,2.333585500717163,0.44054245948791504,2.333585500717163,1.3606593608856201,2.333585500717163,0.44054245948791504,0.43510913848876953,0.44054245948791504,0.43510913848876953,0.9284530282020569,0.7973820567131042
1216,100,4.667382115943065,2.7872565,0.4550227195126908,0.5348483180672031,0.7309198360570108,0.8387331962585449,2.7121829986572266,0.8387331962585449,2.7121829986572266,1.7393503189086914,2.7121829986572266,0.8387331962585449,0.5430068969726562,0.8387331962585449,0.5430068969726562,1.407300591468811,1.0325177907943726
1217,100,2.480493637581232,2.5373354,0.38274011271925734,0.472062555272964,0.48495132048515155,0.5434367656707764,2.363725185394287,0.5434367656707764,2.363725185394287,1.524235725402832,2.363725185394287,0.5434367656707764,0.44699859619140625,0.5434367656707764,0.44699859619140625,1.0511025190353394,0.904335618019104
1218,100,2.537727100900294,2.4951181,0.4955296136528453,0.31198600744284566,0.3055082526877265,0.5869139432907104,0.5869139432907104,0.5869139432907104,0.5869139432907104,0.7772419452667236,1.2759073972702026,0.5869139432907104,0.37615036964416504,0.5869139432907104,0.37615036964416504,0.9314106702804565,0.6514706015586853
1219,100,3.5329013979138355,2.495505,0.30813807231146884,0.6709706263802304,0.329114155645428,0.8738467693328857,1.659875512123108,0.8738467693328857,1.659875512123108,1.1703659296035767,2.271118402481079,0.8738467693328857,0.498319149017334,0.8738467693328857,0.498319149017334,1.2547732591629028,0.7979467511177063
1220,100,3.1116405337694277,2.5225015,0.2795530593477169,0.2595072753240971,0.5257827884347982,0.6213254928588867,2.112992525100708,0.6213254928588867,2.112992525100708,0.7000141143798828,2.112992525100708,0.6213254928588867,0.28270673751831055,0.6213254928588867,0.28270673751831055,0.9506673812866211,0.5676229596138
1221,100,3.190647122864839,2.6739292,0.4637646745263092,0.3848173599370157,0.3793669549869919,0.6073958873748779,0.6073958873748779,0.6073958873748779,0.6073958873748779,1.1012639999389648,1.5392762422561646,0.6073958873748779,0.5806360244750977,0.6073958873748779,0.5806360244750977,1.073336124420166,1.0293768644332886
1222,100,3.946952073657797,2.3264315,0.3327616782430113,0.4153077188123955,0.23994526487240642,0.5852375030517578,1.3048423528671265,0.5852375030517578,1.3048423528671265,1.1893402338027954,1.3048423528671265,0.5852375030517578,0.3713184595108032,0.5852375030517578,0.3713184595108032,0.9450399279594421,0.6947469711303711
1223,100,3.984471120412932,2.8096614,0.3103619192781324,0.3539761371936177,0.47029434277634363,0.5442795753479004,2.3645877838134766,0.5442795753479004,2.3645877838134766,1.3021948337554932,2.3645877838134766,0.5442795753479004,0.35661864280700684,0.5442795753479004,0.35661864280700684,0.9981328845024109,0.6960693001747131
1224,100,3.604858224460059,2.655808,0.3058626267713373,0.2576316880811117,0.2540582839361174,0.3862948417663574,0.3862948417663574,0.3862948417663574,0.3862948417663574,0.7113363742828369,0.9015606641769409,0.3862948417663574,0.30771756172180176,0.3862948417663574,0.30771756172180176,0.6439277529716492,0.5961453318595886
1225,100,4.979007140398368,2.6886303,0.40683305406898157,0.39833291893972167,0.3180680873058095,0.5175130367279053,0.5175130367279053,0.5175130367279053,0.5175130367279053,1.247572898864746,1.2591891288757324,0.5175130367279053,0.3780052661895752,0.5175130367279053,0.3780052661895752,0.8883510828018188,0.7832114696502686
1226,100,4.947045717339735,2.8462915,0.26362119343682267,0.2975896390033333,0.3349384894895394,0.331101655960083,2.0175647735595703,0.331101655960083,2.0175647735595703,1.067460536956787,2.0175647735595703,0.33733606338500977,0.30306220054626465,0.33733606338500977,0.30306220054626465,0.7090837955474854,0.5431848764419556
1227,100,3.128224174761098,2.9969952,0.5224082168844549,0.37165997292577646,0.4119872177384567,0.5984940528869629,0.5984940528869629,0.5984940528869629,0.5984940528869629,1.1590889692306519,2.5696640014648438,0.5984940528869629,0.3923327922821045,0.5984940528869629,0.3923327922821045,1.0183062553405762,0.8189610838890076
1228,100,3.601679250492377,2.9791975,0.5340372575414962,0.566996827209528,0.35630324754313514,0.6774768829345703,1.8486886024475098,0.6774768829345703,1.8486886024475098,1.8386932611465454,1.8486886024475098,0.6774768829345703,0.41889095306396484,0.6774768829345703,0.41889095306396484,1.26308274269104,0.915556788444519
1229,100,3.0387884239088327,2.912135,0.26403920895250377,0.45752900168043664,0.44108597432420016,0.5104820728302002,1.197059154510498,0.5104820728302002,1.197059154510498,1.5417107343673706,2.4152703285217285,0.5178549289703369,0.35587215423583984,0.5178549289703369,0.35587215423583984,1.0346667766571045,0.7373653650283813
1230,100,1.6851795283154376,2.9212348,0.3233909564432005,0.3419033553694536,0.7091409177407355,0.9343122243881226,2.70820689201355,0.9343122243881226,2.70820689201355,1.3256678581237793,2.70820689201355,0.9343122243881226,0.40947484970092773,0.9343122243881226,0.40947484970092773,1.4098541736602783,0.8067387342453003
1231,100,5.9065484847200835,2.6071823,0.2949800968067753,0.4060889799467884,0.30386456406812906,0.6928375959396362,1.5152435302734375,0.6928375959396362,1.5152435302734375,1.3624005317687988,2.294090986251831,0.6928375959396362,0.5609691143035889,0.6928375959396362,0.5609691143035889,1.0876712799072266,0.9340559840202332
1232,100,1.5441828828610604,2.7968569,0.07098439632822107,0.29759391609745867,0.4065771230922116,0.614832878112793,2.3648157119750977,0.614832878112793,2.3648157119750977,1.4811429977416992,2.3648157119750977,0.614832878112793,0.22600913047790527,0.614832878112793,0.22600913047790527,1.177857518196106,0.5226322412490845
1233,100,2.496938754620613,2.891642,0.37338743361410814,0.07483126740275348,0.23737774415524188,0.49111485481262207,0.49111485481262207,0.49111485481262207,0.49111485481262207,0.5112109184265137,1.933897614479065,0.49111485481262207,0.13319039344787598,0.49111485481262207,0.13319039344787598,0.8730599284172058,0.41557931900024414
1234,100,4.861133123003741,2.4509888,0.022464387477263426,0.7085187379590834,0.05722200860272575,1.2357627153396606,1.7058576345443726,1.2357627153396606,1.7058576345443726,0.5591005086898804,2.213810682296753,1.2357627153396606,0.26036834716796875,1.2357627153396606,0.26036834716796875,1.5072565078735352,0.48156625032424927
1235,100,3.9284306754362146,2.6100168,0.185205479360528,0.017355666127811364,0.6057976101272293,1.0237592458724976,2.1349523067474365,1.0237592458724976,2.1349523067474365,0.815727949142456,2.1349523067474365,1.0237592458724976,0.2987644672393799,1.0237592458724976,0.2987644672393799,1.383643388748169,0.6100150942802429
1236,100,2.8353075959396548,2.7637272,0.5566397153122727,0.1985976490675383,0.018705373469906417,0.9811038970947266,0.9811038970947266,0.9811038970947266,0.9811038970947266,1.0136725902557373,1.752268671989441,0.9811038970947266,0.28641510009765625,0.9811038970947266,0.28641510009765625,1.3666863441467285,0.6007491946220398
1237,100,4.429557536134014,2.923176,0.38094909565964885,0.49917711885934096,0.23085205955910904,0.7364537715911865,1.8366206884384155,0.7364537715911865,1.8366206884384155,1.4782074689865112,1.8366206884384155,0.7364537715911865,0.4172937870025635,0.7364537715911865,0.4172937870025635,1.2865371704101562,0.8506737947463989
1238,100,4.960444909789503,2.9709105,0.12535680692220486,0.17683206575433053,0.2414865807159654,0.29011058807373047,1.6494070291519165,0.29011058807373047,1.6494070291519165,0.6908237934112549,1.6494070291519165,0.29011058807373047,0.20231056213378906,0.29011058807373047,0.20231056213378906,0.6186122894287109,0.3517417907714844
1239,100,2.699807452881916,3.051806,0.45274654266350844,0.23276218884589306,0.33364071141403606,0.7495856285095215,0.7495856285095215,0.7495856285095215,0.7495856285095215,1.5181678533554077,2.5115177631378174,0.7495856285095215,0.4506964683532715,0.7495856285095215,0.4506964683532715,1.2092323303222656,0.8697519898414612
1240,100,6.028944752255741,2.9978013,0.4896213525963814,0.4119255988253752,0.2053640275886386,0.7990832328796387,0.7990832328796387,0.7990832328796387,0.7990832328796387,1.7242316007614136,1.916864037513733,0.7990832328796387,0.424802303314209,0.7990832328796387,0.424802303314209,1.357973575592041,0.9055546522140503
1241,100,4.148860349954005,3.055091,0.21806600136855203,0.5034088458597044,0.3903542093394962,0.8383512496948242,1.7140843868255615,0.8383512496948242,1.7140843868255615,1.7140369415283203,2.630951166152954,0.8383512496948242,0.5229859352111816,0.8383512496948242,0.5229859352111816,1.3362571001052856,0.9815220236778259
1242,100,2.974362434385279,3.4776347,0.3723357583034492,0.17636013819589558,0.44129824505229254,0.3272838592529297,2.8558268547058105,0.3272838592529297,2.8558268547058105,1.116053819656372,2.8558268547058105,0.5554499626159668,0.17183923721313477,0.5554499626159668,0.17183923721313477,1.0860035419464111,0.49509596824645996
1243,100,5.503038813129445,3.25965,0.2949521511895554,0.4407319796249216,0.16820473042140716,0.5760445594787598,1.559751272201538,0.5760445594787598,1.559751272201538,0.9850609302520752,1.559751272201538,0.5760445594787598,0.2323753833770752,0.5760445594787598,0.2323753833770752,1.067897915840149,0.5442712306976318
1244,100,3.589349664244838,3.4045672,0.16472109172915705,0.27553049163873644,0.41956075169530127,0.5128471851348877,2.7967255115509033,0.5128471851348877,2.7967255115509033,0.9338560104370117,2.7967255115509033,0.5128471851348877,0.25118207931518555,0.5128471851348877,0.25118207931518555,1.113283634185791,0.4829329252243042
1245,100,2.6776357807667903,3.3437576,0.5015676635544734,0.20567824724818407,0.31835022594306106,0.7791945934295654,0.7791945934295654,0.7791945934295654,0.7791945934295654,1.2934644222259521,2.8165578842163086,0.7791945934295654,0.32344913482666016,0.7791945934295654,0.32344913482666016,1.2528660297393799,0.7946212291717529
1246,100,4.2544038229403265,3.267696,0.29901568770818215,0.4114625882037319,0.18886398019659623,0.6539664268493652,1.8014321327209473,0.6539664268493652,1.8014321327209473,1.0804188251495361,1.8014321327209473,0.6539664268493652,0.32554006576538086,0.6539664268493652,0.32554006576538086,1.2276992797851562,0.7405833005905151
1247,100,2.6831582484333607,3.3498874,0.15079180010405513,0.24448510379725685,0.3952558767754612,0.6224443912506104,2.5349462032318115,0.6224443912506104,2.5349462032318115,0.967390775680542,2.5349462032318115,0.6224443912506104,0.3705024719238281,0.6224443912506104,0.3705024719238281,1.1239413022994995,0.6944015026092529
1248,100,1.8889283015679683,3.2974684,0.17780476788065247,0.10889024996675678,0.21304701202104104,0.24953341484069824,1.856107234954834,0.24953341484069824,1.856107234954834,0.6962156295776367,1.856107234954834,0.37267351150512695,0.1392836570739746,0.37267351150512695,0.1392836570739746,0.6358033418655396,0.3465636968612671
1249,100,3.8224026664691833,3.3140085,0.1260440803270571,0.24553042762877614,0.19342248023990072,0.334078311920166,0.8459610939025879,0.334078311920166,0.8459610939025879,0.6190445423126221,2.3848276138305664,0.334078311920166,0.24805760383605957,0.334078311920166,0.24805760383605957,0.8639464378356934,0.5167371034622192
1250,100,2.980755163521271,3.014285,0.043207205294333306,0.17061498438574613,0.3542790153284666,0.7345225811004639,2.3785033226013184,0.7345225811004639,2.3785033226013184,1.059870958328247,2.3785033226013184,0.7345225811004639,0.3404691219329834,0.7345225811004639,0.3404691219329834,1.220911979675293,0.6117779016494751
1251,100,0.3044540943140146,3.395433,0.21653206190702431,0.08353084376997133,0.22581759791603595,0.20897245407104492,2.360276222229004,0.20897245407104492,2.360276222229004,0.7528915405273438,2.360276222229004,0.5346765518188477,0.2081606388092041,0.5346765518188477,0.2081606388092041,0.9248214960098267,0.4880056381225586
1252,100,3.8902769841756686,3.1828299,0.19322819818336157,0.3215294625750931,0.08699680060865134,0.697303295135498,1.6531873941421509,0.697303295135498,1.6531873941421509,1.3058940172195435,1.6531873941421509,0.697303295135498,0.3818027973175049,0.697303295135498,0.3818027973175049,1.1752452850341797,0.7489495277404785
1253,100,4.123106380838927,3.000922,0.19562739543488772,0.17914028839557075,0.27702367817823015,0.6778924465179443,1.7514045238494873,0.6778924465179443,1.7514045238494873,0.13363337516784668,1.7514045238494873,0.6778924465179443,0.46834754943847656,0.6778924465179443,0.46834754943847656,0.7204170227050781,0.5055515766143799
1254,100,1.468000150407831,3.1475577,0.2808753387215212,0.22972978298197133,0.2785241880367715,0.7386054992675781,0.7386054992675781,0.7386054992675781,0.7386054992675781,1.6133935451507568,2.2575631141662598,0.7386054992675781,0.07700705528259277,0.7386054992675781,0.07700705528259277,1.4257917404174805,0.5717692375183105
1255,100,4.395067124537189,3.2203388,0.27944655767626037,0.27127708300077635,0.224833803180977,0.6352763175964355,0.6352763175964355,0.6352763175964355,0.6352763175964355,1.7105908393859863,1.8313851356506348,0.6352763175964355,0.05611085891723633,0.6352763175964355,0.05611085891723633,1.2333307266235352,0.43094396591186523
1256,100,2.8556470174522888,3.2605941,0.013140209352027865,0.24892857384026235,0.3068784001152133,0.5209369659423828,2.480785369873047,0.5209369659423828,2.480785369873047,1.7949215173721313,2.480785369873047,0.591763973236084,0.1545696258544922,0.591763973236084,0.1545696258544922,1.2668955326080322,0.40914082527160645
1257,100,2.4632337593155884,3.4500582,0.2828502171637678,0.0076783911878703925,0.31707283598450775,0.6565442085266113,2.4334380626678467,0.6565442085266113,2.4334380626678467,1.6875982284545898,2.4334380626678467,0.7391705513000488,0.23557090759277344,0.7391705513000488,0.23557090759277344,1.2724202871322632,0.651221513748169
1258,100,3.956457010725988,3.4589868,0.12394548087185542,0.28766438774636605,0.04426952930250505,0.5603868961334229,1.2440385818481445,0.5603868961334229,1.2440385818481445,0.791170597076416,1.2440385818481445,0.5603868961334229,0.2537360191345215,0.5603868961334229,0.2537360191345215,0.9022127389907837,0.46873533725738525
1259,100,2.8378786669624194,3.3423493,0.07273194910734343,0.14380250036511588,0.31068677703539577,0.6258420944213867,2.607363224029541,0.6258420944213867,2.607363224029541,0.9822144508361816,2.607363224029541,0.6258420944213867,0.21537351608276367,0.6258420944213867,0.21537351608276367,1.160742163658142,0.3870692253112793
1260,100,3.3780762135094298,3.532722,0.14487362542922516,0.09165457863988002,0.16798212499552964,0.1630265712738037,2.2731375694274902,0.1630265712738037,2.2731375694274902,0.5619804859161377,2.2731375694274902,0.38377952575683594,0.15506458282470703,0.38377952575683594,0.15506458282470703,0.6830341815948486,0.3638366460800171
1261,100,1.9221779912611971,3.3916037,0.10032492620019162,0.2020621959286453,0.13323750221442576,0.4095954895019531,0.9978132247924805,0.4095954895019531,0.9978132247924805,0.7053301334381104,2.5548365116119385,0.4095954895019531,0.316417932510376,0.4095954895019531,0.316417932510376,0.9645859599113464,0.6183052062988281
1262,100,2.0726513194835694,3.5157566,0.12362876839142117,0.12015068958612635,0.2617745399219066,0.574199914932251,2.7474472522735596,0.574199914932251,2.7474472522735596,1.0735340118408203,2.7474472522735596,0.574199914932251,0.17496538162231445,0.574199914932251,0.17496538162231445,0.9081152677536011,0.38491272926330566
1263,100,3.6328286305792528,3.1529486,0.005337044955119441,0.16328160070471692,0.1483820850906506,0.4395565986633301,0.8505864143371582,0.4395565986633301,0.8505864143371582,1.3122358322143555,2.2273993492126465,0.4395565986633301,0.2081010341644287,0.4395565986633301,0.2081010341644287,1.0097599029541016,0.557632327079773
1264,100,4.533526031120651,3.4446154,0.02871955014586111,0.04166502702686756,0.18618520408151867,0.591428279876709,1.9924386739730835,0.591428279876709,1.9924386739730835,0.7096455097198486,1.9924386739730835,0.591428279876709,0.146043062210083,0.591428279876709,0.146043062210083,0.9338088035583496,0.24837183952331543
1265,100,4.344408939265676,3.4080338,0.12386426851921414,0.044463147207634474,0.043231384041382714,0.37428760528564453,0.37428760528564453,0.37428760528564453,0.37428760528564453,0.43754005432128906,0.7716436386108398,0.37428760528564453,0.4255385398864746,0.37428760528564453,0.4255385398864746,0.5729656219482422,0.7335202693939209
1266,100,3.950302408757477,3.6636117,0.1733900497049814,0.12182269063602114,0.06082068685813535,0.3950667381286621,0.3950667381286621,0.3950667381286621,0.3950667381286621,0.701819658279419,0.9630632400512695,0.3950667381286621,0.2621006965637207,0.3950667381286621,0.2621006965637207,0.6790649890899658,0.6489348411560059
1267,100,3.9670446322170134,3.747265,0.08100085405959352,0.079688788074807,0.10848843989913023,0.15430545806884766,1.4963183403015137,0.15430545806884766,1.4963183403015137,0.39361000061035156,1.4963183403015137,0.2709078788757324,0.12262463569641113,0.2709078788757324,0.12262463569641113,0.42921483516693115,0.2619069814682007
1268,100,4.702081464087602,3.6902657,0.08715641088911771,0.08222286869160522,0.12217870467307206,0.27359676361083984,1.7628917694091797,0.27359676361083984,1.7628917694091797,0.5913770198822021,1.7628917694091797,0.27359676361083984,0.12476921081542969,0.27359676361083984,0.12476921081542969,0.4792308807373047,0.2994215488433838
1269,100,3.736531278142256,3.5166318,0.05822586931313811,0.06652274492270394,0.12829196248267483,0.3450279235839844,1.6503429412841797,0.3450279235839844,1.6503429412841797,0.833528995513916,1.6503429412841797,0.3450279235839844,0.16568684577941895,0.3450279235839844,0.16568684577941895,0.64638352394104,0.2727726697921753
1270,100,2.7018385216736447,3.78615,0.07463133539940518,0.058453607395341584,0.09856415614229756,0.18122434616088867,1.9785969257354736,0.18122434616088867,1.9785969257354736,0.49295926094055176,1.9785969257354736,0.2851550579071045,0.11282205581665039,0.2851550579071045,0.11282205581665039,0.4854201078414917,0.25181055068969727
1271,100,4.584992866859482,3.6072679,0.044124572957095154,0.06920839994633754,0.09115558965099568,0.19818592071533203,1.6802090406417847,0.19818592071533203,1.6802090406417847,0.6647515296936035,1.6802090406417847,0.3063640594482422,0.17519712448120117,0.3063640594482422,0.17519712448120117,0.6381652355194092,0.2884383201599121
1272,100,1.0032608744485287,3.25442,0.001709479646584633,0.04905111273539364,0.10772146883699141,0.3710923194885254,1.8917938470840454,0.3710923194885254,1.8917938470840454,0.796910285949707,1.8917938470840454,0.3710923194885254,0.2166140079498291,0.3710923194885254,0.2166140079498291,0.7422599792480469,0.3343867063522339
1273,100,3.1399595003544167,3.4986398,0.029943445703827162,0.009354182535020877,0.051385726306037695,0.15259313583374023,1.1436309814453125,0.15259313583374023,1.1436309814453125,0.3812882900238037,1.1436309814453125,0.25806379318237305,0.07082128524780273,0.25806379318237305,0.07082128524780273,0.4110954999923706,0.1669929027557373
1274,100,2.95953716662738,3.5840065,0.09299004979150045,0.05441889033694395,0.021316976481697537,0.11839628219604492,0.07857942581176758,0.11839628219604492,0.07857942581176758,0.04181408882141113,0.35940980911254883,0.07857942581176758,0.2728748321533203,0.07857942581176758,0.2728748321533203,0.2189946174621582,0.6859786510467529
1275,100,1.944021167679337,3.5554376,0.014098249759870743,0.04287117289513653,0.07649858342003556,0.42929935455322266,1.112144947052002,0.42929935455322266,1.112144947052002,0.2012498378753662,1.112144947052002,0.42929935455322266,0.1499950885772705,0.42929935455322266,0.1499950885772705,0.5258311033248901,0.17611396312713623
1276,100,4.173477142857634,3.52006,0.01153006340629878,0.023401012945011575,0.0966855045856069,0.07693600654602051,1.2193412780761719,0.07693600654602051,1.2193412780761719,0.11417269706726074,1.2193412780761719,0.1152040958404541,0.30824851989746094,0.1152040958404541,0.30824851989746094,0.3472238779067993,0.5454853773117065
1277,100,0.2497404662100852,3.5897028,0.04085598778478776,0.01078263631801021,0.029235007836646194,0.04682183265686035,0.14984345436096191,0.04682183265686035,0.14984345436096191,0.40110087394714355,1.309563159942627,0.14984345436096191,0.12887859344482422,0.14984345436096191,0.12887859344482422,0.3623303174972534,0.4840010404586792
1278,100,1.049714728668076,3.6848476,0.043119867642720175,0.023793257798525674,0.019408332523201878,0.23122167587280273,0.23122167587280273,0.23122167587280273,0.23122167587280273,0.216033935546875,0.39983201026916504,0.23122167587280273,0.3289473056793213,0.23122167587280273,0.3289473056793213,0.3155268430709839,0.4760017395019531
1279,100,3.402821173497924,2.8544579,0.23657395585705737,0.055064878103250225,0.04927782094765379,0.2965364456176758,0.029383182525634766,0.2965364456176758,0.029383182525634766,0.04093742370605469,0.4298882484436035,0.029383182525634766,0.2781529426574707,0.029383182525634766,0.2781529426574707,0.22963571548461914,0.6985713839530945
1280,100,0.8368339234561409,3.50103,0.09304462019930144,0.10734176144157533,0.07530779691086545,0.11924028396606445,0.10546064376831055,0.11924028396606445,0.10546064376831055,0.20182514190673828,0.10546064376831055,0.016754150390625,0.7904138565063477,0.016754150390625,0.7904138565063477,0.06110739707946777,0.9120497703552246
1281,100,1.8653755551235207,3.384826,0.022876263893755855,0.08446604689371859,0.2317573028741422,0.29398322105407715,0.6619503498077393,0.29398322105407715,0.6619503498077393,0.3223247528076172,0.6619503498077393,0.05587315559387207,0.31015443801879883,0.05587315559387207,0.31015443801879883,0.14065957069396973,0.4256364107131958
1282,100,3.644319275939198,3.4471548,0.10687725158901189,0.019625966491568392,0.11085519798842527,0.10018110275268555,0.7906627655029297,0.10018110275268555,0.7906627655029297,0.1889028549194336,0.7906627655029297,0.1437058448791504,0.2876152992248535,0.1437058448791504,0.2876152992248535,0.1917884349822998,0.35001814365386963
1283,100,-0.6485060006642835,3.1470032,0.052907428380959465,0.08801405536350124,0.0388255774769998,0.08005023002624512,0.24559831619262695,0.08005023002624512,0.24559831619262695,0.061982154846191406,0.24559831619262695,0.06920814514160156,0.5233306884765625,0.06920814514160156,0.5233306884765625,0.15740323066711426,0.6868661642074585
1284,100,1.7624964816420257,3.5660353,0.041032701013832995,0.04383293910534462,0.1571544228550489,0.17096567153930664,0.9474389553070068,0.17096567153930664,0.9474389553070068,0.16766762733459473,0.9474389553070068,0.13518118858337402,0.33850693702697754,0.13518118858337402,0.33850693702697754,0.2706608772277832,0.4869130849838257
1285,100,2.5029815907498443,3.462641,0.20429341489916408,0.031183754865246105,0.05410442319522518,0.2526893615722656,0.054368019104003906,0.2526893615722656,0.054368019104003906,0.2470545768737793,1.3418779373168945,0.054368019104003906,0.3394150733947754,0.054368019104003906,0.3394150733947754,0.17522680759429932,0.9579936265945435
1286,100,0.6784004816835811,3.3972468,0.051719320189093226,0.11639484302284778,0.04947904213187698,0.12441396713256836,0.10584449768066406,0.12441396713256836,0.10584449768066406,0.12916135787963867,0.10584449768066406,0.03329777717590332,0.747732400894165,0.03329777717590332,0.747732400894165,0.06957113742828369,0.9560436010360718
1287,100,1.5317584904072652,2.9492326,0.02170468421326399,0.0985909448456519,0.6141908476033169,0.7290124893188477,0.7658295631408691,0.7290124893188477,0.7658295631408691,0.6836714744567871,0.7658295631408691,0.24034786224365234,0.43170595169067383,0.24034786224365234,0.43170595169067383,0.22425174713134766,0.8834848403930664
1288,100,1.9187341910616744,3.3867626,0.11728512052817855,0.005494463484721102,0.05122887391814693,0.08678388595581055,0.07429099082946777,0.08678388595581055,0.07429099082946777,0.015904664993286133,0.998481273651123,0.07429099082946777,0.2632269859313965,0.07429099082946777,0.2632269859313965,0.22534775733947754,0.5357635021209717
1289,100,0.9154428580555434,3.371088,0.0671078687680951,0.10228506765005183,0.006174078512027531,0.07420516014099121,0.2284989356994629,0.07420516014099121,0.2284989356994629,0.034819841384887695,0.2284989356994629,0.06781864166259766,0.5663719177246094,0.06781864166259766,0.5663719177246094,0.14815878868103027,0.7009925842285156
1290,100,0.6478164442570659,3.2288365,0.053695699193632374,0.07924211967442105,0.22834502134945778,0.11798334121704102,1.095963954925537,0.11798334121704102,1.095963954925537,0.0235137939453125,1.095963954925537,0.20657110214233398,0.22241973876953125,0.20657110214233398,0.22241973876953125,0.4285871982574463,0.41965532302856445
1291,100,2.205688223247167,2.5535138,0.1757375964594053,0.04347072966729704,0.07492027618631023,0.011731147766113281,0.14142131805419922,0.011731147766113281,0.14142131805419922,0.14552688598632812,0.9092509746551514,0.14142131805419922,0.24256229400634766,0.14142131805419922,0.24256229400634766,0.28028905391693115,0.44705718755722046
1292,100,2.5479732652499267,3.3066356,0.14218151200677873,0.07253554801351021,0.042018380361734275,0.057623863220214844,0.07150459289550781,0.057623863220214844,0.07150459289550781,0.06340146064758301,0.16420912742614746,0.07150459289550781,0.4033384323120117,0.07150459289550781,0.4033384323120117,0.11785686016082764,0.5233733654022217
1293,100,0.0131069325547177,3.2598863,0.0257256670096484,0.11474076988770832,0.16318346544639328,0.07938003540039062,1.029907464981079,0.07938003540039062,1.029907464981079,0.15604782104492188,1.029907464981079,0.32577061653137207,0.2331387996673584,0.32577061653137207,0.2331387996673584,0.4352843761444092,0.31556224822998047
1294,100,1.1531193948251606,3.4031968,0.012405214850435442,0.021068437812254967,0.1690896110436353,0.13669276237487793,0.8325119018554688,0.13669276237487793,0.8325119018554688,0.03232145309448242,0.8325119018554688,0.11922931671142578,0.20302486419677734,0.11922931671142578,0.20302486419677734,0.2867593765258789,0.3674098253250122
1295,100,2.632500402894568,3.0947077,0.20577575865480022,0.008371967630287663,0.03760694597185338,0.19569015502929688,0.001352548599243164,0.19569015502929688,0.001352548599243164,0.0811617374420166,1.2851884365081787,0.001352548599243164,0.3052239418029785,0.001352548599243164,0.3052239418029785,0.23944103717803955,0.7932555675506592
1296,100,1.5895773991052016,3.1550226,0.09659270076817225,0.1615019536919607,0.00318505387125978,0.1693885326385498,0.10915040969848633,0.1693885326385498,0.10915040969848633,0.18353271484375,0.10915040969848633,0.0014317035675048828,0.7023439407348633,0.0014317035675048828,0.7023439407348633,0.055291056632995605,0.8206169605255127
1297,100,-0.3589729681287694,3.0878613,0.005464614871441953,0.11948439345736689,0.35622190159210987,0.4321255683898926,0.8365640640258789,0.4321255683898926,0.8365640640258789,0.4478332996368408,0.8365640640258789,0.0041599273681640625,0.3900413513183594,0.0041599273681640625,0.3900413513183594,0.14744949340820312,0.6087565422058105
1298,100,0.5025266612498085,3.086312,0.08691171231548456,0.006123324440107325,0.1612052753618891,0.05552959442138672,1.5753300189971924,0.05552959442138672,1.5753300189971924,0.0017952919006347656,1.5753300189971924,0.2887089252471924,0.4629950523376465,0.2887089252471924,0.4629950523376465,0.428253173828125,0.6339012384414673
1299,100,0.9442237089080072,3.3206885,0.11998271860207935,0.03595697429171889,0.014499738863653466,0.13596487045288086,0.02525019645690918,0.13596487045288086,0.02525019645690918,0.11541962623596191,0.0992274284362793,0.02525019645690918,0.5464789867401123,0.02525019645690918,0.5464789867401123,0.06223881244659424,0.8398078680038452
1300,100,-2.2474441236068228,2.9800334,0.18279701409880675,0.2616093871519732,0.10094607245061848,0.29553842544555664,0.0016918182373046875,0.29553842544555664,0.0016918182373046875,0.34916067123413086,0.0016918182373046875,0.07373571395874023,0.6416318416595459,0.07373571395874023,0.6416318416595459,0.03771376609802246,0.707048773765564
1301,100,0.0143617396565143,2.0087895,0.2237444935795363,0.354169821411474,0.7282897434693427,0.8023271560668945,0.32831597328186035,0.8023271560668945,0.32831597328186035,0.7885951995849609,0.32831597328186035,0.22997784614562988,0.3207833766937256,0.22997784614562988,0.3207833766937256,0.11730194091796875,0.4688910245895386
1302,100,0.0878108159159305,2.397086,0.48742942527397415,0.18625997882528356,0.4195767389130344,0.7646822929382324,0.5234017372131348,0.7646822929382324,0.5234017372131348,0.7479133605957031,0.05307292938232422,0.5234017372131348,0.4205125570297241,0.5234017372131348,0.4205125570297241,0.40874791145324707,0.6418181657791138
1303,100,0.2006860521963751,0.54062146,0.5734120751267036,1.4067420039543581,0.5278348334620089,2.0360944271087646,1.0842218399047852,2.0360944271087646,1.0842218399047852,2.207012176513672,1.0842218399047852,1.0894742012023926,0.348850280046463,1.0894742012023926,0.348850280046463,1.0868480205535889,0.3509923815727234
1304,100,0.050823570274153,0.98866564,0.43619451408124066,0.5693841626246772,1.3578654734027342,1.9294815063476562,0.9969989657402039,1.9294815063476562,0.9969989657402039,1.940342903137207,0.9969989657402039,1.0312204360961914,0.030564427375793457,1.0312204360961914,0.030564427375793457,1.027896523475647,0.033594369888305664
1305,100,-1.3545492073393264,1.4240134,0.4018634973522732,0.5204185116332013,0.6991992609197732,0.08917760848999023,0.11739933490753174,0.08917760848999023,0.11739933490753174,0.10054266452789307,0.11739933490753174,0.007308840751647949,0.07023823261260986,0.007308840751647949,0.07023823261260986,0.027140557765960693,0.09017157554626465
1306,100,-0.5225478476418306,1.5842218,0.4914748622584586,0.5110489022485992,0.6744049971865622,0.016634702682495117,0.200109601020813,0.016634702682495117,0.200109601020813,0.1017758846282959,0.200109601020813,0.058287978172302246,0.02236783504486084,0.058287978172302246,0.02236783504486084,0.11773914098739624,0.08186548948287964
1307,100,-0.9578544600126856,0.9293244,0.858704442011122,0.6062014755309653,0.7270421147141668,1.1986019611358643,0.6437034606933594,1.1986019611358643,0.6437034606933594,1.0694996118545532,0.4511507749557495,0.6437034606933594,0.03236401081085205,0.6437034606933594,0.03236401081085205,0.564115047454834,0.10706320405006409
1308,100,-0.6189010915302855,0.2931661,0.7058819273928392,1.2116957150937353,0.9043974958974677,1.611802339553833,0.991095244884491,1.611802339553833,0.991095244884491,1.5768065452575684,0.9513842463493347,0.7406089901924133,0.19909828901290894,0.7406089901924133,0.19909828901290894,0.721067488193512,0.18603703379631042
1309,100,-0.7415291172330717,0.23011333,0.7281210865710197,0.7028451505856415,1.1757627688732346,0.8554765582084656,1.0162632465362549,0.8554765582084656,1.0162632465362549,1.4505140781402588,1.0162632465362549,0.39650315046310425,0.12420341372489929,0.39650315046310425,0.12420341372489929,0.5610930919647217,0.2518090605735779
1310,100,-2.3134182434621233,0.49093252,0.7636972954848789,0.9283996693201082,0.8167911821214603,0.6493704915046692,0.6837028861045837,0.6493704915046692,0.6837028861045837,0.9269658923149109,0.963659942150116,0.4277936816215515,0.21762186288833618,0.4277936816215515,0.21762186288833618,0.5639384388923645,0.3366697430610657
1311,100,1.1500650352245625,0.15795445,0.7432651536161541,0.8269171653782692,1.1830337008467757,0.741421639919281,1.230999231338501,0.741421639919281,1.230999231338501,1.1351946592330933,1.230999231338501,0.501747727394104,0.26566535234451294,0.501747727394104,0.26566535234451294,0.691506028175354,0.42558911442756653
1312,100,-1.3030006324295165,-0.42886114,1.0785084167988237,0.9072847842299652,1.1473175595383256,0.037488341331481934,0.5752989053726196,0.037488341331481934,0.5752989053726196,0.9319486618041992,0.5752989053726196,0.037488341331481934,0.03495669364929199,0.037488341331481934,0.03495669364929199,0.17817774415016174,0.1958102583885193
1313,100,-2.2633539857524356,0.3745344,0.25110654594357484,1.3360444410252823,0.8898793157842966,2.007807493209839,0.06799572706222534,2.007807493209839,0.06799572706222534,2.7512283325195312,0.3402799665927887,0.5116443634033203,0.31579187512397766,0.5116443634033203,0.31579187512397766,0.6680095195770264,0.2762174606323242
1314,100,0.4558229172451823,-0.17831862,0.861624695162234,0.302367084970077,1.713077276439448,2.7804908752441406,0.5312240123748779,2.7804908752441406,0.5312240123748779,3.3659610748291016,0.5312240123748779,0.6895723342895508,0.17298051714897156,0.6895723342895508,0.17298051714897156,0.9817044734954834,0.09659986197948456
1315,100,-1.5492160626932132,-0.1441434,1.1055760918460353,1.0907318629196423,0.3726654457779679,1.3301470279693604,0.22389885783195496,1.3301470279693604,0.22389885783195496,2.8326942920684814,0.679070770740509,0.22389885783195496,0.07310634851455688,0.22389885783195496,0.07310634851455688,0.4514847993850708,0.03984472155570984
1316,100,-0.1893887631378017,-0.103800595,0.32121188436791615,1.3394381939033464,1.22922199286034,2.0508625507354736,0.3776245713233948,2.0508625507354736,0.3776245713233948,3.207139730453491,1.226703405380249,0.5580935478210449,0.09662079811096191,0.5580935478210449,0.09662079811096191,1.001664400100708,0.09034529328346252
1317,100,-1.1745203024537634,-0.20075712,0.9274818192066498,0.4354785569908288,1.407978218618486,1.998658537864685,0.8686181306838989,1.998658537864685,0.8686181306838989,2.979801654815674,0.8686181306838989,0.5284022092819214,0.0660475492477417,0.5284022092819214,0.0660475492477417,0.816661536693573,0.14748188853263855
1318,100,-2.367730236442745,0.107056,0.60067644152035,1.4152393332743358,0.5880422052316034,1.9652997255325317,0.8459944725036621,1.9652997255325317,0.8459944725036621,2.287351608276367,0.8459944725036621,0.7537922859191895,0.12297768145799637,0.7537922859191895,0.12297768145799637,0.7998933792114258,0.09884696453809738
1319,100,-0.8294350427364675,0.18863496,0.7958830074499971,0.5962409087011906,1.0824156183352587,0.9075071811676025,0.7102328538894653,0.9075071811676025,0.7102328538894653,1.7962234020233154,0.7102328538894653,0.28610292077064514,0.0296192467212677,0.28610292077064514,0.0296192467212677,0.4531862139701843,0.14854580163955688
1320,100,0.1145765193592271,-0.31754908,1.1697339047757818,0.939551582361517,0.683227746270572,0.9880403280258179,0.1938881278038025,0.9880403280258179,0.1938881278038025,2.0111277103424072,0.4683663845062256,0.1938881278038025,0.005351126194000244,0.1938881278038025,0.005351126194000244,0.33112725615501404,0.029554292559623718
1321,100,-2.541403352540474,-0.2796201,0.7247137050704446,1.1179958012889548,0.7659923439762228,0.4830988049507141,0.2640935778617859,0.4830988049507141,0.2640935778617859,1.056029200553894,0.48881644010543823,0.12009094655513763,0.07304422557353973,0.12009094655513763,0.07304422557353973,0.19883736968040466,0.10201232135295868
1322,100,0.429212534122481,-0.15130201,0.45758586886412544,0.8082571708920485,1.3619388769223928,1.8543790578842163,0.5811421871185303,1.8543790578842163,0.5811421871185303,2.7552103996276855,0.5811421871185303,0.31245750188827515,0.015418797731399536,0.31245750188827515,0.015418797731399536,0.4675571024417877,0.0507497638463974
1323,100,-0.5726968760723861,-0.48860443,1.0666819494729705,0.5162784543554095,1.330969840224153,0.5462524890899658,0.6922696828842163,0.5462524890899658,0.6922696828842163,2.7621870040893555,0.6922696828842163,0.09468269348144531,0.004776120185852051,0.09468269348144531,0.004776120185852051,0.4278942346572876,0.14531618356704712
1324,100,-1.6935110058839002,-0.075520426,0.40242599606309204,1.5084862582564762,0.47508218602830965,2.086935043334961,0.2762204706668854,2.086935043334961,0.2762204706668854,2.211500883102417,0.2443385124206543,0.3904630243778229,0.036180078983306885,0.3904630243778229,0.036180078983306885,0.37148427963256836,0.03858014941215515
1325,100,-1.1040808741892172,-0.26340434,0.622626521051749,0.3670701767186735,1.5733978279907888,2.7633512020111084,0.5414236783981323,2.7633512020111084,0.5414236783981323,3.188103199005127,0.5414236783981323,0.5238539576530457,0.05664142966270447,0.5238539576530457,0.05664142966270447,0.6654036045074463,0.05589616298675537
1326,100,-0.602747447302947,-0.22634134,0.9249471398102463,0.8217663573440404,0.5831029066156681,0.8964022397994995,0.2091730833053589,0.8964022397994995,0.2091730833053589,1.7648496627807617,0.3670772314071655,0.2091730833053589,0.02752971649169922,0.2091730833053589,0.02752971649169922,0.2881251573562622,0.01624464988708496
1327,100,-2.2175072581982427,-0.48336914,0.681478964017634,1.0149636042281935,0.8309817349736633,0.31026092171669006,0.23242700099945068,0.31026092171669006,0.23242700099945068,0.5199154615402222,0.3892649710178375,0.10439944267272949,0.040864646434783936,0.10439944267272949,0.040864646434783936,0.14961764216423035,0.06637370586395264
1328,100,-2.351877676342575,-0.43705297,0.5328312401509365,0.6812849442420138,0.9885536349055283,0.19304168224334717,0.23438572883605957,0.19304168224334717,0.23438572883605957,0.6445596218109131,0.23438572883605957,0.0677444338798523,0.005089163780212402,0.0677444338798523,0.005089163780212402,0.11271443963050842,0.033451080322265625
1329,100,0.0001718476635943,-0.34929404,0.735681036263192,0.5773947312147758,0.9021162094477936,0.030429542064666748,0.022090256214141846,0.030429542064666748,0.022090256214141846,0.3434169292449951,0.022090256214141846,0.017595350742340088,0.008277833461761475,0.017595350742340088,0.008277833461761475,0.030519723892211914,0.04896789789199829
1330,100,-2.118085003728212,-0.5090052,0.6865216654651762,0.9605803191405802,0.7440137627096111,0.3750479817390442,0.2739512622356415,0.3750479817390442,0.2739512622356415,0.7391166687011719,0.5904059410095215,0.09404388070106506,0.07377946376800537,0.09404388070106506,0.07377946376800537,0.12872600555419922,0.037015318870544434
1331,100,-1.8177703832957863,-0.61473155,0.4712133525624307,0.8635015506041316,0.7484891437237305,0.461896687746048,0.08255636692047119,0.461896687746048,0.08255636692047119,2.2056498527526855,0.2316495180130005,0.08256775140762329,6.973743438720703e-06,0.08256775140762329,6.973743438720703e-06,0.15712052583694458,0.03290402889251709
1332,100,-0.0012991067459474,-0.8568384,0.8015044329630343,0.45390905958321914,0.9772744789412343,0.49999940395355225,0.16656309366226196,0.49999940395355225,0.16656309366226196,2.304786205291748,0.16656309366226196,0.05416285991668701,3.6954879760742188e-06,0.05416285991668701,3.6954879760742188e-06,0.11037510633468628,0.00024002790451049805
1333,100,-2.0871746995963285,-0.3754143,0.6037789733241925,0.9032471359185744,0.5962447489762224,0.4821411371231079,0.17627257108688354,0.4821411371231079,0.17627257108688354,1.7339451313018799,0.17627257108688354,0.07708680629730225,6.020069122314453e-06,0.07708680629730225,6.020069122314453e-06,0.1266796886920929,0.008103549480438232
1334,100,-2.369935241118531,-0.5233205,0.3897174906075207,0.7704112615525927,1.2288922985241173,0.9405867457389832,0.2559382915496826,0.9405867457389832,0.2559382915496826,3.244441509246826,0.2559382915496826,0.07651060819625854,1.239776611328125e-05,0.07651060819625854,1.239776611328125e-05,0.1661365032196045,0.022008001804351807
1335,100,-1.2639705631196492,-0.7761749,0.6251624252941601,0.42618813567964486,1.212691644443474,0.5765619277954102,0.10125446319580078,0.5765619277954102,0.10125446319580078,2.3747057914733887,0.10125446319580078,0.09315299987792969,5.2809715270996094e-05,0.09315299987792969,5.2809715270996094e-05,0.09709185361862183,0.05819857120513916
1336,100,-2.8341168644310577,-0.5768222,0.6635186463415211,0.9798124812133739,0.5304372927551624,0.7540872693061829,0.40904372930526733,0.7540872693061829,0.40904372930526733,2.8374063968658447,0.40904372930526733,0.030054688453674316,1.5735626220703125e-05,0.030054688453674316,1.5735626220703125e-05,0.21954920887947083,0.021431028842926025
1337,100,-1.652859516784302,-1.0687252,0.5963670489621504,0.8737929241077274,0.8847135878368073,0.1675875186920166,0.47632431983947754,0.1675875186920166,0.47632431983947754,1.0699717998504639,0.47632431983947754,0.09192001819610596,0.05019831657409668,0.09192001819610596,0.05019831657409668,0.17287886142730713,0.1100146472454071
1338,100,-2.5559029047449124,-0.8206111,0.49729866758500996,0.5512463014278416,0.9076847447613673,0.09842026233673096,0.048877835273742676,0.09842026233673096,0.048877835273742676,0.18987226486206055,0.048877835273742676,0.046315789222717285,0.20453524589538574,0.046315789222717285,0.20453524589538574,0.06713086366653442,0.17318451404571533
1339,100,-0.4332050209663189,-0.8136944,0.5089657538253622,0.8296719356680039,0.7318634665811184,0.14214491844177246,0.04915231466293335,0.14214491844177246,0.04915231466293335,0.3111586570739746,0.1597597599029541,0.05966782569885254,0.03969776630401611,0.05966782569885254,0.03969776630401611,0.07957494258880615,0.02345961332321167
1340,100,-0.4193829913730396,-0.7380593,0.43876264089417605,0.5898213644489595,0.920358404312347,0.09609866142272949,0.02012491226196289,0.09609866142272949,0.02012491226196289,0.2097245454788208,0.02012491226196289,0.04661357402801514,0.2522130012512207,0.04661357402801514,0.2522130012512207,0.06936728954315186,0.2169780135154724
1341,100,-0.998171843288576,-0.91429675,0.44318260265277454,0.8749093741076097,0.8239646254177767,0.38708508014678955,0.09190487861633301,0.38708508014678955,0.09190487861633301,2.2921345233917236,0.2646830081939697,0.09502625465393066,0.006531953811645508,0.09502625465393066,0.006531953811645508,0.1641935110092163,0.0433695912361145
1342,100,-0.7073907241339707,-0.95518315,0.3531737017262844,0.4379407844131753,1.2267250169030168,1.1236975193023682,0.19887316226959229,1.1236975193023682,0.19887316226959229,1.4965837001800537,0.19887316226959229,0.13112199306488037,0.013269305229187012,0.13112199306488037,0.013269305229187012,0.15144193172454834,0.00885993242263794
1343,100,-0.3690542506063887,-0.72152364,0.3717649471514002,0.5429530272778778,0.9741236690393428,0.012004613876342773,0.0267714262008667,0.012004613876342773,0.0267714262008667,0.04152357578277588,0.0267714262008667,0.011438608169555664,0.04884636402130127,0.011438608169555664,0.04884636402130127,0.02601104974746704,0.03278237581253052
1344,100,-0.8177839690440775,-0.8400682,0.4430932179349396,0.7253911164029152,0.7485502283008851,0.07661032676696777,0.502326488494873,0.07661032676696777,0.502326488494873,0.5787222385406494,0.502326488494873,0.07661032676696777,0.053334832191467285,0.07661032676696777,0.053334832191467285,0.19943594932556152,0.176876038312912
1345,100,1.080677539925654,-1.1321911,0.3660230651190597,0.5881325204655069,1.0157777331001365,0.19593000411987305,0.1980609893798828,0.19593000411987305,0.1980609893798828,0.46251654624938965,0.1980609893798828,0.0904158353805542,0.0011975765228271484,0.0904158353805542,0.0011975765228271484,0.12908083200454712,0.02783071994781494
1346,100,0.0811515174245591,-1.0344344,0.4867699492588331,0.5226253075621178,0.8137181126752617,0.09602564573287964,0.1673223376274109,0.09602564573287964,0.1673223376274109,0.1451130509376526,0.1673223376274109,0.05531424283981323,0.02318882942199707,0.05531424283981323,0.02318882942199707,0.07342666387557983,0.04189297556877136
1347,100,-0.5013329007182903,-0.9308756,0.11603803937787482,0.6881555750057149,0.8182157503818626,0.941586434841156,0.03710317611694336,0.941586434841156,0.03710317611694336,2.7897980213165283,0.03710317611694336,0.08601248264312744,0.1426563858985901,0.08601248264312744,0.1426563858985901,0.19014966487884521,0.09534525871276855
1348,100,0.8172378306256686,-0.5285779,0.27048062725805533,0.11761393233544837,1.064870313757269,2.5582056045532227,0.08511477708816528,2.5582056045532227,0.08511477708816528,2.8079447746276855,0.08511477708816528,0.4212784171104431,0.22857069969177246,0.4212784171104431,0.22857069969177246,0.40331000089645386,0.23352214694023132
1349,100,2.556196730702773,-0.61708134,0.43102069168361196,0.5170640341323061,0.3216988996208945,0.4711607098579407,0.058797359466552734,0.4711607098579407,0.058797359466552734,1.406907081604004,0.058797359466552734,0.027288079261779785,0.3245086669921875,0.027288079261779785,0.3245086669921875,0.04304271936416626,0.3179816007614136
1350,100,-0.5182276677687468,-1.0280411,0.1656989388910357,0.6892481076937567,0.8008002642785355,0.29597121477127075,0.01647639274597168,0.29597121477127075,0.01647639274597168,1.765968680381775,0.01647639274597168,0.0235440731048584,0.07732272148132324,0.0235440731048584,0.07732272148132324,0.056526631116867065,0.041995465755462646
1351,100,2.160870369497549,-0.077596456,0.3450986602410828,0.1291614533546045,0.9097636392743317,2.7596657276153564,0.8324234485626221,2.7596657276153564,0.8324234485626221,2.5485634803771973,0.8324234485626221,0.5557307004928589,0.4438517987728119,0.5557307004928589,0.4438517987728119,0.5493531823158264,0.700616180896759
1352,100,2.5489598508395197,1.0801508,0.31809672933468713,0.7919475895983146,0.054893109761818604,1.693164348602295,1.5385010242462158,1.693164348602295,1.5385010242462158,0.20651954412460327,1.5385010242462158,1.693164348602295,0.8563588857650757,1.693164348602295,0.8563588857650757,1.6158326864242554,0.723229169845581
1353,100,-0.2231053296207037,1.6800175,0.48925185862838994,0.3913626889490176,1.1638807771772248,2.2990024089813232,2.752492904663086,2.2990024089813232,2.752492904663086,2.809821605682373,2.752492904663086,2.2990024089813232,0.31108689308166504,2.2990024089813232,0.31108689308166504,2.5796713829040527,0.41928184032440186
1354,100,0.7350343374107745,0.5188706,0.4523805396381728,0.45591717962290823,0.8178464022954716,2.2348246574401855,1.5303432941436768,2.2348246574401855,1.5303432941436768,1.919581651687622,1.5303432941436768,0.4354863166809082,1.039433240890503,0.4354863166809082,1.039433240890503,0.6697871685028076,1.3335282802581787
1355,100,0.4979662573887722,2.2886488,0.15818760331553694,0.8483465393921964,1.005070287017376,1.7910088300704956,3.1705539226531982,1.7910088300704956,3.1705539226531982,3.107516288757324,3.1705539226531982,2.2164955139160156,0.06002187728881836,2.2164955139160156,0.06002187728881836,2.6975908279418945,0.8088070154190063
1356,100,0.3063361766349459,1.4109894,0.05817526001547224,0.29719395272408156,1.2143333249203732,2.41957950592041,2.4600930213928223,2.41957950592041,2.4600930213928223,0.6538046598434448,2.4600930213928223,2.41957950592041,0.38143980503082275,2.41957950592041,0.38143980503082275,2.3975367546081543,0.27830737829208374
1357,100,-0.1264083904521675,-0.6530259,0.1637589862102905,0.16779456707517715,0.7833794695405205,1.1587821245193481,0.32063066959381104,1.1587821245193481,0.32063066959381104,0.500840961933136,0.32063066959381104,0.1431788206100464,0.15231120586395264,0.1431788206100464,0.15231120586395264,0.17525744438171387,0.26997968554496765
1358,100,-0.8240636630890357,-0.41685656,0.19621423700715568,0.21531872946410546,0.243147195505676,0.45553937554359436,0.6342933177947998,0.45553937554359436,0.6342933177947998,0.5342379808425903,0.6342933177947998,0.45553937554359436,0.1057138741016388,0.45553937554359436,0.1057138741016388,0.5244948863983154,0.22320178151130676
1359,100,-1.009244253638989,-0.93966043,0.31715891662588236,0.3481435611255186,0.4734167985336477,0.16263437271118164,0.2051621675491333,0.16263437271118164,0.2051621675491333,0.18180060386657715,0.2051621675491333,0.16263437271118164,0.01800239086151123,0.16263437271118164,0.01800239086151123,0.1866006851196289,0.040144383907318115
1360,100,-0.6220866484792063,-0.9741999,0.35556552769405037,0.4104628918654063,0.5226219716990732,0.038794755935668945,0.0036751627922058105,0.038794755935668945,0.0036751627922058105,0.015407264232635498,0.0036751627922058105,0.038794755935668945,0.039580464363098145,0.038794755935668945,0.039580464363098145,0.033793509006500244,0.04974278807640076
1361,100,-2.199119385148565,-1.1453333,0.29260820092767803,0.4557254820217175,0.5739948079758085,0.010827779769897461,0.03494548797607422,0.010827779769897461,0.03494548797607422,0.12261390686035156,0.03494548797607422,0.010827779769897461,0.04695415496826172,0.010827779769897461,0.04695415496826172,0.035001397132873535,0.03076350688934326
1362,100,-2.4029748498075856,-1.2250818,0.2599356330521534,0.4642161600726986,0.6371528571695602,0.09165096282958984,0.19449198246002197,0.09165096282958984,0.19449198246002197,0.2657332420349121,0.19449198246002197,0.06756579875946045,0.002020120620727539,0.06756579875946045,0.002020120620727539,0.11260396242141724,0.0345119833946228
1363,100,-0.2776071349715735,-1.2787884,0.37237775433309306,0.36486674430444066,0.6839655977241772,0.15848290920257568,0.2649029493331909,0.15848290920257568,0.2649029493331909,0.6492800712585449,0.2649029493331909,0.0975039005279541,0.05007624626159668,0.0975039005279541,0.05007624626159668,0.12366807460784912,0.0553128719329834
1364,100,-1.6630469293733303,-1.2077305,0.3284843441137335,0.5356691195485519,0.45594455532191924,0.14668166637420654,0.011386632919311523,0.14668166637420654,0.011386632919311523,0.30723172426223755,0.1505887508392334,0.05115485191345215,0.11321544647216797,0.05115485191345215,0.11321544647216797,0.07072591781616211,0.09140098094940186
1365,100,-2.7903866464077383,-1.4357475,0.19240981037008398,0.5467201023717823,0.7644695456994257,0.6754446625709534,0.3876112699508667,0.6754446625709534,0.3876112699508667,3.4413375854492188,0.3876112699508667,0.14560890197753906,0.014121770858764648,0.14560890197753906,0.014121770858764648,0.25602102279663086,0.05199313163757324
1366,100,-0.8407483149551828,-1.2862735,0.30262448799978814,0.22508999582418499,0.8901458620717845,1.91202974319458,0.7156308889389038,1.91202974319458,0.7156308889389038,3.0117576122283936,0.7156308889389038,0.35894131660461426,0.02405691146850586,0.35894131660461426,0.02405691146850586,0.4734026789665222,0.026240110397338867
1367,100,-2.5018016971540757,-1.195273,0.3499647570306698,0.4577754833239461,0.3374499260892778,0.3509153127670288,0.2821866273880005,0.3509153127670288,0.2821866273880005,1.8968334197998047,0.2821866273880005,0.11052799224853516,0.02329087257385254,0.11052799224853516,0.02329087257385254,0.19635730981826782,0.03280842304229736
1368,100,-1.3044095493004884,-1.4896109,0.2076133099637436,0.5871834095657079,0.6366679556315757,0.34577643871307373,0.7884190678596497,0.34577643871307373,0.7884190678596497,2.5410540103912354,0.7884190678596497,0.16886043548583984,0.0067092180252075195,0.16886043548583984,0.0067092180252075195,0.3814345598220825,0.11372631788253784
1369,100,-0.8732053833237263,-1.4661028,0.2671173666043789,0.24371130832333354,0.9383918201211594,1.7593251466751099,1.142298936843872,1.7593251466751099,1.142298936843872,3.013970136642456,1.142298936843872,0.3986392021179199,0.048201560974121094,0.3986392021179199,0.048201560974121094,0.5513991117477417,0.05877232551574707
1370,100,-1.4549850948403282,-1.5662785,0.27798333433792766,0.6274828712657555,0.4336237061730366,0.7566841244697571,0.3747377395629883,0.7566841244697571,0.3747377395629883,1.4180691242218018,0.7712674736976624,0.21487021446228027,0.05867958068847656,0.21487021446228027,0.05867958068847656,0.33526360988616943,0.11771690845489502
1371,100,-0.1110459125508769,-1.6167221,0.1730476772393459,0.3602841521814927,0.9681550019910345,1.932457685470581,1.5129079818725586,1.932457685470581,1.5129079818725586,2.9304442405700684,1.5129079818725586,0.5144627094268799,0.009764432907104492,0.5144627094268799,0.009764432907104492,0.8346030116081238,0.07573205232620239
1372,100,-1.464679369457237,-1.2049063,0.26426593221314376,0.27188428867083436,0.5454812527752619,0.557194173336029,1.0206050872802734,0.557194173336029,1.0206050872802734,0.902923583984375,1.0206050872802734,0.35363900661468506,0.12360942363739014,0.35363900661468506,0.12360942363739014,0.4923916757106781,0.22349080443382263
1373,100,-0.6598483186881234,-1.4388547,0.08611644412746133,0.49741531862426047,0.6024163022022886,0.9255080819129944,1.1043083667755127,0.9255080819129944,1.1043083667755127,2.778097152709961,1.1043083667755127,0.3134053945541382,0.010384202003479004,0.3134053945541382,0.010384202003479004,0.6857068538665771,0.1812334656715393
1374,100,-0.3693540388319148,-1.191173,0.2848714715273107,0.02204818816221865,0.43998405045455297,1.1966503858566284,1.1362683773040771,1.1966503858566284,1.1362683773040771,1.8347080945968628,1.1362683773040771,0.5939320921897888,0.02773880958557129,0.5939320921897888,0.02773880958557129,0.8364737033843994,0.18757525086402893
1375,100,-0.8618978946508148,-0.9401346,0.14763879829768056,0.5070031258786463,0.06699829875040286,1.5751500129699707,0.979088544845581,1.5751500129699707,0.979088544845581,1.918764352798462,0.979088544845581,0.7201859951019287,0.06068754196166992,0.7201859951019287,0.06068754196166992,0.8496372699737549,0.14332175254821777
1376,100,-1.6406997501639795,-1.105935,0.05778808419391068,0.2007827339021816,0.6939835518444935,1.832589864730835,1.5075650215148926,1.832589864730835,1.5075650215148926,2.2048439979553223,1.5075650215148926,0.9577662944793701,0.08869457244873047,0.9577662944793701,0.08869457244873047,1.1624327898025513,0.2287944257259369
1377,100,1.4384392346909811,-0.6561602,0.16681609119054996,0.039106406373871194,0.19438280269529187,0.751582145690918,1.0652953386306763,0.751582145690918,1.0652953386306763,1.2404686212539673,1.0652953386306763,0.5200556516647339,0.21014860272407532,0.5200556516647339,0.21014860272407532,0.6885125041007996,0.37510526180267334
1378,100,-2.5744540421065447,-0.87530565,0.26891336343619215,0.24325481106453545,0.16571037714526415,0.6860396862030029,0.2725381851196289,0.6860396862030029,0.2725381851196289,1.456891655921936,0.712646484375,0.2725381851196289,0.16847121715545654,0.2725381851196289,0.16847121715545654,0.49259233474731445,0.3435802757740021
1379,100,-2.0747571009397627,-0.6661607,0.3073503415634745,0.4019312532650645,0.31333134409129815,1.6657499074935913,0.17607438564300537,1.6657499074935913,0.17607438564300537,2.0553269386291504,0.8372112512588501,0.6155693531036377,0.29801619052886963,0.6155693531036377,0.29801619052886963,0.9293797612190247,0.18273842334747314
1380,100,0.3228425928764455,-0.8792299,0.37530900914337195,0.48435274887945223,0.5658214020821238,1.7817672491073608,0.9267610311508179,1.7817672491073608,0.9267610311508179,1.587887167930603,0.9267610311508179,0.837033748626709,0.5625097751617432,0.837033748626709,0.5625097751617432,0.54280024766922,0.35612523555755615
1381,100,-1.2306275387601069,-0.6690458,0.2801283765904272,0.5353884381782967,0.5567880552710126,0.39038002490997314,0.774260938167572,0.39038002490997314,0.774260938167572,1.0912734270095825,0.774260938167572,0.39038002490997314,0.4229185879230499,0.39038002490997314,0.4229185879230499,0.31840217113494873,0.8673716187477112
1382,100,-1.7374039738165097,-1.4884777,0.017003006157801703,0.3854728471679787,0.7395129439603424,2.512467384338379,1.6864198446273804,2.512467384338379,1.6864198446273804,2.955686569213867,1.6864198446273804,0.7137596607208252,0.018279075622558594,0.7137596607208252,0.018279075622558594,1.2558201551437378,0.12181955575942993
1383,100,1.4807088357058953,-1.0966684,0.1739998830680789,0.14088088185030345,0.6377069789250588,1.9792735576629639,1.2444757223129272,1.9792735576629639,1.2444757223129272,2.260329246520996,1.2444757223129272,1.001814842224121,0.07300090789794922,1.001814842224121,0.07300090789794922,1.2084619998931885,0.08463358879089355
1384,100,-0.6524601901296783,-0.63923806,0.24195112243192307,0.22734524616235516,0.2807878051593235,0.13859951496124268,0.7617968916893005,0.13859951496124268,0.7617968916893005,0.8285640478134155,0.7617968916893005,0.13859951496124268,0.46190184354782104,0.13859951496124268,0.46190184354782104,0.17763876914978027,0.6901150345802307
1385,100,-0.2970320674767295,-0.80152375,0.3531797022344322,0.32431721928628665,0.29628948044812764,0.3038221001625061,0.3038221001625061,0.3038221001625061,0.3038221001625061,1.235641598701477,0.11885309219360352,0.3038221001625061,0.567255437374115,0.3038221001625061,0.567255437374115,0.2113375961780548,0.8642826080322266
1386,100,2.3254345994004124,-0.3609293,0.05219200386624162,0.5985738085806882,0.4341693871248116,0.5888076424598694,0.4841805100440979,0.5888076424598694,0.4841805100440979,1.1552343368530273,0.3849923014640808,0.5888076424598694,0.20381921529769897,0.5888076424598694,0.20381921529769897,0.3851867914199829,0.5871527194976807
1387,100,-0.9551843841723172,0.40384945,0.053855845403835145,0.017258951600474637,0.8313037238733465,0.6781255006790161,0.2975553870201111,0.6781255006790161,0.2975553870201111,0.11164876818656921,0.2975553870201111,0.6781255006790161,0.12482455372810364,0.6781255006790161,0.12482455372810364,0.6363682746887207,0.14633619785308838
1388,100,-0.0576680495741352,0.23285726,0.6647353888044447,0.1123625089852876,0.0010046763313594775,0.5923177003860474,0.5923177003860474,0.5923177003860474,0.5923177003860474,0.39475199580192566,0.4389331340789795,0.5923177003860474,0.2703385055065155,0.5923177003860474,0.2703385055065155,0.5156254172325134,0.307036429643631
1389,100,0.5768054755132181,0.44209415,0.052034051986443064,0.9565213753032109,0.16593355286700007,0.779695451259613,0.5003795027732849,0.779695451259613,0.5003795027732849,0.10700654983520508,0.31575194001197815,0.779695451259613,0.14661544561386108,0.779695451259613,0.14661544561386108,0.680327832698822,0.16697341203689575
1390,100,1.926573448482049,0.33977008,0.09745265144048276,0.048963092881994186,0.8871774353163759,0.6456797122955322,0.29345065355300903,0.6456797122955322,0.29345065355300903,0.1492234617471695,0.29345065355300903,0.6456797122955322,0.1162371039390564,0.6456797122955322,0.1162371039390564,0.6385683417320251,0.11903896927833557
1391,100,-0.7437803747713926,-0.3197523,0.22779191538845142,0.15796608016970234,0.15268522355052622,0.16504770517349243,0.16504770517349243,0.16504770517349243,0.16504770517349243,0.1543213129043579,0.13947844505310059,0.16504770517349243,0.5194543600082397,0.16504770517349243,0.5194543600082397,0.1522630751132965,0.5292609333992004
1392,100,-1.0197387859237446,0.63385636,0.47102446685772376,0.3958833832357757,0.3676121883619179,0.250000923871994,0.250000923871994,0.250000923871994,0.250000923871994,0.10524523258209229,0.4380352199077606,0.250000923871994,0.01200932264328003,0.250000923871994,0.01200932264328003,0.3440180718898773,0.04532730579376221
1393,100,0.7979547135325347,0.34682468,0.016079180461076148,0.6037541238072608,0.34894304094624873,0.3461691737174988,0.18293961882591248,0.3461691737174988,0.18293961882591248,0.15931475162506104,0.3741907477378845,0.3461691737174988,0.10652351379394531,0.3461691737174988,0.10652351379394531,0.4510249197483063,0.07062381505966187
1394,100,0.7926728006102085,0.08350293,0.04849987029645225,0.009294283182657792,0.7458045180963792,0.5862355828285217,0.18306627869606018,0.5862355828285217,0.18306627869606018,0.008993253111839294,0.18306627869606018,0.5862355828285217,0.14134259521961212,0.5862355828285217,0.14134259521961212,0.5048432946205139,0.19586503505706787
1395,100,0.7389479618427488,-0.54163224,0.23410375085995366,0.11731081440583947,0.05660291165881552,0.1734539270401001,0.1734539270401001,0.1734539270401001,0.1734539270401001,0.7005902528762817,0.17116495966911316,0.1734539270401001,0.32478347420692444,0.1734539270401001,0.32478347420692444,0.17230944335460663,0.48349976539611816
1396,100,1.488280831375077,-0.08939182,0.27349790531975515,0.3226232532783062,0.07073006759112843,0.2014240026473999,0.3754029870033264,0.2014240026473999,0.3754029870033264,0.3742605447769165,0.3754029870033264,0.2014240026473999,0.20841199159622192,0.2014240026473999,0.20841199159622192,0.28841349482536316,0.14055663347244263
1397,100,1.2239328930334856,0.14773154,0.2154263663089665,0.28091487207184335,0.3018855834411796,0.08319604396820068,0.3438546061515808,0.08319604396820068,0.3438546061515808,0.21454152464866638,0.3438546061515808,0.08319604396820068,0.06951290369033813,0.08319604396820068,0.06951290369033813,0.14941959083080292,0.12420385330915451
1398,100,1.864084268038413,0.50515884,0.33666622170160726,0.3232657953175073,0.46364093310746957,0.006693512201309204,0.44967120885849,0.006693512201309204,0.44967120885849,0.13293704390525818,0.44967120885849,0.08100005984306335,0.05522635579109192,0.08100005984306335,0.05522635579109192,0.17319665849208832,0.14044389128684998
1399,100,1.0201552024750105,0.48029032,0.22261696670498843,0.4169372218849835,0.3631762569046922,0.07531428337097168,0.1413637399673462,0.07531428337097168,0.1413637399673462,0.07444813847541809,0.28554898500442505,0.07531428337097168,0.02250683307647705,0.07531428337097168,0.02250683307647705,0.1208881139755249,0.052224546670913696
1400,100,0.8456768336638336,0.56265146,0.30165496873077247,0.3155393117456296,0.46210551040432707,0.034047722816467285,0.305569589138031,0.034047722816467285,0.305569589138031,0.04941844940185547,0.305569589138031,0.05435538291931152,0.03993022441864014,0.05435538291931152,0.03993022441864014,0.08968526124954224,0.06623002886772156
1401,100,2.5378933130943757,0.9523529,0.2889115774805604,0.564892957902344,0.5702329572302982,0.04317069053649902,0.6128557920455933,0.04317069053649902,0.6128557920455933,0.23775255680084229,0.6128557920455933,0.11422097682952881,0.05809926986694336,0.11422097682952881,0.05809926986694336,0.26320594549179077,0.1519586443901062
1402,100,0.5282844162057795,0.8436838,0.2526091182111567,0.3660686631011697,0.7049810996477545,0.20924592018127441,0.6318557858467102,0.20924592018127441,0.6318557858467102,0.23787230253219604,0.6318557858467102,0.20924592018127441,0.06807416677474976,0.20924592018127441,0.06807416677474976,0.32363244891166687,0.1130705177783966
1403,100,2.3233251443215757,0.86550134,0.5022321103838403,0.32827003255704135,0.48251912166457306,0.16047614812850952,0.16047614812850952,0.16047614812850952,0.16047614812850952,0.11970275640487671,0.5682604908943176,0.16047614812850952,0.044451236724853516,0.16047614812850952,0.044451236724853516,0.2481912076473236,0.11092212796211243
1404,100,1.9366543908269704,0.6791105,0.19477626600357167,0.5692950282117857,0.4226678087891327,0.12469786405563354,0.18613189458847046,0.12469786405563354,0.18613189458847046,0.05959194898605347,0.3818545937538147,0.12469786405563354,0.030549347400665283,0.12469786405563354,0.030549347400665283,0.20582738518714905,0.056123971939086914
1405,100,0.2714812996346883,0.9971616,0.3906695145819197,0.23786097167130182,0.7606345096481419,0.1962510347366333,0.6408565044403076,0.1962510347366333,0.6408565044403076,0.422607421875,0.6408565044403076,0.1962510347366333,0.018782973289489746,0.1962510347366333,0.018782973289489746,0.33015745878219604,0.06570404767990112
1406,100,2.1084124475325687,1.0647159,0.3663404104475867,0.635613515236994,0.46920652086830517,0.1060100793838501,0.26401466131210327,0.1060100793838501,0.26401466131210327,0.007784128189086914,0.4684574007987976,0.1060100793838501,0.05272805690765381,0.1060100793838501,0.05272805690765381,0.15579074621200562,0.07990989089012146
1407,100,2.337602332419623,1.3306953,0.16304956706836027,0.6008860341167634,0.8744554269828441,0.24455761909484863,0.7763544321060181,0.24455761909484863,0.7763544321060181,0.5520504713058472,0.7763544321060181,0.24455761909484863,0.022021770477294922,0.24455761909484863,0.022021770477294922,0.47243693470954895,0.08842241764068604
1408,100,1.498784417035718,1.4516098,0.4410197701292349,0.2522975018446387,0.9806073087033949,0.23061585426330566,0.6964898705482483,0.23061585426330566,0.6964898705482483,0.50876384973526,0.6964898705482483,0.2790956497192383,0.0164945125579834,0.2790956497192383,0.0164945125579834,0.43612274527549744,0.08593106269836426
1409,100,2.6016466838485224,1.4397669,0.5626028250723665,0.7488165233105015,0.3698084302105751,0.16495490074157715,0.6039923429489136,0.16495490074157715,0.6039923429489136,0.5160925388336182,0.6039923429489136,0.2038249969482422,0.02488398551940918,0.2038249969482422,0.02488398551940918,0.4039086699485779,0.11334669589996338
1410,100,1.8774070267170344,1.5652317,0.35686912180222174,0.646699724238865,0.7904199555746676,0.15355408191680908,1.0505160093307495,0.15355408191680908,1.0505160093307495,0.5123987197875977,1.0505160093307495,0.1856539249420166,0.08202266693115234,0.1856539249420166,0.08202266693115234,0.4029500186443329,0.1828444004058838
1411,100,0.6260159454508747,1.7195742,0.472475127550642,0.5275850465514818,0.938468788100784,0.22792541980743408,1.1377694606781006,0.22792541980743408,1.1377694606781006,0.27730023860931396,1.1377694606781006,0.2932997941970825,0.12278079986572266,0.2932997941970825,0.12278079986572266,0.4739055037498474,0.18703579902648926
1412,100,1.903590045796184,1.6710057,0.46187618695506694,0.7112756851177242,0.6504446754097631,0.22393763065338135,0.4992741346359253,0.22393763065338135,0.4992741346359253,0.30161452293395996,1.2283070087432861,0.22393763065338135,0.16599249839782715,0.22393763065338135,0.16599249839782715,0.4542258083820343,0.2972513437271118
1413,100,0.6173893604222811,1.4965557,0.242969239585076,0.5633815999472469,0.806972187178856,0.24995267391204834,0.9630740284919739,0.24995267391204834,0.9630740284919739,0.4698890447616577,0.9630740284919739,0.24995267391204834,0.06831562519073486,0.24995267391204834,0.06831562519073486,0.4943448603153229,0.13926661014556885
1414,100,0.970699049321302,1.4910457,0.38370313131829714,0.31749827926818464,0.9115205362720793,0.2867608070373535,0.8669686317443848,0.2867608070373535,0.8669686317443848,0.5831422805786133,0.8669686317443848,0.29530858993530273,0.053162574768066406,0.29530858993530273,0.053162574768066406,0.4463840126991272,0.12465494871139526
1415,100,2.3861593933694625,1.3869663,0.22712881488027836,0.7166591536420115,0.5755371426542599,0.30851566791534424,0.41760116815567017,0.30851566791534424,0.41760116815567017,0.10346388816833496,0.815934956073761,0.30851566791534424,0.05360054969787598,0.30851566791534424,0.05360054969787598,0.4776541292667389,0.13668525218963623
1416,100,0.8380185778589115,1.5734053,0.2740058345892997,0.3369615583190906,0.9846032484789788,0.36852753162384033,0.7912437915802002,0.36852753162384033,0.7912437915802002,0.23396241664886475,0.7912437915802002,0.36852753162384033,0.05388164520263672,0.36852753162384033,0.05388164520263672,0.4624395966529846,0.09070682525634766
1417,100,0.7045948027878592,1.4646935,0.4994706070543463,0.44288269798447377,0.526137914713408,0.09071540832519531,0.7111886739730835,0.09071540832519531,0.7111886739730835,0.04150748252868652,0.7111886739730835,0.09677994251251221,0.10213208198547363,0.09677994251251221,0.10213208198547363,0.230912446975708,0.24749702215194702
1418,100,2.56269151339113,1.5195578,0.24293423115669466,0.6825534586516238,0.5975724290672342,0.18401777744293213,0.2716461420059204,0.18401777744293213,0.2716461420059204,0.126977801322937,0.6196008920669556,0.18401777744293213,0.04162561893463135,0.18401777744293213,0.04162561893463135,0.3117366433143616,0.10117995738983154
1419,100,0.2780711926259002,1.5682827,0.20296176240693087,0.36466045326255614,1.0082219258795693,0.3666881322860718,0.76662677526474,0.3666881322860718,0.76662677526474,0.2471245527267456,0.76662677526474,0.3666881322860718,0.011948347091674805,0.3666881322860718,0.011948347091674805,0.4860183000564575,0.05751967430114746
1420,100,0.8224708675018018,1.2176744,0.45095992201612756,0.3138602774340621,0.5130011981506787,0.09464848041534424,0.6803544759750366,0.09464848041534424,0.6803544759750366,0.042592406272888184,0.6803544759750366,0.1488279104232788,0.0796884298324585,0.1488279104232788,0.0796884298324585,0.2831909954547882,0.18083587288856506
1421,100,2.1592878612615625,1.5215449,0.20160143202829994,0.8035099785838956,0.450340091708497,0.3797001838684082,0.441756010055542,0.3797001838684082,0.441756010055542,0.11085593700408936,0.8401901125907898,0.3797001838684082,0.02138996124267578,0.3797001838684082,0.02138996124267578,0.5615142583847046,0.08703827857971191
1422,100,0.3472217879558706,1.4155005,0.2211807443795537,0.1943934694879863,1.0870325022546694,0.7577977776527405,1.158077597618103,0.7577977776527405,1.158077597618103,0.590617835521698,1.158077597618103,0.7577977776527405,0.0347137451171875,0.7577977776527405,0.0347137451171875,0.8779958486557007,0.060163140296936035
1423,100,2.8725918130530586,1.353117,0.41959849902495905,0.4102747895822082,0.4198890530033824,0.20840966701507568,0.6070298552513123,0.20840966701507568,0.6070298552513123,0.17527925968170166,0.6070298552513123,0.06733691692352295,0.14599394798278809,0.06733691692352295,0.14599394798278809,0.17502260208129883,0.28508201241493225
1424,100,2.20981734531862,1.2416253,0.157204462804182,0.6262152008456258,0.42818571069626676,0.4341745972633362,0.5147446393966675,0.4341745972633362,0.5147446393966675,0.2495824694633484,0.9642126560211182,0.4341745972633362,0.042238712310791016,0.4341745972633362,0.042238712310791016,0.6455062031745911,0.16327795386314392
1425,100,1.7331785256214234,1.4323463,0.44334872783228896,0.15429742597811624,0.7834821265459675,0.2757531404495239,1.263806700706482,0.2757531404495239,1.263806700706482,0.7028293609619141,1.263806700706482,0.5253548622131348,0.044288039207458496,0.5253548622131348,0.044288039207458496,0.8153155446052551,0.1782192587852478
1426,100,3.802424904714841,1.7001579,0.44590907209773645,0.9517612958077303,0.25483068220855043,0.7732683420181274,1.53066885471344,0.7732683420181274,1.53066885471344,1.2600059509277344,1.53066885471344,0.7732683420181274,0.09614217281341553,0.7732683420181274,0.09614217281341553,1.1519685983657837,0.2682805061340332
1427,100,0.655899903649924,1.903514,0.31045352437139817,0.564265554674815,0.9372670329031866,0.45476293563842773,1.8314262628555298,0.45476293563842773,1.8314262628555298,0.8607765436172485,1.8314262628555298,0.45476293563842773,0.051525115966796875,0.45476293563842773,0.051525115966796875,0.8207598924636841,0.18598967790603638
1428,100,2.207077467781577,2.040442,0.5506760635480435,0.5057875623484862,0.9748670104314987,0.13093936443328857,2.7937374114990234,0.13093936443328857,2.7937374114990234,0.4376261234283447,2.7937374114990234,0.8136571645736694,0.32642829418182373,0.8136571645736694,0.32642829418182373,1.2880678176879883,0.571892499923706
1429,100,3.0689434330314804,1.8343306,0.1549502845287094,0.9299012784385269,0.6825096419503542,0.6798633337020874,0.8448972105979919,0.6798633337020874,0.8448972105979919,0.5162999629974365,2.304738998413086,0.6798633337020874,0.0457988977432251,0.6798633337020874,0.0457988977432251,1.3774852752685547,0.32956385612487793
1430,100,1.846791243004712,1.795512,0.2984745638425821,0.18666906923670123,0.9432280181916715,0.5241197347640991,1.334804892539978,0.5241197347640991,1.334804892539978,0.6053630113601685,1.334804892539978,0.5241197347640991,0.046439290046691895,0.5241197347640991,0.046439290046691895,0.7520754933357239,0.10523289442062378
1431,100,3.467278135147733,1.3875839,0.4621407722676638,0.5479224093091959,0.22497022100740294,0.21835017204284668,1.0812132358551025,0.21835017204284668,1.0812132358551025,0.6650786995887756,1.0812132358551025,0.4418269991874695,0.17344117164611816,0.4418269991874695,0.17344117164611816,0.7615201473236084,0.36897847056388855
1432,100,5.522131682389496,2.1489851,0.31603848579566907,0.7604307078618773,0.8590085174491522,0.349592924118042,2.845183849334717,0.349592924118042,2.845183849334717,1.4537887573242188,2.845183849334717,0.7336368560791016,0.16060423851013184,0.7336368560791016,0.16060423851013184,1.4785455465316772,0.5245960354804993
1433,100,1.8686227138906544,2.1917515,0.5350289252615468,0.43823806484489114,1.0378187842206237,0.7241824865341187,2.8800153732299805,0.7241824865341187,2.8800153732299805,1.6054059267044067,2.8800153732299805,0.9541187286376953,0.29288923740386963,0.9541187286376953,0.29288923740386963,1.4579756259918213,0.5786207318305969
1434,100,4.518066721390989,2.2754083,0.8105356850808554,0.7483989039141545,0.47758807332968667,0.5108606815338135,0.5108606815338135,0.5108606815338135,0.5108606815338135,0.7942436933517456,1.792712688446045,0.5108606815338135,0.3787705898284912,0.5108606815338135,0.3787705898284912,1.1517866849899292,0.8434604406356812
1435,100,3.783826281824236,2.620841,0.32015743244861783,0.9885235335101786,0.9469428201465264,0.6102283000946045,1.0560884475708008,0.6102283000946045,1.0560884475708008,1.0885859727859497,3.194139003753662,0.6102283000946045,0.14497089385986328,0.6102283000946045,0.14497089385986328,1.5849480628967285,0.6341369152069092
1436,100,0.5362246033711289,2.7453527,0.5617918983434689,0.34412650931690614,1.495323456926239,1.311615228652954,3.4993433952331543,1.311615228652954,3.4993433952331543,2.3158280849456787,3.4993433952331543,1.311615228652954,0.1795029640197754,1.311615228652954,0.1795029640197754,2.0250940322875977,0.3776555061340332
1437,100,4.116280212001072,2.3406663,0.557631036362697,0.9158397021981858,0.5038251514287342,0.7246975898742676,1.7351926565170288,0.7246975898742676,1.7351926565170288,1.44792902469635,1.7351926565170288,0.7246975898742676,0.3916480541229248,0.7246975898742676,0.3916480541229248,1.229945182800293,0.7238246202468872
1438,100,3.0091498255951548,2.2193081,0.04596487780924097,0.633747626313639,0.8396296476068363,0.7764525413513184,2.3611931800842285,0.7764525413513184,2.3611931800842285,1.821212887763977,2.3611931800842285,0.7764525413513184,0.07961320877075195,0.7764525413513184,0.07961320877075195,1.4811789989471436,0.34198570251464844
1439,100,0.3341519397588375,2.5440311,0.694109588182976,0.03612530175148443,1.1541006029087448,1.269521713256836,3.0199968814849854,1.269521713256836,3.0199968814849854,2.6883344650268555,3.0199968814849854,1.4997212886810303,0.10549592971801758,1.4997212886810303,0.10549592971801758,2.1799564361572266,0.5041400194168091
1440,100,2.536501829636464,2.1459515,0.5285823492275682,1.0835986134701787,0.04600458622900483,1.548902988433838,2.5677762031555176,1.548902988433838,2.5677762031555176,2.257836103439331,2.5677762031555176,1.548902988433838,0.1832139492034912,1.548902988433838,0.1832139492034912,2.0583395957946777,0.5525690317153931
1441,100,0.5065911616038574,2.3652253,0.01554286172389463,0.5850963928413502,1.131818737521051,1.3311187028884888,2.815484046936035,1.3311187028884888,2.815484046936035,2.2881829738616943,2.815484046936035,1.3311187028884888,0.039610862731933594,1.3311187028884888,0.039610862731933594,2.035737991333008,0.314179003238678
1442,100,0.481077807319213,1.8975276,0.42957643510396126,0.051334276577758464,0.9856082947854323,1.5535969734191895,2.4660983085632324,1.5535969734191895,2.4660983085632324,2.23573899269104,2.4660983085632324,1.5535969734191895,0.10656654834747314,1.5535969734191895,0.10656654834747314,1.95431649684906,0.44103091955184937
1443,100,3.30763358241509,0.8604763,0.05920540853771572,0.7295016017566431,0.27924516287558654,1.409621000289917,1.536059021949768,1.409621000289917,1.536059021949768,0.00515061616897583,1.6495513916015625,1.409621000289917,0.2250569462776184,1.409621000289917,0.2250569462776184,1.4767253398895264,0.3689543604850769
1444,100,1.71766463353999,1.4382339,0.010878234346400228,0.0141669094844169,0.9088039012094543,1.683781623840332,2.015345811843872,1.683781623840332,2.015345811843872,0.8884353637695312,2.015345811843872,1.683781623840332,0.14112257957458496,1.683781623840332,0.14112257957458496,1.7882132530212402,0.2658688426017761
1445,100,2.251594546529585,1.0086719,0.5986170491197264,0.11815865551636784,0.17865822416861443,1.0027142763137817,1.0027142763137817,1.0027142763137817,1.0027142763137817,0.4320579767227173,1.3960365056991577,1.0027142763137817,0.21058118343353271,1.0027142763137817,0.21058118343353271,1.1272499561309814,0.338520348072052
1446,100,4.426696883686033,1.5236821,0.2350214135759474,0.6966000033536112,0.0445500248819074,1.0606294870376587,1.612695336341858,1.0606294870376587,1.612695336341858,1.0985698699951172,1.612695336341858,1.0606294870376587,0.17299938201904297,1.0606294870376587,0.17299938201904297,1.3366624116897583,0.3782801628112793
1447,100,2.2131488080502244,2.4104803,0.3294472517605709,0.3326250575738876,0.9210536716781121,1.1412391662597656,2.925306558609009,1.1412391662597656,2.925306558609009,1.20710027217865,2.925306558609009,1.1412391662597656,0.326129674911499,1.1412391662597656,0.326129674911499,1.6535457372665405,0.5907847285270691
1448,100,4.305142264830872,2.2707043,0.6554539744899037,0.4711842614248447,0.40812139003137515,0.7142717838287354,0.7142717838287354,0.7142717838287354,0.7142717838287354,0.7396848201751709,1.8650338649749756,0.7142717838287354,0.7042950391769409,0.7142717838287354,0.7042950391769409,1.2896528244018555,1.1796956062316895
1449,100,3.7317040695773303,2.4220774,0.3022051622700648,0.6743182296195799,0.4281189818946566,0.5949139595031738,1.2749611139297485,0.5949139595031738,1.2749611139297485,0.619067907333374,2.572842597961426,0.5949139595031738,0.29006195068359375,0.5949139595031738,0.29006195068359375,1.2137279510498047,0.5927911400794983
1450,100,3.5497275639526764,2.6301122,0.5032236869622959,0.3264810715536379,1.049105625862057,1.1029411554336548,3.1296589374542236,1.1029411554336548,3.1296589374542236,2.1790406703948975,3.1296589374542236,1.1029411554336548,0.27767467498779297,1.1029411554336548,0.27767467498779297,1.6638188362121582,0.5345320701599121
1451,100,4.9435535331830245,2.4920018,0.5470395076098211,0.7741371053511026,0.4361374970410288,0.7321903705596924,1.772409439086914,0.7321903705596924,1.772409439086914,1.5472111701965332,1.772409439086914,0.7321903705596924,0.4492802619934082,0.7321903705596924,0.4492802619934082,1.2522999048233032,0.8397117853164673
1452,100,4.7181914755316825,3.0660071,0.5188113185241043,0.6731105122676831,0.9446071718156959,0.9786972999572754,3.3705525398254395,0.9786972999572754,3.3705525398254395,2.2734925746917725,3.3705525398254395,0.9786972999572754,0.4506711959838867,0.9786972999572754,0.4506711959838867,1.7339425086975098,0.9659717082977295
1453,100,3.784854760363931,3.0195084,0.6020005903498006,0.5716758385121421,0.7281680146801912,0.2898106575012207,3.3107824325561523,0.2898106575012207,3.3107824325561523,1.0215152502059937,3.3107824325561523,0.6584064960479736,0.38986897468566895,0.6584064960479736,0.38986897468566895,1.166524887084961,0.8679717183113098
1454,100,3.5910434074636073,3.1400776,0.5395851133205638,0.617445975644482,0.6198886024071177,0.17559385299682617,3.1308605670928955,0.17559385299682617,3.1308605670928955,0.9943583011627197,3.1308605670928955,0.41211843490600586,0.3515434265136719,0.41211843490600586,0.3515434265136719,1.0518293380737305,0.7197984457015991
1455,100,5.603595033989948,2.925534,0.49207332670125403,0.6560107734873633,0.779714698253577,0.6317522525787354,3.242044687271118,0.6317522525787354,3.242044687271118,1.966597557067871,3.242044687271118,0.6317522525787354,0.3646814823150635,0.6317522525787354,0.3646814823150635,1.3424750566482544,0.7722011804580688
1456,100,3.8442322277670553,3.1115913,0.4246439526811294,0.4882465881836371,0.7508325006979235,0.5394370555877686,3.1326632499694824,0.5394370555877686,3.1326632499694824,1.27545166015625,3.1326632499694824,0.5394370555877686,0.32161641120910645,0.5394370555877686,0.32161641120910645,1.1453527212142944,0.5277289152145386
1457,100,5.040798972815777,3.094619,0.562787851517143,0.45061087718431914,0.6144739873579279,0.12292766571044922,3.123772144317627,0.12292766571044922,3.123772144317627,0.6424710750579834,3.123772144317627,0.4383888244628906,0.211012601852417,0.4383888244628906,0.211012601852417,0.8680078983306885,0.5608856678009033
1458,100,4.4990517251755895,2.954313,0.407466955316538,0.6017976518707584,0.5351950396300387,0.34841418266296387,0.971500039100647,0.34841418266296387,0.971500039100647,0.6629841327667236,2.9782986640930176,0.34841418266296387,0.29329681396484375,0.34841418266296387,0.29329681396484375,1.0129063129425049,0.6104375123977661
1459,100,4.776527198963616,3.0691762,0.37178785476795195,0.34476260456842267,0.5462703478244159,0.3069596290588379,2.298821449279785,0.3069596290588379,2.298821449279785,0.674706220626831,2.298821449279785,0.3069596290588379,0.09004044532775879,0.3069596290588379,0.09004044532775879,0.5434709787368774,0.23955583572387695
1460,100,4.277441643993681,3.1520638,0.44442489912215066,0.48204442259577107,0.49575781207723646,0.1386117935180664,2.892271041870117,0.1386117935180664,2.892271041870117,0.6999893188476562,2.892271041870117,0.2922530174255371,0.32825708389282227,0.2922530174255371,0.32825708389282227,0.7966500520706177,0.547518253326416
1461,100,4.455583410589262,3.3601544,0.49121048769999986,0.4872969373599767,0.6604502944602186,0.5240371227264404,3.166473627090454,0.5240371227264404,3.166473627090454,1.2815732955932617,3.166473627090454,0.5240371227264404,0.2770705223083496,0.5240371227264404,0.2770705223083496,0.9450007081031799,0.6170653104782104
1462,100,4.465778888838674,3.3125129,0.37271192178283696,0.4982096325490899,0.7035183391927444,0.47087955474853516,3.3040924072265625,0.47087955474853516,3.3040924072265625,1.7668249607086182,3.3040924072265625,0.5425915718078613,0.27220606803894043,0.5425915718078613,0.27220606803894043,1.2408721446990967,0.5100307464599609
1463,100,4.957343719937876,3.314709,0.4477439531704396,0.4256746988372293,0.5569157643160467,0.4452497959136963,2.907639503479004,0.4452497959136963,2.907639503479004,1.1195428371429443,2.907639503479004,0.4452497959136963,0.2546844482421875,0.4452497959136963,0.2546844482421875,0.8318827152252197,0.5703598260879517
1464,100,3.7118766275810335,3.238308,0.3755040712065715,0.440174989427898,0.503328923660864,0.3548300266265869,2.8687353134155273,0.3548300266265869,2.8687353134155273,1.4053268432617188,2.8687353134155273,0.39243006706237793,0.2736508846282959,0.39243006706237793,0.2736508846282959,0.9456431269645691,0.5909526348114014
1465,100,2.941442313251758,3.376288,0.33492067430642036,0.39164690140801167,0.5119331344398848,0.3197636604309082,2.79443359375,0.3197636604309082,2.79443359375,0.9904477596282959,2.79443359375,0.4184389114379883,0.22945189476013184,0.4184389114379883,0.22945189476013184,0.922475278377533,0.4466027021408081
1466,100,2.646082821694125,3.278358,0.3259830081073689,0.4861411353464381,0.5373817079562919,0.3888726234436035,3.0052335262298584,0.3888726234436035,3.0052335262298584,1.5926368236541748,3.0052335262298584,0.49778079986572266,0.31966710090637207,0.49778079986572266,0.31966710090637207,1.1711567640304565,0.6656417846679688
1467,100,1.9230435769505303,3.1542203,0.273994210864261,0.34205521453696797,0.47741259406624775,0.5074000358581543,2.528963327407837,0.5074000358581543,2.528963327407837,1.0046019554138184,2.528963327407837,0.5074000358581543,0.35948896408081055,0.5074000358581543,0.35948896408081055,1.0161638259887695,0.617910623550415
1468,100,2.2523993972245986,2.9069443,0.29112723398044793,0.3923112583887528,0.5412931288384495,0.9994821548461914,2.787356376647949,0.9994821548461914,2.787356376647949,1.7925751209259033,2.787356376647949,0.9994821548461914,0.6522016525268555,0.9994821548461914,0.6522016525268555,1.5336521863937378,1.1798043251037598
1469,100,2.057339309203167,2.6481857,0.13719952976990402,0.3241079764063007,0.3483024520153032,0.741879940032959,2.319432020187378,0.741879940032959,2.319432020187378,1.6102815866470337,2.319432020187378,0.741879940032959,0.461702823638916,0.741879940032959,0.461702823638916,1.2257583141326904,0.9320562481880188
1470,100,1.5178759043299035,2.9860382,0.1388726106419183,0.14796873722289422,0.2952016688294433,0.5225701332092285,1.7821857929229736,0.5225701332092285,1.7821857929229736,0.8415236473083496,1.7821857929229736,0.5225701332092285,0.21213293075561523,0.5225701332092285,0.21213293075561523,0.8169687390327454,0.39083337783813477
1471,100,1.5558559614592224,2.431552,0.13192707594624947,0.2105555169002705,0.15536447017872876,0.5965137481689453,1.2415417432785034,0.5965137481689453,1.2415417432785034,1.256790041923523,2.053884744644165,0.5965137481689453,0.48002612590789795,0.5965137481689453,0.48002612590789795,0.9931543469429016,0.8521194458007812
1472,100,1.599195854925808,2.3846846,0.006788457817433313,0.17657568285248137,0.23815274694326405,0.88069748878479,2.076834201812744,0.88069748878479,2.076834201812744,1.6078829765319824,2.076834201812744,0.88069748878479,0.4279670715332031,0.88069748878479,0.4279670715332031,1.2770828008651733,0.8552254438400269
1473,100,1.7772917321914623,2.4120033,0.01797435706628625,0.05119942233632058,0.2235925120535176,0.8890492916107178,2.125613212585449,0.8890492916107178,2.125613212585449,1.34403657913208,2.125613212585449,0.8890492916107178,0.4633359909057617,0.8890492916107178,0.4633359909057617,1.2379940748214722,0.7794312238693237
1474,100,0.89905623638969,2.4078865,0.0408934493024303,0.07249510730216674,0.06322285744019149,0.4280514717102051,0.9391474723815918,0.4280514717102051,0.9391474723815918,1.095252275466919,1.7250674962997437,0.44420158863067627,0.3732423782348633,0.44420158863067627,0.3732423782348633,0.7990224361419678,0.7005563378334045
1475,100,0.922552152548604,2.4032135,0.0709975419687654,0.09674585112002522,0.10552125831880274,0.5840380191802979,2.1380302906036377,0.5840380191802979,2.1380302906036377,1.2393440008163452,2.1380302906036377,0.7072063684463501,0.3460855484008789,0.7072063684463501,0.3460855484008789,1.091609001159668,0.6933298707008362
1476,100,0.9910840997837592,2.4358397,0.04307450630615706,0.07979651671094956,0.08106364186891679,0.25248026847839355,1.0525877475738525,0.25248026847839355,1.0525877475738525,0.7014660835266113,1.0525877475738525,0.299548864364624,0.133988618850708,0.299548864364624,0.133988618850708,0.5388116836547852,0.28959619998931885
1477,100,0.3148404662263515,2.1788614,0.1078257467533718,0.08427138539523986,0.06107358690799333,0.01410675048828125,0.21844232082366943,0.01410675048828125,0.21844232082366943,0.01873040199279785,0.48467767238616943,0.21844232082366943,0.4590444564819336,0.21844232082366943,0.4590444564819336,0.35155999660491943,0.6068108677864075
1478,100,1.4566402979972417,2.068511,0.11369770355650653,0.1065751071955332,0.12197223495167098,0.268632173538208,0.9499752521514893,0.268632173538208,0.9499752521514893,0.5541725158691406,0.9499752521514893,0.3015904426574707,0.2866542339324951,0.3015904426574707,0.2866542339324951,0.44609272480010986,0.4320920705795288
1479,100,0.6067066791030596,1.0436741,0.46268637619170094,0.24082648303500576,0.26210271469813445,0.12730395793914795,0.10785293579101562,0.12730395793914795,0.10785293579101562,0.16619890928268433,0.6707911491394043,0.10785293579101562,0.3569491505622864,0.10785293579101562,0.3569491505622864,0.25276613235473633,0.4770497679710388
1480,100,0.1963070958279325,1.6974087,0.06519155132606635,0.3258745377416053,0.18040178490873088,0.23837816715240479,0.48968982696533203,0.23837816715240479,0.48968982696533203,0.08153676986694336,0.8251255750656128,0.09700703620910645,0.3849208354949951,0.09700703620910645,0.3849208354949951,0.2599336504936218,0.5548762083053589
1481,100,2.5768531307321103,1.8288683,0.20141057224617837,0.020279315789950125,0.3105405739594974,0.26153695583343506,0.8173959255218506,0.26153695583343506,0.8173959255218506,0.3105732202529907,0.8173959255218506,0.1136019229888916,0.4878195524215698,0.1136019229888916,0.4878195524215698,0.19664251804351807,0.5813315510749817
1482,100,-0.8300674316730192,1.4329904,0.3613001952056619,0.27058610463470073,0.058612368053587494,0.27951717376708984,0.05695819854736328,0.27951717376708984,0.05695819854736328,0.3483905792236328,0.26613831520080566,0.05695819854736328,0.5299651622772217,0.05695819854736328,0.5299651622772217,0.16154825687408447,0.6329746842384338
1483,100,1.2392772208502694,1.678575,0.15717386492748886,0.37447668381572974,0.2666864321403901,0.5489895343780518,0.7400075197219849,0.5489895343780518,0.7400075197219849,0.8046407699584961,0.8704299926757812,0.05856120586395264,0.6852731704711914,0.05856120586395264,0.6852731704711914,0.1345478892326355,0.7537130117416382
1484,100,2.6031872617272525,1.7504333,0.5512551729314517,0.18393979195979115,0.3623936070558136,0.8283513784408569,0.24152541160583496,0.8283513784408569,0.24152541160583496,1.1323598623275757,0.7341891527175903,0.24152541160583496,0.9185767769813538,0.24152541160583496,0.9185767769813538,0.20775365829467773,0.967720627784729
1485,100,-1.074319338010405,1.7315626,0.10278249022477315,0.5366552117763929,0.13131485290543743,0.7451736927032471,0.0753316879272461,0.7451736927032471,0.0753316879272461,0.3681962490081787,0.68170166015625,0.22042131423950195,0.3165147304534912,0.22042131423950195,0.3165147304534912,0.28551745414733887,0.6138626337051392
1486,100,1.6350342757448186,2.2355971,0.06632880246926057,0.03749057025843905,0.4633265176589546,0.605379581451416,0.35744428634643555,0.605379581451416,0.35744428634643555,0.4666452407836914,0.35744428634643555,0.21701288223266602,0.29528260231018066,0.21701288223266602,0.29528260231018066,0.13433921337127686,0.5314376354217529
1487,100,0.7345112359402135,1.5785122,0.6653086463200674,0.17184908826326595,0.10523658898687882,0.9381222724914551,0.2997255325317383,0.9381222724914551,0.2997255325317383,0.4326357841491699,0.44951164722442627,0.2997255325317383,0.3619575500488281,0.2997255325317383,0.3619575500488281,0.3746185898780823,0.738459050655365
1488,100,-0.5885798984274666,1.9442358,0.042559385299683006,0.5611087808903954,0.1445081270847121,0.7581820487976074,0.11169373989105225,0.7581820487976074,0.11169373989105225,0.4047362804412842,0.8119868040084839,0.2523834705352783,0.4080387353897095,0.2523834705352783,0.4080387353897095,0.3133055567741394,0.7636296153068542
1489,100,2.2942738652747736,1.1435187,0.23116622657812735,0.04938136985928754,0.7299535885914086,1.0338218212127686,0.4290822744369507,1.0338218212127686,0.4290822744369507,1.0624134540557861,0.4290822744369507,0.30737924575805664,0.49519479274749756,0.30737924575805664,0.49519479274749756,0.20485448837280273,0.5866262912750244
1490,100,2.658766776849398,1.9107231,0.427658837890297,0.17570160262773138,0.015945637553827607,0.5420423746109009,0.15546739101409912,0.5420423746109009,0.15546739101409912,0.5733107328414917,0.08157098293304443,0.15546739101409912,0.829298734664917,0.15546739101409912,0.829298734664917,0.11851918697357178,1.0113154649734497
1491,100,1.0313924924766438,1.363401,0.0699316490044708,0.5495488436771008,0.23936325624021904,0.7730261087417603,0.3663090467453003,0.7730261087417603,0.3663090467453003,0.9156748056411743,0.6011769771575928,0.16597115993499756,0.5547623634338379,0.16597115993499756,0.5547623634338379,0.10238313674926758,0.6668236255645752
1492,100,2.620121463963718,2.033975,0.12589546566976345,0.08360698040817988,0.468269700651726,0.6249816417694092,1.038058876991272,0.6249816417694092,1.038058876991272,0.21276426315307617,1.038058876991272,0.12988877296447754,0.5621964931488037,0.12988877296447754,0.5621964931488037,0.2695566415786743,0.894548773765564
1493,100,3.082510079897141,2.2000537,0.12253614676367408,0.12693893602213935,0.09468052129155578,0.510254979133606,0.7822489738464355,0.510254979133606,0.7822489738464355,0.3822517395019531,0.7822489738464355,0.510254979133606,0.4841843843460083,0.510254979133606,0.4841843843460083,0.6462519764900208,0.6151542663574219
1494,100,2.9422092884034807,2.5526438,0.10598395800672336,0.1113168644331573,0.1566743324302732,0.6308327913284302,1.6465986967086792,0.6308327913284302,1.6465986967086792,0.4720616340637207,1.6465986967086792,0.6308327913284302,0.45999646186828613,0.6308327913284302,0.45999646186828613,0.7848247289657593,0.5883840918540955
1495,100,0.9829276739031674,2.4183364,0.12875472413715233,0.09667154398980413,0.10077413312348296,0.4321119785308838,0.4321119785308838,0.4321119785308838,0.4321119785308838,0.26099562644958496,1.3383361101150513,0.4321119785308838,0.4314453601837158,0.4321119785308838,0.4314453601837158,0.5503029227256775,0.5621633529663086
1496,100,2.78422752469537,2.9786742,0.06157703170251999,0.06826683581899491,0.08292203998237987,0.2065129280090332,1.4060883522033691,0.2065129280090332,1.4060883522033691,0.6267983913421631,1.4060883522033691,0.28920674324035645,0.19281911849975586,0.28920674324035645,0.19281911849975586,0.5535794496536255,0.3211710453033447
1497,100,1.031334050698305,2.5960793,0.11733612879035393,0.12654177736990121,0.1798478500130261,0.5589158535003662,1.9518828392028809,0.5589158535003662,1.9518828392028809,1.5235998630523682,1.9518828392028809,0.5589158535003662,0.15135908126831055,0.5589158535003662,0.15135908126831055,1.075791835784912,0.38437581062316895
1498,100,1.209687964098871,2.7018733,0.08563470758523342,0.07573584756490734,0.1288706117479254,0.4785318374633789,1.3817262649536133,0.4785318374633789,1.3817262649536133,1.0051662921905518,1.3817262649536133,0.4785318374633789,0.1140279769897461,0.4785318374633789,0.1140279769897461,0.7637258768081665,0.31400585174560547
1499,100,1.991460293147313,2.3876996,0.11048058545876174,0.17043596280809098,0.1576038553952356,0.8340117931365967,1.1705182790756226,0.8340117931365967,1.1705182790756226,0.43910694122314453,1.718095302581787,0.8340117931365967,0.1934053897857666,0.8340117931365967,0.1934053897857666,1.1076939105987549,0.3888694643974304
