k,n_k,n_k_plus1,j_start,j_end,critical_value_95,critical_value_99,mean,std,adjustment_factor,penalty_factor
1,141,199,58,99,101.74198418716878,113.71827519423377,70.99275970458984,10.540216445922852,1.131704254122185,0.1
2,199,282,83,141,117.54379992812994,120.79602493976809,93.3359375,7.923588752746582,1.1179006412638108,0.1
3,282,399,117,200,171.66657301656585,178.4055912625565,141.87152099609375,9.519615173339844,1.1020516474550097,0.1
4,399,565,166,283,247.5410343339578,255.66538596970494,209.03240966796875,11.477086067199707,1.083330638355674,0.1
5,565,799,234,400,344.4877929672544,357.132932402826,304.5982666015625,13.544075012207031,1.0588672417070677,0.1
6,799,1131,332,566,464.198486328125,474.5887451171875,437.348876953125,16.462587356567383,1.0,0.1
