,Date,N,windows,scaled_windows,MSE,RMSE
0,0,-1.103338449065532,,,,
1,1,-1.7180292444034186,,,,
2,2,-2.339064961771789,,,,
3,3,-1.866396286134907,,,,
4,4,-1.9689083290220597,,,,
5,5,-1.6875890570870706,,,,
6,6,-0.7141406267255952,,,,
7,7,0.1786450115616414,,,,
8,8,0.6119468555159358,,,,
9,9,0.0946286157302858,,,,
10,10,-0.6618606089957182,,,,
11,11,-1.4034229007227754,,,,
12,12,-1.6126077883774128,,,,
13,13,-1.5233799384237905,,,,
14,14,-2.37347592884677,,,,
15,15,-3.3019757461871277,,,,
16,16,-2.705041510836846,,,,
17,17,-4.342976906562262,,,,
18,18,-4.145802896649451,,,,
19,19,-3.3758771238812963,,,,
20,20,-4.108532815926752,,,,
21,21,-4.885850465175521,,,,
22,22,-5.23273555049289,,,,
23,23,-4.1513812394181695,,,,
24,24,-3.9672603320445448,,,,
25,25,-5.533972699580913,,,,
26,26,-5.485110955149031,,,,
27,27,-4.017715390152384,,,,
28,28,-2.742419343189764,,,,
29,29,-1.9331637215939297,,,,
30,30,-2.045507501885876,,,,
31,31,-3.732652458297936,,,,
32,32,-3.2295961956151555,,,,
33,33,-3.140395939904713,,,,
34,34,-2.8191789679652848,,,,
35,35,-1.0586568815283233,,,,
36,36,-0.8287034038049091,,,,
37,37,-0.50827761070775,,,,
38,38,0.1287740346508425,,,,
39,39,-0.1540420858329517,,,,
40,40,-0.8067892493983012,,,,
41,41,-1.4637360513258884,,,,
42,42,-0.5600042746935028,,,,
43,43,-0.0221564061787992,,,,
44,44,-0.5297246406547996,,,,
45,45,0.6701215349467803,,,,
46,46,0.7819220517275345,,,,
47,47,-0.6350845703520774,,,,
48,48,0.0488232879987398,,,,
49,49,-0.0940763443891278,,,,
50,50,-1.419333147378831,,,,
51,51,-0.7623675173723565,,,,
52,52,-1.0460813782474632,,,,
53,53,-1.3556328498079913,,,,
54,54,-0.6482581372196089,,,,
55,55,-2.7999461908372445,,,,
56,56,-3.817290704905723,,,,
57,57,-3.894563850828704,,,,
58,58,-3.3221162592747953,,,,
59,59,-3.7321304625059177,,,,
60,60,-4.427801457279897,,,,
61,61,-5.107986865297075,,,,
62,62,-4.796080651841159,,,,
63,63,-3.73681053942779,,,,
64,64,-4.9121722736113895,,,,
65,65,-6.5866629674121615,,,,
66,66,-6.311862675913128,,,,
67,67,-6.177682892211515,,,,
68,68,-6.5978803169222715,,,,
69,69,-5.45124497513205,,,,
70,70,-4.229244522972483,,,,
71,71,-4.490978891765617,,,,
72,72,-4.483137305347585,,,,
73,73,-3.5519966089877015,,,,
74,74,-3.7157507305991326,,,,
75,75,-4.827671379581985,,,,
76,76,-4.485149959830725,,,,
77,77,-5.026301691154806,,,,
78,78,-4.291519684250773,,,,
79,79,-4.462656138793898,,,,
80,80,-4.2987209759828415,,,,
81,81,-3.436977302085069,,,,
82,82,-3.305712439653483,,,,
83,83,-3.686514396686363,,,,
84,84,-4.391746753364087,,,,
85,85,-2.3014243614651475,,,,
86,86,-1.045455930324144,,,,
87,87,-2.511494812855144,,,,
88,88,-3.346249567269524,,,,
89,89,-2.463182075326889,,,,
90,90,-2.863806159852054,,,,
91,91,-2.6203564476993417,,,,
92,92,-1.597579094411995,,,,
93,93,-1.3638737091916893,,,,
94,94,-1.3988820707173275,,,,
95,95,-1.7622075926788825,,,,
96,96,-1.700036996407196,,,,
97,97,-1.174959934639408,,,,
98,98,0.6426802136989065,,,,
99,99,1.6146653356342835,,,,
100,100,1.2484289763408511,,,,
101,101,2.062724219983042,,,,
102,102,2.002225133093298,,,,
103,103,0.353731068634961,,,,
104,104,0.2523559490191746,,,,
105,105,1.245367067836907,,,,
106,106,0.5305284631280658,,,,
107,107,1.4284432724248368,,,,
108,108,0.9966749716834948,,,,
109,109,0.9430871466639144,,,,
110,110,-0.318119956266248,,,,
111,111,1.8032682374517075,,,,
112,112,2.0826282996415064,,,,
113,113,2.897646753715609,,,,
114,114,2.194031743702826,,,,
115,115,0.5610266941886872,,,,
116,116,1.7674493810015126,,,,
117,117,0.9063903962364316,,,,
118,118,2.4910885906821068,,,,
119,119,2.09761595673605,,,,
120,120,3.5463598763472297,,,,
121,121,2.508584144213529,,,,
122,122,0.5501766555777763,,,,
123,123,1.2537989253534705,,,,
124,124,1.0909578448822022,,,,
125,125,0.9971811516414912,,,,
126,126,1.9696183782444507,,,,
127,127,0.9113850391432596,,,,
128,128,-0.444715783351835,,,,
129,129,-1.5398708566994606,,,,
130,130,-3.063383705833367,,,,
131,131,-4.585513313627123,,,,
132,132,-5.458233467851927,,,,
133,133,-5.962902743214326,,,,
134,134,-5.925985069357646,,,,
135,135,-6.661958702060478,,,,
136,136,-6.264317711513328,,,,
137,137,-5.032518477060785,,,,
138,138,-4.910268677314869,,,,
139,139,-4.152573187618098,,,,
140,140,-4.794084645238382,,,,
141,141,-4.168159462090748,,,,
142,142,-3.4366735994949953,,,,
143,143,-3.9008320841350232,,,,
144,144,-5.202038771649022,,,,
145,145,-5.038334881756788,,,,
146,146,-4.7432332161325865,,,,
147,147,-3.0693363811454835,,,,
148,148,-3.4027893297732557,,,,
149,149,-1.6545474120371322,,,,
150,150,-4.0945673548914066,,,,
151,151,-4.202606548377,,,,
152,152,-4.496652118320606,,,,
153,153,-4.684621134543093,,,,
154,154,-5.010209501190213,,,,
155,155,-4.833433766859506,,,,
156,156,-3.007688047980218,,,,
157,157,-3.1453374387438013,,,,
158,158,-1.921189848517616,,,,
159,159,-2.0771158202881637,,,,
160,160,-2.005501658795369,,,,
161,161,-4.388460900683433,,,,
162,162,-4.098730575016546,,,,
163,163,-3.3487752303274867,,,,
164,164,-4.4189438616711385,,,,
165,165,-4.851842914447678,,,,
166,166,-5.486143615989735,,,,
167,167,-3.135089465893832,,,,
168,168,-4.094154540011342,,,,
169,169,-4.684487891609956,,,,
170,170,-7.17067969007791,,,,
171,171,-8.304157827612501,,,,
172,172,-7.593868902908666,,,,
173,173,-8.458374988225554,,,,
174,174,-10.705852300613303,,,,
175,175,-10.293724276277317,,,,
176,176,-9.567542136878668,,,,
177,177,-8.770960489203652,,,,
178,178,-7.943287115088994,,,,
179,179,-8.147146485345525,,,,
180,180,-4.950803336798091,,,,
181,181,-5.380844667130988,,,,
182,182,-4.7531967013489895,,,,
183,183,-5.8501256105918795,,,,
184,184,-6.195307201818434,,,,
185,185,-7.40413554222449,,,,
186,186,-6.787442152098265,,,,
187,187,-6.85396178926993,,,,
188,188,-7.514652874196479,,,,
189,189,-9.09122701596711,,,,
190,190,-7.995420184872464,,,,
191,191,-6.766794392365281,,,,
192,192,-5.646957835308613,,,,
193,193,-5.524812644789183,,,,
194,194,-4.618224262920052,,,,
195,195,-3.5713056984481306,,,,
196,196,-3.011439390047406,,,,
197,197,-1.5725186598154082,,,,
198,198,-1.8322149407070747,141.0,0.7085427135678392,0.0,0.0
199,199,-1.6786463608872733,141.0,0.705,0.0,0.0
200,200,-3.2280801832940753,141.0,0.7014925373134329,0.0,0.0
201,201,-1.0525985801683395,141.0,0.698019801980198,0.0,0.0
202,202,-1.9096741109045856,141.0,0.6945812807881774,0.0,0.0
203,203,-1.607457247184021,141.0,0.6911764705882353,0.0,0.0
204,204,-1.0153517841400856,141.0,0.6878048780487804,0.0,0.0
205,205,-1.9092538648960804,141.0,0.6844660194174758,0.0,0.0
206,206,-1.9399657716027736,141.0,0.6811594202898551,0.0,0.0
207,207,-1.243862475720099,141.0,0.6778846153846154,0.0,0.0
208,208,-1.3957157671006764,141.0,0.6746411483253588,0.0,0.0
209,209,-1.7295292063009966,141.0,0.6714285714285714,0.0,0.0
210,210,-2.0353436659769306,141.0,0.6682464454976303,0.0,0.0
211,211,-2.7005101946709376,141.0,0.6650943396226415,0.0,0.0
212,212,-2.768870897589677,141.0,0.6619718309859155,0.0,0.0
213,213,-2.3075957169627186,141.0,0.6588785046728972,0.0,0.0
214,214,-1.8091327952622875,141.0,0.6558139534883721,0.0,0.0
215,215,-0.7225555121543539,141.0,0.6527777777777778,0.0,0.0
216,216,-0.7617522092859799,141.0,0.6497695852534562,0.0,0.0
217,217,-1.3362835184568174,141.0,0.6467889908256881,0.0,0.0
218,218,-0.5008617302430479,141.0,0.6438356164383562,0.0,0.0
219,219,-0.239115713777328,141.0,0.6409090909090909,0.0,0.0
220,220,0.6464814999875492,141.0,0.6380090497737556,0.0,0.0
221,221,0.6519688893912109,141.0,0.6351351351351351,0.0,0.0
222,222,1.0131663889654503,141.0,0.6322869955156951,0.0,0.0
223,223,1.2095722611838051,141.0,0.6294642857142857,0.0,0.0
224,224,1.7263063815618929,141.0,0.6266666666666667,0.0,0.0
225,225,0.5127557551333704,141.0,0.6238938053097345,0.0,0.0
226,226,0.2891418421416344,141.0,0.6211453744493393,0.0,0.0
227,227,0.3635732693270321,141.0,0.618421052631579,0.0,0.0
228,228,1.9357384735970025,141.0,0.6157205240174672,0.0,0.0
229,229,1.582543898314113,141.0,0.6130434782608696,0.0,0.0
230,230,1.8067485704504656,141.0,0.6103896103896104,0.0,0.0
231,231,1.3910879736195485,141.0,0.6077586206896551,0.0,0.0
232,232,-0.8487509538184577,141.0,0.6051502145922747,0.0,0.0
233,233,0.4062165986124479,141.0,0.6025641025641025,0.0,0.0
234,234,0.9477756188423496,141.0,0.6,0.0,0.0
235,235,1.989607423698275,141.0,0.597457627118644,0.0,0.0
236,236,0.3660104640259156,141.0,0.5949367088607594,0.0,0.0
237,237,0.5458024315837704,141.0,0.592436974789916,0.0,0.0
238,238,0.5955909845863641,141.0,0.5899581589958159,0.0,0.0
239,239,-1.0966599926086276,141.0,0.5875,0.0,0.0
240,240,-0.6070900041799945,141.0,0.5850622406639004,0.0,0.0
241,241,-1.244637103040013,141.0,0.5826446280991735,0.0,0.0
242,242,-0.7435353914419479,141.0,0.5802469135802469,0.0,0.0
243,243,-2.4223474957802593,141.0,0.5778688524590164,0.0,0.0
244,244,-3.1640239345831804,141.0,0.5755102040816327,0.0,0.0
245,245,-3.672812513759647,141.0,0.573170731707317,0.0,0.0
246,246,-4.961533850275834,141.0,0.5708502024291497,0.0,0.0
247,247,-4.570795060894402,141.0,0.5685483870967742,0.0,0.0
248,248,-2.996632041535107,141.0,0.5662650602409639,0.0,0.0
249,249,-2.9031408056210246,141.0,0.564,0.0,0.0
250,250,-2.156713074159024,141.0,0.5617529880478087,0.0,0.0
251,251,-0.635208735041034,141.0,0.5595238095238095,0.0,0.0
252,252,-0.1647069848691046,141.0,0.5573122529644269,0.0,0.0
253,253,-0.6351365221954617,141.0,0.5551181102362205,0.0,0.0
254,254,-2.567590583236695,141.0,0.5529411764705883,0.0,0.0
255,255,-2.060013524717915,141.0,0.55078125,0.0,0.0
256,256,-2.2992362958167076,141.0,0.5486381322957199,0.0,0.0
257,257,-2.656361997964357,141.0,0.5465116279069767,0.0,0.0
258,258,-1.8024725262724357,141.0,0.5444015444015444,0.0,0.0
259,259,-1.216832623033498,141.0,0.5423076923076923,0.0,0.0
260,260,-2.779081018266731,141.0,0.5402298850574713,0.0,0.0
261,261,-2.3775387780990855,141.0,0.5381679389312977,0.0,0.0
262,262,-2.586164894690116,141.0,0.5361216730038023,0.0,0.0
263,263,-1.618431462451023,141.0,0.5340909090909091,0.0,0.0
264,264,-1.6120702606354622,141.0,0.5320754716981132,0.0,0.0
265,265,-0.660645940353396,141.0,0.5300751879699248,0.0,0.0
266,266,-1.367300713817146,141.0,0.5280898876404494,0.0,0.0
267,267,-1.732110302070045,141.0,0.5261194029850746,0.0,0.0
268,268,-2.2001781508153853,141.0,0.5241635687732342,0.0,0.0
269,269,-2.2748250326295145,141.0,0.5222222222222223,0.0,0.0
270,270,-2.409909465266638,141.0,0.5202952029520295,0.0,0.0
271,271,-1.1188029500975645,141.0,0.5183823529411765,0.0,0.0
272,272,-2.1108831459467723,141.0,0.5164835164835165,0.0,0.0
273,273,-1.9353509284283048,141.0,0.5145985401459854,0.0,0.0
274,274,-3.01401849904249,141.0,0.5127272727272727,0.0,0.0
275,275,-4.2656748885731455,141.0,0.5108695652173914,0.0,0.0
276,276,-4.561460629463455,141.0,0.5090252707581228,0.0,0.0
277,277,-5.755194186349685,141.0,0.5071942446043165,0.0,0.0
278,278,-5.177989262121527,141.0,0.5053763440860215,0.0,0.0
279,279,-5.57325779783509,141.0,0.5035714285714286,0.0,0.0
280,280,-5.736945892402961,141.0,0.501779359430605,0.0,0.0
281,281,-4.90614117981388,199.0,0.7056737588652482,0.0,0.0
282,282,-3.071125018587452,199.0,0.7031802120141343,0.0,0.0
283,283,-3.4794719486369283,199.0,0.7007042253521126,0.0,0.0
284,284,-5.233136092509488,199.0,0.6982456140350877,0.0,0.0
285,285,-5.251340251779859,199.0,0.6958041958041958,0.0,0.0
286,286,-4.899941006455882,199.0,0.6933797909407665,0.0,0.0
287,287,-3.468934834556178,199.0,0.6909722222222222,0.0,0.0
288,288,-3.34276192176564,199.0,0.6885813148788927,0.0,0.0
289,289,-4.043034582855442,199.0,0.6862068965517242,0.0,0.0
290,290,-2.8640792003447446,199.0,0.6838487972508591,0.0,0.0
291,291,-1.6472626412813525,199.0,0.6815068493150684,0.0,0.0
292,292,-1.8086346788949488,199.0,0.6791808873720137,0.0,0.0
293,293,-1.4518853879924631,199.0,0.6768707482993197,0.0,0.0
294,294,-1.0467113127496073,199.0,0.6745762711864407,0.0,0.0
295,295,1.528256901438192,199.0,0.6722972972972973,0.0,0.0
296,296,0.6987240529037771,199.0,0.67003367003367,0.0,0.0
297,297,0.1699252267752129,199.0,0.6677852348993288,0.0,0.0
298,298,0.0255187506318157,199.0,0.6655518394648829,0.0,0.0
299,299,0.694588582246666,199.0,0.6633333333333333,0.0,0.0
300,300,0.2838925122343364,199.0,0.6611295681063123,0.0,0.0
301,301,0.7246822244787525,199.0,0.6589403973509934,0.0,0.0
302,302,1.5095668803878972,199.0,0.6567656765676567,0.0,0.0
303,303,3.2842810704874545,199.0,0.6546052631578947,0.0,0.0
304,304,2.7836777699438104,199.0,0.6524590163934426,0.0,0.0
305,305,2.2053334333663077,199.0,0.6503267973856209,0.0,0.0
306,306,1.6774083270270572,199.0,0.6482084690553745,0.0,0.0
307,307,-0.3171288115962767,199.0,0.6461038961038961,0.0,0.0
308,308,-1.4520307805564778,199.0,0.6440129449838188,0.0,0.0
309,309,-1.1806598395058638,199.0,0.6419354838709678,0.0,0.0
310,310,-0.9659055311244334,199.0,0.639871382636656,0.0,0.0
311,311,1.6341669270305184,199.0,0.6378205128205128,0.0,0.0
312,312,2.6429137741990045,199.0,0.6357827476038339,0.0,0.0
313,313,3.1162559347576493,199.0,0.6337579617834395,0.0,0.0
314,314,4.270006927826774,199.0,0.6317460317460317,0.0,0.0
315,315,3.2237249881825587,199.0,0.629746835443038,0.0,0.0
316,316,2.3781793697259253,199.0,0.6277602523659306,0.0,0.0
317,317,1.4390961561318822,199.0,0.6257861635220126,0.0,0.0
318,318,1.1583519018964452,199.0,0.6238244514106583,0.0,0.0
319,319,3.1820564208584,199.0,0.621875,0.0,0.0
320,320,2.5954475404215516,199.0,0.6199376947040498,0.0,0.0
321,321,1.7094197818138173,199.0,0.6180124223602484,0.0,0.0
322,322,1.6062525724913452,141.0,0.43653250773993807,0.0,0.0
323,323,2.2883325662872154,199.0,0.6141975308641975,0.0,0.0
324,324,2.5387046363712167,199.0,0.6123076923076923,0.0,0.0
325,325,3.14372609855922,199.0,0.6104294478527608,0.0,0.0
326,326,1.656428334368122,199.0,0.6085626911314985,0.0,0.0
327,327,0.6634747672277655,199.0,0.6067073170731707,0.0,0.0
328,328,0.3920115590190051,199.0,0.6048632218844985,0.0,0.0
329,329,0.4462213056068917,199.0,0.603030303030303,0.0,0.0
330,330,1.74357067099165,199.0,0.6012084592145015,0.0,0.0
331,331,0.2991883597097622,199.0,0.5993975903614458,0.0,0.0
332,332,0.9093557079181842,199.0,0.5975975975975976,0.0,0.0
333,333,0.5915301566132161,199.0,0.5958083832335329,0.0,0.0
334,334,1.134944232461865,199.0,0.5940298507462687,0.0,0.0
335,335,0.3679885176857014,199.0,0.5922619047619048,0.0,0.0
336,336,-1.0521892948116789,199.0,0.5905044510385756,0.0,0.0
337,337,0.2248088971256803,199.0,0.5887573964497042,0.0,0.0
338,338,0.4686931177055271,199.0,0.5870206489675516,0.0,0.0
339,339,-1.5308869377054115,199.0,0.5852941176470589,0.0,0.0
340,340,-0.6943520600174837,199.0,0.5835777126099707,0.0,0.0
341,341,-1.6507055657856138,199.0,0.5818713450292398,0.0,0.0
342,342,-1.6285595158766648,199.0,0.5801749271137027,0.0,0.0
343,343,-1.5220823010704247,199.0,0.5784883720930233,0.0,0.0
344,344,-2.758359196569746,199.0,0.5768115942028985,0.0,0.0
345,345,-1.4304983109928393,199.0,0.5751445086705202,0.0,0.0
346,346,-1.868650374130286,199.0,0.5734870317002881,0.0,0.0
347,347,-0.1250715385530232,199.0,0.5718390804597702,0.0,0.0
348,348,0.3174587917992487,199.0,0.5702005730659025,0.0,0.0
349,349,0.7580952811605359,199.0,0.5685714285714286,0.0,0.0
350,350,0.932735701403326,199.0,0.5669515669515669,0.0,0.0
351,351,2.7918990332630615,199.0,0.5653409090909091,0.0,0.0
352,352,1.4956881846956522,199.0,0.5637393767705382,0.0,0.0
353,353,0.5906631108656349,199.0,0.5621468926553672,0.0,0.0
354,354,-0.0991456590108998,199.0,0.5605633802816902,0.0,0.0
355,355,1.0596338423816636,199.0,0.5589887640449438,0.0,0.0
356,356,1.9885037615507315,199.0,0.5574229691876751,0.0,0.0
357,357,1.870399606775167,199.0,0.5558659217877095,0.0,0.0
358,358,1.966222760591728,199.0,0.5543175487465181,0.0,0.0
359,359,0.1559681664567906,199.0,0.5527777777777778,0.0,0.0
360,360,1.643475399190606,199.0,0.5512465373961218,0.0,0.0
361,361,1.2674649523429549,199.0,0.5497237569060773,0.0,0.0
362,362,1.267126376335503,199.0,0.5482093663911846,0.0,0.0
363,363,0.857766250441943,199.0,0.5467032967032966,0.0,0.0
364,364,1.4375622442099552,199.0,0.5452054794520548,0.0,0.0
365,365,1.0905552618238317,199.0,0.5437158469945356,0.0,0.0
366,366,1.114492302041999,199.0,0.5422343324250681,0.0,0.0
367,367,1.10799362366416,199.0,0.5407608695652174,0.0,0.0
368,368,0.5046045426965161,199.0,0.5392953929539296,0.0,0.0
369,369,-0.1409297166770256,199.0,0.5378378378378378,0.0,0.0
370,370,0.2740468221044353,199.0,0.5363881401617251,0.0,0.0
371,371,0.6262166515110938,199.0,0.5349462365591398,0.0,0.0
372,372,1.292094456319262,199.0,0.5335120643431636,0.0,0.0
373,373,2.6129570809041587,199.0,0.5320855614973262,0.0,0.0
374,374,1.134475892854211,199.0,0.5306666666666666,0.0,0.0
375,375,-0.7809578484368094,199.0,0.5292553191489362,0.0,0.0
376,376,-1.0743565782565454,199.0,0.5278514588859416,0.0,0.0
377,377,0.3011186368875943,199.0,0.5264550264550265,0.0,0.0
378,378,0.2035971572641203,199.0,0.525065963060686,0.0,0.0
379,379,-1.6445916482016338,199.0,0.5236842105263158,0.0,0.0
380,380,0.1102191910862122,199.0,0.5223097112860893,0.0,0.0
381,381,0.5812841446003854,199.0,0.5209424083769634,0.0,0.0
382,382,-0.9876634288551586,199.0,0.5195822454308094,0.0,0.0
383,383,-1.7147092387313032,199.0,0.5182291666666666,0.0,0.0
384,384,-1.4519574520473677,199.0,0.5168831168831168,0.0,0.0
385,385,-1.8908550389901977,199.0,0.5155440414507773,0.0,0.0
386,386,-1.8716643631770151,199.0,0.5142118863049095,0.0,0.0
387,387,-1.2040453194689196,199.0,0.5128865979381443,0.0,0.0
388,388,-1.1191687594912465,199.0,0.5115681233933161,0.0,0.0
389,389,0.3481143076285571,199.0,0.5102564102564102,0.0,0.0
390,390,0.0964190192671935,199.0,0.5089514066496164,0.0,0.0
391,391,1.564239875913329,199.0,0.5076530612244898,0.0,0.0
392,392,0.825897535029431,199.0,0.5063613231552163,0.0,0.0
393,393,-0.4076040959382083,199.0,0.5050761421319797,0.0,0.0
394,394,-2.4373925812052617,199.0,0.5037974683544304,0.0,0.0
395,395,-3.0582435248199213,199.0,0.5025252525252525,0.0,0.0
396,396,-2.692318546734237,199.0,0.5012594458438288,0.0,0.0
397,397,-1.525562686553437,199.0,0.5,0.0,0.0
398,398,-4.8613656381909625,282.0,0.706766917293233,0.0,0.0
399,399,-4.462642878405687,282.0,0.705,0.0,0.0
400,400,-5.05523062963064,282.0,0.7032418952618454,0.0,0.0
401,401,-3.942028997892355,282.0,0.7014925373134329,0.0,0.0
402,402,-4.160500748278352,282.0,0.6997518610421837,0.0,0.0
403,403,-3.540541545396052,282.0,0.698019801980198,0.0,0.0
404,404,-1.4737889446697403,282.0,0.6962962962962963,0.0,0.0
405,405,-1.299136129590003,282.0,0.6945812807881774,0.0,0.0
406,406,-1.394233653581526,282.0,0.6928746928746928,0.0,0.0
407,407,-0.3092921900211605,282.0,0.6911764705882353,0.0,0.0
408,408,-0.0197908148336387,282.0,0.6894865525672371,0.0,0.0
409,409,-0.2417416349671377,282.0,0.6878048780487804,0.0,0.0
410,410,-1.8285556584284983,282.0,0.6861313868613139,0.0,0.0
411,411,-2.009671622981658,282.0,0.6844660194174758,0.0,0.0
412,412,-3.498293403549524,282.0,0.6828087167070218,0.0,0.0
413,413,-2.9952602108796955,282.0,0.6811594202898551,0.0,0.0
414,414,-2.190002294149872,282.0,0.6795180722891566,0.0,0.0
415,415,-1.9856517819910264,282.0,0.6778846153846154,0.0,0.0
416,416,-0.0142997507957218,282.0,0.6762589928057554,0.0,0.0
417,417,-1.2038523208622762,282.0,0.6746411483253588,0.0,0.0
418,418,-0.7085133061101143,282.0,0.6730310262529833,0.0,0.0
419,419,-0.6244741150522419,282.0,0.6714285714285714,0.0,0.0
420,420,-1.7694054496126692,282.0,0.669833729216152,0.0,0.0
421,421,-1.1223632058851902,282.0,0.6682464454976303,0.0,0.0
422,422,-0.2239019897572973,282.0,0.6666666666666666,0.0,0.0
423,423,0.8720159177578479,282.0,0.6650943396226415,0.0,0.0
424,424,0.5903995522213689,282.0,0.6635294117647059,0.0,0.0
425,425,1.1572451494760103,282.0,0.6619718309859155,0.0,0.0
426,426,0.3853897224916287,282.0,0.6604215456674473,0.0,0.0
427,427,1.8315137678256308,282.0,0.6588785046728972,0.0,0.0
428,428,3.437581099606419,282.0,0.6573426573426573,0.0,0.0
429,429,3.262704841475845,282.0,0.6558139534883721,0.0,0.0
430,430,3.207134853755231,282.0,0.654292343387471,0.0,0.0
431,431,1.8881710085356953,282.0,0.6527777777777778,0.0,0.0
432,432,1.782698033215202,282.0,0.651270207852194,0.0,0.0
433,433,1.2853487750249797,282.0,0.6497695852534562,0.0,0.0
434,434,1.4173893011521002,282.0,0.6482758620689655,0.0,0.0
435,435,-0.095755191208497,282.0,0.6467889908256881,0.0,0.0
436,436,1.7016834504459808,282.0,0.6453089244851259,0.0,0.0
437,437,1.733811110712579,282.0,0.6438356164383562,0.0,0.0
438,438,2.65609857792401,282.0,0.642369020501139,0.0,0.0
439,439,2.918615040968243,282.0,0.6409090909090909,0.0,0.0
440,440,2.3875384341383508,282.0,0.6394557823129252,0.0,0.0
441,441,4.120532255622562,282.0,0.6380090497737556,0.0,0.0
442,442,4.876058463037224,282.0,0.636568848758465,0.0,0.0
443,443,2.981751923337676,282.0,0.6351351351351351,0.0,0.0
444,444,2.7571320137371327,282.0,0.6337078651685393,0.0,0.0
445,445,2.334966917167024,282.0,0.6322869955156951,0.0,0.0
446,446,1.3668259822888422,282.0,0.6308724832214765,0.0,0.0
447,447,3.436578293111064,282.0,0.6294642857142857,0.0,0.0
448,448,1.9228890104778704,282.0,0.6280623608017817,0.0,0.0
449,449,3.300143523108807,282.0,0.6266666666666667,0.0,0.0
450,450,1.3210831643656202,282.0,0.6252771618625277,0.0,0.0
451,451,2.610832567293091,282.0,0.6238938053097345,0.0,0.0
452,452,1.8784404619449957,282.0,0.6225165562913907,0.0,0.0
453,453,-0.4954246495914736,282.0,0.6211453744493393,0.0,0.0
454,454,-0.1206322646296952,282.0,0.6197802197802198,0.0,0.0
455,455,0.3938779307423858,282.0,0.618421052631579,0.0,0.0
456,456,-0.5458461408790338,282.0,0.6170678336980306,0.0,0.0
457,457,0.6006200174683027,282.0,0.6157205240174672,0.0,0.0
458,458,-1.1233852173510424,282.0,0.6143790849673203,0.0,0.0
459,459,0.1255699157803185,282.0,0.6130434782608696,0.0,0.0
460,460,0.7079769158381085,282.0,0.6117136659436009,0.0,0.0
461,461,2.4263484954666685,282.0,0.6103896103896104,0.0,0.0
462,462,1.8129664653323976,282.0,0.6090712742980562,0.0,0.0
463,463,2.5572629263975317,282.0,0.6077586206896551,0.0,0.0
464,464,1.782103552663835,282.0,0.6064516129032258,0.0,0.0
465,465,2.4857449940798766,282.0,0.6051502145922747,0.0,0.0
466,466,2.548303163246035,282.0,0.6038543897216274,0.0,0.0
467,467,3.1562477217935494,282.0,0.6025641025641025,0.0,0.0
468,468,1.637523164952138,282.0,0.6012793176972282,0.0,0.0
469,469,2.041356751016914,282.0,0.6,0.0,0.0
470,470,2.276218975612325,282.0,0.5987261146496815,0.0,0.0
471,471,3.6080113055061,282.0,0.597457627118644,0.0,0.0
472,472,2.9780231515148037,282.0,0.5961945031712473,0.0,0.0
473,473,2.583160068809537,282.0,0.5949367088607594,0.0,0.0
474,474,3.056914888269644,282.0,0.5936842105263158,0.0,0.0
475,475,3.3559578363201976,282.0,0.592436974789916,0.0,0.0
476,476,0.5915019146640961,282.0,0.5911949685534591,0.0,0.0
477,477,0.3396257114929057,282.0,0.5899581589958159,0.0,0.0
478,478,1.2223802588464312,282.0,0.5887265135699373,0.0,0.0
479,479,0.7782443987982844,282.0,0.5875,0.0,0.0
480,480,-1.109032242134606,282.0,0.5862785862785863,0.0,0.0
481,481,-1.3049015715550183,282.0,0.5850622406639004,0.0,0.0
482,482,-1.1869415579577216,282.0,0.5838509316770186,0.0,0.0
483,483,-2.038522616699616,282.0,0.5826446280991735,0.0,0.0
484,484,-1.766703240867778,282.0,0.5814432989690722,0.0,0.0
485,485,-2.7061330751979815,282.0,0.5802469135802469,0.0,0.0
486,486,-2.6596009510692764,282.0,0.5790554414784395,0.0,0.0
487,487,-2.351959601144592,282.0,0.5778688524590164,0.0,0.0
488,488,-0.3994127661816238,282.0,0.5766871165644172,0.0,0.0
489,489,-0.0549896909836529,282.0,0.5755102040816327,0.0,0.0
490,490,1.1915481196885471,282.0,0.5743380855397149,0.0,0.0
491,491,1.287748819945154,282.0,0.573170731707317,0.0,0.0
492,492,0.042390997179551,282.0,0.5720081135902637,0.0,0.0
493,493,-1.0849374904384397,282.0,0.5708502024291497,0.0,0.0
494,494,-0.1758459135127892,282.0,0.5696969696969697,0.0,0.0
495,495,-1.7606268699580212,282.0,0.5685483870967742,0.0,0.0
496,496,-3.183988040848365,282.0,0.5674044265593562,0.0,0.0
497,497,-1.987059954850364,282.0,0.5662650602409639,0.0,0.0
498,498,-2.6510908580856754,282.0,0.5651302605210421,0.0,0.0
499,499,-3.5846470369372727,282.0,0.564,0.0,0.0
500,500,-0.8044588777023507,282.0,0.562874251497006,0.0,0.0
501,501,-4.132836785295464,282.0,0.5617529880478087,0.0,0.0
502,502,-0.1991219105547721,282.0,0.5606361829025845,0.0,0.0
503,503,-3.769147940368726,282.0,0.5595238095238095,0.0,0.0
504,504,-0.1317198677120469,282.0,0.5584158415841585,0.0,0.0
505,505,-3.3581696937861505,282.0,0.5573122529644269,0.0,0.0
506,506,0.8059026432851634,282.0,0.5562130177514792,0.0,0.0
507,507,-1.549279006579567,282.0,0.5551181102362205,0.0,0.0
508,508,-0.2589117565701052,282.0,0.5540275049115914,0.0,0.0
509,509,0.1216977664968674,282.0,0.5529411764705883,0.0,0.0
510,510,-0.4700273141528803,282.0,0.5518590998043053,0.0,0.0
511,511,-0.0756592658055947,282.0,0.55078125,0.0,0.0
512,512,0.2492947159946934,282.0,0.5497076023391813,0.0,0.0
513,513,-0.6191303487104233,282.0,0.5486381322957199,0.0,0.0
514,514,-0.7102068062381663,282.0,0.5475728155339806,0.0,0.0
515,515,0.934293727690846,282.0,0.5465116279069767,0.0,0.0
516,516,-1.2191845402457575,282.0,0.5454545454545454,0.0,0.0
517,517,-1.294070249465325,282.0,0.5444015444015444,0.0,0.0
518,518,-4.3817542755625105,282.0,0.5433526011560693,0.0,0.0
519,519,-0.9119261023013868,282.0,0.5423076923076923,0.0,0.0
520,520,-4.1255378837749594,282.0,0.5412667946257198,0.0,0.0
521,521,0.8015729846329411,282.0,0.5402298850574713,0.0,0.0
522,522,-4.88597056336418,282.0,0.5391969407265774,0.0,0.0
523,523,-0.5857014706605881,282.0,0.5381679389312977,0.0,0.0
524,524,-4.3708397395655965,282.0,0.5371428571428571,0.0,0.0
525,525,0.6979609678516309,282.0,0.5361216730038023,0.0,0.0
526,526,-2.539593635576026,282.0,0.5351043643263758,0.0,0.0
527,527,0.5856417427153532,282.0,0.5340909090909091,0.0,0.0
528,528,-2.919558409685596,282.0,0.5330812854442344,0.0,0.0
529,529,0.6005718507478264,282.0,0.5320754716981132,0.0,0.0
530,530,-1.1080518047804258,282.0,0.5310734463276836,0.0,0.0
531,531,0.4175670782892762,282.0,0.5300751879699248,0.0,0.0
532,532,-1.4341641261707394,282.0,0.5290806754221389,0.0,0.0
533,533,0.792740401119733,282.0,0.5280898876404494,0.0,0.0
534,534,-1.0799594309206084,282.0,0.5271028037383177,0.0,0.0
535,535,0.8004638561575905,282.0,0.5261194029850746,0.0,0.0
536,536,1.1106352781096611,282.0,0.5251396648044693,0.0,0.0
537,537,1.3888642488176153,282.0,0.5241635687732342,0.0,0.0
538,538,1.1427232817496162,282.0,0.5231910946196661,0.0,0.0
539,539,0.932107699674264,282.0,0.5222222222222223,0.0,0.0
540,540,0.7916409594363167,282.0,0.5212569316081331,0.0,0.0
541,541,1.370972886084208,282.0,0.5202952029520295,0.0,0.0
542,542,1.4650687432653522,282.0,0.5193370165745856,0.0,0.0
543,543,0.6399407942942632,282.0,0.5183823529411765,0.0,0.0
544,544,0.8291801060782263,282.0,0.5174311926605505,0.0,0.0
545,545,0.3410193064930945,282.0,0.5164835164835165,0.0,0.0
546,546,-0.1627665172706364,282.0,0.5155393053016454,0.0,0.0
547,547,1.4134650526444157,282.0,0.5145985401459854,0.0,0.0
548,548,-1.009297565683407,282.0,0.5136612021857924,0.0,0.0
549,549,1.4256163902669894,282.0,0.5127272727272727,0.0,0.0
550,550,0.1122616588693208,282.0,0.5117967332123412,0.0,0.0
551,551,0.310449648501735,282.0,0.5108695652173914,0.0,0.0
552,552,-0.7151377907767665,282.0,0.5099457504520796,0.0,0.0
553,553,0.1471310755106426,282.0,0.5090252707581228,0.0,0.0
554,554,-0.1243829803921779,282.0,0.5081081081081081,0.0,0.0
555,555,0.3207543477491916,282.0,0.5071942446043165,0.0,0.0
556,556,-0.0414501938056298,282.0,0.5062836624775583,0.0,0.0
557,557,1.5446924612552289,282.0,0.5053763440860215,0.0,0.0
558,558,-0.5708839570338637,282.0,0.5044722719141324,0.0,0.0
559,559,0.7266135399209503,282.0,0.5035714285714286,0.0,0.0
560,560,0.1714762688258758,282.0,0.5026737967914439,0.0,0.0
561,561,0.7830670462960976,282.0,0.501779359430605,0.0,0.0
562,562,1.1262630312764297,282.0,0.5008880994671403,0.0,0.0
563,563,1.809566570090558,282.0,0.5,0.0,0.0
564,564,-0.0323286414475509,399.0,0.7061946902654868,0.0,0.0
565,565,-0.4185835040316619,399.0,0.7049469964664311,0.0,0.0
566,566,0.5528701343237973,399.0,0.7037037037037037,0.0,0.0
567,567,-0.3981880534712057,399.0,0.7024647887323944,0.0,0.0
568,568,0.7860610260350716,399.0,0.7012302284710018,0.0,0.0
569,569,-1.2245747485266163,399.0,0.7,0.0,0.0
570,570,1.5024726418759622,399.0,0.6987740805604203,0.0,0.0
571,571,-1.2884348671488304,399.0,0.6975524475524476,0.0,0.0
572,572,1.891438019475928,399.0,0.6963350785340314,0.0,0.0
573,573,-0.2030960662254202,399.0,0.6951219512195121,0.0,0.0
574,574,1.8145939062120695,399.0,0.6939130434782609,0.0,0.0
575,575,-0.2166366648300097,399.0,0.6927083333333334,0.0,0.0
576,576,0.9607041383086514,399.0,0.6915077989601387,0.0,0.0
577,577,2.5246037260466636,399.0,0.6903114186851211,0.0,0.0
578,578,-0.4511352174223207,399.0,0.689119170984456,0.0,0.0
579,579,2.9966554134797487,399.0,0.6879310344827586,0.0,0.0
580,580,-1.8268018268892376,399.0,0.6867469879518072,0.0,0.0
581,581,1.8736689209520816,399.0,0.6855670103092784,0.0,0.0
582,582,-0.1801044050795603,399.0,0.6843910806174958,0.0,0.0
583,583,0.95659747937537,399.0,0.6832191780821918,0.0,0.0
584,584,0.9373762025544552,399.0,0.6820512820512821,0.0,0.0
585,585,0.5055822756200884,399.0,0.6808873720136519,0.0,0.0
586,586,1.7479850678767863,399.0,0.6797274275979557,0.0,0.0
587,587,-0.9087372938445551,399.0,0.6785714285714286,0.0,0.0
588,588,0.4550687884759619,399.0,0.6774193548387096,0.0,0.0
589,589,0.6659383348953247,399.0,0.676271186440678,0.0,0.0
590,590,0.7490085570715258,399.0,0.6751269035532995,0.0,0.0
591,591,-0.4093740787710332,399.0,0.6739864864864865,0.0,0.0
592,592,0.2037355478280704,399.0,0.6728499156829679,0.0,0.0
593,593,-3.120534483506789,399.0,0.6717171717171717,0.0,0.0
594,594,-0.1704486515704948,399.0,0.6705882352941176,0.0,0.0
595,595,-4.130468063633253,399.0,0.6694630872483222,0.0,0.0
596,596,-1.1939140454517458,399.0,0.6683417085427136,0.0,0.0
597,597,-2.242054064030035,399.0,0.6672240802675585,0.0,0.0
598,598,-1.6900467292594263,399.0,0.666110183639399,0.0,0.0
599,599,-2.67919399427015,399.0,0.665,0.0,0.0
600,600,-2.688796225640844,399.0,0.6638935108153078,0.0,0.0
601,601,-1.8017532068715825,399.0,0.6627906976744186,0.0,0.0
602,602,-1.93106179336303,399.0,0.6616915422885572,0.0,0.0
603,603,-2.523039012508805,399.0,0.6605960264900662,0.0,0.0
604,604,-3.452007431219064,399.0,0.6595041322314049,0.0,0.0
605,605,-2.5557298362399936,399.0,0.6584158415841584,0.0,0.0
606,606,-3.0527313573561385,399.0,0.657331136738056,0.0,0.0
607,607,-4.3649733061647344,399.0,0.65625,0.0,0.0
608,608,-1.7008805206380628,399.0,0.6551724137931034,0.0,0.0
609,609,-4.910723880283843,399.0,0.6540983606557377,0.0,0.0
610,610,-1.5530629250143877,399.0,0.6530278232405892,0.0,0.0
611,611,-5.2588218127860165,399.0,0.6519607843137255,0.0,0.0
612,612,-2.291358495526705,399.0,0.6508972267536705,0.0,0.0
613,613,-3.8772599712020064,399.0,0.6498371335504886,0.0,0.0
614,614,-2.0906338180087474,399.0,0.6487804878048781,0.0,0.0
615,615,-5.076075931743346,399.0,0.6477272727272727,0.0,0.0
616,616,-1.661296139814003,399.0,0.646677471636953,0.0,0.0
617,617,-3.8159473775917094,399.0,0.6456310679611651,0.0,0.0
618,618,-1.7867921649202536,399.0,0.6445880452342488,0.0,0.0
619,619,-2.428729785106521,399.0,0.6435483870967742,0.0,0.0
620,620,-2.6257527117795343,399.0,0.642512077294686,0.0,0.0
621,621,-1.316776734095482,399.0,0.6414790996784566,0.0,0.0
622,622,-2.215209749714741,399.0,0.6404494382022472,0.0,0.0
623,623,-1.1004232480594314,399.0,0.6394230769230769,0.0,0.0
624,624,-0.6839687681525481,399.0,0.6384,0.0,0.0
625,625,-0.3556794515954009,399.0,0.6373801916932907,0.0,0.0
626,626,-0.976252394280712,399.0,0.6363636363636364,0.0,0.0
627,627,0.1358873264488315,399.0,0.6353503184713376,0.0,0.0
628,628,-1.585560899337025,399.0,0.6343402225755167,0.0,0.0
629,629,0.5709411140338683,399.0,0.6333333333333333,0.0,0.0
630,630,-0.1408054733784507,399.0,0.6323296354992076,0.0,0.0
631,631,1.6761293035531315,399.0,0.6313291139240507,0.0,0.0
632,632,-0.8376680983087357,399.0,0.6303317535545023,0.0,0.0
633,633,1.2303959467633363,399.0,0.6293375394321766,0.0,0.0
634,634,-0.1154941548456071,399.0,0.6283464566929133,0.0,0.0
635,635,1.651300117993253,399.0,0.6273584905660378,0.0,0.0
636,636,-0.8519182919690609,399.0,0.6263736263736264,0.0,0.0
637,637,1.6596280231172418,399.0,0.6253918495297806,0.0,0.0
638,638,-0.3789083638535349,199.0,0.3114241001564945,0.0,0.0
639,639,2.9698517334411396,399.0,0.6234375,0.0,0.0
640,640,-0.0921366392179375,399.0,0.6224648985959438,0.0,0.0
641,641,2.5556472566288395,399.0,0.6214953271028038,0.0,0.0
642,642,-1.1388047882187242,399.0,0.6205287713841369,0.0,0.0
643,643,0.8846646974386903,399.0,0.6195652173913043,0.0,0.0
644,644,-0.1048177893866313,399.0,0.6186046511627907,0.0,0.0
645,645,0.8189256756841361,399.0,0.6176470588235294,0.0,0.0
646,646,-0.5579246753428669,399.0,0.616692426584235,0.0,0.0
647,647,1.6673231224845149,399.0,0.6157407407407407,0.0,0.0
648,648,-0.0291828103182724,399.0,0.6147919876733436,0.0,0.0
649,649,1.3545880831915085,399.0,0.6138461538461538,0.0,0.0
650,650,0.6875827329073069,399.0,0.6129032258064516,0.0,0.0
651,651,0.7851311445231766,399.0,0.6119631901840491,0.0,0.0
652,652,1.3248932563022615,399.0,0.6110260336906586,0.0,0.0
653,653,1.077311702472187,399.0,0.6100917431192661,0.0,0.0
654,654,0.755022440343496,399.0,0.6091603053435114,0.0,0.0
655,655,0.5722903975503486,399.0,0.6082317073170732,0.0,0.0
656,656,-0.0643529925027681,399.0,0.6073059360730594,0.0,0.0
657,657,1.3871846389496847,399.0,0.6063829787234043,0.0,0.0
658,658,-0.1978634406638549,399.0,0.6054628224582701,0.0,0.0
659,659,0.2025286622134492,399.0,0.6045454545454545,0.0,0.0
660,660,0.5278226029134019,399.0,0.6036308623298033,0.0,0.0
661,661,0.6395431852321488,399.0,0.6027190332326284,0.0,0.0
662,662,0.4689723169375951,399.0,0.6018099547511312,0.0,0.0
663,663,0.7717272308563844,399.0,0.6009036144578314,0.0,0.0
664,664,0.0424073716795634,399.0,0.6,0.0,0.0
665,665,0.084910386054866,399.0,0.5990990990990991,0.0,0.0
666,666,0.8715546382107513,399.0,0.5982008995502249,0.0,0.0
667,667,-1.0653531573490125,399.0,0.5973053892215568,0.0,0.0
668,668,-0.7864604136415153,399.0,0.5964125560538116,0.0,0.0
669,669,-2.3199879605255465,399.0,0.5955223880597015,0.0,0.0
670,670,0.0804484034330409,399.0,0.5946348733233979,0.0,0.0
671,671,-3.1998729403714323,399.0,0.59375,0.0,0.0
672,672,-0.3012477245026612,399.0,0.5928677563150074,0.0,0.0
673,673,-3.6464600818393103,399.0,0.5919881305637982,0.0,0.0
674,674,-1.4010997744780984,399.0,0.5911111111111111,0.0,0.0
675,675,-3.516779579906856,399.0,0.5902366863905325,0.0,0.0
676,676,-1.5069172871347958,282.0,0.41654357459379615,0.0,0.0
677,677,-1.3012525504640873,282.0,0.415929203539823,0.0,0.0
678,678,-1.7908090495008988,399.0,0.5876288659793815,0.0,0.0
679,679,-0.9956363568937208,399.0,0.586764705882353,0.0,0.0
680,680,0.3265960369410274,399.0,0.5859030837004405,0.0,0.0
681,681,0.4559036858522201,199.0,0.29178885630498536,0.0,0.0
682,682,0.8686466781854816,399.0,0.5841874084919473,0.0,0.0
683,683,1.28593947300914,399.0,0.5833333333333334,0.0,0.0
684,684,0.7377561991104055,399.0,0.5824817518248175,0.0,0.0
685,685,1.9741746674072156,399.0,0.5816326530612245,0.0,0.0
686,686,0.9425928207832172,399.0,0.5807860262008734,0.0,0.0
687,687,0.9554109421608868,399.0,0.5799418604651163,0.0,0.0
688,688,2.5785518074498435,399.0,0.579100145137881,0.0,0.0
689,689,0.8720065575071605,399.0,0.5782608695652174,0.0,0.0
690,690,2.8908377963511827,399.0,0.5774240231548481,0.0,0.0
691,691,0.3196900522260331,399.0,0.5765895953757225,0.0,0.0
692,692,1.3955591814060428,399.0,0.5757575757575758,0.0,0.0
693,693,-1.4375150925040023,399.0,0.5749279538904899,0.0,0.0
694,694,-2.052664958225856,399.0,0.5741007194244604,0.0,0.0
695,695,-0.7202959064974793,399.0,0.5732758620689655,0.0,0.0
696,696,-3.624882132766223,399.0,0.5724533715925395,0.0,0.0
697,697,-1.2590979912794271,399.0,0.5716332378223495,0.0,0.0
698,698,-3.3107938420185157,399.0,0.5708154506437768,0.0,0.0
699,699,-2.7108245359934156,399.0,0.57,0.0,0.0
700,700,-3.5655649822412387,399.0,0.5691868758915835,0.0,0.0
701,701,-2.1658998195523624,399.0,0.5683760683760684,0.0,0.0
702,702,-3.5286119784293155,282.0,0.4011379800853485,0.0,0.0
703,703,-1.483767939902814,399.0,0.5667613636363636,0.0,0.0
704,704,-5.8853451341963225,199.0,0.2822695035460993,0.0,0.0
705,705,-0.8776990048703431,399.0,0.5651558073654391,0.0,0.0
706,706,-4.501853929810296,399.0,0.5643564356435643,0.0,0.0
707,707,-2.262451293696194,282.0,0.3983050847457627,0.0,0.0
708,708,-3.352931966574652,399.0,0.5627644569816643,0.0,0.0
709,709,-2.53868015041267,399.0,0.5619718309859155,0.0,0.0
710,710,-3.3458307033153516,399.0,0.5611814345991561,0.0,0.0
711,711,-1.8306782429155133,399.0,0.5603932584269663,0.0,0.0
712,712,-4.5653062352267,399.0,0.5596072931276297,0.0,0.0
713,713,-0.938369797348166,399.0,0.5588235294117647,0.0,0.0
714,714,-4.888802936554365,399.0,0.558041958041958,0.0,0.0
715,715,-0.1945067965780342,399.0,0.5572625698324022,0.0,0.0
716,716,-4.517836153197259,399.0,0.5564853556485355,0.0,0.0
717,717,-0.0245186295970379,399.0,0.5557103064066853,0.0,0.0
718,718,-4.919226220546072,399.0,0.5549374130737135,0.0,0.0
719,719,-0.1863481040638389,399.0,0.5541666666666667,0.0,0.0
720,720,-5.618660805457745,399.0,0.5533980582524272,0.0,0.0
721,721,-0.9903329290463798,399.0,0.5526315789473685,0.0,0.0
722,722,-6.501821850705355,399.0,0.5518672199170125,0.0,0.0
723,723,-1.1142589348138603,399.0,0.5511049723756906,0.0,0.0
724,724,-6.897118165663153,399.0,0.5503448275862068,0.0,0.0
725,725,1.1594762386331283,399.0,0.5495867768595041,0.0,0.0
726,726,-7.120644166044429,399.0,0.5488308115543329,0.0,0.0
727,727,-1.2923509612456,399.0,0.5480769230769231,0.0,0.0
728,728,-5.343153023134414,399.0,0.5473251028806584,0.0,0.0
729,729,-1.695896587445567,399.0,0.5465753424657535,0.0,0.0
730,730,-4.3911751508405406,399.0,0.5458276333789329,0.0,0.0
731,731,-1.6079085496546162,399.0,0.5450819672131147,0.0,0.0
732,732,-4.812559099154575,399.0,0.5443383356070941,0.0,0.0
733,733,-2.178053268422967,399.0,0.5435967302452316,0.0,0.0
734,734,-5.490166351656462,399.0,0.5428571428571428,0.0,0.0
735,735,-0.6993254704917691,399.0,0.5421195652173914,0.0,0.0
736,736,-4.363573915172022,399.0,0.5413839891451832,0.0,0.0
737,737,-2.08552710226674,399.0,0.540650406504065,0.0,0.0
738,738,-3.030214407407398,399.0,0.5399188092016238,0.0,0.0
739,739,-1.4198082907513254,399.0,0.5391891891891892,0.0,0.0
740,740,-4.435609355108655,399.0,0.5384615384615384,0.0,0.0
741,741,-2.2217825863475147,399.0,0.5377358490566038,0.0,0.0
742,742,-3.68404831626926,399.0,0.5370121130551817,0.0,0.0
743,743,-1.8553320387118015,399.0,0.5362903225806451,0.0,0.0
744,744,-1.3701992402265368,399.0,0.5355704697986577,0.0,0.0
745,745,-1.780971889819713,399.0,0.5348525469168901,0.0,0.0
746,746,-0.3827490812014752,399.0,0.5341365461847389,0.0,0.0
747,747,-2.1624934476672606,399.0,0.5334224598930482,0.0,0.0
748,748,-0.556805148517894,399.0,0.5327102803738317,0.0,0.0
749,749,-2.0093120309343955,399.0,0.532,0.0,0.0
750,750,-0.6649431722482705,399.0,0.5312916111850865,0.0,0.0
751,751,-1.6786041383397683,399.0,0.5305851063829787,0.0,0.0
752,752,-0.6142487872341506,399.0,0.5298804780876494,0.0,0.0
753,753,-3.211302786742084,399.0,0.5291777188328912,0.0,0.0
754,754,0.0287485158500285,399.0,0.528476821192053,0.0,0.0
755,755,-4.093689229213341,399.0,0.5277777777777778,0.0,0.0
756,756,0.7085678871761331,399.0,0.5270805812417437,0.0,0.0
757,757,-3.098342932105578,399.0,0.5263852242744064,0.0,0.0
758,758,1.1940462439142814,399.0,0.525691699604743,0.0,0.0
759,759,-3.4224495389472898,399.0,0.525,0.0,0.0
760,760,1.237194806862076,399.0,0.5243101182654402,0.0,0.0
761,761,-2.395647962665182,399.0,0.5236220472440944,0.0,0.0
762,762,0.4686721074921491,399.0,0.5229357798165137,0.0,0.0
763,763,-3.667109677586239,399.0,0.5222513089005235,0.0,0.0
764,764,2.0234889992945195,399.0,0.5215686274509804,0.0,0.0
765,765,-3.5630752694554855,399.0,0.52088772845953,0.0,0.0
766,766,1.2042823333191848,399.0,0.5202086049543677,0.0,0.0
767,767,-4.22088729343446,399.0,0.51953125,0.0,0.0
768,768,-0.2748490643618924,399.0,0.5188556566970091,0.0,0.0
769,769,-6.515090235024698,399.0,0.5181818181818182,0.0,0.0
770,770,-1.4787430364881764,399.0,0.5175097276264592,0.0,0.0
771,771,-7.012982253037365,399.0,0.5168393782383419,0.0,0.0
772,772,-2.385482987977281,399.0,0.5161707632600259,0.0,0.0
773,773,-4.462983784406225,399.0,0.5155038759689923,0.0,0.0
774,774,-2.420636989145685,399.0,0.5148387096774194,0.0,0.0
775,775,-4.49842753517184,399.0,0.5141752577319587,0.0,0.0
776,776,-2.2307975503736417,399.0,0.5135135135135135,0.0,0.0
777,777,-4.903381394896312,399.0,0.512853470437018,0.0,0.0
778,778,-0.8362260614934742,399.0,0.5121951219512195,0.0,0.0
779,779,-3.2352195053096766,399.0,0.5115384615384615,0.0,0.0
780,780,-1.6113773676551886,399.0,0.5108834827144686,0.0,0.0
781,781,-1.965073081459028,399.0,0.510230179028133,0.0,0.0
782,782,-0.7603053297458439,399.0,0.5095785440613027,0.0,0.0
783,783,0.8426573305585678,399.0,0.5089285714285714,0.0,0.0
784,784,0.5534559163999778,399.0,0.5082802547770701,0.0,0.0
785,785,-0.6424247424612931,399.0,0.5076335877862596,0.0,0.0
786,786,0.0927507334782167,399.0,0.5069885641677255,0.0,0.0
787,787,0.2365666287445993,399.0,0.5063451776649747,0.0,0.0
788,788,0.6552449451457839,399.0,0.5057034220532319,0.0,0.0
789,789,1.472956128348084,399.0,0.5050632911392405,0.0,0.0
790,790,0.4718275518451121,399.0,0.504424778761062,0.0,0.0
791,791,1.5990941239988583,399.0,0.5037878787878788,0.0,0.0
792,792,1.9289292620669545,399.0,0.5031525851197982,0.0,0.0
793,793,2.0668286101712163,399.0,0.5025188916876574,0.0,0.0
794,794,1.7525765355731544,399.0,0.5018867924528302,0.0,0.0
795,795,4.293703088782166,399.0,0.5012562814070352,0.0,0.0
796,796,1.5745067660587015,399.0,0.5006273525721455,0.0,0.0
797,797,4.076395182359306,399.0,0.5,0.0,0.0
798,798,0.6587494094283628,565.0,0.7071339173967459,0.0,0.0
799,799,3.976036250080413,565.0,0.70625,0.0,0.0
800,800,-1.0336432043178003,565.0,0.7053682896379525,0.0,0.0
801,801,5.1303865665495145,565.0,0.7044887780548629,0.0,0.0
802,802,-3.034949797193572,565.0,0.7036114570361146,0.0,0.0
803,803,5.463017274945523,399.0,0.4962686567164179,0.0,0.0
804,804,-3.463330848801203,565.0,0.7018633540372671,0.0,0.0
805,805,5.217119041112296,399.0,0.49503722084367247,0.0,0.0
806,806,-1.4919132477492731,399.0,0.4944237918215613,0.0,0.0
807,807,4.658252698098323,565.0,0.6992574257425742,0.0,0.0
808,808,-0.7399952427755807,565.0,0.6983930778739185,0.0,0.0
809,809,3.5324500029762773,399.0,0.4925925925925926,0.0,0.0
810,810,-0.8913200376328521,399.0,0.4919852034525277,0.0,0.0
811,811,4.382273662243613,399.0,0.49137931034482757,0.0,0.0
812,812,-1.455899248698063,399.0,0.4907749077490775,0.0,0.0
813,813,4.798892839102161,565.0,0.6941031941031941,0.0,0.0
814,814,-1.0256606126857248,565.0,0.6932515337423313,0.0,0.0
815,815,3.8928241501982863,399.0,0.4889705882352941,0.0,0.0
816,816,0.1214958238054215,399.0,0.4883720930232558,0.0,0.0
817,817,2.546882574478511,565.0,0.6907090464547677,0.0,0.0
818,818,0.5038674848599571,399.0,0.48717948717948717,0.0,0.0
819,819,0.974536853833562,565.0,0.6890243902439024,0.0,0.0
820,820,0.2328383130673182,399.0,0.48599269183922045,0.0,0.0
821,821,-0.4020133327051511,399.0,0.4854014598540146,0.0,0.0
822,822,0.3937867476629699,399.0,0.4848116646415553,0.0,0.0
823,823,0.5386723831851717,399.0,0.4842233009708738,0.0,0.0
824,824,1.357311701212513,565.0,0.6848484848484848,0.0,0.0
825,825,0.9312536050498984,399.0,0.4830508474576271,0.0,0.0
826,826,1.4656083947817606,565.0,0.6831922611850061,0.0,0.0
827,827,0.4063482894369388,565.0,0.6823671497584541,0.0,0.0
828,828,0.946302047653052,399.0,0.4813027744270205,0.0,0.0
829,829,-0.5668528032816014,565.0,0.6807228915662651,0.0,0.0
830,830,2.894969217919158,565.0,0.6799037304452467,0.0,0.0
831,831,-0.5740827187206334,565.0,0.6790865384615384,0.0,0.0
832,832,2.4396234329855915,399.0,0.4789915966386555,0.0,0.0
833,833,-0.3407593861622764,565.0,0.6774580335731415,0.0,0.0
834,834,1.3498582026228352,565.0,0.6766467065868264,0.0,0.0
835,835,1.3475665424257797,565.0,0.6758373205741627,0.0,0.0
836,836,0.7567252769969398,565.0,0.6750298685782556,0.0,0.0
837,837,0.2360411709440451,565.0,0.6742243436754176,0.0,0.0
838,838,2.457445053734812,565.0,0.6734207389749702,0.0,0.0
839,839,1.4267464332098831,565.0,0.6726190476190477,0.0,0.0
840,840,2.880566288659709,565.0,0.6718192627824019,0.0,0.0
841,841,0.8515169630738599,565.0,0.671021377672209,0.0,0.0
842,842,4.048150585811731,565.0,0.6702253855278766,0.0,0.0
843,843,0.8307946266470951,565.0,0.669431279620853,0.0,0.0
844,844,3.913163489144859,565.0,0.6686390532544378,0.0,0.0
845,845,1.959401435828696,565.0,0.6678486997635934,0.0,0.0
846,846,3.7052328190240025,565.0,0.667060212514758,0.0,0.0
847,847,1.363625358619454,565.0,0.6662735849056604,0.0,0.0
848,848,1.1944355127732296,565.0,0.6654888103651354,0.0,0.0
849,849,2.38779666970341,565.0,0.6647058823529411,0.0,0.0
850,850,-1.1702701330042753,565.0,0.663924794359577,0.0,0.0
851,851,1.3351523235419247,565.0,0.6631455399061033,0.0,0.0
852,852,-1.9906064667193708,565.0,0.6623681125439624,0.0,0.0
853,853,0.535608541028932,565.0,0.6615925058548009,0.0,0.0
854,854,-2.2860550279544283,565.0,0.6608187134502924,0.0,0.0
855,855,0.7885968494835194,565.0,0.6600467289719626,0.0,0.0
856,856,-2.501016876473,565.0,0.6592765460910152,0.0,0.0
857,857,-2.2703230171291153,565.0,0.6585081585081585,0.0,0.0
858,858,-2.43425795582629,565.0,0.6577415599534342,0.0,0.0
859,859,-3.44951161857349,565.0,0.6569767441860465,0.0,0.0
860,860,-2.8363175236976206,565.0,0.6562137049941928,0.0,0.0
861,861,-4.615250930766961,565.0,0.6554524361948956,0.0,0.0
862,862,-2.9470066834196955,565.0,0.6546929316338355,0.0,0.0
863,863,-4.677294591887956,565.0,0.6539351851851852,0.0,0.0
864,864,-2.1385679933321997,565.0,0.653179190751445,0.0,0.0
865,865,-4.001049558763201,565.0,0.6524249422632794,0.0,0.0
866,866,-1.235932541359415,565.0,0.6516724336793541,0.0,0.0
867,867,-5.271552256424603,565.0,0.6509216589861752,0.0,0.0
868,868,-0.0019672733648155,565.0,0.6501726121979287,0.0,0.0
869,869,-5.437902569843936,565.0,0.6494252873563219,0.0,0.0
870,870,0.1546397742583788,565.0,0.6486796785304249,0.0,0.0
871,871,-4.385548993451042,565.0,0.6479357798165137,0.0,0.0
872,872,0.6410674090058908,565.0,0.6471935853379153,0.0,0.0
873,873,-4.218092898239114,565.0,0.6464530892448512,0.0,0.0
874,874,-1.047464686591308,565.0,0.6457142857142857,0.0,0.0
875,875,-3.1148469945985053,565.0,0.6449771689497716,0.0,0.0
876,876,0.1295592042860809,565.0,0.6442417331812998,0.0,0.0
877,877,-1.7373612033254748,565.0,0.643507972665148,0.0,0.0
878,878,1.1144871421359048,565.0,0.6427758816837316,0.0,0.0
879,879,-0.0242573119934255,565.0,0.6420454545454546,0.0,0.0
880,880,1.8314206840195717,565.0,0.641316685584563,0.0,0.0
881,881,-0.4640605083974194,565.0,0.6405895691609977,0.0,0.0
882,882,2.31059555095666,565.0,0.6398640996602492,0.0,0.0
883,883,-1.538401519159214,565.0,0.6391402714932126,0.0,0.0
884,884,1.934605971084621,565.0,0.6384180790960452,0.0,0.0
885,885,-1.301347731451986,565.0,0.6376975169300225,0.0,0.0
886,886,2.744848348623222,565.0,0.636978579481398,0.0,0.0
887,887,-1.4979410938787303,565.0,0.6362612612612613,0.0,0.0
888,888,2.150735739256976,565.0,0.6355455568053994,0.0,0.0
889,889,-1.9068863911194227,565.0,0.6348314606741573,0.0,0.0
890,890,2.3076086802356603,565.0,0.6341189674523008,0.0,0.0
891,891,-3.4605062807138323,565.0,0.6334080717488789,0.0,0.0
892,892,-0.2979938162313686,565.0,0.6326987681970885,0.0,0.0
893,893,-1.51581341684392,565.0,0.6319910514541387,0.0,0.0
894,894,0.8146284806417814,565.0,0.6312849162011173,0.0,0.0
895,895,-0.7921046474653379,565.0,0.6305803571428571,0.0,0.0
896,896,0.988142463341714,565.0,0.6298773690078038,0.0,0.0
897,897,-1.377485422890413,565.0,0.6291759465478842,0.0,0.0
898,898,-0.7171522817850682,565.0,0.628476084538376,0.0,0.0
899,899,-0.902921567165322,565.0,0.6277777777777778,0.0,0.0
900,900,-2.459470853724214,565.0,0.6270810210876804,0.0,0.0
901,901,0.1642388553355055,565.0,0.6263858093126385,0.0,0.0
902,902,-0.6734618913884826,565.0,0.6256921373200443,0.0,0.0
903,903,-3.703483015976267,565.0,0.625,0.0,0.0
904,904,0.2654969048658242,565.0,0.6243093922651933,0.0,0.0
905,905,-2.470899939084018,565.0,0.6236203090507726,0.0,0.0
906,906,-4.161132946463938,565.0,0.6229327453142227,0.0,0.0
907,907,1.0224927629763103,565.0,0.6222466960352423,0.0,0.0
908,908,-3.046615253859738,565.0,0.6215621562156216,0.0,0.0
909,909,-4.144420063085664,565.0,0.6208791208791209,0.0,0.0
910,910,0.1208725343117957,565.0,0.6201975850713501,0.0,0.0
911,911,-3.389514700019486,565.0,0.6195175438596491,0.0,0.0
912,912,-2.88270284942214,565.0,0.6188389923329682,0.0,0.0
913,913,0.4269677044413748,565.0,0.6181619256017505,0.0,0.0
914,914,-2.639885983037691,565.0,0.6174863387978142,0.0,0.0
915,915,-4.193056135497819,565.0,0.6168122270742358,0.0,0.0
916,916,0.0175231908736561,565.0,0.6161395856052344,0.0,0.0
917,917,-3.2016614317659364,565.0,0.6154684095860566,0.0,0.0
918,918,-3.6971787169141432,565.0,0.6147986942328618,0.0,0.0
919,919,-1.0767900623940707,565.0,0.6141304347826086,0.0,0.0
920,920,-1.9782728673247536,565.0,0.6134636264929425,0.0,0.0
921,921,-0.7070391950973391,565.0,0.6127982646420824,0.0,0.0
922,922,-0.849361195092371,565.0,0.6121343445287107,0.0,0.0
923,923,-2.3416548219782056,565.0,0.6114718614718615,0.0,0.0
924,924,0.1316161198813021,565.0,0.6108108108108108,0.0,0.0
925,925,-2.378981622663442,565.0,0.6101511879049676,0.0,0.0
926,926,-2.636161400060744,565.0,0.6094929881337648,0.0,0.0
927,927,0.9477557577431216,565.0,0.6088362068965517,0.0,0.0
928,928,-2.500115258905395,565.0,0.6081808396124866,0.0,0.0
929,929,-2.391076672043054,565.0,0.6075268817204301,0.0,0.0
930,930,2.191031227298967,565.0,0.60687432867884,0.0,0.0
931,931,-1.99344130771819,565.0,0.6062231759656652,0.0,0.0
932,932,-1.548145607016933,565.0,0.6055734190782422,0.0,0.0
933,933,1.0223947129055242,565.0,0.6049250535331906,0.0,0.0
934,934,0.3448742858886202,565.0,0.6042780748663101,0.0,0.0
935,935,-1.7057853880840117,565.0,0.6036324786324786,0.0,0.0
936,936,1.4067502473637608,565.0,0.6029882604055496,0.0,0.0
937,937,0.4361600096714091,565.0,0.6023454157782516,0.0,0.0
938,938,-1.5121714021914667,565.0,0.6017039403620873,0.0,0.0
939,939,0.0847950093291003,565.0,0.601063829787234,0.0,0.0
940,940,0.1733409345306229,565.0,0.6004250797024442,0.0,0.0
941,941,-1.191837102488624,565.0,0.5997876857749469,0.0,0.0
942,942,1.504080513096408,565.0,0.5991516436903499,0.0,0.0
943,943,0.3939919871560323,565.0,0.5985169491525424,0.0,0.0
944,944,-1.4089066751317878,565.0,0.5978835978835979,0.0,0.0
945,945,1.6187930136355635,565.0,0.5972515856236786,0.0,0.0
946,946,0.6041368260863027,565.0,0.5966209081309398,0.0,0.0
947,947,-1.2631998277903198,565.0,0.5959915611814346,0.0,0.0
948,948,1.7854718547116557,565.0,0.59536354056902,0.0,0.0
949,949,2.235276404712322,565.0,0.5947368421052631,0.0,0.0
950,950,-1.0090410288805591,565.0,0.594111461619348,0.0,0.0
951,951,0.4374045833815609,565.0,0.5934873949579832,0.0,0.0
952,952,1.5599333877033312,565.0,0.5928646379853095,0.0,0.0
953,953,-1.0948385775150975,565.0,0.5922431865828093,0.0,0.0
954,954,-0.22925315530062,565.0,0.5916230366492147,0.0,0.0
955,955,1.6284746300152009,565.0,0.5910041841004184,0.0,0.0
956,956,0.0461006869466907,565.0,0.5903866248693835,0.0,0.0
957,957,-2.0392536786135005,565.0,0.5897703549060542,0.0,0.0
958,958,0.4445561909897124,565.0,0.5891553701772679,0.0,0.0
959,959,-0.3608427070930444,565.0,0.5885416666666666,0.0,0.0
960,960,-1.1235881980506577,565.0,0.5879292403746098,0.0,0.0
961,961,-1.3085276315765009,565.0,0.5873180873180873,0.0,0.0
962,962,0.7115111364466296,565.0,0.5867082035306335,0.0,0.0
963,963,0.555491659812583,565.0,0.5860995850622407,0.0,0.0
964,964,0.0883286403486565,565.0,0.5854922279792746,0.0,0.0
965,965,0.9680120272042648,565.0,0.5848861283643892,0.0,0.0
966,966,-0.6892236735103637,565.0,0.5842812823164426,0.0,0.0
967,967,-0.3349792126847148,565.0,0.5836776859504132,0.0,0.0
968,968,0.3097382495498532,565.0,0.5830753353973168,0.0,0.0
969,969,-0.4310074535559933,565.0,0.5824742268041238,0.0,0.0
970,970,0.6700088169317127,565.0,0.5818743563336766,0.0,0.0
971,971,0.9312846324124172,565.0,0.581275720164609,0.0,0.0
972,972,-1.1532455128260166,565.0,0.5806783144912642,0.0,0.0
973,973,1.6424955389519955,565.0,0.580082135523614,0.0,0.0
974,974,2.0919987327239307,565.0,0.5794871794871795,0.0,0.0
975,975,-1.8501480095579856,565.0,0.5788934426229508,0.0,0.0
976,976,0.6246010148574895,565.0,0.5783009211873081,0.0,0.0
977,977,1.4958977790341563,565.0,0.5777096114519428,0.0,0.0
978,978,-1.218386084004775,565.0,0.5771195097037793,0.0,0.0
979,979,-0.3285459479705359,565.0,0.576530612244898,0.0,0.0
980,980,2.593497566279354,565.0,0.5759429153924567,0.0,0.0
981,981,-0.8024887170670021,565.0,0.575356415478615,0.0,0.0
982,982,0.6270012935437195,565.0,0.5747711088504578,0.0,0.0
983,983,1.874368192812864,565.0,0.5741869918699187,0.0,0.0
984,984,-1.4538606857064813,565.0,0.5736040609137056,0.0,0.0
985,985,1.0839737935616882,565.0,0.5730223123732252,0.0,0.0
986,986,3.8220785975748255,565.0,0.5724417426545086,0.0,0.0
987,987,-0.3563895828370447,565.0,0.5718623481781376,0.0,0.0
988,988,2.482643154872477,565.0,0.5712841253791708,0.0,0.0
989,989,3.1787762357849467,565.0,0.5707070707070707,0.0,0.0
990,990,-0.6907459884455864,565.0,0.5701311806256307,0.0,0.0
991,991,2.3982435625147476,565.0,0.5695564516129032,0.0,0.0
992,992,3.6307850225680034,565.0,0.5689828801611279,0.0,0.0
993,993,-0.3746882406456713,565.0,0.56841046277666,0.0,0.0
994,994,1.1607820306696497,565.0,0.5678391959798995,0.0,0.0
995,995,1.8653476234938997,565.0,0.5672690763052208,0.0,0.0
996,996,0.0812115072782159,565.0,0.5667001003009027,0.0,0.0
997,997,1.021688067400027,565.0,0.5661322645290581,0.0,0.0
998,998,4.4871332594854785,565.0,0.5655655655655656,0.0,0.0
999,999,-0.3402931785848938,141.0,0.141,0.0,0.0
1000,1000,0.1260945159319993,141.0,0.14085914085914086,0.0,0.0
1001,1001,4.826258863373225,141.0,0.1407185628742515,0.0,0.0
1002,1002,-0.4897820444543846,565.0,0.5633100697906281,0.0,0.0
1003,1003,0.2651082972742476,565.0,0.5627490039840638,0.0,0.0
1004,1004,5.385649193002079,565.0,0.5621890547263682,0.0,0.0
1005,1005,-1.328965969338238,565.0,0.5616302186878728,0.0,0.0
1006,1006,-0.1455156776888914,565.0,0.5610724925521351,0.0,0.0
1007,1007,4.210239627520629,565.0,0.560515873015873,0.0,0.0
1008,1008,-1.828447005414278,565.0,0.5599603567888999,0.0,0.0
1009,1009,-0.7726541244804217,565.0,0.5594059405940595,0.0,0.0
1010,1010,3.4676683695359696,565.0,0.5588526211671613,0.0,0.0
1011,1011,-0.2743411801591544,565.0,0.558300395256917,0.0,0.0
1012,1012,-0.8425092995235338,565.0,0.5577492596248766,0.0,0.0
1013,1013,2.1040858626494456,565.0,0.5571992110453649,0.0,0.0
1014,1014,-0.3871503154138053,565.0,0.5566502463054187,0.0,0.0
1015,1015,-1.431209589918254,565.0,0.5561023622047244,0.0,0.0
1016,1016,1.9462525171001892,565.0,0.5555555555555556,0.0,0.0
1017,1017,-0.4162749095392412,565.0,0.5550098231827112,0.0,0.0
1018,1018,-2.0614432024657545,565.0,0.5544651619234544,0.0,0.0
1019,1019,1.4109555439451469,565.0,0.553921568627451,0.0,0.0
1020,1020,0.1788157236908749,199.0,0.19490695396669933,0.0,0.0
1021,1021,-0.5411904629798809,565.0,0.5528375733855186,0.0,0.0
1022,1022,1.1658975152816342,199.0,0.19452590420332355,0.0,0.0
1023,1023,1.5105391825907604,199.0,0.1943359375,0.0,0.0
1024,1024,0.573777902960318,199.0,0.19414634146341464,0.0,0.0
1025,1025,-0.2530578375417305,199.0,0.19395711500974658,0.0,0.0
1026,1026,0.8449258000241611,199.0,0.1937682570593963,0.0,0.0
1027,1027,-2.702074566094959,199.0,0.193579766536965,0.0,0.0
1028,1028,-1.3405954773160011,141.0,0.13702623906705538,0.0,0.0
1029,1029,0.4451163026247892,141.0,0.13689320388349516,0.0,0.0
1030,1030,-3.3462102876481827,141.0,0.1367604267701261,0.0,0.0
1031,1031,-1.226613092197195,199.0,0.1928294573643411,0.0,0.0
1032,1032,-0.0540596785036155,199.0,0.19264278799612777,0.0,0.0
1033,1033,-2.733092134406141,199.0,0.19245647969052224,0.0,0.0
1034,1034,-1.6701687828440162,199.0,0.19227053140096617,0.0,0.0
1035,1035,0.2857886776975215,141.0,0.1361003861003861,0.0,0.0
1036,1036,-2.392227918541065,199.0,0.1918997107039537,0.0,0.0
1037,1037,-1.3196855640095602,199.0,0.19171483622350674,0.0,0.0
1038,1038,1.1110999827670782,199.0,0.1915303176130895,0.0,0.0
1039,1039,-2.9387402384321897,199.0,0.19134615384615383,0.0,0.0
1040,1040,0.562566542609227,199.0,0.19116234390009607,0.0,0.0
1041,1041,0.9937683953974016,199.0,0.190978886756238,0.0,0.0
1042,1042,-2.263511393800877,199.0,0.19079578139980824,0.0,0.0
1043,1043,0.349283785122374,199.0,0.19061302681992337,0.0,0.0
1044,1044,0.5136728024192134,199.0,0.19043062200956937,0.0,0.0
1045,1045,-3.311357623043329,199.0,0.19024856596558318,0.0,0.0
1046,1046,-0.123826982199371,199.0,0.19006685768863418,0.0,0.0
1047,1047,-0.9414267667094912,199.0,0.1898854961832061,0.0,0.0
1048,1048,-4.219193365023236,199.0,0.18970448045757865,0.0,0.0
1049,1049,1.372766195480527,199.0,0.1895238095238095,0.0,0.0
1050,1050,-0.8435116906521252,199.0,0.18934348239771645,0.0,0.0
1051,1051,-4.045734512639162,199.0,0.18916349809885932,0.0,0.0
1052,1052,0.2090263781288648,199.0,0.1889838556505223,0.0,0.0
1053,1053,-0.8099265243608634,199.0,0.1888045540796964,0.0,0.0
1054,1054,-3.6347124811717113,199.0,0.18862559241706162,0.0,0.0
1055,1055,0.75791920228315,199.0,0.1884469696969697,0.0,0.0
1056,1056,-0.9037667412758836,199.0,0.18826868495742669,0.0,0.0
1057,1057,-3.1105369356104315,199.0,0.1880907372400756,0.0,0.0
1058,1058,1.8396365385965232,199.0,0.18791312559017942,0.0,0.0
1059,1059,-0.3125472583563498,199.0,0.1877358490566038,0.0,0.0
1060,1060,-1.7379698425522454,199.0,0.1875589066918002,0.0,0.0
1061,1061,0.0144216924881555,199.0,0.1873822975517891,0.0,0.0
1062,1062,-0.5862438098568522,199.0,0.187206020696143,0.0,0.0
1063,1063,-0.3962879557300331,199.0,0.18703007518796994,0.0,0.0
1064,1064,0.1629853191154211,199.0,0.18685446009389672,0.0,0.0
1065,1065,0.893298016692421,199.0,0.18667917448405252,0.0,0.0
1066,1066,-0.6224098805861458,199.0,0.18650421743205248,0.0,0.0
1067,1067,1.309161367867972,199.0,0.18632958801498128,0.0,0.0
1068,1068,-1.0226641412724666,199.0,0.186155285313377,0.0,0.0
1069,1069,-1.3011164953400716,199.0,0.18598130841121496,0.0,0.0
1070,1070,1.334295974221009,199.0,0.1858076563958917,0.0,0.0
1071,1071,-2.083092362536333,199.0,0.18563432835820895,0.0,0.0
1072,1072,-3.2028934012657464,199.0,0.18546132339235788,0.0,0.0
1073,1073,1.963456852349728,199.0,0.18528864059590316,0.0,0.0
1074,1074,-0.1284012879524572,199.0,0.18511627906976744,0.0,0.0
1075,1075,-2.565513148137514,199.0,0.18494423791821563,0.0,0.0
1076,1076,0.4119201459046209,199.0,0.18477251624883936,0.0,0.0
1077,1077,-0.1873294457349524,199.0,0.18460111317254174,0.0,0.0
1078,1078,-3.6565206594025934,199.0,0.18443002780352177,0.0,0.0
1079,1079,-1.765808466338701,199.0,0.18425925925925926,0.0,0.0
1080,1080,0.3146851054986376,199.0,0.18408880666049954,0.0,0.0
1081,1081,-2.7900167748122806,199.0,0.18391866913123844,0.0,0.0
1082,1082,-1.5464354346533802,199.0,0.1837488457987073,0.0,0.0
1083,1083,-1.095605681804212,199.0,0.18357933579335795,0.0,0.0
1084,1084,-5.121583796428942,199.0,0.18341013824884791,0.0,0.0
1085,1085,-0.917320950792452,199.0,0.1832412523020258,0.0,0.0
1086,1086,-1.1711030717503814,199.0,0.18307267709291627,0.0,0.0
1087,1087,-3.656844454991636,199.0,0.18290441176470587,0.0,0.0
1088,1088,-2.5412706095324444,199.0,0.1827364554637282,0.0,0.0
1089,1089,-3.5655514306408524,199.0,0.18256880733944955,0.0,0.0
1090,1090,-2.488135126976003,199.0,0.18240146654445463,0.0,0.0
1091,1091,-0.8713699909674835,199.0,0.18223443223443223,0.0,0.0
1092,1092,-2.2576873900851373,199.0,0.18206770356816102,0.0,0.0
1093,1093,-1.7067015899023454,282.0,0.2577696526508227,0.0,0.0
1094,1094,-0.7415586598480123,282.0,0.25753424657534246,0.0,0.0
1095,1095,-1.4903442251767425,199.0,0.18156934306569342,0.0,0.0
1096,1096,-2.2494082751509477,282.0,0.25706472196900637,0.0,0.0
1097,1097,1.3726569924336012,282.0,0.2568306010928962,0.0,0.0
1098,1098,0.174600407000862,199.0,0.181073703366697,0.0,0.0
1099,1099,-3.880510425121448,282.0,0.25636363636363635,0.0,0.0
1100,1100,2.348891840207971,282.0,0.2561307901907357,0.0,0.0
1101,1101,-2.283912385733955,282.0,0.2558983666061706,0.0,0.0
1102,1102,-3.285458799049934,282.0,0.2556663644605621,0.0,0.0
1103,1103,1.6086623745375384,282.0,0.2554347826086957,0.0,0.0
1104,1104,-0.6662804696627411,282.0,0.25520361990950224,0.0,0.0
1105,1105,-2.930169026601128,282.0,0.2549728752260398,0.0,0.0
1106,1106,1.087062078588451,282.0,0.25474254742547425,0.0,0.0
1107,1107,0.5165215464886003,282.0,0.2545126353790614,0.0,0.0
1108,1108,-3.509732656005178,282.0,0.25428313796212804,0.0,0.0
1109,1109,0.0399628051183093,282.0,0.25405405405405407,0.0,0.0
1110,1110,1.7270898346315309,282.0,0.2538253825382538,0.0,0.0
1111,1111,-2.750519326921303,282.0,0.25359712230215825,0.0,0.0
1112,1112,0.0776481573520831,282.0,0.25336927223719674,0.0,0.0
1113,1113,0.8216271915019288,282.0,0.25314183123877915,0.0,0.0
1114,1114,-2.694837089514068,282.0,0.25291479820627805,0.0,0.0
1115,1115,-0.4253305752099695,282.0,0.25268817204301075,0.0,0.0
1116,1116,0.9432634243341832,282.0,0.25246195165622204,0.0,0.0
1117,1117,-2.328517663010897,282.0,0.2522361359570662,0.0,0.0
1118,1118,-0.6140811014629709,199.0,0.1778373547810545,0.0,0.0
1119,1119,0.6838396343764137,199.0,0.17767857142857144,0.0,0.0
1120,1120,-0.6765122055130355,282.0,0.25156110615521854,0.0,0.0
1121,1121,0.0259447104366269,282.0,0.25133689839572193,0.0,0.0
1122,1122,0.936036188706668,282.0,0.25111308993766696,0.0,0.0
1123,1123,-0.7807385498569359,199.0,0.17704626334519574,0.0,0.0
1124,1124,0.2480598394754838,199.0,0.1768888888888889,0.0,0.0
1125,1125,0.732491736362654,199.0,0.17673179396092362,0.0,0.0
1126,1126,-0.5488590307944269,199.0,0.17657497781721385,0.0,0.0
1127,1127,0.5840704985245236,199.0,0.17641843971631205,0.0,0.0
1128,1128,-0.0772800083807028,199.0,0.1762621789193977,0.0,0.0
1129,1129,-1.2626407331721468,282.0,0.24955752212389382,0.0,0.0
1130,1130,-2.020899892931941,282.0,0.2493368700265252,0.0,0.0
1131,1131,-1.3651581005068785,141.0,0.12455830388692579,0.0,0.0
1132,1132,-1.1983370526766646,282.0,0.24889673433362755,0.0,0.0
1133,1133,0.0875313626332496,141.0,0.12433862433862433,0.0,0.0
1134,1134,0.7523860198309349,282.0,0.24845814977973568,0.0,0.0
1135,1135,-1.4139289162852386,282.0,0.2482394366197183,0.0,0.0
1136,1136,-3.065924137055566,282.0,0.24802110817941952,0.0,0.0
1137,1137,0.7976064803637763,282.0,0.2478031634446397,0.0,0.0
1138,1138,-1.02664210394845,282.0,0.247585601404741,0.0,0.0
1139,1139,-1.4183573771636384,282.0,0.24736842105263157,0.0,0.0
1140,1140,-0.2050255132757251,282.0,0.24715162138475022,0.0,0.0
1141,1141,-1.334370878421718,282.0,0.2469352014010508,0.0,0.0
1142,1142,-1.6575839823737677,282.0,0.24671916010498687,0.0,0.0
1143,1143,-0.2960483624980826,282.0,0.2465034965034965,0.0,0.0
1144,1144,-2.56377126850193,282.0,0.2462882096069869,0.0,0.0
1145,1145,-1.2377395271886713,282.0,0.24607329842931938,0.0,0.0
1146,1146,-1.0978324751108692,282.0,0.24585876198779424,0.0,0.0
1147,1147,-2.3074568459676006,282.0,0.2456445993031359,0.0,0.0
1148,1148,-1.33727947710239,282.0,0.2454308093994778,0.0,0.0
1149,1149,-3.3900456745397625,282.0,0.24521739130434783,0.0,0.0
1150,1150,-2.010780172075715,282.0,0.24500434404865334,0.0,0.0
1151,1151,-2.5940740347534263,282.0,0.24479166666666666,0.0,0.0
1152,1152,-4.27018280160074,282.0,0.2445793581960104,0.0,0.0
1153,1153,-2.9842973783241735,282.0,0.24436741767764297,0.0,0.0
1154,1154,-3.9249752357317473,282.0,0.24415584415584415,0.0,0.0
1155,1155,-4.2935020434721265,282.0,0.24394463667820068,0.0,0.0
1156,1156,-5.612731779960303,282.0,0.24373379429559205,0.0,0.0
1157,1157,-4.476445612843724,282.0,0.24352331606217617,0.0,0.0
1158,1158,-4.0032486067956325,282.0,0.24331320103537532,0.0,0.0
1159,1159,-4.9254354297925245,282.0,0.24310344827586206,0.0,0.0
1160,1160,-3.1915880932321734,282.0,0.24289405684754523,0.0,0.0
1161,1161,-2.701460844909786,282.0,0.24268502581755594,0.0,0.0
1162,1162,-3.5903923876234987,282.0,0.24247635425623387,0.0,0.0
1163,1163,-3.2322182156470274,282.0,0.2422680412371134,0.0,0.0
1164,1164,-3.4109109312696644,282.0,0.24206008583690988,0.0,0.0
1165,1165,-5.147196667677255,282.0,0.241852487135506,0.0,0.0
1166,1166,-3.693158589255692,282.0,0.2416452442159383,0.0,0.0
1167,1167,-3.19615869630927,282.0,0.24143835616438356,0.0,0.0
1168,1168,-5.197525536999677,282.0,0.24123182207014543,0.0,0.0
1169,1169,-4.461678992731549,282.0,0.24102564102564103,0.0,0.0
1170,1170,-2.1795355793318074,282.0,0.2408198121263877,0.0,0.0
1171,1171,-2.9761772297370896,282.0,0.24061433447098976,0.0,0.0
1172,1172,-4.433922324153776,282.0,0.24040920716112532,0.0,0.0
1173,1173,-0.7867550340962937,399.0,0.33986371379897784,0.0,0.0
1174,1174,-2.235275963586683,282.0,0.24,0.0,0.0
1175,1175,-5.068226003861794,282.0,0.23979591836734693,0.0,0.0
1176,1176,-0.7284121018480074,282.0,0.23959218351741715,0.0,0.0
1177,1177,-2.7579414282168546,282.0,0.23938879456706283,0.0,0.0
1178,1178,-3.437535495807589,282.0,0.23918575063613232,0.0,0.0
1179,1179,0.4478867072917351,282.0,0.23898305084745763,0.0,0.0
1180,1180,-2.0761593585816236,282.0,0.23878069432684165,0.0,0.0
1181,1181,-3.466578730236606,282.0,0.23857868020304568,0.0,0.0
1182,1182,0.8119156491472586,282.0,0.23837700760777683,0.0,0.0
1183,1183,-1.5732589674368822,282.0,0.23817567567567569,0.0,0.0
1184,1184,-1.919523239740211,282.0,0.2379746835443038,0.0,0.0
1185,1185,1.8320531708981105,282.0,0.23777403035413153,0.0,0.0
1186,1186,-0.653819468696437,282.0,0.2375737152485257,0.0,0.0
1187,1187,-2.9850176102775556,282.0,0.23737373737373738,0.0,0.0
1188,1188,2.2429099248656996,282.0,0.23717409587888982,0.0,0.0
1189,1189,0.4410600280274449,282.0,0.23697478991596638,0.0,0.0
1190,1190,-3.0636483911846444,282.0,0.2367758186397985,0.0,0.0
1191,1191,1.021505574925096,282.0,0.23657718120805368,0.0,0.0
1192,1192,1.0972567017743682,282.0,0.2363788767812238,0.0,0.0
1193,1193,-3.992862799925224,282.0,0.23618090452261306,0.0,0.0
1194,1194,0.3061480224361618,282.0,0.23598326359832636,0.0,0.0
1195,1195,0.5868128690464918,282.0,0.23578595317725753,0.0,0.0
1196,1196,-4.632211034714293,282.0,0.23558897243107768,0.0,0.0
1197,1197,-1.7670490950065605,282.0,0.2353923205342237,0.0,0.0
1198,1198,2.162848019596624,282.0,0.23519599666388658,0.0,0.0
1199,1199,-4.576336866001084,282.0,0.235,0.0,0.0
1200,1200,-5.579117779534252,282.0,0.23480432972522897,0.0,0.0
1201,1201,-3.3233833959306853,282.0,0.23460898502495842,0.0,0.0
1202,1202,-2.9660589408577342,282.0,0.2344139650872818,0.0,0.0
1203,1203,-1.3890335209369769,282.0,0.23421926910299004,0.0,0.0
1204,1204,0.2291568917067705,399.0,0.33112033195020746,0.0,0.0
1205,1205,-0.7707873827740886,399.0,0.3308457711442786,0.0,0.0
1206,1206,0.0064609111817787,399.0,0.33057166528583265,0.0,0.0
1207,1207,0.7574180776365464,399.0,0.3302980132450331,0.0,0.0
1208,1208,-0.2215689653071644,399.0,0.33002481389578164,0.0,0.0
1209,1209,-1.1701401689945434,399.0,0.32975206611570246,0.0,0.0
1210,1210,0.0499124829951256,399.0,0.32947976878612717,0.0,0.0
1211,1211,0.2193643865861018,399.0,0.3292079207920792,0.0,0.0
1212,1212,-0.909261596428326,399.0,0.32893652102225884,0.0,0.0
1213,1213,-1.6323325268879454,399.0,0.328665568369028,0.0,0.0
1214,1214,-1.5025821096895866,399.0,0.32839506172839505,0.0,0.0
1215,1215,-2.1101293102100787,399.0,0.328125,0.0,0.0
1216,1216,-0.0187554110513039,399.0,0.3278553820870994,0.0,0.0
1217,1217,2.158113072502579,399.0,0.3275862068965517,0.0,0.0
1218,1218,2.7910296583170977,399.0,0.3273174733388023,0.0,0.0
1219,1219,2.0773615433487005,141.0,0.11557377049180328,0.0,0.0
1220,1220,0.8158133745899074,399.0,0.32678132678132676,0.0,0.0
1221,1221,0.2564513406554922,399.0,0.3265139116202946,0.0,0.0
1222,1222,2.7095487107584724,399.0,0.32624693376941943,0.0,0.0
1223,1223,3.9424824773903153,399.0,0.32598039215686275,0.0,0.0
1224,1224,2.8324528678077256,399.0,0.32571428571428573,0.0,0.0
1225,1225,2.3460583012566043,399.0,0.3254486133768352,0.0,0.0
1226,1226,3.360455051393302,399.0,0.3251833740831296,0.0,0.0
1227,1227,2.837828180162527,399.0,0.3249185667752443,0.0,0.0
1228,1228,2.3406289254046357,399.0,0.32465419039869814,0.0,0.0
1229,1229,2.8313598059432805,399.0,0.32439024390243903,0.0,0.0
1230,1230,3.609670026582804,399.0,0.3241267262388302,0.0,0.0
1231,1231,3.5086922708341084,399.0,0.32386363636363635,0.0,0.0
1232,1232,5.634335055235413,399.0,0.3236009732360097,0.0,0.0
1233,1233,5.420427434853936,399.0,0.3233387358184765,0.0,0.0
1234,1234,4.8337142039066645,399.0,0.3230769230769231,0.0,0.0
1235,1235,2.7739029199761296,399.0,0.32281553398058255,0.0,0.0
1236,1236,1.6454037948309084,399.0,0.322554567502021,0.0,0.0
1237,1237,1.571119143089678,399.0,0.3222940226171244,0.0,0.0
1238,1238,1.3626509124316015,399.0,0.3220338983050847,0.0,0.0
1239,1239,-0.0173845477102136,399.0,0.3217741935483871,0.0,0.0
1240,1240,2.908258061746027,399.0,0.32151490733279614,0.0,0.0
1241,1241,3.2851711908876005,399.0,0.321256038647343,0.0,0.0
1242,1242,3.4080611894067374,399.0,0.32099758648431215,0.0,0.0
1243,1243,3.065172336939718,399.0,0.3207395498392283,0.0,0.0
1244,1244,2.7323982403084472,399.0,0.3204819277108434,0.0,0.0
1245,1245,0.5600049351460246,399.0,0.3202247191011236,0.0,0.0
1246,1246,0.6970519477038314,399.0,0.3199679230152366,0.0,0.0
1247,1247,-0.3171872016022589,399.0,0.31971153846153844,0.0,0.0
1248,1248,-1.5515031927044698,399.0,0.31945556445156126,0.0,0.0
1249,1249,0.3240330860306251,399.0,0.3192,0.0,0.0
1250,1250,0.3776871972790154,399.0,0.31894484412470026,0.0,0.0
1251,1251,0.7413296217367891,399.0,0.31869009584664537,0.0,0.0
1252,1252,0.621866976509883,399.0,0.31843575418994413,0.0,0.0
1253,1253,0.1575024394759498,399.0,0.3181818181818182,0.0,0.0
1254,1254,-0.9996476981287588,399.0,0.3179282868525896,0.0,0.0
1255,1255,-0.0591086610621901,399.0,0.3176751592356688,0.0,0.0
1256,1256,-1.0110406421701237,399.0,0.31742243436754175,0.0,0.0
1257,1257,-2.0692061770039327,399.0,0.31717011128775835,0.0,0.0
1258,1258,-3.026536237052634,399.0,0.3169181890389198,0.0,0.0
1259,1259,-2.3217745768402023,399.0,0.31666666666666665,0.0,0.0
1260,1260,-1.593701455529621,399.0,0.3164155432196669,0.0,0.0
1261,1261,-0.7469027321486487,399.0,0.3161648177496038,0.0,0.0
1262,1262,-0.7935092668573127,399.0,0.3159144893111639,0.0,0.0
1263,1263,-0.8456807571140452,399.0,0.31566455696202533,0.0,0.0
1264,1264,0.5840420367670414,399.0,0.31541501976284586,0.0,0.0
1265,1265,-0.9057835795388536,399.0,0.31516587677725116,0.0,0.0
1266,1266,-0.1058984231364534,399.0,0.3149171270718232,0.0,0.0
1267,1267,0.1137163465339848,399.0,0.3146687697160883,0.0,0.0
1268,1268,-0.3697028439016957,399.0,0.3144208037825059,0.0,0.0
1269,1269,-1.170472914110927,399.0,0.31417322834645667,0.0,0.0
1270,1270,-2.583651124744189,399.0,0.3139260424862313,0.0,0.0
1271,1271,-3.8177237772049626,399.0,0.3136792452830189,0.0,0.0
1272,1272,-4.624405993178886,399.0,0.31343283582089554,0.0,0.0
1273,1273,-4.559204470043234,399.0,0.3131868131868132,0.0,0.0
1274,1274,-2.10770138345782,399.0,0.3129411764705882,0.0,0.0
1275,1275,-2.6323093995932796,399.0,0.3126959247648903,0.0,0.0
1276,1276,-2.5960766744262793,399.0,0.312451057165231,0.0,0.0
1277,1277,-2.8131151773529397,399.0,0.31220657276995306,0.0,0.0
1278,1278,-4.005247770560681,399.0,0.31196247068021893,0.0,0.0
1279,1279,-4.589344832436077,399.0,0.31171875,0.0,0.0
1280,1280,-2.6803335403285824,399.0,0.3114754098360656,0.0,0.0
1281,1281,-2.4638098480153325,399.0,0.3112324492979719,0.0,0.0
1282,1282,-3.778572313161989,399.0,0.31098986749805146,0.0,0.0
1283,1283,-5.51421777947443,399.0,0.3107476635514019,0.0,0.0
1284,1284,-3.6559175052322304,399.0,0.3105058365758755,0.0,0.0
1285,1285,-3.689489059703328,399.0,0.31026438569206843,0.0,0.0
1286,1286,-4.759680462664975,399.0,0.31002331002331,0.0,0.0
1287,1287,-3.5826816536830677,399.0,0.30978260869565216,0.0,0.0
1288,1288,-3.5421008577712803,399.0,0.3095422808378588,0.0,0.0
1289,1289,-3.909319699258491,399.0,0.30930232558139537,0.0,0.0
1290,1290,-3.635998464316097,399.0,0.3090627420604183,0.0,0.0
1291,1291,-1.9516697887310896,399.0,0.3088235294117647,0.0,0.0
1292,1292,-2.768569094203497,399.0,0.308584686774942,0.0,0.0
1293,1293,-1.7535735558815817,399.0,0.3083462132921175,0.0,0.0
1294,1294,-1.4884033213486765,399.0,0.3081081081081081,0.0,0.0
1295,1295,-1.9154649429353328,399.0,0.30787037037037035,0.0,0.0
1296,1296,-0.1869526339216725,399.0,0.30763299922898996,0.0,0.0
1297,1297,-0.534337829726034,399.0,0.3073959938366718,0.0,0.0
1298,1298,-0.3226370427264328,399.0,0.3071593533487298,0.0,0.0
1299,1299,-0.7657714441400769,399.0,0.3069230769230769,0.0,0.0
1300,1300,-1.9979424339317609,399.0,0.3066871637202152,0.0,0.0
1301,1301,-1.4724368120086109,399.0,0.3064516129032258,0.0,0.0
1302,1302,-2.4102967163707816,399.0,0.306216423637759,0.0,0.0
1303,1303,-0.4285404567316815,399.0,0.30598159509202455,0.0,0.0
1304,1304,1.1423324350941988,399.0,0.3057471264367816,0.0,0.0
1305,1305,0.443702717655337,399.0,0.3055130168453293,0.0,0.0
1306,1306,-0.1719772028894451,399.0,0.30527926549349654,0.0,0.0
1307,1307,-0.9643477153870968,399.0,0.30504587155963303,0.0,0.0
1308,1308,0.8684675544646866,399.0,0.3048128342245989,0.0,0.0
1309,1309,-0.4137237399990048,399.0,0.3045801526717557,0.0,0.0
1310,1310,-1.4856859725664977,399.0,0.30434782608695654,0.0,0.0
1311,1311,-2.2857687621837313,399.0,0.3041158536585366,0.0,0.0
1312,1312,-2.962563808801079,399.0,0.3038842345773039,0.0,0.0
1313,1313,-1.224680677009836,399.0,0.3036529680365297,0.0,0.0
1314,1314,-1.5248405808124563,399.0,0.30342205323193916,0.0,0.0
1315,1315,-1.2194846264188826,399.0,0.30319148936170215,0.0,0.0
1316,1316,-1.302245483364713,399.0,0.30296127562642367,0.0,0.0
1317,1317,-1.359259553858162,399.0,0.30273141122913505,0.0,0.0
1318,1318,0.7512719750153434,399.0,0.3025018953752843,0.0,0.0
1319,1319,2.461115680883644,399.0,0.30227272727272725,0.0,0.0
1320,1320,2.7465998307045103,399.0,0.3020439061317184,0.0,0.0
1321,1321,1.8582005363576632,399.0,0.30181543116490167,0.0,0.0
1322,1322,4.058276846208483,399.0,0.30158730158730157,0.0,0.0
1323,1323,3.816638254727931,399.0,0.3013595166163142,0.0,0.0
1324,1324,2.5812803664817743,399.0,0.3011320754716981,0.0,0.0
1325,1325,1.585606495368694,399.0,0.3009049773755656,0.0,0.0
1326,1326,1.5471318667796277,399.0,0.3006782215523738,0.0,0.0
1327,1327,2.1505774236811055,399.0,0.3004518072289157,0.0,0.0
1328,1328,-0.8271814199043162,399.0,0.3002257336343115,0.0,0.0
1329,1329,-0.3197225732729069,282.0,0.21203007518796993,0.0,0.0
1330,1330,-0.3359079030166044,565.0,0.42449286250939144,0.0,0.0
1331,1331,0.2232916498145999,565.0,0.4241741741741742,0.0,0.0
1332,1332,-0.676841678961442,565.0,0.42385596399099773,0.0,0.0
1333,1333,0.3834610340132105,565.0,0.4235382308845577,0.0,0.0
1334,1334,-0.1323756674859614,199.0,0.149063670411985,0.0,0.0
1335,1335,1.0143826783973082,565.0,0.42290419161676646,0.0,0.0
1336,1336,3.2635522084760566,199.0,0.14884068810770382,0.0,0.0
1337,1337,3.212421499381404,199.0,0.14872944693572496,0.0,0.0
1338,1338,3.3057427918261952,565.0,0.42195668409260645,0.0,0.0
1339,1339,3.3616159857474135,199.0,0.14850746268656717,0.0,0.0
1340,1340,1.4037947974940022,199.0,0.14839671886651754,0.0,0.0
1341,1341,1.8050813392145943,199.0,0.1482861400894188,0.0,0.0
1342,1342,0.1724795419448384,565.0,0.4206999255398362,0.0,0.0
1343,1343,-2.349053575038577,565.0,0.42038690476190477,0.0,0.0
1344,1344,-2.1450726640680817,199.0,0.1479553903345725,0.0,0.0
1345,1345,-1.278550067164687,199.0,0.14784546805349183,0.0,0.0
1346,1346,-2.046283761648648,199.0,0.147735708982925,0.0,0.0
1347,1347,-3.5446219911931385,199.0,0.1476261127596439,0.0,0.0
1348,1348,-1.8717344448652504,199.0,0.1475166790214974,0.0,0.0
1349,1349,-3.357445362319872,199.0,0.1474074074074074,0.0,0.0
1350,1350,-2.016854040483699,565.0,0.41820873427091043,0.0,0.0
1351,1351,-2.1707230500648587,199.0,0.14718934911242604,0.0,0.0
1352,1352,-3.1483114663253335,565.0,0.41759053954175906,0.0,0.0
1353,1353,-2.6052798529993897,565.0,0.4172821270310192,0.0,0.0
1354,1354,-4.901486978520044,565.0,0.41697416974169743,0.0,0.0
1355,1355,-5.241988824509738,565.0,0.4166666666666667,0.0,0.0
1356,1356,-4.851522433996057,199.0,0.1466470154753132,0.0,0.0
1357,1357,-4.588999567491074,199.0,0.14653902798232696,0.0,0.0
1358,1358,-2.9092456226732573,565.0,0.4157468727005151,0.0,0.0
1359,1359,-3.807412917605282,199.0,0.1463235294117647,0.0,0.0
1360,1360,-3.0029643733461464,565.0,0.4151359294636297,0.0,0.0
1361,1361,-2.9937821876390824,199.0,0.1461086637298091,0.0,0.0
1362,1362,-2.050602130124698,565.0,0.4145267791636097,0.0,0.0
1363,1363,-1.5549043290594615,565.0,0.4142228739002933,0.0,0.0
1364,1364,-0.352182985093034,565.0,0.4139194139194139,0.0,0.0
1365,1365,-0.5125826165554462,565.0,0.4136163982430454,0.0,0.0
1366,1366,0.901891108106443,565.0,0.4133138258961229,0.0,0.0
1367,1367,0.7860217046724794,199.0,0.14546783625730994,0.0,0.0
1368,1368,-0.0493189359874095,565.0,0.4127100073046019,0.0,0.0
1369,1369,-0.0008282857743033,565.0,0.4124087591240876,0.0,0.0
1370,1370,0.1314563477011984,565.0,0.41210795040116704,0.0,0.0
1371,1371,1.6288003344275277,565.0,0.41180758017492713,0.0,0.0
1372,1372,0.2904311109791744,565.0,0.4115076474872542,0.0,0.0
1373,1373,0.2901000544597167,565.0,0.41120815138282385,0.0,0.0
1374,1374,-0.9929267282315084,199.0,0.14472727272727273,0.0,0.0
1375,1375,0.035389062594053,199.0,0.14462209302325582,0.0,0.0
1376,1376,0.8988845820690156,565.0,0.4103122730573711,0.0,0.0
1377,1377,1.4371241253719438,199.0,0.1444121915820029,0.0,0.0
1378,1378,-0.1237135121121004,199.0,0.14430746918056564,0.0,0.0
1379,1379,-1.177309074949916,565.0,0.40942028985507245,0.0,0.0
1380,1380,-1.147516640620699,565.0,0.4091238233164374,0.0,0.0
1381,1381,-0.6786203951997241,565.0,0.40882778581765555,0.0,0.0
1382,1382,0.0779657667414718,565.0,0.40853217642805495,0.0,0.0
1383,1383,-0.4284615207889732,565.0,0.4082369942196532,0.0,0.0
1384,1384,-0.2496845277389666,565.0,0.40794223826714804,0.0,0.0
1385,1385,-0.6017148723876349,565.0,0.40764790764790765,0.0,0.0
1386,1386,-1.0475243750393266,565.0,0.40735400144196104,0.0,0.0
1387,1387,-1.2963499329528263,565.0,0.40706051873198845,0.0,0.0
1388,1388,-2.274605626981635,565.0,0.40676745860331176,0.0,0.0
1389,1389,-1.11951411496262,282.0,0.20287769784172663,0.0,0.0
1390,1390,0.3527632936820042,565.0,0.40618260244428467,0.0,0.0
1391,1391,0.8735460196483971,565.0,0.40589080459770116,0.0,0.0
1392,1392,0.3263462655782267,282.0,0.2024407753050969,0.0,0.0
1393,1393,1.7776967316530752,565.0,0.4053084648493544,0.0,0.0
1394,1394,0.6491138319338035,199.0,0.14265232974910394,0.0,0.0
1395,1395,1.7482865161811747,282.0,0.2020057306590258,0.0,0.0
1396,1396,2.5646393602016113,282.0,0.20186113099498926,0.0,0.0
1397,1397,3.550034413562176,282.0,0.2017167381974249,0.0,0.0
1398,1398,1.500481900289642,282.0,0.2015725518227305,0.0,0.0
1399,1399,1.7612992304646242,282.0,0.20142857142857143,0.0,0.0
1400,1400,1.1329885751673157,282.0,0.2012847965738758,0.0,0.0
1401,1401,1.8407184436997024,282.0,0.20114122681883023,0.0,0.0
1402,1402,1.875792715961155,282.0,0.20099786172487527,0.0,0.0
1403,1403,-0.3935742864097526,282.0,0.20085470085470086,0.0,0.0
1404,1404,0.3442318388720533,282.0,0.200711743772242,0.0,0.0
1405,1405,2.1474820387719644,282.0,0.20056899004267426,0.0,0.0
1406,1406,2.426058643429976,282.0,0.20042643923240938,0.0,0.0
1407,1407,2.991972379061888,282.0,0.2002840909090909,0.0,0.0
1408,1408,2.9346375758461316,282.0,0.20014194464158977,0.0,0.0
1409,1409,3.252972725226059,282.0,0.2,0.0,0.0
1410,1410,2.497787204659282,282.0,0.1998582565556343,0.0,0.0
1411,1411,4.012502028219892,282.0,0.19971671388101983,0.0,0.0
1412,1412,6.048219850162006,282.0,0.19957537154989385,0.0,0.0
1413,1413,4.853641106745599,282.0,0.19943422913719944,0.0,0.0
1414,1414,5.032128492758677,282.0,0.19929328621908127,0.0,0.0
1415,1415,4.327833136139864,282.0,0.19915254237288135,0.0,0.0
1416,1416,5.709527540709121,282.0,0.1990119971771348,0.0,0.0
1417,1417,5.571479822740339,282.0,0.19887165021156558,0.0,0.0
1418,1418,6.0714577010742845,282.0,0.19873150105708245,0.0,0.0
1419,1419,5.499668412327658,282.0,0.19859154929577466,0.0,0.0
1420,1420,6.284812287285795,282.0,0.1984517945109078,0.0,0.0
1421,1421,6.678343646577234,282.0,0.19831223628691982,0.0,0.0
1422,1422,6.610353003908315,282.0,0.19817287420941673,0.0,0.0
1423,1423,6.775274532849511,282.0,0.19803370786516855,0.0,0.0
1424,1424,4.910376566242434,282.0,0.19789473684210526,0.0,0.0
1425,1425,5.540397160747633,282.0,0.19775596072931276,0.0,0.0
1426,1426,4.220856548931113,282.0,0.19761737911702873,0.0,0.0
1427,1427,3.459147559885914,282.0,0.19747899159663865,0.0,0.0
1428,1428,3.374475294509681,282.0,0.1973407977606718,0.0,0.0
1429,1429,3.9695737150787953,282.0,0.1972027972027972,0.0,0.0
1430,1430,4.643663596118305,282.0,0.1970649895178197,0.0,0.0
1431,1431,4.653478053498253,282.0,0.19692737430167598,0.0,0.0
1432,1432,4.633186072832064,282.0,0.19678995115143055,0.0,0.0
1433,1433,5.08858793290324,282.0,0.19665271966527198,0.0,0.0
1434,1434,3.968023042816892,282.0,0.19651567944250872,0.0,0.0
1435,1435,3.8183621175155062,282.0,0.19637883008356546,0.0,0.0
1436,1436,2.969848113192791,565.0,0.39318023660403617,0.0,0.0
1437,1437,1.1364143116710337,282.0,0.19610570236439498,0.0,0.0
1438,1438,0.0334931870021972,282.0,0.1959694232105629,0.0,0.0
1439,1439,1.2559218248015152,282.0,0.19583333333333333,0.0,0.0
1440,1440,0.6304063485801771,282.0,0.19569743233865372,0.0,0.0
1441,1441,-0.9953732226543148,282.0,0.1955617198335645,0.0,0.0
1442,1442,-0.7737674473930264,282.0,0.19542619542619544,0.0,0.0
1443,1443,-1.2444132223057405,282.0,0.19529085872576177,0.0,0.0
1444,1444,-1.553409409302675,282.0,0.19515570934256055,0.0,0.0
1445,1445,-1.6961321239732754,565.0,0.39073305670816044,0.0,0.0
1446,1446,-1.2251807178276246,282.0,0.19488597097442986,0.0,0.0
1447,1447,-0.8864122014810292,282.0,0.19475138121546962,0.0,0.0
1448,1448,-0.93323154007093,282.0,0.19461697722567287,0.0,0.0
1449,1449,-0.6239390675383768,282.0,0.19448275862068964,0.0,0.0
1450,1450,-0.6320634607356036,282.0,0.1943487250172295,0.0,0.0
1451,1451,-0.1875536632750597,282.0,0.19421487603305784,0.0,0.0
1452,1452,0.5774460651852551,282.0,0.19408121128699243,0.0,0.0
1453,1453,0.4962871510024889,282.0,0.1939477303988996,0.0,0.0
1454,1454,2.471104035628926,282.0,0.19381443298969073,0.0,0.0
1455,1455,1.3116898928724874,282.0,0.1936813186813187,0.0,0.0
1456,1456,0.7803552699242913,282.0,0.1935483870967742,0.0,0.0
1457,1457,0.6257644040749886,282.0,0.1934156378600823,0.0,0.0
1458,1458,1.989031854705833,282.0,0.19328307059629884,0.0,0.0
1459,1459,2.8985000994447256,282.0,0.19315068493150686,0.0,0.0
1460,1460,3.1207714034406657,282.0,0.19301848049281314,0.0,0.0
1461,1461,2.190923729205946,282.0,0.19288645690834474,0.0,0.0
1462,1462,2.602309796337584,282.0,0.19275461380724537,0.0,0.0
1463,1463,2.4909827879415456,282.0,0.19262295081967212,0.0,0.0
1464,1464,2.133480433523621,282.0,0.1924914675767918,0.0,0.0
1465,1465,3.3270756430884765,282.0,0.19236016371077763,0.0,0.0
1466,1466,4.6992042654762125,282.0,0.19222903885480572,0.0,0.0
1467,1467,4.767807634641701,282.0,0.19209809264305178,0.0,0.0
1468,1468,3.910733883638985,282.0,0.19196732471068753,0.0,0.0
1469,1469,4.022009354683879,399.0,0.2714285714285714,0.0,0.0
1470,1470,2.8898381673201627,282.0,0.19170632222977566,0.0,0.0
1471,1471,1.3389023028825358,282.0,0.19157608695652173,0.0,0.0
1472,1472,-0.4287940011595093,399.0,0.2708757637474542,0.0,0.0
1473,1473,-0.5274923682456724,282.0,0.19131614654002713,0.0,0.0
1474,1474,-0.7240986607466919,399.0,0.2705084745762712,0.0,0.0
1475,1475,-1.386873890653316,399.0,0.2703252032520325,0.0,0.0
1476,1476,-1.7677284707596497,399.0,0.27014218009478674,0.0,0.0
1477,1477,-1.93572963308098,282.0,0.19079837618403248,0.0,0.0
1478,1478,-2.847908492152051,282.0,0.19066937119675456,0.0,0.0
1479,1479,-2.2621603563909445,399.0,0.2695945945945946,0.0,0.0
1480,1480,-0.5416361874856173,282.0,0.19041188386225524,0.0,0.0
1481,1481,-0.7929264222900032,282.0,0.1902834008097166,0.0,0.0
1482,1482,-2.459196011796275,399.0,0.26904922454484154,0.0,0.0
1483,1483,-2.322441068845775,399.0,0.2688679245283019,0.0,0.0
1484,1484,-1.956220900399139,399.0,0.2686868686868687,0.0,0.0
1485,1485,-1.2243046734906695,399.0,0.26850605652759085,0.0,0.0
1486,1486,-0.1132985984963057,282.0,0.18964357767316745,0.0,0.0
1487,1487,0.6490729424181121,399.0,0.26814516129032256,0.0,0.0
1488,1488,1.626006384020794,399.0,0.2679650772330423,0.0,0.0
1489,1489,1.4240620428824873,399.0,0.2677852348993289,0.0,0.0
1490,1490,1.6822260881549105,399.0,0.2676056338028169,0.0,0.0
1491,1491,0.8780529413046373,282.0,0.18900804289544235,0.0,0.0
1492,1492,0.3660059766359319,282.0,0.18888144675150703,0.0,0.0
1493,1493,1.1421003038424873,399.0,0.26706827309236947,0.0,0.0
1494,1494,0.8323537949137654,399.0,0.26688963210702343,0.0,0.0
1495,1495,-0.6662664786838768,399.0,0.2667112299465241,0.0,0.0
1496,1496,-2.4861899067466138,399.0,0.2665330661322645,0.0,0.0
1497,1497,-1.5332491208249874,399.0,0.26635514018691586,0.0,0.0
1498,1498,-1.78105878466305,399.0,0.26617745163442297,0.0,0.0
1499,1499,-2.1857778496780065,399.0,0.266,0.0,0.0
1500,1500,-2.80415420383235,399.0,0.26582278481012656,0.0,0.0
1501,1501,-2.1840664608059877,399.0,0.26564580559254325,0.0,0.0
1502,1502,-2.123184173161348,399.0,0.2654690618762475,0.0,0.0
1503,1503,-2.240197056147375,399.0,0.26529255319148937,0.0,0.0
1504,1504,-2.3724288654759755,399.0,0.2651162790697674,0.0,0.0
1505,1505,-2.3707233016441256,399.0,0.2649402390438247,0.0,0.0
1506,1506,-1.3145014088883946,399.0,0.2647644326476443,0.0,0.0
1507,1507,-1.0639128361294945,399.0,0.2645888594164456,0.0,0.0
1508,1508,0.2710429999863817,399.0,0.2644135188866799,0.0,0.0
1509,1509,-1.6720003263402408,399.0,0.2642384105960265,0.0,0.0
1510,1510,-2.2406804285391546,399.0,0.2640635340833885,0.0,0.0
1511,1511,-1.246195432603183,399.0,0.2638888888888889,0.0,0.0
1512,1512,-1.896938963010825,399.0,0.2637144745538665,0.0,0.0
1513,1513,-1.944073749792261,399.0,0.26354029062087186,0.0,0.0
1514,1514,-2.1560860581070367,399.0,0.2633663366336634,0.0,0.0
1515,1515,-1.8944584492069416,399.0,0.2631926121372032,0.0,0.0
1516,1516,-1.4552234954074077,399.0,0.26301911667765326,0.0,0.0
1517,1517,0.5590459042389873,399.0,0.2628458498023715,0.0,0.0
1518,1518,1.4287744346917115,399.0,0.2626728110599078,0.0,0.0
1519,1519,1.4379723722946252,399.0,0.2625,0.0,0.0
1520,1520,1.8237108758960876,399.0,0.26232741617357,0.0,0.0
1521,1521,2.179536400492066,399.0,0.2621550591327201,0.0,0.0
1522,1522,1.975580569937,399.0,0.26198292843072885,0.0,0.0
1523,1523,1.2175522482146075,399.0,0.2618110236220472,0.0,0.0
1524,1524,1.571907029904854,399.0,0.26163934426229507,0.0,0.0
1525,1525,2.0992717267601484,399.0,0.26146788990825687,0.0,0.0
1526,1526,1.2477282777340588,399.0,0.26129666011787817,0.0,0.0
1527,1527,1.0440932053010032,399.0,0.26112565445026176,0.0,0.0
1528,1528,1.3864715381819033,399.0,0.26095487246566385,0.0,0.0
1529,1529,1.6505666806789048,399.0,0.2607843137254902,0.0,0.0
1530,1530,3.175521252849678,399.0,0.2606139777922926,0.0,0.0
1531,1531,2.6574081294782315,399.0,0.260443864229765,0.0,0.0
1532,1532,1.7588551657847709,399.0,0.2602739726027397,0.0,0.0
1533,1533,2.112872837464584,399.0,0.26010430247718386,0.0,0.0
1534,1534,0.9639968951226058,399.0,0.25993485342019546,0.0,0.0
1535,1535,0.6917242315275614,399.0,0.259765625,0.0,0.0
1536,1536,-1.1892252514068833,399.0,0.25959661678594664,0.0,0.0
1537,1537,-0.6311815360768543,399.0,0.25942782834850453,0.0,0.0
1538,1538,1.673531965451282,399.0,0.25925925925925924,0.0,0.0
1539,1539,1.0782818220796997,399.0,0.2590909090909091,0.0,0.0
1540,1540,0.6328885295951291,399.0,0.2589227774172615,0.0,0.0
1541,1541,1.1567740157502795,399.0,0.2587548638132296,0.0,0.0
1542,1542,2.0149448917589883,399.0,0.25858716785482827,0.0,0.0
1543,1543,0.2490244643904031,399.0,0.25841968911917096,0.0,0.0
1544,1544,0.0065678846012478,399.0,0.258252427184466,0.0,0.0
1545,1545,0.1230328759906985,399.0,0.25808538163001293,0.0,0.0
1546,1546,0.124593770091899,399.0,0.2579185520361991,0.0,0.0
1547,1547,0.3692687853220238,399.0,0.25775193798449614,0.0,0.0
1548,1548,0.1509322644330958,399.0,0.2575855390574564,0.0,0.0
1549,1549,-0.1222948172230221,399.0,0.2574193548387097,0.0,0.0
1550,1550,-1.2097443897673608,399.0,0.2572533849129594,0.0,0.0
1551,1551,0.5397284610572854,399.0,0.25708762886597936,0.0,0.0
1552,1552,0.4718391770793133,399.0,0.25692208628461044,0.0,0.0
1553,1553,1.507337808933154,399.0,0.25675675675675674,0.0,0.0
1554,1554,1.2806467138982256,399.0,0.2565916398713826,0.0,0.0
1555,1555,1.2672635357713729,399.0,0.256426735218509,0.0,0.0
1556,1556,1.0115368520753958,399.0,0.25626204238921,0.0,0.0
1557,1557,1.4926934538018912,399.0,0.25609756097560976,0.0,0.0
1558,1558,1.397352009969489,399.0,0.25593329057087877,0.0,0.0
1559,1559,-0.2304990490651277,399.0,0.25576923076923075,0.0,0.0
1560,1560,2.3710634418397536,399.0,0.2556053811659193,0.0,0.0
1561,1561,2.3417036670567613,399.0,0.2554417413572343,0.0,0.0
1562,1562,1.432786691399393,399.0,0.255278310940499,0.0,0.0
1563,1563,-0.1329407566257419,399.0,0.2551150895140665,0.0,0.0
1564,1564,-0.868716079673045,399.0,0.2549520766773163,0.0,0.0
1565,1565,-1.0086960199515322,399.0,0.2547892720306513,0.0,0.0
1566,1566,-1.826049720879927,399.0,0.2546266751754946,0.0,0.0
1567,1567,-1.0946063240454005,399.0,0.2544642857142857,0.0,0.0
1568,1568,-2.4831394046616273,399.0,0.25430210325047803,0.0,0.0
1569,1569,-2.1533663213929253,399.0,0.25414012738853503,0.0,0.0
1570,1570,-1.7363673413968748,399.0,0.25397835773392746,0.0,0.0
1571,1571,-2.607964575737616,399.0,0.2538167938931298,0.0,0.0
1572,1572,-3.440181238054327,399.0,0.2536554354736173,0.0,0.0
1573,1573,-3.9692621193041537,399.0,0.25349428208386277,0.0,0.0
1574,1574,-3.530985740808305,399.0,0.25333333333333335,0.0,0.0
1575,1575,-3.622687252850917,399.0,0.25317258883248733,0.0,0.0
1576,1576,-3.7362692999786855,399.0,0.25301204819277107,0.0,0.0
1577,1577,-3.18899904313775,399.0,0.25285171102661597,0.0,0.0
1578,1578,-1.8552595070964029,399.0,0.2526915769474351,0.0,0.0
1579,1579,-2.353228377834937,399.0,0.25253164556962027,0.0,0.0
1580,1580,-3.326274482514088,399.0,0.2523719165085389,0.0,0.0
1581,1581,-3.192407734907348,399.0,0.252212389380531,0.0,0.0
1582,1582,-3.0585699571690568,399.0,0.2520530638029059,0.0,0.0
1583,1583,-1.6243607058852785,399.0,0.2518939393939394,0.0,0.0
1584,1584,-0.6610911822831192,399.0,0.25173501577287066,0.0,0.0
1585,1585,-0.4597874430060041,399.0,0.2515762925598991,0.0,0.0
1586,1586,-1.085826841899021,399.0,0.2514177693761815,0.0,0.0
1587,1587,0.3439658001786055,399.0,0.2512594458438287,0.0,0.0
1588,1588,-0.1889859837239737,399.0,0.2511013215859031,0.0,0.0
1589,1589,0.3887377564577878,399.0,0.2509433962264151,0.0,0.0
1590,1590,0.9846908034551464,399.0,0.25078566939032054,0.0,0.0
1591,1591,1.9234661781893272,399.0,0.2506281407035176,0.0,0.0
1592,1592,1.2713424917832774,399.0,0.2504708097928437,0.0,0.0
1593,1593,2.907534792431002,399.0,0.25031367628607276,0.0,0.0
1594,1594,3.8380298573378138,399.0,0.2501567398119122,0.0,0.0
1595,1595,3.4491351171057008,399.0,0.25,0.0,0.0
1596,1596,3.1956258846975394,399.0,0.2498434564809017,0.0,0.0
1597,1597,1.3416061268565471,399.0,0.24968710888610762,0.0,0.0
1598,1598,1.7775096860741342,399.0,0.24953095684803,0.0,0.0
1599,1599,2.4034620182187627,565.0,0.353125,0.0,0.0
1600,1600,1.546060998499374,565.0,0.3529044347282948,0.0,0.0
1601,1601,1.6240595934217106,565.0,0.35268414481897625,0.0,0.0
1602,1602,0.6338638525374596,399.0,0.24890829694323144,0.0,0.0
1603,1603,3.242641744092853,565.0,0.35224438902743144,0.0,0.0
1604,1604,2.533170470643185,399.0,0.2485981308411215,0.0,0.0
1605,1605,2.548216008678937,565.0,0.3518057285180573,0.0,0.0
1606,1606,2.9941716684326467,565.0,0.35158680771624146,0.0,0.0
1607,1607,2.5308001317151465,399.0,0.24813432835820895,0.0,0.0
1608,1608,2.870310176418614,399.0,0.24798011187072716,0.0,0.0
1609,1609,3.651167152427046,565.0,0.35093167701863354,0.0,0.0
1610,1610,5.419101623950814,565.0,0.3507138423339541,0.0,0.0
1611,1611,6.163974999818486,565.0,0.35049627791563276,0.0,0.0
1612,1612,7.963781060616464,399.0,0.24736515809051457,0.0,0.0
1613,1613,6.320253255687941,565.0,0.3500619578686493,0.0,0.0
1614,1614,5.227418945781271,399.0,0.24705882352941178,0.0,0.0
1615,1615,3.885548062260445,565.0,0.3496287128712871,0.0,0.0
1616,1616,3.717294401291,565.0,0.3494124922696351,0.0,0.0
1617,1617,3.0710489692667853,399.0,0.2466007416563659,0.0,0.0
1618,1618,2.511501782036632,399.0,0.2464484249536751,0.0,0.0
1619,1619,2.4950936265473347,399.0,0.2462962962962963,0.0,0.0
1620,1620,2.6749179139470156,565.0,0.34855027760641577,0.0,0.0
1621,1621,1.7012069413173443,565.0,0.34833538840937117,0.0,0.0
1622,1622,1.804911109990185,565.0,0.348120764017252,0.0,0.0
1623,1623,1.7329207274838645,565.0,0.3479064039408867,0.0,0.0
1624,1624,1.5020905752630225,565.0,0.3476923076923077,0.0,0.0
1625,1625,2.67573895808386,565.0,0.34747847478474786,0.0,0.0
1626,1626,0.8074617639813955,565.0,0.34726490473263677,0.0,0.0
1627,1627,0.3646871543393079,565.0,0.34705159705159705,0.0,0.0
1628,1628,-0.1009384259100772,565.0,0.34683855125844076,0.0,0.0
1629,1629,-0.4529354268195985,565.0,0.34662576687116564,0.0,0.0
1630,1630,-0.8032682868193295,565.0,0.3464132434089516,0.0,0.0
1631,1631,-1.4053259440747017,565.0,0.34620098039215685,0.0,0.0
1632,1632,-1.7987557481506116,565.0,0.34598897734231476,0.0,0.0
1633,1633,-1.05627965335678,565.0,0.34577723378212977,0.0,0.0
1634,1634,-0.459681491322766,565.0,0.345565749235474,0.0,0.0
1635,1635,-1.639656798029874,565.0,0.34535452322738386,0.0,0.0
1636,1636,-3.245121652259605,565.0,0.3451435552840562,0.0,0.0
1637,1637,-3.5365480674432184,565.0,0.34493284493284493,0.0,0.0
1638,1638,-4.887868668305996,565.0,0.3447223917022575,0.0,0.0
1639,1639,-4.2525914919234715,565.0,0.3445121951219512,0.0,0.0
1640,1640,-3.64274879748946,565.0,0.34430225472273,0.0,0.0
1641,1641,-5.1889259687828115,565.0,0.3440925700365408,0.0,0.0
1642,1642,-4.229516456676549,565.0,0.34388314059646985,0.0,0.0
1643,1643,-4.0073560065060825,565.0,0.34367396593673966,0.0,0.0
1644,1644,-4.750509085473558,565.0,0.3434650455927052,0.0,0.0
1645,1645,-3.3140503550394502,565.0,0.34325637910085055,0.0,0.0
1646,1646,-0.8776628195647556,565.0,0.3430479659987857,0.0,0.0
1647,1647,-0.920488117353133,565.0,0.3428398058252427,0.0,0.0
1648,1648,-0.5566349429177126,565.0,0.3426318981200728,0.0,0.0
1649,1649,-1.4357432006657314,565.0,0.3424242424242424,0.0,0.0
1650,1650,-0.7849269038219526,565.0,0.3422168382798304,0.0,0.0
1651,1651,-1.0280184721779322,565.0,0.34200968523002423,0.0,0.0
1652,1652,-0.2334384724576568,565.0,0.34180278281911675,0.0,0.0
1653,1653,-0.2905571129165566,565.0,0.34159613059250304,0.0,0.0
1654,1654,0.1481631279693098,565.0,0.3413897280966767,0.0,0.0
1655,1655,-0.2550825582009053,565.0,0.34118357487922707,0.0,0.0
1656,1656,-1.5022018918391584,565.0,0.34097767048883526,0.0,0.0
1657,1657,-0.8622938743711521,565.0,0.3407720144752714,0.0,0.0
1658,1658,1.023276387013195,565.0,0.3405666063893912,0.0,0.0
1659,1659,-1.292127525406665,565.0,0.34036144578313254,0.0,0.0
1660,1660,-0.7727543296778627,565.0,0.34015653220951236,0.0,0.0
1661,1661,-1.5507651367472337,565.0,0.33995186522262333,0.0,0.0
1662,1662,-2.674840227122012,565.0,0.33974744437763077,0.0,0.0
1663,1663,-2.112576447773552,565.0,0.3395432692307692,0.0,0.0
1664,1664,-1.9609061972415824,565.0,0.33933933933933935,0.0,0.0
1665,1665,-1.5615576998759586,565.0,0.33913565426170467,0.0,0.0
1666,1666,-0.9914353100892448,565.0,0.33893221355728853,0.0,0.0
1667,1667,-2.6545014471232347,565.0,0.33872901678657075,0.0,0.0
1668,1668,-0.8627813694075226,565.0,0.3385260635110845,0.0,0.0
1669,1669,0.6079404666358063,565.0,0.3383233532934132,0.0,0.0
1670,1670,-0.0077364234436191,565.0,0.3381208856971873,0.0,0.0
1671,1671,0.0404133703804195,565.0,0.33791866028708134,0.0,0.0
1672,1672,-1.0748939288894874,565.0,0.3377166766288105,0.0,0.0
1673,1673,-0.6787341574714963,565.0,0.3375149342891278,0.0,0.0
1674,1674,-0.4867010379864704,565.0,0.3373134328358209,0.0,0.0
1675,1675,-0.1803830160616378,565.0,0.3371121718377088,0.0,0.0
1676,1676,-0.349178935027324,565.0,0.33691115086463924,0.0,0.0
1677,1677,0.2628387845572044,565.0,0.3367103694874851,0.0,0.0
1678,1678,0.3558074644310456,565.0,0.33650982727814177,0.0,0.0
1679,1679,0.1837346440100382,565.0,0.33630952380952384,0.0,0.0
1680,1680,0.4828117376171383,565.0,0.3361094586555622,0.0,0.0
1681,1681,1.076373431945561,565.0,0.33590963139120095,0.0,0.0
1682,1682,1.6873191222352708,565.0,0.33571004159239454,0.0,0.0
1683,1683,1.98231914875133,565.0,0.3355106888361045,0.0,0.0
1684,1684,3.189783474727221,565.0,0.3353115727002967,0.0,0.0
1685,1685,2.6187628955669933,565.0,0.3351126927639383,0.0,0.0
1686,1686,3.7250760992939425,565.0,0.33491404860699464,0.0,0.0
1687,1687,3.0526181885385912,565.0,0.3347156398104265,0.0,0.0
1688,1688,2.5153646859072376,565.0,0.3345174659561871,0.0,0.0
1689,1689,2.0479060362816286,565.0,0.3343195266272189,0.0,0.0
1690,1690,2.8483954970324277,565.0,0.3341218214074512,0.0,0.0
1691,1691,2.2497896630147247,565.0,0.3339243498817967,0.0,0.0
1692,1692,1.1575530880894709,565.0,0.3337271116361488,0.0,0.0
1693,1693,1.5706843214273136,565.0,0.333530106257379,0.0,0.0
1694,1694,0.7470320356196477,565.0,0.3333333333333333,0.0,0.0
1695,1695,0.5215527619842711,565.0,0.3331367924528302,0.0,0.0
1696,1696,0.4997108039992984,565.0,0.33294048320565706,0.0,0.0
1697,1697,0.5684529462231052,565.0,0.3327444051825677,0.0,0.0
1698,1698,1.546236524070289,565.0,0.3325485579752796,0.0,0.0
1699,1699,1.2901378315816716,565.0,0.3323529411764706,0.0,0.0
1700,1700,-0.0691124120603583,565.0,0.3321575543797766,0.0,0.0
1701,1701,0.7510621626212313,565.0,0.3319623971797885,0.0,0.0
1702,1702,-0.0407946405187538,565.0,0.3317674691720493,0.0,0.0
1703,1703,-1.1155095213371935,565.0,0.3315727699530516,0.0,0.0
1704,1704,-1.3853348568333947,565.0,0.3313782991202346,0.0,0.0
1705,1705,-0.5363062871583338,565.0,0.3311840562719812,0.0,0.0
1706,1706,-1.826278936508896,565.0,0.3309900410076157,0.0,0.0
1707,1707,-2.420819476570467,565.0,0.33079625292740045,0.0,0.0
1708,1708,-1.2379262491116203,565.0,0.33060269163253364,0.0,0.0
1709,1709,0.5214704940684023,565.0,0.3304093567251462,0.0,0.0
1710,1710,0.4704455722969341,565.0,0.3302162478082992,0.0,0.0
1711,1711,1.2568719515321864,565.0,0.3300233644859813,0.0,0.0
1712,1712,1.381899392442108,565.0,0.3298307063631057,0.0,0.0
1713,1713,1.2545881959924805,565.0,0.3296382730455076,0.0,0.0
1714,1714,0.2076029385595634,565.0,0.3294460641399417,0.0,0.0
1715,1715,0.3565103412525192,565.0,0.32925407925407923,0.0,0.0
1716,1716,-0.1653493530989355,565.0,0.32906231799650554,0.0,0.0
1717,1717,-0.3685232037173918,565.0,0.3288707799767171,0.0,0.0
1718,1718,-0.2218884655308986,565.0,0.3286794648051193,0.0,0.0
1719,1719,0.1102069698392325,565.0,0.32848837209302323,0.0,0.0
1720,1720,-0.7636719997212255,565.0,0.3282975014526438,0.0,0.0
1721,1721,-1.1783689065347072,565.0,0.3281068524970964,0.0,0.0
1722,1722,-0.3913728135551476,565.0,0.3279164248403947,0.0,0.0
1723,1723,1.2054239127719142,565.0,0.3277262180974478,0.0,0.0
1724,1724,1.1626009797784085,565.0,0.32753623188405795,0.0,0.0
1725,1725,1.809798196562573,565.0,0.32734646581691773,0.0,0.0
1726,1726,2.4151055117404803,565.0,0.3271569195136074,0.0,0.0
1727,1727,1.764359506033396,565.0,0.3269675925925926,0.0,0.0
1728,1728,2.380508156928474,565.0,0.3267784846732215,0.0,0.0
1729,1729,1.5267929494491876,565.0,0.3265895953757225,0.0,0.0
1730,1730,0.1443937111354665,565.0,0.3264009243212016,0.0,0.0
1731,1731,-0.3325333905043298,565.0,0.3262124711316397,0.0,0.0
1732,1732,0.1379902218545615,565.0,0.32602423542989034,0.0,0.0
1733,1733,-0.6183915424021629,565.0,0.32583621683967706,0.0,0.0
1734,1734,0.2740179805804662,565.0,0.3256484149855908,0.0,0.0
1735,1735,-0.3957073725064366,565.0,0.3254608294930876,0.0,0.0
1736,1736,0.2292278592421587,565.0,0.3252734599884859,0.0,0.0
1737,1737,0.0504257448746411,565.0,0.32508630609896433,0.0,0.0
1738,1738,1.3761907140842722,565.0,0.32489936745255893,0.0,0.0
1739,1739,0.9460066824932636,565.0,0.32471264367816094,0.0,0.0
1740,1740,0.790040306567772,565.0,0.3245261344055141,0.0,0.0
1741,1741,0.6392977250624386,565.0,0.3243398392652124,0.0,0.0
1742,1742,-0.3613527027157378,565.0,0.32415375788869766,0.0,0.0
1743,1743,0.1315779164895583,565.0,0.32396788990825687,0.0,0.0
1744,1744,-0.6972462725688346,565.0,0.3237822349570201,0.0,0.0
1745,1745,-1.4245568923095102,565.0,0.32359679266895763,0.0,0.0
1746,1746,-1.6159628327139568,565.0,0.32341156267887805,0.0,0.0
1747,1747,-1.8230746730468603,565.0,0.3232265446224256,0.0,0.0
1748,1748,-0.3049663068869024,565.0,0.3230417381360778,0.0,0.0
1749,1749,-0.7347350703646294,565.0,0.32285714285714284,0.0,0.0
1750,1750,0.636542463261509,565.0,0.32267275842375787,0.0,0.0
1751,1751,-1.554801692437643,565.0,0.3224885844748858,0.0,0.0
1752,1752,-0.7367365095676015,565.0,0.32230462065031373,0.0,0.0
1753,1753,-0.8352963315300672,565.0,0.3221208665906499,0.0,0.0
1754,1754,0.9710099745408878,565.0,0.32193732193732194,0.0,0.0
1755,1755,-0.2014488014927891,565.0,0.321753986332574,0.0,0.0
1756,1756,-0.2284566780981899,565.0,0.321570859419465,0.0,0.0
1757,1757,-0.1419599834866156,565.0,0.3213879408418658,0.0,0.0
1758,1758,-2.481036951923172,565.0,0.3212052302444571,0.0,0.0
1759,1759,-2.408882827285947,565.0,0.3210227272727273,0.0,0.0
1760,1760,0.4296872290969413,565.0,0.32084043157296993,0.0,0.0
1761,1761,0.3540207673670993,565.0,0.3206583427922815,0.0,0.0
1762,1762,1.0309382988608076,565.0,0.3204764605785593,0.0,0.0
1763,1763,0.7520158121190215,565.0,0.32029478458049887,0.0,0.0
1764,1764,2.0509527508607905,565.0,0.32011331444759206,0.0,0.0
1765,1765,1.1042652490049631,565.0,0.3199320498301246,0.0,0.0
1766,1766,0.008737053063093,565.0,0.31975099037917376,0.0,0.0
1767,1767,0.7500248084237872,565.0,0.3195701357466063,0.0,0.0
1768,1768,-0.5406655592656393,565.0,0.3193894855850763,0.0,0.0
1769,1769,-0.4666471857993918,565.0,0.3192090395480226,0.0,0.0
1770,1770,-2.359946424214598,565.0,0.3190287972896669,0.0,0.0
1771,1771,-1.57484433681782,565.0,0.31884875846501126,0.0,0.0
1772,1772,-1.9547062086725533,565.0,0.31866892272983643,0.0,0.0
1773,1773,-1.7768859748504713,565.0,0.318489289740699,0.0,0.0
1774,1774,-1.5772763855177558,565.0,0.3183098591549296,0.0,0.0
1775,1775,-1.2480183299364431,565.0,0.31813063063063063,0.0,0.0
1776,1776,-1.634881198777835,565.0,0.31795160382667415,0.0,0.0
1777,1777,-2.1239203980912382,565.0,0.3177727784026997,0.0,0.0
1778,1778,-1.2282094726044943,565.0,0.31759415401911184,0.0,0.0
1779,1779,-0.104229016391282,565.0,0.31741573033707865,0.0,0.0
1780,1780,-1.6518085081954952,565.0,0.31723750701852893,0.0,0.0
1781,1781,-2.251145239936424,565.0,0.3170594837261504,0.0,0.0
1782,1782,-2.5263674030725545,565.0,0.31688166012338753,0.0,0.0
1783,1783,-3.0217063020918467,565.0,0.31670403587443946,0.0,0.0
1784,1784,-1.918402372133635,565.0,0.3165266106442577,0.0,0.0
1785,1785,-1.8984797084917693,565.0,0.31634938409854424,0.0,0.0
1786,1786,-2.1368863505229303,565.0,0.3161723559037493,0.0,0.0
1787,1787,-1.6946761822321816,565.0,0.31599552572706935,0.0,0.0
1788,1788,-0.359812893338945,565.0,0.31581889323644496,0.0,0.0
1789,1789,-2.383791423624919,565.0,0.31564245810055863,0.0,0.0
1790,1790,-1.7397795369210844,565.0,0.31546621998883306,0.0,0.0
1791,1791,-1.856657451242508,565.0,0.31529017857142855,0.0,0.0
1792,1792,-2.144370950421876,565.0,0.3151143335192415,0.0,0.0
1793,1793,-2.111212468612925,565.0,0.3149386845039019,0.0,0.0
1794,1794,-3.925014380738803,565.0,0.3147632311977716,0.0,0.0
1795,1795,-3.7266683788614294,565.0,0.3145879732739421,0.0,0.0
1796,1796,-3.15998630705409,565.0,0.3144129104062326,0.0,0.0
1797,1797,-3.3746936930335876,565.0,0.314238042269188,0.0,0.0
1798,1798,-4.387503477580615,565.0,0.3140633685380767,0.0,0.0
1799,1799,-4.769110193526614,565.0,0.3138888888888889,0.0,0.0
1800,1800,-3.3681917592539055,565.0,0.31371460299833426,0.0,0.0
1801,1801,-2.8567121859424836,565.0,0.3135405105438402,0.0,0.0
1802,1802,-3.152445265639428,565.0,0.31336661120354964,0.0,0.0
1803,1803,-2.0257068434078285,565.0,0.31319290465631927,0.0,0.0
1804,1804,-1.7369304287499068,799.0,0.44265927977839337,0.0,0.0
1805,1805,-1.606001600702401,565.0,0.3128460686600221,0.0,0.0
1806,1806,-2.501940177729102,799.0,0.442169341449917,0.0,0.0
1807,1807,-1.225766862884212,799.0,0.44192477876106195,0.0,0.0
1808,1808,-0.6790952070751757,799.0,0.44168048645660585,0.0,0.0
1809,1809,-1.7675598616324577,799.0,0.4414364640883978,0.0,0.0
1810,1810,-1.0972603178006264,799.0,0.44119271120927667,0.0,0.0
1811,1811,-2.7808495627349643,799.0,0.4409492273730684,0.0,0.0
1812,1812,-0.9378417516234092,799.0,0.44070601213458355,0.0,0.0
1813,1813,-3.4708399411683684,799.0,0.44046306504961413,0.0,0.0
1814,1814,-0.1625653192679129,799.0,0.4402203856749311,0.0,0.0
1815,1815,-2.343731705094598,799.0,0.43997797356828194,0.0,0.0
1816,1816,-0.7729044932139687,799.0,0.4397358282883875,0.0,0.0
1817,1817,-2.4687951001076347,799.0,0.4394939493949395,0.0,0.0
1818,1818,-0.7454897860123327,565.0,0.31061022539857064,0.0,0.0
1819,1819,-3.3040012929796827,565.0,0.31043956043956045,0.0,0.0
1820,1820,-1.3117850492798258,565.0,0.3102690829214717,0.0,0.0
1821,1821,-1.2996881316337514,799.0,0.43852908891328213,0.0,0.0
1822,1822,-1.2458108618770416,565.0,0.3099286889742183,0.0,0.0
1823,1823,-4.286510003336938,799.0,0.4380482456140351,0.0,0.0
1824,1824,0.0646667224114145,799.0,0.4378082191780822,0.0,0.0
1825,1825,-3.877478629608328,799.0,0.4375684556407448,0.0,0.0
1826,1826,-0.0715135772615625,799.0,0.4373289545703339,0.0,0.0
1827,1827,-2.1497015360285654,799.0,0.43708971553610504,0.0,0.0
1828,1828,1.1268322998848397,565.0,0.3089119737561509,0.0,0.0
1829,1829,-0.8524168713213569,799.0,0.43661202185792347,0.0,0.0
1830,1830,2.2335333415367176,565.0,0.3085745494265429,0.0,0.0
1831,1831,-2.434368150732427,565.0,0.3084061135371179,0.0,0.0
1832,1832,2.7863715916299396,799.0,0.4358974358974359,0.0,0.0
1833,1833,-2.819116696520192,565.0,0.3080697928026172,0.0,0.0
1834,1834,2.2812567999667777,565.0,0.3079019073569482,0.0,0.0
1835,1835,-1.538928265016076,565.0,0.3077342047930283,0.0,0.0
1836,1836,2.907222036342993,565.0,0.3075666848121938,0.0,0.0
1837,1837,-1.0597146879261303,565.0,0.3073993471164309,0.0,0.0
1838,1838,2.0009639024172223,565.0,0.3072321914083741,0.0,0.0
1839,1839,0.1183730528592494,565.0,0.3070652173913043,0.0,0.0
1840,1840,1.3950984773396164,565.0,0.3068984247691472,0.0,0.0
1841,1841,0.2739526979963123,799.0,0.43376764386536376,0.0,0.0
1842,1842,1.450133857896169,565.0,0.30656538252848614,0.0,0.0
1843,1843,0.6440827458634952,565.0,0.3063991323210412,0.0,0.0
1844,1844,0.3167007390535518,565.0,0.3062330623306233,0.0,0.0
1845,1845,1.2143376008039148,565.0,0.30606717226435537,0.0,0.0
1846,1846,0.7277838280938719,565.0,0.30590146182999456,0.0,0.0
1847,1847,0.5334908672172527,565.0,0.30573593073593075,0.0,0.0
1848,1848,0.9996752992811596,565.0,0.3055705786911844,0.0,0.0
1849,1849,1.6507514485819217,565.0,0.3054054054054054,0.0,0.0
1850,1850,-0.3049598266829844,565.0,0.30524041058887086,0.0,0.0
1851,1851,1.280235955981914,565.0,0.3050755939524838,0.0,0.0
1852,1852,-1.1252229648855496,565.0,0.3049109552077712,0.0,0.0
1853,1853,0.5969245165478755,565.0,0.3047464940668824,0.0,0.0
1854,1854,-0.2648210629199966,565.0,0.3045822102425876,0.0,0.0
1855,1855,0.1495086898568164,565.0,0.30441810344827586,0.0,0.0
1856,1856,-0.9595599086385026,565.0,0.3042541733979537,0.0,0.0
1857,1857,1.1217389842824146,565.0,0.3040904198062433,0.0,0.0
1858,1858,-0.4114955113670431,799.0,0.42980096826250674,0.0,0.0
1859,1859,1.7413092352592767,565.0,0.30376344086021506,0.0,0.0
1860,1860,1.823512887582038,565.0,0.30360021493820527,0.0,0.0
1861,1861,1.2724602180314906,565.0,0.30343716433942,0.0,0.0
1862,1862,-0.0506637976341681,565.0,0.3032742887815352,0.0,0.0
1863,1863,3.1202407402793035,565.0,0.3031115879828326,0.0,0.0
1864,1864,-0.0393546085134464,799.0,0.42841823056300266,0.0,0.0
1865,1865,2.973222581691508,565.0,0.3027867095391211,0.0,0.0
1866,1866,0.7794328138152957,565.0,0.30262453133369044,0.0,0.0
1867,1867,3.2173944253733264,799.0,0.4277301927194861,0.0,0.0
1868,1868,-0.4373496304396398,565.0,0.30230069555912253,0.0,0.0
1869,1869,1.9270116918648288,565.0,0.30213903743315507,0.0,0.0
1870,1870,-1.359730795666441,565.0,0.3019775521111705,0.0,0.0
1871,1871,1.0118045770102064,565.0,0.3018162393162393,0.0,0.0
1872,1872,-1.1701327999460285,565.0,0.3016550987720235,0.0,0.0
1873,1873,1.4171820197914826,565.0,0.3014941302027748,0.0,0.0
1874,1874,-0.4470327759694713,565.0,0.30133333333333334,0.0,0.0
1875,1875,0.2885776384119802,565.0,0.3011727078891258,0.0,0.0
1876,1876,-0.4805275689386364,565.0,0.30101225359616407,0.0,0.0
1877,1877,-0.4683959282603647,565.0,0.30085197018104365,0.0,0.0
1878,1878,-0.910603222880248,565.0,0.300691857370942,0.0,0.0
1879,1879,0.207750895094276,565.0,0.300531914893617,0.0,0.0
1880,1880,-0.7228228109780327,799.0,0.42477405635300375,0.0,0.0
1881,1881,-0.7673086796775674,565.0,0.3002125398512221,0.0,0.0
1882,1882,-0.2236182532825401,799.0,0.4243228890069039,0.0,0.0
1883,1883,-0.2991877642141484,799.0,0.42409766454352443,0.0,0.0
1884,1884,0.1537115513171594,799.0,0.42387267904509285,0.0,0.0
1885,1885,-0.315602691642761,799.0,0.4236479321314952,0.0,0.0
1886,1886,0.1733724722193471,799.0,0.42342342342342343,0.0,0.0
1887,1887,0.652946441102003,799.0,0.4231991525423729,0.0,0.0
1888,1888,-0.12639537842173,565.0,0.29910005293806247,0.0,0.0
1889,1889,0.9740526428697932,565.0,0.29894179894179895,0.0,0.0
1890,1890,-0.7131166761521437,799.0,0.4225277630883131,0.0,0.0
1891,1891,1.5791274401615785,565.0,0.2986257928118393,0.0,0.0
1892,1892,0.7338088298802271,565.0,0.29846804014791334,0.0,0.0
1893,1893,1.311427068613956,565.0,0.2983104540654699,0.0,0.0
1894,1894,0.9074079210743254,565.0,0.29815303430079154,0.0,0.0
1895,1895,1.4462261001311396,565.0,0.2979957805907173,0.0,0.0
1896,1896,0.7093510419332906,799.0,0.4211913547706906,0.0,0.0
1897,1897,2.837051742995081,565.0,0.29768177028451,0.0,0.0
1898,1898,0.8526243755676038,565.0,0.2975250131648236,0.0,0.0
1899,1899,1.3985284878382362,565.0,0.29736842105263156,0.0,0.0
1900,1900,1.7676649294558586,565.0,0.29721199368753287,0.0,0.0
1901,1901,0.7690954824904588,565.0,0.297055730809674,0.0,0.0
1902,1902,2.518000786099033,565.0,0.29689963215974774,0.0,0.0
1903,1903,-1.274474151943972,799.0,0.41964285714285715,0.0,0.0
1904,1904,3.322959599940533,565.0,0.29658792650918636,0.0,0.0
1905,1905,-2.0401831701349553,565.0,0.29643231899265476,0.0,0.0
1906,1906,2.6236122206165073,399.0,0.20922915574200315,0.0,0.0
1907,1907,-1.5696274454235744,565.0,0.29612159329140464,0.0,0.0
1908,1908,2.8240883785825583,565.0,0.2959664745940283,0.0,0.0
1909,1909,-2.405172384732634,565.0,0.29581151832460734,0.0,0.0
1910,1910,3.076735323776564,565.0,0.2956567242281528,0.0,0.0
1911,1911,-1.382213310761289,565.0,0.2955020920502092,0.0,0.0
1912,1912,2.6979282240196856,565.0,0.2953476215368531,0.0,0.0
1913,1913,-1.1489593283495434,565.0,0.29519331243469177,0.0,0.0
1914,1914,3.510403312525159,565.0,0.2950391644908616,0.0,0.0
1915,1915,-1.493739716308237,565.0,0.2948851774530271,0.0,0.0
1916,1916,3.6831992267278846,565.0,0.29473135106937925,0.0,0.0
1917,1917,-1.0766207672433048,565.0,0.29457768508863397,0.0,0.0
1918,1918,3.2338304015581163,565.0,0.2944241792600313,0.0,0.0
1919,1919,-1.5468619032113062,565.0,0.2942708333333333,0.0,0.0
1920,1920,1.8068845804586633,565.0,0.29411764705882354,0.0,0.0
1921,1921,-0.8722504747857258,565.0,0.2939646201873049,0.0,0.0
1922,1922,2.206009753858937,565.0,0.29381175247009883,0.0,0.0
1923,1923,0.0278252043702158,565.0,0.29365904365904366,0.0,0.0
1924,1924,1.833929197669278,565.0,0.2935064935064935,0.0,0.0
1925,1925,0.2950451689955413,565.0,0.29335410176531673,0.0,0.0
1926,1926,1.764883576195666,565.0,0.29320186818889465,0.0,0.0
1927,1927,0.6732539746103404,199.0,0.10321576763485477,0.0,0.0
1928,1928,1.4646126150723977,565.0,0.2928978745463971,0.0,0.0
1929,1929,1.8524096225185052,565.0,0.2927461139896373,0.0,0.0
1930,1930,0.9230950806526782,565.0,0.292594510616261,0.0,0.0
1931,1931,0.5013956233693351,565.0,0.2924430641821946,0.0,0.0
1932,1932,0.7791100355698977,399.0,0.20641489912053804,0.0,0.0
1933,1933,0.1585413493422384,565.0,0.2921406411582213,0.0,0.0
1934,1934,2.625549808659918,565.0,0.29198966408268734,0.0,0.0
1935,1935,-0.3745768695172198,565.0,0.2918388429752066,0.0,0.0
1936,1936,1.4071274071598636,399.0,0.20598864223025296,0.0,0.0
1937,1937,0.8392240301098575,565.0,0.2915376676986584,0.0,0.0
1938,1938,3.041469616185155,565.0,0.2913873130479629,0.0,0.0
1939,1939,2.847224163571952,565.0,0.2912371134020619,0.0,0.0
1940,1940,2.1650869733681652,565.0,0.2910870685213807,0.0,0.0
1941,1941,1.854491616646637,141.0,0.07260556127703399,0.0,0.0
1942,1942,4.629179904913724,141.0,0.0725681935151827,0.0,0.0
1943,1943,1.541878216953469,141.0,0.07253086419753087,0.0,0.0
1944,1944,3.0478115987466694,141.0,0.0724935732647815,0.0,0.0
1945,1945,2.1057922751771945,141.0,0.0724563206577595,0.0,0.0
1946,1946,0.623066745305219,565.0,0.29019003595274784,0.0,0.0
1947,1947,0.0344310642520715,565.0,0.290041067761807,0.0,0.0
1948,1948,0.2412318150502393,399.0,0.2047203694202155,0.0,0.0
1949,1949,0.5158581136394365,565.0,0.28974358974358977,0.0,0.0
1950,1950,0.1115667932676239,565.0,0.2895950794464377,0.0,0.0
1951,1951,0.7389356315348145,565.0,0.2894467213114754,0.0,0.0
1952,1952,1.1290541296638308,565.0,0.28929851510496674,0.0,0.0
1953,1953,2.2491164447279175,565.0,0.28915046059365407,0.0,0.0
1954,1954,0.2420180222988335,565.0,0.289002557544757,0.0,0.0
1955,1955,1.3112330288556304,141.0,0.07208588957055215,0.0,0.0
1956,1956,0.5049452407416546,565.0,0.28870720490546753,0.0,0.0
1957,1957,0.7149944492924847,565.0,0.28855975485188967,0.0,0.0
1958,1958,-0.3203639144125326,565.0,0.2884124553343543,0.0,0.0
1959,1959,0.4214957652132011,565.0,0.288265306122449,0.0,0.0
1960,1960,-1.3462711019361882,565.0,0.28811830698623153,0.0,0.0
1961,1961,0.4822153880267217,565.0,0.28797145769622834,0.0,0.0
1962,1962,-0.472568762258596,565.0,0.28782475802343355,0.0,0.0
1963,1963,0.2403651010133917,565.0,0.2876782077393075,0.0,0.0
1964,1964,-0.9895650118145491,565.0,0.2875318066157761,0.0,0.0
1965,1965,-1.079694515620641,565.0,0.2873855544252289,0.0,0.0
1966,1966,-1.7300102584742558,399.0,0.20284697508896798,0.0,0.0
1967,1967,-1.8899229318606,565.0,0.28709349593495936,0.0,0.0
1968,1968,-0.0604104883747953,565.0,0.28694768918232605,0.0,0.0
1969,1969,0.2411369005532624,565.0,0.2868020304568528,0.0,0.0
1970,1970,-0.4064577836105051,141.0,0.0715372907153729,0.0,0.0
1971,1971,0.4921528165222714,565.0,0.2865111561866126,0.0,0.0
1972,1972,1.7386367971003578,565.0,0.2863659401926001,0.0,0.0
1973,1973,-0.3724943647445613,199.0,0.10081053698074975,0.0,0.0
1974,1974,3.705870004438944,565.0,0.28607594936708863,0.0,0.0
1975,1975,-0.690009295433268,565.0,0.2859311740890688,0.0,0.0
1976,1976,2.5894033168119437,565.0,0.28578654527061204,0.0,0.0
1977,1977,1.6524641877149808,565.0,0.2856420626895854,0.0,0.0
1978,1978,1.9224436604055823,565.0,0.2854977261243052,0.0,0.0
1979,1979,1.9530286280259488,565.0,0.28535353535353536,0.0,0.0
1980,1980,2.7195708691481086,565.0,0.2852094901564866,0.0,0.0
1981,1981,1.924663806566977,565.0,0.28506559031281536,0.0,0.0
1982,1982,1.61857434452706,565.0,0.2849218356026223,0.0,0.0
1983,1983,1.4127855491328694,399.0,0.20110887096774194,0.0,0.0
1984,1984,2.325200551181275,565.0,0.28463476070528965,0.0,0.0
1985,1985,2.8275417754233336,565.0,0.28449144008056393,0.0,0.0
1986,1986,2.862337197832936,399.0,0.2008052340211374,0.0,0.0
1987,1987,1.1679297696424724,565.0,0.28420523138833,0.0,0.0
1988,1988,3.1871639170740744,565.0,0.2840623428858723,0.0,0.0
1989,1989,0.6415235087162479,565.0,0.28391959798994976,0.0,0.0
1990,1990,4.254264454716424,399.0,0.20040180813661476,0.0,0.0
1991,1991,1.610099922052468,399.0,0.2003012048192771,0.0,0.0
1992,1992,3.4197219921678412,399.0,0.2002007024586051,0.0,0.0
1993,1993,0.6346600591733802,565.0,0.28335005015045134,0.0,0.0
1994,1994,2.593654305239229,399.0,0.2,0.0,0.0
1995,1995,0.8750102539098757,565.0,0.28306613226452904,0.0,0.0
1996,1996,3.0435954798310725,565.0,0.2829243865798698,0.0,0.0
1997,1997,0.1030350965789278,799.0,0.3998998998998999,0.0,0.0
1998,1998,2.771875847805146,565.0,0.28264132066033015,0.0,0.0
1999,1999,1.6211170366537295,799.0,0.3995,0.0,0.0
2000,2000,3.9387167540786177,799.0,0.39930034982508744,0.0,0.0
2001,2001,0.9096418509975744,565.0,0.2822177822177822,0.0,0.0
2002,2002,5.235251681217833,565.0,0.2820768846729905,0.0,0.0
2003,2003,2.074736154470779,399.0,0.19910179640718562,0.0,0.0
2004,2004,5.137015379162568,565.0,0.2817955112219451,0.0,0.0
2005,2005,2.873849446955832,565.0,0.28165503489531407,0.0,0.0
2006,2006,3.8812661855574055,565.0,0.2815146985550573,0.0,0.0
2007,2007,2.9293260898431592,565.0,0.2813745019920319,0.0,0.0
2008,2008,4.025674578740325,565.0,0.2812344449975112,0.0,0.0
2009,2009,3.4024741240323157,799.0,0.39751243781094525,0.0,0.0
2010,2010,2.896216642785894,199.0,0.0989557434112382,0.0,0.0
2011,2011,4.3423474280004815,141.0,0.07007952286282307,0.0,0.0
2012,2012,2.797474718837661,565.0,0.280675608544461,0.0,0.0
2013,2013,3.027512447048496,565.0,0.28053624627606755,0.0,0.0
2014,2014,4.290657248931854,565.0,0.2803970223325062,0.0,0.0
2015,2015,4.244003560538317,565.0,0.2802579365079365,0.0,0.0
2016,2016,4.064286468931327,565.0,0.28011898859692613,0.0,0.0
2017,2017,3.3890292959056345,565.0,0.27998017839444994,0.0,0.0
2018,2018,4.1450109781236275,565.0,0.27984150569588906,0.0,0.0
2019,2019,2.0489592720691503,565.0,0.27970297029702973,0.0,0.0
2020,2020,1.8574284278913185,565.0,0.27956457199406237,0.0,0.0
2021,2021,3.7533137858207617,565.0,0.27942631058358064,0.0,0.0
2022,2022,4.475195855034567,565.0,0.2792881858625803,0.0,0.0
2023,2023,4.140063196671273,565.0,0.2791501976284585,0.0,0.0
2024,2024,4.491495453982691,141.0,0.06962962962962962,0.0,0.0
2025,2025,3.1687073577804545,141.0,0.06959526159921027,0.0,0.0
2026,2026,2.9974873686907557,565.0,0.27873704982733105,0.0,0.0
2027,2027,1.97030878171714,141.0,0.0695266272189349,0.0,0.0
2028,2028,3.480079039613155,565.0,0.27846229669788075,0.0,0.0
2029,2029,1.8027896541123616,565.0,0.27832512315270935,0.0,0.0
2030,2030,3.107145969336403,565.0,0.2781880846873461,0.0,0.0
2031,2031,2.4667715162694845,565.0,0.2780511811023622,0.0,0.0
2032,2032,2.555867363356356,565.0,0.2779144121987211,0.0,0.0
2033,2033,3.2582044326175104,565.0,0.2777777777777778,0.0,0.0
2034,2034,-0.1504387778807783,565.0,0.27764127764127766,0.0,0.0
2035,2035,2.887033289500718,565.0,0.2775049115913556,0.0,0.0
2036,2036,0.933520202943854,565.0,0.2773686794305351,0.0,0.0
2037,2037,4.379667043976569,565.0,0.2772325809617272,0.0,0.0
2038,2038,1.5706205276746945,565.0,0.27709661598822954,0.0,0.0
2039,2039,4.925530094841292,565.0,0.2769607843137255,0.0,0.0
2040,2040,-0.8915259131916307,565.0,0.2768250857422832,0.0,0.0
2041,2041,4.935382094228163,565.0,0.27668952007835457,0.0,0.0
2042,2042,-0.6357299685366112,565.0,0.2765540871267744,0.0,0.0
2043,2043,3.3837468815951426,565.0,0.2764187866927593,0.0,0.0
2044,2044,-0.4568407587484445,565.0,0.2762836185819071,0.0,0.0
2045,2045,3.080324716705757,565.0,0.2761485826001955,0.0,0.0
2046,2046,-0.6892783661138585,565.0,0.27601367855398146,0.0,0.0
2047,2047,3.332567027764968,565.0,0.27587890625,0.0,0.0
2048,2048,0.8137563043076381,565.0,0.27574426549536357,0.0,0.0
2049,2049,3.692568597876441,565.0,0.275609756097561,0.0,0.0
2050,2050,1.4481841406504845,565.0,0.27547537786445636,0.0,0.0
2051,2051,2.470088616482361,565.0,0.2753411306042885,0.0,0.0
2052,2052,1.7984551030810143,565.0,0.2752070141256697,0.0,0.0
2053,2053,2.4282731049319883,565.0,0.2750730282375852,0.0,0.0
2054,2054,2.046657761868079,565.0,0.2749391727493917,0.0,0.0
2055,2055,3.3261709953839422,565.0,0.27480544747081714,0.0,0.0
2056,2056,2.085088068608846,565.0,0.27467185221195917,0.0,0.0
2057,2057,2.151680292174047,565.0,0.27453838678328474,0.0,0.0
2058,2058,2.609622943747599,565.0,0.27440505099562895,0.0,0.0
2059,2059,1.3707307008188687,565.0,0.27427184466019416,0.0,0.0
2060,2060,2.155885391536104,565.0,0.27413876758854927,0.0,0.0
2061,2061,0.9792085786891664,565.0,0.27400581959262854,0.0,0.0
2062,2062,1.9526105300589451,565.0,0.27387300048473096,0.0,0.0
2063,2063,-1.5102289325161942,565.0,0.27374031007751937,0.0,0.0
2064,2064,0.8709692758283061,565.0,0.2736077481840194,0.0,0.0
2065,2065,-1.4124058613830188,565.0,0.2734753146176186,0.0,0.0
2066,2066,0.6886968119283218,565.0,0.2733430091920658,0.0,0.0
2067,2067,-1.502972990823033,565.0,0.27321083172147004,0.0,0.0
2068,2068,0.6631021825291046,565.0,0.27307878202029967,0.0,0.0
2069,2069,-1.0653550630998834,565.0,0.27294685990338163,0.0,0.0
2070,2070,-0.4384747550838741,565.0,0.27281506518590054,0.0,0.0
2071,2071,0.4476041814769007,565.0,0.27268339768339767,0.0,0.0
2072,2072,-0.627297940519721,565.0,0.2725518572117704,0.0,0.0
2073,2073,0.4712127197491145,565.0,0.27242044358727097,0.0,0.0
2074,2074,-0.7854668308021452,565.0,0.27228915662650605,0.0,0.0
2075,2075,-0.9228618274874432,565.0,0.27215799614643543,0.0,0.0
2076,2076,-2.02619859706648,565.0,0.2720269619643717,0.0,0.0
2077,2077,-1.083254304203232,565.0,0.27189605389797883,0.0,0.0
2078,2078,-0.373607589780371,565.0,0.27176527176527177,0.0,0.0
2079,2079,-2.043103044770716,565.0,0.27163461538461536,0.0,0.0
2080,2080,-0.1506020419741392,565.0,0.2715040845747237,0.0,0.0
2081,2081,-2.9577845827709743,565.0,0.271373679154659,0.0,0.0
2082,2082,-0.1591493171507342,565.0,0.27124339894383104,0.0,0.0
2083,2083,-3.7070738280313114,565.0,0.27111324376199614,0.0,0.0
2084,2084,-1.4685849103366726,565.0,0.2709832134292566,0.0,0.0
2085,2085,-4.562113693105585,565.0,0.2708533077660594,0.0,0.0
2086,2086,-2.2165183596282025,565.0,0.270723526593196,0.0,0.0
2087,2087,-4.302422510975988,565.0,0.2705938697318008,0.0,0.0
2088,2088,-2.5506262921297735,565.0,0.2704643370033509,0.0,0.0
2089,2089,-4.77706182709827,565.0,0.2703349282296651,0.0,0.0
2090,2090,-1.9909522543588671,565.0,0.2702056432329029,0.0,0.0
2091,2091,-3.973557397095247,565.0,0.27007648183556404,0.0,0.0
2092,2092,-2.085162734415368,565.0,0.26994744386048736,0.0,0.0
2093,2093,-3.032135904628423,565.0,0.26981852913085,0.0,0.0
2094,2094,-2.110077376709352,565.0,0.26968973747016706,0.0,0.0
2095,2095,-3.9841540738974706,399.0,0.19036259541984732,0.0,0.0
2096,2096,-0.9156736902411792,565.0,0.26943252265140677,0.0,0.0
2097,2097,-3.9513007764546826,565.0,0.26930409914204007,0.0,0.0
2098,2098,-1.356087380867027,565.0,0.2691757979990472,0.0,0.0
2099,2099,-1.6795661674549045,565.0,0.26904761904761904,0.0,0.0
2100,2100,-2.772023364698031,565.0,0.2689195621132794,0.0,0.0
2101,2101,-2.4856144642910007,565.0,0.2687916270218839,0.0,0.0
2102,2102,-3.362782685899374,565.0,0.2686638135996196,0.0,0.0
2103,2103,-1.248640460642827,565.0,0.2685361216730038,0.0,0.0
2104,2104,-2.322702586926312,565.0,0.2684085510688836,0.0,0.0
2105,2105,-0.5156811880598463,565.0,0.26828110161443497,0.0,0.0
2106,2106,-2.815033585288554,565.0,0.2681537731371618,0.0,0.0
2107,2107,-1.158058382792393,199.0,0.0944022770398482,0.0,0.0
2108,2108,-3.6170391306777416,565.0,0.2678994784257942,0.0,0.0
2109,2109,-0.3360355425487975,565.0,0.2677725118483412,0.0,0.0
2110,2110,-4.2039330270855135,565.0,0.26764566556134534,0.0,0.0
2111,2111,-0.9917502572879806,565.0,0.2675189393939394,0.0,0.0
2112,2112,-5.300572597305872,565.0,0.26739233317557976,0.0,0.0
2113,2113,-0.5321723222611888,565.0,0.2672658467360454,0.0,0.0
2114,2114,-5.090084253211802,565.0,0.26713947990543735,0.0,0.0
2115,2115,0.9158284622324174,199.0,0.0940453686200378,0.0,0.0
2116,2116,-4.073589309914498,565.0,0.266887104393009,0.0,0.0
2117,2117,-0.1399172818204136,565.0,0.2667610953729934,0.0,0.0
2118,2118,-5.269266606290579,565.0,0.26663520528551204,0.0,0.0
2119,2119,-1.577374776633688,565.0,0.2665094339622642,0.0,0.0
2120,2120,-4.7083847139394885,565.0,0.2663837812352664,0.0,0.0
2121,2121,-1.960889677646482,199.0,0.0937794533459001,0.0,0.0
2122,2122,-4.738561440408357,565.0,0.26613283089967027,0.0,0.0
2123,2123,-1.7806106357766207,565.0,0.2660075329566855,0.0,0.0
2124,2124,-5.839504461997152,565.0,0.26588235294117646,0.0,0.0
2125,2125,-3.243915820779121,565.0,0.26575729068673565,0.0,0.0
2126,2126,-6.048164315470555,565.0,0.26563234602726843,0.0,0.0
2127,2127,-3.657960952637168,565.0,0.26550751879699247,0.0,0.0
2128,2128,-7.047076747036856,565.0,0.2653828088304368,0.0,0.0
2129,2129,-2.301311527609278,565.0,0.2652582159624413,0.0,0.0
2130,2130,-6.923033841360513,565.0,0.2651337400281558,0.0,0.0
2131,2131,-3.980662312158077,199.0,0.09333958724202626,0.0,0.0
2132,2132,-6.21551746102067,565.0,0.2648851383028598,0.0,0.0
2133,2133,-2.9876083343484012,565.0,0.2647610121836926,0.0,0.0
2134,2134,-3.3504957994805236,565.0,0.2646370023419204,0.0,0.0
2135,2135,-3.3130588928727804,565.0,0.2645131086142322,0.0,0.0
2136,2136,-3.0116602169850415,565.0,0.26438933083762284,0.0,0.0
2137,2137,-4.131671622292228,565.0,0.26426566884939195,0.0,0.0
2138,2138,-3.743313918248574,565.0,0.2641421224871435,0.0,0.0
2139,2139,-6.180063768172371,565.0,0.26401869158878505,0.0,0.0
2140,2140,-3.953420587593536,565.0,0.2638953759925269,0.0,0.0
2141,2141,-5.523209177184909,565.0,0.2637721755368814,0.0,0.0
2142,2142,-5.388232259308136,565.0,0.2636490900606626,0.0,0.0
2143,2143,-4.265689902174943,199.0,0.09281716417910447,0.0,0.0
2144,2144,-1.9891697399385335,199.0,0.09277389277389278,0.0,0.0
2145,2145,-5.955490971237006,565.0,0.26328052190121154,0.0,0.0
2146,2146,-1.826965108074573,565.0,0.2631578947368421,0.0,0.0
2147,2147,-6.041113540283442,565.0,0.26303538175046554,0.0,0.0
2148,2148,-1.9479463624744464,565.0,0.2629129827826896,0.0,0.0
2149,2149,-5.804435273347553,565.0,0.2627906976744186,0.0,0.0
2150,2150,-0.2034135573074798,565.0,0.2626685262668526,0.0,0.0
2151,2151,-4.9444849477395625,565.0,0.262546468401487,0.0,0.0
2152,2152,0.0324190175003609,565.0,0.26242452392011145,0.0,0.0
2153,2153,-2.9780150070399705,565.0,0.26230269266480966,0.0,0.0
2154,2154,-0.2421559771390501,565.0,0.26218097447795824,0.0,0.0
2155,2155,-0.9832966158901676,565.0,0.26205936920222633,0.0,0.0
2156,2156,-1.1376303797024927,565.0,0.2619378766805749,0.0,0.0
2157,2157,-1.6889557793120766,565.0,0.2618164967562558,0.0,0.0
2158,2158,-0.8351185400086653,565.0,0.26169522927281147,0.0,0.0
2159,2159,-1.7664943158504116,565.0,0.26157407407407407,0.0,0.0
2160,2160,-0.9363159708962968,565.0,0.2614530310041647,0.0,0.0
2161,2161,-2.0177759569216667,565.0,0.26133209990749307,0.0,0.0
2162,2162,-2.7763385126171607,565.0,0.26121128062875637,0.0,0.0
2163,2163,-1.331857865451424,565.0,0.261090573012939,0.0,0.0
2164,2164,-2.9217246655958986,565.0,0.26096997690531176,0.0,0.0
2165,2165,-1.0262225345173892,565.0,0.2608494921514312,0.0,0.0
2166,2166,-3.0771633730925068,565.0,0.2607291185971389,0.0,0.0
2167,2167,-0.7964947118707891,565.0,0.2606088560885609,0.0,0.0
2168,2168,-4.506599340378677,565.0,0.260488704472107,0.0,0.0
2169,2169,-1.5250699470511966,565.0,0.26036866359447003,0.0,0.0
2170,2170,-4.660457563980354,565.0,0.26024873330262555,0.0,0.0
2171,2171,-1.601505647008025,565.0,0.26012891344383055,0.0,0.0
2172,2172,-3.185425852493879,565.0,0.26000920386562354,0.0,0.0
2173,2173,-1.0053220828400469,565.0,0.25988960441582337,0.0,0.0
2174,2174,-1.4109120265823998,565.0,0.2597701149425287,0.0,0.0
2175,2175,0.5152441003465036,565.0,0.25965073529411764,0.0,0.0
2176,2176,-1.480031158051634,565.0,0.25953146531924665,0.0,0.0
2177,2177,1.607241669011271,565.0,0.2594123048668503,0.0,0.0
2178,2178,-0.7368701086487865,565.0,0.25929325378614043,0.0,0.0
2179,2179,-0.4086781226876876,565.0,0.2591743119266055,0.0,0.0
2180,2180,-0.9068231451604594,565.0,0.2590554791380101,0.0,0.0
2181,2181,1.013666415939464,565.0,0.2589367552703941,0.0,0.0
2182,2182,0.9679021232622472,565.0,0.2588181401740724,0.0,0.0
2183,2183,0.6310207536999141,565.0,0.2586996336996337,0.0,0.0
2184,2184,0.1383116107519993,565.0,0.2585812356979405,0.0,0.0
2185,2185,1.0256201697946423,565.0,0.2584629460201281,0.0,0.0
2186,2186,0.0962569842085754,565.0,0.258344764517604,0.0,0.0
2187,2187,0.5817508645009816,565.0,0.25822669104204754,0.0,0.0
2188,2188,0.3414339004949366,565.0,0.25810872544540886,0.0,0.0
2189,2189,-1.1697593457966655,565.0,0.2579908675799087,0.0,0.0
2190,2190,0.8857880740312468,565.0,0.2578731172980374,0.0,0.0
2191,2191,-0.04823981128928,565.0,0.25775547445255476,0.0,0.0
2192,2192,0.566318381485866,565.0,0.25763793889648884,0.0,0.0
2193,2193,-0.939381230009426,565.0,0.25752051048313584,0.0,0.0
2194,2194,0.6719541980947539,565.0,0.25740318906605925,0.0,0.0
2195,2195,-0.3366538051774749,565.0,0.25728597449908924,0.0,0.0
2196,2196,0.1571517512225528,565.0,0.25716886663632227,0.0,0.0
2197,2197,-0.0878432268452047,565.0,0.2570518653321201,0.0,0.0
2198,2198,-1.0911098896648823,565.0,0.2569349704411096,0.0,0.0
2199,2199,-2.330590740177348,565.0,0.25681818181818183,0.0,0.0
2200,2200,-0.4329320495727394,565.0,0.2567014993184916,0.0,0.0
2201,2201,-2.037157061949378,565.0,0.25658492279745687,0.0,0.0
2202,2202,-0.1847150583307273,565.0,0.2564684521107581,0.0,0.0
2203,2203,-4.063993476201913,565.0,0.25635208711433755,0.0,0.0
2204,2204,-0.9785050656467452,565.0,0.2562358276643991,0.0,0.0
2205,2205,-3.180456844965654,565.0,0.25611967361740706,0.0,0.0
2206,2206,-2.622503485750378,565.0,0.2560036248300861,0.0,0.0
2207,2207,-3.6531944381551513,565.0,0.2558876811594203,0.0,0.0
2208,2208,-4.011745256759682,565.0,0.2557718424626528,0.0,0.0
2209,2209,-2.8517798827226213,565.0,0.25565610859728505,0.0,0.0
2210,2210,-3.5873193989396515,565.0,0.25554047942107644,0.0,0.0
2211,2211,-1.608104933723292,565.0,0.2554249547920434,0.0,0.0
2212,2212,-5.263711201070974,565.0,0.2553095345684591,0.0,0.0
2213,2213,-1.9094011190813307,565.0,0.2551942186088528,0.0,0.0
2214,2214,-5.729362105649642,565.0,0.255079006772009,0.0,0.0
2215,2215,-0.1756512002585672,565.0,0.2549638989169675,0.0,0.0
2216,2216,-5.169814692127496,565.0,0.2548488949030221,0.0,0.0
2217,2217,-0.5165833968976377,565.0,0.25473399458972046,0.0,0.0
2218,2218,-5.150263110713066,565.0,0.25461919783686343,0.0,0.0
2219,2219,-1.642129662995626,565.0,0.2545045045045045,0.0,0.0
2220,2220,-5.785102784377152,565.0,0.2543899144529491,0.0,0.0
2221,2221,-2.172624978362741,565.0,0.2542754275427543,0.0,0.0
2222,2222,-5.0714592541918195,565.0,0.25416104363472786,0.0,0.0
2223,2223,-3.1328192020723717,565.0,0.25404676258992803,0.0,0.0
2224,2224,-3.3802986033209814,565.0,0.2539325842696629,0.0,0.0
2225,2225,-2.7568894491199845,565.0,0.25381850853548965,0.0,0.0
2226,2226,-3.1792655133592898,565.0,0.2537045352492142,0.0,0.0
2227,2227,-1.857379181137329,565.0,0.2535906642728905,0.0,0.0
2228,2228,-3.021263882559725,565.0,0.2534768954688201,0.0,0.0
2229,2229,-2.959071030652809,565.0,0.2533632286995516,0.0,0.0
2230,2230,-0.6749682942591484,565.0,0.2532496638278799,0.0,0.0
2231,2231,-5.835457562763668,565.0,0.2531362007168459,0.0,0.0
2232,2232,-0.8294431531102595,565.0,0.2530228392297358,0.0,0.0
2233,2233,-4.740079861874108,565.0,0.25290957923008056,0.0,0.0
2234,2234,-0.7100878765412683,565.0,0.25279642058165547,0.0,0.0
2235,2235,-5.537896236789903,565.0,0.25268336314847945,0.0,0.0
2236,2236,-1.3483228277597945,565.0,0.25257040679481446,0.0,0.0
2237,2237,-5.7202919371315675,565.0,0.25245755138516535,0.0,0.0
2238,2238,-1.6762808993502365,565.0,0.2523447967842787,0.0,0.0
2239,2239,-5.636181679422986,565.0,0.25223214285714285,0.0,0.0
2240,2240,-0.967189997434017,199.0,0.08879964301651048,0.0,0.0
2241,2241,-5.545625012671572,565.0,0.252007136485281,0.0,0.0
2242,2242,-2.1003755215648723,565.0,0.2518947837717343,0.0,0.0
2243,2243,-4.642365716290885,565.0,0.2517825311942959,0.0,0.0
2244,2244,-1.5068672045561249,565.0,0.2516703786191537,0.0,0.0
2245,2245,-2.8629449153244044,565.0,0.25155832591273375,0.0,0.0
2246,2246,-2.8774041900493925,565.0,0.2514463729417,0.0,0.0
2247,2247,-3.2138199851197817,565.0,0.2513345195729537,0.0,0.0
2248,2248,-3.756863629493316,565.0,0.2512227656736327,0.0,0.0
2249,2249,-3.0764202971312686,565.0,0.2511111111111111,0.0,0.0
2250,2250,-4.260423479956123,565.0,0.25099955575299865,0.0,0.0
2251,2251,-2.0906994956700147,565.0,0.2508880994671403,0.0,0.0
2252,2252,-3.962414533455392,282.0,0.12516644474034622,0.0,0.0
2253,2253,-2.568539080441882,565.0,0.2506654835847382,0.0,0.0
2254,2254,-3.088131453782685,565.0,0.25055432372505543,0.0,0.0
2255,2255,-2.3983322271063345,565.0,0.2504432624113475,0.0,0.0
2256,2256,-2.2543910179388176,565.0,0.25033229951262737,0.0,0.0
2257,2257,-0.0450845917528708,565.0,0.25022143489813997,0.0,0.0
2258,2258,-2.8101979387428964,565.0,0.2501106684373617,0.0,0.0
2259,2259,-0.7145888060787874,565.0,0.25,0.0,0.0
2260,2260,-3.635979079090899,199.0,0.0880141530296329,0.0,0.0
2261,2261,-0.0085109454819838,565.0,0.2497789566755084,0.0,0.0
2262,2262,-2.8526293513440013,199.0,0.08793636765355722,0.0,0.0
2263,2263,0.0118896997336286,199.0,0.08789752650176678,0.0,0.0
2264,2264,-2.1017211918581102,565.0,0.24944812362030905,0.0,0.0
2265,2265,-0.946582761692322,565.0,0.24933804060017653,0.0,0.0
2266,2266,-1.084293916283594,199.0,0.08778120864578738,0.0,0.0
2267,2267,-1.146971062649037,565.0,0.24911816578483245,0.0,0.0
2268,2268,-0.3234880388840261,199.0,0.0877038342882327,0.0,0.0
2269,2269,-1.615585494524854,565.0,0.2488986784140969,0.0,0.0
2270,2270,-0.1433470690716389,565.0,0.24878907970057243,0.0,0.0
2271,2271,-2.1957616359456424,565.0,0.24867957746478872,0.0,0.0
2272,2272,0.5388714537167669,199.0,0.08754949406071272,0.0,0.0
2273,2273,-1.5498560834287511,199.0,0.08751099384344767,0.0,0.0
2274,2274,0.4051838579890783,199.0,0.08747252747252747,0.0,0.0
2275,2275,-1.0379782460028082,199.0,0.08743409490333919,0.0,0.0
2276,2276,-0.0132020896584424,565.0,0.2481335090030742,0.0,0.0
2277,2277,-1.6491004852649516,565.0,0.24802458296751537,0.0,0.0
2278,2278,1.3133538375685296,565.0,0.2479157525230364,0.0,0.0
2279,2279,-0.5515375787597979,565.0,0.24780701754385964,0.0,0.0
2280,2280,1.984857886354097,565.0,0.2476983779044279,0.0,0.0
2281,2281,-0.303959621736004,199.0,0.08720420683610867,0.0,0.0
2282,2282,2.5601491295033467,565.0,0.2474813841436706,0.0,0.0
2283,2283,2.3293251571168594,565.0,0.24737302977232925,0.0,0.0
2284,2284,0.1220380968590273,565.0,0.24726477024070023,0.0,0.0
2285,2285,2.728000215701636,565.0,0.24715660542432197,0.0,0.0
2286,2286,1.173984408686324,565.0,0.2470485351989506,0.0,0.0
2287,2287,1.9470852686160085,565.0,0.24694055944055945,0.0,0.0
2288,2288,1.0762522344265406,565.0,0.24683267802533856,0.0,0.0
2289,2289,1.9006742744248792,565.0,0.24672489082969432,0.0,0.0
2290,2290,2.540957848441502,282.0,0.12309035355739852,0.0,0.0
2291,2291,1.3071926701855674,565.0,0.24650959860383945,0.0,0.0
2292,2292,2.13043135018084,565.0,0.24640209332751853,0.0,0.0
2293,2293,2.569208404927277,565.0,0.24629468177855274,0.0,0.0
2294,2294,2.199225757013127,565.0,0.24618736383442266,0.0,0.0
2295,2295,1.479163143145442,565.0,0.2460801393728223,0.0,0.0
2296,2296,0.7974096172209248,565.0,0.2459730082716587,0.0,0.0
2297,2297,3.4002175457750328,799.0,0.3476936466492602,0.0,0.0
2298,2298,1.176228372538482,799.0,0.3475424097433667,0.0,0.0
2299,2299,3.905982557446999,565.0,0.24565217391304348,0.0,0.0
2300,2300,1.1563155515030223,565.0,0.24554541503694047,0.0,0.0
2301,2301,3.751687344588314,565.0,0.24543874891398784,0.0,0.0
2302,2302,-0.3314024866332437,799.0,0.3469387755102041,0.0,0.0
2303,2303,4.653499066891807,565.0,0.24522569444444445,0.0,0.0
2304,2304,-1.529509656283725,799.0,0.34663774403470715,0.0,0.0
2305,2305,2.878374006719465,799.0,0.34648742411101474,0.0,0.0
2306,2306,-2.274730704856807,565.0,0.24490680537494583,0.0,0.0
2307,2307,3.216622277245468,565.0,0.2448006932409012,0.0,0.0
2308,2308,-2.3673377057410536,565.0,0.24469467301862277,0.0,0.0
2309,2309,4.464201304090087,799.0,0.3458874458874459,0.0,0.0
2310,2310,-3.3167060692089367,565.0,0.2444829078321073,0.0,0.0
2311,2311,5.128562844172365,565.0,0.24437716262975778,0.0,0.0
2312,2312,-3.082801033312809,565.0,0.24427150886294854,0.0,0.0
2313,2313,3.77373940688474,799.0,0.3452895419187554,0.0,0.0
2314,2314,-2.6397198973275793,799.0,0.34514038876889847,0.0,0.0
2315,2315,4.000708175585913,799.0,0.34499136442141626,0.0,0.0
2316,2316,-2.7111167259927074,565.0,0.24384980578334053,0.0,0.0
2317,2317,4.593005152649864,565.0,0.24374460742018983,0.0,0.0
2318,2318,-2.0276735533199437,799.0,0.3445450625269513,0.0,0.0
2319,2319,4.404187654607649,799.0,0.3443965517241379,0.0,0.0
2320,2320,-2.920399614021131,565.0,0.24342955622576476,0.0,0.0
2321,2321,3.3483801796841286,799.0,0.3440999138673557,0.0,0.0
2322,2322,-3.8598335358202944,565.0,0.24321997417133018,0.0,0.0
2323,2323,2.549185384056862,799.0,0.34380378657487093,0.0,0.0
2324,2324,-2.730278292431401,799.0,0.3436559139784946,0.0,0.0
2325,2325,3.4164084984556373,565.0,0.24290627687016336,0.0,0.0
2326,2326,-3.7866717142777144,799.0,0.3433605500644607,0.0,0.0
2327,2327,1.2015529781912575,565.0,0.2426975945017182,0.0,0.0
2328,2328,-3.0211370020404074,799.0,0.34306569343065696,0.0,0.0
2329,2329,0.7755173029272296,799.0,0.34291845493562234,0.0,0.0
2330,2330,-3.777808539837622,799.0,0.34277134277134275,0.0,0.0
2331,2331,1.404386166976222,799.0,0.3426243567753002,0.0,0.0
2332,2332,-4.107677758287681,799.0,0.342477496785255,0.0,0.0
2333,2333,0.4575423336301328,799.0,0.34233076263924594,0.0,0.0
2334,2334,-4.001103379422094,799.0,0.34218415417558884,0.0,0.0
2335,2335,0.0504141977643869,799.0,0.3420376712328767,0.0,0.0
2336,2336,-2.166483083126629,799.0,0.3418913136499786,0.0,0.0
2337,2337,0.0865998848079819,799.0,0.34174508126603936,0.0,0.0
2338,2338,-1.3159743729720212,799.0,0.34159897392047883,0.0,0.0
2339,2339,-0.6237573028285145,799.0,0.34145299145299146,0.0,0.0
2340,2340,-2.595616494502434,799.0,0.3413071337035455,0.0,0.0
2341,2341,0.9497902095338048,799.0,0.3411614005123826,0.0,0.0
2342,2342,-0.519733219321171,799.0,0.34101579172001706,0.0,0.0
2343,2343,0.2846353675180628,799.0,0.3408703071672355,0.0,0.0
2344,2344,-1.852288111624891,799.0,0.34072494669509595,0.0,0.0
2345,2345,-1.3578088960704815,799.0,0.34057971014492755,0.0,0.0
2346,2346,-2.454995185662274,799.0,0.34043459735832976,0.0,0.0
2347,2347,-3.1577084381242138,799.0,0.3402896081771721,0.0,0.0
2348,2348,-0.743328423273508,799.0,0.340144742443593,0.0,0.0
2349,2349,-4.64384444385213,799.0,0.34,0.0,0.0
2350,2350,-0.2245676632210826,799.0,0.3398553806890685,0.0,0.0
2351,2351,-4.415072775889903,799.0,0.33971088435374147,0.0,0.0
2352,2352,-1.7166323782713333,565.0,0.24011899702507436,0.0,0.0
2353,2353,-4.351878115199296,799.0,0.3394222599830076,0.0,0.0
2354,2354,-0.7336742783259976,799.0,0.3392781316348195,0.0,0.0
2355,2355,-4.786771404636972,799.0,0.33913412563667233,0.0,0.0
2356,2356,-0.4281170408241803,799.0,0.3389902418328384,0.0,0.0
2357,2357,-5.824068986473844,799.0,0.3388464800678541,0.0,0.0
2358,2358,-0.9945555072480622,799.0,0.3387028401865197,0.0,0.0
2359,2359,-5.743690951081359,799.0,0.3385593220338983,0.0,0.0
2360,2360,-1.274137605909366,799.0,0.33841592545531557,0.0,0.0
2361,2361,-3.483767082024987,799.0,0.338272650296359,0.0,0.0
2362,2362,-1.9307942192628964,799.0,0.3381294964028777,0.0,0.0
2363,2363,-3.9453496445900726,799.0,0.3379864636209814,0.0,0.0
2364,2364,-2.200485606175552,799.0,0.3378435517970402,0.0,0.0
2365,2365,-4.461308840049703,799.0,0.33770076077768385,0.0,0.0
2366,2366,-1.785856871838735,799.0,0.33755809040980145,0.0,0.0
2367,2367,-2.576517613045886,799.0,0.3374155405405405,0.0,0.0
2368,2368,1.817337822220256,799.0,0.3372731110173069,0.0,0.0
2369,2369,-1.2034587938561825,799.0,0.3371308016877637,0.0,0.0
2370,2370,1.075771852985237,799.0,0.3369886123998313,0.0,0.0
2371,2371,0.769833234658126,799.0,0.3368465430016863,0.0,0.0
2372,2372,-0.8235259263510453,799.0,0.3367045933417615,0.0,0.0
2373,2373,3.060200357251963,799.0,0.33656276326874474,0.0,0.0
2374,2374,-1.6083221437108115,799.0,0.33642105263157895,0.0,0.0
2375,2375,2.2716105480541455,799.0,0.3362794612794613,0.0,0.0
2376,2376,-2.061000633612126,799.0,0.33613798906184267,0.0,0.0
2377,2377,2.6711446288116005,799.0,0.33599663582842726,0.0,0.0
2378,2378,-2.536336955841585,799.0,0.3358554014291719,0.0,0.0
2379,2379,2.706722048920989,799.0,0.3357142857142857,0.0,0.0
2380,2380,-1.7181501185583177,799.0,0.3355732885342293,0.0,0.0
2381,2381,2.181346813430173,799.0,0.3354324097397145,0.0,0.0
2382,2382,-1.1217007807191286,799.0,0.33529164918170373,0.0,0.0
2383,2383,1.5969802482823043,799.0,0.3351510067114094,0.0,0.0
2384,2384,1.289099896453255,799.0,0.3350104821802935,0.0,0.0
2385,2385,2.460469534347184,799.0,0.3348700754400671,0.0,0.0
2386,2386,1.5911300673085689,141.0,0.059069962295768746,0.0,0.0
2387,2387,0.9096370328163632,799.0,0.3345896147403685,0.0,0.0
2388,2388,1.9075560812038863,799.0,0.3344495604855588,0.0,0.0
2389,2389,-0.2545339979414683,799.0,0.3343096234309623,0.0,0.0
2390,2390,0.9269568017741472,799.0,0.3341698034295274,0.0,0.0
2391,2391,1.2421752323891155,799.0,0.3340301003344482,0.0,0.0
2392,2392,0.8979302150151849,799.0,0.33389051399916425,0.0,0.0
2393,2393,-0.0108684206762601,799.0,0.3337510442773601,0.0,0.0
2394,2394,1.912978111097112,799.0,0.3336116910229645,0.0,0.0
2395,2395,2.2483594805797105,799.0,0.33347245409015025,0.0,0.0
2396,2396,0.2904255419629142,799.0,0.3333333333333333,0.0,0.0
2397,2397,1.4766221984965286,799.0,0.33319432860717263,0.0,0.0
2398,2398,0.0548203361096175,141.0,0.05877448937057107,0.0,0.0
2399,2399,1.8922211980113224,799.0,0.3329166666666667,0.0,0.0
2400,2400,-0.4354487678152091,799.0,0.33277800916284883,0.0,0.0
2401,2401,0.974798476341584,799.0,0.33263946711074105,0.0,0.0
2402,2402,-1.1953373744529785,799.0,0.3325010403662089,0.0,0.0
2403,2403,1.668243611532436,799.0,0.3323627287853577,0.0,0.0
2404,2404,-1.7592747595464249,799.0,0.33222453222453224,0.0,0.0
2405,2405,1.9958933565453192,799.0,0.3320864505403159,0.0,0.0
2406,2406,-2.632380878227736,799.0,0.33194848358953055,0.0,0.0
2407,2407,1.63777237549335,799.0,0.3318106312292359,0.0,0.0
2408,2408,-3.947857331719858,799.0,0.33167289331672895,0.0,0.0
2409,2409,0.4017240778837503,799.0,0.33153526970954356,0.0,0.0
2410,2410,-3.573960038099098,799.0,0.33139776026545004,0.0,0.0
2411,2411,0.2260487298459675,799.0,0.3312603648424544,0.0,0.0
2412,2412,-3.762491616264258,799.0,0.3311230832987982,0.0,0.0
2413,2413,1.4059064738237987,799.0,0.33098591549295775,0.0,0.0
2414,2414,-2.046262051809601,799.0,0.3308488612836439,0.0,0.0
2415,2415,1.0060195096844198,799.0,0.3307119205298013,0.0,0.0
2416,2416,-2.991710011561815,799.0,0.3305750930906082,0.0,0.0
2417,2417,-0.0638241359315147,799.0,0.3304383788254756,0.0,0.0
2418,2418,-3.415172029740812,799.0,0.3303017775940471,0.0,0.0
2419,2419,-0.1091642966843762,799.0,0.33016528925619837,0.0,0.0
2420,2420,-2.695273983732131,799.0,0.33002891367203635,0.0,0.0
2421,2421,0.949664333067254,799.0,0.32989265070189927,0.0,0.0
2422,2422,-1.7975354086933155,799.0,0.3297565002063558,0.0,0.0
2423,2423,2.2770319818365063,799.0,0.3296204620462046,0.0,0.0
2424,2424,-1.8266673370792037,799.0,0.32948453608247424,0.0,0.0
2425,2425,0.2634510224777999,799.0,0.3293487221764221,0.0,0.0
2426,2426,-2.1587952577055383,799.0,0.3292130201895344,0.0,0.0
2427,2427,0.7798791588182751,799.0,0.3290774299835255,0.0,0.0
2428,2428,-0.4143080756811876,799.0,0.3289419514203376,0.0,0.0
2429,2429,0.6651457838082401,799.0,0.32880658436213994,0.0,0.0
2430,2430,0.5974172286583319,799.0,0.32867132867132864,0.0,0.0
2431,2431,0.8921950278914268,799.0,0.3285361842105263,0.0,0.0
2432,2432,2.628968353385462,799.0,0.3284011508425812,0.0,0.0
2433,2433,-1.9293778497540208,799.0,0.32826622843056696,0.0,0.0
2434,2434,1.490071997218155,799.0,0.32813141683778235,0.0,0.0
2435,2435,-1.9722031546750476,799.0,0.3279967159277504,0.0,0.0
2436,2436,1.9723618022448428,799.0,0.3278621255642183,0.0,0.0
2437,2437,-1.9199971792539117,799.0,0.3277276456111567,0.0,0.0
2438,2438,1.005496506088131,799.0,0.32759327593275933,0.0,0.0
2439,2439,-1.8726178869170165,799.0,0.3274590163934426,0.0,0.0
2440,2440,1.144985108937693,799.0,0.3273248668578451,0.0,0.0
2441,2441,-2.0743536926146007,799.0,0.3271908271908272,0.0,0.0
2442,2442,-0.5876938883733593,799.0,0.32705689725747034,0.0,0.0
2443,2443,-2.514782899328766,799.0,0.3269230769230769,0.0,0.0
2444,2444,-1.5546556496141637,799.0,0.3267893660531697,0.0,0.0
2445,2445,-1.5111162211497442,799.0,0.32665576451349143,0.0,0.0
2446,2446,-2.1940552375653244,799.0,0.32652227217000407,0.0,0.0
2447,2447,-1.2165442248650635,799.0,0.3263888888888889,0.0,0.0
2448,2448,-1.7855486940053924,799.0,0.3262556145365455,0.0,0.0
2449,2449,-1.6794661534488813,799.0,0.32612244897959186,0.0,0.0
2450,2450,-1.3857998945498091,799.0,0.3259893920848633,0.0,0.0
2451,2451,-1.211211117068427,799.0,0.32585644371941275,0.0,0.0
2452,2452,0.9685415385049396,799.0,0.32572360375050957,0.0,0.0
2453,2453,-2.017454174282883,799.0,0.32559087204563975,0.0,0.0
2454,2454,0.8080261584883888,799.0,0.3254582484725051,0.0,0.0
2455,2455,-1.034203041195079,799.0,0.3253257328990228,0.0,0.0
2456,2456,0.1946576516214396,799.0,0.32519332519332517,0.0,0.0
2457,2457,-1.5539451826564374,799.0,0.3250610252237592,0.0,0.0
2458,2458,-0.1706564944754074,799.0,0.32492883285888574,0.0,0.0
2459,2459,-0.4024501161725028,799.0,0.32479674796747965,0.0,0.0
2460,2460,2.7889933353267726,799.0,0.32466477041852904,0.0,0.0
2461,2461,-1.2223787634359156,799.0,0.32453290008123475,0.0,0.0
2462,2462,0.4110768929398354,799.0,0.32440113682501015,0.0,0.0
2463,2463,-0.661361756747977,799.0,0.3242694805194805,0.0,0.0
2464,2464,-0.7694782475393616,799.0,0.32413793103448274,0.0,0.0
2465,2465,-2.184981369631706,799.0,0.3240064882400649,0.0,0.0
2466,2466,-1.9554129700925664,799.0,0.3238751520064856,0.0,0.0
2467,2467,-4.2545316452064315,799.0,0.32374392220421394,0.0,0.0
2468,2468,-0.0805472421509811,799.0,0.32361279870392873,0.0,0.0
2469,2469,-2.279227936926298,799.0,0.32348178137651823,0.0,0.0
2470,2470,1.0770384491249736,799.0,0.3233508700930797,0.0,0.0
2471,2471,-1.0963956813892115,799.0,0.3232200647249191,0.0,0.0
2472,2472,1.1803282288429158,799.0,0.32308936514355036,0.0,0.0
2473,2473,-1.616171396471328,799.0,0.3229587712206952,0.0,0.0
2474,2474,-0.2133677214849687,799.0,0.32282828282828285,0.0,0.0
2475,2475,-1.0690541970200655,799.0,0.3226978998384491,0.0,0.0
2476,2476,1.986884455221382,799.0,0.3225676221235365,0.0,0.0
2477,2477,1.0052483176583529,799.0,0.3224374495560936,0.0,0.0
2478,2478,1.566288539479303,799.0,0.32230738200887454,0.0,0.0
2479,2479,2.0141107219415297,799.0,0.32217741935483873,0.0,0.0
2480,2480,1.2710518079042388,799.0,0.32204756146715036,0.0,0.0
2481,2481,2.9868713014118313,799.0,0.3219178082191781,0.0,0.0
2482,2482,0.9716857769486325,799.0,0.3217881594844946,0.0,0.0
2483,2483,1.6253527950862807,799.0,0.321658615136876,0.0,0.0
2484,2484,-0.5619250416129209,799.0,0.3215291750503018,0.0,0.0
2485,2485,1.8439757471606628,799.0,0.32139983909895414,0.0,0.0
2486,2486,0.1258678529841033,799.0,0.32127060715721756,0.0,0.0
2487,2487,1.524331170817396,799.0,0.32114147909967844,0.0,0.0
2488,2488,-1.2186934074432698,799.0,0.32101245480112495,0.0,0.0
2489,2489,-0.0394464452650216,799.0,0.3208835341365462,0.0,0.0
2490,2490,-2.228969186825043,799.0,0.32075471698113206,0.0,0.0
2491,2491,1.3581478258423585,799.0,0.32062600321027285,0.0,0.0
2492,2492,-4.351606793711174,799.0,0.3204973926995588,0.0,0.0
2493,2493,0.6566514577448915,799.0,0.3203688853247795,0.0,0.0
2494,2494,-4.467918715260284,799.0,0.32024048096192387,0.0,0.0
2495,2495,0.3092375526959078,799.0,0.32011217948717946,0.0,0.0
2496,2496,-5.1748502233159,799.0,0.3199839807769323,0.0,0.0
2497,2497,1.015838017154125,799.0,0.3198558847077662,0.0,0.0
2498,2498,-4.611143274447638,799.0,0.3197278911564626,0.0,0.0
2499,2499,0.2476817898744423,799.0,0.3196,0.0,0.0
2500,2500,-4.394501964789097,799.0,0.3194722111155538,0.0,0.0
2501,2501,-0.1402477372245945,799.0,0.3193445243804956,0.0,0.0
2502,2502,-3.920464861952389,799.0,0.3192169396723931,0.0,0.0
2503,2503,-1.08545857153045,799.0,0.3190894568690096,0.0,0.0
2504,2504,-5.3885705184130295,799.0,0.3189620758483034,0.0,0.0
2505,2505,-1.9070771532114197,799.0,0.3188347964884278,0.0,0.0
2506,2506,-4.392185939556313,799.0,0.31870761866773034,0.0,0.0
2507,2507,-2.4728255206141965,799.0,0.3185805422647528,0.0,0.0
2508,2508,-5.1280571539711755,141.0,0.056197688322040654,0.0,0.0
2509,2509,-1.1816182422481134,799.0,0.3183266932270916,0.0,0.0
2510,2510,-6.005335255237009,799.0,0.31819992035045797,0.0,0.0
2511,2511,-0.2247286981037539,799.0,0.31807324840764334,0.0,0.0
2512,2512,-7.813152537683186,799.0,0.3179466772781536,0.0,0.0
2513,2513,0.1172943642393485,799.0,0.31782020684168655,0.0,0.0
2514,2514,-4.793211529511456,799.0,0.3176938369781312,0.0,0.0
2515,2515,1.0473781498233747,799.0,0.31756756756756754,0.0,0.0
2516,2516,-4.970610087539952,799.0,0.3174413984902662,0.0,0.0
2517,2517,0.8247349327124468,799.0,0.31731532962668785,0.0,0.0
2518,2518,-3.933655961403537,799.0,0.3171893608574831,0.0,0.0
2519,2519,1.396324205787817,799.0,0.31706349206349205,0.0,0.0
2520,2520,-3.394854195113702,799.0,0.31693772312574375,0.0,0.0
2521,2521,-1.1790174123704027,799.0,0.31681205392545597,0.0,0.0
2522,2522,-2.6478508180567095,799.0,0.3166864843440349,0.0,0.0
2523,2523,-1.1249012086550227,799.0,0.3165610142630745,0.0,0.0
2524,2524,-3.224295254626656,799.0,0.31643564356435644,0.0,0.0
2525,2525,-1.3242529764479147,799.0,0.3163103721298496,0.0,0.0
2526,2526,-3.828070882717264,799.0,0.31618519984170956,0.0,0.0
2527,2527,0.9501062711548258,799.0,0.3160601265822785,0.0,0.0
2528,2528,-4.403762018804687,799.0,0.31593515223408464,0.0,0.0
2529,2529,2.433613222927234,799.0,0.3158102766798419,0.0,0.0
2530,2530,-0.8970635755085619,799.0,0.31568549980244964,0.0,0.0
2531,2531,2.1994661016508004,799.0,0.3155608214849921,0.0,0.0
2532,2532,0.4654939891694477,799.0,0.31543624161073824,0.0,0.0
2533,2533,0.7614748903234869,799.0,0.31531176006314127,0.0,0.0
2534,2534,2.7128568786580978,799.0,0.31518737672583824,0.0,0.0
2535,2535,0.4942061012916123,799.0,0.3150630914826498,0.0,0.0
2536,2536,2.7649071624962027,799.0,0.3149389042175798,0.0,0.0
2537,2537,0.8466349139309375,799.0,0.3148148148148148,0.0,0.0
2538,2538,0.6934052830263961,799.0,0.31469082315872393,0.0,0.0
2539,2539,0.2341839572744702,799.0,0.31456692913385825,0.0,0.0
2540,2540,1.860838469911624,799.0,0.3144431326249508,0.0,0.0
2541,2541,0.4721007026733474,799.0,0.3143194335169158,0.0,0.0
2542,2542,2.4794982269991315,799.0,0.3141958316948486,0.0,0.0
2543,2543,-0.9229330881485576,799.0,0.31407232704402516,0.0,0.0
2544,2544,0.8996862793183253,799.0,0.3139489194499018,0.0,0.0
2545,2545,-0.3486579517758048,799.0,0.31382560879811466,0.0,0.0
2546,2546,0.8539918605937015,799.0,0.31370239497447977,0.0,0.0
2547,2547,-0.6566026647621135,799.0,0.3135792778649921,0.0,0.0
2548,2548,0.5271242206229649,799.0,0.31345625735582583,0.0,0.0
2549,2549,-1.3458631398140524,799.0,0.31333333333333335,0.0,0.0
2550,2550,1.2412438392657197,799.0,0.31321050568404546,0.0,0.0
2551,2551,-1.7979500234234624,799.0,0.31308777429467083,0.0,0.0
2552,2552,1.1928881657966146,799.0,0.31296513905209555,0.0,0.0
2553,2553,-1.569420630764802,799.0,0.3128425998433829,0.0,0.0
2554,2554,0.7507355234267139,799.0,0.312720156555773,0.0,0.0
2555,2555,-0.8017357312405495,799.0,0.31259780907668233,0.0,0.0
2556,2556,-0.1894822340671877,799.0,0.3124755572937036,0.0,0.0
2557,2557,-0.8858784786271914,799.0,0.3123534010946052,0.0,0.0
2558,2558,0.9107079030743978,799.0,0.31223134036733097,0.0,0.0
2559,2559,-1.010889852151707,799.0,0.312109375,0.0,0.0
2560,2560,2.631359725696073,799.0,0.3119875048809059,0.0,0.0
2561,2561,-1.825306144964284,799.0,0.3118657298985168,0.0,0.0
2562,2562,2.0993937322181044,799.0,0.3117440499414748,0.0,0.0
2563,2563,-2.007618467525938,799.0,0.31162246489859596,0.0,0.0
2564,2564,1.3148893255617562,799.0,0.3115009746588694,0.0,0.0
2565,2565,-0.9363674806647792,799.0,0.3113795791114575,0.0,0.0
2566,2566,-0.2776976871809611,799.0,0.31125827814569534,0.0,0.0
2567,2567,-1.7323266828318271,799.0,0.31113707165109034,0.0,0.0
2568,2568,1.5028561305087904,799.0,0.3110159595173219,0.0,0.0
2569,2569,-1.523007163031387,799.0,0.31089494163424125,0.0,0.0
2570,2570,3.149109701813207,799.0,0.31077401789187087,0.0,0.0
2571,2571,-2.3357877635542,799.0,0.3106531881804043,0.0,0.0
2572,2572,4.440149252883743,799.0,0.310532452390206,0.0,0.0
2573,2573,-2.2027270168928865,799.0,0.31041181041181043,0.0,0.0
2574,2574,3.955287502900442,799.0,0.31029126213592234,0.0,0.0
2575,2575,-0.7234957655341274,1131.0,0.4390527950310559,0.0,0.0
2576,2576,3.3819276817325803,799.0,0.3100504462553357,0.0,0.0
2577,2577,-1.9046875819548297,799.0,0.3099301784328937,0.0,0.0
2578,2578,3.606415491589156,1131.0,0.43854207056998834,0.0,0.0
2579,2579,-3.1278423750752413,1131.0,0.4383720930232558,0.0,0.0
2580,2580,3.1338166571337776,799.0,0.3095699341340566,0.0,0.0
2581,2581,-2.2586383657176636,799.0,0.3094500387296669,0.0,0.0
2582,2582,3.2471493922354533,1131.0,0.437862950058072,0.0,0.0
2583,2583,-2.5432581050436287,799.0,0.3092105263157895,0.0,0.0
2584,2584,3.500117184693779,799.0,0.3090909090909091,0.0,0.0
2585,2585,-2.215857544457686,1131.0,0.43735498839907194,0.0,0.0
2586,2586,3.3363388522397237,799.0,0.30885195206803245,0.0,0.0
2587,2587,-2.931931050740294,1131.0,0.43701700154559503,0.0,0.0
2588,2588,2.1109668906346735,1131.0,0.43684820393974505,0.0,0.0
2589,2589,-4.64122507708203,1131.0,0.4366795366795367,0.0,0.0
2590,2590,1.2191917260887886,1131.0,0.43651099961404866,0.0,0.0
2591,2591,-4.880072439891124,799.0,0.3082561728395062,0.0,0.0
2592,2592,2.271534063899359,1131.0,0.4361743154647127,0.0,0.0
2593,2593,-3.8468407954847574,1131.0,0.43600616808018505,0.0,0.0
2594,2594,1.5241859110513367,1131.0,0.43583815028901735,0.0,0.0
2595,2595,-5.105132868407472,1131.0,0.43567026194144837,0.0,0.0
2596,2596,2.1478853365568424,1131.0,0.4355025028879476,0.0,0.0
2597,2597,-6.048327082267632,799.0,0.3075442648190916,0.0,0.0
2598,2598,1.7372728350152735,1131.0,0.4351673720661793,0.0,0.0
2599,2599,-4.934083484388736,1131.0,0.435,0.0,0.0
2600,2600,-5.354211867437808,1131.0,0.4348327566320646,0.0,0.0
2601,2601,-0.0720817146074528,1131.0,0.43466564181398926,0.0,0.0
2602,2602,-5.853041236346215,1131.0,0.4344986553976181,0.0,0.0
2603,2603,-6.62439649155958,141.0,0.05414746543778802,0.0,0.0
2604,2604,-0.472728989508504,141.0,0.05412667946257198,0.0,0.0
2605,2605,-4.579204519678561,141.0,0.054105909439754414,0.0,0.0
2606,2606,-6.0108055574874895,141.0,0.05408515535097814,0.0,0.0
2607,2607,-0.0932718359744114,1131.0,0.43366564417177916,0.0,0.0
2608,2608,-2.7903388368829622,1131.0,0.4334994250670755,0.0,0.0
2609,2609,-5.501158594853437,141.0,0.054022988505747126,0.0,0.0
2610,2610,-0.497302541245268,141.0,0.05400229797012639,0.0,0.0
2611,2611,-2.991250709577468,1131.0,0.4330015313935682,0.0,0.0
2612,2612,-5.662545665235037,141.0,0.0539609644087256,0.0,0.0
2613,2613,-1.1758865001289736,1131.0,0.43267023718439174,0.0,0.0
2614,2614,-3.6736856370680706,141.0,0.053919694072657745,0.0,0.0
2615,2615,-4.838926670030358,141.0,0.05389908256880734,0.0,0.0
2616,2616,-2.309418346604661,1131.0,0.4321742453190676,0.0,0.0
2617,2617,-3.6631471766874433,1131.0,0.4320091673032849,0.0,0.0
2618,2618,-3.559103138230904,1131.0,0.43184421534937,0.0,0.0
2619,2619,-1.7438251351782887,1131.0,0.4316793893129771,0.0,0.0
2620,2620,-1.7697224226015835,1131.0,0.4315146890499809,0.0,0.0
2621,2621,-4.347751157465005,1131.0,0.43135011441647597,0.0,0.0
2622,2622,-1.692666991135209,1131.0,0.4311856652687762,0.0,0.0
2623,2623,-2.981145234507543,1131.0,0.43102134146341464,0.0,0.0
2624,2624,-4.57460586553851,1131.0,0.4308571428571429,0.0,0.0
2625,2625,-0.6616824453647032,1131.0,0.4306930693069307,0.0,0.0
2626,2626,-3.587422794072658,1131.0,0.43052912066996574,0.0,0.0
2627,2627,-4.52060972713553,1131.0,0.430365296803653,0.0,0.0
2628,2628,-0.0278795553327617,1131.0,0.4302015975656143,0.0,0.0
2629,2629,-2.9377894825063917,1131.0,0.4300380228136882,0.0,0.0
2630,2630,-6.222352511059242,1131.0,0.4298745724059293,0.0,0.0
2631,2631,-0.8734576081712692,1131.0,0.4297112462006079,0.0,0.0
2632,2632,-1.5255584132235218,1131.0,0.42954804405620967,0.0,0.0
2633,2633,-4.0360033866348815,1131.0,0.4293849658314351,0.0,0.0
2634,2634,-0.5534904206682619,1131.0,0.4292220113851992,0.0,0.0
2635,2635,0.5475992794313409,1131.0,0.4290591805766313,0.0,0.0
2636,2636,-2.9674053839396737,1131.0,0.42889647326507396,0.0,0.0
2637,2637,-0.4357945463708045,1131.0,0.4287338893100834,0.0,0.0
2638,2638,-0.1702707014557481,1131.0,0.42857142857142855,0.0,0.0
2639,2639,-2.883408623162767,1131.0,0.4284090909090909,0.0,0.0
2640,2640,-0.5503213864015505,1131.0,0.4282468761832639,0.0,0.0
2641,2641,-1.9207041732860064,1131.0,0.42808478425435276,0.0,0.0
2642,2642,-2.9447099161765244,1131.0,0.4279228149829739,0.0,0.0
2643,2643,-0.5213256522796637,1131.0,0.42776096822995463,0.0,0.0
2644,2644,-1.6554663256244448,1131.0,0.4275992438563327,0.0,0.0
2645,2645,-3.2254419290203775,1131.0,0.427437641723356,0.0,0.0
2646,2646,1.5156429929174406,1131.0,0.42727616169248206,0.0,0.0
2647,2647,-3.1643819225131775,1131.0,0.4271148036253776,0.0,0.0
2648,2648,-4.090520580261946,799.0,0.30162325405813517,0.0,0.0
2649,2649,4.221527363947611,1131.0,0.4267924528301887,0.0,0.0
2650,2650,-3.359271909288861,1131.0,0.4266314598264806,0.0,0.0
2651,2651,-3.293709939766454,1131.0,0.4264705882352941,0.0,0.0
2652,2652,3.25779216615818,1131.0,0.4263098379193366,0.0,0.0
2653,2653,-4.000337586577189,1131.0,0.42614920874152223,0.0,0.0
2654,2654,-3.641177047310327,1131.0,0.42598870056497173,0.0,0.0
2655,2655,2.2603169372214205,799.0,0.30082831325301207,0.0,0.0
2656,2656,-5.342620870651855,799.0,0.30071509220925857,0.0,0.0
2657,2657,-2.6924335010712315,1131.0,0.4255079006772009,0.0,0.0
2658,2658,2.32001097352321,799.0,0.30048890560361036,0.0,0.0
2659,2659,-5.380714913757325,1131.0,0.425187969924812,0.0,0.0
2660,2660,-2.3733362563374887,799.0,0.3002630590003758,0.0,0.0
2661,2661,2.9477618076087295,799.0,0.3001502629601803,0.0,0.0
2662,2662,-4.463767813907967,282.0,0.10589560645888096,0.0,0.0
2663,2663,-1.8555213674156523,1131.0,0.42454954954954954,0.0,0.0
2664,2664,3.16835300369814,799.0,0.299812382739212,0.0,0.0
2665,2665,-3.2696157830284336,1131.0,0.4242310577644411,0.0,0.0
2666,2666,-1.746614787571668,199.0,0.0746156730408699,0.0,0.0
2667,2667,3.775934785163901,199.0,0.07458770614692653,0.0,0.0
2668,2668,-2.057145324683233,1131.0,0.4237542150618209,0.0,0.0
2669,2669,-3.216061900530115,199.0,0.0745318352059925,0.0,0.0
2670,2670,2.547400701887377,199.0,0.07450393111194309,0.0,0.0
2671,2671,-1.2256604314415478,199.0,0.07447604790419161,0.0,0.0
2672,2672,-2.7745779685790275,799.0,0.2989150766928545,0.0,0.0
2673,2673,2.024796679252812,199.0,0.07442034405385191,0.0,0.0
2674,2674,-2.208650595591847,1131.0,0.422803738317757,0.0,0.0
2675,2675,-0.9593817443224896,199.0,0.07436472346786248,0.0,0.0
2676,2676,1.3626829351440055,199.0,0.07433694434067986,0.0,0.0
2677,2677,-2.292728697082437,199.0,0.0743091859596714,0.0,0.0
2678,2678,-0.5735469515509608,565.0,0.2108995893990295,0.0,0.0
2679,2679,-1.1338017976957184,199.0,0.07425373134328359,0.0,0.0
2680,2680,-0.5169256225877477,199.0,0.0742260350615442,0.0,0.0
2681,2681,-0.6281217200928405,199.0,0.07419835943325877,0.0,0.0
2682,2682,-1.0084207071038114,199.0,0.07417070443533358,0.0,0.0
2683,2683,-1.0035999882386315,199.0,0.0741430700447094,0.0,0.0
2684,2684,0.1036948692189209,565.0,0.21042830540037244,0.0,0.0
2685,2685,-2.4959024469127264,282.0,0.10498883097542815,0.0,0.0
2686,2686,-1.728325827433393,199.0,0.07406029028656494,0.0,0.0
2687,2687,1.494220468165662,199.0,0.0740327380952381,0.0,0.0
2688,2688,-2.454875444370518,199.0,0.07400520639642989,0.0,0.0
2689,2689,-3.6185964365776586,199.0,0.07397769516728625,0.0,0.0
2690,2690,1.1968336560052095,199.0,0.07395020438498699,0.0,0.0
2691,2691,-3.3644286985342777,199.0,0.07392273402674591,0.0,0.0
2692,2692,-4.672272224173659,199.0,0.07389528406981062,0.0,0.0
2693,2693,1.6640938265863876,199.0,0.0738678544914625,0.0,0.0
2694,2694,-3.5966949749373307,199.0,0.0738404452690167,0.0,0.0
2695,2695,-2.530023035180715,141.0,0.05229970326409496,0.0,0.0
2696,2696,0.5913120714672444,199.0,0.07378568780126066,0.0,0.0
2697,2697,-2.704597519020086,199.0,0.0737583395107487,0.0,0.0
2698,2698,-3.702372610030653,141.0,0.05224157095220452,0.0,0.0
2699,2699,-0.945469695767217,199.0,0.0737037037037037,0.0,0.0
2700,2700,-1.8821586571343576,141.0,0.05220288781932617,0.0,0.0
2701,2701,-4.206575829759529,141.0,0.05218356772760918,0.0,0.0
2702,2702,-0.6082155867990396,199.0,0.073621901590825,0.0,0.0
2703,2703,-1.7047684472871416,141.0,0.052144970414201186,0.0,0.0
2704,2704,-3.143695607593804,199.0,0.07356746765249537,0.0,0.0
2705,2705,-0.776585077215115,141.0,0.052106430155210645,0.0,0.0
2706,2706,-1.8673958310424257,199.0,0.07351311414850388,0.0,0.0
2707,2707,-2.80142929438738,141.0,0.05206794682422452,0.0,0.0
2708,2708,-0.3869307358437992,141.0,0.05204872646733112,0.0,0.0
2709,2709,-1.3687751010617046,141.0,0.052029520295202955,0.0,0.0
2710,2710,-3.0184467369710255,199.0,0.0734046477314644,0.0,0.0
2711,2711,1.2982531062866984,199.0,0.07337758112094395,0.0,0.0
2712,2712,-1.9900750724339615,199.0,0.07335053446369333,0.0,0.0
2713,2713,-3.194942866058714,199.0,0.0733235077376566,0.0,0.0
2714,2714,-0.8955852661051682,199.0,0.07329650092081032,0.0,0.0
2715,2715,-2.389710376735209,199.0,0.07326951399116348,0.0,0.0
2716,2716,-2.8105427867358443,199.0,0.07324254692675745,0.0,0.0
2717,2717,0.0245426237779431,199.0,0.07321559970566593,0.0,0.0
2718,2718,-1.900613327702217,199.0,0.07318867230599485,0.0,0.0
2719,2719,-1.1880657293751924,199.0,0.07316176470588236,0.0,0.0
2720,2720,0.9749380287116594,199.0,0.07313487688349872,0.0,0.0
2721,2721,-2.093306802521221,199.0,0.0731080088170463,0.0,0.0
2722,2722,1.4420022316418322,199.0,0.07308116048475946,0.0,0.0
2723,2723,2.3162765072565294,199.0,0.07305433186490455,0.0,0.0
2724,2724,-0.3334732029133429,199.0,0.07302752293577981,0.0,0.0
2725,2725,-0.1256938456201997,141.0,0.05172413793103448,0.0,0.0
2726,2726,2.9053410609623636,199.0,0.07297396406307298,0.0,0.0
2727,2727,-1.6297311594974808,141.0,0.05168621700879766,0.0,0.0
2728,2728,0.2207205180133212,199.0,0.07292048369366068,0.0,0.0
2729,2729,4.469187754528548,141.0,0.051648351648351645,0.0,0.0
2730,2730,-3.881850029978245,199.0,0.0728670816550714,0.0,0.0
2731,2731,0.4118000377574645,199.0,0.07284040995607613,0.0,0.0
2732,2732,5.01377126129697,141.0,0.05159165751920966,0.0,0.0
2733,2733,-4.132890200171598,141.0,0.05157278712509144,0.0,0.0
2734,2734,-0.2471635332872082,141.0,0.051553930530164535,0.0,0.0
2735,2735,3.653745192425151,141.0,0.051535087719298246,0.0,0.0
2736,2736,-3.174596043722541,199.0,0.07270734380708806,0.0,0.0
2737,2737,0.4702224222330954,199.0,0.07268078889700512,0.0,0.0
2738,2738,4.562003987354431,141.0,0.05147864184008762,0.0,0.0
2739,2739,-3.0188964418434447,141.0,0.05145985401459854,0.0,0.0
2740,2740,2.221041742641521,199.0,0.0726012404232032,0.0,0.0
2741,2741,3.1676276871355653,141.0,0.05142231947483589,0.0,0.0
2742,2742,-3.8825756526455306,141.0,0.05140357273058695,0.0,0.0
2743,2743,1.1743822128486208,141.0,0.05138483965014577,0.0,0.0
2744,2744,1.3571662330010408,141.0,0.05136612021857923,0.0,0.0
2745,2745,-4.379601998808548,141.0,0.05134741442097596,0.0,0.0
2746,2746,0.8239037388675909,141.0,0.051328722242446306,0.0,0.0
2747,2747,1.885904867917702,141.0,0.05131004366812227,0.0,0.0
2748,2748,-2.9557555282358763,199.0,0.07238995998544925,0.0,0.0
2749,2749,1.204558010126059,199.0,0.07236363636363637,0.0,0.0
2750,2750,2.4471232038243236,141.0,0.05125408942202835,0.0,0.0
2751,2751,-4.191444738324418,199.0,0.07231104651162791,0.0,0.0
2752,2752,1.3468689285370157,141.0,0.051216854340719216,0.0,0.0
2753,2753,4.274037257005078,141.0,0.05119825708061002,0.0,0.0
2754,2754,-4.1976805458025765,141.0,0.05117967332123412,0.0,0.0
2755,2755,1.3509814234624289,141.0,0.0511611030478955,0.0,0.0
2756,2756,3.801601701357359,141.0,0.051142546245919476,0.0,0.0
2757,2757,-3.0937304346919414,141.0,0.051124002900652644,0.0,0.0
2758,2758,1.5473234696000198,141.0,0.05110547299746285,0.0,0.0
2759,2759,1.152054257379433,141.0,0.051086956521739134,0.0,0.0
2760,2760,-3.2885029396894887,141.0,0.05106845345889171,0.0,0.0
2761,2761,0.6534552206917666,141.0,0.05104996379435192,0.0,0.0
2762,2762,1.2559132861243976,141.0,0.051031487513572206,0.0,0.0
2763,2763,-3.815064554440146,141.0,0.05101302460202605,0.0,0.0
2764,2764,-0.2523546333293628,141.0,0.050994575045207956,0.0,0.0
2765,2765,1.256445593476567,141.0,0.0509761388286334,0.0,0.0
2766,2766,-3.0123698836358757,141.0,0.050957715937838814,0.0,0.0
2767,2767,1.24841122855362,141.0,0.0509393063583815,0.0,0.0
2768,2768,0.3899509777583146,141.0,0.050920910075839654,0.0,0.0
2769,2769,-0.1553067256629243,141.0,0.050902527075812276,0.0,0.0
2770,2770,1.3141784193842412,141.0,0.05088415734391916,0.0,0.0
2771,2771,2.091347537350244,141.0,0.050865800865800864,0.0,0.0
2772,2772,0.1725472393832833,141.0,0.05084745762711865,0.0,0.0
2773,2773,0.9535730066276984,141.0,0.05082912761355443,0.0,0.0
2774,2774,2.6601533167591587,141.0,0.05081081081081081,0.0,0.0
2775,2775,0.0809198107648294,141.0,0.050792507204610954,0.0,0.0
2776,2776,1.7522899231172695,141.0,0.05077421678069859,0.0,0.0
2777,2777,1.6423822981142262,141.0,0.05075593952483801,0.0,0.0
2778,2778,-1.0551155267117416,141.0,0.05073767542281396,0.0,0.0
2779,2779,2.652605838575502,141.0,0.05071942446043166,0.0,0.0
2780,2780,-0.7655217897597935,199.0,0.07155699388709097,0.0,0.0
2781,2781,-0.6192899063347324,199.0,0.0715312724658519,0.0,0.0
2782,2782,1.342647938846641,141.0,0.05066475026949335,0.0,0.0
2783,2783,-0.1942708867402159,141.0,0.05064655172413793,0.0,0.0
2784,2784,-0.8600214718854868,199.0,0.07145421903052064,0.0,0.0
2785,2785,0.7241901963050787,199.0,0.07142857142857142,0.0,0.0
2786,2786,-0.4336326758241712,141.0,0.05059203444564048,0.0,0.0
2787,2787,-1.3045620741480173,199.0,0.07137733142037303,0.0,0.0
2788,2788,1.8725988527678272,199.0,0.07135173897454285,0.0,0.0
2789,2789,0.2322837698012091,199.0,0.07132616487455197,0.0,0.0
2790,2790,-1.9209506133002603,199.0,0.07130060910068076,0.0,0.0
2791,2791,1.000863226484014,199.0,0.07127507163323782,0.0,0.0
2792,2792,1.9328764191634116,199.0,0.07124955245255997,0.0,0.0
2793,2793,-1.7058845715778157,199.0,0.07122405153901216,0.0,0.0
2794,2794,1.8782912712959776,199.0,0.07119856887298748,0.0,0.0
2795,2795,1.745154081794667,199.0,0.07117310443490701,0.0,0.0
2796,2796,-1.51535702477694,199.0,0.07114765820521989,0.0,0.0
2797,2797,0.6422575725902222,199.0,0.07112223016440314,0.0,0.0
2798,2798,2.782237606354694,199.0,0.07109682029296177,0.0,0.0
2799,2799,0.0726078111786288,199.0,0.07107142857142858,0.0,0.0
2800,2800,-0.4785155931042837,199.0,0.07104605498036416,0.0,0.0
2801,2801,3.1424139670658593,199.0,0.07102069950035689,0.0,0.0
2802,2802,1.6120279986087576,199.0,0.07099536211202283,0.0,0.0
2803,2803,-0.1989593180938872,199.0,0.0709700427960057,0.0,0.0
2804,2804,2.4689423255992944,199.0,0.07094474153297682,0.0,0.0
2805,2805,0.5479606778110095,199.0,0.07091945830363507,0.0,0.0
2806,2806,1.018028688963629,199.0,0.0708941930887068,0.0,0.0
2807,2807,2.217647259852306,199.0,0.07086894586894586,0.0,0.0
2808,2808,0.8850176441914555,199.0,0.0708437166251335,0.0,0.0
2809,2809,0.0509997917462354,199.0,0.07081850533807829,0.0,0.0
2810,2810,0.1298848631539093,199.0,0.07079331198861614,0.0,0.0
2811,2811,-0.5123195867481919,199.0,0.07076813655761025,0.0,0.0
2812,2812,-0.6337397974279206,199.0,0.07074297902595095,0.0,0.0
2813,2813,0.2660733045855986,199.0,0.0707178393745558,0.0,0.0
2814,2814,0.5591721036060631,199.0,0.07069271758436944,0.0,0.0
2815,2815,-0.3044967358479705,199.0,0.07066761363636363,0.0,0.0
2816,2816,0.0198865925650875,199.0,0.0706425275115371,0.0,0.0
2817,2817,0.8191912278986008,199.0,0.07061745919091554,0.0,0.0
2818,2818,-0.9449009176394916,199.0,0.07059240865555161,0.0,0.0
2819,2819,0.0770767161430645,199.0,0.07056737588652483,0.0,0.0
2820,2820,-0.4920884681664341,199.0,0.0705423608649415,0.0,0.0
2821,2821,-0.6247071310566651,199.0,0.0705173635719348,0.0,0.0
2822,2822,-1.3278594022912136,199.0,0.07049238398866454,0.0,0.0
2823,2823,-1.1649127827871033,199.0,0.07046742209631728,0.0,0.0
2824,2824,-0.7558964654975762,199.0,0.07044247787610619,0.0,0.0
2825,2825,-0.9444352287578284,199.0,0.07041755130927105,0.0,0.0
2826,2826,-1.0608441748314532,199.0,0.07039264237707818,0.0,0.0
2827,2827,-0.6038720089314433,199.0,0.07036775106082037,0.0,0.0
2828,2828,-0.4327987732378898,199.0,0.07034287734181689,0.0,0.0
2829,2829,-0.846503428240787,199.0,0.07031802120141342,0.0,0.0
2830,2830,0.0252311616111202,199.0,0.07029318262098198,0.0,0.0
2831,2831,-0.1157941141360587,199.0,0.0702683615819209,0.0,0.0
2832,2832,-0.6008981243387659,199.0,0.07024355806565478,0.0,0.0
2833,2833,-1.8056227244538583,199.0,0.07021877205363444,0.0,0.0
2834,2834,1.1629538370627972,199.0,0.07019400352733686,0.0,0.0
2835,2835,-0.7109386229982663,199.0,0.07016925246826516,0.0,0.0
2836,2836,-2.4139973553468907,199.0,0.07014451885794853,0.0,0.0
2837,2837,2.1068027610093134,199.0,0.07011980267794221,0.0,0.0
2838,2838,-0.4088683630804145,199.0,0.0700951039098274,0.0,0.0
2839,2839,-3.0379824458024403,199.0,0.07007042253521127,0.0,0.0
2840,2840,1.496922538344743,199.0,0.07004575853572685,0.0,0.0
2841,2841,0.0408447202522901,199.0,0.07002111189303308,0.0,0.0
2842,2842,-2.8653754582540665,199.0,0.06999648258881463,0.0,0.0
2843,2843,2.472204339049192,199.0,0.069971870604782,0.0,0.0
2844,2844,0.1015221054772635,199.0,0.06994727592267136,0.0,0.0
2845,2845,-4.866767099416704,199.0,0.06992269852424456,0.0,0.0
2846,2846,3.2569222121300476,199.0,0.06989813839128908,0.0,0.0
2847,2847,-1.3434112103542242,199.0,0.06987359550561797,0.0,0.0
2848,2848,-6.626186698734207,199.0,0.06984906984906986,0.0,0.0
2849,2849,1.920461833447047,199.0,0.06982456140350878,0.0,0.0
2850,2850,-0.8810167821123185,199.0,0.06980007015082428,0.0,0.0
2851,2851,-7.561897979260651,199.0,0.06977559607293128,0.0,0.0
2852,2852,0.7906090028262429,199.0,0.06975113915177007,0.0,0.0
2853,2853,-0.0612255440571301,199.0,0.06972669936930624,0.0,0.0
2854,2854,-5.578351784141546,199.0,0.06970227670753065,0.0,0.0
2855,2855,1.3112266236069776,199.0,0.06967787114845939,0.0,0.0
2856,2856,-0.8216922556741674,199.0,0.06965348267413371,0.0,0.0
2857,2857,-5.02832431753458,199.0,0.06962911126662001,0.0,0.0
2858,2858,2.048668292787783,199.0,0.0696047569080098,0.0,0.0
2859,2859,-0.9962928357647676,199.0,0.06958041958041958,0.0,0.0
2860,2860,-3.858978072672997,199.0,0.0695560992659909,0.0,0.0
2861,2861,1.7972763252573123,282.0,0.09853249475890985,0.0,0.0
2862,2862,-3.177275589226612,282.0,0.09849807893817673,0.0,0.0
2863,2863,-4.4019243000590915,282.0,0.09846368715083799,0.0,0.0
2864,2864,2.198901584249912,282.0,0.09842931937172775,0.0,0.0
2865,2865,-3.480936123814457,199.0,0.0694347522679693,0.0,0.0
2866,2866,-5.125190924190752,282.0,0.09836065573770492,0.0,0.0
2867,2867,2.362746623003587,282.0,0.09832635983263599,0.0,0.0
2868,2868,-3.9455133988298705,282.0,0.09829208783548275,0.0,0.0
2869,2869,-3.599089731297743,282.0,0.09825783972125436,0.0,0.0
2870,2870,1.141489675567248,282.0,0.09822361546499478,0.0,0.0
2871,2871,-3.2127500502062123,282.0,0.09818941504178273,0.0,0.0
2872,2872,-3.980629310516252,282.0,0.09815523842673164,0.0,0.0
2873,2873,1.778289170333596,282.0,0.09812108559498957,0.0,0.0
2874,2874,-3.71148399872621,282.0,0.09808695652173913,0.0,0.0
2875,2875,-3.684790097736428,282.0,0.09805285118219749,0.0,0.0
2876,2876,0.8797487506515651,282.0,0.09801876955161627,0.0,0.0
2877,2877,-3.0910388919654026,282.0,0.09798471160528145,0.0,0.0
2878,2878,-3.517191428214001,282.0,0.09795067731851337,0.0,0.0
2879,2879,1.192497599079135,282.0,0.09791666666666667,0.0,0.0
2880,2880,-3.0146371395424327,282.0,0.09788267962513017,0.0,0.0
2881,2881,-3.681642236578302,282.0,0.09784871616932686,0.0,0.0
2882,2882,2.036076661426618,282.0,0.09781477627471384,0.0,0.0
2883,2883,-2.3720605317924095,282.0,0.09778085991678225,0.0,0.0
2884,2884,-2.1198165951972,282.0,0.09774696707105719,0.0,0.0
2885,2885,0.8083318048956528,282.0,0.09771309771309772,0.0,0.0
2886,2886,-0.7356898662485336,282.0,0.09767925181849671,0.0,0.0
2887,2887,-1.962483973737435,282.0,0.09764542936288088,0.0,0.0
2888,2888,0.3775692876746234,282.0,0.0976116303219107,0.0,0.0
2889,2889,-1.8282065031034815,282.0,0.09757785467128027,0.0,0.0
2890,2890,-3.130021461684251,282.0,0.0975441023867174,0.0,0.0
2891,2891,0.4180722716912814,282.0,0.0975103734439834,0.0,0.0
2892,2892,-1.036000299460754,282.0,0.09747666781887314,0.0,0.0
2893,2893,-2.8001309638811467,282.0,0.09744298548721493,0.0,0.0
2894,2894,0.9136943696347408,282.0,0.09740932642487046,0.0,0.0
2895,2895,-2.104173860731283,282.0,0.09737569060773481,0.0,0.0
2896,2896,-2.486061861880005,282.0,0.09734207801173628,0.0,0.0
2897,2897,0.4332106562569878,282.0,0.09730848861283643,0.0,0.0
2898,2898,-0.7176641150256027,282.0,0.09727492238703,0.0,0.0
2899,2899,-3.5338881034037053,282.0,0.09724137931034482,0.0,0.0
2900,2900,-0.9613366972283496,282.0,0.09720785935884178,0.0,0.0
2901,2901,-0.7602145327834277,282.0,0.09717436250861475,0.0,0.0
2902,2902,-3.233278317882717,282.0,0.09714088873579056,0.0,0.0
2903,2903,-1.3207093838326154,282.0,0.09710743801652892,0.0,0.0
2904,2904,-0.6756301105777264,282.0,0.09707401032702237,0.0,0.0
2905,2905,-2.56428007428954,282.0,0.09704060564349622,0.0,0.0
2906,2906,-1.8304230893888984,282.0,0.09700722394220847,0.0,0.0
2907,2907,0.9225176777794702,282.0,0.0969738651994498,0.0,0.0
2908,2908,-3.6238998525239343,282.0,0.09694052939154349,0.0,0.0
2909,2909,-1.025638773069968,282.0,0.09690721649484536,0.0,0.0
2910,2910,-1.9063953347770988,282.0,0.09687392648574374,0.0,0.0
2911,2911,-2.4734349407413396,282.0,0.09684065934065934,0.0,0.0
2912,2912,-2.0381723819656266,282.0,0.09680741503604531,0.0,0.0
2913,2913,-1.6906436775494404,282.0,0.0967741935483871,0.0,0.0
2914,2914,-2.36621120507915,282.0,0.0967409948542024,0.0,0.0
2915,2915,-2.8225751204510883,282.0,0.09670781893004116,0.0,0.0
2916,2916,-1.967466666520584,282.0,0.09667466575248543,0.0,0.0
2917,2917,-2.857150047785887,282.0,0.09664153529814942,0.0,0.0
2918,2918,-3.1375173736358852,282.0,0.09660842754367935,0.0,0.0
2919,2919,-1.2109800011342275,282.0,0.09657534246575343,0.0,0.0
2920,2920,-4.3729111963050835,282.0,0.09654228004108183,0.0,0.0
2921,2921,-2.4356360517589923,282.0,0.09650924024640657,0.0,0.0
2922,2922,-2.0498795019242007,282.0,0.09647622305850154,0.0,0.0
2923,2923,-3.4067252470813494,282.0,0.09644322845417237,0.0,0.0
2924,2924,-2.1010776007247083,282.0,0.09641025641025641,0.0,0.0
2925,2925,-1.421035176255675,282.0,0.09637730690362269,0.0,0.0
2926,2926,-3.3212963503641104,282.0,0.09634437991117185,0.0,0.0
2927,2927,-1.7380888123425855,282.0,0.09631147540983606,0.0,0.0
2928,2928,-1.7057269729357245,282.0,0.09627859337657904,0.0,0.0
2929,2929,-3.123357338012921,282.0,0.0962457337883959,0.0,0.0
2930,2930,-1.2364221142731393,282.0,0.09621289662231321,0.0,0.0
2931,2931,-0.5475850028640328,282.0,0.09618008185538882,0.0,0.0
2932,2932,-2.427274406622907,282.0,0.0961472894647119,0.0,0.0
2933,2933,-1.6345494450673028,282.0,0.09611451942740286,0.0,0.0
2934,2934,-2.1259340647094715,282.0,0.09608177172061329,0.0,0.0
2935,2935,-2.673675834289972,282.0,0.09604904632152589,0.0,0.0
2936,2936,-1.5627155566804172,282.0,0.09601634320735444,0.0,0.0
2937,2937,-2.3183006149776397,282.0,0.09598366235534377,0.0,0.0
2938,2938,-1.4704587301121737,282.0,0.09595100374276964,0.0,0.0
2939,2939,-0.398434607679565,282.0,0.09591836734693877,0.0,0.0
2940,2940,-1.9428891615271289,282.0,0.09588575314518871,0.0,0.0
2941,2941,-2.5335857359781873,282.0,0.09585316111488783,0.0,0.0
2942,2942,-0.2800786026434244,282.0,0.09582059123343527,0.0,0.0
2943,2943,-2.3108126533814333,282.0,0.09578804347826086,0.0,0.0
2944,2944,-4.119993795084334,282.0,0.09575551782682512,0.0,0.0
2945,2945,-0.7028602768672558,282.0,0.09572301425661914,0.0,0.0
2946,2946,-2.788502245781068,282.0,0.09569053274516458,0.0,0.0
2947,2947,-3.422991670096019,282.0,0.09565807327001356,0.0,0.0
2948,2948,-2.678265696352043,282.0,0.09562563580874874,0.0,0.0
2949,2949,-4.383942601491814,282.0,0.09559322033898306,0.0,0.0
2950,2950,-3.127599233210113,282.0,0.09556082683835988,0.0,0.0
2951,2951,-1.1684055192708156,282.0,0.09552845528455285,0.0,0.0
2952,2952,-3.978334374257127,282.0,0.09549610565526583,0.0,0.0
2953,2953,-2.8803490627466823,282.0,0.0954637779282329,0.0,0.0
2954,2954,-1.031466506442223,282.0,0.09543147208121827,0.0,0.0
2955,2955,-4.240187427984336,282.0,0.09539918809201624,0.0,0.0
2956,2956,-4.55928249909664,282.0,0.09536692593845113,0.0,0.0
2957,2957,-1.299001491048546,282.0,0.09533468559837728,0.0,0.0
2958,2958,-4.401468245243241,282.0,0.09530246704967894,0.0,0.0
2959,2959,-5.485169256337062,282.0,0.09527027027027027,0.0,0.0
2960,2960,0.4888074919314122,282.0,0.09523809523809523,0.0,0.0
2961,2961,-5.168079344552066,282.0,0.09520594193112762,0.0,0.0
2962,2962,-4.423278668234814,282.0,0.0951738103273709,0.0,0.0
2963,2963,2.4538076553373975,282.0,0.0951417004048583,0.0,0.0
2964,2964,-4.839956190161679,282.0,0.09510961214165262,0.0,0.0
2965,2965,-4.476414322839552,282.0,0.09507754551584625,0.0,0.0
2966,2966,1.4487534293904765,282.0,0.09504550050556117,0.0,0.0
2967,2967,-3.796448616052132,282.0,0.09501347708894879,0.0,0.0
2968,2968,-3.940380506522407,282.0,0.09498147524418997,0.0,0.0
2969,2969,1.268155257474881,282.0,0.09494949494949495,0.0,0.0
2970,2970,-5.840098134959732,282.0,0.09491753618310333,0.0,0.0
2971,2971,-3.431168331994406,282.0,0.09488559892328398,0.0,0.0
2972,2972,0.679342243523449,399.0,0.13420787083753785,0.0,0.0
2973,2973,-4.841936872307725,399.0,0.13416274377942167,0.0,0.0
2974,2974,-4.435108893744803,282.0,0.09478991596638656,0.0,0.0
2975,2975,0.3151420271970266,282.0,0.09475806451612903,0.0,0.0
2976,2976,-4.357000254333383,282.0,0.09472623446422573,0.0,0.0
2977,2977,-3.797815761655305,399.0,0.13398253861652115,0.0,0.0
2978,2978,0.6780172493533083,399.0,0.1339375629405841,0.0,0.0
2979,2979,-5.1485881296102765,282.0,0.09463087248322148,0.0,0.0
2980,2980,-2.7204224601624785,399.0,0.13384770211338476,0.0,0.0
2981,2981,1.043658895061395,399.0,0.13380281690140844,0.0,0.0
2982,2982,-5.966786099523034,399.0,0.1337579617834395,0.0,0.0
2983,2983,-2.581979168829778,399.0,0.13371313672922253,0.0,0.0
2984,2984,0.8861689121605629,399.0,0.13366834170854272,0.0,0.0
2985,2985,-5.555890351957694,399.0,0.1336235766912257,0.0,0.0
2986,2986,-4.358164204980776,399.0,0.1335788416471376,0.0,0.0
2987,2987,0.7955019833841515,399.0,0.13353413654618473,0.0,0.0
2988,2988,-4.096744163217008,399.0,0.13348946135831383,0.0,0.0
2989,2989,-5.639619806115439,399.0,0.13344481605351172,0.0,0.0
2990,2990,0.8999813666965382,399.0,0.1334002006018054,0.0,0.0
2991,2991,-1.9637080776065523,399.0,0.13335561497326204,0.0,0.0
2992,2992,-5.5830964476805285,399.0,0.13331105913798863,0.0,0.0
2993,2993,2.100131827656471,399.0,0.13326653306613226,0.0,0.0
2994,2994,0.4263876578709824,399.0,0.1332220367278798,0.0,0.0
2995,2995,-4.956411125537695,399.0,0.13317757009345793,0.0,0.0
2996,2996,2.832807812606191,399.0,0.13313313313313313,0.0,0.0
2997,2997,1.630448087656352,399.0,0.13308872581721148,0.0,0.0
2998,2998,-4.993608706910208,399.0,0.13304434811603869,0.0,0.0
2999,2999,2.7770834746382813,399.0,0.133,0.0,0.0
3000,3000,2.380480751634062,399.0,0.13295568143952016,0.0,0.0
3001,3001,-3.655749509775585,399.0,0.13291139240506328,0.0,0.0
3002,3002,2.438182241333007,399.0,0.13286713286713286,0.0,0.0
3003,3003,1.6524968023012323,399.0,0.13282290279627162,0.0,0.0
3004,3004,-1.9049772065192456,399.0,0.13277870216306156,0.0,0.0
3005,3005,4.358823210669085,399.0,0.13273453093812376,0.0,0.0
3006,3006,2.2107992798763236,399.0,0.1326903890921184,0.0,0.0
3007,3007,-0.9729495539041888,399.0,0.13264627659574468,0.0,0.0
3008,3008,2.9493953064857092,399.0,0.13260219341974078,0.0,0.0
3009,3009,1.0455280571215062,399.0,0.1325581395348837,0.0,0.0
3010,3010,-1.4197236298253366,399.0,0.13251411491198936,0.0,0.0
3011,3011,3.2160417979795572,399.0,0.13247011952191234,0.0,0.0
3012,3012,1.7713895528196573,399.0,0.13242615333554597,0.0,0.0
3013,3013,-1.0394650652777675,399.0,0.13238221632382216,0.0,0.0
3014,3014,2.447807979124413,399.0,0.13233830845771144,0.0,0.0
3015,3015,1.552727293354956,399.0,0.1322944297082228,0.0,0.0
3016,3016,-0.476593807670512,399.0,0.13225058004640372,0.0,0.0
3017,3017,1.8762085169757643,399.0,0.13220675944333996,0.0,0.0
3018,3018,0.692257524141024,399.0,0.1321629678701557,0.0,0.0
3019,3019,1.482522601632509,399.0,0.13211920529801324,0.0,0.0
3020,3020,0.6212023570447971,399.0,0.1320754716981132,0.0,0.0
3021,3021,0.4975751208684206,399.0,0.13203176704169425,0.0,0.0
3022,3022,2.861359854260652,399.0,0.13198809130003308,0.0,0.0
3023,3023,0.573923141628238,399.0,0.13194444444444445,0.0,0.0
3024,3024,1.7373161562796733,399.0,0.13190082644628098,0.0,0.0
3025,3025,3.213339850984963,399.0,0.13185723727693324,0.0,0.0
3026,3026,-0.1473985138873658,399.0,0.13181367690782952,0.0,0.0
3027,3027,1.318217995794394,399.0,0.13177014531043593,0.0,0.0
3028,3028,1.8872349867558096,399.0,0.13172664245625618,0.0,0.0
3029,3029,0.2564279164739111,399.0,0.1316831683168317,0.0,0.0
3030,3030,1.818070086643158,399.0,0.13163972286374134,0.0,0.0
3031,3031,0.9732496223966116,399.0,0.1315963060686016,0.0,0.0
3032,3032,0.8162935492394037,399.0,0.13155291790306628,0.0,0.0
3033,3033,1.134334899292412,399.0,0.13150955833882663,0.0,0.0
3034,3034,-1.974545015250014,399.0,0.1314662273476112,0.0,0.0
3035,3035,-1.4293738506645686,399.0,0.13142292490118576,0.0,0.0
3036,3036,1.5083430431856837,399.0,0.13137965097135332,0.0,0.0
3037,3037,-0.4741935325359856,399.0,0.1313364055299539,0.0,0.0
3038,3038,0.5281334321832807,399.0,0.13129318854886476,0.0,0.0
3039,3039,0.1515003082853165,399.0,0.13125,0.0,0.0
3040,3040,0.2430776290478138,399.0,0.13120683985531076,0.0,0.0
3041,3041,0.3304910492768274,399.0,0.131163708086785,0.0,0.0
3042,3042,-0.0069253814105871,399.0,0.1311206046664476,0.0,0.0
3043,3043,-1.6390502513852576,399.0,0.13107752956636004,0.0,0.0
3044,3044,1.0247937624524193,399.0,0.1310344827586207,0.0,0.0
3045,3045,-0.1200157034786523,399.0,0.13099146421536442,0.0,0.0
3046,3046,-1.5277695962794782,399.0,0.1309484739087627,0.0,0.0
3047,3047,1.7054492991742616,399.0,0.1309055118110236,0.0,0.0
3048,3048,0.1034260179779541,399.0,0.1308625778943916,0.0,0.0
3049,3049,-2.648682875488466,399.0,0.13081967213114754,0.0,0.0
3050,3050,3.04173705597845,399.0,0.13077679449360866,0.0,0.0
3051,3051,-1.7521339131279858,399.0,0.13073394495412843,0.0,0.0
3052,3052,-2.487286393794657,399.0,0.13069112348509662,0.0,0.0
3053,3053,2.212595843811733,399.0,0.13064833005893908,0.0,0.0
3054,3054,-0.0918167779440577,399.0,0.13060556464811784,0.0,0.0
3055,3055,-3.0798716414706973,399.0,0.13056282722513088,0.0,0.0
3056,3056,0.3088561123189095,399.0,0.13052011776251227,0.0,0.0
3057,3057,0.2188565477801043,399.0,0.13047743623283192,0.0,0.0
3058,3058,-4.063166207202707,399.0,0.13043478260869565,0.0,0.0
3059,3059,-2.2657173112039155,399.0,0.1303921568627451,0.0,0.0
3060,3060,-1.0787231412376368,399.0,0.13034955896765762,0.0,0.0
3061,3061,-3.8624661468843784,399.0,0.1303069888961463,0.0,0.0
3062,3062,-3.1483125699908765,399.0,0.13026444662095985,0.0,0.0
3063,3063,0.5847187468759967,399.0,0.1302219321148825,0.0,0.0
3064,3064,-4.651124966259994,399.0,0.13017944535073409,0.0,0.0
3065,3065,-3.7620296446303607,399.0,0.13013698630136986,0.0,0.0
3066,3066,-0.2606927177764256,399.0,0.13009455493968047,0.0,0.0
3067,3067,-4.000486101996268,399.0,0.13005215123859193,0.0,0.0
3068,3068,-2.7525800574271124,399.0,0.1300097751710655,0.0,0.0
3069,3069,-0.836892326909994,399.0,0.12996742671009773,0.0,0.0
3070,3070,-3.671602084668314,399.0,0.1299251058287203,0.0,0.0
3071,3071,-4.354657108020584,399.0,0.1298828125,0.0,0.0
3072,3072,-0.0310146299092113,399.0,0.12984054669703873,0.0,0.0
3073,3073,-3.1356838521745813,399.0,0.12979830839297332,0.0,0.0
3074,3074,-3.8666104114361257,399.0,0.12975609756097561,0.0,0.0
3075,3075,0.6546114924970282,399.0,0.12971391417425226,0.0,0.0
3076,3076,-2.615443751334489,399.0,0.12967175820604485,0.0,0.0
3077,3077,-4.37895036848409,399.0,0.12962962962962962,0.0,0.0
3078,3078,-0.1080665398253675,399.0,0.12958752841831764,0.0,0.0
3079,3079,-2.0317177066493466,399.0,0.12954545454545455,0.0,0.0
3080,3080,-2.9604211110760437,399.0,0.12950340798442064,0.0,0.0
3081,3081,-1.4605521968116653,399.0,0.12946138870863075,0.0,0.0
3082,3082,-1.8457527049807052,399.0,0.1294193966915342,0.0,0.0
3083,3083,-4.021887055044454,399.0,0.1293774319066148,0.0,0.0
3084,3084,-0.0291891411383515,399.0,0.1293354943273906,0.0,0.0
3085,3085,-0.7817050785643013,399.0,0.12929358392741414,0.0,0.0
3086,3086,-4.800575016712136,399.0,0.1292517006802721,0.0,0.0
3087,3087,1.212602909824131,399.0,0.12920984455958548,0.0,0.0
3088,3088,-1.849093437870084,399.0,0.1291680155390094,0.0,0.0
3089,3089,-4.804632202352359,399.0,0.129126213592233,0.0,0.0
3090,3090,1.5560269533815398,399.0,0.12908443869297961,0.0,0.0
3091,3091,-0.1331488712334445,399.0,0.12904269081500647,0.0,0.0
3092,3092,-5.524177749422249,399.0,0.12900096993210475,0.0,0.0
3093,3093,2.458445206948811,399.0,0.12895927601809956,0.0,0.0
3094,3094,-0.1683976310439944,399.0,0.12891760904684976,0.0,0.0
3095,3095,-5.440543214259684,399.0,0.12887596899224807,0.0,0.0
3096,3096,1.703833266518127,399.0,0.12883435582822086,0.0,0.0
3097,3097,-0.2795862600033467,399.0,0.1287927695287282,0.0,0.0
3098,3098,-5.233197454301138,399.0,0.1287512100677638,0.0,0.0
3099,3099,1.0100912720235689,399.0,0.12870967741935485,0.0,0.0
3100,3100,-0.2133906781955029,399.0,0.12866817155756208,0.0,0.0
3101,3101,-5.240002473155075,399.0,0.1286266924564797,0.0,0.0
3102,3102,2.190942011053202,399.0,0.12858524009023525,0.0,0.0
3103,3103,1.2548136030728116,399.0,0.12854381443298968,0.0,0.0
3104,3104,-4.154044413927419,399.0,0.1285024154589372,0.0,0.0
3105,3105,2.107416030572822,399.0,0.12846104314230522,0.0,0.0
3106,3106,2.244533600831053,399.0,0.12841969745735435,0.0,0.0
3107,3107,-4.497691996774492,399.0,0.12837837837837837,0.0,0.0
3108,3108,2.3089900767685285,399.0,0.12833708587970408,0.0,0.0
3109,3109,2.3205250527050407,399.0,0.1282958199356913,0.0,0.0
3110,3110,-2.4276835417999556,399.0,0.12825458052073288,0.0,0.0
3111,3111,0.7042500718851741,399.0,0.1282133676092545,0.0,0.0
3112,3112,2.47609464803915,399.0,0.12817218117571474,0.0,0.0
3113,3113,-0.9934124972066234,399.0,0.128131021194605,0.0,0.0
3114,3114,0.5431180078851665,399.0,0.12808988764044943,0.0,0.0
3115,3115,2.572514163720495,399.0,0.12804878048780488,0.0,0.0
3116,3116,-0.8746231016730346,399.0,0.12800769971126083,0.0,0.0
3117,3117,-1.04987894564857,399.0,0.12796664528543938,0.0,0.0
3118,3118,1.2491754293336874,399.0,0.12792561718499518,0.0,0.0
3119,3119,-0.556645406345753,399.0,0.12788461538461537,0.0,0.0
3120,3120,0.6605718321328672,399.0,0.12784363985901956,0.0,0.0
3121,3121,-0.5800796778662747,399.0,0.12780269058295965,0.0,0.0
3122,3122,-0.9111936141643292,399.0,0.12776176753121998,0.0,0.0
3123,3123,1.89184828783391,399.0,0.12772087067861715,0.0,0.0
3124,3124,-0.4053610639113144,399.0,0.12768,0.0,0.0
3125,3125,-0.6960229493172091,399.0,0.1276391554702495,0.0,0.0
3126,3126,1.6910226050181776,399.0,0.12759833706427887,0.0,0.0
3127,3127,-1.1951796915561914,399.0,0.12755754475703324,0.0,0.0
3128,3128,-2.439740544020684,399.0,0.12751677852348994,0.0,0.0
3129,3129,2.031318975437104,399.0,0.12747603833865814,0.0,0.0
3130,3130,-0.0777517680018382,399.0,0.12743532417757905,0.0,0.0
3131,3131,-0.1082432502542625,399.0,0.12739463601532566,0.0,0.0
3132,3132,2.8642006669626205,399.0,0.12735397382700286,0.0,0.0
3133,3133,-2.7702817256759196,399.0,0.1273133375877473,0.0,0.0
3134,3134,0.0021285352922544,399.0,0.12727272727272726,0.0,0.0
3135,3135,1.7381744063771496,399.0,0.12723214285714285,0.0,0.0
3136,3136,-2.22614966168606,399.0,0.12719158431622568,0.0,0.0
3137,3137,0.6818712752964317,399.0,0.12715105162523901,0.0,0.0
3138,3138,0.248305941244338,399.0,0.12711054475947753,0.0,0.0
3139,3139,-1.2911971562938651,399.0,0.12707006369426752,0.0,0.0
3140,3140,0.7745631720831172,399.0,0.12702960840496658,0.0,0.0
3141,3141,1.0792717191213068,399.0,0.12698917886696373,0.0,0.0
3142,3142,-0.5962470380646493,399.0,0.12694877505567928,0.0,0.0
3143,3143,1.3373576029967822,399.0,0.1269083969465649,0.0,0.0
3144,3144,-0.1733274100788004,399.0,0.12686804451510333,0.0,0.0
3145,3145,-0.5924091749545809,399.0,0.12682771773680865,0.0,0.0
3146,3146,2.0091746873118383,399.0,0.12678741658722592,0.0,0.0
3147,3147,-0.4934406480744301,399.0,0.12674714104193138,0.0,0.0
3148,3148,0.7139872456499995,399.0,0.12670689107653224,0.0,0.0
3149,3149,0.5239825505382893,399.0,0.12666666666666668,0.0,0.0
3150,3150,-0.4413885869686453,399.0,0.12662646778800382,0.0,0.0
3151,3151,1.297968744396266,565.0,0.17925126903553298,0.0,0.0
3152,3152,1.802285255120914,565.0,0.17919441801458927,0.0,0.0
3153,3153,-0.7077497106975846,565.0,0.17913760304375395,0.0,0.0
3154,3154,4.238928912031906,565.0,0.179080824088748,0.0,0.0
3155,3155,2.1063617932121033,565.0,0.17902408111533588,0.0,0.0
3156,3156,-1.4368783015578075,565.0,0.1789673740893253,0.0,0.0
3157,3157,2.395035235293925,282.0,0.08929702343255225,0.0,0.0
3158,3158,0.8951059275033768,282.0,0.0892687559354226,0.0,0.0
3159,3159,-1.655781696327315,565.0,0.1787974683544304,0.0,0.0
3160,3160,2.3913379289676073,565.0,0.1787409047769693,0.0,0.0
3161,3161,0.4708738535758747,565.0,0.1786843769765971,0.0,0.0
3162,3162,0.4153410856086561,565.0,0.17862788491938034,0.0,0.0
3163,3163,3.7445001225652454,282.0,0.08912768647281921,0.0,0.0
3164,3164,1.5822715666330915,565.0,0.17851500789889416,0.0,0.0
3165,3165,2.4742545022428315,565.0,0.1784586228679722,0.0,0.0
3166,3166,2.9084896116246757,565.0,0.17840227344490053,0.0,0.0
3167,3167,1.027948728618056,565.0,0.17834595959595959,0.0,0.0
3168,3168,2.4989274356918556,565.0,0.17828968128747238,0.0,0.0
3169,3169,2.7651705290009563,565.0,0.17823343848580442,0.0,0.0
3170,3170,1.2159215712229736,565.0,0.1781772311573636,0.0,0.0
3171,3171,4.22055415899109,565.0,0.17812105926860025,0.0,0.0
3172,3172,4.240547329627586,565.0,0.17806492278600694,0.0,0.0
3173,3173,1.428383765674111,565.0,0.17800882167611845,0.0,0.0
3174,3174,3.0437464011467843,565.0,0.17795275590551182,0.0,0.0
3175,3175,2.3295209026705948,565.0,0.17789672544080604,0.0,0.0
3176,3176,2.3796213545689087,565.0,0.17784073024866226,0.0,0.0
3177,3177,5.259996629182723,565.0,0.17778477029578352,0.0,0.0
3178,3178,2.876176795292554,565.0,0.17772884554891474,0.0,0.0
3179,3179,1.985156111567134,565.0,0.17767295597484276,0.0,0.0
3180,3180,4.346515317271112,565.0,0.1776171015403961,0.0,0.0
3181,3181,1.9343073143091625,565.0,0.177561282212445,0.0,0.0
3182,3182,2.4805268037941195,565.0,0.17750549795790135,0.0,0.0
3183,3183,3.7339433251619183,565.0,0.1774497487437186,0.0,0.0
3184,3184,3.165496140817874,565.0,0.17739403453689168,0.0,0.0
3185,3185,0.126304881030165,565.0,0.177338355304457,0.0,0.0
3186,3186,3.0314398921657406,565.0,0.1772827110134923,0.0,0.0
3187,3187,3.5278955518663264,565.0,0.17722710163111668,0.0,0.0
3188,3188,-0.1849865665842684,565.0,0.17717152712449044,0.0,0.0
3189,3189,2.413109947837213,565.0,0.17711598746081506,0.0,0.0
3190,3190,3.450751954447147,565.0,0.17706048260733312,0.0,0.0
3191,3191,-0.0064493889760132,565.0,0.17700501253132833,0.0,0.0
3192,3192,0.9304903587452876,565.0,0.17694957720012527,0.0,0.0
3193,3193,3.100776876772162,565.0,0.17689417658108955,0.0,0.0
3194,3194,-0.5651119605665662,565.0,0.17683881064162754,0.0,0.0
3195,3195,1.187199751830051,565.0,0.17678347934918648,0.0,0.0
3196,3196,1.2817582421773372,565.0,0.1767281826712543,0.0,0.0
3197,3197,-0.5161569862414219,565.0,0.1766729205753596,0.0,0.0
3198,3198,-0.4367465261780363,565.0,0.1766176930290716,0.0,0.0
3199,3199,-0.356817983951091,565.0,0.1765625,0.0,0.0
3200,3200,-0.7077984377437315,565.0,0.17650734145579505,0.0,0.0
3201,3201,-0.7081197825172455,565.0,0.1764522173641474,0.0,0.0
3202,3202,1.4993677056564283,565.0,0.176397127692788,0.0,0.0
3203,3203,-0.5677940705171125,565.0,0.17634207240948813,0.0,0.0
3204,3204,0.7175473709459257,565.0,0.17628705148205928,0.0,0.0
3205,3205,3.198742860907754,565.0,0.17623206487835308,0.0,0.0
3206,3206,-1.5098032847538827,565.0,0.1761771125662613,0.0,0.0
3207,3207,1.363742319766064,565.0,0.17612219451371572,0.0,0.0
3208,3208,3.0266183296233287,565.0,0.17606731068868806,0.0,0.0
3209,3209,-2.6451965530498804,565.0,0.17601246105919002,0.0,0.0
3210,3210,1.269745426713662,565.0,0.17595764559327312,0.0,0.0
3211,3211,2.0967799911717044,565.0,0.17590286425902865,0.0,0.0
3212,3212,-4.1393315235894885,565.0,0.1758481170245876,0.0,0.0
3213,3213,1.608299217456092,565.0,0.17579340385812073,0.0,0.0
3214,3214,2.205823050329307,565.0,0.17573872472783825,0.0,0.0
3215,3215,-3.6726210183305343,565.0,0.17568407960199006,0.0,0.0
3216,3216,1.2256554353223044,565.0,0.1756294684488654,0.0,0.0
3217,3217,2.038041515939815,565.0,0.17557489123679304,0.0,0.0
3218,3218,-2.8165718212940662,565.0,0.17552034793414104,0.0,0.0
3219,3219,-0.9045862777473545,565.0,0.17546583850931677,0.0,0.0
3220,3220,2.630937068904174,565.0,0.17541136293076684,0.0,0.0
3221,3221,-3.5506487849436663,565.0,0.17535692116697704,0.0,0.0
3222,3222,0.30710059738383,565.0,0.17530251318647222,0.0,0.0
3223,3223,2.1802222237246824,565.0,0.17524813895781638,0.0,0.0
3224,3224,-3.389641833844854,565.0,0.17519379844961241,0.0,0.0
3225,3225,0.1326819763106807,565.0,0.17513949163050216,0.0,0.0
3226,3226,3.715476439873415,565.0,0.17508521846916641,0.0,0.0
3227,3227,-1.6009272926179494,565.0,0.17503097893432465,0.0,0.0
3228,3228,-0.1469548541433379,565.0,0.1749767729947352,0.0,0.0
3229,3229,3.256167502424655,565.0,0.17492260061919504,0.0,0.0
3230,3230,-0.8808050143650452,565.0,0.17486846177653978,0.0,0.0
3231,3231,-0.2531691670149451,565.0,0.17481435643564355,0.0,0.0
3232,3232,2.940495457756936,565.0,0.17476028456541912,0.0,0.0
3233,3233,-1.3428804790068642,565.0,0.17470624613481756,0.0,0.0
3234,3234,1.446118743609445,565.0,0.17465224111282843,0.0,0.0
3235,3235,1.3533326159853811,565.0,0.17459826946847962,0.0,0.0
3236,3236,-2.7472797731494687,565.0,0.1745443311708372,0.0,0.0
3237,3237,0.1265836773992672,565.0,0.17449042618900557,0.0,0.0
3238,3238,0.587298815506935,565.0,0.1744365544921272,0.0,0.0
3239,3239,-2.623908323920826,565.0,0.1743827160493827,0.0,0.0
3240,3240,-0.4328701376721295,565.0,0.17432891082999075,0.0,0.0
3241,3241,1.8299820592010243,565.0,0.17427513880320789,0.0,0.0
3242,3242,-3.750744963712047,565.0,0.17422139993832872,0.0,0.0
3243,3243,-1.208322649093404,565.0,0.17416769420468559,0.0,0.0
3244,3244,2.770413511491676,565.0,0.17411402157164868,0.0,0.0
3245,3245,-3.640559663465021,565.0,0.174060382008626,0.0,0.0
3246,3246,-0.8416646844911237,565.0,0.17400677548506313,0.0,0.0
3247,3247,3.7394538042082655,565.0,0.17395320197044334,0.0,0.0
3248,3248,-3.806672780526359,565.0,0.17389966143428748,0.0,0.0
3249,3249,-0.4256398604017199,565.0,0.17384615384615384,0.0,0.0
3250,3250,2.7137107313499156,565.0,0.17379267917563826,0.0,0.0
3251,3251,-4.876194747688563,565.0,0.17373923739237393,0.0,0.0
3252,3252,-1.081771956875781,565.0,0.17368582846603137,0.0,0.0
3253,3253,2.281596573095595,565.0,0.17363245236631838,0.0,0.0
3254,3254,-3.247079717021327,565.0,0.17357910906298002,0.0,0.0
3255,3255,-0.1691799925322419,565.0,0.17352579852579852,0.0,0.0
3256,3256,2.714786185457251,565.0,0.17347252072459318,0.0,0.0
3257,3257,-2.2732266933288185,565.0,0.17341927562922038,0.0,0.0
3258,3258,-0.3466482169912841,565.0,0.17336606320957348,0.0,0.0
3259,3259,2.4612102906836304,565.0,0.17331288343558282,0.0,0.0
3260,3260,-2.265567472432204,565.0,0.17325973627721558,0.0,0.0
3261,3261,-0.1013316383324481,565.0,0.1732066217044758,0.0,0.0
3262,3262,4.21116237718175,565.0,0.17315353968740424,0.0,0.0
3263,3263,-1.7207237559007806,565.0,0.17310049019607843,0.0,0.0
3264,3264,0.0445269191564355,565.0,0.17304747320061256,0.0,0.0
3265,3265,4.628664044351728,565.0,0.17299448867115738,0.0,0.0
3266,3266,-1.2639829753945746,565.0,0.1729415365779002,0.0,0.0
3267,3267,-0.9567160513658663,565.0,0.17288861689106488,0.0,0.0
3268,3268,4.026094047535881,565.0,0.1728357295809116,0.0,0.0
3269,3269,-0.0877284651784906,565.0,0.172782874617737,0.0,0.0
3270,3270,-0.3905253839126948,565.0,0.17273005197187405,0.0,0.0
3271,3271,3.5641208303057645,565.0,0.17267726161369193,0.0,0.0
3272,3272,-0.6614972796357218,565.0,0.1726245035135961,0.0,0.0
3273,3273,-0.9976940479582944,565.0,0.1725717776420281,0.0,0.0
3274,3274,2.898981726235621,565.0,0.17251908396946564,0.0,0.0
3275,3275,-0.4793944451048622,565.0,0.17246642246642246,0.0,0.0
3276,3276,-1.7483079221947158,565.0,0.1724137931034483,0.0,0.0
3277,3277,2.972767147509303,565.0,0.17236119585112875,0.0,0.0
3278,3278,0.5152652713715363,565.0,0.1723086306800854,0.0,0.0
3279,3279,-5.0347496274604975,565.0,0.1722560975609756,0.0,0.0
3280,3280,3.886403412099447,565.0,0.17220359646449254,0.0,0.0
3281,3281,0.9119576963127952,565.0,0.172151127361365,0.0,0.0
3282,3282,-4.2418805843360845,565.0,0.1720986902223576,0.0,0.0
3283,3283,4.20846525343198,565.0,0.1720462850182704,0.0,0.0
3284,3284,-0.2986856421958601,565.0,0.1719939117199391,0.0,0.0
3285,3285,-3.154686013563558,565.0,0.17194157029823492,0.0,0.0
3286,3286,2.555056828938942,565.0,0.1718892607240645,0.0,0.0
3287,3287,-0.3767800939313701,565.0,0.17183698296836983,0.0,0.0
3288,3288,-3.3888607534822333,565.0,0.17178473700212832,0.0,0.0
3289,3289,2.9579249724794625,565.0,0.1717325227963526,0.0,0.0
3290,3290,0.0674412046711513,565.0,0.17168034032209056,0.0,0.0
3291,3291,-2.7535058916741444,565.0,0.17162818955042528,0.0,0.0
3292,3292,3.162140377907468,565.0,0.17157607045247494,0.0,0.0
3293,3293,1.3856082773270195,565.0,0.17152398299939284,0.0,0.0
3294,3294,-1.9025120779534537,565.0,0.17147192716236723,0.0,0.0
3295,3295,2.902141239150764,565.0,0.17141990291262135,0.0,0.0
3296,3296,2.4144164584846353,565.0,0.1713679102214134,0.0,0.0
3297,3297,-1.7090089905209491,565.0,0.1713159490600364,0.0,0.0
3298,3298,2.2228338618282564,565.0,0.17126401939981814,0.0,0.0
3299,3299,3.0495139619573424,565.0,0.1712121212121212,0.0,0.0
3300,3300,-0.8355321658820449,565.0,0.17116025446834293,0.0,0.0
3301,3301,3.306921427434072,565.0,0.1711084191399152,0.0,0.0
3302,3302,1.9470034292784768,565.0,0.17105661519830456,0.0,0.0
3303,3303,-1.3547262663303803,565.0,0.17100484261501211,0.0,0.0
3304,3304,2.685380507852356,565.0,0.17095310136157338,0.0,0.0
3305,3305,2.7856830886337525,565.0,0.17090139140955837,0.0,0.0
3306,3306,0.2933013961535857,565.0,0.1708497127305715,0.0,0.0
3307,3307,3.3461493851083257,565.0,0.17079806529625152,0.0,0.0
3308,3308,2.4938335129562375,565.0,0.17074644907827138,0.0,0.0
3309,3309,-0.2263453148568281,565.0,0.17069486404833836,0.0,0.0
3310,3310,2.3331633850913303,565.0,0.1706433101781939,0.0,0.0
3311,3311,-0.604026959941149,565.0,0.17059178743961353,0.0,0.0
3312,3312,0.133506595167395,565.0,0.17054029580440688,0.0,0.0
3313,3313,0.3129574385580391,565.0,0.17048883524441763,0.0,0.0
3314,3314,-1.7130043565055095,565.0,0.17043740573152338,0.0,0.0
3315,3315,-0.4171552511126587,565.0,0.1703860072376357,0.0,0.0
3316,3316,1.3856588423847684,565.0,0.17033463973470003,0.0,0.0
3317,3317,-1.824329628405101,565.0,0.1702833031946956,0.0,0.0
3318,3318,0.0716438689534061,565.0,0.17023199758963542,0.0,0.0
3319,3319,2.9966928039790552,565.0,0.17018072289156627,0.0,0.0
3320,3320,-1.561129975802951,565.0,0.1701294790725685,0.0,0.0
3321,3321,-0.7638213287149864,565.0,0.17007826610475618,0.0,0.0
3322,3322,3.7183957407989463,565.0,0.17002708396027685,0.0,0.0
3323,3323,-0.5455340438556715,565.0,0.16997593261131166,0.0,0.0
3324,3324,-1.1465313029423052,565.0,0.1699248120300752,0.0,0.0
3325,3325,5.375912541041214,565.0,0.16987372218881538,0.0,0.0
3326,3326,-0.8116816380043428,565.0,0.16982266305981364,0.0,0.0
3327,3327,-0.6951777069004783,565.0,0.1697716346153846,0.0,0.0
3328,3328,5.1833551967517675,565.0,0.16972063682787625,0.0,0.0
3329,3329,-1.742030170966453,565.0,0.16966966966966968,0.0,0.0
3330,3330,-1.274643891107888,565.0,0.16961873311317924,0.0,0.0
3331,3331,4.558064142606925,565.0,0.16956782713085233,0.0,0.0
3332,3332,-0.6420114424605711,565.0,0.1695169516951695,0.0,0.0
3333,3333,-0.3202251128052841,565.0,0.16946610677864427,0.0,0.0
3334,3334,4.507557436642324,565.0,0.16941529235382308,0.0,0.0
3335,3335,-2.244109351452725,565.0,0.16936450839328537,0.0,0.0
3336,3336,-0.1012862496616964,565.0,0.1693137548696434,0.0,0.0
3337,3337,4.10419511880816,565.0,0.16926303175554225,0.0,0.0
3338,3338,-0.6732700814547168,565.0,0.16921233902365979,0.0,0.0
3339,3339,0.05361975778541,565.0,0.1691616766467066,0.0,0.0
3340,3340,5.470949914405799,565.0,0.16911104459742593,0.0,0.0
3341,3341,0.3688993178047159,565.0,0.16906044284859365,0.0,0.0
3342,3342,0.450029585125822,565.0,0.16900987137301823,0.0,0.0
3343,3343,4.497354443568375,565.0,0.16895933014354067,0.0,0.0
3344,3344,0.6853388250233099,565.0,0.16890881913303438,0.0,0.0
3345,3345,-0.1385504624233423,565.0,0.16885833831440525,0.0,0.0
3346,3346,4.8068643760361605,565.0,0.16880788766059157,0.0,0.0
3347,3347,-1.002174253304918,565.0,0.1687574671445639,0.0,0.0
3348,3348,-0.4902366905900595,565.0,0.16870707673932517,0.0,0.0
3349,3349,4.196437972706385,565.0,0.16865671641791044,0.0,0.0
3350,3350,-2.7157868940491907,399.0,0.11906893464637422,0.0,0.0
3351,3351,-0.1975707029287074,565.0,0.1685560859188544,0.0,0.0
3352,3352,4.441927351951919,565.0,0.16850581568744408,0.0,0.0
3353,3353,-1.880177903197752,565.0,0.16845557543231962,0.0,0.0
3354,3354,-0.0425460587539635,565.0,0.16840536512667661,0.0,0.0
3355,3355,3.269247039126752,565.0,0.16835518474374256,0.0,0.0
3356,3356,-2.4306877102002984,565.0,0.1683050342567769,0.0,0.0
3357,3357,0.0452439174352315,565.0,0.16825491363907089,0.0,0.0
3358,3358,3.75420464079144,565.0,0.1682048228639476,0.0,0.0
3359,3359,-2.054520700647529,565.0,0.16815476190476192,0.0,0.0
3360,3360,-1.6164171532308738,565.0,0.16810473073490032,0.0,0.0
3361,3361,2.968246152126225,565.0,0.1680547293277811,0.0,0.0
3362,3362,-2.163323435999452,565.0,0.168004757656854,0.0,0.0
3363,3363,-1.1502906791281216,565.0,0.16795481569560047,0.0,0.0
3364,3364,1.8622373793092368,565.0,0.16790490341753342,0.0,0.0
3365,3365,-1.9626323536274697,565.0,0.16785502079619727,0.0,0.0
3366,3366,-0.944423586549165,565.0,0.1678051678051678,0.0,0.0
3367,3367,1.3833297057615903,565.0,0.16775534441805226,0.0,0.0
3368,3368,-0.4242747024324604,565.0,0.16770555060848916,0.0,0.0
3369,3369,-0.4228000689836273,565.0,0.16765578635014836,0.0,0.0
3370,3370,2.01328995721727,565.0,0.16760605161673095,0.0,0.0
3371,3371,-0.920113549705292,565.0,0.16755634638196915,0.0,0.0
3372,3372,-0.0517868626465141,565.0,0.16750667061962646,0.0,0.0
3373,3373,-0.153208147952609,565.0,0.16745702430349732,0.0,0.0
3374,3374,0.8279659468628976,565.0,0.1674074074074074,0.0,0.0
3375,3375,-0.3292767760797743,565.0,0.16735781990521326,0.0,0.0
3376,3376,0.6133181284934768,565.0,0.1673082617708025,0.0,0.0
3377,3377,-0.4303336148979625,565.0,0.16725873297809354,0.0,0.0
3378,3378,1.4126746132695236,565.0,0.1672092335010358,0.0,0.0
3379,3379,-0.6387762952595775,565.0,0.16715976331360946,0.0,0.0
3380,3380,-1.1015830018973618,565.0,0.16711032238982548,0.0,0.0
3381,3381,1.0461792763323992,565.0,0.1670609107037256,0.0,0.0
3382,3382,-0.7875607548385996,565.0,0.1670115282293822,0.0,0.0
3383,3383,-1.9729478302497916,799.0,0.2361111111111111,0.0,0.0
3384,3384,0.6382010753894479,799.0,0.23604135893648448,0.0,0.0
3385,3385,0.6017324427916282,799.0,0.23597164796219727,0.0,0.0
3386,3386,-1.4860205578060566,799.0,0.23590197815175673,0.0,0.0
3387,3387,1.8659817552150253,799.0,0.2358323494687131,0.0,0.0
3388,3388,1.7393872536364117,799.0,0.2357627618766598,0.0,0.0
3389,3389,-1.1847876236037722,799.0,0.23569321533923304,0.0,0.0
3390,3390,2.127422657639654,799.0,0.23562370982011205,0.0,0.0
3391,3391,1.8612634398160135,799.0,0.23555424528301888,0.0,0.0
3392,3392,-1.8098631370566045,799.0,0.23548482169171825,0.0,0.0
3393,3393,2.1127851211803543,799.0,0.23541543901001769,0.0,0.0
3394,3394,2.3381458929365135,799.0,0.2353460972017673,0.0,0.0
3395,3395,-1.8709477396144376,565.0,0.16637220259128385,0.0,0.0
3396,3396,2.1574135154800547,799.0,0.2352075360612305,0.0,0.0
3397,3397,0.9909337766515658,565.0,0.1662742789876398,0.0,0.0
3398,3398,-0.5036465668274284,799.0,0.23506913798175935,0.0,0.0
3399,3399,1.5557633254903616,799.0,0.235,0.0,0.0
3400,3400,-0.3393131345546286,799.0,0.23493090267568362,0.0,0.0
3401,3401,0.4955223387391986,799.0,0.2348618459729571,0.0,0.0
3402,3402,2.303234447942922,799.0,0.2347928298560094,0.0,0.0
3403,3403,-0.0741763239487292,799.0,0.2347238542890717,0.0,0.0
3404,3404,1.053546672884792,799.0,0.23465491923641704,0.0,0.0
3405,3405,2.713689775607925,799.0,0.23458602466236053,0.0,0.0
3406,3406,0.0148480409957675,799.0,0.23451717053125917,0.0,0.0
3407,3407,1.2656530217950228,799.0,0.23444835680751175,0.0,0.0
3408,3408,2.5349450158317755,799.0,0.23437958345555882,0.0,0.0
3409,3409,1.7164232082368291,399.0,0.11700879765395894,0.0,0.0
3410,3410,1.0621363191470932,799.0,0.23424215772500734,0.0,0.0
3411,3411,0.5530408535733424,799.0,0.23417350527549824,0.0,0.0
3412,3412,1.375400277204906,799.0,0.2341048930559625,0.0,0.0
3413,3413,2.855336449049773,799.0,0.23403632103104863,0.0,0.0
3414,3414,-0.2344428861549315,799.0,0.23396778916544655,0.0,0.0
3415,3415,0.0287605678612479,799.0,0.2338992974238876,0.0,0.0
3416,3416,2.3608185318196178,799.0,0.23383084577114427,0.0,0.0
3417,3417,1.7704022678626496,799.0,0.23376243417203044,0.0,0.0
3418,3418,-1.002828377717237,799.0,0.233694062591401,0.0,0.0
3419,3419,2.226815424689755,799.0,0.23362573099415204,0.0,0.0
3420,3420,-0.6548121733452836,799.0,0.2335574393452207,0.0,0.0
3421,3421,-0.9464021414117294,799.0,0.23348918760958504,0.0,0.0
3422,3422,0.9948559247751164,799.0,0.2334209757522641,0.0,0.0
3423,3423,0.881270484903427,799.0,0.23335280373831777,0.0,0.0
3424,3424,-2.4152274201613793,799.0,0.2332846715328467,0.0,0.0
3425,3425,0.4693769279467295,799.0,0.23321657910099242,0.0,0.0
3426,3426,-0.1576115070981809,799.0,0.23314852640793698,0.0,0.0
3427,3427,-0.9759359106676722,799.0,0.23308051341890315,0.0,0.0
3428,3428,1.963707327103871,799.0,0.23301254009915429,0.0,0.0
3429,3429,-0.5973404284542401,799.0,0.23294460641399417,0.0,0.0
3430,3430,-0.6645567189969034,799.0,0.2328767123287671,0.0,0.0
3431,3431,1.7270370813858718,799.0,0.23280885780885782,0.0,0.0
3432,3432,0.0459471988569678,799.0,0.23274104281969124,0.0,0.0
3433,3433,-1.5021982925419368,799.0,0.23267326732673269,0.0,0.0
3434,3434,-0.5885862347851072,799.0,0.23260553129548764,0.0,0.0
3435,3435,-0.2681177794804352,799.0,0.23253783469150174,0.0,0.0
3436,3436,-1.9949572039443195,799.0,0.23247017748036078,0.0,0.0
3437,3437,-1.226199698807034,799.0,0.23240255962769052,0.0,0.0
3438,3438,-0.9361741608634928,799.0,0.23233498109915673,0.0,0.0
3439,3439,-3.146164469269767,799.0,0.2322674418604651,0.0,0.0
3440,3440,-0.7206569416989821,799.0,0.23219994187736123,0.0,0.0
3441,3441,-0.6895369475981938,799.0,0.23213248111563045,0.0,0.0
3442,3442,-3.027528099864823,799.0,0.23206505954109788,0.0,0.0
3443,3443,-1.0693049587168404,799.0,0.23199767711962835,0.0,0.0
3444,3444,-1.2605013340041125,799.0,0.23193033381712627,0.0,0.0
3445,3445,-3.867858665459033,799.0,0.2318630295995357,0.0,0.0
3446,3446,-0.2187500068474458,799.0,0.23179576443284014,0.0,0.0
3447,3447,0.1087985023632576,799.0,0.23172853828306264,0.0,0.0
3448,3448,-4.457389087195843,799.0,0.2316613511162656,0.0,0.0
3449,3449,-0.8794293644058522,799.0,0.23159420289855073,0.0,0.0
3450,3450,-1.5244746405013545,799.0,0.2315270935960591,0.0,0.0
3451,3451,-3.865161167489512,799.0,0.23146002317497102,0.0,0.0
3452,3452,0.5177285323843732,799.0,0.23139299160150595,0.0,0.0
3453,3453,-1.3798621454824245,799.0,0.2313259988419224,0.0,0.0
3454,3454,-2.6073327563545634,799.0,0.23125904486251808,0.0,0.0
3455,3455,-1.9391130120181217,799.0,0.23119212962962962,0.0,0.0
3456,3456,-3.496962014279414,799.0,0.23112525310963264,0.0,0.0
3457,3457,-1.0414693739191494,799.0,0.23105841526894158,0.0,0.0
3458,3458,-2.842543173124591,799.0,0.23099161607400984,0.0,0.0
3459,3459,-3.739230611293897,799.0,0.2309248554913295,0.0,0.0
3460,3460,-1.5945821509743192,799.0,0.23085813348743137,0.0,0.0
3461,3461,-0.8669119260730378,799.0,0.23079145002888504,0.0,0.0
3462,3462,-4.119798534339378,799.0,0.2307248050822986,0.0,0.0
3463,3463,-2.8007044834752626,799.0,0.23065819861431872,0.0,0.0
3464,3464,0.9787833528706112,799.0,0.2305916305916306,0.0,0.0
3465,3465,-3.733834902714006,799.0,0.23052510098095788,0.0,0.0
3466,3466,-2.5778010957399418,799.0,0.2304586097490626,0.0,0.0
3467,3467,-0.6465082725048859,799.0,0.23039215686274508,0.0,0.0
3468,3468,-2.536791755101938,799.0,0.23032574228884406,0.0,0.0
3469,3469,-1.9144313188836204,799.0,0.2302593659942363,0.0,0.0
3470,3470,-0.7549771208037308,799.0,0.23019302794583693,0.0,0.0
3471,3471,-2.9558508866256457,799.0,0.2301267281105991,0.0,0.0
3472,3472,-1.0179716311951637,799.0,0.23006046645551395,0.0,0.0
3473,3473,-0.6249910325696405,799.0,0.2299942429476108,0.0,0.0
3474,3474,-3.029323428870058,799.0,0.22992805755395684,0.0,0.0
3475,3475,-2.585412796849714,799.0,0.22986191024165709,0.0,0.0
3476,3476,-0.3908907434848588,799.0,0.22979580097785446,0.0,0.0
3477,3477,-0.7122263423488637,799.0,0.22972972972972974,0.0,0.0
3478,3478,-2.399630014376307,799.0,0.2296636964645013,0.0,0.0
3479,3479,0.3035355156181634,799.0,0.2295977011494253,0.0,0.0
3480,3480,-0.6781352398337075,799.0,0.22953174375179547,0.0,0.0
3481,3481,-2.3035637267903657,799.0,0.22946582423894313,0.0,0.0
3482,3482,0.9275740544475892,799.0,0.22939994257823715,0.0,0.0
3483,3483,-1.1862740579624116,799.0,0.22933409873708382,0.0,0.0
3484,3484,-2.8450924105047375,799.0,0.22926829268292684,0.0,0.0
3485,3485,-0.4871682998213339,799.0,0.22920252438324729,0.0,0.0
3486,3486,-0.5483107549882197,799.0,0.2291367938055635,0.0,0.0
3487,3487,-0.9760765241352394,799.0,0.2290711009174312,0.0,0.0
3488,3488,-1.9555436221275184,799.0,0.2290054456864431,0.0,0.0
3489,3489,-0.6772331177888601,799.0,0.22893982808022922,0.0,0.0
3490,3490,-1.5794873035559398,799.0,0.2288742480664566,0.0,0.0
3491,3491,-1.976314507369312,799.0,0.22880870561282932,0.0,0.0
3492,3492,-0.6130379784930697,799.0,0.22874320068708845,0.0,0.0
3493,3493,-1.4668364015506306,799.0,0.22867773325701202,0.0,0.0
3494,3494,-1.3358420470142636,799.0,0.22861230329041488,0.0,0.0
3495,3495,-0.4513966702577687,799.0,0.22854691075514874,0.0,0.0
3496,3496,-0.8424613113227528,799.0,0.22848155561910208,0.0,0.0
3497,3497,-2.355821493114789,799.0,0.22841623785020013,0.0,0.0
3498,3498,0.4954074946394109,799.0,0.22835095741640468,0.0,0.0
3499,3499,-1.2938888010302572,799.0,0.2282857142857143,0.0,0.0
3500,3500,-2.3191429393409124,799.0,0.22822050842616395,0.0,0.0
3501,3501,0.4637251464550612,799.0,0.22815533980582525,0.0,0.0
3502,3502,-1.5638323616164378,799.0,0.22809020839280617,0.0,0.0
3503,3503,-2.2589613945542637,799.0,0.22802511415525115,0.0,0.0
3504,3504,1.1510760108544686,799.0,0.22796005706134095,0.0,0.0
3505,3505,-0.4057153616576598,799.0,0.22789503707929265,0.0,0.0
3506,3506,-1.5744546661385197,799.0,0.22783005417735958,0.0,0.0
3507,3507,1.508354661277285,799.0,0.22776510832383123,0.0,0.0
3508,3508,-1.742539448715694,799.0,0.22770019948703335,0.0,0.0
3509,3509,-1.1960744868844255,799.0,0.22763532763532762,0.0,0.0
3510,3510,-0.5493754099717107,799.0,0.22757049273711194,0.0,0.0
3511,3511,-3.183006451150986,799.0,0.22750569476082005,0.0,0.0
3512,3512,-2.2703013800142333,799.0,0.2274409336749217,0.0,0.0
3513,3513,2.3190704400037734,799.0,0.22737620944792258,0.0,0.0
3514,3514,-3.0818262938003875,799.0,0.22731152204836416,0.0,0.0
3515,3515,-3.393787168672188,799.0,0.22724687144482367,0.0,0.0
3516,3516,2.9930080710844633,799.0,0.22718225760591412,0.0,0.0
3517,3517,-1.8013190924075884,799.0,0.22711768050028425,0.0,0.0
3518,3518,-2.765480067298219,799.0,0.22705314009661837,0.0,0.0
3519,3519,3.2786223129604872,799.0,0.22698863636363636,0.0,0.0
3520,3520,-2.603311549293702,799.0,0.22692416927009373,0.0,0.0
3521,3521,-1.4555727903236892,799.0,0.22685973878478138,0.0,0.0
3522,3522,1.3920299210407583,799.0,0.2267953448765257,0.0,0.0
3523,3523,-3.0500916630579997,799.0,0.2267309875141884,0.0,0.0
3524,3524,-1.6667257548910304,799.0,0.22666666666666666,0.0,0.0
3525,3525,-0.2828952473745374,799.0,0.22660238230289279,0.0,0.0
3526,3526,-3.4438830836730627,799.0,0.22653813439183443,0.0,0.0
3527,3527,0.4273605534796121,799.0,0.22647392290249432,0.0,0.0
3528,3528,-1.6973300017035713,799.0,0.22640974780391046,0.0,0.0
3529,3529,-1.8939202093628589,799.0,0.2263456090651558,0.0,0.0
3530,3530,-1.212025642506048,799.0,0.22628150665533844,0.0,0.0
3531,3531,-2.2278106981711012,799.0,0.22621744054360135,0.0,0.0
3532,3532,0.0344112382498955,799.0,0.22615341069912256,0.0,0.0
3533,3533,0.0494553834404623,799.0,0.22608941709111488,0.0,0.0
3534,3534,-3.1428806824013344,799.0,0.22602545968882604,0.0,0.0
3535,3535,1.2435986196748423,799.0,0.22596153846153846,0.0,0.0
3536,3536,-0.3738630980588078,799.0,0.2258976533785694,0.0,0.0
3537,3537,-1.8709460454273423,799.0,0.22583380440927078,0.0,0.0
3538,3538,1.7625028310244546,799.0,0.2257699915230291,0.0,0.0
3539,3539,-0.1842169983646992,799.0,0.22570621468926555,0.0,0.0
3540,3540,-1.6034156475253214,799.0,0.22564247387743575,0.0,0.0
3541,3541,1.1272634640583368,799.0,0.22557876905702992,0.0,0.0
3542,3542,1.5581402417712418,799.0,0.22551510019757268,0.0,0.0
3543,3543,-1.7070657104847928,799.0,0.22545146726862303,0.0,0.0
3544,3544,0.0586162461749629,799.0,0.22538787023977433,0.0,0.0
3545,3545,1.8555520913161552,799.0,0.22532430908065426,0.0,0.0
3546,3546,-2.5003779782191424,799.0,0.22526078376092473,0.0,0.0
3547,3547,-0.0886495798392573,799.0,0.22519729425028184,0.0,0.0
3548,3548,2.040520401885555,799.0,0.2251338405184559,0.0,0.0
3549,3549,-2.5978303300563463,799.0,0.22507042253521126,0.0,0.0
3550,3550,-0.9469116944060432,799.0,0.22500704027034638,0.0,0.0
3551,3551,1.854151029893097,799.0,0.22494369369369369,0.0,0.0
3552,3552,-2.429637014110684,799.0,0.22488038277511962,0.0,0.0
3553,3553,-1.2480936827480376,799.0,0.2248171074845245,0.0,0.0
3554,3554,0.8042462299527539,799.0,0.22475386779184248,0.0,0.0
3555,3555,-1.3168433189250432,799.0,0.22469066366704163,0.0,0.0
3556,3556,0.0069341889322389,799.0,0.2246274950801237,0.0,0.0
3557,3557,0.542395048024001,799.0,0.22456436200112423,0.0,0.0
3558,3558,-1.9153369851671345,799.0,0.2245012644001124,0.0,0.0
3559,3559,-0.2237769639177804,799.0,0.22443820224719102,0.0,0.0
3560,3560,-0.7144482693951857,799.0,0.2243751755124965,0.0,0.0
3561,3561,-2.126079837571267,799.0,0.22431218416619877,0.0,0.0
3562,3562,-0.2847044965334525,799.0,0.22424922817850126,0.0,0.0
3563,3563,-0.939923710650126,799.0,0.22418630751964086,0.0,0.0
3564,3564,-2.142152475517025,799.0,0.2241234221598878,0.0,0.0
3565,3565,-0.730088923672066,799.0,0.22406057206954572,0.0,0.0
3566,3566,0.6412642347694151,799.0,0.2239977572189515,0.0,0.0
3567,3567,-2.4940178791342893,799.0,0.22393497757847533,0.0,0.0
3568,3568,-1.476705599220745,799.0,0.22387223311852059,0.0,0.0
3569,3569,2.7606581461188857,799.0,0.22380952380952382,0.0,0.0
3570,3570,-4.195647072105884,799.0,0.22374684962195462,0.0,0.0
3571,3571,-0.0994955391469318,799.0,0.2236842105263158,0.0,0.0
3572,3572,2.0833966240286457,799.0,0.22362160649314303,0.0,0.0
3573,3573,-2.322620395680733,799.0,0.22355903749300504,0.0,0.0
3574,3574,2.183101364551696,799.0,0.2234965034965035,0.0,0.0
3575,3575,3.027596870473502,799.0,0.22343400447427292,0.0,0.0
3576,3576,-2.6584616613862075,799.0,0.2233715403969807,0.0,0.0
3577,3577,1.4009849342062,799.0,0.22330911123532698,0.0,0.0
3578,3578,1.5128779743857237,799.0,0.2232467169600447,0.0,0.0
3579,3579,-2.049210270068356,799.0,0.22318435754189944,0.0,0.0
3580,3580,2.419025890286871,799.0,0.22312203295168948,0.0,0.0
3581,3581,0.683398811691428,799.0,0.22305974316024568,0.0,0.0
3582,3582,0.5429742359419889,799.0,0.22299748813843148,0.0,0.0
3583,3583,1.824236623597243,799.0,0.22293526785714285,0.0,0.0
3584,3584,-1.2075865101952807,799.0,0.22287308228730823,0.0,0.0
3585,3585,1.713850290473447,799.0,0.22281093139988845,0.0,0.0
3586,3586,2.3735015273529116,799.0,0.22274881516587677,0.0,0.0
3587,3587,-0.1226916552957957,799.0,0.22268673355629878,0.0,0.0
3588,3588,0.2894393404025188,799.0,0.22262468654221232,0.0,0.0
3589,3589,2.310398814145264,799.0,0.2225626740947075,0.0,0.0
3590,3590,-0.4771561275315168,799.0,0.2225006961849067,0.0,0.0
3591,3591,1.4051814939011202,799.0,0.22243875278396436,0.0,0.0
3592,3592,3.0671353232655933,799.0,0.22237684386306708,0.0,0.0
3593,3593,-0.6883380295260088,799.0,0.2223149693934335,0.0,0.0
3594,3594,1.4470813206285396,799.0,0.22225312934631433,0.0,0.0
3595,3595,0.8588950481965749,799.0,0.22219132369299222,0.0,0.0
3596,3596,-0.9831027485619734,799.0,0.22212955240478177,0.0,0.0
3597,3597,1.222872939934645,799.0,0.22206781545302945,0.0,0.0
3598,3598,1.2224857304711745,799.0,0.22200611280911364,0.0,0.0
3599,3599,0.1796278542656451,799.0,0.22194444444444444,0.0,0.0
3600,3600,-0.9063696366768608,799.0,0.22188281033046375,0.0,0.0
3601,3601,-0.8928362597639394,799.0,0.2218212104386452,0.0,0.0
3602,3602,1.1303121693913964,799.0,0.22175964474049403,0.0,0.0
3603,3603,2.594737695087522,799.0,0.22169811320754718,0.0,0.0
3604,3604,3.6688329807159814,799.0,0.2216366158113731,0.0,0.0
3605,3605,2.8669633109324573,799.0,0.22157515252357182,0.0,0.0
3606,3606,1.4643693105580395,799.0,0.22151372331577487,0.0,0.0
3607,3607,1.4020051027754816,799.0,0.22145232815964525,0.0,0.0
3608,3608,0.696041699111936,799.0,0.22139096702687724,0.0,0.0
3609,3609,1.0920945183080943,799.0,0.22132963988919668,0.0,0.0
3610,3610,1.6190278748222957,799.0,0.22126834671836057,0.0,0.0
3611,3611,3.3322183664826888,799.0,0.22120708748615725,0.0,0.0
3612,3612,2.4587099398378167,799.0,0.22114586216440632,0.0,0.0
3613,3613,3.428087582163461,799.0,0.2210846707249585,0.0,0.0
3614,3614,4.900768432361273,799.0,0.2210235131396957,0.0,0.0
3615,3615,4.776334972316847,799.0,0.22096238938053098,0.0,0.0
3616,3616,4.5439121344574085,799.0,0.22090129941940834,0.0,0.0
3617,3617,1.490495815947229,799.0,0.22084024322830292,0.0,0.0
3618,3618,2.094863717151046,799.0,0.22077922077922077,0.0,0.0
3619,3619,2.5276785311332697,799.0,0.2207182320441989,0.0,0.0
3620,3620,4.075437230146461,799.0,0.22065727699530516,0.0,0.0
3621,3621,2.7738832064317913,799.0,0.22059635560463833,0.0,0.0
3622,3622,2.7413613231135385,799.0,0.2205354678443279,0.0,0.0
3623,3623,1.8727440186143387,799.0,0.2204746136865342,0.0,0.0
3624,3624,0.5156449340030322,799.0,0.22041379310344827,0.0,0.0
3625,3625,4.179487692273508,799.0,0.22035300606729177,0.0,0.0
3626,3626,3.525029201373854,799.0,0.22029225255031706,0.0,0.0
3627,3627,5.134442387760113,799.0,0.22023153252480707,0.0,0.0
3628,3628,2.0855304510003676,799.0,0.22017084596307523,0.0,0.0
3629,3629,2.6645274707575544,799.0,0.22011019283746555,0.0,0.0
3630,3630,1.845709549187151,799.0,0.22004957312035253,0.0,0.0
3631,3631,2.6102170232566775,799.0,0.21998898678414097,0.0,0.0
3632,3632,2.155817343970741,799.0,0.21992843380126617,0.0,0.0
3633,3633,1.9490635989242635,799.0,0.21986791414419374,0.0,0.0
3634,3634,1.8808576281596845,799.0,0.21980742778541953,0.0,0.0
3635,3635,1.4190802119888066,799.0,0.21974697469746976,0.0,0.0
3636,3636,1.7669093714759565,799.0,0.21968655485290076,0.0,0.0
3637,3637,2.244603886448441,799.0,0.21962616822429906,0.0,0.0
3638,3638,3.2448500185513387,799.0,0.2195658147842814,0.0,0.0
3639,3639,3.150517988651082,799.0,0.2195054945054945,0.0,0.0
3640,3640,3.0269168698944013,799.0,0.2194452073606152,0.0,0.0
3641,3641,2.8905878163572667,799.0,0.21938495332235036,0.0,0.0
3642,3642,2.568721382511212,799.0,0.21932473236343672,0.0,0.0
3643,3643,1.0180850281469327,799.0,0.21926454445664106,0.0,0.0
3644,3644,0.1958095334251206,799.0,0.21920438957475993,0.0,0.0
3645,3645,0.714147488150395,799.0,0.21914426769061987,0.0,0.0
3646,3646,1.5996712608422303,799.0,0.21908417877707706,0.0,0.0
3647,3647,1.5011857790911831,799.0,0.21902412280701755,0.0,0.0
3648,3648,2.243441883814401,799.0,0.2189640997533571,0.0,0.0
3649,3649,0.3017034836854388,799.0,0.2189041095890411,0.0,0.0
3650,3650,0.911855732571538,799.0,0.21884415228704465,0.0,0.0
3651,3651,0.8700031590043599,799.0,0.2187842278203724,0.0,0.0
3652,3652,0.6490061049570313,799.0,0.21872433616205858,0.0,0.0
3653,3653,0.3540887838117961,799.0,0.21866447728516694,0.0,0.0
3654,3654,-0.1431868466859391,799.0,0.2186046511627907,0.0,0.0
3655,3655,0.0524315251280575,799.0,0.21854485776805252,0.0,0.0
3656,3656,0.9449925297448412,799.0,0.21848509707410446,0.0,0.0
3657,3657,1.6262013723038624,799.0,0.21842536905412793,0.0,0.0
3658,3658,1.9513778198022256,799.0,0.2183656736813337,0.0,0.0
3659,3659,0.8630347441300099,799.0,0.21830601092896174,0.0,0.0
3660,3660,-0.5944668018242006,799.0,0.21824638077028136,0.0,0.0
3661,3661,0.7782284217514566,799.0,0.21818678317859094,0.0,0.0
3662,3662,-0.9371134295090626,799.0,0.21812721812721814,0.0,0.0
3663,3663,-1.893368221938507,799.0,0.21806768558951964,0.0,0.0
3664,3664,-2.6398007975072,799.0,0.21800818553888132,0.0,0.0
3665,3665,-2.3047179283653385,799.0,0.21794871794871795,0.0,0.0
3666,3666,-2.4393797335992766,799.0,0.2178892827924734,0.0,0.0
3667,3667,-2.559299994608654,799.0,0.2178298800436205,0.0,0.0
3668,3668,-3.6224710364526502,799.0,0.21777050967566094,0.0,0.0
3669,3669,-5.737925751186576,799.0,0.21771117166212534,0.0,0.0
3670,3670,-3.975802457454891,799.0,0.21765186597657313,0.0,0.0
3671,3671,-2.6426538372556756,799.0,0.2175925925925926,0.0,0.0
3672,3672,-2.7968109702169404,799.0,0.2175333514838007,0.0,0.0
3673,3673,-2.2372877294121323,799.0,0.21747414262384324,0.0,0.0
3674,3674,-2.8772456637900676,799.0,0.21741496598639456,0.0,0.0
3675,3675,-1.8536387650650388,799.0,0.21735582154515778,0.0,0.0
3676,3676,-0.2872159906301221,799.0,0.21729670927386457,0.0,0.0
3677,3677,0.0829922598899242,799.0,0.21723762914627515,0.0,0.0
3678,3678,-1.8399801376642435,799.0,0.2171785811361783,0.0,0.0
3679,3679,-3.0343487316070012,799.0,0.2171195652173913,0.0,0.0
3680,3680,-0.6305641551592069,799.0,0.21706058136375986,0.0,0.0
3681,3681,0.6214959923744336,799.0,0.21700162954915805,0.0,0.0
3682,3682,-0.8624865636722072,799.0,0.21694270974748847,0.0,0.0
3683,3683,0.1259852800205987,799.0,0.21688382193268188,0.0,0.0
3684,3684,-1.581162256616568,141.0,0.03826322930800543,0.0,0.0
3685,3685,-1.6664315278876003,799.0,0.21676614215952253,0.0,0.0
3686,3686,-2.4464079092285114,799.0,0.21670735014917278,0.0,0.0
3687,3687,-1.5530400033065548,799.0,0.21664859002169198,0.0,0.0
3688,3688,-0.7117525720844381,799.0,0.21658986175115208,0.0,0.0
3689,3689,-1.6139300719344174,799.0,0.21653116531165312,0.0,0.0
3690,3690,-1.5113253582917188,799.0,0.2164725006773232,0.0,0.0
3691,3691,-0.4286933829532006,799.0,0.21641386782231853,0.0,0.0
3692,3692,1.7912762547325316,141.0,0.038180341186027617,0.0,0.0
3693,3693,2.07713277588796,141.0,0.038170005414185165,0.0,0.0
3694,3694,2.5895269248907544,141.0,0.038159675236806495,0.0,0.0
3695,3695,1.5020114903851427,141.0,0.03814935064935065,0.0,0.0
3696,3696,1.25368547554036,141.0,0.03813903164728158,0.0,0.0
3697,3697,3.278710132812355,141.0,0.03812871822606814,0.0,0.0
3698,3698,3.5646781637904112,1131.0,0.3057583130575831,0.0,0.0
3699,3699,3.4461983640736036,799.0,0.21594594594594593,0.0,0.0
3700,3700,3.21520403684937,799.0,0.21588759794650095,0.0,0.0
3701,3701,4.890701570043904,141.0,0.03808752025931929,0.0,0.0
3702,3702,4.371997934876135,141.0,0.03807723467458817,0.0,0.0
3703,3703,3.0635739859769044,141.0,0.03806695464362851,0.0,0.0
3704,3704,2.5218801365553114,799.0,0.2156545209176788,0.0,0.0
3705,3705,2.6962638145704663,1131.0,0.3051807879114949,0.0,0.0
3706,3706,2.8828903987507934,799.0,0.21553817102778527,0.0,0.0
3707,3707,1.8983694233126704,1131.0,0.3050161812297735,0.0,0.0
3708,3708,2.6734581015119954,141.0,0.038015637638177405,0.0,0.0
3709,3709,2.9534856408407704,1131.0,0.30485175202156334,0.0,0.0
3710,3710,3.9032437930994,1131.0,0.3047696038803557,0.0,0.0
3711,3711,3.934564912985678,141.0,0.037984913793103446,0.0,0.0
3712,3712,2.111584256277391,141.0,0.0379746835443038,0.0,0.0
3713,3713,1.1335615557082723,1131.0,0.3045234248788368,0.0,0.0
3714,3714,1.7307394241640883,1131.0,0.3044414535666218,0.0,0.0
3715,3715,0.5063546069114859,141.0,0.03794402583423036,0.0,0.0
3716,3716,0.519693094823443,799.0,0.2149582997040624,0.0,0.0
3717,3717,-0.5662959207289313,141.0,0.03792361484669177,0.0,0.0
3718,3718,-0.6195253179141992,141.0,0.037913417585372415,0.0,0.0
3719,3719,1.7428183519248115,141.0,0.03790322580645161,0.0,0.0
3720,3720,-0.4587008793152676,1131.0,0.3039505509271701,0.0,0.0
3721,3721,0.338306240362864,799.0,0.21466953250940354,0.0,0.0
3722,3722,2.0763669138541747,1131.0,0.3037872683319903,0.0,0.0
3723,3723,1.6838635369797736,1131.0,0.3037056928034372,0.0,0.0
3724,3724,2.4023375458709033,1131.0,0.3036241610738255,0.0,0.0
3725,3725,2.9984174417366685,199.0,0.05340848094471283,0.0,0.0
3726,3726,2.628640896922705,1131.0,0.30346122887040516,0.0,0.0
3727,3727,1.6074218120959076,1131.0,0.30337982832618027,0.0,0.0
3728,3728,0.2958942449818968,1131.0,0.3032984714400644,0.0,0.0
3729,3729,0.8265095237001499,199.0,0.05335120643431635,0.0,0.0
3730,3730,1.9297382924246032,1131.0,0.30313588850174217,0.0,0.0
3731,3731,1.5127363838916943,1131.0,0.30305466237942125,0.0,0.0
3732,3732,0.4679058882698265,1131.0,0.3029734797749799,0.0,0.0
3733,3733,1.1521818309221743,199.0,0.05329405463310123,0.0,0.0
3734,3734,0.5687240094833975,199.0,0.05327978580990629,0.0,0.0
3735,3735,0.4734043959973691,199.0,0.053265524625267666,0.0,0.0
3736,3736,1.3148527753136563,199.0,0.053251271073053254,0.0,0.0
3737,3737,0.3308894593101396,199.0,0.053237025147137504,0.0,0.0
3738,3738,0.6386829477401239,199.0,0.05322278684140144,0.0,0.0
3739,3739,-1.624221033506304,199.0,0.05320855614973262,0.0,0.0
3740,3740,-0.3642859730855237,199.0,0.053194333066025126,0.0,0.0
3741,3741,-0.0649782784708669,199.0,0.053180117584179586,0.0,0.0
3742,3742,-1.4234898451178792,199.0,0.05316590969810313,0.0,0.0
3743,3743,-0.8961309270759853,199.0,0.0531517094017094,0.0,0.0
3744,3744,-0.7741901831602709,199.0,0.05313751668891856,0.0,0.0
3745,3745,-0.7358804827996888,199.0,0.053123331553657234,0.0,0.0
3746,3746,-1.6302632649765187,199.0,0.053109153989858555,0.0,0.0
3747,3747,0.0205303952316484,199.0,0.05309498399146211,0.0,0.0
3748,3748,-0.840036952031218,199.0,0.053080821552413976,0.0,0.0
3749,3749,-0.613424515181589,799.0,0.21306666666666665,0.0,0.0
