scenario_name,scenario_type,max_pairwise_l2,regime0_phi1,regime0_phi2,regime0_phi3,regime1_phi1,regime1_phi2,regime1_phi3,regime2_phi1,regime2_phi2,regime2_phi3
closer,l2_distance_reduction,0.6293250352560273,0.6033333333333334,0.15833333333333335,0.15833333333333335,0.15833333333333335,0.6033333333333334,0.15833333333333335,0.15833333333333335,0.15833333333333335,0.6033333333333334
further,l2_distance_increase,1.1434159348198711,0.85,0.05,0.03,0.5,-0.25,0.15,-0.05,0.75,0.08
random_1,random_sampling,1.4246988293578433,0.4065784377771731,-0.3775694477460556,0.7683090571277827,0.48948161258745887,0.52188359686004,-0.33345227752179035,0.08550171926423729,-0.017962568497644375,0.7047944855031824
random_2,random_sampling,0.7929756955141304,0.34798904151118387,-0.4430920792693044,-0.47396153706351807,0.5909763572643391,0.263285961864476,-0.20788320073528824,0.4773299533642002,-0.15720014327811288,0.045971282631148455
random_3,random_sampling,0.9610065328810905,-0.3406648374239669,-0.16445300279539507,0.027501946167470454,-0.28804114760761484,-0.06064946634430742,0.3810396625946977,-0.4746992559556526,0.5366190900720574,0.6709817449890477
