method,faithfulness_prtb_mean,faithfulness_prtb_std,ablation_mif_mean,ablation_mif_std,ablation_lif_mean,ablation_lif_std,mif_lif_ratio_mean,mif_lif_ratio_std,pearson_mean,pearson_std,spearman_mean,spearman_std
Adaptive (Max),0.8394593190085231,1.0018579595631187,0.6477273766083353,0.7374545604524342,0.2959042503268825,0.19721181662112577,1.7229456909044654,1.5029252159161546,0.22930762354879777,0.19946221914678577,0.31981571049034385,0.2524498186518453
Adaptive (Mean),0.8090782867589275,0.9730720812990293,0.6249294945130207,0.7122177415485295,0.27306899946750074,0.19065391119586142,1.9834866802377822,2.0333364926604607,0.43603500202360745,0.08331264907287833,0.4776549680806076,0.11321518770165925
Adaptive (Smoothed),0.7884762624999087,0.8581830196349471,0.5976428157332028,0.647469988181439,0.26495215675234296,0.14857580085407962,2.03715659613393,1.928939176317154,0.2288087231848114,0.2519722639299078,0.24936144229217913,0.2207042494169997
Adaptive SHAP,0.7801329861288705,0.8453528384004103,0.5941112920617042,0.6441871658039459,0.2619580069329162,0.1446930421008454,2.056202382440067,1.9653535386129053,0.22800151474180277,0.25095337130162276,0.2446907694971686,0.2224577089518625
Rolling SHAP,0.5407737477168972,0.5060732446544303,0.3717859334357615,0.30085773282116235,0.22822438908102255,0.12894242332517872,1.5021077590064535,0.6555599946320267,0.30349120077830033,0.15161642112539012,0.2945270515612405,0.13865597005224448
TimeShap,0.5053994780533054,0.44596396402237826,0.3969705990721357,0.31566051085962915,0.3695345223503458,0.3337739727070977,1.3224239497136292,0.7405729871071203,0.14767138636736127,0.08781896578841136,0.12291446241086294,0.10905858819625572
Vanilla SHAP,0.6494946146118431,0.7175870987582812,0.4899497521753354,0.5171445784321047,0.3447523799198755,0.22105547640457565,1.1738413327502877,0.7233733939370801,0.08813739893660091,0.04404544683324828,0.13633327280571975,0.16384217183965905
