method,faithfulness_prtb_mean,faithfulness_prtb_std,ablation_mif_mean,ablation_mif_std,ablation_lif_mean,ablation_lif_std,mif_lif_ratio_mean,mif_lif_ratio_std,pearson_mean,pearson_std,spearman_mean,spearman_std
Adaptive (Max),0.8284472623797152,0.9820588363815531,0.6470091716296935,0.7365356807392185,0.2943376758615779,0.19808326205744817,1.7206939573568782,1.4932381896402154,0.23017860860176134,0.1986516518750509,0.31873662539888126,0.2537070833217848
Adaptive (Mean),0.8041043860959185,0.9649208148339891,0.6218279183360803,0.7081207481083834,0.2732473130295891,0.19093165431724973,1.9527341782130807,1.9697311017376629,0.4368497033453547,0.08483557147642015,0.47820478506928354,0.11360188836140814
Adaptive (Smoothed),0.783415910306977,0.8521787227765043,0.5979170081436475,0.6493136311263907,0.2643695212314595,0.14854013750894152,2.0498826052440453,1.9610317121649667,0.22854751792572459,0.25145148390883754,0.24837310479131663,0.21983100010051992
Adaptive SHAP,0.7790901182728314,0.845450742173099,0.5931942997038712,0.6424863934001009,0.26336701122139605,0.14500335182840865,2.0409280908366405,1.9354626309881815,0.22783469032993361,0.25029832823752063,0.24487357038556032,0.22043675556450898
Rolling SHAP,0.5392308671264244,0.5043223656671602,0.3699371984486601,0.2997956130178852,0.23058141742646687,0.1288927947716356,1.4810850411700283,0.654606333187132,0.3019994377842791,0.15115010823878247,0.29519954439901464,0.13937797026828502
TimeShap,0.5237948906854695,0.4810085170094065,0.40522425829212383,0.33088051110476036,0.3689345615902674,0.33166627160954426,1.308140696922084,0.6715017331190049,0.12528681709666906,0.09525114219464498,0.0881233793101662,0.08776675525459017
Vanilla SHAP,0.6543885795718893,0.7221233836803891,0.48554029016338796,0.508323804000273,0.3136809258975793,0.2089992784963965,1.2990334737979239,0.8889118061988375,0.09270279608230263,0.05063605265374763,0.13874196814460302,0.16861048892230515
