method,faithfulness_prtb_mean,faithfulness_prtb_std,ablation_mif_mean,ablation_mif_std,ablation_lif_mean,ablation_lif_std,mif_lif_ratio_mean,mif_lif_ratio_std,pearson_mean,pearson_std,spearman_mean,spearman_std
Adaptive (Max),0.764251516368803,0.9631369731962149,0.5856576486559929,0.685147370035054,0.23584862123960448,0.139541369928077,2.0383020029312062,2.0806985613119044,0.2301129517516923,0.20023470236672644,0.3174628244412844,0.2571615805373178
Adaptive (Mean),0.6993968476958325,0.8888070797278131,0.5503115792750017,0.6457504682837466,0.20188238120509774,0.11669538821136957,2.615043978929034,3.1863608994107344,0.43793858422293164,0.08424319496748899,0.48149851826915224,0.11308209120387892
Adaptive (Smoothed),0.6788552975728759,0.8017933638840801,0.5305410927029683,0.5944512846279677,0.2038383444228676,0.10361503512719795,2.6660367284499498,3.071513484833247,0.23351765457024118,0.24712621824228115,0.2502841439381244,0.21749595919529294
Adaptive SHAP,0.6751550326001678,0.7969746346322039,0.5254478463225978,0.5871053318155818,0.20166437985932,0.1045062562717804,2.6896912341402044,3.1393478722401555,0.22738180853367726,0.24935914106936313,0.24441576557282416,0.22082872892861305
Rolling SHAP,0.40866196449925846,0.4251436282249518,0.29539226778703076,0.25332447362470595,0.15568157259534507,0.06149369538927673,1.7680338336586126,1.1324933461644129,0.3018136648924402,0.15325776880339453,0.2944669358023389,0.13990869541246245
TimeShap,0.4838898441758194,0.42672902670772156,0.4163014796423316,0.3268382565368669,0.7378103714835255,0.7913856572927439,0.9287824793296837,0.5235888204546358,0.02425691746307529,0.014895092060098356,0.02744514232985921,0.022191137869698233
Vanilla SHAP,0.5347016113218618,0.6616575342821043,0.4275010331900299,0.49182847682483144,0.23650179727347814,0.12439889362986678,1.6235400236770356,1.6768249061267135,0.10871892608860742,0.040150246269522044,0.13509322149331687,0.15562652811889147
