k,n_k,n_k_plus1,j_start,j_end,critical_value_95,critical_value_99,mean,std,adjustment_factor,penalty_factor
1,141,199,58,99,84.74155382678353,88.80770076290091,66.89840698242188,4.38982629776001,1.131704254122185,0.1
2,199,282,83,141,113.0120088802149,114.83064435947794,95.95088195800781,3.3958277702331543,1.1179006412638108,0.1
3,282,399,117,200,158.28546379655617,161.24201464726792,138.97557067871094,3.0031843185424805,1.1020516474550097,0.1
4,399,565,166,283,219.65917239011722,223.13070356933284,197.6439971923828,3.055302858352661,1.083330638355674,0.1
5,565,799,234,400,301.636112998146,305.50268461294405,279.637939453125,3.1801164150238037,1.0588672417070677,0.1
6,799,1131,332,566,403.3811340332031,405.9787902832031,397.11480712890625,3.6763980388641357,1.0,0.1
